:020000040800F2
:1000000040510020610200083502010841F100085A
:1000100031020108A10F0008312301087302000812
:10002000000000000000000000000000450D010875
:100030002530000800000000090301083510010800
:100040007D0200087D0200087D0200087D02000894
:100050007D0200087D0200087D0200087D02000884
:100060007D0200087D0200087D0200087D02000874
:100070007D0200087D0200087D020008F5390008B5
:100080007D0200087D0200087D0200087D02000854
:100090007D0200087D0200087D0200087D02000844
:1000A0007D0200087D0200087D0200087D02000834
:1000B0007D020008613C00087D0200087D02000806
:1000C0007D0200087D0200087D0200087D02000814
:1000D000000000007D0200087D020008093A0008C7
:1000E000193A00087D0200087D0200087D02000820
:1000F0007D0200087D0200087D0200087D020008E4
:100100007D0200087D020008B51501087D02000887
:100110007D0200087D0200087D0200087D020008C3
:100120007D0200087D020008952201087D0200087A
:100130007D0200087D0200087D0200087D020008A3
:100140007D0200087D0200087D0200087D02000893
:100150007D0200087D0200087D0200087D02000883
:100160007D0200087D0200087D0200087D02000873
:100170007D0200087D0200087D0200087D02000863
:100180007D0200087D0200087D0200087D02000853
:100190007D0200087D0200087D0200087D02000843
:1001A0007D0200087D0200087D0200087D02000833
:1001B0007D0200087D0200087D0200087D02000823
:1001C0007D0200087D0200087D0200087D02000813
:1001D0007D0200087D0200087D0200087D02000803
:1001E0007D0200087D0200087D0200087D020008F3
:1001F0007D0200087D0200087D0200087D020008E3
:100200007D0200087D0200087D0200080000000059
:10021000000000007D020008000000007D020008D0
:100220007D0200087D0200087D0200087D020008B2
:100230007D0200087D0200087D0200087D020008A2
:100240007D0200087D0200087D020008DFF80CD066
:1002500000F0A6F800480047712F01084051002027
:100260000748804707480047FEE7FEE7FEE7FEE74E
:10027000FEE7FEE7FEE7FEE7FEE7FEE7FEE700003B
:100280007D1401084D0200082DE9F05F05460020AD
:1002900092469B4688460646814640241BE02846F7
:1002A00041464746224600F068F853465A46C01A6F
:1002B000914110D311461846224600F04FF82D1AEE
:1002C00067EB01084F4622460120002100F046F866
:1002D00017EB00094E41201EA4F10104DFDC484663
:1002E00031462A464346BDE8F09F40EA01039B079A
:1002F00003D009E008C9121F08C0042AFAD203E09B
:1003000011F8013B00F8013B521EF9D27047D2B2FE
:1003100001E000F8012B491EFBD270470022F6E7EE
:1003200010B513460A4604461946FFF7F0FF20466B
:1003300010BD10B5044604E00B7800F8013B03B192
:10034000491C521EF8D2204610BD034611F8012B5D
:1003500000F8012B002AF9D118467047202A04DB47
:10036000203A00FA02F1002070479140C2F12003C8
:1003700020FA03F3194390407047202A04DB203A07
:1003800021FA02F00021704721FA02F3D040C2F1B5
:100390002002914008431946704700207047000032
:1003A0001CB509480090094801900546009C06E0EC
:1003B000E06840F0010394E8070098471034AC422D
:1003C000F6D3FFF747FF0000E04D0108004E01089B
:1003D00070B58C1810F8015B15F0070301D110F807
:1003E000013B2A1106D110F8012B03E010F8016B34
:1003F00001F8016B5B1EF9D12B0705D40023521EB7
:100400000DD401F8013BFAE710F8013BCB1A921C1E
:1004100003E013F8015B01F8015B521EF9D5A1421C
:10042000D8D3002070BD000080B588B0ADF81E00A4
:1004300000208DF81D00BDF81E0008B9FFE7FBE0A5
:100440000DF11D0002F0F0FD40B1FFE740F618513C
:10045000C2F20001086901300861EDE09DF81D005D
:1004600008B9FFE7E8E00DF1170002F085FE40B1A2
:10047000FFE740F61851C2F2000108690130086137
:10048000DAE09DF817109DF818209DF81900000477
:1004900040EA0220084404909DF81200000600285B
:1004A00005D5FFE7049800F17F400490FFE79DF831
:1004B0001A109DF81B209DF81C00000440EA022041
:1004C00008440390039840B9FFE740F61851C2F280
:1004D0000001086901300861AEE09DED040AB8EE44
:1004E000C00A9FED561A20EE010A40F2BC20C2F26B
:1004F000000080ED010A9DED030AB8EE400A9FED71
:10050000501A80EE010A8DED020A40F2A420C2F2D8
:100510000000007868B9FFE7029840F2A021C2F21B
:100520000001086040F2A421C2F20001012008701D
:1005300034E040F20400C2F2000090ED000A9FEDAA
:10054000411A30EE010A80ED000A90ED000AB5EE86
:10055000001A30EE011A80EE010A8DED010A9DEDC0
:10056000010A9DED022A40F2A021C2F2000191EDA4
:10057000001A32EE412A20EE020A30EE010A81ED25
:10058000000A9DED011AB7EE000A30EE411A90ED17
:10059000000A20EE010A80ED000AFFE740F2A020E9
:1005A000C2F20000016840F2BC20C2F200000090DC
:1005B000016090ED000A9FED241A80EE010ADFED44
:1005C000230A13F0B7FD0098B0EE401AB7EE000A08
:1005D00030EE410A9FED1E1A20EE010A80ED020A5C
:1005E00040F2AC20C2F20000007888B9FFE740F288
:1005F000BC20C2F20000806840F2A821C2F20001D3
:10060000086040F2AC21C2F2000101200870FFE74F
:1006100040F2BC21C2F2000191ED020A40F2A82092
:10062000C2F2000090ED001A30EE410A81ED030A9B
:10063000086901300861FFE708B080BD000080371D
:100640000000C8450AD7233C00507D44B1DC423E3F
:10065000002A2D4780B582B08DF80700009140F246
:100660009450C2F20000002141610161C1608160CB
:1006700041600160012101709DF80700009A12F0AD
:10068000E3F802B080BD000080B582B08DF80700AD
:100690008DF80610009240F29451C2F20001002041
:1006A00048610861C86088604860086008709DF80B
:1006B000060048709DF80700009A022112F0C4F865
:1006C00002B080BD80B582B08DF807008DED000AC4
:1006D00040F29451C2F20001002048610861C860F4
:1006E000886048600860032008700098C1F8010025
:1006F0009DF80700052112F0F7F802B080BD000058
:1007000080B586B0049040F29452C2F200020020FC
:1007100050611061D0609060506010602C211170A9
:10072000049A0121019112F08FF801990390049A23
:10073000084612F089F80290039818B1FFE7039871
:10074000059008E0029818B1FFE70298059002E0D2
:1007500000200590FFE7059806B080BD80B582B007
:1007600012F026FB0190019802B080BD80B584B0E4
:10077000ADF80A0001918DF80320BDF80A0040F29F
:10078000FE71884207DCFFE7019820B1FFE79DF882
:10079000030020B9FFE76FF00100039008E0BDF807
:1007A0000A0001999DF8032012F09CFB0390FFE7DB
:1007B000039804B080BD000080B584B0ADF80E0091
:1007C00012F08CFB40F2CC40C2F2000012F00EFAA4
:1007D0000190019818B9FFE711F0C0FD0DE00198F4
:1007E000B0F1FF3F08DCFFE740F61851C2F200010C
:1007F000C8690130C861FFE7FFE740F2FC40C2F280
:10080000000012F015FA40B1FFE740F61851C2F2AD
:100810000001086A01300862FFE740F22C50C2F282
:10082000000012F053FA40B1FFE740F61851C2F24F
:100830000001486A01304862FFE711F0D3FD40F241
:100840007000C2F20000007838B9FFE740F2B02132
:10085000C2F200010020086047E040F67450C2F286
:100860000000407990B9FFE740F67450C2F20000F2
:10087000C07858B9FFE740F67450C2F20000007922
:1008800020B9FFE76420ADF8020003E00520ADF8D1
:100890000200FFE7BDF80E2040F2B020C2F20000D7
:1008A0000168114401600068BDF8021088421CD341
:1008B000FFE740F2B021C2F200010020086005F01D
:1008C00029FFCDF80A0040F202300DF10A0104229E
:1008D00012F008FB40B1FFE740F61851C2F20001E8
:1008E000886901308861FFE7FFE704B080BD000040
:1008F00080B58AB0ADF8260040F29C00C2F200003C
:1009000005A90C2202F0E2FD9DF814009DF81510D7
:1009100040EA0120ADF80E009DF816009DF8171072
:1009200040EA0120ADF810009DF818009DF819105C
:1009300040EA0120ADF812009DF81A009DF81B1046
:1009400040EA0120ADF808009DF81C009DF81D103C
:1009500040EA0120ADF80A009DF81E009DF81F1026
:1009600040EA0120ADF80C0000208DF80700FFE7F9
:100970009DF80700022832D8FFE79DF807100DF117
:100980000E0030F9110000EE100AB8EEC00A9FED1B
:10099000531A20EE010A40F24040C2F2000000EB80
:1009A000810080ED000A9DF8071002A830F91100BF
:1009B00000EE100AB8EEC00A9FED491A20EE010AB7
:1009C00040F2D450C2F2000000EB810080ED000A3A
:1009D000FFE79DF8070001308DF80700C8E740F2F7
:1009E000CE30C2F200000078002874D0FFE740F259
:1009F000B800C2F2000005A90C2202F067FD9DF8C4
:100A000014009DF8151040EA0120ADF80E009DF885
:100A100016009DF8171040EA0120ADF810009DF86F
:100A200018009DF8191040EA0120ADF812009DF859
:100A30001A009DF81B1040EA0120ADF808009DF84F
:100A40001C009DF81D1040EA0120ADF80A009DF839
:100A50001E009DF81F1040EA0120ADF80C00002098
:100A60008DF80600FFE79DF80600022832D8FFE760
:100A70009DF806100DF10E0030F9110000EE100A7D
:100A8000B8EEC00A9FED151A20EE010A40F24C4064
:100A9000C2F2000000EB810080ED000A9DF8061014
:100AA00002A830F9110000EE100AB8EEC00A9FED5E
:100AB0000C1A20EE010A40F2E050C2F2000000EBF6
:100AC000810080ED000AFFE79DF8060001308DF8F7
:100AD0000600C8E7FFE70AB080BD00BF000080390C
:100AE0000000003D80B582B040F29C00C2F20000E0
:100AF00000F0BEF80090009818B1FFE70098019050
:100B0000B2E040F2B800C2F2000000F0B1F800908C
:100B1000009838B9FFE740F2CE31C2F2000101205F
:100B20000870FFE740F29C00C2F2000002F030FCC7
:100B30000090009818B1FFE70098019094E040F20F
:100B4000CE30C2F20000007890B1FFE740F2B8006A
:100B5000C2F2000002F01CFC0090009838B1FFE7E0
:100B600040F2CE31C2F2000100200870FFE7FFE73B
:100B700040F2DC5004F0E6FB40F29C00C2F20000C0
:100B800002F0D2FB0090009818B1FFE700980190A6
:100B90006AE00A2004F0D6FB40F29C00C2F200009A
:100BA00002F0D2FB0090009818B1FFE70098019086
:100BB0005AE040F2CE30C2F20000007838B3FFE7CE
:100BC00040F2B800C2F2000002F0AEFB00900098C4
:100BD00038B1FFE740F2CE31C2F2000100200870C8
:100BE00014E00A2004F0AEFB40F2B800C2F20000AC
:100BF00002F0AAFB0090009838B1FFE740F2CE3136
:100C0000C2F2000100200870FFE7FFE7FFE740F2B3
:100C10009C00C2F2000002F0FBFB0090009818B1AB
:100C2000FFE7009801901FE040F2CE30C2F20000D2
:100C3000007890B1FFE740F2B800C2F2000002F085
:100C4000E7FB0090009838B1FFE740F2CE31C2F2E6
:100C5000000100200870FFE7FFE74FF4967004F0F2
:100C600071FB00200190FFE7019802B080BD0000F9
:100C700080B584B00290029802F044FC0190019883
:100C800018B1FFE70198039041E0029802F072FC6E
:100C90000190019818B1FFE70198039037E002989E
:100CA00002F0E6FB0190019818B1FFE7019803906C
:100CB0002DE0029802F07CFB0190019818B1FFE74B
:100CC0000198039023E00298202102F0EBFC0190B0
:100CD000019818B1FFE70198039018E0029860218D
:100CE00002F00EFD0190019818B1FFE70198039002
:100CF0000DE00298062102F07FFC0190019818B1E6
:100D0000FFE70198039002E000200390FFE70398BB
:100D100004B080BD80B582B0ADF80600BDF8060015
:100D200040B1FFE740F27100C2F2000000780228F3
:100D300001D0FFE70BE002F0D9FA40B1FFE740F63F
:100D40001851C2F20001486D01304865FFE702B05A
:100D500080BD000080B584B040F60400C4F20240BB
:100D6000006800F040010020B0EB911F04D1FFE7C4
:100D700011F016FE039065E002F0F0FC20B1FFE7F1
:100D80004FF0FF3003905DE00DF1070002F0EAFC48
:100D900020B1FFE74FF0FF30039053E09DF80700CC
:100DA00020B9FFE711F0FCFD03904BE09DF8070030
:100DB0008DF8060005F0AEFC0290FFE705F0AAFCF6
:100DC0000299401AC0087C281DD8FFE70DF10700E2
:100DD00002F0C8FC20B1FFE74FF0FF30039031E094
:100DE0009DF807109DF8060008408DF806009DF854
:100DF000060020B9FFE711F0D3FD039022E00A209E
:100E000004F0A0FADAE7012005F0ACFD022005F0BD
:100E1000A9FD082005F0A6FD202005F0A3FD40F661
:100E20004001C4F20241086840F0FF00086040F64B
:100E30000001C4F20241086840F080000860002010
:100E40000390FFE7039804B080BD000080B540F236
:100E50005C51C2F200010020087002F07FFC80BDEE
:100E600080B582B0ADF8060040F25C50C2F20000DE
:100E70000078F0B9FFE740F67450C2F20000C07885
:100E8000B0B1FFE740F67450C2F20000007978B1CB
:100E9000FFE711F069FF20B1FFE711F077FF38B9E4
:100EA000FFE740F25C51C2F2000101200870FFE749
:100EB00014E00DF1050002F055FC40B1FFE740F6EB
:100EC0001851C2F20001086B0130086306E09DF87A
:100ED000050018B9FFE711F063FDFFE702B080BD20
:100EE00080B584B08DF80B009DF80B00652804D305
:100EF000FFE76FF00100039014E09DF80B0018B9B4
:100F0000FFE76A20019003E09DF80B000190FFE7E6
:100F100001988DF80A009DF80A10002012F00CFECE
:100F20000390FFE7039804B080BD000080B582B055
:100F3000ADF8060040F67450C2F200008079012836
:100F400007D0FFE740F2B421C2F200010020087090
:100F500024E040F2B420C2F20000007870B9FFE74C
:100F600005F0D8FB40F2B821C2F20001086040F25F
:100F7000B421C2F20001012008700FE005F0CAFBA5
:100F800040F2B821C2F200010968401A00097C2829
:100F900001D8FFE702E011F093FDFFE702B080BD4A
:100FA000FFE7FEE784B00290019100920298019958
:100FB000884203DAFFE7019803900AE0029800995B
:100FC000884203DDFFE70098039002E00298039057
:100FD000FFE7039804B0704785B004900498006A56
:100FE000039004980068406920F443000399084383
:100FF000049909684861049B1A6958699969DB6911
:1010000018431043084303900498016801205022BC
:10101000C4F202029142029000F06781FFE7049857
:10102000016801205022C5F202029142029000F0B4
:101030005C81FFE7049801680120D022C4F202021B
:101040009142029000F05181FFE70498016801206D
:10105000D022C5F202029142029000F04681FFE7E1
:1010600004980168012040F25012C4F20202914239
:10107000029000F03A81FFE704980168012040F2F5
:101080005012C5F202029142029000F02E81FFE759
:1010900004980168012040F2D012C4F20202914289
:1010A000029000F02281FFE704980168012040F2DD
:1010B000D012C5F202029142029000F01681FFE7C1
:1010C00004980168012040F25022C4F202029142C9
:1010D000029000F00A81FFE704980168012040F2C5
:1010E0005022C5F202029142029000F0FE80FFE71A
:1010F00004980168012040F2D022C4F20202914219
:10110000029000F0F280FFE704980168012040F2AD
:10111000D022C5F202029142029000F0E680FFE781
:1011200004980168012040F25032C4F20202914258
:10113000029000F0DA80FFE704980168012040F295
:101140005032C5F202029142029000F0CE80FFE7D9
:1011500004980168012040F2D032C4F202029142A8
:10116000029000F0C280FFE704980168012040F27D
:10117000D032C5F202029142029000F0B680FFE741
:1011800004980168012041F25002C4F20202914227
:10119000029000F0AA80FFE704980168012041F264
:1011A0005002C5F202029142029000F09E80FFE7D9
:1011B00004980168012041F2D002C4F20202914277
:1011C000029000F09280FFE704980168012041F24C
:1011D000D002C5F202029142029000F08680FFE741
:1011E00004980168012041F25012C4F202029142B7
:1011F00002907AD0FFE704980168012041F2501272
:10120000C5F20202914202906FD0FFE70498016894
:10121000012041F2D012C4F202029142029064D045
:10122000FFE704980168012041F2D012C5F20202E2
:101230009142029059D0FFE704980168012041F2E1
:101240005022C4F20202914202904ED0FFE704986D
:101250000168012041F25022C5F20202914202903F
:1012600043D0FFE704980168012041F2D022C4F284
:1012700002029142029038D0FFE7049801680120F1
:1012800041F2D022C5F20202914202902DD0FFE736
:1012900004980168012041F25032C4F202029142E6
:1012A000029022D0FFE704980168012041F25032F9
:1012B000C5F202029142029017D0FFE7049801683C
:1012C000012041F2D032C4F20202914202900CD0CD
:1012D000FFE7049800684EF63041CAF6FD710844F5
:1012E000B0FA80F040090290FFE70298C007B8B159
:1012F000FFE70498426A836AC06A0021CFF6F07162
:1013000001EB035101F07C7108436FF00F0101EB19
:10131000021101F47C710143039808430390FFE735
:1013200004980068006C00F0802003990843049939
:1013300009680864049988680A791043096B0843AE
:1013400003900498C068B0F5806F40F07C81FFE79F
:101350000498016801205022C4F2020291420190D7
:1013600000F06781FFE70498016801205022C5F270
:1013700002029142019000F05C81FFE7049801684D
:101380000120D022C4F202029142019000F051816A
:10139000FFE7049801680120D022C5F202029142C1
:1013A000019000F04681FFE704980168012040F2B7
:1013B0005012C4F202029142019000F03A81FFE71C
:1013C00004980168012040F25012C5F202029142D5
:1013D000019000F02E81FFE704980168012040F29F
:1013E000D012C4F202029142019000F02281FFE784
:1013F00004980168012040F2D012C5F20202914225
:10140000019000F01681FFE704980168012040F286
:101410005022C4F202029142019000F00A81FFE7DB
:1014200004980168012040F25022C5F20202914264
:10143000019000F0FE80FFE704980168012040F26F
:10144000D022C4F202029142019000F0F280FFE744
:1014500004980168012040F2D022C5F202029142B4
:10146000019000F0E680FFE704980168012040F257
:101470005032C4F202029142019000F0DA80FFE79C
:1014800004980168012040F25032C5F202029142F4
:10149000019000F0CE80FFE704980168012040F23F
:1014A000D032C4F202029142019000F0C280FFE704
:1014B00004980168012040F2D032C5F20202914244
:1014C000019000F0B680FFE704980168012041F226
:1014D0005002C4F202029142019000F0AA80FFE79C
:1014E00004980168012041F25002C5F202029142C3
:1014F000019000F09E80FFE704980168012041F20E
:10150000D002C4F202029142019000F09280FFE703
:1015100004980168012041F2D002C5F20202914212
:10152000019000F08680FFE704980168012041F2F5
:101530005012C4F20202914201907AD0FFE704985F
:101540000168012041F25012C5F20202914201905D
:101550006FD0FFE704980168012041F2D012C4F275
:1015600002029142019064D0FFE7049801680120D3
:1015700041F2D012C5F202029142019059D0FFE728
:1015800004980168012041F25022C4F20202914203
:1015900001904ED0FFE704980168012041F25022EB
:1015A000C5F202029142019043D0FFE7049801681E
:1015B000012041F2D022C4F202029142019038D0BF
:1015C000FFE704980168012041F2D022C5F202022F
:1015D000914201902DD0FFE704980168012041F26B
:1015E0005032C4F202029142019022D0FFE70498E7
:1015F0000168012041F25032C5F20202914201908D
:1016000017D0FFE704980168012041F2D032C4F2FC
:101610000202914201900CD0FFE7049800684EF658
:101620003041CAF6FD710844B0FA80F040090190DB
:10163000FFE70198C00728B1FFE7039840F48060F6
:101640000390FFE70CE00498C068B0F5007F05D177
:10165000FFE7039840F40070039000E0FFE7FFE726
:101660000498416B03980843039004980068406C09
:1016700042F20011C3F6C04108400399084304999F
:101680000968486404980168002088640498016827
:10169000012040F25032C4F20202914200904ED03A
:1016A000FFE704980168012040F25032C5F20202BF
:1016B0009142009043D0FFE704980168012040F276
:1016C000D032C4F202029142009038D0FFE7049871
:1016D0000168012040F2D032C5F20202914200902E
:1016E0002DD0FFE704980168012041F25032C4F286
:1016F00002029142009022D0FFE704980168012085
:1017000041F25032C5F202029142009017D0FFE739
:1017100004980168012041F2D032C4F202029142E1
:1017200000900CD0FFE7049800684EF63041CAF6EE
:10173000FD710844B0FA80F040090090FFE700987E
:10174000C00740B1FFE7049801680020486504998C
:1017500009688865FFE7049801680020C86705B03C
:101760007047000085B00190019890ED062A90ED39
:10177000070A90ED085A90ED094A22EE021ABEEED1
:10178000003A31EE036A20EE001A31EE061A90EDAF
:101790000A7A62EE040A20EE056A36EE606AD0ED3F
:1017A0000B0A26EE206A21EE071A31EE061A22EE07
:1017B000052A20EE040A30EE020A90ED0C2A20EEF3
:1017C000020A30EE010A30EE000A8DED020A01989D
:1017D00090ED062A90ED075A90ED081A90ED094A0F
:1017E00022EE046A25EE010A30EE060A90ED0A7A2E
:1017F00022EE026A76EE030A21EE016A36EE206AD4
:10180000D0ED0B0A26EE206A20EE070A30EE060A1B
:1018100022EE052A21EE041A31EE421A90ED0C2A2E
:1018200021EE021A30EE010A30EE000A8DED030AB5
:10183000019890ED062A90ED076A90ED081A90ED58
:10184000090A22EE015A26EE004A34EE454A90ED8E
:101850000A5A22EE066A21EE001A31EE061A90EDBF
:101860000B6A21EE061A24EE054A31EE041A22EE26
:10187000022A32EE032A20EE000A30EE020A90ED30
:101880000C2A20EE020A30EE010A30EE000A8DED3D
:10189000040A0198007801460091022804D3FFE76A
:1018A0000098022809D011E09DED040ABFEE001A4D
:1018B00030EE010A8DED040A08E09DED040AB7EE52
:1018C000001A30EE010A8DED040AFFE79DED020AD1
:1018D000DDED030A9DED041A05B0704785B0009058
:1018E000009B9869D9691A6A5B6A04930392029112
:1018F00001909DED010ADDED020A9DED031ADDED7B
:10190000041A05B07047000080B582B001900198BC
:1019100044F6FC41C0F6010100F0D8F8019800F04F
:1019200003F802B080BD000080B58EB00D900D9A16
:101930004FF07E50099000200A900B900C9009996E
:101940000A9BDDF82CC0DDF830E0C2F824E0C2F8D4
:1019500020C0D36191610D9A069007900890069976
:10196000079BDDF820C0C2F830C0D36291620D9AA7
:10197000012182F834100D9A0021C4F220119163E4
:101980000D9981F840000D9A0390049005900399F9
:10199000049BDDF814C0C2F84CC0936451640D9AE6
:1019A0000090019002900099019BDDF808C0C2F8F8
:1019B00058C0536511650D9981F85C000D99086652
:1019C0000D9A516951660D9981F868000D99C866A4
:1019D0000D99486908670EB080BD000080B590B0D1
:1019E0000F908DED0E0A0F9890ED060A90ED073AD4
:1019F00090ED081A90ED092A23EE013A20EE020A32
:101A000030EE030A21EE013AB6EE001A8DED011A0E
:101A100031EE431A22EE022A71EE420A12F08CF9DC
:101A20008DED0D0A9DED0D0A8DED020A9DED0E0A5C
:101A300000F0C0FC9DED011AB0EE402A9DED020AB7
:101A400030EE420A20EE010A8DED0C0A9DED0C0AE3
:101A500012F0C8FA8DED080A002009900A909DED59
:101A60000C0A12F099FEB0EE401A9FED170A30EE04
:101A7000410A8DED0B0A0F9803909DED080ADDEDEC
:101A8000090A9DED0A1ADDED0B1A90ED062AD0ED3C
:101A9000072A90ED083AD0ED093A00F07FFE03994D
:101AA000CDED071A8DED061ACDED050A8DED040A70
:101AB0000498059A069BDDF81CC0C1F824C00B628F
:101AC000CA61886110B080BD0000008080B586B01A
:101AD000059004910498007805990870049840686E
:101AE00005994860049890ED020AB5EE400AF1EEBF
:101AF00010FA05D1FFE79FED4C0A8DED030A09E0CE
:101B0000049890ED020A9FED471A20EE010A8DED30
:101B1000030AFFE79DED030A059880ED020A049889
:101B200090ED030AB5EE400AF1EE10FA05D1FFE799
:101B30009FED3D0A8DED020A11E0049890ED030A35
:101B400000F038FC12F028FEB6EE001A20EE010A72
:101B5000F0EE000A12F0EEFA8DED020AFFE79DEDBD
:101B6000020A059880ED030A049890ED040AB5EE88
:101B7000400AF1EE10FA05D1FFE79FED2B0A8DED3B
:101B8000010A11E0049890ED040A00F013FC12F031
:101B900003FEB6EE001A20EE010AF0EE000A12F083
:101BA000C9FA8DED010AFFE79DED010A059880ED68
:101BB000040A04984069059948610599486948668E
:101BC000059948690867049890ED010AB5EE400A46
:101BD000F1EE10FA04D0FFE70498406948B9FFE736
:101BE00005994FF6FF70C7F67F70C86005990861C8
:101BF000FFE7059890F83400C00720B9FFE7059982
:101C000048688863FFE7059890ED011AB2EE040A70
:101C100030EE410AB0EE081A80EE010A80ED0F0A9C
:101C200006B080BD48E17A3FFFFF7F7F80B5CAB034
:101C30008DED491ACDED480A8DED470ACDED462AC6
:101C40008DED452ACDED441A8DED434ACDED423A56
:101C50008DED413A4090CDED3F4A40994498459AE8
:101C6000469B0B63CA6288629DED470AB0EEC00ACC
:101C7000409890ED021AB4EE410AF1EE10FA1ADC27
:101C8000FFE79DED480AB0EEC00A409890ED021AB9
:101C9000B4EE410AF1EE10FA0DDCFFE79DED490AC2
:101CA000B0EEC00A409890ED021AB4EE410AF1EE8F
:101CB00010FA1CDDFFE7409B9869D9691A6A5B6AD4
:101CC0003E933D923C913B904098FFF72DFE40990A
:101CD0003B983C9A3D9BDDF8F8C0C1F824C00B62EC
:101CE000CA6188614099012081F84000FFE740986F
:101CF00090F83400C00768B3FFE7409890ED0E0AF3
:101D000090ED0F1A9DED3F2A21EE021A30EE410AA6
:101D100080ED0E0A409890ED011A90ED0E0AB4EE97
:101D2000410AF1EE10FA09DBFFE7409890ED010A55
:101D3000B5EE400AF1EE10FA0BD1FFE74099486882
:101D400088634099002081F83400409981F8400070
:101D5000FFE7FFE740980DF0A7F88DED3A1ACDEDBB
:101D6000390A8DED380A0020379036903590409929
:101D7000012081F85C009DED440ADDED450A9DEDF2
:101D8000461A01F00FF8002879D1FFE74098049037
:101D90009DED440ADDED450A9DED461A01F054F82B
:101DA0008DED311ACDED300A8DED2F0A9DED2F0A04
:101DB000DDED300A9DED311ADDED381A9DED392A41
:101DC000DDED3A2A01F0EAFE04998DED341ACDEDED
:101DD000330A8DED320A3298339A349BCB648A648D
:101DE0004864409890F83400C00790B9FFE74098E5
:101DF00090ED110AD0ED120A90ED131A00F0FEFFDB
:101E0000409890ED031AB4EE410AF1EE10FA09DCA5
:101E1000FFE74099002081F85C004099086E09387E
:101E2000086604E04099086E01300866FFE74099B3
:101E3000086E496E884207DDFFE74099002048663A
:101E4000409981F85C0003E0409948694866FFE7E3
:101E500040984269006E0021FFF7A4F84099086697
:101E6000409890F85C00C00740B9FFE7409A506C7A
:101E7000916CD26C379236913590FFE7FFE70020E6
:101E80002E902D902C904099012081F868009DEDB6
:101E9000410ADDED420A9DED431A00F083FF002860
:101EA00040F09780FFE740980DF086F88DED2B1AF3
:101EB000CDED2A0A8DED290A409803909DED380A50
:101EC000DDED390A9DED3A1ADDED411A9DED422A0C
:101ED000DDED432A00F098FE8DED221ACDED210AAA
:101EE0008DED200A9DED200ADDED210A9DED221ADF
:101EF00000F0AAFF8DED251ACDED240A8DED230A01
:101F00009DED230ADDED240A9DED251ADDED291A4C
:101F10009DED2A2ADDED2B2A01F040FE03998DED7F
:101F2000281ACDED270A8DED260A2698279A289B98
:101F30008B654A650865409890F83400C00790B9F1
:101F4000FFE7409890ED140AD0ED150A90ED161AAF
:101F500000F054FF409890ED041AB4EE410AF1EEFF
:101F600010FA09DCFFE74099002081F868004099E9
:101F7000C86E0938C86604E04099C86E0130C8666A
:101F8000FFE74099C86E096F884207DDFFE7409977
:101F900000200867409981F8680003E0409948698B
:101FA0000867FFE740984269C06E0021FEF7FAFF1C
:101FB0004099C866409890F86800C00740B9FFE7AC
:101FC000409A106D516D926D2E922D912C90FFE7DD
:101FD000FFE7B6EE000A00F0EDF9F0EE401A9DEDD5
:101FE000470ADDED480A9DED491A00F057FF8DEDD7
:101FF0001F1ACDED1E0A8DED1D0A9DED350ADDED92
:10200000360A9DED371ADDED2C1A9DED2D2ADDEDFA
:102010002E2A00F09DFD8DED161ACDED150A8DEDE1
:10202000140A4098D0ED0E1A9DED140ADDED150A44
:102030009DED161A00F032FF8DED191ACDED180A3C
:102040008DED170A9DED1D0ADDED1E0A9DED1F1A8F
:10205000DDED171A9DED182ADDED192A00F078FD47
:102060008DED1C1ACDED1B0A8DED1A0A40980190DA
:10207000DDED3F1A9DED1A0ADDED1B0A9DED1C1AE0
:1020800000F00CFF01988DED0B1ACDED0A0A8DEDD5
:10209000090A90ED060AD0ED070A90ED081AD0ED76
:1020A000091A9DED092ADDED0A2A9DED0B3A00F093
:1020B000C7FC0198CDED0F1A8DED0E1ACDED0D0A6E
:1020C0008DED0C0A90ED060AD0ED070A90ED081A86
:1020D000D0ED091A9DED0C2ADDED0D2A9DED0E3A8D
:1020E000DDED0F3A00F07EFA0199CDED131A8DED7A
:1020F000121ACDED110A8DED100A1098119A129B4B
:10210000DDF84CC0C1F824C00B62CA6188614098F8
:10211000029090ED060AD0ED070A90ED081AD0ED76
:10212000091A00F007FB0299CDED081A8DED071A88
:10213000CDED060A8DED050A0598069A079BDDF898
:1021400020C0C1F824C00B62CA6188614AB080BD5A
:1021500080B58CB08DED0B1ACDED0A0A8DED090A14
:10216000CDED082A8DED072ACDED061A05908DEDEF
:10217000043A05980021019102910391DDED044A92
:102180009DED090ADDED0A0A9DED0B1ADDED061A3B
:102190009DED072ADDED082A9DED013ADDED023ABD
:1021A0009DED034AFFF742FD059890F83400C00703
:1021B00030B1FFE705989FED030AFFF70FFCFFE73B
:1021C0000CB080BD0000000080B582B08DED000A2B
:1021D0009DED000ABFEE001AB4EE410AF1EE10FACE
:1021E00006DCFFE740F6DB70CBF6C970019016E025
:1021F0009DED000AB7EE001AB4EE410AF1EE10FAB6
:1022000006DBFFE740F6DB70C3F6C970019006E01D
:102210009DED000A11F0FAFC8DED010AFFE79DED3E
:10222000010A02B080BD000085B0049003919DEDCD
:10223000030AB8EE401AB7EE000A80EE010A9FEDDD
:102240000C1A20EE010A049880ED000A0398049904
:1022500048600499002088600499009001900290E1
:102260000098019A029B4B610A61C86005B07047F3
:10227000FDAD003E80B592B08DED0E1ACDED0D0A8C
:102280008DED0C0A0B900B989DED0C0ADDED0D0AFF
:102290009DED0E1AD0ED031A90ED042AD0ED052A1B
:1022A00000F07EFE8DED0A1ACDED090A8DED080ACB
:1022B000089809990A9A0E920D910C909DED0C0ABE
:1022C000B0EEC00AB0EE081AB4EE410AF1EE10FA10
:1022D00018DCFFE79DED0D0AB0EEC00AB0EE081A5B
:1022E000B4EE410AF1EE10FA0CDCFFE79DED0E0AA8
:1022F000B0EEC00AB0EE081AB4EE410AF1EE10FAE0
:102300000ADDFFE70B99002088600C980D990E9A62
:10231000119210910F9045E00B98416880688842B7
:102320000BD2FFE70B998868013088600C980D99F3
:102330000E9A119210910F9034E00B980190D0ED0D
:10234000001A9DED0C0ADDED0D0A9DED0E1A00F050
:10235000CFFD01988DED041ACDED030A8DED020A33
:1023600090ED030AD0ED040A90ED051ADDED021A96
:102370009DED032ADDED042A00F018FC01998DED96
:10238000071ACDED060A8DED050A0598069A079BFA
:102390004B610A61C8600C980D990E9A11921091C8
:1023A0000F90FFE79DED0F0ADDED100A9DED111A6C
:1023B00012B080BD81B08DED000A9DED000A9FED49
:1023C000031A20EE010A01B0704700BF35FA8E3CB7
:1023D00082B08DED010A01980090009941F21240FF
:1023E000C5F61F70A0EB610000909DED000A9DED09
:1023F000011A9FED082A21EE021A21EE001A21EEA1
:10240000001A9FED052A31EE021A20EE010A02B0F1
:10241000704700BF12D336BFFF51D83FF0B58FB021
:10242000189E179D169CDDF854E0DDF850C00B9601
:102430000A950994CDF820E0CDF81CC006930592CA
:10244000049103908DED021ACDED010A8DED000A85
:102450009DED031A9DED043A9DED050A9DED004AA0
:102460009DED015A9DED022A23EE053A21EE041A54
:1024700031EE031A20EE020A30EE010A8DED0C0A4D
:102480009DED061A9DED073A9DED080A9DED004A67
:102490009DED015A9DED022A23EE053A21EE041A24
:1024A00031EE031A20EE020A30EE010A8DED0D0A1C
:1024B0009DED091A9DED0A3A9DED0B0A9DED004A2E
:1024C0009DED015A9DED022A23EE053A21EE041AF4
:1024D00031EE031A20EE020A30EE010A8DED0E0AEB
:1024E0009DED0C0ADDED0D0A9DED0E1A0FB0F0BD4D
:1024F000F0B5A1B02A9E299D289CDDF89CE0DDF86E
:1025000098C08DED1D1ACDED1C0A8DED1B0A1A9693
:1025100019951894CDF85CE0CDF858C01593149235
:1025200013911290CDED112A8DED102ACDED0F1AD9
:102530008DED0E4ACDED0D3A8DED0C3A9DED1B0A59
:10254000DDED1C0A9DED1D1ADDED0C1A9DED0D2A29
:10255000DDED0E2A00F0F6FC8DED081ACDED070A30
:102560008DED060A9DED060ADDED070A9DED081AC0
:10257000DDED0F1A9DED102ADDED112A00F0B6FBFE
:102580008DED0B1ACDED0A0A8DED090A12981399FB
:10259000149A159BDDF858C0179C189D199E1A9F18
:1025A0009DED090ADDED0A0A9DED0B1AEE46CEF807
:1025B0001070CEF80C60CEF80850CEF80440CEF87B
:1025C00000C0FFF72BFF8DED201ACDED1F0A8DED1A
:1025D0001E0A9DED1E0ADDED1F0A9DED201A21B099
:1025E000F0BD00008CB0CDED071A8DED061ACDEDD3
:1025F000050A8DED040ACDED033A8DED023ACDEDDD
:10260000012A8DED002A9DED040A9DED001A30EEA1
:10261000010A8DED080A9DED050A9DED011A30EEC7
:10262000010A8DED090A9DED060A9DED021A30EEB4
:10263000010A8DED0A0A9DED070A9DED031A30EEA1
:10264000010A8DED0B0A9DED080ADDED090A9DEDED
:102650000A1ADDED0B1A0CB0704700008CB0CDEDFE
:10266000071A8DED061ACDED050A8DED040ACDEDA4
:10267000033A8DED023ACDED012A8DED002A9DED54
:10268000040A9DED001A20EE010A8DED080A9DED69
:10269000050A9DED011A20EE010A8DED090A9DED56
:1026A000060A9DED021A20EE010A8DED0A0A9DED43
:1026B000070A9DED031A20EE010A8DED0B0A9DED30
:1026C000080ADDED090A9DED0A1ADDED0B1A0CB0C2
:1026D0007047000080B588B0CDED071A8DED061A61
:1026E000CDED050A8DED040A9DED042ADDED052AE8
:1026F0009DED063ADDED073AB0EE420AF0EE620AD1
:10270000B0EE431AF0EE631AFFF7A8FFCDED031AFF
:102710008DED021ACDED010A8DED000A9DED000A46
:10272000DDED010A9DED021ADDED031A00F008F956
:1027300008B080BD80B588B0CDED031A8DED021ACA
:10274000CDED010A8DED000A9DED000ADDED010AD7
:102750009DED021ADDED031AFFF7BCFFFFF738FE0F
:10276000B0EE402A9DED000ADDED010A9DED021A52
:10277000DDED031A00F0AEF8CDED071A8DED061A67
:10278000CDED050A8DED040A9DED040ADDED050A87
:102790009DED061ADDED071A08B080BD8CB0CDEDB9
:1027A000071A8DED061ACDED050A8DED040ACDED63
:1027B000033A8DED023ACDED012A8DED002A9DED13
:1027C000040A9DED055A9DED063A9DED071A9DED13
:1027D000006A9DED017A9DED024A9DED032A25EEEA
:1027E000075A20EE060A30EE450A23EE043A30EE90
:1027F000430A21EE021A30EE410A8DED080A9DEDE2
:10280000007A9DED016A9DED022A9DED034A9DED42
:10281000043A9DED055A9DED060A9DED071A25EE39
:10282000075A23EE063A33EE053A20EE040A30EE5C
:10283000030A21EE021A30EE410A8DED090A9DEDE0
:10284000004A9DED012A9DED026A9DED037A9DED02
:10285000043A9DED055A9DED061A9DED070A25EEF9
:10286000075A23EE063A33EE453A21EE041A31EECA
:10287000031A20EE020A30EE010A8DED0A0A9DEDE0
:10288000002A9DED014A9DED027A9DED036A9DEDC2
:10289000041A9DED055A9DED063A9DED070A25EEB9
:1028A000075A21EE061A31EE051A23EE043A31EEEC
:1028B000431A20EE020A30EE010A8DED0B0A9DED5F
:1028C000080ADDED090A9DED0A1ADDED0B1A0CB0C0
:1028D0007047000089B0CDED041A8DED031ACDEDDF
:1028E000020A8DED010A8DED002A9DED010A9DED94
:1028F000001A20EE010A8DED050A9DED020A9DEDFC
:10290000001A20EE010A8DED060A9DED030A9DEDE9
:10291000001A20EE010A8DED070A9DED040A9DEDD7
:10292000001A20EE010A8DED080A9DED050ADDED85
:10293000060A9DED071ADDED081A09B07047000080
:1029400084B0CDED031A8DED021ACDED010A8DEDA7
:10295000000A9DED000A9DED013A9DED022A9DEDD4
:10296000031A30EE030A30EE020A30EE010A04B018
:102970007047000080B588B0CDED041A8DED031AC4
:10298000CDED020A8DED010A9DED011A9DED023A91
:102990009DED030A9DED042A21EE033A20EE020A82
:1029A00030EE030A22EE022A21EE011A31EE021A5B
:1029B000B6EE002A8DED002A71EE420A11F0BCF944
:1029C00000F0B8F88DED050A9DED010A9DED021AA3
:1029D0009DED032A9DED043A21EE031A20EE020A32
:1029E00030EE410A30EE000AFFF7EEFB00F0A2F8ED
:1029F0009DED002A8DED060A9DED011A9DED023A2E
:102A00009DED030A9DED044A21EE044A23EE000ADF
:102A100030EE040A23EE033A21EE011A31EE031AD6
:102A200071EE420A11F088F900F084F88DED070A82
:102A30009DED050ADDED060A9DED071A08B080BD83
:102A40008BB0CDED061A8DED051ACDED040A8DED96
:102A5000030A8DED023ACDED012A8DED002A9DEDA0
:102A6000043A9DED050A9DED061A9DED004A9DED87
:102A7000015A9DED022A20EE450A23EE043A30EE7B
:102A8000430A21EE021A30EE410A8DED070A9DED50
:102A9000004A9DED012A9DED025A9DED030A9DED30
:102AA000053A9DED061A23EE053A20EE040A30EEB3
:102AB000030A21EE021A30EE410A8DED080A9DED5F
:102AC000002A9DED014A9DED025A9DED031A9DEDF0
:102AD000043A9DED060A23EE053A21EE041A31EE82
:102AE000431A20EE020A30EE010A8DED090A9DED2F
:102AF000002A9DED015A9DED024A9DED030A9DEDD0
:102B0000043A9DED051A23EE053A20EE040A30EE54
:102B1000030A21EE021A30EE410A8DED0A0A9DEDFC
:102B2000070ADDED080A9DED091ADDED0A1A0BB062
:102B30007047000081B08DED000A9DED000A9FED09
:102B4000031A20EE010A01B0704700BFE02E654273
:102B500089B08DED051ACDED040A8DED030ACDED9A
:102B6000022A8DED012ACDED001A9DED030A9DED9F
:102B7000001A30EE010A8DED060A9DED040A9DED66
:102B8000011A30EE010A8DED070A9DED050A9DED53
:102B9000021A30EE010A8DED080A9DED060ADDED00
:102BA000070A9DED081A09B07047000089B08DED45
:102BB000051ACDED040A8DED030ACDED022A8DED47
:102BC000012ACDED001A9DED030A9DED001A30EEAD
:102BD000010A8DED060A9DED040A9DED011A30EE05
:102BE000010A8DED070A9DED050A9DED021A30EEF2
:102BF000010A8DED080A9DED060ADDED070A9DED3F
:102C0000081A09B07047000089B08DED051ACDEDA6
:102C1000040A8DED030ACDED022A8DED012ACDEDDA
:102C2000001A9DED013A9DED022A9DED040A9DEDED
:102C3000051A21EE031A20EE020A30EE410A8DED4C
:102C4000060A9DED031A9DED050A9DED002A9DEDF6
:102C5000023A21EE031A20EE020A30EE410A8DED0F
:102C6000070A9DED003A9DED012A9DED030A9DEDB9
:102C7000041A21EE031A20EE020A30EE410A8DED0D
:102C8000080A9DED060ADDED070A9DED081A09B058
:102C90007047000080B58AB08DED091ACDED080AA5
:102CA0008DED070ACDED062A8DED052ACDED041A2E
:102CB0009DED070ADDED080A9DED091ADDED041A08
:102CC0009DED052ADDED062A00F03EF88DED031A94
:102CD000CDED020A8DED010A9DED010ADDED020A3E
:102CE0009DED031A00F08AF90AB080BD89B08DED20
:102CF000051ACDED040A8DED030ACDED022A8DED06
:102D0000012ACDED001A9DED030A9DED001A20EE7B
:102D1000010A8DED060A9DED040A9DED011A20EED3
:102D2000010A8DED070A9DED050A9DED021A20EEC0
:102D3000010A8DED080A9DED060ADDED070A9DEDFD
:102D4000081A09B07047000089B08DED051ACDED65
:102D5000040A8DED030ACDED022A8DED012ACDED99
:102D6000001A9DED030A9DED001A20EE010A8DED7B
:102D7000060A9DED040A9DED011A20EE010A8DED73
:102D8000070A9DED050A9DED021A20EE010A8DED60
:102D9000080A9DED060ADDED070A9DED081A09B047
:102DA0007047000084B08DED031ACDED020A8DED61
:102DB000010A9DED010A0020B5EE400AF1EE10FA7D
:102DC000009015D1FFE79DED020A0020B5EE400A04
:102DD000F1EE10FA00900BD1FFE79DED030A002001
:102DE000B5EE400AF1EE10FA08BF01200090FFE7AF
:102DF000009800F0010004B07047000080B586B074
:102E00008DED051ACDED040A8DED030ADDED031AF3
:102E10009DED042ADDED052AB0EE610AF0EE420ACE
:102E2000B0EE621AFFF790FF8DED021ACDED010AA8
:102E30008DED000A9DED000ADDED010A9DED021AFF
:102E400000F0DCF806B080BD80B586B08DED021ACA
:102E5000CDED010A8DED000A9DED000ADDED010AC0
:102E60009DED021AFFF7CAFFFFF7B2FAF0EE401A23
:102E70009DED000ADDED010A9DED021A00F00EF84D
:102E80008DED051ACDED040A8DED030A9DED030AC3
:102E9000DDED040A9DED051A06B080BD87B08DED0D
:102EA000031ACDED020A8DED010ACDED001A9DED5C
:102EB000010A9DED001A20EE010A8DED040A9DED38
:102EC000020A9DED001A20EE010A8DED050A9DED26
:102ED000030A9DED001A20EE010A8DED060A9DED14
:102EE000040ADDED050A9DED061A07B070470000E3
:102EF00087B08DED031ACDED020A8DED010ACDEDFF
:102F0000001A9DED010A9DED001A20EE010A8DEDDB
:102F1000040A9DED020A9DED001A20EE010A8DEDD6
:102F2000050A9DED030A9DED001A20EE010A8DEDC4
:102F3000060A9DED040ADDED050A9DED061A07B0AF
:102F40007047000089B08DED051ACDED040A8DEDB6
:102F5000030ACDED022A8DED012ACDED001A9DED7B
:102F6000030A9DED001A30EE410A8DED060A9DED33
:102F7000040A9DED011A30EE410A8DED070A9DED20
:102F8000050A9DED021A30EE410A8DED080A9DED0D
:102F9000060ADDED070A9DED081A09B0704700002A
:102FA00089B08DED051ACDED040A8DED030ACDED46
:102FB000022A8DED012ACDED001A9DED030A9DED4B
:102FC000001A30EE410A8DED060A9DED040A9DEDD2
:102FD000011A30EE410A8DED070A9DED050A9DEDBF
:102FE000021A30EE410A8DED080A9DED060ADDED6C
:102FF000070A9DED081A09B07047000083B08DEDF7
:10300000021ACDED010A8DED000A9DED000A9DED3D
:10301000012A9DED021A30EE020A30EE010A03B0D9
:10302000704700007047000080B584B00290002017
:103030008DF8070040F28000C2F20000D0F810C006
:1030400027210DF107020123E0470090009818B1F5
:10305000FFE70098039008E09DF8070000F00100EA
:103060000299087000200390FFE7039804B080BD28
:1030700080B584B040F28000C2F200000290029855
:10308000D0F810C00DF1030201231946E04701906A
:10309000019818B1FFE70198039069E0012002F060
:1030A00051F900F079F80190019818B1FFE7019803
:1030B00003905DE0322000F0ADF80190019818B166
:1030C000FFE70198039053E00298D0F810C0272141
:1030D0000DF103020123E0470190019818B1FFE7C9
:1030E0000198039044E0DC208DF803000298D0F8AA
:1030F0000CC037210DF103020123E0470190019834
:1031000018B1FFE70198039032E0052002F01AF9A8
:1031100040208DF803000298D0F80CC036210DF144
:1031200003020123E0470190019818B1FFE70198DD
:1031300003901DE001238DF803300298D0F80CC0F5
:1031400015210DF10302E0470190019818B1FFE746
:10315000019803900CE0DD208DF803000298D0F870
:103160000CC037210DF103020123E0470390FFE774
:10317000039804B080BD000080B582B0019040F299
:103180008000C2F20000D0F810C0019A1D21062371
:10319000E04702B080BD000080B584B040F28000FE
:1031A000C2F20000D0F810C00DF107020123194649
:1031B000E0470290029818B1FFE70298039026E0DA
:1031C0009DF80700502804D0FFE74FF0FF30039030
:1031D0001DE040F28000C2F20000D0F810C00221D1
:1031E0000DF106020123E0470290029818B1FFE7B3
:1031F000029803900BE09DF80600322804D0FFE708
:103200004FF0FF30039002E000200390FFE70398A7
:1032100004B080BD80B586B0049000208DF80F000A
:103220000190FFE70198049988422DD2FFE740F210
:103230008000C2F20000D0F810C028210DF10F026A
:103240000123E0470290029818B1FFE70298059029
:103250001EE09DF80F004007002804D5FFE74FF05F
:10326000FF30059014E09DF80F008007002803D57B
:10327000FFE7002005900BE0012002F063F8FFE774
:10328000019801300190CDE76FF002000590FFE753
:10329000059806B080BD000080B582B08DF80700AB
:1032A00040F22C10C2F20000026A9DF8071090470D
:1032B00002B080BD80B582B08DF8070040F2681082
:1032C000C2F20000026A9DF80710904702B080BD6C
:1032D00080B582B08DF8070040F2A410C2F2000061
:1032E000026A9DF80710904702B080BD80B582B099
:1032F00040F2E010C2F20000426A6946904720B1F5
:10330000FFE74FF0FF3001900BE040F2E010C2F217
:103310000000026A0099B1FA81F1490990470190D1
:10332000FFE7019802B080BD80B584B00390002013
:103330008DF807000398D0F80CC00A210DF10702A0
:103340000123E04704B080BD80B584B00290FF2027
:103350008DF803000298D0F810C046210DF1030249
:103360000123E0470190019818B1FFE7019803900D
:103370000AE09DF8030020B1FFE74FF0FF30039013
:1033800002E000200390FFE7039804B080BD000036
:1033900080B584B00390A2208DF807000398D0F880
:1033A0000CC00A210DF107020123E04704B080BDE3
:1033B00080B584B002900298D0F810C008210DF1B9
:1033C00003020123E0470190019818B1FFE701983B
:1033D00003901AE09DF8030000F0FC008DF8030054
:1033E0000298D0F80CC008210DF103020123E04738
:1033F0000190019818B1FFE70198039005E00220C1
:1034000001F0A0FF00200390FFE7039804B080BD07
:1034100080B584B002900298D0F810C008210DF158
:1034200003020123E0470190019818B1FFE70198DA
:1034300003901AE09DF8030040F003008DF80300AC
:103440000298D0F80CC008210DF103020123E047D7
:103450000190019818B1FFE70198039005E0022060
:1034600001F070FF00200390FFE7039804B080BDD7
:1034700080B584B002900298D0F810C002210DF1FE
:1034800003020123E0470190019818B1FFE701987A
:10349000039017E09DF8030040F040008DF8030012
:1034A0000298D0F80CC002210DF103020123E0477D
:1034B0000190019818B1FFE70198039002E0002005
:1034C0000390FFE7039804B080BD000080B586B08C
:1034D00004900391ADF80A200498D0F810C0039A24
:1034E000BDF80A303521E0470190019818B1FFE797
:1034F0000198059002E000200590FFE7059806B0CE
:1035000080BD000080B584B002900298D0F810C051
:1035100000210DF103020123E0470190019818B149
:10352000FFE70198039021E09DF80300052803D0F0
:10353000FFE70120039019E00298D0F810C00DF1C8
:10354000020201231946E0470190019818B1FFE7F4
:10355000019803900AE09DF802007C2803D0FFE761
:103560000120039002E000200390FFE7039804B0DD
:1035700080BD000080B586B00490B0208DF80B00AF
:103580000498D0F80CC060210DF10B020123E04734
:1035900003900A2001F0D6FE00200190FFE7019879
:1035A000B0F5FA7F20DAFFE70120009001F0CAFEB3
:1035B000009B0498D0F810C04D210DF10B02E0479C
:1035C0000390039818B1FFE70398059010E09DF869
:1035D0000B00802803D1FFE70020059008E0FFE7FB
:1035E000019801300190DAE76FF002000590FFE7E3
:1035F000059806B080BD000080B586B004908DF8B7
:103600000F109DF80F008DF805000498D0F810C039
:1036100003210DF107020123E0470290029818B13F
:10362000FFE70298059039E00498D0F810C0042113
:103630000DF106020123E0470290029818B1FFE75E
:10364000029805902AE09DF8070000F0F0009DF830
:10365000051008438DF807009DF8060000F0F00003
:103660009DF8051008438DF806000498D0F80CC0AA
:1036700003210DF107020123E0470290029818B1DF
:10368000FFE70298059009E00498D0F80CC00421E7
:103690000DF106020123E0470590FFE7059806B00B
:1036A00080BD000080B586B004908DF80F109DF8A5
:1036B0000F008DF806000498D0F810C003210DF11A
:1036C00007020123E0470290029818B1FFE7029831
:1036D000059012E09DF8070000F08F009DF806109D
:1036E00008438DF807000498D0F80CC003210DF1B1
:1036F00007020123E0470590FFE7059806B080BD6B
:1037000080B586B004908DF80F109DF80F008DF8ED
:1037100006000498D0F810C004210DF1070201231F
:10372000E0470290029818B1FFE70298059012E076
:103730009DF8070000F08F009DF8061008438DF8F3
:1037400007000498D0F80CC004210DF107020123F2
:10375000E0470590FFE7059806B080BD80B50CF006
:1037600067FE80BD80B582B0019001980CF092FE9A
:1037700002B080BD80B586B0FF208DF80F004CF2FE
:103780000F00ADF80C0000238DF80A3040F2D40091
:10379000C2F20000D0F814C069460B600DF10F01B1
:1037A0000122E04720B1FFE76FF00A0005904AE0F0
:1037B000012001F0C7FDFFE740F2D400C2F2000093
:1037C000D0F818C06A460121116003A902220DF148
:1037D0000B03E04704900498B0F1FF3F03DCFFE7E0
:1037E000049805902FE0012001F0ACFD9DF80A003F
:1037F00001308DF80A00C0B2642804DBFFE76FF0E7
:10380000020005901FE0FFE79DF80B00C0070028AD
:10381000D2D1FFE700F01AF804900498B0F1FF3F0E
:1038200003DCFFE7049805900DE000F041F80490F8
:103830000498B0F1FF3F03DCFFE70498059002E035
:1038400000200590FFE7059806B080BD80B584B0E4
:103850009F20ADF80A000020ADF8080040F2D40027
:10386000C2F20000D0F818C0694602220A600DF1C9
:103870000A0102ABE04701900198B0F1FF3F03DC81
:10388000FFE70198039010E09DF808005E2805D13D
:10389000FFE79DF80900C12804D0FFE74FF0FF3093
:1038A000039002E000200390FFE7039804B080BD7E
:1038B00080B584B04AF21F00ADF80A0000208DF8F0
:1038C000090040F2D400C2F20000D0F814C06A46E9
:1038D000012111600DF10A0102220DF10903E047F7
:1038E0000190019818B1FFE70198039025E00F209F
:1038F0008DF80A00FF208DF8090040F2D400C2F2D2
:103900000000D0F818C06A46012111600DF10A01CB
:1039100002220DF10903E0470190019818B1FFE779
:103920000198039009E09DF8090000F03800002894
:1039300018BF4FF0FF300390FFE7039804B080BD3D
:1039400080B586B005900491039200200290FFE7B5
:10395000029802284CDCFFE70598029A00EB8200EF
:1039600090ED000A40F2D420C2F2000000EB820089
:1039700040F20801C2F20001009101EB82010EF059
:1039800091FC0498029A00EB820090ED000A40F24C
:10399000E020C2F2000000EB820040F21401C2F20B
:1039A0000001019101EB82010EF07CFC009A01986C
:1039B000059B029903EB810393ED000A02EB810260
:1039C000D2ED000A049A02EB810292ED001A00EB9C
:1039D0008100D0ED001A0CF065FC0398029900EB11
:1039E000810080ED000AFFE7029801300290AFE706
:1039F00006B080BD80B5102002F0B0FC80BD000094
:103A000072B6FFE7FEE7000080B540F27070C2F2C8
:103A1000000002F069F880BD80B540F27070C2F21B
:103A2000000002F061F880BD83B002904AF60040C9
:103A3000C4F200000090029800684AF60001C4F247
:103A40000001884205D1FFE7009800F5547000900E
:103A5000FFE700980299086402980068D0F8800097
:103A600020F4F810029A1168526B40EA0240C1F843
:103A70008000009870300299486402980068D0F87D
:103A8000800020F07060029A1168926B40EA026038
:103A9000C1F880000098B03002998864009800F561
:103AA000C4700299C864009800F5187002990865FE
:103AB000009800F51E700299486500980190FFE794
:103AC0000198009901F55471884208D2FFE70199E5
:103AD00000200860FFE7019804300190F0E703B090
:103AE0007047000088B007900691059204930698ED
:103AF000406848B9FFE7069801688268006910438A
:103B000040EA8140039009E00698016882680069F4
:103B10001043084340F080400390FFE70698D0F838
:103B200020C0C16842698369C06940EA0C601843DB
:103B3000104340EA014002900798406D049901EB60
:103B4000C10100EBC1000190039801990860019840
:103B500004300190029801990860019804300190A6
:103B600000200090FFE700980699CA6844F6EC41EF
:103B7000C0F60101895C88420DD2FFE705980099E3
:103B8000405801990860019804300190FFE70098BF
:103B900004300090E7E708B07047000080B58CB0B3
:103BA0008DED081ACDED070A8DED060ACDED052A3B
:103BB0008DED042ACDED031A9DED060ADDED070A11
:103BC0009DED081ADDED031A9DED042ADDED052AB1
:103BD000FFF760F8B5EE400AF1EE10FA23DAFFE7DE
:103BE0009DED060ADDED070A9DED081ADDED031ACD
:103BF0009DED042ADDED052AFFF706F88DED021A8A
:103C0000CDED010A8DED000A9DED000ADDED010A02
:103C10009DED021AFFF718F98DED0B1ACDED0A0A8A
:103C20008DED090A14E09DED060ADDED070A9DED14
:103C3000081ADDED031A9DED042ADDED052AFEF7D5
:103C4000E3FF8DED0B1ACDED0A0A8DED090AFFE7B2
:103C50009DED090ADDED0A0A9DED0B1A0CB080BD41
:103C600080B540F2D460C2F2000001F021F880BDBE
:103C700040F29050C2F200000068704780B5C0B0BA
:103C800020901F9100208DF87B001B901F98C0682A
:103C90000021C4F27F01884201D0FFE700E0FFE786
:103CA000FFE7209890F85400012804D1FFE7022094
:103CB0008DF88700FDE32099012081F85400FFE78B
:103CC000FFE7209800680BF0DFFD002840F0DD835F
:103CD000FFE71F980068012810D0FFE71F980068D1
:103CE0000221C0F2304188420DD1FFE71F98C06821
:103CF0000021C4F27F01884205D1FFE720980068C7
:103D00000BF062FDFFE7209800681F990A68496878
:103D10000BF0C2FD209800680BF0B6FD1A902098B9
:103D200000680BF091FD19901A98002840F0B881B6
:103D3000FFE71998002840F0B381FFE71F988068DB
:103D4000B0F1004F0ED1FFE7209800681F99096875
:103D500000220BF0BFFD209800684FF000410BF0EF
:103D600065FE0CE0209800681F9A116892680BF0BD
:103D7000B1FD2098006800210BF058FEFFE71F9866
:103D8000406920990968C96801F0180189088840CC
:103D90001D901F98006904281CD0FFE72098006838
:103DA0001F990A6809691D9B0BF0E6FD20980068C1
:103DB0001F9A116992690BF011FE209800681F9AF2
:103DC0001169127F013AB2FA82F2520952060BF0DF
:103DD000F1FD64E12098006800210BF025FD00034F
:103DE00048B9FFE72098006800210BF01DFDC0F3E3
:103DF0008460189018E02098006800210BF014FDF2
:103E000090FAA0F03E903E9820B9FFE720208DF870
:103E1000FF0005E03E98B0FA80F08DF8FF00FFE764
:103E20009DF8FF001890FFE7189817901F980068FA
:103E3000000330B9FFE71F980068C0F38460169054
:103E400015E01F98006890FAA0F03C903C9820B9CB
:103E5000FFE720208DF8F70005E03C98B0FA80F0ED
:103E60008DF8F700FFE79DF8F7001690FFE7179829
:103E70001699884207D1FFE7209800680022114672
:103E80000BF0C0FDFFE72098006801210BF0CCFC8F
:103E9000000348B9FFE72098006801210BF0C4FC3B
:103EA000C0F38460159018E02098006801210BF0A1
:103EB000BBFC90FAA0F03A903A9820B9FFE7202096
:103EC0008DF8EF0005E03A98B0FA80F08DF8EF0039
:103ED000FFE79DF8EF001590FFE7159814901F98E5
:103EE0000068000330B9FFE71F980068C0F38460E2
:103EF000139015E01F98006890FAA0F03890389859
:103F000020B9FFE720208DF8E70005E03898B0FAE7
:103F100080F08DF8E700FFE79DF8E7001390FFE7DA
:103F200014981399884207D1FFE72098006801216F
:103F300000220BF067FDFFE72098006802210BF0DC
:103F400073FC000348B9FFE72098006802210BF0DA
:103F50006BFCC0F38460129018E020980068022186
:103F60000BF062FC90FAA0F03690369820B9FFE78B
:103F700020208DF8DF0005E03698B0FA80F08DF84B
:103F8000DF00FFE79DF8DF001290FFE71298119025
:103F90001F980068000330B9FFE71F980068C0F35E
:103FA0008460109015E01F98006890FAA0F034909B
:103FB000349820B9FFE720208DF8D70005E0349829
:103FC000B0FA80F08DF8D700FFE79DF8D700109089
:103FD000FFE711981099884207D1FFE72098006801
:103FE000022100220BF00EFDFFE72098006803215C
:103FF0000BF01AFC000348B9FFE720980068032182
:104000000BF012FCC0F384600F9018E02098006859
:1040100003210BF009FC90FAA0F03290329820B9FD
:10402000FFE720208DF8CF0005E03298B0FA80F04D
:104030008DF8CF00FFE79DF8CF000F90FFE70F98B6
:104040000E901F980068000330B9FFE71F980068C2
:10405000C0F384600D9015E01F98006890FAA0F0FE
:104060003090309820B9FFE720208DF8C70005E098
:104070003098B0FA80F08DF8C700FFE79DF8C700D0
:104080000D90FFE70E980D99884207D1FFE7209821
:104090000068032100220BF0B5FCFFE7FFE7FFE714
:1040A000209800680BF0E0FB002840F04481FFE717
:1040B000209800681F9A1168D2680BF027FC1F989F
:1040C000C0680021C4F27F01884240F03381FFE7DD
:1040D000209800680C901F980068000330B9FFE733
:1040E0001F980068C0F384600B9015E01F9800686B
:1040F00090FAA0F02E902E9820B9FFE720208DF89E
:10410000BF0005E02E98B0FA80F08DF8BF00FFE701
:104110009DF8BF000B90FFE70B98013000F01F00E7
:1041200009287DD8FFE71F980068000330B9FFE732
:104130001F980068C0F384600A9015E01F9800681B
:1041400090FAA0F02C902C9820B9FFE720208DF851
:10415000B70005E02C98B0FA80F08DF8B700FFE7C3
:104160009DF8B7000A90FFE70A98013000F01F00A1
:10417000800609901F980068000330B9FFE71F9878
:104180000068C0F38460089015E01F98006890FAFA
:10419000A0F02A902A9820B9FFE720208DF8AF00E0
:1041A00005E02A98B0FA80F08DF8AF00FFE79DF89F
:1041B000AF000890FFE709980899013101F01F024C
:1041C00001219140084307901F980068000330B90F
:1041D000FFE71F980068C0F38460069015E01F9801
:1041E000006890FAA0F02890289820B9FFE72020D6
:1041F0008DF8A70005E02898B0FA80F08DF8A700A8
:10420000FFE79DF8A7000690FFE7079806990131A0
:1042100001F01F0101EB410140EA0150059082E0ED
:104220001F980068000330B9FFE71F980068C0F3CB
:104230008460049015E01F98006890FAA0F0269022
:10424000269820B9FFE720208DF89F0005E02698EA
:10425000B0FA80F08DF89F00FFE79DF89F00049072
:10426000FFE70498013000F01F00800603901F98BC
:104270000068000330B9FFE71F980068C0F384604E
:10428000029015E01F98006890FAA0F024902498FE
:1042900020B9FFE720208DF8970005E02498B0FAB8
:1042A00080F08DF89700FFE79DF897000290FFE7F8
:1042B00003980299013101F01F0201219140084346
:1042C00001901F980068000330B9FFE71F9800684D
:1042D000C0F38460009015E01F98006890FAA0F089
:1042E0002290229820B9FFE720208DF88F0005E06A
:1042F0002298B0FA80F08DF88F00FFE79DF88F00CC
:104300000090FFE701990098013000F01F0000EBDA
:1043100040020020CFF6206000EB0250084340F03E
:1043200000700590FFE70C9805991F9A92680BF0B2
:10433000D1FAFFE7FFE71F98408848F208010842DA
:1043400000F0A280FFE748F20030C4F202200BF038
:1043500063FA1C901F9800680021CCF2213188423A
:1043600033D1FFE79DF87200000600282DD4FFE747
:104370002098006848F20001C4F20221884223D14B
:10438000FFE71C9840F4000148F20030C4F202201C
:104390000BF0E4FA40F22000C2F20000006880094D
:1043A00042F66351C0F23E51A0FB01108109022088
:1043B00000EB41001B90FFE71B9820B1FFE71B9823
:1043C00001381B90F8E7FFE75DE01F9800680021C7
:1043D000C4F22931884219D1FFE79DF87300C00764
:1043E000A0B9FFE72098006848F20011C4F202214A
:1043F00088420AD1FFE71C9840F0807148F20030F3
:10440000C4F202200BF0AAFAFFE73BE01F98006815
:104410000021CCF2527188421AD1FFE79DF8720058
:104420004006002814D4FFE72098006848F20001F5
:10443000C4F2022188420AD1FFE71C9840F48001AF
:1044400048F20030C4F202200BF088FAFFE718E0CF
:104450001F9800680021C4F25A7188420FD1FFE70B
:104460002098006848F20001C4F20221884205D079
:10447000FFE7209800680BF0B3F9FFE700E0FFE7E3
:10448000FFE7FFE7FFE7FFE708E02099886D40F0CE
:104490002000886501208DF87B00FFE7FFE7209969
:1044A000002081F85400FFE79DF87B008DF887001D
:1044B000FFE79DF8870040B080BD000080B588B060
:1044C000069000208DF817000190069820B9FFE7AC
:1044D00001208DF81F004FE10698006940B1FFE709
:1044E000069890F82000012801D1FFE7FFE7FFE7D9
:1044F0000698806D50B9FFE7069800F041F90699DB
:104500000020C865069981F85400FFE70698006806
:104510000BF0A2F928B1FFE7069800680BF048F904
:10452000FFE7069800680BF0A7F9F0B9FFE70698D7
:1045300000680BF061F940F22000C2F20000006850
:10454000800942F66351C0F23E51A0FB011081097F
:10455000022000EB41000190FFE7019820B1FFE746
:10456000019801380190F8E7FFE7069800680BF022
:1045700083F970B9FFE70699886D40F010008865EF
:104580000699C86D40F00100C86501208DF817003C
:10459000FFE7069800680BF077F903900698806DA6
:1045A000C006002800F1DA80FFE70398002840F0F9
:1045B000D580FFE70698806D40F0020020F48070FF
:1045C00006998865069800680BF04EF9E0B9FFE798
:1045D00048F20000C4F202200BF046F9009048F2C5
:1045E0000010C4F202200BF03FF901460098084386
:1045F00048B9FFE70698416848F20030C4F202204B
:104600000BF09EF9FFE7FFE706994A7E886B40EAC8
:1046100042308A68CB681843104391F8201040EA72
:1046200001400490069890F8200001280BD1FFE784
:104630000698416A0020CFF6FE7000EB41410498D5
:1046400008430490FFE70698806A50B1FFE7069997
:10465000886AC96A00F4787001430498084304909A
:10466000FFE706980068C06844F20701CFF6F071D2
:1046700008400499084306990968C86006980068CC
:10468000006920F04060069A1168126B10430861BF
:10469000069800680BF0D8F802900398E8BBFFE793
:1046A0000298D0BBFFE70699087E91F8341080038A
:1046B00040EA4100049006980068C06844F2020194
:1046C00088430499084306990968C860069890F8D9
:1046D0003C00012819D1FFE706980068006940F204
:1046E000FD7120EA0102069B1968186CD3F844E0BA
:1046F000D3F848C040EA0E0040EA0C00DB6C1843D7
:10470000104340F00100086106E00698016808695E
:1047100020F001000861FFE7FFE706980069012823
:104720000CD1FFE706980068006B20F00F00069A96
:104730001168D269013A1043086306E006980168DF
:10474000086B20F00F000863FFE70698806D40F0CB
:10475000010020F002000699886508E00699886D3E
:1047600040F01000886501208DF81700FFE79DF8E4
:1047700017008DF81F00FFE79DF81F0008B080BDEF
:1047800080B5CCB04B9000204A904990489047901B
:10479000469004A84FF48471FBF7C0FD4B98006865
:1047A00048F20001C4F20221884245D1FFE700200F
:1047B00005904FF400110491399004A805F072FAA5
:1047C00018B1FFE7FFF71CF9FFE740F2F820C2F24B
:1047D00000000168013101600068012810D1FFE785
:1047E000FFE740F68C40C4F20240016841F480616A
:1047F0000160006800F4806003900398FFE7FFE722
:10480000FFE740F68C40C4F20240016841F001012C
:104810000160006800F0010002900298FFE70220AA
:10482000469003204790002048900020C4F20220C8
:1048300046A901F0CBFD4EE04B98006848F200110C
:10484000C4F20221884245D1FFE7002005904FF4D1
:1048500000110491399004A805F024FA18B1FFE77B
:10486000FFF7CEF8FFE740F2F820C2F2000001683F
:10487000013101600068012810D1FFE7FFE740F631
:104880008C40C4F20240016841F48061016000681C
:1048900000F4806001900198FFE7FFE7FFE740F632
:1048A0008C40C4F20240016841F0010101600068DF
:1048B00000F0010000900098FFE7082046900320D8
:1048C0004790002048900020C4F2022046A901F041
:1048D0007DFDFFE7FFE74CB080BD000087B006908C
:1048E0000591049200208DF80F001F2002909DF882
:1048F0001400C00720B9FFE701208DF80F004BE03E
:10490000FFE70299481E02900020019051B1FFE795
:104910000598029901F01F0120FA01F10120884356
:104920000190FFE70198C00708B1FFE7E9E70498A5
:10493000009018282BD80099DFE801F028292929B0
:10494000292929291F2929292929292916292929F4
:10495000292929290D000298072804D3FFE70120FF
:104960008DF80F00FFE716E00298082804D3FFE750
:1049700001208DF80F00FFE70DE00298102804D306
:10498000FFE701208DF80F00FFE704E003E00120BE
:104990008DF80F00FFE7FFE79DF80F0078B9FFE7FC
:1049A000059806990968486106980068806820F0B3
:1049B000180004990843069909688860FFE79DF884
:1049C0000F0007B07047000080B582B000900098DB
:1049D00020B9FFE701208DF8070057E00098407FDD
:1049E00038B9FFE7009900200877009800F052F8E6
:1049F000FFE70099022048770098007980B9FFE727
:104A00000098016841F6B750C0F2C1404861009873
:104A10000068806820F018000099096888600BE041
:104A200000988168C268FFF759FF20B1FFE70120B5
:104A30008DF807002AE0FFE70098407930B9FFE7DA
:104A4000009801684FF0FF30086104E000980168A9
:104A500000690861FFE700980068806820F0600046
:104A6000009A116852691043886000980068806855
:104A700020F08000009A11689269104388600099C4
:104A80000120487700208DF80700FFE79DF8070018
:104A900002B080BD82B001900198006843F200012D
:104AA000C4F20201884210D1FFE7FFE740F68840D8
:104AB000C4F20240016841F480510160006800F4D2
:104AC000805000900098FFE7FFE702B070470000B9
:104AD00080B584B0029001F01DFE0190029820B9CB
:104AE000FFE701208DF80F0079E0029890F854005C
:104AF00002280DD0FFE7029920208865FFE7029980
:104B0000002081F84C00FFE701208DF80F0066E0DF
:104B100002980168486940F0040048610299052044
:104B200081F85400FFE702980068006980040028BB
:104B300027D4FFE701F0EEFD0199401A06281FD3A4
:104B4000FFE70299886D40F0100088650299032004
:104B500081F85400029890F850000006002805D50E
:104B6000FFE70298416F01200873FFE7FFE7029912
:104B7000002081F84C00FFE701208DF80F002EE0A7
:104B8000D1E702980168486940F002004861029943
:104B9000042081F85400029801684FF4FE40C86078
:104BA0000299012081F85400029890F85000000604
:104BB000002809D5FFE70298416F01200873029889
:104BC000016800208864FFE7FFE70299002081F870
:104BD0004C00FFE7FFE700208DF80F00FFE79DF88E
:104BE0000F0004B080BD000082B00090009820B992
:104BF000FFE701208DF807001CE0009890F85400B2
:104C0000022807D0FFE700992020886501208DF851
:104C100007000FE00099042081F854000098016813
:104C2000486942F2040210434861FFE700208DF812
:104C30000700FFE79DF8070002B0704785B00390BA
:104C40000291039820B9FFE701208DF813002AE0B4
:104C50000398006840F6FF7188430190039800684C
:104C60005038C0F3C4110120884000909DF808001E
:104C7000C006002813D5FFE7029800F011001128A4
:104C800006D1FFE7009A019948681043486005E0A3
:104C9000009A0199486890434860FFE7FFE70020C9
:104CA0008DF81300FFE79DF8130005B07047000072
:104CB00080B584B003900398006840F6FF71884384
:104CC0000290039800685038C0F3C4110120884056
:104CD00001900298C068019908400090009808B9B6
:104CE000FFE74DE10398006800694005002813D5EF
:104CF000FFE7039800684069400500280BD5FFE7EF
:104D0000039801684FF48060C8600399886D40F093
:104D100001008865FFE7FFE7039800680069000568
:104D2000002813D5FFE703980068406900050028B4
:104D30000BD5FFE7039801684FF40060C860039942
:104D4000886D40F002008865FFE7FFE70398006880
:104D50000069C004002813D5FFE703980068406984
:104D6000C00400280BD5FFE7039801684FF480507A
:104D7000C8600399886D40F004008865FFE7FFE78D
:104D80000398006800694004002813D5FFE70398E2
:104D900000684069400400280BD5FFE703980168CC
:104DA0004FF48040C8600399886D40F00800886522
:104DB000FFE7FFE70398006800698005002816D523
:104DC000FFE7039800684069800500280ED5FFE7DB
:104DD000039801684FF40070C8600398406E20B1DA
:104DE000FFE70398416E8847FFE7FFE7FFE7039877
:104DF000006800698004002850D5FFE70398006828
:104E000040698004002848D5FFE7039801684FF403
:104E10000050C860039890F8540004282FD1FFE791
:104E200003980168486920F40050486103980168BC
:104E3000486940F0020048610399012081F854005C
:104E4000039890F850000006002809D5FFE7039862
:104E5000416F012008730398016800208864FFE710
:104E6000FFE70399002081F84C00FFE70398C06E2C
:104E700020B1FFE70398C16E8847FFE780E0039900
:104E8000052081F854000398006F20B1FFE70398D4
:104E9000016F8847FFE7FFE7FFE7FFE70398006838
:104EA0000069C005002842D5FFE703980068406903
:104EB000C00500283AD5FFE7039890F85000000697
:104EC000002814D5FFE703980068C06F70B9FFE7AA
:104ED00003980068806C40B9FFE70399012081F8CE
:104EE00054000399496F0873FFE7FFE70AE003984E
:104EF0000068806C28B9FFE70399012081F854000D
:104F0000FFE7FFE7039801684FF44070C860FFE7D0
:104F10000399002081F84C00FFE70398006E20B150
:104F2000FFE70398016E8847FFE7FFE7FFE7039875
:104F3000806D28B3FFE703980168486940F00200DC
:104F400048610399012081F85400039890F85000BB
:104F50000006002805D5FFE70398416F012008737C
:104F6000FFE7FFE70399002081F84C00FFE7039873
:104F7000806E20B1FFE70398816E8847FFE7FFE767
:104F800004B080BD80B584B0029001F0C3FB0190F5
:104F9000029820B9FFE701208DF80F00CEE10298BA
:104FA000C068B0F5007F01D0FFE7FFE70298406BD3
:104FB000B0F5805F01D1FFE7FFE7029801680120AB
:104FC0005022C4F202029142009000F06781FFE794
:104FD0000298016801205022C5F20202914200901D
:104FE00000F05C81FFE7029801680120D022C4F242
:104FF00002029142009000F05181FFE7029801689F
:105000000120D022C5F202029142009000F04681B8
:10501000FFE702980168012040F25012C4F2020238
:105020009142009000F03A81FFE702980168012068
:1050300040F25012C5F202029142009000F02E811F
:10504000FFE702980168012040F2D012C4F2020288
:105050009142009000F02281FFE702980168012050
:1050600040F2D012C5F202029142009000F0168187
:10507000FFE702980168012040F25022C4F20202C8
:105080009142009000F00A81FFE702980168012038
:1050900040F25022C5F202029142009000F0FE80E0
:1050A000FFE702980168012040F2D022C4F2020218
:1050B0009142009000F0F280FFE702980168012021
:1050C00040F2D022C5F202029142009000F0E68048
:1050D000FFE702980168012040F25032C4F2020258
:1050E0009142009000F0DA80FFE702980168012009
:1050F00040F25032C5F202029142009000F0CE80A0
:10510000FFE702980168012040F2D032C4F20202A7
:105110009142009000F0C280FFE7029801680120F0
:1051200040F2D032C5F202029142009000F0B68007
:10513000FFE702980168012041F25002C4F2020226
:105140009142009000F0AA80FFE7029801680120D8
:1051500041F25002C5F202029142009000F09E809E
:10516000FFE702980168012041F2D002C4F2020276
:105170009142009000F09280FFE7029801680120C0
:1051800041F2D002C5F202029142009000F0868006
:10519000FFE702980168012041F25012C4F20202B6
:1051A000914200907AD0FFE702980168012041F215
:1051B0005012C5F20202914200906FD0FFE70298B0
:1051C0000168012041F2D012C4F202029142009023
:1051D00064D0FFE702980168012041F2D012C5F2C5
:1051E00002029142009059D0FFE702980168012025
:1051F00041F25022C4F20202914200904ED0FFE7E9
:1052000002980168012041F25022C5F20202914247
:10521000009043D0FFE702980168012041F2D022BC
:10522000C4F202029142009038D0FFE70298016870
:10523000012041F2D022C5F20202914200902DD00D
:10524000FFE702980168012041F25032C4F20202E5
:105250009142009022D0FFE702980168012041F2BC
:105260005032C5F202029142009017D0FFE7029837
:105270000168012041F2D032C4F202029142009052
:105280000CD0FFE7029800684EF63041CAF6FD7177
:105290000844B0FA80F040090090FFE70098C0078A
:1052A00008B1FFE7FFE7FFE70299002081F84C0013
:1052B000FFE7029890F8540060B9FFE702990020D8
:1052C000086602994866029988660299C86602993A
:1052D0000867FFE70299022081F8540002980168EC
:1052E000486940F006004861FFE70298006840699D
:1052F000C00798B1FFE701F00DFA0199401A06289E
:105300000BD3FFE70299102088650299032081F8EA
:10531000540001208DF80F0010E0E6E70298FBF73B
:105320005BFE0299486B0865029900208865029A25
:10533000012182F854108DF80F00FFE79DF80F004F
:1053400004B080BD80B584B0039001F0E3F9029011
:10535000039801900198013048B1FFE740F2942092
:10536000C2F200000178019808440190FFE7FFE7CE
:1053700001F0D0F90299401A0199884201D2FFE761
:10538000F6E704B080BD000086B00490039102925D
:10539000049890F85C008DF80700BDF80C0010F43C
:1053A000C07F01D0FFE7FFE79DF80700012806D086
:1053B000FFE79DF80700022840F0DE80FFE7049831
:1053C0000068806D00909DF80C00400730B1FFE749
:1053D0009DF80000C007002847D0FFE79DF80C00AB
:1053E00010F0380F06D0FFE79DF800008007002876
:1053F0003BD5FFE7BDF80C0010F4E07F06D0FFE7D7
:105400009DF80000400700282FD5FFE79DF80D000C
:1054100010F01E0F06D0FFE79DF8000000070028DF
:1054200023D5FFE79DF80D0010F0E00F06D0FFE751
:105430009DF80000C006002817D5FFE79DF80E0074
:10544000800730B1FFE79DF80000800600280CD5EA
:10545000FFE79DF80E0010F0FC0F0DD0FFE79DF860
:1054600000004006002807D4FFE704980168C86DD3
:1054700040F00100C865FFE79DF80C00400730B11F
:10548000FFE79DF80000C007002847D1FFE79DF81F
:105490000C0010F0380F06D0FFE79DF800008007E1
:1054A00000283BD4FFE7BDF80C0010F4E07F06D0E5
:1054B000FFE79DF80000400700282FD4FFE79DF884
:1054C0000D0010F01E0F06D0FFE79DF8000000074A
:1054D000002823D4FFE79DF80D0010F0E00F06D060
:1054E000FFE79DF80000C006002817D4FFE79DF8ED
:1054F0000E00800730B1FFE79DF80000800600280D
:105500000CD4FFE79DF80E0010F0FC0F0DD0FFE764
:105510009DF800004006002807D5FFE704980168C1
:10552000C86D40F00200C865FFE79DF80C0000065A
:10553000002809D5FFE7029A04980168D1F8DC0039
:105540001043C1F8DC00FFE79DF80D00C00748B12B
:10555000FFE7029A04980168D1F8E0001043C1F80F
:10556000E000FFE7039A04980168486D104348651E
:1055700000208DF8170008E00499086E40F0020042
:10558000086601208DF81700FFE79DF8170006B0A8
:105590007047000080B586B0049003910292039892
:1055A000406808B9FFE700E0FFE7049890F85C0066
:1055B00002282FD1FFE704980068D0F8C4008002C9
:1055C000002809D5FFE70499086E40F400700866CA
:1055D00001208DF8170026E004980068D0F8C40078
:1055E000C0F30140019004980399029A019BFEF7D1
:1055F00079FA0199012000FA01F1049A1268C2F8BF
:10560000CC100199884004998865FFE700208DF847
:10561000170008E00499086E40F0080008660120B1
:105620008DF81700FFE79DF8170006B080BD000059
:1056300087B005900491059890F85C008DF8030000
:105640009DF80300012805D0FFE79DF8030002281C
:105650003CD1FFE704980068B8B9FFE7049988686F
:10566000CB680A694969800740EAC36040EA0240A2
:10567000084303900598006C0499496800EB810089
:1056800001900398019908601CE00498C1680069C2
:1056900040EA4170039004988168406940EA817053
:1056A00002900598406C0499496800EBC100019094
:1056B00003980199086001980430019002980199BB
:1056C0000860FFE700208DF81B0008E00599086ED0
:1056D00040F00200086601208DF81B00FFE79DF8EE
:1056E0001B0007B07047000085B0DDF814C00390C0
:1056F000029101920093039890F85C00012819D15F
:10570000FFE703980068D0F8800020F03F0002997E
:105710000901019A41EA8201009A41EA4201059A8F
:105720001143084303990968C1F8800000208DF8EF
:10573000130008E00399086E40F004000866012099
:105740008DF81300FFE79DF8130005B070470000C7
:1057500085B0039002910192039890F85C008DF857
:1057600003009DF80300012805D0FFE79DF8030022
:10577000022816D1FFE70198012807D1FFE7029A16
:1057800003980168886D9043886506E0029A039843
:105790000168886D10438865FFE700208DF81300CD
:1057A00008E00399086E40F00200086601208DF8B9
:1057B0001300FFE79DF8130005B0704781B000901B
:1057C00001B0704782B001900091019840F2707171
:1057D000C2F2000188420DD1FFE79DF802000007E8
:1057E000002807D5FFE740F6C841C2F200010120BA
:1057F0000870FFE702B0704783B0029001910298F1
:105800000068406C0090009800F007000199086063
:105810000098C0F3022001994860009800F0180039
:10582000019988600098C0F340100199C860009801
:10583000C0F38010019908619DF80000C00901992A
:1058400048610098C0F3C020019988610098C0F3B6
:1058500000300199C8610098C0F340300199086296
:105860000098C0F38030019948620098C0F3064068
:1058700001998862002003B07047000083B0029055
:1058800001910198402808D1FFE702980068D0F8FC
:10589000900000F00F00009007E002980068D0F838
:1058A000980000F00F000090FFE7009803B07047E9
:1058B0008AB00890079106920593002001900898FD
:1058C00090F85C008DF803009DF80300022840F07A
:1058D000FA80FFE7079840283ED1FFE70898006864
:1058E000D0F89000000748B9FFE70899086E40F427
:1058F0008070086601208DF82700EDE008980068A8
:10590000D0F8900000F080710120B0EB116F0FD142
:10591000FFE708980068D0F8800000F400710120CB
:10592000B0EB512F03D1FFE701200190FFE7FFE724
:1059300008980068D0F8900000F44071019800EBDE
:10594000112001900898806C019901EBC10100EBD6
:10595000C1000490FFE73DE008980068D0F8980087
:10596000000748B9FFE70899086E40F480700866A0
:1059700001208DF82700AFE008980068D0F8980063
:1059800000F080710120B0EB116F0FD1FFE7089894
:105990000068D0F8800000F480710120B0EB112F76
:1059A00003D1FFE701200190FFE7FFE708980068B7
:1059B000D0F8980000F44071019800EB112001909C
:1059C0000898C06C019901EBC10100EBC100049083
:1059D000FFE7FFE70498006800F080400699486000
:1059E0000698406838B9FFE704980068C0F38A4019
:1059F0000699086006E00498006820F06040069967
:105A00000860FFE70498006800F00050069988607D
:105A10000498006800F0004006990861049804307A
:105A20000490049800880699C86104980068C0F33F
:105A300003400699C8600498006800F48010069935
:105A400048610498006800F4001006998861049881
:105A50000068C0F306600699086204980068C00FE9
:105A6000069948620498043004900498039000203A
:105A70000290FFE702980699CA6844F6EC41C0F626
:105A80000101895C88420AD2FFE70398029A805C90
:105A900005998854FFE7029801300290EAE70798D9
:105AA000402806D1FFE7019808990968C1F89400D9
:105AB00005E0019808990968C1F89C00FFE70020FB
:105AC0008DF8270008E00899086E40F00800086685
:105AD00001208DF82700FFE79DF827000AB07047E6
:105AE00081B0009001B0704780B58AB009900998E4
:105AF0000068006D00F4E050089009980068416D5E
:105B000008980840089009980068006D00F00700A8
:105B1000079009980068416D079808400790099818
:105B20000068006D00F03800069009980068416D2B
:105B300006980840069009980068006D00F471000E
:105B4000059009980068416D0598084005900998EE
:105B50000068006D00F46020049009980068416DB1
:105B600004980840049009980068406D01900998D5
:105B70000068006D00909DF8000000F040010020DA
:105B8000B0EB911F12D0FFE79DF8040000F0400138
:105B90000020B0EB911F08D0FFE709980168402072
:105BA00008650998FFF79CFFFFE7FFE79DF80100F4
:105BB000C007E0B1FFE79DF80500C007B0B1FFE7FF
:105BC00009980068D0F8D800029009980068D0F8C9
:105BD000E010029808400290099801684FF4807024
:105BE00008650998029900F09DFBFFE7FFE7089818
:105BF00048B1FFE708980999096808650998089964
:105C000000F09CFBFFE7079848B1FFE70798099968
:105C1000096808650998079900F0D0FAFFE7069827
:105C200048B1FFE706980999096808650998069937
:105C300000F0D6FAFFE79DF8010000F00201002015
:105C4000B0EB510F13D0FFE79DF8050000F0020103
:105C50000020B0EB510F09D0FFE7099801684FF41D
:105C600000700865099800F06FFBFFE7FFE79DF8FB
:105C700000100020B0EBD11F1DD0FFE79DF80410ED
:105C80000020B0EBD11F15D0FFE709980068D0F8CD
:105C9000D400039009980068D0F8DC1003980840FD
:105CA000039009980168802008650998039900F01D
:105CB0003FFBFFE7FFE79DF8010000F02001002017
:105CC000B0EB511F13D0FFE79DF8050000F0200155
:105CD0000020B0EB511F09D0FFE7099801684FF48D
:105CE00000500865099800F019FBFFE7FFE79DF8F1
:105CF00001100020B0EBD11F11D0FFE79DF8051077
:105D00000020B0EBD11F09D0FFE7099801684FF4DC
:105D100000400865099800F0FDFAFFE7FFE79DF8ED
:105D2000010000F040010020B0EB911F15D0FFE70B
:105D30009DF8050000F040010020B0EB911F0BD052
:105D4000FFE7099801684FF4804008650999086EDB
:105D500040F080000866FFE7FFE7049848B1FFE7DE
:105D6000049809990968086509980499FFF72AFDBC
:105D7000FFE7059850B1FFE705980999096808659C
:105D8000059A0999086E10430866FFE70998006EA6
:105D900020B1FFE70998FFF711FDFFE70AB080BDCA
:105DA00080B584B00290029820B9FFE701208DF8F9
:105DB0000F0057E1029800684AF20041C4F2000166
:105DC000884201D1FFE7FFE702988068B0F5407F85
:105DD00001D1FFE7FFE7029890F85C0040B9FFE7C8
:105DE0000299002081F85D00029800F03FF9FFE77A
:105DF00002980168886920F01000886100F08AFC30
:105E00000190FFE70298006880690007002815D517
:105E1000FFE700F07FFC0199401A0B280DD3FFE744
:105E20000299086E40F0010008660299032081F88B
:105E30005C0001208DF80F0014E1E3E7029801688F
:105E4000886940F00100886100F064FC0190FFE780
:105E5000029800688069C007A8B9FFE700F05AFC03
:105E60000199401A0B280DD3FFE70299086E40F004
:105E7000010008660299032081F85C0001208DF87A
:105E80000F00EFE0E4E702980168886940F0020043
:105E90008861029800684AF20041C4F20001884219
:105EA00008D1FFE7029840684AF20051C4F20001AD
:105EB0000860FFE70298007C012807D1FFE70298FD
:105EC0000168886920F04000886106E00298016856
:105ED000886940F040008861FFE70298407C012813
:105EE00007D1FFE702980168886940F48040886123
:105EF00006E002980168886920F480408861FFE725
:105F00000298807C012807D1FFE702980168886920
:105F100020F48050886106E002980168886940F4A6
:105F200080508861FFE702980068806920F4407023
:105F3000029A116892681043886102980168886922
:105F400020F0A400886102980168086920F0100020
:105F500008610298C068012807D1FFE7029801682C
:105F6000886940F0040088612BE00298C06830B373
:105F7000FFE70298C068022819D0FFE7029801687D
:105F8000886940F08000886102980168086940F0E3
:105F9000100008610298C068032807D1FFE7029843
:105FA0000168886940F020008861FFE706E00298F8
:105FB0000168886940F020008861FFE700E0FFE7A2
:105FC000FFE7029A116853699069D2F81CE0A0F1CA
:105FD000010C6FF0FF0000EB0E2040EA4C60126AEB
:105FE000013A10430022CFF6FF7202EB0342104346
:105FF000C86102988068B0F5407F1CD1FFE7029A23
:106000001168536A906AD2F82CE001386FF0FF0CE7
:106010000CEB0E2C40EA0C00D2F830C06FF00F02EF
:1060200002EB0C1210430022CFF6FF7202EB034288
:106030001043C860FFE702980168C26BD1F8C00046
:106040001043C1F8C0000298FDF7EEFC0299002051
:10605000886502990866029A012182F85C108DF821
:106060000F00FFE79DF80F0004B080BD80B58EB033
:106070000D9000200C900B900A90099008900D98BC
:1060800000684AF20041C4F2000188424ED1FFE7A5
:1060900040F2FC20C2F2000001680131016000689A
:1060A000012810D1FFE7FFE740F6A040C4F202400C
:1060B000016841F400710160006800F4007007900D
:1060C0000798FFE7FFE7FFE740F68C40C4F2024085
:1060D000016841F001010160006800F001000690D4
:1060E0000698FFE74FF4C050089002200990002165
:1060F00002910A910B9009200C900020C4F202201A
:1061000008A900F063F9029A27200190114600F0D7
:1061100009FC019800F0FCFB029A2820039011462C
:1061200000F000FC039800F0F3FB44E00D980068D9
:106130004AF60001C4F2000188423BD1FFE740F279
:10614000FC20C2F2000001680131016000680128F2
:1061500010D1FFE7FFE740F6A040C4F2024001681B
:1061600041F400710160006800F40070059005982A
:10617000FFE7FFE7FFE740F68C40C4F2024001680A
:1061800041F002010160006800F0020004900498F0
:10619000FFE7602008900220099000200A900B90F1
:1061A00009200C9040F20040C4F2022008A900F03F
:1061B0000DF9FFE7FFE70EB080BD000080B582B0AB
:1061C00001900091019800684AF20041C4F2000178
:1061D000884203D1FFE70CF003FEFFE702B080BD69
:1061E00082B00190009102B07047000082B0009030
:1061F000009890F85C00012810D1FFE70099022078
:1062000081F85C0000980168886920F001008861CD
:106210000099002008668DF8070008E00099086ED4
:1062200040F00400086601208DF80700FFE79DF8A4
:10623000070002B07047000083B00190002000907A
:10624000019890F85C00022857D1FFE70198016897
:10625000886940F001008861FFE701980068806963
:10626000C007A8B9FFE700980B280DD3FFE70199F5
:10627000086E40F0010008660199032081F85C0077
:1062800001208DF80B0041E0009801300090E4E718
:106290000020009001980168886920F01000886152
:1062A000FFE70198006880690007002815D5FFE71F
:1062B00000980B280DD3FFE70199086E40F001000C
:1062C00008660199032081F85C0001208DF80B001D
:1062D0001CE0009801300090E3E7019801688869AC
:1062E00040F002008861019900208865019A01212F
:1062F00082F85C108DF80B0008E00199086E40F000
:106300000800086601208DF80B00FFE79DF80B00E0
:1063100003B0704781B0009001B0704781B0009029
:1063200001B0704782B00190009102B07047000048
:1063300082B00190009102B07047000082B00190DD
:10634000009102B07047000081B0009001B070472A
:1063500081B0ADF8020001B07047000080B582B096
:10636000ADF8060042F20C00C4F202400068BDF82D
:10637000061008420CD0FFE7BDF8060042F20C01FF
:10638000C4F202410860BDF8060000F019F8FFE70A
:1063900042F21000C4F202400068BDF80610084244
:1063A0000CD0FFE7BDF8060042F21001C4F2024132
:1063B0000860BDF80600FFF7CBFFFFE702B080BD25
:1063C00081B0ADF8020001B07047000085B00490C4
:1063D000039100200090FFE7039800680099C840EF
:1063E000002800F06681FFE703980068009A012109
:1063F0009140084001900198002800F05681FFE785
:1064000003984068022805D0FFE7039840681228E7
:1064100028D1FFE7049800996FF0030202EA5101C6
:106420000844006A0290009800F0070081000F20E5
:1064300000FA01F10298884302900398006900F085
:106440000F00009901F00701890000FA01F102989C
:106450000843029002980499009B02EA53021144F7
:106460000862FFE70498006802900098410003204A
:1064700000FA01F10298884302900398406800F006
:1064800003000099490000FA01F1029808430290C4
:106490000298049908600398406801280FD0FFE72C
:1064A0000398406802280AD0FFE703984068112843
:1064B00005D0FFE70398406812282FD1FFE7049822
:1064C0008068029000984100032000FA01F10298D0
:1064D000884302900398C0680099490000FA01F1CE
:1064E00002980843029002980499886004984068D2
:1064F00002900099012000FA01F10298884302906D
:1065000003984068C0F30010009900FA01F1029866
:1065100008430290029804994860FFE70398406896
:1065200000F0030003280CD1FFE70398406800F057
:10653000030003281DD1FFE703988068012818D0C5
:10654000FFE70498C068029000984100032000FA19
:1065500001F10298884302900398806800994900ED
:1065600000FA01F102980843029002980499C86069
:10657000FFE70398C079C006002840F19580FFE747
:10658000009820F0030042F26002C4F202428058F8
:106590000290009800F00300C1000F2000FA01F102
:1065A00002988843029004984FF60041CBF6FD51C3
:1065B0000840800A009901F00301C90000FA01F1C6
:1065C0000298084302900298009921F00301885034
:1065D00042F20000C4F20240006802900199029861
:1065E0008843029003988079C006002805D5FFE70C
:1065F0000199029808430290FFE7029842F20001D5
:10660000C4F20241086042F20400C4F20240006891
:10661000029001990298884302900398807980063D
:10662000002805D5FFE70199029808430290FFE78B
:10663000029842F20401C4F20241086042F284006E
:10664000C4F20240006802900199029888430290C7
:10665000039880798007002805D5FFE70199029803
:1066600008430290FFE7029842F28401C4F202411B
:10667000086042F28000C4F2024000680290019972
:1066800002988843029003988079C00728B1FFE7F9
:106690000199029808430290FFE7029842F28001B4
:1066A000C4F202410860FFE7FFE700980130009064
:1066B00092E605B07047000082B00190ADF802107C
:1066C00001980069BDF80210084204D0FFE70120DC
:1066D0008DF8010003E000208DF80100FFE79DF830
:1066E000010002B07047000082B00190ADF80210C6
:1066F0008DF801209DF8010028B1FFE7BDF80200E8
:106700000199886104E0BDF8020001998862FFE701
:1067100002B0704740F67C50C2F20000006870473B
:1067200082B0019000208DF8030040F20040C4F2D6
:1067300003000068C00720B1FFE701208DF80300C7
:106740000AE040F20041C4F20301086820F00400AE
:10675000019A10430860FFE79DF8030002B07047FC
:1067600040F20041C4F20301086840F001000860F3
:106770000020704740F29420C2F20000027840F6F8
:106780007C51C2F2000108681044086070470000A4
:1067900080B582B0032000F0DDF805F09BF940F6EB
:1067A0002041C4F20241096801F00F0244F6D441CD
:1067B000C0F60101895CC84040F22001C2F200012C
:1067C0000860042007F04CF9002000F011F820B117
:1067D000FFE701208DF8070005E000F093F80020A6
:1067E0008DF80700FFE79DF8070002B080BD0000AC
:1067F00080B586B004900020039040F29420C2F24D
:106800000000007820B9FFE701208DF8170075E03F
:106810004EF21000CEF2000000684007002812D5AA
:10682000FFE740F22000C2F20000006840F294212D
:10683000C2F200010A784FF47A71B1FBF2F1B0FBB9
:10684000F1F0039040E007F07FF902900298019088
:1068500040B1FFE70198012816D0FFE70198022810
:1068600021D02FE040F22000C2F20000006840F288
:106870009421C2F200010A784FF4FA51B1FBF2F10F
:10688000B0FBF1F003901EE040F29420C2F2000051
:1068900001784FF47A70B0FBF1F14FF4FA40B0FB9D
:1068A000F1F003900FE040F29420C2F20000017872
:1068B0004FF47A70B0FBF1F14FF40040B0FBF1F00F
:1068C000039000E0FFE7FFE7039807F017F920B116
:1068D000FFE701208DF8170010E004994FF0FF301A
:1068E0000022009200F01EF80098049940F29822CD
:1068F000C2F2000211608DF81700FFE79DF8170043
:1069000006B080BD80B5052000F024F880BD0000F1
:1069100080B582B0ADF80600BDF906000BF034FF7B
:1069200002B080BD80B586B0ADF816000491039228
:106930000BF042FF0290BDF91600019002980499F5
:10694000039A09F079FC014601980BF03DFF06B06F
:1069500080BD000080B582B0019001980BF056FF19
:1069600002B080BD81B0009000996FF0FF0060EA36
:10697000010240F64801C4F2024108681040086074
:1069800001B0704792B009904FF4403006900999D9
:10699000086804904968059190FAA0F0109010984A
:1069A00020B9FFE720208DF8470005E01098B0FAE5
:1069B00080F08DF84700FFE7049805999DF847207F
:1069C000083202F01F0291400843029009990868BA
:1069D0008968039190FAA0F00E900E9820B9FFE715
:1069E00020208DF83F0005E00E98B0FA80F08DF879
:1069F0003F00FFE7029803999DF83F30102202EB19
:106A0000430202F01E029140084308900998006872
:106A1000019090FAA0F00C900C9820B9FFE720208C
:106A20008DF8370005E00C98B0FA80F08DF837004B
:106A3000FFE701989DF8371001F01F024FF48071B5
:106A40009140084300900998006890FAA0F00A90DD
:106A50000A9820B9FFE720208DF82F0005E00A985A
:106A6000B0FA80F08DF82F00FFE700989DF82F20F6
:106A70001E2101EA42024FF4403191400843079041
:106A800040F64801C4F202410868079A9043089A08
:106A90001043086012B0704740F60001C4F2024192
:106AA000086840F0010008604EF61051CEF2000177
:106AB000086840F004000860BFF34F8FBFF36F8F8A
:106AC00030BF704789B0089040F63440C4F20240AD
:106AD00000686FF35F20059040F62840C4F2024042
:106AE000016801F0030107910168C1F305210691D6
:106AF0000068C0F300100490049840F63841C4F2D6
:106B00000241096889B2C90800FB01F000EE100AD1
:106B1000B8EE400A8DED020A0698002800F03D818B
:106B2000FFE707980090012808D0FFE700980228A7
:106B300030D0FFE70098032849D065E040F60040D8
:106B4000C4F202400068C0F3C10149F20000C0F283
:106B5000D030C84003909DED030AB8EE400A9DED89
:106B6000061AB8EE411A80EE010A9DED051AB8EE3C
:106B7000411A9DED022A9FED8F3A22EE032A31EE53
:106B8000021AB7EE002A31EE021A20EE010A8DED4C
:106B9000010A65E09DED060AB8EE401A9FED860AEF
:106BA00080EE010A9DED051AB8EE411A9DED022A0C
:106BB0009FED803A22EE032A31EE021AB7EE002A48
:106BC00031EE021A20EE010A8DED010A48E09DED3A
:106BD000060AB8EE401A9FED760A80EE010A9DED96
:106BE000051AB8EE411A9DED022A9FED723A22EE87
:106BF000032A31EE021AB7EE002A31EE021A20EE15
:106C0000010A8DED010A2BE040F60040C4F202407B
:106C10000068C0F3C10149F20000C0F2D030C840A2
:106C200003909DED030AB8EE400A9DED061AB8EEFA
:106C3000411A80EE010A9DED051AB8EE411A9DED4C
:106C4000022A9FED5C3A22EE032A31EE021AB7EED9
:106C5000002A31EE021A20EE010A8DED010AFFE74B
:106C600040F60040C4F2024000688001002827D5A9
:106C7000FFE740F62840C4F202400068C003002845
:106C800019D5FFE79DED010A40F63440C4F20240F9
:106C9000006880B2400A01EE100AB8EE411AB7EE61
:106CA000002A31EE021A80EE010A0898BCEEC00AF2
:106CB00080ED000A03E0089900200860FFE703E088
:106CC000089900200860FFE740F60040C4F2024047
:106CD00000688001002827D5FFE740F62840C4F26D
:106CE000024000688003002819D5FFE79DED010AE6
:106CF00040F63440C4F202400068C0F3064001EEA2
:106D0000100AB8EE411AB7EE002A31EE021A80EEF0
:106D1000010A0898BCEEC00A80ED010A03E0089958
:106D200000204860FFE703E0089900204860FFE783
:106D300040F60040C4F2024000688001002827D5D8
:106D4000FFE740F62840C4F20240006840030028F4
:106D500019D5FFE79DED010A40F63440C4F2024028
:106D60000068C0F3066001EE100AB8EE411AB7EEF3
:106D7000002A31EE021A80EE010A0898BCEEC00A21
:106D800080ED020A03E0089900208860FFE703E035
:106D9000089900208860FFE707E008990020086054
:106DA0000899486008998860FFE709B0704700BFFC
:106DB00020BCBE4B000000390024744A89B0089002
:106DC00040F63C40C4F2024000686FF35F2005903B
:106DD00040F62C40C4F20240016801F00301079123
:106DE0000168C1F3052106910068C0F3001004900A
:106DF000049840F64041C4F20241096889B2C908CA
:106E000000FB01F000EE100AB8EE400A8DED020A18
:106E10000698002800F03D81FFE7079800900128C0
:106E200008D0FFE70098022830D0FFE70098032839
:106E300049D065E040F60040C4F202400068C0F36B
:106E4000C10149F20000C0F2D030C84003909DED6E
:106E5000030AB8EE400A9DED061AB8EE411A80EE1C
:106E6000010A9DED051AB8EE411A9DED022A9FED2B
:106E70008F3A22EE032A31EE021AB7EE002A31EEE3
:106E8000021A20EE010A8DED010A65E09DED060A69
:106E9000B8EE401A9FED860A80EE010A9DED051AB4
:106EA000B8EE411A9DED022A9FED803A22EE032AA8
:106EB00031EE021AB7EE002A31EE021A20EE010A74
:106EC0008DED010A48E09DED060AB8EE401A9FEDEF
:106ED000760A80EE010A9DED051AB8EE411A9DED85
:106EE000022A9FED723A22EE032A31EE021AB7EE21
:106EF000002A31EE021A20EE010A8DED010A2BE084
:106F000040F60040C4F202400068C0F3C10149F2FB
:106F10000000C0F2D030C84003909DED030AB8EEE7
:106F2000400A9DED061AB8EE411A80EE010A9DED69
:106F3000051AB8EE411A9DED022A9FED5C3A22EE49
:106F4000032A31EE021AB7EE002A31EE021A20EEC1
:106F5000010A8DED010AFFE740F60040C4F202404D
:106F600000680001002827D5FFE740F62C40C4F256
:106F700002400068C003002819D5FFE79DED010A13
:106F800040F63C40C4F20240006880B2400A01EE84
:106F9000100AB8EE411AB7EE002A31EE021A80EE5E
:106FA000010A0898BCEEC00A80ED000A03E00899C7
:106FB00000200860FFE703E0089900200860FFE771
:106FC00040F60040C4F2024000680001002827D5C6
:106FD000FFE740F62C40C4F202400068800300281E
:106FE00019D5FFE79DED010A40F63C40C4F202408E
:106FF0000068C0F3064001EE100AB8EE411AB7EE81
:10700000002A31EE021A80EE010A0898BCEEC00A8E
:1070100080ED010A03E0089900204860FFE703E0E3
:10702000089900204860FFE740F60040C4F20240A3
:1070300000680001002827D5FFE740F62C40C4F285
:10704000024000684003002819D5FFE79DED010AC2
:1070500040F63C40C4F202400068C0F3066001EE16
:10706000100AB8EE411AB7EE002A31EE021A80EE8D
:10707000010A0898BCEEC00A80ED020A03E00899F4
:1070800000208860FFE703E0089900208860FFE7A0
:1070900007E008990020086008994860089988600E
:1070A000FFE709B0704700BF20BCBE4B00000039AD
:1070B0000024744A89B0089040F64440C4F202406B
:1070C00000686FF35F20059040F63040C4F2024044
:1070D000016801F0030107910168C1F305210691E0
:1070E0000068C0F300100490049840F64841C4F2D0
:1070F0000241096889B2C90800FB01F000EE100ADC
:10710000B8EE400A8DED020A0698002800F03D8195
:10711000FFE707980090012808D0FFE700980228B1
:1071200030D0FFE70098032849D065E040F60040E2
:10713000C4F202400068C0F3C10149F20000C0F28D
:10714000D030C84003909DED030AB8EE400A9DED93
:10715000061AB8EE411A80EE010A9DED051AB8EE46
:10716000411A9DED022A9FED8F3A22EE032A31EE5D
:10717000021AB7EE002A31EE021A20EE010A8DED56
:10718000010A65E09DED060AB8EE401A9FED860AF9
:1071900080EE010A9DED051AB8EE411A9DED022A16
:1071A0009FED803A22EE032A31EE021AB7EE002A52
:1071B00031EE021A20EE010A8DED010A48E09DED44
:1071C000060AB8EE401A9FED760A80EE010A9DEDA0
:1071D000051AB8EE411A9DED022A9FED723A22EE91
:1071E000032A31EE021AB7EE002A31EE021A20EE1F
:1071F000010A8DED010A2BE040F60040C4F2024086
:107200000068C0F3C10149F20000C0F2D030C840AC
:1072100003909DED030AB8EE400A9DED061AB8EE04
:10722000411A80EE010A9DED051AB8EE411A9DED56
:10723000022A9FED5C3A22EE032A31EE021AB7EEE3
:10724000002A31EE021A20EE010A8DED010AFFE755
:1072500040F60040C4F2024000688000002827D5B4
:10726000FFE740F63040C4F202400068C003002847
:1072700019D5FFE79DED010A40F64440C4F20240F3
:10728000006880B2400A01EE100AB8EE411AB7EE6B
:10729000002A31EE021A80EE010A0898BCEEC00AFC
:1072A00080ED000A03E0089900200860FFE703E092
:1072B000089900200860FFE740F60040C4F2024051
:1072C00000688000002827D5FFE740F63040C4F270
:1072D000024000688003002819D5FFE79DED010AF0
:1072E00040F64440C4F202400068C0F3064001EE9C
:1072F000100AB8EE411AB7EE002A31EE021A80EEFB
:10730000010A0898BCEEC00A80ED010A03E0089962
:1073100000204860FFE703E0089900204860FFE78D
:1073200040F60040C4F2024000688000002827D5E3
:10733000FFE740F63040C4F20240006840030028F6
:1073400019D5FFE79DED010A40F64440C4F2024022
:107350000068C0F3066001EE100AB8EE411AB7EEFD
:10736000002A31EE021A80EE010A0898BCEEC00A2B
:1073700080ED020A03E0089900208860FFE703E03F
:10738000089900208860FFE707E00899002008605E
:107390000899486008998860FFE709B0704700BF06
:1073A00020BCBE4B000000390024744A80B59CB05C
:1073B0001B911A901A981B9980F0007008430028BE
:1073C0005BD1FFE740F6F040C4F20240016801F4EF
:1073D00040710E9100688007002809D5FFE70E98DC
:1073E000B0F5807F04D1FFE74FF40040109042E0F9
:1073F00040F6F040C4F2024000680001002809D5C0
:10740000FFE70E98B0F5007F04D1FFE74FF4FA4094
:1074100010902FE040F60040C4F202400068800364
:10742000002823D5FFE70E98B0F5407F1ED1FFE777
:1074300040F61C40C4F20240006800F47C50B0F5F5
:10744000007F0FD3FFE740F61C40C4F20240006803
:10745000C0F3052147F64000C0F27D10B0FBF1F00B
:10746000109002E000201090FFE702E00020109052
:10747000FFE7FFE7FFE702F012BC1A980C901B9998
:107480000D9180F001000843002800F0C682FFE75C
:107490000D990C9880F002000843002800F03B830F
:1074A000FFE70D990C9880F004000843002800F0D5
:1074B000A783FFE70D990C9880F008000843002887
:1074C00000F01E84FFE70D990C9880F0100008432F
:1074D000002800F09884FFE70D990C9880F02000B8
:1074E0000843002800F01285FFE70D990C9880F002
:1074F00040000843002800F08C85FFE70D990C98A8
:1075000080F080000843002800F00686FFE70D9910
:107510000C9880F480700843002800F08086FFE714
:107520000D990C9880F400700843002800F0FA864A
:10753000FFE70D990C9880F480600843002800F064
:107540007487FFE70D990C9880F4006008430028C9
:1075500000F0E987FFE70D990C9880F4805008430C
:10756000002801F05E80FFE70D990C9880F4005030
:107570000843002801F06181FFE70D990C9880F421
:1075800080400843002801F0AA81FFE70D990C987C
:1075900080F400400843002801F0F381FFE70D99D3
:1075A0000C9880F480300843002801F08E82FFE7B9
:1075B0000D990C9880F400300843002801F0C28235
:1075C000FFE70D990C9880F480200843002801F013
:1075D0006583FFE70D990C9880F40020084300288C
:1075E00000F0BF80FFE70D990C9880F480100843ED
:1075F000002800F04381FFE70D990C9880F40010FB
:107600000843002801F07E80FFE70D990C9880F474
:1076100080000843002800F0BE81FFE70D990C9818
:1076200080F400000843002800F0D681FFE70D99A0
:107630000C9880F080600843002802F09882FFE7F1
:107640000D990C9880F000600843002801F0B9867D
:10765000FFE70D990C9880F080500843002801F056
:107660002F87FFE70D990C9880F000500843002801
:1076700001F0B387FFE70D990C9880F08040084334
:10768000002802F03380FFE70D990C9880F000404D
:107690000843002802F0AE80FFE70C980D9981F0B6
:1076A00001010843002802F02981FFE70C980D9999
:1076B00081F002010843002802F0A481FFE70C9842
:1076C0000D9981F004010843002801F04386FFE78B
:1076D0000C980D9981F008010843002802F00782F8
:1076E000FFE70C980D9981F010010843002802F083
:1076F0009482FFE70C980D9981F02001084300283F
:1077000001F07883FFE70C980D9981F04001084360
:10771000002801F01B84FFE70C980D9981F080018F
:107720000843002801F0BE84FFE70C980D9981F40E
:1077300080710843002801F06185FFE70C980D99DE
:1077400081F400710843002801F04880FFE70C989D
:107750000D9981F480610843002801F0648102F0F2
:107760009ABA40F6E840C4F20240006800F4E02013
:107770000E900E980B90A0B1FFE70B98B0F5803FEC
:1077800015D0FFE70B98B0F5003F16D0FFE70B9838
:10779000B0F5403F17D0FFE70B98B0F5802F18D019
:1077A00067E017A8FFF78EF91898109064E014A806
:1077B000FFF704FB149810905EE011A8FFF77AFC25
:1077C0001198109058E048F20000C0F2BB001090F1
:1077D00052E040F6E840C4F20240006800F0404049
:1077E0000F9040F60040C4F2024000688007002875
:1077F00011D5FFE70F9870B9FFE740F60040C4F2DB
:1078000002400068C0F3C10149F20000C0F2D0306C
:10781000C84010902CE040F60040C4F202400068DE
:10782000800500280BD5FFE70F98B0F1804F06D1F7
:10783000FFE740F60010C0F23D00109017E040F660
:107840000040C4F202400068800300280BD5FFE727
:107850000F98B0F1004F06D1FFE747F64000C0F2A5
:107860007D10109002E000201090FFE7FFE7FFE797
:1078700002E000201090FFE702F010BA40F6E84066
:10788000C4F20240006800F460100E900E980A9056
:10789000A0B1FFE70A98B0F5002F15D0FFE70A98CE
:1078A000B0F5801F16D0FFE70A98B0F5C01F17D0BB
:1078B000FFE70A98B0F5001F18D067E017A8FFF798
:1078C00001F91898109064E014A8FFF777FA14985B
:1078D00010905EE011A8FFF7EDFB1198109058E0B2
:1078E00048F20000C0F2BB00109052E040F6E840C1
:1078F000C4F20240006800F040400F9040F60040A3
:10790000C4F2024000688007002811D5FFE70F98F5
:1079100070B9FFE740F60040C4F202400068C0F3CF
:10792000C10149F20000C0F2D030C84010902CE0F4
:1079300040F60040C4F202400068800500280BD5E4
:10794000FFE70F98B0F1804F06D1FFE740F6001037
:10795000C0F23D00109017E040F60040C4F2024033
:107960000068800300280BD5FFE70F98B0F1004FA7
:1079700006D1FFE747F64000C0F27D10109002E00C
:1079800000201090FFE7FFE7FFE702E000201090E3
:10799000FFE702F083B940F6E440C4F20240006819
:1079A00000F040000E900E9830B9FFE717A8FFF7DF
:1079B00089F8189810900DE00E98402806D1FFE73E
:1079C00014A8FFF7FBF91698109002E00020109021
:1079D000FFE7FFE702F062B940F6E440C4F202407C
:1079E000006800F080000E900E9830B9FFE717A8ED
:1079F000FFF768F8189810900DE00E98802806D1CF
:107A0000FFE714A8FFF7DAF91698109002E00020BB
:107A10001090FFE7FFE702F041B940F6D840C4F20A
:107A20000240006800F007000E900E9820B9FFE7B2
:107A300004F028F810906CE040F60040C4F20240D8
:107A40000068000100280AD5FFE70E98012806D13A
:107A5000FFE714A8FFF7B2F91598109058E040F628
:107A60000040C4F202400068800000280AD5FFE709
:107A70000E98022806D1FFE711A8FFF71BFB12980A
:107A8000109044E040F60040C4F2024000688007D5
:107A9000002812D5FFE70E9803280ED1FFE740F625
:107AA0000040C4F202400068C0F3C10149F2000086
:107AB000C0F2D030C840109028E040F60040C4F238
:107AC00002400068800500280AD5FFE70E980428C8
:107AD00006D1FFE740F60010C0F23D00109014E020
:107AE00040F6F040C4F2024000688007002808D544
:107AF000FFE70E98052804D1FFE74FF400401090EF
:107B000002E000201090FFE7FFE7FFE7FFE7FFE755
:107B1000FFE702F0C3B840F6D840C4F20240006864
:107B200000F038000E900E9820B9FFE703F096FFA2
:107B3000109063E040F60040C4F20240006800018B
:107B400000280AD5FFE70E98082806D1FFE714A8F9
:107B5000FFF734F9159810904FE00E98102806D1D1
:107B6000FFE711A8FFF7A6FA1298109044E040F63C
:107B70000040C4F2024000688007002812D5FFE7E9
:107B80000E9818280ED1FFE740F60040C4F20240DC
:107B90000068C0F3C10149F20000C0F2D030C84013
:107BA000109028E040F60040C4F2024000688005D2
:107BB00000280AD5FFE70E98202806D1FFE740F6F7
:107BC0000010C0F23D00109014E040F6F040C4F206
:107BD000024000688007002808D5FFE70E98282893
:107BE00004D1FFE74FF40040109002E00020109015
:107BF000FFE7FFE7FFE7FFE7FFE7FFE702F04EB829
:107C000040F6D840C4F20240006800F4E0700E90E4
:107C10000E9820B9FFE703F021FF10906EE040F6C8
:107C20000040C4F202400068000100280AD5FFE7C6
:107C30000E98402806D1FFE714A8FFF7BFF8159863
:107C400010905AE040F60040C4F202400068800004
:107C500000280AD5FFE70E98802806D1FFE711A873
:107C6000FFF728FA1298109046E040F60040C4F260
:107C7000024000688007002812D5FFE70E98C02850
:107C80000ED1FFE740F60040C4F202400068C0F3A6
:107C9000C10149F20000C0F2D030C84010902AE083
:107CA00040F60040C4F202400068800500280BD571
:107CB000FFE70E98B0F5807F06D1FFE740F6001091
:107CC000C0F23D00109015E040F6F040C4F20240D2
:107CD00000688007002809D5FFE70E98B0F5A07F5F
:107CE00004D1FFE74FF40040109002E00020109014
:107CF000FFE7FFE7FFE7FFE7FFE7FFE701F0CEBFA2
:107D000040F6D840C4F20240006800F460600E9073
:107D10000E9820B9FFE703F0A1FE109071E040F645
:107D20000040C4F202400068000100280BD5FFE7C4
:107D30000E98B0F5007F06D1FFE714A8FFF73EF8D4
:107D4000159810905CE040F60040C4F202400068D4
:107D5000800000280BD5FFE70E98B0F5806F06D1A4
:107D6000FFE711A8FFF7A6F91298109047E040F638
:107D70000040C4F2024000688007002813D5FFE7E6
:107D80000E98B0F5C06F0ED1FFE740F60040C4F288
:107D900002400068C0F3C10149F20000C0F2D030D7
:107DA000C84010902AE040F60040C4F2024000684B
:107DB000800500280BD5FFE70E98B0F5006F06D1BF
:107DC000FFE740F60010C0F23D00109015E040F6CD
:107DD000F040C4F2024000688007002809D5FFE7A0
:107DE0000E98B0F5206F04D1FFE74FF400401090DB
:107DF00002E000201090FFE7FFE7FFE7FFE7FFE763
:107E0000FFE701F04BBF40F6D840C4F202400068E3
:107E100000F4E0400E900E9820B9FFE703F01EFE3C
:107E2000109071E040F60040C4F20240006800018A
:107E300000280BD5FFE70E98B0F5805F06D1FFE76D
:107E400014A8FEF7BBFF159810905CE040F60040C8
:107E5000C4F202400068800000280BD5FFE70E98AE
:107E6000B0F5005F06D1FFE711A8FFF723F91298DC
:107E7000109047E040F60040C4F2024000688007DE
:107E8000002813D5FFE70E98B0F5405F0ED1FFE74D
:107E900040F60040C4F202400068C0F3C10149F25C
:107EA0000000C0F2D030C84010902AE040F60040F8
:107EB000C4F202400068800500280BD5FFE70E9849
:107EC000B0F5804F06D1FFE740F60010C0F23D004C
:107ED000109015E040F6F040C4F2024000688007C0
:107EE000002809D5FFE70E98B0F5A04F04D1FFE7B1
:107EF0004FF40040109002E000201090FFE7FFE7F1
:107F0000FFE7FFE7FFE7FFE701F0C8BE40F6D84014
:107F1000C4F20240006800F460300E900E9820B960
:107F2000FFE703F09BFD109071E040F60040C4F2C3
:107F300002400068000100280BD5FFE70E98B0F55D
:107F4000004F06D1FFE714A8FEF738FF15981090F0
:107F50005CE040F60040C4F2024000688000002867
:107F60000BD5FFE70E98B0F5803F06D1FFE711A8CB
:107F7000FFF7A0F81298109047E040F60040C4F2D6
:107F8000024000688007002813D5FFE70E98B0F57F
:107F9000C03F0ED1FFE740F60040C4F20240006847
:107FA000C0F3C10149F20000C0F2D030C8401090C7
:107FB0002AE040F60040C4F2024000688005002834
:107FC0000BD5FFE70E98B0F5003F06D1FFE740F66E
:107FD0000010C0F23D00109015E040F6F040C4F2F1
:107FE000024000688007002809D5FFE70E98B0F529
:107FF000203F04D1FFE74FF40040109002E0002042
:108000001090FFE7FFE7FFE7FFE7FFE7FFE701F07B
:1080100045BE40F6D840C4F20240006800F4E010CB
:108020000E900E9820B9FFE703F018FD109071E054
:1080300040F60040C4F202400068000100280BD561
:10804000FFE70E98B0F5802F06D1FFE714A8FEF7E2
:10805000B5FE159810905CE040F60040C4F2024076
:108060000068800000280BD5FFE70E98B0F5002FC0
:1080700006D1FFE711A8FFF71DF81298109047E00E
:1080800040F60040C4F2024000688007002813D583
:10809000FFE70E98B0F5402F0ED1FFE740F6004005
:1080A000C4F202400068C0F3C10149F20000C0F20E
:1080B000D030C84010902AE040F60040C4F20240A0
:1080C0000068800500280BD5FFE70E98B0F5801FEB
:1080D00006D1FFE740F60010C0F23D00109015E019
:1080E00040F6F040C4F2024000688007002809D53D
:1080F000FFE70E98B0F5A01F04D1FFE74FF4004052
:10810000109002E000201090FFE7FFE7FFE7FFE795
:10811000FFE7FFE701F0C2BD40F6D840C4F20240DD
:10812000006800F460000E900E9820B9FFE703F09D
:1081300095FC109071E040F60040C4F202400068E7
:10814000000100280BD5FFE70E98B0F5001F06D1FF
:10815000FFE714A8FEF732FE159810905CE040F699
:108160000040C4F202400068800000280BD5FFE701
:108170000E98B0F5800F06D1FFE711A8FEF79AFF21
:108180001298109047E040F60040C4F202400068A8
:108190008007002813D5FFE70E98B0F5C00F0ED169
:1081A000FFE740F60040C4F202400068C0F3C1019E
:1081B00049F20000C0F2D030C84010902AE040F6EA
:1081C0000040C4F202400068800500280BD5FFE79C
:1081D0000E98B0F5000F06D1FFE740F60010C0F290
:1081E0003D00109015E040F6F040C4F202400068F7
:1081F0008007002809D5FFE70E98B0F5200F04D1BD
:10820000FFE74FF40040109002E000201090FFE7DD
:10821000FFE7FFE7FFE7FFE7FFE701F03FBD40F6BD
:10822000D840C4F20240006800F0E0600E900E9862
:1082300020B9FFE703F012FC109071E040F6004017
:10824000C4F202400068000100280BD5FFE70E9839
:10825000B0F1807F06D1FFE714A8FEF7AFFD1598B7
:1082600010905CE040F60040C4F2024000688000DC
:1082700000280BD5FFE70E98B0F1007F06D1FFE78D
:1082800011A8FEF717FF1298109047E040F6004043
:10829000C4F2024000688007002813D5FFE70E985B
:1082A000B0F1407F0ED1FFE740F60040C4F202403B
:1082B0000068C0F3C10149F20000C0F2D030C840EC
:1082C00010902AE040F60040C4F2024000688005A9
:1082D00000280BD5FFE70E98B0F1806F06D1FFE7BD
:1082E00040F60010C0F23D00109015E040F6F0405E
:1082F000C4F2024000688007002809D5FFE70E9805
:10830000B0F1A06F04D1FFE74FF40040109002E0FD
:1083100000201090FFE7FFE7FFE7FFE7FFE7FFE739
:1083200001F0BCBC40F6D840C4F20240006800F046
:1083300060500E900E9820B9FFE703F08FFB10906D
:1083400071E040F60040C4F20240006800010028DD
:108350000BD5FFE70E98B0F1006F06D1FFE714A828
:10836000FEF72CFD159810905CE040F60040C4F23A
:1083700002400068800000280BD5FFE70E98B0F19E
:10838000805F06D1FFE711A8FEF794FE12981090C7
:1083900047E040F60040C4F2024000688007002831
:1083A00013D5FFE70E98B0F1C05F0ED1FFE740F69E
:1083B0000040C4F202400068C0F3C10149F200006D
:1083C000C0F2D030C84010902AE040F60040C4F21D
:1083D00002400068800500280BD5FFE70E98B0F139
:1083E000005F06D1FFE740F60010C0F23D0010909C
:1083F00015E040F6F040C4F2024000688007002813
:1084000009D5FFE70E98B0F1205F04D1FFE74FF4E4
:108410000040109002E000201090FFE7FFE7FFE728
:10842000FFE7FFE7FFE701F039BC40F6DC40C4F2AC
:108430000240006800F007000E900E9820B9FFE798
:1084400003F00CFB10906CE040F60040C4F20240D8
:108450000068000100280AD5FFE70E98012806D120
:10846000FFE714A8FEF7AAFC1598109058E040F614
:108470000040C4F202400068800000280AD5FFE7EF
:108480000E98022806D1FFE711A8FEF713FE1298F6
:10849000109044E040F60040C4F2024000688007BB
:1084A000002812D5FFE70E9803280ED1FFE740F60B
:1084B0000040C4F202400068C0F3C10149F200006C
:1084C000C0F2D030C840109028E040F60040C4F21E
:1084D00002400068800500280AD5FFE70E980428AE
:1084E00006D1FFE740F60010C0F23D00109014E006
:1084F00040F6F040C4F2024000688007002808D52A
:10850000FFE70E98052804D1FFE74FF400401090D4
:1085100002E000201090FFE7FFE7FFE7FFE7FFE73B
:10852000FFE701F0BBBB40F6DC40C4F2024000684C
:1085300000F070000E900E9820B9FFE703F08EFA5D
:1085400010906CE040F60040C4F202400068000168
:1085500000280AD5FFE70E98102806D1FFE714A8D7
:10856000FEF72CFC1598109058E040F60040C4F23D
:1085700002400068800000280AD5FFE70E982028F6
:1085800006D1FFE711A8FEF795FD1298109044E080
:1085900040F60040C4F2024000688007002812D56F
:1085A000FFE70E9830280ED1FFE740F60040C4F2F6
:1085B00002400068C0F3C10149F20000C0F2D030AF
:1085C000C840109028E040F60040C4F20240006825
:1085D000800500280AD5FFE70E98402806D1FFE75E
:1085E00040F60010C0F23D00109014E040F6F0405C
:1085F000C4F2024000688007002808D5FFE70E9803
:10860000502804D1FFE74FF40040109002E0002012
:108610001090FFE7FFE7FFE7FFE7FFE7FFE701F065
:108620003DBB40F6E040C4F20240006800F0E0606C
:108630000E900E9820B9FFE703F038FA10905FE033
:108640000E98B0F1807F06D1FFE714A8FEF7B6FBC5
:108650001598109053E00E98B0F1007F06D1FFE717
:1086600011A8FEF727FD1298109047E040F6004051
:10867000C4F2024000688007002813D5FFE70E9877
:10868000B0F1407F0ED1FFE740F60040C4F2024057
:108690000068C0F3C10149F20000C0F2D030C84008
:1086A00010902AE040F60040C4F2024000688005C5
:1086B00000280BD5FFE70E98B0F1806F06D1FFE7D9
:1086C00040F60010C0F23D00109015E040F6F0407A
:1086D000C4F2024000688007002809D5FFE70E9821
:1086E000B0F1A06F04D1FFE74FF40040109002E01A
:1086F00000201090FFE7FFE7FFE7FFE7FFE7FFE756
:1087000001F0CCBA40F6E840C4F20240006800F044
:1087100007000E900E9820B9FFE703F085F910903E
:108720005AE00E98012804D1FFE703F0D3F9109026
:1087300051E00E98022806D1FFE714A8FEF73EFB91
:108740001698109046E040F60040C4F202400068DF
:10875000800300280AD5FFE70E98032806D1FFE71B
:1087600047F64000C0F27D10109032E040F6004025
:10877000C4F2024000688007002812D5FFE70E9877
:1087800004280ED1FFE740F60040C4F20240006822
:10879000C0F3C10149F20000C0F2D030C8401090CF
:1087A00016E040F60040C4F2024000688005002850
:1087B0000AD5FFE70E98052806D1FFE740F600101E
:1087C000C0F23D00109002E000201090FFE7FFE7AC
:1087D000FFE7FFE7FFE7FFE701F060BA40F6E84098
:1087E000C4F20240006800F008000E9040F6F0402D
:1087F000C4F2024000688007002807D5FFE70E9802
:1088000020B9FFE74FF40040109014E040F6F0402C
:10881000C4F2024000680001002808D5FFE70E9866
:10882000082804D1FFE74FF4FA40109002E000203E
:108830001090FFE7FFE701F031BA40F6E440C4F2E0
:108840000240006800F440300E900E9820B9FFE717
:1088500003F004F9109040E00E98B0F5803F06D187
:10886000FFE711A8FEF726FC1398109034E040F6BD
:108870000040C4F2024000688007002813D5FFE7DB
:108880000E98B0F5003F0ED1FFE740F60040C4F26D
:1088900002400068C0F3C10149F20000C0F2D030CC
:1088A000C840109017E040F60040C4F20240006853
:1088B000800500280BD5FFE70E98B0F5403F06D1A4
:1088C000FFE740F60010C0F23D00109002E00020EB
:1088D0001090FFE7FFE7FFE7FFE701F0DFB940F6A1
:1088E000E440C4F20240006800F440200E900E986C
:1088F00020B9FFE703F0B2F8109040E00E98B0F511
:10890000802F06D1FFE711A8FEF7D4FB1398109033
:1089100034E040F60040C4F20240006880070028BE
:1089200013D5FFE70E98B0F5002F0ED1FFE740F604
:108930000040C4F202400068C0F3C10149F20000E7
:10894000C0F2D030C840109017E040F60040C4F2AA
:1089500002400068800500280BD5FFE70E98B0F5AF
:10896000402F06D1FFE740F60010C0F23D00109006
:1089700002E000201090FFE7FFE7FFE7FFE701F0CC
:108980008DB940F6E440C4F20240006800F44010A3
:108990000E900E9820B9FFE703F088F8109040E0A1
:1089A0000E98B0F5801F06D1FFE711A8FEF782FBF5
:1089B0001398109034E040F60040C4F20240006882
:1089C0008007002813D5FFE70E98B0F5001F0ED1E1
:1089D000FFE740F60040C4F202400068C0F3C10166
:1089E00049F20000C0F2D030C840109017E040F6C5
:1089F0000040C4F202400068800500280BD5FFE764
:108A00000E98B0F5401F06D1FFE740F60010C0F207
:108A10003D00109002E000201090FFE7FFE7FFE725
:108A2000FFE701F03BB940F6E440C4F202400068C1
:108A300000F440000E900E9820B9FFE703F036F8DE
:108A4000109040E00E98B0F5800F06D1FFE711A816
:108A5000FEF730FB1398109034E040F60040C4F26B
:108A6000024000688007002813D5FFE70E98B0F594
:108A7000000F0ED1FFE740F60040C4F2024000684C
:108A8000C0F3C10149F20000C0F2D030C8401090DC
:108A900017E040F60040C4F202400068800500285C
:108AA0000BD5FFE70E98B0F5400F06D1FFE740F673
:108AB0000010C0F23D00109002E000201090FFE78F
:108AC000FFE7FFE7FFE701F0E9B840F6E440C4F252
:108AD0000240006800F040700E900E9820B9FFE749
:108AE00002F0BCFF10902BE00E98B0F1807F06D111
:108AF000FFE711A8FEF7DEFA139810901FE040F68A
:108B00000040C4F2024000688007002813D5FFE748
:108B10000E98B0F1007F0ED1FFE740F60040C4F29E
:108B200002400068C0F3C10149F20000C0F2D03039
:108B3000C840109002E000201090FFE7FFE7FFE739
:108B400001F0ACB840F6DC40C4F20240006800F42A
:108B5000E0600E900E980990C8B1FFE70998B0F553
:108B6000807F18D0FFE70998B0F5007F19D0FFE7A4
:108B70000998B0F5407F1AD0FFE70998B0F5806FEB
:108B800026D0FFE70998B0F5A06F32D081E002F05F
:108B90008DFF109080E014A8FEF710F91498109043
:108BA0007AE011A8FEF786FA1398109074E040F668
:108BB000F040C4F2024000688007002804D5FFE7B7
:108BC0004FF40040109002E000201090FFE763E0B7
:108BD00040F6F040C4F2024000680001002804D5CD
:108BE000FFE74FF4FA40109002E000201090FFE7FA
:108BF00052E040F6E840C4F20240006800F0404015
:108C00000F9040F60040C4F2024000688007002840
:108C100011D5FFE70F9870B9FFE740F60040C4F2A6
:108C200002400068C0F3C10149F20000C0F2D03038
:108C3000C84010902CE040F60040C4F202400068AA
:108C4000800500280BD5FFE70F98B0F1804F06D1C3
:108C5000FFE740F60010C0F23D00109017E040F62C
:108C60000040C4F202400068800300280BD5FFE7F3
:108C70000F98B0F1004F06D1FFE747F64000C0F271
:108C80007D10109002E000201090FFE7FFE7FFE763
:108C900002E000201090FFE701F000B840F6DC4051
:108CA000C4F20240006800F4E0400E900E98089074
:108CB000C8B1FFE70898B0F5805F18D0FFE70898C3
:108CC000B0F5005F19D0FFE70898B0F5405F1AD003
:108CD000FFE70898B0F5804F26D0FFE70898B0F579
:108CE000A04F32D081E002F0B9FE109080E014A8CD
:108CF000FEF764F8149810907AE011A8FEF7DAF9FC
:108D00001398109074E040F6F040C4F202400068FE
:108D10008007002804D5FFE74FF40040109002E0E0
:108D200000201090FFE763E040F6F040C4F20240FC
:108D300000680001002804D5FFE74FF4FA401090C6
:108D400002E000201090FFE752E040F6E840C4F255
:108D50000240006800F040400F9040F60040C4F22E
:108D6000024000688007002811D5FFE70F9870B90E
:108D7000FFE740F60040C4F202400068C0F3C101C2
:108D800049F20000C0F2D030C84010902CE040F60C
:108D90000040C4F202400068800500280BD5FFE7C0
:108DA0000F98B0F1804F06D1FFE740F60010C0F2F7
:108DB0003D00109017E040F60040C4F20240006809
:108DC000800300280BD5FFE70F98B0F1004F06D1C4
:108DD000FFE747F64000C0F27D10109002E000204F
:108DE0001090FFE7FFE7FFE702E000201090FFE7A9
:108DF00000F054BF40F6DC40C4F20240006800F4CA
:108E0000E0200E900E980790C8B1FFE70798B0F5E4
:108E1000803F18D0FFE70798B0F5003F19D0FFE773
:108E20000798B0F5403F1AD0FFE70798B0F5802FBC
:108E300026D0FFE70798B0F5A02F32D081E002F0EE
:108E400035FE109080E014A8FDF7B8FF149810903C
:108E50007AE011A8FEF72EF91398109074E040F60E
:108E6000F040C4F2024000688007002804D5FFE704
:108E70004FF40040109002E000201090FFE763E004
:108E800040F6F040C4F2024000680001002804D51A
:108E9000FFE74FF4FA40109002E000201090FFE747
:108EA00052E040F6E840C4F20240006800F0404062
:108EB0000F9040F60040C4F202400068800700288E
:108EC00011D5FFE70F9870B9FFE740F60040C4F2F4
:108ED00002400068C0F3C10149F20000C0F2D03086
:108EE000C84010902CE040F60040C4F202400068F8
:108EF000800500280BD5FFE70F98B0F1804F06D111
:108F0000FFE740F60010C0F23D00109017E040F679
:108F10000040C4F202400068800300280BD5FFE740
:108F20000F98B0F1004F06D1FFE747F64000C0F2BE
:108F30007D10109002E000201090FFE7FFE7FFE7B0
:108F400002E000201090FFE700F0A8BE40F6DC40F1
:108F5000C4F20240006800F4E0000E900E98069003
:108F6000C8B1FFE70698B0F5801F18D0FFE7069854
:108F7000B0F5001F19D0FFE70698B0F5401F1AD0D2
:108F8000FFE70698B0F5800F26D0FFE70698B0F50A
:108F9000A00F32D081E002F089FD109080E014A88B
:108FA000FDF70CFF149810907AE011A8FEF782F8F4
:108FB0001398109074E040F6F040C4F2024000684C
:108FC0008007002804D5FFE74FF40040109002E02E
:108FD00000201090FFE763E040F6F040C4F202404A
:108FE00000680001002804D5FFE74FF4FA40109014
:108FF00002E000201090FFE752E040F6E840C4F2A3
:109000000240006800F040400F9040F60040C4F27B
:10901000024000688007002811D5FFE70F9870B95B
:10902000FFE740F60040C4F202400068C0F3C1010F
:1090300049F20000C0F2D030C84010902CE040F659
:109040000040C4F202400068800500280BD5FFE70D
:109050000F98B0F1804F06D1FFE740F60010C0F244
:109060003D00109017E040F60040C4F20240006856
:10907000800300280BD5FFE70F98B0F1004F06D111
:10908000FFE747F64000C0F27D10109002E000209C
:109090001090FFE7FFE7FFE702E000201090FFE7F6
:1090A00000F0FCBD40F6DC40C4F20240006800F075
:1090B000E0600E900E980590C8B1FFE70598B0F1FA
:1090C000807F18D0FFE70598B0F1007F19D0FFE747
:1090D0000598B0F1407F1AD0FFE70598B0F1806F96
:1090E00026D0FFE70598B0F1A06F32D081E002F002
:1090F000DDFC109080E014A8FDF760FE149810903D
:109100007AE011A8FDF7D6FF1398109074E040F6AE
:10911000F040C4F2024000688007002804D5FFE751
:109120004FF40040109002E000201090FFE763E051
:1091300040F6F040C4F2024000680001002804D567
:10914000FFE74FF4FA40109002E000201090FFE794
:1091500052E040F6E840C4F20240006800F04040AF
:109160000F9040F60040C4F20240006880070028DB
:1091700011D5FFE70F9870B9FFE740F60040C4F241
:1091800002400068C0F3C10149F20000C0F2D030D3
:10919000C84010902CE040F60040C4F20240006845
:1091A000800500280BD5FFE70F98B0F1804F06D15E
:1091B000FFE740F60010C0F23D00109017E040F6C7
:1091C0000040C4F202400068800300280BD5FFE78E
:1091D0000F98B0F1004F06D1FFE747F64000C0F20C
:1091E0007D10109002E000201090FFE7FFE7FFE7FE
:1091F00002E000201090FFE700F050BD40F6DC4098
:10920000C4F20240006800F0E0400E900E98049016
:10921000C8B1FFE70498B0F1805F18D0FFE7049869
:10922000B0F1005F19D0FFE70498B0F1405F1AD0A9
:10923000FFE70498B0F1804F26D0FFE70498B0F123
:10924000A04F32D081E002F031FC109080E014A8F1
:10925000FDF7B4FD149810907AE011A8FDF72AFFED
:109260001398109074E040F6F040C4F20240006899
:109270008007002804D5FFE74FF40040109002E07B
:1092800000201090FFE763E040F6F040C4F2024097
:1092900000680001002804D5FFE74FF4FA40109061
:1092A00002E000201090FFE752E040F6E840C4F2F0
:1092B0000240006800F040400F9040F60040C4F2C9
:1092C000024000688007002811D5FFE70F9870B9A9
:1092D000FFE740F60040C4F202400068C0F3C1015D
:1092E00049F20000C0F2D030C84010902CE040F6A7
:1092F0000040C4F202400068800500280BD5FFE75B
:109300000F98B0F1804F06D1FFE740F60010C0F291
:109310003D00109017E040F60040C4F202400068A3
:10932000800300280BD5FFE70F98B0F1004F06D15E
:10933000FFE747F64000C0F27D10109002E00020E9
:109340001090FFE7FFE7FFE702E000201090FFE743
:1093500000F0A4BC40F6E840C4F20240006800F40B
:1093600040700E9040F60040C4F202400068800356
:10937000002809D5FFE70E9830B9FFE747F640000F
:10938000C0F27D1010901AE00E98B0F5807F06D1E3
:10939000FFE717A8FDF796FB189810900EE00E98BF
:1093A000B0F5007F06D1FFE714A8FDF707FD15987B
:1093B000109002E000201090FFE7FFE7FFE700F0C9
:1093C0006DBC40F6E040C4F20240006800F00700C7
:1093D0000E900E98039004286DD80399DFE801F0F1
:1093E00003090F151B0017A8FDF76CFB18981090C8
:1093F00064E014A8FDF7E2FC149810905EE011A858
:10940000FDF758FE1198109058E048F20000C0F2A5
:10941000BB00109052E040F6E840C4F20240006801
:1094200000F040400F9040F60040C4F20240006857
:109430008007002811D5FFE70F9870B9FFE740F6C5
:109440000040C4F202400068C0F3C10149F20000CC
:10945000C0F2D030C84010902CE040F60040C4F27A
:1094600002400068800500280BD5FFE70F98B0F197
:10947000804F06D1FFE740F60010C0F23D0010908B
:1094800017E040F60040C4F2024000688003002864
:109490000BD5FFE70F98B0F1004F06D1FFE747F675
:1094A0004000C0F27D10109002E000201090FFE715
:1094B000FFE7FFE702E000201090FFE700F0EEBBBF
:1094C00040F6E040C4F20240006800F038000E9020
:1094D0000E980290202800F27C800299DFE801F0CB
:1094E00011797979797979791779797979797979B6
:1094F0001D7979797979797923797979797979798E
:10950000290017A8FDF7DEFA1898109064E014A857
:10951000FDF754FC149810905EE011A8FDF7CAFD09
:109520001198109058E048F20000C0F2BB00109073
:1095300052E040F6E840C4F20240006800F04040CB
:109540000F9040F60040C4F20240006880070028F7
:1095500011D5FFE70F9870B9FFE740F60040C4F25D
:1095600002400068C0F3C10149F20000C0F2D030EF
:10957000C84010902CE040F60040C4F20240006861
:10958000800500280BD5FFE70F98B0F1804F06D17A
:10959000FFE740F60010C0F23D00109017E040F6E3
:1095A0000040C4F202400068800300280BD5FFE7AA
:1095B0000F98B0F1004F06D1FFE747F64000C0F228
:1095C0007D10109002E000201090FFE7FFE7FFE71A
:1095D00002E000201090FFE760E340F6E040C4F2B4
:1095E0000240006800F4E0700E900E98019088B17F
:1095F000FFE70198402813D0FFE70198802815D095
:10960000FFE70198C02817D0FFE70198B0F5807FE9
:1096100018D067E017A8FDF755FA1898109064E085
:1096200014A8FDF7CBFB149810905EE011A8FDF78D
:1096300041FD1198109058E048F20000C0F2BB00C4
:10964000109052E040F6E840C4F20240006800F09A
:1096500040400F9040F60040C4F20240006880078E
:10966000002811D5FFE70F9870B9FFE740F60040DA
:10967000C4F202400068C0F3C10149F20000C0F228
:10968000D030C84010902CE040F60040C4F20240B8
:109690000068800500280BD5FFE70F98B0F1804FD8
:1096A00006D1FFE740F60010C0F23D00109017E031
:1096B00040F60040C4F202400068800300280BD549
:1096C000FFE70F98B0F1004F06D1FFE747F64000E3
:1096D000C0F27D10109002E000201090FFE7FFE73D
:1096E000FFE702E000201090FFE7D7E240F6E040FD
:1096F000C4F20240006800F460600E900E9820B939
:10970000FFE702F0BFF9109073E040F60040C4F2AA
:1097100002400068000100280BD5FFE70E98B0F565
:10972000007F06D1FFE714A8FDF748FB15981090BD
:109730005EE040F60040C4F202400068800000286D
:109740000BD5FFE70E98B0F5806F06D1FFE711A8A3
:10975000FDF7B0FC1298109049E040F60040C4F2CA
:10976000024000688007002813D5FFE70E98B0F587
:10977000C06F0ED1FFE740F60040C4F2024000681F
:10978000C0F3C10149F20000C0F2D030C8401090CF
:109790002CE040F60040C4F202400068800500283A
:1097A0000BD5FFE70E98B0F5006F06D1FFE740F646
:1097B0000010C0F23D00109017E040F60040C4F2E7
:1097C00002400068800300280BD5FFE70E98B0F533
:1097D000206F06D1FFE747F64000C0F27D101090E1
:1097E00002E000201090FFE7FFE7FFE7FFE7FFE759
:1097F000FFE753E240F6E040C4F20240006800F4A4
:10980000E0400E900E9820B9FFE702F04FF910905B
:1098100073E040F60040C4F20240006800010028F6
:109820000BD5FFE70E98B0F5805F06D1FFE714A8CF
:10983000FDF7C4FA159810905EE040F60040C4F2BF
:1098400002400068800000280BD5FFE70E98B0F5B5
:10985000005F06D1FFE711A8FDF72CFC12981090CD
:1098600049E040F60040C4F202400068800700284A
:1098700013D5FFE70E98B0F5405F0ED1FFE740F635
:109880000040C4F202400068C0F3C10149F2000088
:10989000C0F2D030C84010902CE040F60040C4F236
:1098A00002400068800500280BD5FFE70E98B0F550
:1098B000804F06D1FFE740F60010C0F23D00109047
:1098C00017E040F60040C4F2024000688003002820
:1098D0000BD5FFE70E98B0F5A04F06D1FFE747F68E
:1098E0004000C0F27D10109002E000201090FFE7D1
:1098F000FFE7FFE7FFE7FFE7FFE7CFE140F6E040E4
:10990000C4F20240006800F460300E900E9820B956
:10991000FFE702F0B7F8109073E040F60040C4F2A1
:1099200002400068000100280BD5FFE70E98B0F553
:10993000004F06D1FFE714A8FDF740FA15981090E4
:109940005EE040F60040C4F202400068800000285B
:109950000BD5FFE70E98B0F5803F06D1FFE711A8C1
:10996000FDF7A8FB1298109049E040F60040C4F2C1
:10997000024000688007002813D5FFE70E98B0F575
:10998000C03F0ED1FFE740F60040C4F2024000683D
:10999000C0F3C10149F20000C0F2D030C8401090BD
:1099A0002CE040F60040C4F2024000688005002828
:1099B0000BD5FFE70E98B0F5003F06D1FFE740F664
:1099C0000010C0F23D00109017E040F60040C4F2D5
:1099D00002400068800300280BD5FFE70E98B0F521
:1099E000203F06D1FFE747F64000C0F27D101090FF
:1099F00002E000201090FFE7FFE7FFE7FFE7FFE747
:109A0000FFE74BE140F6E440C4F20240006800F09A
:109A100003000E900E980090032864D80099DFE8A8
:109A200001F002060C1201F0FFFF10905EE017A893
:109A3000FDF748F81898109058E014A8FDF7BEF903
:109A40001698109052E040F6E840C4F202400068D8
:109A500000F040400F9040F60040C4F20240006821
:109A60008007002811D5FFE70F9870B9FFE740F68F
:109A70000040C4F202400068C0F3C10149F2000096
:109A8000C0F2D030C84010902CE040F60040C4F244
:109A900002400068800500280BD5FFE70F98B0F161
:109AA000804F06D1FFE740F60010C0F23D00109055
:109AB00017E040F60040C4F202400068800300282E
:109AC0000BD5FFE70F98B0F1004F06D1FFE747F63F
:109AD0004000C0F27D10109002E000201090FFE7DF
:109AE000FFE7FFE702E000201090FFE7D6E040F636
:109AF000E840C4F20240006800F0C0000E9040F65A
:109B0000F040C4F2024000688007002807D5FFE754
:109B10000E9820B9FFE74FF40040109026E040F681
:109B2000F040C4F2024000680001002808D5FFE7B9
:109B30000E98402804D1FFE74FF4FA40109014E04B
:109B400040F60040C4F2024000688005002808D5B5
:109B5000FFE70E98802804D1FFE748F2120010902A
:109B600002E000201090FFE7FFE7FFE796E040F6F5
:109B7000E840C4F20240006800F030000E9040F669
:109B80000040C4F2024000688004002809D5FFE7C5
:109B90000E9830B9FFE746F60040C0F2DC20109086
:109BA0003AE040F60040C4F202400068800100281C
:109BB0000AD5FFE70E98102806D1FFE717A8FCF793
:109BC00081FF1898109026E040F6F040C4F2024061
:109BD00000688007002808D5FFE70E98202804D1E8
:109BE000FFE74FF40040109014E040F6F040C4F25C
:109BF000024000680001002808D5FFE70E983028D1
:109C000004D1FFE74FF4FA40109002E000201090DA
:109C1000FFE7FFE7FFE7FFE740E040F6E440C4F27C
:109C20000240006800F030000E900E98102806D117
:109C3000FFE717A8FCF746FF189810902EE040F6B3
:109C40000040C4F202400068800000280AD5FFE707
:109C50000E98202806D1FFE711A8FDF72BFA1298DD
:109C6000109016E040F60040C4F202400068800404
:109C700000280AD5FFE70E98302806D1FFE746F600
:109C80000040C0F2DC20109002E000201090FFE7BE
:109C9000FFE7FFE702E000201090FFE7FFE71098E2
:109CA0001CB080BD80B5ACB02B9000208DF8A30017
:109CB0008DF8A2002B98C078C00760B1FFE740F68E
:109CC000E841C4F20241086820F040402B9A926DAE
:109CD00010430860FFE72B980068C007002837D0C2
:109CE000FFE72B98C06D2790052817D82799DFE844
:109CF00001F003040B12131414E02B98083006F043
:109D000023FC8DF8A3000DE02B98303006F0D2FC38
:109D10008DF8A30006E005E004E003E001208DF8E3
:109D2000A300FFE79DF8A30060B9FFE740F6D84124
:109D3000C4F20241086820F007002B9AD26D10434C
:109D4000086004E09DF8A3008DF8A200FFE7FFE79C
:109D50002B9800788007002840F14A80FFE72B9875
:109D6000006E2690282829D82699DFE801F01527CB
:109D700027272727272716272727272727271D278E
:109D80002727272727272427272727272727252768
:109D9000272727272727260014E02B98083006F0CE
:109DA000D3FB8DF8A3000DE02B98303006F082FC39
:109DB0008DF8A30006E005E004E003E001208DF843
:109DC000A300FFE79DF8A30060B9FFE740F6D84184
:109DD000C4F20241086820F038002B9A126E10433A
:109DE000086004E09DF8A3008DF8A200FFE7FFE7FC
:109DF0002B9800784007002847D5FFE72B98406E46
:109E00002590B0B1FFE72598402813D0FFE72598AB
:109E1000802816D0FFE72598C02819D0FFE725989D
:109E2000B0F5807F15D0FFE72598B0F5A07F11D061
:109E300011E014E02B98083006F086FB8DF8A300A3
:109E40000DE02B98303006F035FC8DF8A30006E0CD
:109E500005E004E003E001208DF8A300FFE79DF892
:109E6000A30060B9FFE740F6D841C4F20241086898
:109E700020F4E0702B9A526E1043086004E09DF8C5
:109E8000A3008DF8A200FFE7FFE72B9800780007FA
:109E900000284AD5FFE72B98806E2490C8B1FFE7D1
:109EA0002498B0F5007F15D0FFE72498B0F5806FB7
:109EB00017D0FFE72498B0F5C06F19D0FFE72498BA
:109EC000B0F5006F15D0FFE72498B0F5206F11D0E2
:109ED00011E014E02B98083006F036FB8DF8A30053
:109EE0000DE02B98303006F0E5FB8DF8A30006E07E
:109EF00005E004E003E001208DF8A300FFE79DF8F2
:109F0000A30060B9FFE740F6D841C4F202410868F7
:109F100020F460602B9A926E1043086004E09DF874
:109F2000A3008DF8A200FFE7FFE72B980078C0069A
:109F300000284AD5FFE72B98C06E2390C8B1FFE7F1
:109F40002398B0F5805F15D0FFE72398B0F5005F48
:109F500017D0FFE72398B0F5405F19D0FFE72398AB
:109F6000B0F5804F15D0FFE72398B0F5A04F11D082
:109F700011E014E02B98083006F0E6FA8DF8A30003
:109F80000DE02B98303006F095FB8DF8A30006E02D
:109F900005E004E003E001208DF8A300FFE79DF851
:109FA000A30060B9FFE740F6D841C4F20241086857
:109FB00020F4E0402B9AD26E1043086004E09DF834
:109FC000A3008DF8A200FFE7FFE72B98007880063A
:109FD00000284AD5FFE72B98006F2290C8B1FFE711
:109FE0002298B0F5004F15D0FFE72298B0F5803FDA
:109FF00017D0FFE72298B0F5C03F19D0FFE72298AD
:10A00000B0F5003F15D0FFE72298B0F5203F11D002
:10A0100011E014E02B98083006F096FA8DF8A300B2
:10A020000DE02B98303006F045FB8DF8A30006E0DC
:10A0300005E004E003E001208DF8A300FFE79DF8B0
:10A04000A30060B9FFE740F6D841C4F202410868B6
:10A0500020F460302B9A126F1043086004E09DF8E2
:10A06000A3008DF8A200FFE7FFE72B9800784006D9
:10A0700000284AD5FFE72B98406F2190C8B1FFE731
:10A080002198B0F5802F15D0FFE72198B0F5002F6B
:10A0900017D0FFE72198B0F5402F19D0FFE721989E
:10A0A000B0F5801F15D0FFE72198B0F5A01F11D0A3
:10A0B00011E014E02B98083006F046FA8DF8A30062
:10A0C0000DE02B98303006F0F5FA8DF8A30006E08D
:10A0D00005E004E003E001208DF8A300FFE79DF810
:10A0E000A30060B9FFE740F6D841C4F20241086816
:10A0F00020F4E0102B9A526F1043086004E09DF8A2
:10A10000A3008DF8A200FFE7FFE72B980078000678
:10A1100000284AD5FFE72B98806F2090C8B1FFE751
:10A120002098B0F5001F15D0FFE72098B0F5800FFC
:10A1300017D0FFE72098B0F5C00F19D0FFE720989F
:10A14000B0F5000F15D0FFE72098B0F5200F11D023
:10A1500011E014E02B98083006F0F6F98DF8A30012
:10A160000DE02B98303006F0A5FA8DF8A30006E03C
:10A1700005E004E003E001208DF8A300FFE79DF86F
:10A18000A30060B9FFE740F6D841C4F20241086875
:10A1900020F460002B9A926F1043086004E09DF851
:10A1A000A3008DF8A200FFE7FFE72B984078C007D7
:10A1B00000284AD0FFE72B98C06F1F90C8B1FFE777
:10A1C0001F98B0F1807F15D0FFE71F98B0F1007F96
:10A1D00017D0FFE71F98B0F1407F19D0FFE71F9815
:10A1E000B0F1806F15D0FFE71F98B0F1A06F11D0CC
:10A1F00011E014E02B98083006F0A6F98DF8A300C2
:10A200000DE02B98303006F055FA8DF8A30006E0EB
:10A2100005E004E003E001208DF8A300FFE79DF8CE
:10A22000A30060B9FFE740F6D841C4F202410868D4
:10A2300020F0E0602B9AD26F1043086004E09DF894
:10A24000A3008DF8A200FFE7FFE72B984078800776
:10A2500000284CD5FFE72B98D0F880001E90C8B19D
:10A26000FFE71E98B0F1006F15D0FFE71E98B0F120
:10A27000805F17D0FFE71E98B0F1C05F19D0FFE7ED
:10A280001E98B0F1005F15D0FFE71E98B0F1205F77
:10A2900011D011E014E02B98083006F055F98DF834
:10A2A000A3000DE02B98303006F004FA8DF8A300DF
:10A2B00006E005E004E003E001208DF8A300FFE7DD
:10A2C0009DF8A30068B9FFE740F6D841C4F2024107
:10A2D000086820F060502B9AD2F880201043086064
:10A2E00004E09DF8A3008DF8A200FFE7FFE72B989C
:10A2F00040784007002839D5FFE72B98D0F8840034
:10A300001D90052817D81D99DFE801F003040B12F2
:10A31000131414E02B98083006F016F98DF8A300FA
:10A320000DE02B98303006F0C5F98DF8A30006E05B
:10A3300005E004E003E001208DF8A300FFE79DF8AD
:10A34000A30068B9FFE740F6DC41C4F202410868A7
:10A3500020F007002B9AD2F884201043086004E014
:10A360009DF8A3008DF8A200FFE7FFE72B98407847
:10A370000007002847D5FFE72B98D0F888001C90ED
:10A38000A0B1FFE71C98102811D0FFE71C982028E7
:10A3900014D0FFE71C98302817D0FFE71C984028FE
:10A3A00014D0FFE71C98502811D011E014E02B982E
:10A3B000083006F0C9F88DF8A3000DE02B98303076
:10A3C00006F078F98DF8A30006E005E004E003E06C
:10A3D00001208DF8A300FFE79DF8A30068B9FFE70F
:10A3E00040F6DC41C4F20241086820F070002B9A6C
:10A3F000D2F888201043086004E09DF8A3008DF88F
:10A40000A200FFE7FFE72B984078C00600284CD554
:10A41000FFE72B98D0F88C001B90C8B1FFE71B9882
:10A42000B0F1807F15D0FFE71B98B0F1007F17D007
:10A43000FFE71B98B0F1407F19D0FFE71B98B0F100
:10A44000806F15D0FFE71B98B0F1A06F11D011E01D
:10A4500014E02B98083006F077F88DF8A3000DE093
:10A460002B98303006F026F98DF8A30006E005E0C1
:10A4700004E003E001208DF8A300FFE79DF8A300AE
:10A4800068B9FFE740F6E041C4F20241086820F0F5
:10A49000E0602B9AD2F88C201043086004E09DF80D
:10A4A000A3008DF8A200FFE7FFE72B984078800615
:10A4B00000283AD5FFE72B98D0F890001A9078B191
:10A4C000FFE71A98B0F5803F0BD0FFE71A98B0F578
:10A4D000003F0DD0FFE71A98B0F5403F09D009E0E2
:10A4E0000CE02B98303006F0E5F88DF8A30005E07D
:10A4F00004E003E001208DF8A300FFE79DF8A3002E
:10A5000068B9FFE740F6E441C4F20241086820F46C
:10A5100040302B9AD2F890201043086004E09DF858
:10A52000A3008DF8A200FFE7FFE72B9840784006D4
:10A5300000283AD5FFE72B98D0F89400199078B10D
:10A54000FFE71998B0F5802F0BD0FFE71998B0F509
:10A55000002F0DD0FFE71998B0F5402F09D009E082
:10A560000CE02B98303006F0A5F88DF8A30005E03C
:10A5700004E003E001208DF8A300FFE79DF8A300AD
:10A5800068B9FFE740F6E441C4F20241086820F4EC
:10A5900040202B9AD2F894201043086004E09DF8E4
:10A5A000A3008DF8A200FFE7FFE72B984078000694
:10A5B00000283AD5FFE72B98D0F89800189078B18A
:10A5C000FFE71898B0F5801F0BD0FFE71898B0F59B
:10A5D000001F0DD0FFE71898B0F5401F09D009E023
:10A5E0000CE02B98303006F065F88DF8A30005E0FC
:10A5F00004E003E001208DF8A300FFE79DF8A3002D
:10A6000068B9FFE740F6E441C4F20241086820F46B
:10A6100040102B9AD2F898201043086004E09DF86F
:10A62000A3008DF8A200FFE7FFE72B9840794007D1
:10A6300000283AD5FFE72B98D0F89C00179078B106
:10A64000FFE71798B0F5800F0BD0FFE71798B0F52C
:10A65000000F0DD0FFE71798B0F5400F09D009E0C3
:10A660000CE02B98303006F025F88DF8A30005E0BB
:10A6700004E003E001208DF8A300FFE79DF8A300AC
:10A6800068B9FFE740F6E441C4F20241086820F4EB
:10A6900040002B9AD2F89C201043086004E09DF8FB
:10A6A000A3008DF8A200FFE7FFE72B988078C00792
:10A6B000A0B3FFE72B98D0F8A000169050B1FFE7A9
:10A6C0001698B0F1807F06D0FFE71698B0F1007FB2
:10A6D00008D008E00BE02B98303005F0EBFF8DF848
:10A6E000A30004E003E001208DF8A300FFE79DF83C
:10A6F000A30068B9FFE740F6E441C4F202410868EC
:10A7000020F040702B9AD2F8A0201043086004E09B
:10A710009DF8A3008DF8A200FFE7FFE72B98407992
:10A720000007002811D5FFE7FFE740F61C41C4F2FF
:10A730000241086820F4004008602B98D0F80421FA
:10A74000086810430860FFE7FFE72B9880788007D0
:10A7500000284CD5FFE72B98D0F8A4001590C8B17D
:10A76000FFE71598B0F5807F15D0FFE71598B0F595
:10A77000007F17D0FFE71598B0F5407F19D0FFE7AD
:10A780001598B0F5806F15D0FFE71598B0F5A06F5C
:10A7900011D011E014E02B98083005F0D5FE8DF8AB
:10A7A000A3000DE02B98303005F084FF8DF8A30056
:10A7B00006E005E004E003E001208DF8A300FFE7D8
:10A7C0009DF8A30068B9FFE740F6DC41C4F20241FE
:10A7D000086820F4E0602B9AD2F8A42010430860A7
:10A7E00004E09DF8A3008DF8A200FFE7FFE72B9897
:10A7F0008078400700284CD5FFE72B98D0F8A800B8
:10A800001490C8B1FFE71498B0F5805F15D0FFE74A
:10A810001498B0F5005F17D0FFE71498B0F5405FCB
:10A8200019D0FFE71498B0F5804F15D0FFE71498C2
:10A83000B0F5A04F11D011E014E02B98083005F0CE
:10A8400083FE8DF8A3000DE02B98303005F032FF29
:10A850008DF8A30006E005E004E003E001208DF898
:10A86000A300FFE79DF8A30068B9FFE740F6DC41CD
:10A87000C4F20241086820F4E0402B9AD2F8A820E4
:10A880001043086004E09DF8A3008DF8A200FFE7E4
:10A89000FFE72B980079800600284CD5FFE72B981E
:10A8A000D0F8AC001390C8B1FFE71398B0F5803F23
:10A8B00015D0FFE71398B0F5003F17D0FFE71398C6
:10A8C000B0F5403F19D0FFE71398B0F5802F15D0B1
:10A8D000FFE71398B0F5A02F11D011E014E02B98EA
:10A8E000083005F031FE8DF8A3000DE02B983030D4
:10A8F00005F0E0FE8DF8A30006E005E004E003E0CB
:10A9000001208DF8A300FFE79DF8A30068B9FFE7D9
:10A9100040F6DC41C4F20241086820F4E0202B9AA2
:10A92000D2F8AC201043086004E09DF8A3008DF835
:10A93000A200FFE7FFE72B980079400600284CD5DE
:10A94000FFE72B98D0F8B0001290C8B1FFE712983B
:10A95000B0F5801F15D0FFE71298B0F5001F17D093
:10A96000FFE71298B0F5401F19D0FFE71298B0F535
:10A97000800F15D0FFE71298B0F5A00F11D011E0AD
:10A9800014E02B98083005F0DFFD8DF8A3000DE0F2
:10A990002B98303005F08EFE8DF8A30006E005E020
:10A9A00004E003E001208DF8A300FFE79DF8A30079
:10A9B00068B9FFE740F6DC41C4F20241086820F4C0
:10A9C000E0002B9AD2F8B0201043086004E09DF814
:10A9D000A3008DF8A200FFE7FFE72B98007900069F
:10A9E00000284CD5FFE72B98D0F8B4001190C8B1DF
:10A9F000FFE71198B0F1807F15D0FFE71198B0F113
:10AA0000007F17D0FFE71198B0F1407F19D0FFE722
:10AA10001198B0F1806F15D0FFE71198B0F1A06FD9
:10AA200011D011E014E02B98083005F08DFD8DF861
:10AA3000A3000DE02B98303005F03CFE8DF8A3000C
:10AA400006E005E004E003E001208DF8A300FFE745
:10AA50009DF8A30068B9FFE740F6DC41C4F202416B
:10AA6000086820F0E0602B9AD2F8B4201043086008
:10AA700004E09DF8A3008DF8A200FFE7FFE72B9804
:10AA80004079C00700284CD0FFE72B98D0F8B800D9
:10AA90001090C8B1FFE71098B0F1805F15D0FFE7C4
:10AAA0001098B0F1005F17D0FFE71098B0F1405F49
:10AAB00019D0FFE71098B0F1804F15D0FFE710983C
:10AAC000B0F1A04F11D011E014E02B98083005F040
:10AAD0003BFD8DF8A3000DE02B98303005F0EAFD2A
:10AAE0008DF8A30006E005E004E003E001208DF806
:10AAF000A300FFE79DF8A30068B9FFE740F6DC413B
:10AB0000C4F20241086820F0E0402B9AD2F8B82045
:10AB10001043086004E09DF8A3008DF8A200FFE751
:10AB2000FFE72B988078000700284ED5FFE72B9889
:10AB3000D0F8C0000F90A0B1FFE70F98B0F5803FAC
:10AB400018D0FFE70F98B0F5003F1AD0FFE70F9835
:10AB5000B0F5403F1CD0FFE70F98B0F5802F18D01C
:10AB600018E040F62841C4F20241086840F4003081
:10AB7000086013E02B98083005F0E6FC8DF8A30080
:10AB80000CE02B98303005F095FD8DF8A30005E022
:10AB900004E003E001208DF8A300FFE79DF8A30087
:10ABA00068B9FFE740F6E841C4F20241086820F4C2
:10ABB000E0202B9AD2F8C0201043086004E09DF8F2
:10ABC000A3008DF8A200FFE7FFE72B988078C0066E
:10ABD00000284DD5FFE72B98D0F8C4000E90A0B107
:10ABE000FFE70E98B0F5002F18D0FFE70E98B0F5EC
:10ABF000801F1AD0FFE70E98B0F5C01F1CD0FFE7EA
:10AC00000E98B0F5001F17D017E040F62841C4F2A7
:10AC10000241086840F40030086012E02B980830C8
:10AC200005F092FC8DF8A3000BE02B98303005F076
:10AC300041FD8DF8A30004E003E001208DF8A3009E
:10AC4000FFE79DF8A30068B9FFE740F6E841C4F2CA
:10AC50000241086820F460102B9AD2F8C4201043F7
:10AC6000086004E09DF8A3008DF8A200FFE7FFE76D
:10AC70002B9880788006002834D5FFE72B98D0F8F1
:10AC8000D4000D90022809D3FFE70D98022806D0C2
:10AC9000FFE70D980338032808D308E00BE02B9852
:10ACA000083005F051FC8DF8A30004E003E001201A
:10ACB0008DF8A300FFE79DF8A30068B9FFE740F611
:10ACC000E841C4F20241086820F007002B9AD2F84C
:10ACD000D4201043086004E09DF8A3008DF8A20082
:10ACE000FFE7FFE72B9840798007002827D5FFE78B
:10ACF0002B98D0F8D8000C9020B1FFE70C980828CA
:10AD000001D001E004E003E001208DF8A300FFE79B
:10AD10009DF8A30068B9FFE740F6E841C4F202419C
:10AD2000086820F008002B9AD2F8D8201043086059
:10AD300004E09DF8A3008DF8A200FFE7FFE72B9841
:10AD4000C0788007002840F1B580FFE740F6240175
:10AD5000C4F20241086840F001000860FBF7DAFC29
:10AD60002990FFE740F62400C4F202400068C007C3
:10AD700060B9FFE7FBF7CEFC2999401A032804D3FA
:10AD8000FFE703208DF8A30000E0EBE79DF8A300A8
:10AD9000002840F08980FFE740F6F040C4F202400E
:10ADA000006800F440702A902A98D0B1FFE72A98F2
:10ADB0002B99D1F8F810884213D0FFE740F6F04104
:10ADC000C4F20241086820F440702A90086840F4F8
:10ADD00080300860086820F4803008602A98086095
:10ADE000FFE79DF8A800C007E0B1FFE7FBF792FC82
:10ADF0002990FFE740F6F040C4F202400068800767
:10AE000000280ED4FFE7FBF785FC2999401A41F290
:10AE10008931884204D3FFE703208DF8A30000E0C6
:10AE2000E8E7FFE79DF8A300C0BBFFE7FFE72B982B
:10AE3000D0F8F80000F44070B0F5407F13D1FFE780
:10AE400040F61C41C4F20241086820F47C502B9A61
:10AE5000D2F8F8204FF6F043C0F6FF731A4040EAEC
:10AE60001210086008E040F61C41C4F20241086874
:10AE700020F47C500860FFE740F6F041C4F2024144
:10AE8000086820F4407008602B98D0F8F8206FF321
:10AE90001F32086810430860FFE704E09DF8A30034
:10AEA0008DF8A200FFE704E09DF8A3008DF8A20052
:10AEB000FFE7FFE72B98C0784007002839D5FFE768
:10AEC0002B98D0F8C8000B9060B1FFE70B981028C2
:10AED00009D0FFE70B9820280ED0FFE70B98302809
:10AEE0000BD00BE00EE040F62841C4F202410868A6
:10AEF00040F40030086005E004E003E001208DF834
:10AF0000A300FFE79DF8A30068B9FFE740F6E8411A
:10AF1000C4F20241086820F030002B9AD2F8C82011
:10AF20001043086004E09DF8A3008DF8A200FFE73D
:10AF3000FFE72B9880784006002835D5FFE72B984F
:10AF4000D0F8CC000A9020B1FFE70A98402809D039
:10AF50000FE040F62841C4F20241086840F4003096
:10AF600008600AE02B98083005F0EEFA8DF8A3008F
:10AF700003E001208DF8A300FFE79DF8A30068B966
:10AF8000FFE740F6E441C4F20241086820F04000C7
:10AF90002B9AD2F8CC201043086004E09DF8A3005F
:10AFA0008DF8A200FFE7FFE72B98807800060028C5
:10AFB00035D5FFE72B98D0F8D000099020B1FFE7F6
:10AFC0000998802809D00FE040F62841C4F20241D8
:10AFD000086840F4003008600AE02B98083005F05B
:10AFE000B3FA8DF8A30003E001208DF8A300FFE77A
:10AFF0009DF8A30068B9FFE740F6E441C4F20241BE
:10B00000086820F080002B9AD2F8D0201043086006
:10B0100004E09DF8A3008DF8A200FFE7FFE72B985E
:10B02000C0780007002840D5FFE72B98D0F8E00053
:10B03000089004281ED80899DFE801F0030C131AC1
:10B040001B0040F62841C4F20241086840F4003079
:10B05000086013E02B98083005F076FA8DF8A3000D
:10B060000CE02B98303005F025FB8DF8A30005E0AF
:10B0700004E003E001208DF8A300FFE79DF8A300A2
:10B0800068B9FFE740F6E041C4F20241086820F0E9
:10B0900007002B9AD2F8E0201043086004E09DF8E6
:10B0A000A3008DF8A200FFE7FFE72B98C078C00649
:10B0B000002840F14F80FFE72B98D0F8E40007907C
:10B0C00020282CD80799DFE801F0112A2A2A2A2AF9
:10B0D0002A2A1A2A2A2A2A2A2A2A212A2A2A2A2AE9
:10B0E0002A2A282A2A2A2A2A2A2A290040F62841F6
:10B0F000C4F20241086840F40030086013E02B9865
:10B10000083005F021FA8DF8A3000CE02B983030C0
:10B1100005F0D0FA8DF8A30005E004E003E001207B
:10B120008DF8A300FFE79DF8A30068B9FFE740F69C
:10B13000E041C4F20241086820F038002B9AD2F8AE
:10B14000E4201043086004E09DF8A3008DF8A200FD
:10B15000FFE7FFE72B98C078800600284BD5FFE774
:10B160002B98D0F8E800069088B1FFE706984028B1
:10B1700016D0FFE70698802819D0FFE70698C02868
:10B180001CD0FFE70698B0F5807F18D018E040F695
:10B190002841C4F20241086840F40030086013E01E
:10B1A0002B98083005F0D0F98DF8A3000CE02B980F
:10B1B000303005F07FFA8DF8A30005E004E003E0ED
:10B1C00001208DF8A300FFE79DF8A30068B9FFE711
:10B1D00040F6E041C4F20241086820F4E0702B9A86
:10B1E000D2F8E8201043086004E09DF8A3008DF831
:10B1F000A200FFE7FFE72B98C078400600284CD557
:10B20000FFE72B98D0F8EC000590C8B1FFE7059850
:10B21000B0F5007F15D0FFE70598B0F5806F17D027
:10B22000FFE70598B0F5C06F19D0FFE70598B0F5B6
:10B23000006F15D0FFE70598B0F5206F11D011E031
:10B2400014E02B98083005F07FF98DF8A3000DE08D
:10B250002B98303005F02EFA8DF8A30006E005E0BB
:10B2600004E003E001208DF8A300FFE79DF8A300B0
:10B2700068B9FFE740F6E041C4F20241086820F4F3
:10B2800060602B9AD2F8EC201043086004E09DF82F
:10B29000A3008DF8A200FFE7FFE72B98C078000617
:10B2A00000284CD5FFE72B98D0F8F0000490C8B1E7
:10B2B000FFE70498B0F5805F15D0FFE70498B0F57C
:10B2C000005F17D0FFE70498B0F5405F19D0FFE7A3
:10B2D0000498B0F5804F15D0FFE70498B0F5A04F63
:10B2E00011D011E014E02B98083005F02DF98DF8FD
:10B2F000A3000DE02B98303005F0DCF98DF8A300A9
:10B3000006E005E004E003E001208DF8A300FFE77C
:10B310009DF8A30068B9FFE740F6E041C4F202419E
:10B32000086820F4E0402B9AD2F8F020104308601F
:10B3300004E09DF8A3008DF8A200FFE7FFE72B983B
:10B340000079C00700284CD0FFE72B98D0F8F40014
:10B350000390C8B1FFE70398B0F5004F15D0FFE7A1
:10B360000398B0F5803F17D0FFE70398B0F5C03FD2
:10B3700019D0FFE70398B0F5003F15D0FFE7039819
:10B38000B0F5203F11D011E014E02B98083005F003
:10B39000DBF88DF8A3000DE02B98303005F08AF92A
:10B3A0008DF8A30006E005E004E003E001208DF83D
:10B3B000A300FFE79DF8A30068B9FFE740F6E0416E
:10B3C000C4F20241086820F460302B9AD2F8F420CD
:10B3D0001043086004E09DF8A3008DF8A200FFE789
:10B3E000FFE72B9800798007002838D5FFE72B98D6
:10B3F000D0F8DC000290032816D80299DFE801F0AB
:10B4000002030C1314E040F62841C4F2024108681C
:10B4100040F4003008600BE02B98083005F094F8F9
:10B420008DF8A30004E003E001208DF8A300FFE7FE
:10B430009DF8A30068B9FFE740F6E441C4F2024179
:10B44000086820F003002B9AD2F8DC201043086033
:10B4500004E09DF8A3008DF8A200FFE7FFE72B981A
:10B460000079400700283CD5FFE72B98D0F8BC00B6
:10B47000019050B1FFE70198B0F5807F06D0FFE75B
:10B480000198B0F5007F0AD010E013E040F62841A3
:10B49000C4F20241086840F4003008600AE02B98CA
:10B4A000083005F051F88DF8A30003E001208DF875
:10B4B000A300FFE79DF8A30068B9FFE740F6E84165
:10B4C000C4F20241086820F440702B9AD2F8BC20E4
:10B4D0001043086004E09DF8A3008DF8A200FFE788
:10B4E000FFE72B980079C00600283BD5FFE72B9893
:10B4F000D0F800010090102808D0FFE7009820281D
:10B500000DD0FFE70098302810D010E040F6284119
:10B51000C4F20241086840F4003008600BE02B9848
:10B52000303005F0C7F88DF8A30004E003E00120F7
:10B530008DF8A300FFE79DF8A30068B9FFE740F688
:10B54000E441C4F20241086820F030002B9AD2F89E
:10B5500000211043086004E09DF8A3008DF8A200CC
:10B56000FFE7FFE72B980079000700280DD5FFE7DC
:10B5700040F6E841C4F20241086820F0C0002B9A6E
:10B58000D2F8FC2010430860FFE79DF8A2002CB021
:10B5900080BD000080B586B004900391049820B966
:10B5A000FFE701208DF817003AE2039842F200010C
:10B5B000C4F20201096801F00F01884216D9FFE7C1
:10B5C00042F20000C4F20200016821F00F01039A68
:10B5D00011430160006800F00F000399884204D015
:10B5E000FFE701208DF817001AE2FFE704980078C2
:10B5F000C00600281BD5FFE70498406940F62041AB
:10B60000C4F20241096801F4E041B0EB112F0DD9F9
:10B61000FFE740F62041C4F20241086820F4E04010
:10B62000049A526940EA02200860FFE7FFE70498A5
:10B630000078000700281BD5FFE70498006940F652
:10B640002041C4F20241096801F4E061B0EB111F2E
:10B650000DD9FFE740F62041C4F20241086820F40A
:10B66000E060049A126940EA02100860FFE7FFE711
:10B67000049800784007002819D5FFE70498C068AF
:10B6800040F62041C4F20241096801F0700188428D
:10B690000CD9FFE740F62041C4F20241086820F0CF
:10B6A0007000049AD26810430860FFE7FFE704982F
:10B6B00000788007002819D5FFE70498806840F6D5
:10B6C0002041C4F20241096801F00F0188420CD9FF
:10B6D000FFE740F62041C4F20241086820F00F0065
:10B6E000049A926810430860FFE7FFE70498007827
:10B6F000C007002800F0D180FFE7049840680328C5
:10B700000ED1FFE740F60040C4F20240006880011D
:10B71000002804D4FFE701208DF8170080E135E010
:10B720000498406802280ED1FFE740F60040C4F2BA
:10B73000024000688003002804D4FFE701208DF850
:10B7400017006DE121E00498406801280ED1FFE761
:10B7500040F60040C4F2024000688005002804D48E
:10B76000FFE701208DF817005AE10DE040F6004098
:10B77000C4F2024000688007002804D4FFE70120DB
:10B780008DF817004CE1FFE7FFE7FFE740F61C41AB
:10B79000C4F20241086820F00300049A5268104382
:10B7A0000860FAF7B7FF01900498406803281AD19F
:10B7B000FFE7FFE740F61C40C4F20240006800F0DB
:10B7C000180018280ED0FFE7FAF7A4FF0199401AD5
:10B7D00041F28931884204D3FFE703208DF8170036
:10B7E0001EE1E7E758E00498406802281AD1FFE715
:10B7F000FFE740F61C40C4F20240006800F0180069
:10B8000010280ED0FFE7FAF785FF0199401A41F2A0
:10B810008931884204D3FFE703208DF81700FFE049
:10B82000E7E738E00498406801281AD1FFE7FFE70E
:10B8300040F61C40C4F20240006800F018000828DE
:10B840000ED0FFE7FAF766FF0199401A41F28931FD
:10B85000884204D3FFE703208DF81700E0E0E7E714
:10B8600018E0FFE740F61C40C4F20240006810F008
:10B87000180F0ED0FFE7FAF74DFF0199401A41F279
:10B880008931884204D3FFE703208DF81700C7E011
:10B89000E8E7FFE7FFE7FFE7FFE7049800788007A6
:10B8A000002819D5FFE70498806840F62041C4F2CB
:10B8B0000241096801F00F0188420CD2FFE740F60F
:10B8C0002041C4F20241086820F00F00049A9268F7
:10B8D00010430860FFE7FFE7039842F20001C4F25B
:10B8E0000201096801F00F01884216D2FFE742F217
:10B8F0000000C4F20200016821F00F01039A114315
:10B900000160006800F00F000399884204D0FFE74F
:10B9100001208DF8170083E0FFE7049800784007C6
:10B92000002819D5FFE70498C06840F62041C4F20A
:10B930000241096801F0700188420CD2FFE740F62D
:10B940002041C4F20241086820F07000049AD268D5
:10B9500010430860FFE7FFE704980078000700281D
:10B960001BD5FFE70498006940F62041C4F202416C
:10B97000096801F4E061B0EB111F0DD2FFE740F65A
:10B980002041C4F20241086820F4E060049A126980
:10B9900040EA02100860FFE7FFE704980078C0065D
:10B9A00000281BD5FFE70498406940F62041C4F207
:10B9B0000241096801F4E041B0EB112F0DD2FFE71D
:10B9C00040F62041C4F20241086820F4E040049AA5
:10B9D000526940EA02200860FFE7FFE700F07AF8CA
:10B9E00040F62041C4F20241096801F00F0244F61A
:10B9F000D441C0F60101895CC84040F22001C2F286
:10BA00000001086040F29820C2F200000068FAF7D6
:10BA1000EFFE8DF80B009DF80B008DF81700FFE787
:10BA20009DF8170006B080BD80B500F053F840F6D1
:10BA30002041C4F20241096801F00F0244F6D441EA
:10BA4000C0F60101895C01F01F0120FA01F140F20A
:10BA50002000C2F200000160006880BD80B5FFF7E1
:10BA6000E3FF40F62041C4F202410968C1F302122B
:10BA700044F6E441C0F60101895C01F01F01C840B1
:10BA800080BD000080B5FFF7CFFF40F62041C4F233
:10BA900002410968C1F3022244F6E441C0F6010103
:10BAA000895C01F01F01C84080BD000080B5FFF730
:10BAB000BBFF40F62041C4F202410968C1F30232E3
:10BAC00044F6E441C0F60101895C01F01F01C84061
:10BAD00080BD000089B040F61C40C4F202400068FE
:10BAE00000F01800082806D1FFE740F60010C0F269
:10BAF0003D00049048E140F61C40C4F2024000685A
:10BB000010F0180F21D1FFE740F60040C4F20240C8
:10BB1000006800F020010020B0EB511F0ED0FFE7BD
:10BB200040F60040C4F202400068C0F3C10149F28F
:10BB30000000C0F2D030C840049005E049F2000097
:10BB4000C0F2D0300490FFE71DE140F61C40C4F283
:10BB50000240006800F01800102806D1FFE747F601
:10BB60004000C0F27D1004900CE140F61C40C4F28D
:10BB70000240006800F01800182840F0FC80FFE741
:10BB800040F62840C4F20240016801F00301089128
:10BB90000168C1F3052106910068C0F3001005900B
:10BBA000059840F63841C4F20241096889B2C908D3
:10BBB00000FB01F000EE100AB8EE400A8DED020A1B
:10BBC0000698002800F0D380FFE70898009001282D
:10BBD00009D0FFE70098022800F08D80FFE7009869
:10BBE000032864D088E040F60040C4F202400068B8
:10BBF00000F020010020B0EB511F33D0FFE740F6EA
:10BC00000040C4F202400068C0F3C10149F20000E4
:10BC1000C0F2D030C84003909DED030AB8EE400A50
:10BC20009DED061AB8EE411A80EE010A40F6344046
:10BC3000C4F2024000686FF35F2001EE100AB8EE14
:10BC4000411A9DED022A9FED533A22EE032A31EE6E
:10BC5000021AB7EE002A31EE021A20EE010A8DED2B
:10BC6000010A23E09DED060AB8EE401A9FED4A0A4C
:10BC700080EE010A40F63440C4F2024000686FF3DF
:10BC80005F2001EE100AB8EE411A9DED022A9FEDE9
:10BC9000413A22EE032A31EE021AB7EE002A31EEC3
:10BCA000021A20EE010A8DED010AFFE748E09DED42
:10BCB000060AB8EE401A9FED360A80EE010A40F6F9
:10BCC0003440C4F2024000686FF35F2001EE100AB6
:10BCD000B8EE411A9DED022A9FED2E3A22EE032A7C
:10BCE00031EE021AB7EE002A31EE021A20EE010AF6
:10BCF0008DED010A24E0FFE79DED060AB8EE401A3B
:10BD00009FED260A80EE010A40F63440C4F202405C
:10BD100000686FF35F2001EE100AB8EE411A9DED46
:10BD2000022A9FED1C3A22EE032A31EE021AB7EEE8
:10BD3000002A31EE021A20EE010A8DED010AFFE71A
:10BD400040F63440C4F20240006881B2012000EBAA
:10BD5000512007909DED010A9DED071AB8EE411A9A
:10BD600080EE010ABCEEC00A8DED040A02E000205C
:10BD70000490FFE705E049F20000C0F2D0300490E3
:10BD8000FFE7FFE7FFE7FFE7049809B0704700BF50
:10BD900020BCBE4B000000390024744C0024744ABF
:10BDA00080B588B00690069828B9FFE701208DF885
:10BDB0001F0000F0EFBC40F61C40C4F202400068D7
:10BDC00000F01800049040F62840C4F202400068D9
:10BDD00000F00300039006980078C006002840F1A8
:10BDE0008080FFE70498082808D0FFE70498182807
:10BDF0001DD1FFE70398022819D1FFE70698C06913
:10BE000028B9FFE701208DF81F0000F0C3BCFFE751
:10BE100040F61841C4F20241086820F47C10069AEA
:10BE2000126A40EA02400860FFE7FFE758E0069820
:10BE3000C06988B3FFE740F60041C4F202410868D8
:10BE400040F480700860FAF765FC0590FFE740F663
:10BE50000040C4F202400068800500280DD4FFE7CE
:10BE6000FAF758FC0599401A032805D3FFE7032089
:10BE70008DF81F0000F08EBCE9E7FFE740F618419F
:10BE8000C4F20241086820F47C10069A126A40EA63
:10BE900002400860FFE722E040F60041C4F20241A0
:10BEA000086820F480700860FAF734FC0590FFE71A
:10BEB00040F60040C4F202400068800500280DD51D
:10BEC000FFE7FAF727FC0599401A032805D3FFE797
:10BED00003208DF81F0000F05DBCE9E7FFE7FFE7F6
:10BEE000FFE706980078C007002800F0B980FFE758
:10BEF0000498102808D0FFE7049818280ED1FFE70F
:10BF0000039803280AD1FFE70698406828B9FFE79D
:10BF100001208DF81F0000F03DBCA0E0FFE706986F
:10BF20004068B0F5803F09D1FFE740F60041C4F218
:10BF30000241086840F48030086056E00698406886
:10BF400088B9FFE740F60041C4F20241086820F4D6
:10BF500080300860086820F480100860086820F4C9
:10BF60008020086040E006984068B0F5A02F11D10D
:10BF7000FFE740F60041C4F20241086840F4802027
:10BF80000860086820F480100860086840F4803079
:10BF9000086028E006984068B0F5A81F11D1FFE7B7
:10BFA00040F60041C4F20241086840F48020086075
:10BFB000086840F480100860086840F48030086029
:10BFC00010E040F60041C4F20241086820F48030DD
:10BFD0000860086820F480200860086820F4801059
:10BFE0000860FFE7FFE7FFE7FFE7FFE70698406825
:10BFF000D0B1FFE7FAF78EFB0590FFE740F600406F
:10C00000C4F202400068800300280CD4FFE7FAF76E
:10C0100081FB0599401A652804D3FFE703208DF8BA
:10C020001F00B7E3EAE719E0FAF774FB0590FFE7B2
:10C0300040F60040C4F202400068800300280CD59E
:10C04000FFE7FAF767FB0599401A652804D3FFE775
:10C0500003208DF81F009DE3EAE7FFE7FFE7FFE716
:10C06000069800788007002840F1C380FFE7049815
:10C0700040B1FFE7049818285ED1FFE70398012834
:10C080005AD1FFE70698C06820B9FFE701208DF874
:10C090001F007FE3049840BBFFE740F60040C4F276
:10C0A0000240006800F018000699096988421BD018
:10C0B000FFE740F60041C4F20241086820F0180092
:10C0C000069A126910430860FFF7AEFC40F2982010
:10C0D000C2F200000068FAF78BFB20B1FFE70120F5
:10C0E0008DF81F0056E3FFE7FFE7FAF713FB059013
:10C0F000FFE740F60040C4F20240006880070028D5
:10C100000CD4FFE7FAF706FB0599401A032804D37D
:10C11000FFE703208DF81F003CE3EAE740F61041FB
:10C12000C4F20241086820F4FE00069A526940EA0F
:10C1300002400860FFE75BE00698C068A8B3FFE72D
:10C1400040F60041C4F20241086820F01800069A47
:10C15000126910430860086840F001000860FAF7AF
:10C16000D9FA0590FFE740F60040C4F202400068AB
:10C17000800700280CD4FFE7FAF7CCFA0599401A9B
:10C18000032804D3FFE703208DF81F0002E3EAE74A
:10C1900040F61041C4F20241086820F4FE00069AFD
:10C1A000526940EA0240086021E040F60041C4F2D2
:10C1B0000241086820F001000860FAF7ABFA059028
:10C1C000FFE740F60040C4F2024000688007002804
:10C1D0000CD5FFE7FAF79EFA0599401A032804D315
:10C1E000FFE703208DF81F00D4E2EAE7FFE7FFE74F
:10C1F000FFE7069800780007002849D5FFE7069872
:10C20000806910B3FFE740F6F041C4F202410868CC
:10C2100040F080600860FAF77DFA0590FFE740F68D
:10C22000F040C4F202400068000100280CD4FFE78F
:10C23000FAF770FA0599401A032804D3FFE70320A0
:10C240008DF81F00A6E2EAE721E040F6F041C4F2D3
:10C250000241086820F080600860FAF75BFA0590F8
:10C26000FFE740F6F040C4F20240006800010028F9
:10C270000CD5FFE7FAF74EFA0599401A032804D3C4
:10C28000FFE703208DF81F0084E2EAE7FFE7FFE7FE
:10C29000069800784007002840F1CC80FFE740F680
:10C2A0002400C4F202400068C00708BBFFE740F664
:10C2B0002401C4F20241086840F001000860FAF766
:10C2C00029FA0590FFE740F62400C4F20240006816
:10C2D000C00760B9FFE7FAF71DFA0599401A03286D
:10C2E00004D3FFE703208DF81F0053E2EBE7FFE7DD
:10C2F000FFE706988068012809D1FFE740F6F04182
:10C30000C4F20241086840F00100086054E0069859
:10C31000806888B9FFE740F6F041C4F2024108683E
:10C3200020F001000860086820F0800008600868BC
:10C3300020F0040008603EE006988068052811D1CE
:10C34000FFE740F6F041C4F20241086840F0040003
:10C350000860086820F080000860086840F001006C
:10C36000086027E006988068852811D1FFE740F62D
:10C37000F041C4F20241086840F004000860086817
:10C3800040F080000860086840F00100086010E09C
:10C3900040F6F041C4F20241086820F00100086054
:10C3A000086820F004000860086820F08000086039
:10C3B000FFE7FFE7FFE7FFE7FFE706988068E0B1E8
:10C3C000FFE7FAF7A7F90590FFE740F6F040C4F25F
:10C3D00002400068800700280ED4FFE7FAF79AF9B8
:10C3E0000599401A41F28931884204D3FFE70320BE
:10C3F0008DF81F00CEE1E8E71BE0FAF78BF9059016
:10C40000FFE740F6F040C4F20240006880070028D1
:10C410000ED5FFE7FAF77EF90599401A41F2893106
:10C42000884204D3FFE703208DF81F00B2E1E8E75C
:10C43000FFE7FFE7069800788006002849D5FFE768
:10C440000698406A10B3FFE740F60041C4F202418B
:10C45000086840F480500860FAF75CF90590FFE73F
:10C4600040F60040C4F202400068800400280CD46A
:10C47000FFE7FAF74FF90599401A032804D3FFE7BD
:10C4800003208DF81F0085E1EAE721E040F6004136
:10C49000C4F20241086820F480500860FAF73AF9C3
:10C4A0000590FFE740F60040C4F2024000688004B7
:10C4B00000280CD5FFE7FAF72DF90599401A032853
:10C4C00004D3FFE703208DF81F0063E1EAE7FFE7ED
:10C4D000FFE70698806A002800F05881FFE704987B
:10C4E000182800F0D580FFE70698806A022840F0FF
:10C4F000A180FFE740F60041C4F20241086820F045
:10C5000080700860FAF706F90590FFE740F60040F2
:10C51000C4F202400068800100280CD5FFE7FAF75A
:10C52000F9F80599401A032804D3FFE703208DF892
:10C530001F002FE1EAE7FFE740F62841C4F202417D
:10C54000086843F603729043069BDA6A1B6B42EA63
:10C550000322104308600699486BD1F838C0CB6BB2
:10C560000A6C01386FF35F204FF60061CFF6FF7160
:10C5700001EB4C2189B208440021CFF6FF7101EB99
:10C58000034101F4FE0108444FF07F4101EB0261D9
:10C5900001F0FE41084440F63441C4F20241086013
:10C5A000FFE740F62841C4F202410091086820F0FC
:10C5B000100008600698C06CC00040F63842C4F213
:10C5C00002421060086840F010000860086820F01F
:10C5D0000C00069A526C10430860086820F0200096
:10C5E000069A926C10430860086840F48030086036
:10C5F00040F60041C4F20241086840F080700860D3
:10C60000FAF788F80590FFE740F60040C4F20240D0
:10C610000068800100280CD4FFE7FAF77BF8059941
:10C62000401A032804D3FFE703208DF81F00B1E070
:10C63000EAE72CE040F60041C4F20241086820F02D
:10C6400080700860FAF766F80590FFE740F6004052
:10C65000C4F202400068800100280CD5FFE7FAF719
:10C6600059F80599401A032804D3FFE703208DF8F1
:10C670001F008FE0EAE740F62841C4F20241086853
:10C680004FF6FC72CFF6F87210400860FFE77CE0CE
:10C6900040F62840C4F202400068029040F6344060
:10C6A000C4F20240006801900698806A012837D0E1
:10C6B000FFE7029800F003000699C96A88422FD16B
:10C6C000FFE7029800F47C510698006BB0EB112F45
:10C6D00026D1FFE701986FF35F200699496B013976
:10C6E00088421DD1FFE7BDF804100698806B013821
:10C6F000B0EB512F14D1FFE7019800F4FE0106982A
:10C70000C06B0138B0EB114F0AD1FFE7019800F080
:10C71000FE410698006C0138B0EB116F04D0FFE7C2
:10C7200001208DF81F0035E040F63840C4F2024089
:10C73000006881B20698C06CB0EBD10F24D0FFE73F
:10C7400040F62841C4F20241086820F01000086059
:10C75000F9F7E0FF0590FFE7F9F7DCFF0599401ACC
:10C7600008B9FFE7F8E70698C06CC00040F638410A
:10C77000C4F20241086040F62841C4F20241086850
:10C7800040F010000860FFE7FFE7FFE700208DF8AA
:10C790001F00FFE79DF81F0008B080BD80B586B080
:10C7A0000490049820B9FFE701208DF81700B5E147
:10C7B0000498006844F60041C4F2010188422DD07B
:10C7C000FFE70498006844F60041C5F20101884281
:10C7D00024D0FFE70498006842F20001C4F200414F
:10C7E00088421BD0FFE70498006842F20001C5F2BE
:10C7F0000041884212D0FFE70498006845F200012A
:10C80000C4F20101884209D0FFE70498006845F2AC
:10C810000001C5F20101884201D1FFE700E0FFE716
:10C820000498406A08B9FFE7FFE70499002088628E
:10C830000498006844F60041C4F2010188422DD0FA
:10C84000FFE70498006844F60041C5F20101884200
:10C8500024D0FFE70498006842F20001C4F20041CE
:10C8600088421BD0FFE70498006842F20001C5F23D
:10C870000041884212D0FFE70498006845F20001A9
:10C88000C4F20101884209D0FFE70498006845F22C
:10C890000001C5F20101884209D1FFE70498C06890
:10C8A000102804D3FFE701208DF8170036E1049823
:10C8B00004F0FEF902900498006844F60041C4F2C6
:10C8C000010188422DD0FFE70498006844F600413A
:10C8D000C5F20101884224D0FFE70498006842F2C3
:10C8E0000001C4F2004188421BD0FFE704980068B1
:10C8F00042F20001C5F20041884212D0FFE70498DD
:10C90000006845F20001C4F20101884209D0FFE746
:10C910000498006845F20001C5F20101884204D183
:10C92000FFE7029808283AD8FFE70498006843F226
:10C930000001C4F2010188422DD0FFE7049800688D
:10C9400043F20001C5F20101884224D0FFE70498B8
:10C95000006843F60001C4F2000188421BD0FFE7E3
:10C960000498006843F60001C5F20001884212D025
:10C97000FFE70498006843F60041C4F200018842D2
:10C9800009D0FFE70498006843F60041C5F20001B2
:10C99000884208D1FFE70298112804D3FFE701205D
:10C9A0008DF81700BAE0049890F8890040B9FFE7C5
:10C9B0000499002081F88800049800F0B3F8FFE79C
:10C9C0000499022081F8890004980168086820F021
:10C9D0000100086004980068806800F4F810039073
:10C9E00004988069B0F1806F1BD1FFE7049840681C
:10C9F000B0F5800F04D1FFE70498806B50B1FFE7DA
:10CA00000498406868B9FFE70498806BB0F1805FD4
:10CA100007D1FFE704980168086840F48050086077
:10CA2000FFE7049880794006002810D5FFE70498B6
:10CA3000C06807280BD3FFE704980068006820F45B
:10CA40008070049A1168126D1043086006E0049823
:10CA50000168086820F480700860FFE7049B19688B
:10CA6000DA68D869D3F828C040EA0C00DDF80CC0B9
:10CA700040EA0C00DB6B184310438860049A019273
:10CA8000506B516A0843916B0843916908431168E0
:10CA9000D2F804C09368D2F810E040EA0E00D2F851
:10CAA00014E040EA0E00D2F820E040EA0E0040EA2E
:10CAB0000C00D2F84CC040EA0C001843936C1843A9
:10CAC000936D1843D36D1843126E1043C8600498D9
:10CAD000406808B9FFE7FFE704980168086D20F097
:10CAE0000100086504988079400600280BD5FFE70F
:10CAF00004980068C06820F00040049A1168526DE4
:10CB00001043C860FFE704990020C1F88C00049A24
:10CB1000012182F889108DF81700FFE79DF81700B2
:10CB200006B080BD80B5D4B0539000205290519093
:10CB300050904F904E900CA84FF48471F3F7EEFB99
:10CB40005398006843F20001C4F2010188423CD1CD
:10CB5000FFE700200D904FF000610C9144900CA86D
:10CB6000FDF7A0F818B1FFE7F6F74AFFFFE7FFE788
:10CB700040F6A440C4F20240016841F480510160D3
:10CB8000006800F480500B900B98FFE7FFE740F639
:10CB90008C40C4F20240016841F00101016000686C
:10CBA00000F001000A900A98FFE7E0204E90022072
:10CBB0004F90002050905190052052900020C4F2D8
:10CBC00002204EA9F9F702FCDCE05398006843F616
:10CBD0000001C4F2000188423ED1FFE700200D9021
:10CBE0004FF080510C9145900CA8FDF75BF818B1FF
:10CBF000FFE7F6F705FFFFE7FFE740F69C40C4F2CA
:10CC00000240016841F480410160006800F4804006
:10CC100009900998FFE7FFE740F68C40C4F2024014
:10CC2000016841F002010160006800F00200089014
:10CC30000898FFE74FF460404E9002204F9001208B
:10CC4000509051900520529040F20040C4F20220D2
:10CC50004EA9F9F7BBFB94E05398006843F60041F6
:10CC6000C4F20001884252D1FFE700200D904FF03E
:10CC700000510C9146900CA8FDF714F818B1FFE78D
:10CC8000F6F7BEFEFFE7FFE740F69C40C4F2024025
:10CC9000016841F400410160006800F40040079021
:10CCA0000798FFE7FFE740F68C40C4F202400168B6
:10CCB00041F004010160006800F00400069006984D
:10CCC000FFE74FF440604E90022000904F9001200B
:10CCD00050900320519006200190529040F60000A1
:10CCE000C4F2022002904EA90391F9F76FFB009B5A
:10CCF000019A029803994FF4805CCDF838C14F93A4
:10CD00000023509351935292F9F760FB38E0539807
:10CD1000006844F60041C4F2010188422FD1FFE7C8
:10CD2000FFE740F6A440C4F20240016841F400214C
:10CD30000160006800F4002005900598FFE7FFE718
:10CD400040F68C40C4F20240016841F010010160DD
:10CD5000006800F0100004900498FFE764204E90F3
:10CD600002204F900020509051900520529041F2A7
:10CD70000000C4F202204EA9F9F728FBFFE7FFE705
:10CD8000FFE7FFE754B080BD80B588B006900591FD
:10CD9000ADF81220039306980068203002900698A0
:10CDA000006844F60041C4F2010188422DD0FFE73B
:10CDB0000698006844F60041C5F20101884224D07B
:10CDC000FFE70698006842F20001C4F20041884281
:10CDD0001BD0FFE70698006842F20001C5F200414F
:10CDE000884212D0FFE70698006845F20001C4F2BD
:10CDF0000101884209D0FFE70698006845F200016A
:10CE0000C5F20101884201D1FFE700E0FFE7F9F731
:10CE100081FC0190069890F88900012804D0FFE772
:10CE200002208DF81F000BE2059820B1FFE7BDF846
:10CE3000120020B9FFE701208DF81F0000E2FFE794
:10CE4000069890F88800012804D1FFE702208DF8A9
:10CE50001F00F5E10699012081F88800FFE7FFE750
:10CE60000699032081F8890006990020C1F88C00FA
:10CE70000599069A5166BDF81210069AA2F8681034
:10CE8000BDF81210069AA2F86A100699C8660699AB
:10CE9000A1F870000699A1F872000699C867069972
:10CEA000886706988068B0F5C02F07D1FFE706981D
:10CEB0000168086840F40060086009E006980068AE
:10CEC000C068012161F3524006990968C860FFE714
:10CED0000698006840684FF6FF718843BDF812104D
:10CEE000084406990968486006980168086840F097
:10CEF0000100086006984068B0F5800F07D1FFE791
:10CF000006980168086840F400700860FFE706981A
:10CF1000C06810287ED3FFE70698006843F200013E
:10CF2000C4F2010188422DD0FFE70698006843F261
:10CF30000001C5F20101884224D0FFE7069800688D
:10CF400043F60001C4F2000188421BD0FFE70698B7
:10CF5000006843F60001C5F20001884212D0FFE7E5
:10CF60000698006843F60041C4F20001884209D0E7
:10CF7000FFE70698006843F60041C5F200018842C9
:10CF800048D1FFE7FFE70698B0F86A00002840D0D4
:10CF9000FFE70698006840698007002810D5FFE782
:10CFA00006980168406E006808620699486E043071
:10CFB00048660699B1F86A000138A1F86A0027E0CE
:10CFC000F9F7A8FB0199401A0399884204D3FFE7B7
:10CFD0000398013018B9FFE70398C0B9FFE7069836
:10CFE00003F0DAFD0699D1F88C0040F48070C1F8A6
:10CFF0008C000699012081F88900FFE7069900203E
:10D0000081F88800FFE703208DF81F0018E1FFE793
:10D01000B9E7E8E00698C068082863D3FFE7FFE7B0
:10D020000698B0F86A0000285BD0FFE70698006811
:10D030004069800700282BD5FFE70698B0F86A0002
:10D04000022814D3FFE70698C06B80B1FFE706986B
:10D050000168406E006808620699486E04304866B0
:10D060000699B1F86A000238A1F86A000FE0069844
:10D07000406E0088029908800699486E0230486622
:10D080000699B1F86A000138A1F86A00FFE727E0C5
:10D09000F9F740FB0199401A0399884204D3FFE74E
:10D0A0000398013018B9FFE70398C0B9FFE7069865
:10D0B00003F072FD0699D1F88C0040F48070C1F83D
:10D0C0008C000699012081F88900FFE7069900206D
:10D0D00081F88800FFE703208DF81F00B0E0FFE72C
:10D0E0009EE77FE0FFE70698B0F86A00002878D056
:10D0F000FFE70698006840698007002848D5FFE7E9
:10D100000698B0F86A00042815D3FFE70698C06BAC
:10D11000412810D3FFE706980168406E0068086256
:10D120000699486E043048660699B1F86A000438DA
:10D13000A1F86A002BE00698B0F86A00022814D320
:10D14000FFE70698C06B80B1FFE70698406E008845
:10D15000029908800699486E023048660699B1F82F
:10D160006A000238A1F86A0010E006980168406E73
:10D17000007881F820000699486E013048660699CB
:10D18000B1F86A000138A1F86A00FFE7FFE727E07D
:10D19000F9F7C0FA0199401A0399884204D3FFE7CE
:10D1A0000398013018B9FFE70398C0B9FFE7069864
:10D1B00003F0F2FC0699D1F88C0040F48070C1F8BD
:10D1C0008C000699012081F88900FFE7069900206C
:10D1D00081F88800FFE703208DF81F0030E0FFE7AB
:10D1E00081E7FFE7FFE70698039B01996A46116014
:10D1F0000821002203F072FD40B1FFE70699D1F843
:10D200008C0040F02000C1F88C00FFE7069803F086
:10D21000C3FC0699012081F88900FFE706990020E8
:10D2200081F88800FFE70698D0F88C0020B1FFE76E
:10D2300001208DF81F0003E000208DF81F00FFE79C
:10D240009DF81F0008B080BD80B590B0DDF848C0E3
:10D250000E900D910C92ADF82E300E980068203093
:10D260000A900E980068303009900E98C16B01202A
:10D2700000EB5110ADF812000E98006844F6004122
:10D28000C4F2010188422DD0FFE70E98006844F6F1
:10D290000041C5F20101884224D0FFE70E980068E2
:10D2A00042F20001C4F2004188421BD0FFE70E9811
:10D2B000006842F20001C5F20041884212D0FFE747
:10D2C0000E98006845F20001C4F20101884209D0BD
:10D2D000FFE70E98006845F20001C5F2010188429F
:10D2E00001D1FFE700E0FFE7F9F714FA0890BDF875
:10D2F0002E00ADF81600BDF82E00ADF814000E9803
:10D3000090F88900012804D0FFE702208DF83F0043
:10D31000A2E30D9838B1FFE70C9820B1FFE7BDF804
:10D320002E0020B9FFE701208DF83F0094E3FFE7CE
:10D330000E9890F88800012804D1FFE702208DF8AC
:10D340003F0089E30E99012081F88800FFE7FFE79D
:10D350000E99052081F889000E990020C1F88C00F3
:10D360000C990E9AD166BDF82E100E9AA2F8721082
:10D37000BDF82E100E9AA2F870100D990E9A5166F3
:10D38000BDF82E100E9AA2F86A10BDF82E100E9A53
:10D39000A2F868100E9988670E99C8670E98006801
:10D3A000C06820F4C0200E990968C8600E98006813
:10D3B00043F20001C4F2010188422DD0FFE70E982C
:10D3C000006843F20001C5F20101884224D0FFE762
:10D3D0000E98006843F60001C4F2000188421BD099
:10D3E000FFE70E98006843F60001C5F2000188428D
:10D3F00012D0FFE70E98006843F60041C4F2000126
:10D40000884209D0FFE70E98006843F60041C5F254
:10D410000001884203D1FFE71020079002E00820B6
:10D420000790FFE70E98006840684FF6FF71884349
:10D43000BDF82E1008440E99096848600E980168DE
:10D44000086840F0010008600E984068B0F5800F51
:10D4500007D1FFE70E980168086840F40070086083
:10D46000FFE70E98C0681028C0F0EC80FFE70E9828
:10D47000006843F20001C4F2010188422ED0FFE7A8
:10D480000E98006843F20001C5F20101884225D0E0
:10D49000FFE70E98006843F60001C4F200018842DD
:10D4A0001CD0FFE70E98006843F60001C5F20001AA
:10D4B000884213D0FFE70E98006843F60041C4F29B
:10D4C000000188420AD0FFE70E98006843F6004149
:10D4D000C5F20001884240F0B580FFE70798800858
:10D4E0000790FFE7BDF816100120039039B9FFE758
:10D4F000BDF81400002818BF01200390FFE703982F
:10D50000C007002800F09D80FFE70E980068406982
:10D510008007002822D5FFE7BDF81600F0B1FFE72D
:10D52000BDF81400BDF81610079A1144884215D2B0
:10D53000FFE70E980168406E006808620E99486E19
:10D54000043048660E99B1F86A000138A1F86A0003
:10D550000E98B0F86A00ADF81600FFE70E98006864
:10D5600040690690BDF81400002869D0FFE70E98C6
:10D5700000684069C007B0B1FFE70E980068006B13
:10D580000E99C96E08600E99C86E0430C8660E996F
:10D59000B1F872000138A1F872000E98B0F872006C
:10D5A000ADF814004BE0BDF81400BDF8121088422D
:10D5B0001CDAFFE79DF819000006002816D5FFE7E2
:10D5C0000E980068006B0E99C96E08600E99C86EBF
:10D5D0000430C8660E99B1F872000138A1F87200E3
:10D5E0000E98B0F87200ADF8140027E0F9F792F841
:10D5F0000899401A1299884204D3FFE71298013023
:10D6000018B9FFE71298C0B9FFE70E9803F0C4FA03
:10D610000E99D1F88C0040F48070C1F88C000E99FE
:10D62000012081F88900FFE70E99002081F8880029
:10D63000FFE703208DF83F000EE2FFE7FFE7FFE77B
:10D6400050E7DCE10E98C0680828C0F0DE80FFE7F4
:10D65000079840080790FFE7BDF8161001200290D8
:10D6600039B9FFE7BDF81400002818BF0120029067
:10D67000FFE70298C007002800F0C680FFE70E9879
:10D68000006840698007002822D5FFE7BDF8160032
:10D69000F0B1FFE7BDF81400BDF81610079A114469
:10D6A000884215D2FFE70E98406E00880A990880DC
:10D6B0000E99486E023048660E99B1F86A0001383A
:10D6C000A1F86A000E98B0F86A00ADF81600FFE7FE
:10D6D0000E98006840690690BDF81400002800F01C
:10D6E0009280FFE70E9800684069C007A8B1FFE785
:10D6F000099800880E99C96E08800E99C86E02308C
:10D70000C8660E99B1F872000138A1F872000E983F
:10D71000B0F87200ADF8140074E0BDF81400BDF864
:10D720001210884224DAFFE79DF81900000600284D
:10D730001ED5FFE7099800880E99C96E08800E99DA
:10D74000C86E0230C866099800880E99C96E0880B4
:10D750000E99C86E0230C8660E99B1F87200023890
:10D76000A1F872000E98B0F87200ADF8140048E00D
:10D77000BDF8140001281BD1FFE79DF819008006B1
:10D78000002815D5FFE7099800880E99C96E088012
:10D790000E99C86E0230C8660E99B1F87200013851
:10D7A000A1F872000E98B0F87200ADF8140027E0EE
:10D7B000F8F7B0FF0899401A1299884204D3FFE79E
:10D7C0001298013018B9FFE71298C0B9FFE70E9818
:10D7D00003F0E2F90E99D1F88C0040F48070C1F8A2
:10D7E0008C000E99012081F88900FFE70E99002036
:10D7F00081F88800FFE703208DF83F002CE1FFE768
:10D80000FFE7FFE7FFE727E7F8E0FFE7BDF81610BF
:10D810000120019039B9FFE7BDF81400002818BFB6
:10D8200001200190FFE70198C007002800F0E58083
:10D83000FFE70E98006840698007002823D5FFE7BE
:10D84000BDF81600F8B1FFE7BDF81400BDF81610DA
:10D85000079A1144884216D2FFE70E980168406E7D
:10D86000007881F820000E99486E013048660E99C4
:10D87000B1F86A000138A1F86A000E98B0F86A00A1
:10D88000ADF81600FFE70E98006840690690BDF8F5
:10D890001400002800F0B080FFE70E98006840698F
:10D8A000C007B8B1FFE70E98006890F830000E99F5
:10D8B000C96E08700E99C86E0130C8660E99B1F82D
:10D8C00072000138A1F872000E98B0F87200ADF83D
:10D8D000140090E0BDF81400BDF8121088423EDA42
:10D8E000FFE79DF819000006002838D5FFE70E98DD
:10D8F000006890F830000E99C96E08700E99C86ED5
:10D900000130C8660E98006890F830000E99C96E14
:10D9100008700E99C86E0130C8660E98006890F8BD
:10D9200030000E99C96E08700E99C86E0130C86635
:10D930000E98006890F830000E99C96E08700E9924
:10D94000C86E0130C8660E99B1F872000438A1F8AB
:10D9500072000E98B0F87200ADF814004AE0BDF8FD
:10D96000140003281DD8FFE79DF8190010F0600F80
:10D9700017D0FFE70E98006890F830000E99C96E36
:10D9800008700E99C86E0130C8660E99B1F8720021
:10D990000138A1F872000E98B0F87200ADF81400CA
:10D9A00027E0F8F7B7FE0899401A1299884204D385
:10D9B000FFE71298013018B9FFE71298C0B9FFE7E6
:10D9C0000E9803F0E9F80E99D1F88C0040F48070BD
:10D9D000C1F88C000E99012081F88900FFE70E99AB
:10D9E000002081F88800FFE703208DF83F0033E036
:10D9F000FFE7FFE7FFE7FFE708E7FFE7FFE70E982E
:10DA0000129B08996A4611600821002203F066F90A
:10DA100040B1FFE70E99D1F88C0040F02000C1F82A
:10DA20008C00FFE70E9803F0B7F80E99012081F8FB
:10DA30008900FFE70E99002081F88800FFE70E9823
:10DA4000D0F88C0020B1FFE701208DF83F0003E003
:10DA500000208DF83F00FFE79DF83F0010B080BD2B
:10DA600082B0019001980090042843D80099DFE823
:10DA700001F00C1D2F4103004EF21001CEF2000107
:10DA8000086840F00400086035E04EF21001CEF264
:10DA90000001086820F00400086040F6E441C4F288
:10DAA0000241086820F00C00086024E04EF21001EA
:10DAB000CEF20001086820F00400086040F6E4415E
:10DAC000C4F202410868012262F38300086012E098
:10DAD0004EF21001CEF20001086820F00400086048
:10DAE00040F6E441C4F202410868022262F3830076
:10DAF000086000E0FFE702B07047000082B00090CD
:10DB000000980138B0F1807F03D3FFE70120019036
:10DB100016E0009801384EF21401CEF200010860C0
:10DB20004EF21801CEF20001002008604EF2100201
:10DB3000CEF20002116841F0030111600190FFE78D
:10DB4000019802B07047000083B04EF21000CEF290
:10DB5000000000684007002803D5FFE7042002907A
:10DB600020E040F6E440C4F20240006800F00C00FF
:10DB700001900198009040B1FFE70098042807D079
:10DB8000FFE70098082806D008E00020029008E08F
:10DB90000120029005E00220029002E000200290A5
:10DBA000FFE7FFE7029803B07047000081B00090E4
:10DBB00001B0704781B0009001B0704781B0009013
:10DBC00001B0704781B0009001B0704781B0009003
:10DBD00001B0704781B0009001B0704785B00390EC
:10DBE0000291FFE7039890F83C00012804D1FFE779
:10DBF00002208DF81300F6E00399012081F83C0023
:10DC0000FFE7FFE70399022081F83D0003980068D1
:10DC1000406801900398006880680090039800684D
:10DC200042F60041C4F2010188421BD0FFE703988D
:10DC3000006842F60041C5F20101884212D0FFE7B8
:10DC40000398006843F20041C4F20101884209D000
:10DC5000FFE70398006843F20041C5F201018842E2
:10DC60000AD1FFE7019820F4700001900298416802
:10DC7000019808430190FFE701984FF68F71CFF6A6
:10DC8000FF510840019002980168019808430190F3
:10DC900001980399096848600398006842F60041BA
:10DCA000C4F20101884200F08280FFE70398006817
:10DCB00042F60041C5F20101884278D0FFE703989F
:10DCC0000068B0F1804F72D0FFE703980068B0F1B0
:10DCD000A04F6CD0FFE70398006840F20041C4F207
:10DCE0000001884263D0FFE70398006840F20041DA
:10DCF000C5F2000188425AD0FFE70398006840F659
:10DD00000001C4F20001884251D0FFE70398006887
:10DD100040F60001C5F20001884248D0FFE70398B1
:10DD2000006840F60041C4F2000188423FD0FFE79E
:10DD30000398006840F60041C5F20001884236D0E1
:10DD4000FFE70398006843F20041C4F201018842F2
:10DD50002DD0FFE70398006843F20041C5F20101AE
:10DD6000884224D0FFE70398006841F60001C4F21E
:10DD7000000188421BD0FFE70398006841F60001CC
:10DD8000C5F20001884212D0FFE70398006844F210
:10DD90000001C4F20101884209D0FFE7039800683E
:10DDA00044F20001C5F2010188420ED1FFE700985C
:10DDB00020F080000090029881680098084300904D
:10DDC0000098039909688860FFE70399012081F8AA
:10DDD0003D00FFE70399002081F83C00FFE70020A9
:10DDE0008DF81300FFE79DF8130005B070470000A1
:10DDF00081B0009001B0704780B582B0009000986B
:10DE000020B9FFE701208DF8070045E0009890F861
:10DE10003D0040B9FFE70099002081F83C000098E0
:10DE200000F03EF8FFE70099022081F83D000099DC
:10DE300051F8040B03F0C6FB0099012081F848005B
:10DE4000FFE70099012081F83E00009981F83F002A
:10DE5000009981F84000009981F84100009981F80B
:10DE60004200009981F84300FFE7FFE70099012095
:10DE700081F84400009981F84500009981F8460036
:10DE8000009981F84700FFE70099012081F83D00E3
:10DE900000208DF80700FFE79DF8070002B080BD65
:10DEA00080B584B003900398006841F20041C4F249
:10DEB0000001884219D1FFE7FFE740F69C40C4F219
:10DEC0000240016841F020010160006800F020007C
:10DED00002900298FFE73220019003221146F8F7E2
:10DEE00021FD0198F8F714FDFFE704B080BD0000A4
:10DEF00083B00190019890F83D00012804D0FFE71D
:10DF000001208DF80B00B8E00199022081F83D0056
:10DF100001980168C86840F00100C8600198006875
:10DF200042F60041C4F20101884200F08280FFE71E
:10DF30000198006842F60041C5F20101884278D09C
:10DF4000FFE701980068B0F1804F72D0FFE70198B9
:10DF50000068B0F1A04F6CD0FFE70198006840F274
:10DF60000041C4F20001884263D0FFE701980068D5
:10DF700040F20041C5F2000188425AD0FFE7019803
:10DF8000006840F60001C4F20001884251D0FFE76A
:10DF90000198006840F60001C5F20001884248D0AF
:10DFA000FFE70198006840F60041C4F20001884292
:10DFB0003FD0FFE70198006840F60041C5F200013C
:10DFC000884236D0FFE70198006843F20041C4F26E
:10DFD000010188422DD0FFE70198006843F200411B
:10DFE000C5F20101884224D0FFE70198006841F69C
:10DFF0000001C4F2000188421BD0FFE701980068CD
:10E0000041F60001C5F20001884212D0FFE70198F5
:10E01000006844F20001C4F20101884209D0FFE720
:10E020000198006844F20001C5F20101884219D14B
:10E03000FFE70198006880680721C0F201010840ED
:10E040000090009806280CD0FFE70098B0F5803FBC
:10E0500007D0FFE701980168086840F001000860F8
:10E06000FFE706E001980168086840F001000860D9
:10E07000FFE700208DF80B00FFE79DF80B0003B0D1
:10E080007047000081B0009001B0704780B584B047
:10E09000039003980068C0680290039800680069C4
:10E0A00001909DF804008007002824D5FFE79DF823
:10E0B0000800800700281DD5FFE7039801686FF06E
:10E0C00002000861039901200877039800688069BD
:10E0D000800720B1FFE70398FFF7D4FF06E003981D
:10E0E00000F054F9039800F055F9FFE70399002078
:10E0F0000877FFE7FFE79DF804004007002825D5D3
:10E10000FFE79DF80800400700281ED5FFE70398A9
:10E1100001686FF0040008610399022008770398F2
:10E120000068806910F4407F04D0FFE70398FFF790
:10E13000A9FF06E0039800F029F9039800F02AF9F6
:10E14000FFE7039900200877FFE7FFE79DF8040049
:10E150000007002824D5FFE79DF8080000070028E5
:10E160001DD5FFE7039801686FF008000861039967
:10E170000420087703980068C069800720B1FFE792
:10E180000398FFF77FFF06E0039800F0FFF803987D
:10E1900000F000F9FFE7039900200877FFE7FFE7A9
:10E1A0009DF80400C006002825D5FFE79DF808006B
:10E1B000C00600281ED5FFE7039801686FF0100025
:10E1C000086103990820087703980068C06910F473
:10E1D000407F04D0FFE70398FFF754FF06E0039861
:10E1E00000F0D4F8039800F0D5F8FFE70399002079
:10E1F0000877FFE7FFE79DF80400C00778B1FFE765
:10E200009DF80800C00748B1FFE7039801686FF068
:10E2100001000861039800F0C1F8FFE7FFE70198EB
:10E2200000F08000802806D0FFE79DF805008006FA
:10E23000002810D5FFE79DF808000006002809D542
:10E24000FFE7039801686FF4025008610398FFF735
:10E25000B1FCFFE7FFE79DF80500C00780B1FFE7CD
:10E260009DF808000006002809D5FFE7039801681B
:10E270006FF4807008610398FFF798FCFFE7FFE7F1
:10E280009DF804004006002810D5FFE79DF808001F
:10E290004006002809D5FFE7039801686FF04000A9
:10E2A0000861039800F092F8FFE7FFE79DF804008B
:10E2B0008006002810D5FFE79DF80800800600289A
:10E2C00009D5FFE7039801686FF020000861039803
:10E2D000FFF774FCFFE7FFE79DF80600C006002883
:10E2E00010D5FFE79DF80A00C006002809D5FFE712
:10E2F000039801686FF4801008610398FFF766FCCB
:10E30000FFE7FFE79DF806008006002810D5FFE72D
:10E310009DF80A008006002809D5FFE703980168E8
:10E320006FF4001008610398FFF74CFCFFE7FFE76C
:10E330009DF806004006002810D5FFE79DF80A006A
:10E340004006002809D5FFE7039801686FF48000B4
:10E3500008610398FFF73EFCFFE7FFE79DF8060022
:10E360000006002810D5FFE79DF80A0000060028E7
:10E3700009D5FFE7039801686FF40000086103986E
:10E38000FFF736FDFFE7FFE704B080BD81B00090E6
:10E3900001B0704781B0009001B0704780B582B085
:10E3A00001900198006841F20041C4F200018842E6
:10E3B0000AD1FFE740F29051C2F200010868013033
:10E3C000086002F0DDFDFFE702B080BD81B0009083
:10E3D00001B0704783B00190FFE7019890F8840086
:10E3E000012804D1FFE702208DF80B002CE00199F1
:10E3F000012081F88400FFE7FFE701992420C1F89C
:10E400008800019800680068009001980168086819
:10E4100020F001000860009820F000500090019961
:10E420000020486600980199096808600199202039
:10E43000C1F88800FFE70199002081F88400FFE718
:10E4400000208DF80B00FFE79DF80B0003B070472C
:10E4500082B00190ADF8021002B0704781B0009018
:10E4600001B0704780B584B002900191FFE7029837
:10E4700090F88400012804D1FFE702208DF80F00F6
:10E4800032E00299012081F88400FFE7FFE702995A
:10E490002420C1F888000298006800680090029863
:10E4A0000168086820F00100086002980068806830
:10E4B00020F0606001990843029909688860029819
:10E4C00003F046FA00980299096808600299202032
:10E4D000C1F88800FFE70299002081F88400FFE777
:10E4E00000208DF80F00FFE79DF80F0004B080BDFD
:10E4F00080B584B002900191FFE7029890F8840003
:10E50000012804D1FFE702208DF80F0032E00299C4
:10E51000012081F88400FFE7FFE702992420C1F879
:10E5200088000298006800680090029801680868F6
:10E5300020F00100086002980068806820F06040C8
:10E5400001990843029909688860029803F000FA6B
:10E55000009802990968086002992020C1F8880093
:10E56000FFE70299002081F88400FFE700208DF882
:10E570000F00FFE79DF80F0004B080BD81B0009050
:10E5800001B0704781B0009001B0704781B0009039
:10E5900001B0704780B58EB00D900D980068C069CD
:10E5A0000C900D98006800680B900D9800688068CA
:10E5B0000A900C9840F60F01084009900998E0B9BC
:10E5C000FFE79DF830008006002815D5FFE79DF88D
:10E5D0002C008006002806D4FFE79DF82B00C0061B
:10E5E000002809D5FFE70D98406F20B1FFE70D988F
:10E5F000416F8847FFE76CE2FFE70998002800F0C9
:10E60000F980FFE70A980121C1F20001084209D10F
:10E61000FFE70B9840F22011C0F20041084200F0E1
:10E62000E980FFE79DF83000C00788B1FFE79DF85B
:10E630002D00C00760B1FFE70D9801680120086256
:10E640000D99D1F8900040F00100C1F89000FFE76B
:10E650009DF830008007002811D5FFE79DF82800BD
:10E66000C00760B1FFE70D980168022008620D99AC
:10E67000D1F8900040F00400C1F89000FFE79DF849
:10E6800030004007002811D5FFE79DF82800C0079B
:10E6900060B1FFE70D980168042008620D99D1F878
:10E6A000900040F00200C1F89000FFE79DF83000B4
:10E6B0000007002819D5FFE79DF82C0080060028E8
:10E6C00007D4FFE70A980121C1F2000108420CD0EB
:10E6D000FFE70D980168082008620D99D1F89000B5
:10E6E00040F00800C1F89000FFE79DF831000007F6
:10E6F000002813D5FFE79DF82F00400700280DD50F
:10E70000FFE70D9801684FF4006008620D99D1F899
:10E71000900040F02000C1F89000FFE70D98D0F87D
:10E720009000002865D0FFE79DF8300080060028A3
:10E7300015D5FFE79DF82C008006002806D4FFE7DA
:10E740009DF82B00C006002809D5FFE70D98406F03
:10E7500020B1FFE70D98416F8847FFE7FFE70D986D
:10E76000D0F8900008900D980068806800F0400094
:10E77000402806D0FFE79DF8200010F0280F2FD08A
:10E78000FFE70D9803F082FA0D9800688068400654
:10E79000002820D5FFE70D98D0F88000B0B1FFE742
:10E7A0000D98D0F8801041F66D40C0F60100C866A3
:10E7B0000D98D0F88000F6F717FA30B1FFE70D9802
:10E7C000D0F88000C16E8847FFE703E00D98FFF79F
:10E7D000DDFEFFE703E00D98FFF7D8FEFFE707E057
:10E7E0000D98FFF7D3FE0D990020C1F89000FFE7C8
:10E7F000FFE76EE10D98C06E012840F00B81FFE746
:10E800009DF83000C006002840F10481FFE79DF824
:10E810002C00C006002840F1FD80FFE70D9801683C
:10E82000102008620D98006880684006002840F1BA
:10E830008F80FFE70D98D0F880000068806CADF8FD
:10E840001E00BDF81E00002867D0FFE7BDF81E00BF
:10E850000D99B1F85C1088425FDAFFE7BDF81E0041
:10E860000D99A1F85E000D98D0F88000006D812808
:10E8700046D0FFE7FFE7FFE70D98006850E8000F7C
:10E8800020F480700690FFE706990D98026842E830
:10E8900000100028F0D1FFE7FFE7FFE7FFE70D9842
:10E8A000006850E8020F20F001000590FFE705998D
:10E8B0000D98026842E802100028F0D1FFE7FFE758
:10E8C0000D992020C1F88C000D990020C866FFE743
:10E8D000FFE70D98006850E8000F20F0100004904A
:10E8E000FFE704990D98026842E800100028F0D173
:10E8F000FFE7FFE70D98D0F88000F6F7E9F8FFE7AB
:10E900000D99022008670D98B0F85C10B0F85E20F1
:10E91000891A89B2FFF79CFD19E0BDF81E000D9918
:10E92000B1F85C10884211D1FFE70D98D0F8800053
:10E93000006D812809D1FFE70D99022008670D9825
:10E94000B0F85C10FFF784FDFFE7FFE7FFE7C0E0EA
:10E950000D99B1F85C00B1F85E10401AADF80E00E8
:10E960000D98B0F85E00002853D0FFE7BDF80E0008
:10E9700000284ED0FFE7FFE7FFE70D98006850E85A
:10E98000000F20F490700290FFE702990D98026842
:10E9900042E800100028F0D1FFE7FFE7FFE7FFE7BC
:10E9A0000D98006850E8020F4FF6FE71CEF6FF7129
:10E9B00008400190FFE701990D98026842E80210B3
:10E9C0000028EDD1FFE7FFE70D992020C1F88C006A
:10E9D0000D990020C8660D994867FFE7FFE70D987D
:10E9E000006850E8000F20F010000090FFE7009949
:10E9F0000D98026842E800100028F0D1FFE7FFE719
:10EA00000D99022008670D98BDF80E10FFF720FD44
:10EA1000FFE75EE09DF83200C00600280FD5FFE753
:10EA20009DF82A004006002809D5FFE70D980168E7
:10EA30004FF4801008620D98FFF7A4FD49E09DF89F
:10EA400030000006002815D5FFE79DF82C000006D1
:10EA5000002806D4FFE79DF82A000006002809D503
:10EA6000FFE70D98806F20B1FFE70D98816F884711
:10EA7000FFE72EE09DF83000400600280AD5FFE7AA
:10EA80009DF82C004006002804D5FFE70D9803F000
:10EA90004DF91EE09DF83200000600280AD5FFE778
:10EAA0009DF82F004006002804D5FFE70D98FFF7DA
:10EAB00065FD0EE09DF83300C00750B1FFE79DF8FB
:10EAC0002F000006002804D5FFE70D98FFF7C6FCCD
:10EAD000FFE70EB080BD000080B582B000900098C6
:10EAE00020B9FFE701208DF8070046E00098806913
:10EAF00008B1FFE700E0FFE70098D0F8880040B9D0
:10EB0000FFE70099002081F88400009800F03AF8AF
:10EB1000FFE700992420C1F8880000980168086880
:10EB200020F0010008600098806A20B1FFE700989B
:10EB300002F054FFFFE7009803F01AF9012804D10E
:10EB4000FFE701208DF8070017E00098016848688A
:10EB500020F49040486000980168886820F02A00FE
:10EB6000886000980168086840F00100086000981B
:10EB700002F0D8FF8DF80700FFE79DF8070002B00C
:10EB800080BD000080B5D0B04F9000204E904D90D9
:10EB90004C904B904A9008A84FF48471F1F7BEFB5B
:10EBA0004F98006843F60001C4F20101884240F02A
:10EBB0008380FFE700200990012108911F9008A899
:10EBC000FBF770F818B1FFE7F4F71AFFFFE7FFE76C
:10EBD00040F6A440C4F20240016841F48041016063
:10EBE000006800F4804007900798FFE7FFE740F6D1
:10EBF0008C40C4F20240016841F0010101600068EC
:10EC000000F0010006900698FFE74FF4C0604A90BC
:10EC100002204B90012001904C90002002904D90DA
:10EC200007204E900020C4F202204AA9F7F7CEFB3D
:10EC3000019A029940F2D460C2F20000039040F2BF
:10EC40005013C4F2020303601623436081604FF443
:10EC50008063C3600823036141618161C161016216
:10EC600042628262C16201634163F6F78BF918B1B7
:10EC7000FFE7F4F7C5FEFFE7FFE74F9840F2D461E6
:10EC8000C2F20001C1674F98C865FFE740F2D46047
:10EC9000C2F200001021F5F7D1FF18B1FFE7F4F739
:10ECA000AFFEFFE73A20009000221146F7F73AFE48
:10ECB0000098F7F72DFE46E04F98006846F20041B5
:10ECC000C4F2000188423DD1FFE7002009902021D5
:10ECD0000891249008A8FAF7E5FF18B1FFE7F4F7C8
:10ECE0008FFEFFE7FFE740F69C40C4F20240016858
:10ECF00041F000710160006800F000700590059817
:10ED0000FFE7FFE740F68C40C4F20240016841F0A3
:10ED100004010160006800F0040004900498FFE71B
:10ED2000C0204A9002204B9001204C9000204D9032
:10ED300007204E9040F60000C4F202204AA9F7F7DF
:10ED400045FBFFE7FFE750B080BD000080B58AB00B
:10ED500008900791ADF81A2005930898D0F888001C
:10ED6000202840F09580FFE7079820B1FFE7BDF825
:10ED70001A0020B9FFE701208DF827008CE00898E1
:10ED8000006880680006002807D5FFE7089801683A
:10ED9000886820F080008860FFE708990020C1F8AB
:10EDA000900008992120C1F88800F7F7B3FC029081
:10EDB000BDF81A000899A1F85400BDF81A00089986
:10EDC000A1F8560008988068B0F5805F09D1FFE788
:10EDD0000898006928B9FFE700200490079803907D
:10EDE00004E00798049000200390FFE7FFE70898ED
:10EDF000B0F8560088B3FFE70898029B05996A4669
:10EE000011608021002203F0BFF940B1FFE70899AB
:10EE10002020C1F8880003208DF827003CE00498EA
:10EE200058B9FFE7039800886FF35F2008990968D5
:10EE3000886203980230039008E0049800780899EB
:10EE400009688862049801300490FFE70899B1F8D6
:10EE500056000138A1F85600C9E70898029B0599A9
:10EE60006A4611604021002203F08EF940B1FFE7AD
:10EE700008992020C1F8880003208DF827000BE0B6
:10EE800008992020C1F8880000208DF8270003E0B1
:10EE900002208DF82700FFE79DF827000AB080BD0B
:10EEA00081B0009001B0704785B001900198007862
:10EEB00001460091022804D3FFE70098022834D0CD
:10EEC0006BE0019890ED061A90ED070A90ED083A74
:10EED00090ED092A21EE031A20EE020A30EE410AD3
:10EEE0008DED020A019890ED061A90ED073A90ED2B
:10EEF000080A90ED092A21EE031A20EE020A30EEEC
:10EF0000010A8DED030A019890ED061A90ED090AA9
:10EF100021EE011ABEEE002A31EE021A20EE000A9E
:10EF200030EE010A8DED040A3CE0019890ED060AEE
:10EF300090ED071A90ED082A90ED093A21EE031A98
:10EF400020EE020A30EE410A8DED020A019890EDA2
:10EF5000061A90ED073A90ED080A90ED092A21EE85
:10EF6000031A20EE020A30EE011A9FED120A30EE6B
:10EF7000410A8DED030A019890ED060A90ED091AF9
:10EF800020EE002AB6EE000A30EE420A21EE011A07
:10EF900030EE410A8DED040A04E000200290039057
:10EFA0000490FFE79DED020ADDED030A9DED041AD2
:10EFB00005B070470000008085B00190019800788E
:10EFC0000146009140B1FFE70098012838D0FFE7E3
:10EFD000009802286CD0A3E0019890ED061A90EDFD
:10EFE000070A90ED082A90ED093A21EE031A20EE67
:10EFF000020A30EE010A8DED020A019890ED061A20
:10F0000090ED080A21EE011ABEEE002A31EE021A36
:10F0100020EE000A30EE010A8DED030A019890ED12
:10F02000061A90ED073A90ED080A90ED092A21EEB4
:10F03000031A20EE020A30EE410A8DED040A74E054
:10F04000019890ED060A90ED071A20EE002AB6EE20
:10F05000000A30EE420A21EE011A30EE410A8DED2F
:10F06000020A019890ED060A90ED071A90ED083A11
:10F0700090ED092A21EE031A20EE020A30EE410A31
:10F080008DED030A019890ED061A90ED070A90EDB8
:10F09000083A90ED092A21EE031A20EE020A30EE1A
:10F0A000011A9FED260A30EE410A8DED040A3CE07C
:10F0B000019890ED061A90ED070A90ED082A90ED60
:10F0C000093A21EE031A20EE020A30EE011A9FEDF2
:10F0D0001B0A30EE410A8DED020A019890ED060AF6
:10F0E00090ED081A20EE002AB6EE000A30EE420A31
:10F0F00021EE011A30EE410A8DED030A019890EDE0
:10F10000060A90ED072A90ED081A90ED093A21EED3
:10F11000031A20EE020A30EE410A8DED040A04E0E3
:10F120000020029003900490FFE79DED020ADDEDC0
:10F13000030A9DED041A05B0704700BF000000806F
:10F14000FFE7FEE784B0039002918DED010ACDED5B
:10F15000000A039908684A688B6840F20831C2F2D5
:10F1600000018B604A600860029B18685A689B68BF
:10F170004B610A61C860019888610098C86104B059
:10F180007047000083B0029001918DED000A029952
:10F1900008684A688B6840F20831C2F200018B624D
:10F1A0004A620862019B18685A689B684B630A634D
:10F1B000C8620098C86303B07047000080B584B08F
:10F1C00040F6EC31C2F200010020087040F6FE313A
:10F1D000C2F20001087040F6FC31C2F20001088062
:10F1E00040F60041C2F2000108604860886040F6C5
:10F1F000F031C2F2000108604860886040F6745146
:10F20000C2F20001087040F26050C2F200000190AA
:10F2100064210291F3F708F8019802991830F3F786
:10F2200003F840F25840C2F200000390F2F76CFB82
:10F23000039844F68451C0F60101F2F747FC04B08C
:10F2400080BD0000F0B5A3B08DF88B0040F208300F
:10F25000C2F20000099090ED070A0C30002101F085
:10F26000DFFA0998C1681F910169209141692191D4
:10F2700001681C9141681D9180681E909DED1F0AD8
:10F28000DDED200A9DED211A44F6145EC0F6010E54
:10F29000CDF820E0DEF80000DEF80410DEF80820EB
:10F2A000DEF80C30DEF810C0DEF81440DEF818503E
:10F2B000DEF81C60DEF8207040F2740EC2F2000E20
:10F2C000DEED001A9EED012ADEED022A40F2EC5E30
:10F2D000C2F2000E9EED003ADEED013A9EED024ACA
:10F2E000EE46CEF81070CEF80C60CEF80850CEF88E
:10F2F0000440CEF800C0F3F7FBF8DDF820E08DED18
:10F300001B1ACDED1A0A8DED190A19981A991B9A34
:10F31000219220911F909DED1C0ADDED1D0A9DEDAF
:10F320001E1ADEF80000DEF80410DEF80820DEF811
:10F330000C30DEF810C0DEF81440DEF81850DEF8AD
:10F340001C60DEF8207040F2640EC2F2000EDEEDAA
:10F35000001A9EED012ADEED022A40F2580EC2F29A
:10F36000000E9EED003ADEED013A9EED024AEE46B9
:10F37000CEF81070CEF80C60CEF80850CEF80440ED
:10F38000CEF800C0F3F7B4F88DED181ACDED170ADA
:10F390008DED160A16981799189A1E921D911C90B9
:10F3A0009DED1F0ADDED200A9DED211A40F260500F
:10F3B000C2F20000F2F75EFF09988DED151ACDED4F
:10F3C000140A8DED130A1399149A159B2193209218
:10F3D0001F911F9A40F24831C2F20001CA60209A80
:10F3E0000A61219A4A611C9A0A601D9A4A601E9A13
:10F3F0008A60C069C8619DF88B00012840F0938045
:10F40000FFE740F20830C2F20000059090ED0F0ACD
:10F410002C30012101F004FA0598C16A1F91016B9B
:10F420002091406B21909DED1F0ADDED200A9DED9E
:10F43000211A44F6385EC0F6010ECDF818E0DEF869
:10F440000000DEF80410DEF80820DEF80C30DEF8EC
:10F4500010C0DEF81440DEF81850DEF81C60DEF84C
:10F46000207040F2740EC2F2000EDEED001A9EED26
:10F47000012ADEED022A40F2EC5EC2F2000E9EEDA1
:10F48000033ADEED043A9EED054AEE46CEF81070E2
:10F49000CEF80C60CEF80850CEF80440CEF800C08C
:10F4A000F3F726F88DED121ACDED110A8DED100A45
:10F4B00010981199129A219220911F909DED1F0A88
:10F4C000DDED200A9DED211A40F26050C2F20000ED
:10F4D0001830F2F7CFFE8DED0F1ACDED0E0A8DED3F
:10F4E0000D0A0D980E990F9A219220911F901F9846
:10F4F00040F24831C2F2000141F82C0F07912098E8
:10F50000486021988860A1F120000AAAF4F718FA4F
:10F5100007990A9841F8200C0B9841F81C0C0C989C
:10F5200041F8180CFFE723B0F0BD000080B582B0B1
:10F53000ADF8060040F24040C2F2000040F2D45163
:10F54000C2F200019FED140ADFED140AFFF7FAFD85
:10F5500040F2CE30C2F20000007868B1FFE740F21E
:10F560004C40C2F2000040F2E051C2F200019FEDB7
:10F570000B0AFFF707FEFFE740F2CE30C2F20000B1
:10F580000078FFF75FFE40F24830C2F2000000F062
:10F5900007F802B080BD00BF000000000AD7233C7E
:10F5A00080B594B013901398C068109013980069B8
:10F5B0001190139840691290139800680D90139859
:10F5C00040680E90139880680F90139890ED073A5A
:10F5D0009DED100ADDED110A9DED121ADDED0D1AFB
:10F5E0009DED0E2ADDED0F2A40F25840C2F20000D8
:10F5F0000190F2F7ADFD0198F2F770F9CDED091A1F
:10F600008DED081ACDED070A8DED060A9DED060A6F
:10F61000DDED070A9DED081ADDED091AF3F7AAF9E9
:10F620008DED0C1ACDED0B0A8DED0A0A40F2AC51AE
:10F63000C2F200010A980B9A0C9B8B604A6008602A
:10F6400040F61850C2F20000806880BBFFE740F22D
:10F65000B850C2F20000007848B3FFE740F2CE3065
:10F66000C2F20000007838B1FFE740F2B850C2F2B1
:10F6700000004078D8B1FFE740F6EC30C2F200005D
:10F680000078092813D8FFE740F6EC32C2F20002F6
:10F690001078411CC8B211700A2807D1FFE740F664
:10F6A0007451C2F2000101200870FFE7FFE740F249
:10F6B0005840C2F20000F2F755F88DED051ACDED75
:10F6C000040A8DED030A9DED101A9DED112A9DEDA2
:10F6D000120A22EE022A21EE011A31EE021A20EE5F
:10F6E000000A30EE010A05F01FF98DED020A40F61E
:10F6F000FC30C2F200000088632855D8FFE79DED7A
:10F70000020AB0EE081AB4EE410AF1EE10FA4BDA32
:10F71000FFE79DED031A40F60040C2F2000090EDB5
:10F72000000A30EE010A80ED000A9DED041A90ED0A
:10F73000010A30EE010A80ED010A9DED051A90EDF7
:10F74000020A30EE010A80ED020A40F6FC30C2F2F5
:10F7500000000188013101800088642823D3FFE77D
:10F7600040F60041C2F2000191ED000A9FED0F1A30
:10F7700080EE010A40F6F030C2F2000080ED000A8F
:10F7800091ED010A80EE010A80ED010A91ED020A75
:10F7900080EE010A80ED020A40F6FE31C2F200015D
:10F7A00001200870FFE7FFE714B080BD0000C842E9
:10F7B00081B00090009988684FF6C072C5F6FF725C
:10F7C0001040886001B0704781B0009048F2C801D5
:10F7D000C4F20221086840F00100086001B07047DF
:10F7E00081B000900099D1F8C80040F00100C1F844
:10F7F000C80001B07047000081B000900098806898
:10F8000040F080504FF6C071C7F6FF710840009974
:10F81000886001B07047000081B000900098806857
:10F8200000F0E07001B0704783B00290019102983F
:10F83000019900EB8100603000900098006800F0B2
:10F84000F84003B07047000081B0009000988068D5
:10F85000C0F3C00001B0704781B00090009880688C
:10F86000C0F3407001B0704781B00090009880688C
:10F8700000F0010001B0704781B0009000988068EE
:10F88000C0F3007001B0704781B0009000988068AC
:10F89000C0F3800001B0704784B0039002910192E0
:10F8A0000398029901F4407100EB91103030009000
:10F8B00000980068029901F01F021F2191408843BF
:10F8C0000199C1F38461914008430099086004B034
:10F8D0007047000084B0039002910192039802994E
:10F8E00001F0007100EBD1501430009000980068D6
:10F8F0000299C1F304520721914088430199914034
:10F9000008430099086004B07047000083B002907B
:10F91000019100920298D0F8B00001996FF31F5145
:10F920008843009A02F018034FF6FF72C0F20F02EC
:10F93000DA40114008440299C1F8B00003B07047A2
:10F9400082B0019000910198806820F47C100099A9
:10F9500008430199886002B07047000082B00190AE
:10F9600000910198806820F0E070009908430199A7
:10F97000886002B07047000085B004900391029245
:10F9800001930498039900EB810060300090009887
:10F9900000684FF20001C0F2FF310140029800F010
:10F9A000F840019A1043084340F000400099086075
:10F9B00005B0704784B003900291019203980299B8
:10F9C00000EB8100603000900098006820F000702B
:10F9D000019908430099086004B0704784B003900F
:10F9E000029101920398029900EB8100603000902F
:10F9F0000098006820F08070019908430099086021
:10FA000004B0704784B00390029101920398029968
:10FA100000EB8100603000900098006820F000400A
:10FA2000019908430099086004B0704782B00190C2
:10FA300000910198406920F0004000990843019925
:10FA4000486102B07047000080B58AB00021009183
:10FA500009910891079106910591049103910291F2
:10FA600040F20460C2F20000019048F20002C4F2C9
:10FA7000022202604FF4002242608160C160016195
:10FA800004224261017641760122C26180F8201091
:10FA90008162C16280F834100163816380F83C1098
:10FAA000F4F70CFD18B1FFE7F3F7AAFFFFE7022018
:10FAB000C0F23040029006200390002004907F2185
:10FAC000059104210691079040F20460C2F2000003
:10FAD00002A9F4F7D3F818B1FFE7F3F791FFFFE7B6
:10FAE0000AB080BD80B58AB00021009109910891CB
:10FAF00007910691059104910391029140F26C6087
:10FB0000C2F20000019048F20012C4F20222026028
:10FB10004FF4002242608160C160016104224261B1
:10FB2000017641760122C26180F820108162C162B3
:10FB300080F834100163816380F83C10F4F7BEFC58
:10FB400018B1FFE7F3F75CFFFFE748F20000C3F6E8
:10FB5000F060029006200390002004907F21059120
:10FB600004210691079040F26C60C2F2000002A9E5
:10FB7000F4F784F818B1FFE7F3F742FFFFE70AB0A4
:10FB800080BD000080B540F24C70C2F2000043F22C
:10FB90000001C4F202010160002101714171416163
:10FBA000816101210162F4F70FFF18B1FFE7F3F75C
:10FBB00027FFFFE780BD000080B582B040F2707083
:10FBC000C2F2000001904AF20041C4F2000101605B
:10FBD000002141604FF440728260C1600174417441
:10FBE000817405234361062282614FF00E0CC0F838
:10FBF0001CC003620123436282621223C362026358
:10FC00000A2242638163C163F6F7CAF818B1FFE7BD
:10FC1000F3F7F6FEFFE702B080BD000080B582B0CA
:10FC200040F2D470C2F2000000904AF60001C4F223
:10FC3000000101600021019141608160C160017497
:10FC4000417481741022426101228261C2610262A8
:10FC500042628262C262026341638163C163F6F7FA
:10FC60009FF818B1FFE7F3F7CBFEFFE702B080BDC6
:10FC700080B582B0FFE740F68840C4F202400168D8
:10FC800041F001010160006800F00100019001985D
:10FC9000FFE71D20009000221146F6F743FE009872
:10FCA000F6F736FE02B080BD80B59CB000201B90F8
:10FCB0001A90199018901790FFE740F68C40C4F204
:10FCC0000240016841F010010160006800F010007E
:10FCD00016901698FFE7FFE740F68C40C4F202400A
:10FCE000016841F004010160006800F00400159013
:10FCF0001598FFE7FFE740F68C40C4F20240016828
:10FD000041F080010160006800F0800014901498B8
:10FD1000FFE7FFE740F68C40C4F20240016841F083
:10FD200001010160006800F0010013901398FFE7E3
:10FD3000FFE740F68C40C4F20240016841F0020146
:10FD40000160006800F0020012901298FFE7FFE7E0
:10FD500040F68C40C4F20240016841F008010160A5
:10FD6000006800F0080011901198FFE741F20000D0
:10FD7000C4F2022002904CF20801019100220F927D
:10FD8000F6F7B2FC0F9A40F60000C4F202200A9087
:10FD900030210391F6F7A8FC0F9A40F20040C4F21C
:10FDA0000220069095210491F6F79EFC06984FF4E8
:10FDB0008051059101220B92F6F796FC0F9A40F6BE
:10FDC0000040C4F2022008904FF400410791F6F77A
:10FDD0008BFC0F9A0020C4F202200C904FF480712B
:10FDE0000991F6F781FC07990B9A0C98F6F77CFCC1
:10FDF000019B02980B9A0F991793189219911A91D7
:10FE000017A90D91F6F7E2FA02980D990F9A1023AF
:10FE100017930023C1F2210318931992F6F7D6FA2B
:10FE2000DDF80CC00A980B9B0D990F9ACDF85CC0B9
:10FE3000189319921A92F6F7C9FADDF810C00698CD
:10FE40000B9B0D990F9ACDF85CC0189319921A92DA
:10FE5000F6F7BCFADDF814C006980B9B0D990F9AC3
:10FE6000CDF85CC01893199202220E921A92F6F7FE
:10FE7000ADFADDF81CC008980B9B0D990F9ACDF8D0
:10FE80005CC0189319921A92F6F7A0FA099B0A9887
:10FE90000D990F9A179318921992F6F797FA0B9BF0
:10FEA0000C980D990F9A4FF4014CCDF85CC0189343
:10FEB00019921A92F6F78AFA0E990F9A0F2010905B
:10FEC000F6F730FD1098F6F723FD1CB080BD00005A
:10FED00080B50020F6F724FC18B1FFE7F3F790FD9A
:10FEE000FFE7F6F73DFC18B1FFE7F3F789FDFFE701
:10FEF00080BD000080B582B040F63800C2F200003C
:10FF0000009043F20001C4F2010101604FF480014E
:10FF100041600021019181600722C2604FF00073AF
:10FF200003614FF0807343614FF0806383614FF052
:10FF30004053C361016241628162C2624163816375
:10FF4000C1638164C164016541658165C165016604
:10FF5000FCF724FC18B1FFE7F3F752FDFFE702B00E
:10FF600080BD000080B582B040F6C800C2F200003B
:10FF7000009043F60001C4F2000101604FF48001DB
:10FF800041600021019181600722C2604FF000733F
:10FF900003614FF0807343614FF0806383614FF0E2
:10FFA0004053C361016241628162C2624163816305
:10FFB000C1638164C164016541658165C165016694
:10FFC000FCF7ECFB18B1FFE7F3F71AFDFFE702B00F
:10FFD00080BD000080B582B040F65810C2F200002B
:10FFE000009043F60041C4F2000101604FF480012B
:10FFF00041600021019181600722C2604FF00073CF
:020000040801F1
:1000000003614FF0807343614FF0806383614FF071
:100010004053C361016241628162C2624163816394
:10002000C1638164C164016541658165C165016623
:10003000FCF7B4FB18B1FFE7F3F7E2FCFFE702B00F
:1000400080BD000080B582B040F6E810C2F200002A
:10005000009044F60041C4F2010101604FF48001B8
:1000600041600021019181600722C2604FF000735E
:1000700003614FF0807343614FF0806383614FF001
:100080004053C361016241628162C2624163816324
:10009000C1638164C164016541658165C1650166B3
:1000A000FCF77CFB18B1FFE7F3F7AAFCFFE702B00F
:1000B00080BD000080B584B00021039102910191C0
:1000C00040F67820C2F2000041F20042C4F2000281
:1000D0000260F9224260816040F2E732C2608161D1
:1000E000FDF78AFE18B1FFE7F3F78AFCFFE700206F
:1000F0000190039040F67820C2F2000001A9FDF7BC
:100100006DFD18B1FFE7F3F77BFCFFE704B080BD9E
:1001100080B582B040F6C420C2F20000009043F6E1
:100120000001C4F2010101604FF46131416000211E
:1001300001918160C16001610C2242618161C161F4
:10014000016241628162FEF7C7FC18B1FFE7F3F775
:1001500057FCFFE740F6C420C2F200000021FEF782
:10016000C7F918B1FFE7F3F74BFCFFE740F6C420EF
:10017000C2F200000021FEF775F918B1FFE7F3F7AE
:100180003FFCFFE740F6C420C2F20000FEF722F970
:1001900018B1FFE7F3F734FCFFE702B080BD0000C1
:1001A00080B582B040F65830C2F20000009046F2AE
:1001B0000041C4F2000101604FF41651416000217A
:1001C00001918160C16001610C2242618161C16164
:1001D000016241628162FEF77FFC18B1FFE7F3F72D
:1001E0000FFCFFE740F65830C2F200000021FEF796
:1001F0007FF918B1FFE7F3F703FCFFE740F658304B
:10020000C2F200000021FEF72DF918B1FFE7F3F765
:10021000F7FBFFE740F65830C2F20000FEF7DAF8CD
:1002200018B1FFE7F3F7ECFBFFE702B080BD000079
:10023000FFE7FEE7FFE7FEE788B00790069105922B
:10024000079800F0070004900498C0F10700052803
:1002500003D3FFE70420019004E00498C0F10700F5
:100260000190FFE70198039004980430062803D812
:10027000FFE70020009003E0049803380090FFE7B8
:100280000098029006980399012202FA01F10139BF
:100290000840029B984005999A40013A1140084352
:1002A00008B0704787B08DED060ACDED050A8DEDDB
:1002B000041ACDED031A9DED050A9DED031A30EEEB
:1002C000010A8DED020A9DED030A9DED021A80EEF2
:1002D000010A8DED010A9DED050A9DED021A80EEE1
:1002E000010A8DED000A9DED010A9DED062A9DEDA6
:1002F000001A9DED043A21EE031A20EE020A30EEB8
:10030000010A07B0704700007047000080B5C4B014
:1003100002A801904FF48471F0F700F801980421CD
:1003200003910021C4F220010291032104910221D2
:100330000591102206920791089109910C210A91CA
:1003400000210B910C914FF400310D914FF400718D
:1003500031913D91F9F7A6FC18B1FFE7F3F750FB97
:10036000FFE744B080BD000080B58EB002A80190C8
:100370002C21EFF7D3FF019940F27070C2F2000018
:10038000F5F73AFA20B1FFE76FF005000D904BE06A
:1003900040F6C840C2F20000007830B9FFE7079885
:1003A00018B9FFE700200D903EE040F6C841C2F2C8
:1003B00000010020087040F27070C2F20000F5F7F2
:1003C0003BFF50B1FFE740F6C841C2F200010120F7
:1003D00008706FF005000D9026E040F27070C2F2D8
:1003E0000000F5F703FF50B1FFE740F6C841C2F245
:1003F0000001012008706FF005000D9014E040F23C
:100400007070C2F2000002F0EDFD50B1FFE740F65F
:10041000C841C2F20001012008706FF005000D9084
:1004200002E000200D90FFE70D980EB080BD0000A7
:1004300080B58AB00020049009900890079006903B
:100440000590069002210091079108904FF400500A
:10045000059040F60000C4F20220019005A9039126
:10046000F5F7B4FF009A019803990592F5F7AEFFEE
:100470000399012005900020C4F202200290F5F7B4
:10048000A5FF0298039904220592F5F79FFF0498AF
:100490000AB080BD80B584B0029000208DF80700BE
:1004A000029820B9FFE76FF00100039049E040F6A1
:1004B0000000C4F202204FF40051F6F7FDF80128C5
:1004C00007D1FFE79DF8070040F001008DF8070015
:1004D000FFE740F60000C4F202200221F6F7ECF834
:1004E000012807D1FFE79DF8070040F002008DF8D2
:1004F0000700FFE70020C4F202200121F6F7DCF834
:10050000012807D1FFE79DF8070040F004008DF8AF
:100510000700FFE70020C4F202200421F6F7CCF820
:10052000012807D1FFE79DF8070040F008008DF88B
:100530000700FFE79DF8070002990870002003906C
:10054000FFE7039804B080BD80B584B0029040F608
:100550000041C4F20241086820F080600860F6F7AC
:10056000D9F80190FFE740F60040C4F2024000686D
:1005700000F000610020B0EBD16F0CD0FFE7F6F780
:10058000C9F80199401A032804D3FFE703208DF826
:100590000F008BE0E7E7FFE740F62C41C4F2024191
:1005A000086843F603729043029B1A685B6842EA4C
:1005B00003221043086002998868D1F80CC00B69C7
:1005C0004A6901386FF35F204FF60061CFF6FF7183
:1005D00001EB4C2189B208440021CFF6FF7101EBF9
:1005E000034101F4FE0108444FF07F4101EB026139
:1005F00001F0FE41084440F63C41C4F2024108606B
:10060000FFE740F62C41C4F202410091086820F057
:100610000C00029A926910430860086820F02000DC
:10062000029AD269104308600298426A086810432F
:100630000860086820F01000086040F64042C4F2EC
:10064000024210684FF6F8739843029B1B6A40EA17
:10065000C3001060086840F01000086040F60041D8
:10066000C4F20241086840F080600860F6F752F872
:100670000190FFE740F60040C4F20240006800F03D
:1006800000610020B0EBD16F0CD1FFE7F6F742F824
:100690000199401A032804D3FFE703208DF80F00C7
:1006A00004E0E7E700208DF80F00FFE79DF80F005A
:1006B00004B080BD80B584B0029040F60041C4F221
:1006C0000241086820F080500860F6F723F8019096
:1006D000FFE740F60040C4F20240006800F000511D
:1006E0000020B0EB517F0CD0FFE7F6F713F801992B
:1006F000401A032804D3FFE703208DF80F008BE096
:10070000E7E7FFE740F63041C4F20241086843F6EC
:1007100003729043029B1A685B6842EA032210430B
:10072000086002998868D1F80CC00B694A690138E1
:100730006FF35F204FF60061CFF6FF7101EB4C21A4
:1007400089B208440021CFF6FF7101EB034101F4A7
:10075000FE0108444FF07F4101EB026101F0FE41D0
:10076000084440F64441C4F202410860FFE740F605
:100770003041C4F202410091086820F00C00029A56
:10078000926910430860086820F02000029AD2693C
:10079000104308600298426A0868104308600868BD
:1007A00020F01000086040F64842C4F2024210688F
:1007B0004FF6F8739843029B1B6A40EAC30010602F
:1007C000086840F01000086040F60041C4F20241A1
:1007D000086840F080500860F5F79CFF0190FFE743
:1007E00040F60040C4F20240006800F000510020D2
:1007F000B0EB517F0CD1FFE7F5F78CFF0199401A60
:10080000032804D3FFE703208DF80F0004E0E7E797
:1008100000208DF80F00FFE79DF80F0004B080BDA9
:1008200080B588B007908DED060A8DF817109DF8F9
:10083000171040F2B850C2F20000405C08B1FFE768
:10084000A1E19DED060A9FEDD11A20EE010A8DED82
:10085000040A9DED040AB7EE001AB4EE410AF1EE67
:1008600010FA04DDFFE74FF07E500490FFE7002010
:1008700003900290FFE7029802285BDCFFE79DF8F7
:10088000171040F2C830C2F20000405C88B9FFE7A0
:100890000798029A50F822009DF8171001EB4103C7
:1008A00040F29031C2F2000101EB830141F82200D5
:1008B000FFE79DED040A0798029A00EB820090ED95
:1008C000002A9DF8170000EB400140F29030C2F280
:1008D000000000EB810101EB820191ED001A32EE84
:1008E000412A20EE020A30EE010A81ED000A079A41
:1008F000029902EB810292ED000A9DF8172002EBAB
:10090000420200EB820000EB810090ED001A30EE15
:10091000410A8DED010A9DED010A9DED031A20EEBD
:10092000000A30EE010A8DED030AFFE7029801305C
:100930000290A0E79DF8172040F2C831C2F20001F2
:10094000012088549DED030A03F0EEFF8DED000AAF
:1009500000989DF8171001EB410240F60C41C2F2DD
:10096000000141F822009DED000AB1EE041AB4EE38
:10097000410AF1EE10FA2ADDFFE79DF8172040F258
:10098000C031C2F20001002041F822009DF817207A
:1009900040F2CA31C2F2000121F812009DF817108E
:1009A00001EB410240F2A831C2F2000101EB8202E8
:1009B00090609DF8172002EB420201EB820250602A
:1009C0009DF8172002EB420241F8220014E09DED51
:1009D000060A9DF8171040F2C030C2F2000000EB8A
:1009E000810090ED001A9FED6A2A20EE020A30EE97
:1009F000010A80ED000AFFE79DF8171040F2C030B1
:100A0000C2F2000000EB810090ED000A9FED611A38
:100A1000B4EE410AF1EE10FAC0F29680FFE70798B3
:100A200090ED001A9DF8170000EB400140F2A8304D
:100A3000C2F2000000EB810191ED000A30EE010AE4
:100A400081ED000A079991ED011A9DF8171001EB4D
:100A5000410100EB810191ED010A30EE010A81EDC7
:100A6000010A079991ED021A9DF8171001EB410157
:100A700000EB810090ED020A30EE010A80ED020ADF
:100A80009DF8172040F2CA30C2F2000030F8121070
:100A9000013120F812109DF8171030F811002828A5
:100AA00051DBFFE79DF8170000EB400140F2A83C46
:100AB000C2F2000C0CEB810292ED000A40F2CA3245
:100AC000C2F2000232F8100001EE100AB8EEC11AAC
:100AD00080EE010A40F2EC50C2F2000000EB81010E
:100AE00081ED000A9DF8173003EB43010CEB810EFA
:100AF0009EED010A32F8133001EE103AB8EEC11A39
:100B000080EE010A00EB810181ED010A9DF81730AA
:100B100003EB43010CEB810C9CED020A32F813202D
:100B200001EE102AB8EEC11A80EE010A00EB810036
:100B300080ED020A9DF8172040F2B851C2F2000180
:100B400001208854FFE7FFE79DF8171040F2C030FE
:100B5000C2F2000050F8210001EB410240F60C41C6
:100B6000C2F2000101EB820250609DF8172040F2B2
:100B7000CA30C2F2000030F8120002EB420201EB70
:100B800082010881FFE708B080BD00BFDA0F49414C
:100B900000007A440000484282B001900198006849
:100BA0004069009001980168886940F008008861F8
:100BB00001980168886940F0100088610198016817
:100BC000086820F00100086001980168086940F297
:100BD0006F329043086101980168886820F44040B2
:100BE0008860019890F88900042815D0FFE79DF8E7
:100BF0000000800600280ED5FFE70199D1F88C008F
:100C000040F08000C1F88C0001980168886940F0CC
:100C100020008861FFE7FFE7019890F8890003282A
:100C200015D0FFE79DF80000400600280ED5FFE72D
:100C30000199D1F88C0040F00400C1F88C000198B3
:100C40000168886940F040008861FFE7FFE79DF890
:100C50000100800700280ED5FFE70199D1F88C002C
:100C600040F00100C1F88C0001980168886940F4E7
:100C700000708861FFE79DF80100C00770B1FFE7D1
:100C80000199D1F88C0040F00800C1F88C0001985F
:100C90000168886940F480708861FFE7019900204D
:100CA000A1F86A000199A1F8720002B07047000033
:100CB00083B002900298C16B012000EB51100190AB
:100CC0000298C0680130009000980730C00800907A
:100CD0000098019900FB01F003B0704780B586B021
:100CE000DDF820C0049003918DF80B200193FFE7FD
:100CF00004980068406903990840401AB0FA80F0EF
:100D000040099DF80B10884214D1FFE7F5F702FD6A
:100D10000899401A0199884204D3FFE701980130ED
:100D200018B9FFE7019820B9FFE703208DF81700F5
:100D300004E0DDE700208DF81700FFE79DF81700BD
:100D400006B080BD7047000010B588B0DDF828C03F
:100D500006900591ADF812208DF81130069848B133
:100D6000FFE7BDF8120028B1FFE79DF81100202829
:100D700004D3FFE700208DF81F0030E002F032FEC0
:100D80000390039820B9FFE700208DF81F0026E0AC
:100D900003980699059ABDF812309DF811C0EE46E9
:100DA0000224CEF80440CEF800C002F04DFE0398B5
:100DB00002F0AEFD012807D0FFE70399002081F87B
:100DC00021008DF81F000AE00A9820B1FFE7039880
:100DD0000A990860FFE701208DF81F00FFE79DF8E2
:100DE0001F0008B010BD000080B584B000F090F87E
:100DF00040F20030C2F200006946086040F6F1009F
:100E0000C0F6000044F69C51C0F601010A2203928C
:100E10000323FFF799FF039A40F20430C2F2000067
:100E20006946086041F63910C0F6010044F6AE513B
:100E3000C0F601010423FFF787FF40F2D020C2F281
:100E400000006946086041F62110C0F6010044F632
:100E5000CA51C0F60101012201920523FFF774FF78
:100E6000019A40F2EC20C2F200006946086040F2AC
:100E7000B970C0F6000044F6A851C0F60101152370
:100E80000293FFF761FF019A029B40F23C40C2F2DD
:100E900000006946086040F62D70C0F6000044F678
:100EA000B851C0F60101FFF74FFF029B40F28830B6
:100EB000C2F200006946086040F61550C0F6000016
:100EC00044F6A451C0F601014FF47A72FFF73CFFDB
:100ED000039A40F28C30C2F200006946086040F686
:100EE0006160C0F6000044F6D451C0F6010116233B
:100EF000FFF72AFF012808D0FFE740F61851C2F299
:100F00000001C86A0130C862FFE704B080BD00007C
:100F100080B582B040F61451C2F200010020086092
:100F20008DF80700FFE79DF80700132826D8FFE794
:100F30009DF8070000EB400140F68050C2F200002F
:100F4000009000EB01103021EFF7E8F900999DF8CF
:100F5000070000EB400001EB0012002082F82100A6
:100F60009DF8072002EB420201EB02114862FFE705
:100F70009DF8070001308DF80700D4E702B080BD6E
:100F800080B586B040F61450C2F2000000680590AB
:100F9000F2F76EFE0490FFE70598002845D0FFE7C2
:100FA000049805998969401A039003980599898ADC
:100FB000884236D3FFE7049805990022CA61886108
:100FC0000598006860B3FFE74EF21800CEF200000B
:100FD00000900068029005980168808A8847009810
:100FE0000068019001980299884208D3FFE70298AF
:100FF0004DF29001C0F2030108440290FFE702980D
:101000000199401A00EE100AB8EE400A9FED081A46
:1010100020EE010A0598BCEEC00A80ED0A0AFFE73F
:10102000FFE70598406A0590B6E706B080BD00BFAF
:101030006F12833B80B5F5F79DFB80BD80B584B012
:10104000ADF80A00BDF80A0018B9FFE700200390C8
:1010500041E04EF6FC50CEF200000068C0010028CE
:1010600008D5FFE741F20000CEF200000068C0079B
:1010700020B9FFE76FF0060003902CE040F220005B
:10108000C2F200000268BDF80AC0002344F23F200B
:10109000C0F20F001946E2FB0C0144F24022C0F2FC
:1010A0000F02EFF7F1F8009041F20400CEF20000D9
:1010B00000680190FFE741F20400CEF200000068F2
:1010C0000199401A0099884202D2FFE700BFF2E777
:1010D00000200390FFE7039804B080BD80B58CB07A
:1010E000FF208DF82A0000200990EFF733FE58B159
:1010F000FFE740F61851C2F20001886A01308862A9
:101100004FF0FF300B901EE140F2F021C2F20001DF
:10111000059100200490C1F80300086001210791A7
:101120000722069202F0DAFC049B059A069984468F
:101130000798C2F800C0137150719171F2F7BAF8B4
:1011400040B1FFE740F61851C2F20001086B0130D0
:101150000863FFE70120F2F79FF840B1FFE740F690
:101160001851C2F20001086B01300863FFE701204B
:10117000F2F7AEF840B1FFE740F61851C2F20001B5
:10118000086B01300863FFE76420F4F7DBF800F038
:10119000DDF840F2CE31C2F2000100200390087069
:1011A000FEF70CF8039840F67451C2F20001487043
:1011B000F1F75EFF40B1FFE740F61851C2F20001BF
:1011C000C8680130C86006E040F67451C2F2000100
:1011D00001204870FFE7EFF785FC40B1FFE740F6DC
:1011E0001851C2F20001886801308860FFE740F6BC
:1011F0000000C4F20220202101220292F5F774FAC5
:10120000029A40F20040C4F202201146F5F76CFA4F
:10121000F2F7B0FA40B1FFE740F61851C2F2000110
:1012200048690130486106E040F67451C2F200019D
:1012300001208870FFE7EFF791FA40B1FFE740F631
:101240001851C2F20001486801304860FFE7EFF72B
:10125000FDFD58B1FFE740F61851C2F20001886A5F
:10126000013088624FF0FF300B906CE0FFF7BCFD5F
:1012700040F67820C2F20000FCF73AFE6420EFF757
:101280003FFA40B1FFE740F61851C2F20001C86CC6
:101290000130C864FFE7F5F73DFA0890FFE740F634
:1012A0007450C2F2000041790020019059B9FFE763
:1012B000F5F730FA0899411A0020B1F57A7F38BF66
:1012C00001200190FFE70198C00720B1FFE701204E
:1012D000F4F738F8E3E740F67450C2F200004079C2
:1012E000B8B1FFE70220F4F72DF801F037F840F22B
:1012F000E030C2F200000078EFF7F2FD40B1FFE706
:1013000040F61851C2F20001886B01308863FFE794
:10131000FFE7FFE740F67450C2F2000000780128B2
:1013200004D0FFE70A20F4F70DF8F3E740F6745114
:10133000C2F200010120887140F6B830F4F702F8DB
:1013400000200B90FFE70B980CB080BD81B04EF6EB
:10135000FC51CEF20001086840F08070086041F254
:101360000000CEF2000000688001002804D5FFE7ED
:101370006FF0070000901CE041F20401CEF2000182
:101380000020086041F20000CEF20000016841F048
:1013900001010160BFF34F8FBFF36F8F0068C0077B
:1013A00020B9FFE76FF00500009002E000200090F8
:1013B000FFE7009801B0704780B59CB008A85021A5
:1013C000EEF7ACFF00200790069005900490039084
:1013D0000290FFE740F61000C4F20240016841F0BD
:1013E00030010160006800F0300001900198FFE7D3
:1013F000FFE740F61400C4F20240006800F0080065
:10140000082801D0FFE7F4E7012008904FF480306E
:101410000990022012900321139114902821159114
:1014200016900421179118900C20199000201A9002
:101430001B9008A8FAF7B4FC18B1FFE7F2F7E0FA3E
:10144000FFE71F20029003200390002004900590E6
:101450000690079002A80521FAF79CF818B1FFE75B
:10146000F2F7CEFAFFE742F20001C4F20201086887
:10147000022262F3051008601CB080BD82B04EF6F7
:101480008851CEF20001086840F47000086040F610
:101490000042C4F202420120106040F61C41C4F236
:1014A000024100200090086040F62041C4F2024151
:1014B000086011684EF6E323CEF6E223194011606E
:1014C00040F62841C4F20241086040F62C41C4F2C3
:1014D0000241086040F63041C4F20241086040F623
:1014E0003443C4F2024340F28021C0F2011119607A
:1014F00040F63843C4F20243186040F63C43C4F25D
:101500000243196040F64043C4F20243186040F6BB
:101510004443C4F20243196040F64841C4F2024118
:101520000860116821F48021116040F65041C4F236
:10153000024108604EF60851CEF200014FF0006003
:10154000086042F21800C4F20200006800F0604037
:1015500001900198B0F1604F05D0FFE70198B0F11C
:10156000404F24D1FFE742F21C00C4F202000068A1
:10157000C00778B1FFE742F20C01C4F2020142F663
:101580003B20C0F61900086046F67F60C4F65D4057
:101590000860FFE742F21C01C4F20201086840F053
:1015A00002000860086840F001000860FFE702B030
:1015B0007047000080B540F67820C2F20000FCF7CA
:1015C00065FD80BD83B00290019102980068009093
:1015D000029842F60041C4F20101884252D0FFE76E
:1015E000029842F60041C5F2010188424AD0FFE765
:1015F0000298B0F1804F45D0FFE70298B0F1A04FBC
:1016000040D0FFE7029840F20041C4F20001884256
:1016100038D0FFE7029840F20041C5F2000188424D
:1016200030D0FFE7029840F60001C4F20001884282
:1016300028D0FFE7029840F60001C5F20001884279
:1016400020D0FFE7029840F60041C4F20001884232
:1016500018D0FFE7029840F60041C5F20001884229
:1016600010D0FFE7029843F20041C4F20101884222
:1016700008D0FFE7029843F20041C5F20101884219
:101680000AD1FFE7009820F07000009001984168AF
:10169000009808430090FFE7029842F60041C4F228
:1016A0000101884200F0BA80FFE7029842F600414B
:1016B000C5F20101884200F0B180FFE70298B0F165
:1016C000804F00F0AB80FFE70298B0F1A04F00F030
:1016D000A580FFE7029840F20041C4F20001884271
:1016E00000F09C80FFE7029840F20041C5F2000143
:1016F000884200F09380FFE7029840F60001C4F2B0
:101700000001884200F08A80FFE7029840F600015D
:10171000C5F20001884200F08180FFE7029840F6A0
:101720000041C4F20001884278D0FFE7029840F6F9
:101730000041C5F20001884270D0FFE7029843F2F1
:101740000041C4F20101884268D0FFE7029843F2E9
:101750000041C5F20101884260D0FFE7029841F6DE
:101760000001C4F20001884258D0FFE7029841F618
:101770000001C5F20001884250D0FFE7029841F60F
:101780000041C4F20001884248D0FFE7029841F6C8
:101790000041C5F20001884240D0FFE7029842F2C2
:1017A0000001C4F20001884238D0FFE7029842F2FB
:1017B0000001C5F20001884230D0FFE7029844F2F0
:1017C0000001C4F20101884228D0FFE7029844F2E8
:1017D0000001C5F20101884220D0FFE7029844F2DF
:1017E0000041C4F20101884218D0FFE7029844F298
:1017F0000041C5F20101884210D0FFE7029844F68B
:101800000001C4F20101884208D0FFE7029844F6C3
:101810000001C5F2010188420AD1FFE7009820F4D7
:10182000407000900198C168009808430090FFE75D
:10183000009820F0800001994969084300900098C1
:1018400002990860019880680299C862019800684E
:1018500002998862029842F60041C4F2010188426E
:1018600048D0FFE7029842F60041C5F201018842E4
:1018700040D0FFE7029843F20041C4F201018842E0
:1018800038D0FFE7029843F20041C5F201018842D7
:1018900030D0FFE7029844F20001C4F2010188420F
:1018A00028D0FFE7029844F20001C5F20101884206
:1018B00020D0FFE7029844F20041C4F201018842BF
:1018C00018D0FFE7029844F20041C5F201018842B6
:1018D00010D0FFE7029844F60001C4F201018842EB
:1018E00008D0FFE7029844F60001C5F201018842E2
:1018F00005D1FFE70198006902990863FFE70299A3
:101900000120486102980069C00730B1FFE70299E1
:10191000086920F001000861FFE703B0704700008C
:1019200080B582B0ADF80600BDF80600EEF77CFD8C
:1019300000F000FD02B080BD80B582B0ADF80600B9
:10194000BDF80600FDF7F2FD00F014FD02B080BD09
:1019500082B001900198406E40B9FFE701990120E3
:10196000A1F86A000199A1F8680034E008208DF818
:1019700003008DF80200019800688068C0F342609F
:101980008DF80100019800688068400F8DF8000014
:101990009DF802009DF8002044F66453C0F6010350
:1019A000995C00FB01F044F65C51C0F601018A5CD1
:1019B000B0FBF2F0019AA2F86A009DF803009DF8CE
:1019C00001209B5C00FB03F0895CB0FBF1F0019906
:1019D000A1F86800FFE702B07047000081B00090F6
:1019E000009890F82800000700280BD5FFE7009822
:1019F0000068406820F40040009A1168926B104320
:101A00004860FFE7009890F82800C00758B1FFE74A
:101A100000980068406820F40030009A1168D26A8B
:101A200010434860FFE7009890F8280080070028DE
:101A30000BD5FFE700980068406820F48030009ADA
:101A40001168126B10434860FFE7009890F8280077
:101A5000400700280BD5FFE700980068406820F495
:101A60008020009A1168526B10434860FFE700988D
:101A700090F82800C00600280BD5FFE70098006802
:101A8000806820F48050009A1168D26B10438860FF
:101A9000FFE7009890F82800800600280BD5FFE7A4
:101AA00000980068806820F40050009A1168126C59
:101AB00010438860FFE7009890F82800400600284F
:101AC0001CD5FFE700980068406820F48010009A59
:101AD0001168526C104348600098406CB0F5801F4C
:101AE0000BD1FFE700980068406820F4C000009A1E
:101AF0001168926C10434860FFE7FFE7009890F888
:101B00002800000600280BD5FFE700980068406811
:101B100020F40020009A1168D26C10434860FFE75F
:101B200001B0704780B588B0069006990020C1F8D2
:101B30009000F4F7EFFD0590069800680068000734
:101B400000282FD5FFE70698059B6A466FF07E4177
:101B500011604FF40011002200F016FB08B3FFE7FC
:101B6000FFE7FFE70698006850E8000F20F08000CC
:101B70000490FFE704990698026842E800100028E4
:101B8000F0D1FFE7FFE706992020C1F88800FFE7C2
:101B90000699002081F88400FFE703208DF81F00DC
:101BA0005FE0FFE70698006800684007002842D51C
:101BB000FFE70698059B6A466FF07E4111604FF47F
:101BC0008001002200F0E0FAA0B3FFE7FFE7FFE7A3
:101BD0000698006850E8000F20F490700390FFE72B
:101BE00003990698026842E800100028F0D1FFE748
:101BF000FFE7FFE7FFE70698006850E8020F20F0D4
:101C000001000290FFE702990698026842E802107C
:101C10000028F0D1FFE7FFE706992020C1F88C00EB
:101C2000FFE70699002081F88400FFE703208DF884
:101C30001F0016E0FFE706992020C1F888000699EA
:101C4000C1F88C0006990020C86606990867FFE76E
:101C50000699002081F88400FFE700208DF81F001E
:101C6000FFE79DF81F0008B080BD000080B582B07E
:101C700001900198C06D009000990020A1F85E00CD
:101C80000098FCF783FC02B080BD000084B0039094
:101C9000FFE7FFE70398006850E8000F20F490701A
:101CA0000290FFE702990398026842E800100028BA
:101CB000F0D1FFE7FFE7FFE7FFE70398006850E890
:101CC000020F4FF6FE71CEF6FF7108400190FFE75C
:101CD00001990398026842E802100028EDD1FFE75D
:101CE000FFE70398C06E012814D1FFE7FFE7FFE785
:101CF0000398006850E8000F20F010000090FFE704
:101D000000990398026842E800100028F0D1FFE72C
:101D1000FFE7FFE703992020C1F88C00039900201A
:101D2000C8660399486704B07047000080B582B068
:101D30000190FFE7FFE70198006850E8000F20F0EE
:101D400040000090FFE700990198026842E8001007
:101D50000028F0D1FFE7FFE701992020C1F88800B3
:101D60000199002088670198FDF79AF802B080BDBC
:101D700080B58AB0099000208DF81300099800689A
:101D800042F20041C4F20041884209D0FFE70998BD
:101D9000006842F20041C5F20041884201D1FFE7EC
:101DA00000E0FFE7099988680B694A69C969184327
:101DB00010430843089009980068006846F6F3113C
:101DC000CCF6FF7108400899084309990968086032
:101DD00009980068406820F44050099A1168D26858
:101DE000104348600998806908900998006842F299
:101DF0000041C4F2004188420FD0FFE70998006813
:101E000042F20041C5F20041884206D0FFE709983E
:101E1000016A089808430890FFE7099800688068FD
:101E20004FF2FF41C1F2FF11084008990843099998
:101E30000968886009980068C06A20F00F00099A54
:101E40001168526A1043C862FFE70998006843F6B8
:101E50000001C4F20101884203D1FFE7012006908E
:101E6000A3E00998006844F20041C4F200018842EE
:101E700003D1FFE70220069096E00998006844F637
:101E80000001C4F20001884203D1FFE7042006905C
:101E900089E00998006844F60041C4F200018842D4
:101EA00003D1FFE7082006907CE00998006845F21E
:101EB0000001C4F20001884203D1FFE71020069020
:101EC0006FE00998006846F20041C4F200018842C0
:101ED00003D1FFE72020069062E00998006847F6EA
:101EE0000001C4F20001884203D1FFE740200690C0
:101EF00055E00998006847F60041C4F200018842A5
:101F000003D1FFE78020069048E00998006848F276
:101F10000001C4F20001884204D1FFE74FF4807051
:101F200006903AE00998006846F60001C4F2000104
:101F3000884204D1FFE74FF4007006902CE0099826
:101F4000006846F60041C4F20001884204D1FFE770
:101F50004FF4806006901EE00998006848F2004146
:101F6000C4F20001884204D1FFE74FF400600690FC
:101F700010E00998006842F20041C4F20041884232
:101F800004D1FFE74FF48050069002E00020069055
:101F9000FFE7FFE7FFE7FFE7FFE7FFE7FFE7FFE711
:101FA000FFE7FFE7FFE7FFE7FFE7FFE709980068C4
:101FB00042F20041C4F20041884209D0FFE709988B
:101FC000006842F20041C5F2004188425CD1FFE75F
:101FD00006980021F5F7EAF902900298002852D0FD
:101FE000FFE7029809994A6A44F66C51C0F601016C
:101FF00031F81210B0FBF1F0039003980999496889
:1020000001EB4101884207D3FFE70398099949682A
:10201000B0EB013F04D9FFE701208DF8130031E058
:10202000029809994A6800924A6A44F66C51C0F6CF
:10203000010131F81220002301931946EEF724F92B
:10204000009A019B090241EA1061000210EB520064
:1020500041F10001EEF718F905900598B0F5407FC1
:102060000BD3FFE705990020B0EB115F05D1FFE727
:10207000059809990968C86003E001208DF81300EC
:10208000FFE7FFE7FFE76FE00998C069B0F5004F91
:102090003CD1FFE706980021F5F788F902900298F5
:1020A00098B3FFE70298099A5168536A44F66C5254
:1020B000C0F6010232F81320B0FBF2F0400000EB52
:1020C0005100B0FBF1F005900598102818D3FFE7F8
:1020D000BDF81600A0B9FFE7059820F00F00ADF895
:1020E0001E00059800F00E01BDF81E0040EA5100E8
:1020F000ADF81E00BDF81E0009990968C86003E02C
:1021000001208DF81300FFE7FFE72CE0069800217F
:10211000F5F74CF90290029820B3FFE70298099A6C
:102120005168536A44F66C52C0F6010232F813202B
:10213000B0FBF2F000EB5100B0FBF1F00590059818
:1021400010280AD3FFE7BDF8160030B9FFE7BDF845
:10215000140009990968C86003E001208DF8130094
:10216000FFE7FFE7FFE7FFE709990120A1F86A0011
:102170000999A1F8680009990020486709998867BA
:102180009DF813000AB080BD80B586B0DDF820C090
:10219000049003918DF80B200193FFE704980068E9
:1021A000C06903990840401AB0FA80F040099DF8D0
:1021B0000B10884266D1FFE708980130002860D0F4
:1021C000FFE7F4F7A7FA0199401A0899884203D863
:1021D000FFE7089820B9FFE703208DF8170055E0C6
:1021E0000498006800684007002849D5FFE7039875
:1021F000802845D0FFE70398402841D0FFE70498A6
:102200000068C06900F008010120B0EBD10F16D1C1
:10221000FFE7049801680820009008620498FFF71F
:1022200035FD00980499C1F89000FFE7049900205B
:1022300081F88400FFE701208DF8170026E004985C
:102240000068C06900F400610120B0EBD12F16D105
:10225000FFE7049801684FF4006008620498FFF7F4
:1022600015FD04992020C1F89000FFE70499002093
:1022700081F88400FFE703208DF8170006E0FFE7F0
:10228000FFE78BE700208DF81700FFE79DF81700A8
:1022900006B080BD80B540F6C420C2F20000FCF755
:1022A00079F980BD84B08DED030A029001919DED16
:1022B000030A029890ED001A30EE410A8DED000AF3
:1022C0009DED001A029890ED002A9FED160A21EE6E
:1022D000001A31EE021A80ED001A019890ED001AF2
:1022E0009DED002A22EE000A20EE020A30EE010ADD
:1022F0009FED0D1A20EE010A80ED000A019890ED85
:10230000000A9FED0A1AB4EE410AF1EE10FA07DA5C
:10231000FFE7019941F26F20C3F683200860FFE7D1
:1023200004B07047CDCC4C3D3333733F6F12833ACA
:10233000FFE7FEE740F2BC20C2F20000026840F274
:10234000D031C2F200010A60C2684A6042688A6005
:102350000069002818BF01200873704740F2CC4084
:10236000C2F20000007C40F2E031C2F200010870CD
:102370007047000080B584B040F25840C2F20000BF
:10238000EFF7ACFACDED031A8DED021ACDED010A8F
:102390008DED000A40F24830C2F20000C26840F2FF
:1023A0002401C2F200010A6002694A6042698A603F
:1023B0000268CA6042680A618068486140F2AC50B5
:1023C000C2F2000002688A614268CA6180680862DD
:1023D00000984862019888620298C862039808636E
:1023E00004B080BD80B584B040F2FC40C2F2000071
:1023F000008840F2E431C2F200010391088000F04D
:10240000B3FC0399887040F67450C2F20000C078A3
:1024100050B1FFE700F084FC00F004F940F2E43131
:10242000C2F20001C870FFE700F01CFC00F022F9C6
:1024300040F2E431C2F200010291087140F2FC4026
:10244000C2F200000190D0F805208A60D0F809207F
:10245000CA60D0F80D200A61D0F811204A61D0F886
:1024600015208A61D0F81920CA61D0F81D200A62AF
:10247000D0F821204A62D0F82500886240F22C5022
:10248000C2F200000088888500F080FC029981F883
:102490002E0040F67450C2F20000007958B1FFE7F8
:1024A00000F050FC00F0BEF840F2E431C2F200014E
:1024B00081F82F00FFE700F023FC00F0DBF840F28A
:1024C000E431C2F2000181F8300040F22C50C2F237
:1024D0000000D0F805204A63D0F809208A63D0F8BC
:1024E0000D20CA63D0F811200A64D0F815204A6480
:1024F000D0F819208A64D0F81D20CA64D0F82120B1
:102500000A65D0F82500486504B080BD80B584B068
:102510008DF80B009DF80B0080B1FFE79DF80B00D4
:1025200001280BD0FFE740F61851C2F20001C86B3A
:102530000130C8636FF00100039015E09DF80B00B7
:102540006421EEF787F801900198B0F1FF3F08DCB5
:10255000FFE740F61851C2F20001C86B0130C863B2
:10256000FFE701980390FFE7039804B080BD0000E7
:1025700080B584B08DF80B008DF80A109DF80B0023
:1025800080B1FFE79DF80B0001280BD0FFE740F674
:102590001851C2F20001486C013048646FF001002C
:1025A00003903CE09DF80A000146009140B1FFE72E
:1025B0000098012808D0FFE70098022808D00BE017
:1025C00000208DF8090012E001208DF809000EE0CE
:1025D00002208DF809000AE040F61851C2F200010D
:1025E000486C013048646FF00100039017E09DF8DB
:1025F0000B009DF809106422EEF746F8019001984F
:10260000B0F1FF3F08DCFFE740F61851C2F20001CD
:10261000486C01304864FFE701980390FFE7039896
:1026200004B080BD82B08DF806009DF8060001461A
:102630000091052815D80099DFE801F0031307136E
:102640000B0F02208DF807000FE003208DF8070024
:102650000BE004208DF8070007E001208DF807004B
:1026600003E000208DF80700FFE79DF8070002B0A7
:102670007047000082B0ADF80400BDF804000146C8
:10268000009119280CD0FFE7009832280CD0FFE702
:1026900000984B280CD0FFE7009864280CD00FE07E
:1026A00001208DF807000FE002208DF807000BE0F5
:1026B00003208DF8070007E004208DF8070003E0F1
:1026C00000208DF80700FFE79DF8070002B0704773
:1026D00080B584B08DF80B008DED010A9DF80B00DC
:1026E00080B1FFE79DF80B0001280BD0FFE740F613
:1026F0001851C2F20001886C013088646FF001004B
:10270000039016E09DF80B009DED010AEDF7DAFF4E
:1027100000900098B0F1FF3F08DCFFE740F6185149
:10272000C2F20001886C01308864FFE700980390D2
:10273000FFE7039804B080BD80B584B0002102910A
:102740000846FFF715FF0298FFF7E0FE0299012007
:102750000390FFF70DFF0398FFF7D8FE3220F2F742
:10276000F1FDFFE700209FED070A8DED010AFFF75D
:10277000AFFF9DED010A0120FFF7AAFF0A20F2F743
:10278000E1FDEFE79A99993E81B0ADF80200BDF9FD
:10279000020000280ED4FFE7BDF9021001F01F026D
:1027A000012090404A094EF20011CEF2000141F89A
:1027B0002200FFE701B070474EF60C50CEF2000049
:1027C0000068C0F30220704782B0ADF806000091A7
:1027D000BDF9060000280AD4FFE700980001BDF902
:1027E00006104EF20042CEF2000288540BE0009830
:1027F0000001BDF8061001F00F014EF61452CEF2A2
:1028000000028854FFE702B07047000083B00290D6
:10281000029800F0070000904EF60C51CEF2000135
:102820000868019001984FF6FF021040019001984E
:10283000009A40EA02200022C0F2FA5210430190AE
:102840000198086003B0704780B584B08DF80B0024
:102850008DF80A1001929DF80B0048B1FFE79DF832
:102860000B00012804D0FFE76FF00100039037E070
:102870009DF80B00012100F059FB9DF80B009DF81D
:102880000A1000F05FF848B1FFE79DF80B00002147
:1028900000F04CFB4FF0FF30039021E0F3F73AFFDC
:1028A0000090FFE79DF80B0000F0ECF9012814D12F
:1028B000FFE7F3F72FFF0099401A0199884204D3EC
:1028C000FFE70198013018B9FFE7019820B9FFE749
:1028D0006FF00200039003E0E4E700200390FFE7BD
:1028E000039804B080BD000080B582B08DF803006D
:1028F0008DF802109DF8030028B9FFE74FF44070EF
:10290000ADF800000EE09DF80300012805D1FFE7B7
:1029100040F20130ADF8000003E06FF001000190DB
:102920000CE0FFE7BDF800009DF8022040F2945152
:10293000C2F20001EDF71AFF0190FFE7019802B023
:1029400080BD000080B582B08DF803008DF80210C4
:102950009DF8030028B9FFE74FF44470ADF800007C
:102960000EE09DF80300012805D1FFE740F2113089
:10297000ADF8000003E06FF0010001900CE0FFE70C
:10298000BDF800009DF8022040F29451C2F200010F
:10299000EDF7ECFE0190FFE7019802B080BD00006A
:1029A00080B58AB00020089007900690F0F7D6FE18
:1029B00058B1FFE740F61851C2F20001086B013030
:1029C00008634FF0FF30099077E001200090F3F7A3
:1029D000C9FF02200190F3F7C5FF08200290F3F72A
:1029E000C1FF20200390F3F7BDFF0098019940F646
:1029F0004003C4F202431A6842F0FF021A6040F634
:102A00000003C4F202431A6842F080021A600022F6
:102A1000059207920891069006A80490F3F7B2FF7A
:102A2000019904980691F3F7ADFF02990498069175
:102A3000F3F7A8FF039904980691F3F7A3FF05980D
:102A4000F0F746FC40B1FFE740F61851C2F2000132
:102A5000086B01300863FFE70020F0F72BFC40B162
:102A6000FFE740F61851C2F20001086B013008631D
:102A7000FFE70020F0F710FC40B1FFE740F61851E7
:102A8000C2F20001086B01300863FFE740F6400125
:102A9000C4F20241086840F0FF00086072B6F3F724
:102AA000FBFF62B640F61851C2F20001486B0130DC
:102AB00048634FF0FF300990FFE709980AB080BDE6
:102AC00080B501F023F808B9FFE734E040F2C950BF
:102AD000C2F20000007840F2CA51C2F20001097847
:102AE000884228D0FFE740F2C950C2F200000178C6
:102AF00040F2BA50C2F20000415C002001F01CF824
:102B000040B1FFE740F61851C2F20001886B013076
:102B1000886310E040F2C951C2F200010878013028
:102B200041F21212C1F21112A0FB0232C2EB0212E8
:102B3000801A0870FFE780BD83B001900198009073
:102B40000F284AD80099DFE801F0080C1014181C6F
:102B50002024282C3034383C404400208DF80B00D1
:102B60003FE001208DF80B003BE002208DF80B00C8
:102B700037E003208DF80B0033E004208DF80B00C4
:102B80002FE005208DF80B002BE006208DF80B00C0
:102B900027E007208DF80B0023E008208DF80B00BC
:102BA0001FE00C208DF80B001BE010208DF80B00AF
:102BB00017E014208DF80B0013E018208DF80B009F
:102BC0000FE020208DF80B000BE030208DF80B007B
:102BD00007E040208DF80B0003E000208DF80B008B
:102BE000FFE79DF80B0003B07047000080B582B08E
:102BF0000090009820B9FFE76FF00100019014E009
:102C000040F67450C2F20000407918B9FFE7052081
:102C100001900AE0009840F62441C2F200013022FF
:102C2000EDF763FB00200190FFE7019802B080BD43
:102C300080B582B00090009820B9FFE76FF00100E6
:102C400001900BE0009840F62441C2F200013031BF
:102C50003022EDF74AFB00200190FFE7019802B017
:102C600080BD000080B58CB040F62440C2F2000068
:102C700000F1300168463022EDF737FBBDF8030064
:102C80000CB080BD82B08DF803009DF8030040B900
:102C9000FFE740F62440C2F2000090F8A200019045
:102CA00011E09DF80300012808D1FFE740F6244019
:102CB000C2F2000090F8A300019004E0FFE76FF07B
:102CC00001000190FFE7019802B0704780B582B023
:102CD0000090009820B9FFE76FF0010001900BE031
:102CE000009840F62441C2F2000160313022EDF735
:102CF000FCFA00200190FFE7019802B080BD0000BF
:102D000080B58CB040F62440C2F2000000F16001B2
:102D100068463022EDF7E9FABDF803000CB080BD3B
:102D200080B58CB040F62440C2F2000000F13001C2
:102D300068463022EDF7D9FA9DF8020000F00F0046
:102D40000CB080BD80B58CB040F62440C2F20000CB
:102D500000F1600168463022EDF7C7FA9DF80200E5
:102D600000F00F000CB080BD80B58CB040F6244060
:102D7000C2F2000000F1300168463022EDF7B5FAEA
:102D80009DF8020000090CB080BD000080B58CB039
:102D900040F62440C2F2000000F160016846302293
:102DA000EDF7A3FA9DF8020000090CB080BD000009
:102DB00080B582B040F2F000C2F20000006820B995
:102DC000FFE74FF0FF30019007E040F2F000C2F261
:102DD0000000016888470190FFE7019802B080BDBC
:102DE00080B582B040F2F000C2F20000406820B925
:102DF000FFE74FF0FF30019007E040F2F000C2F231
:102E00000000416888470190FFE7019802B080BD4B
:102E100083B08DF807009DF8070001460091402817
:102E200000F254800099DFE801F02124272A2D3098
:102E30003336395151513C5151513F515151425109
:102E40005151455151515151515148515151515187
:102E5000515151515151515151514B515151515168
:102E6000515151515151515151514E000020029038
:102E700030E0012002902DE0022002902AE00320A1
:102E8000029027E00420029024E00520029021E037
:102E9000062002901EE0072002901BE0082002900E
:102EA00018E00920029015E00A20029012E00B20A1
:102EB00002900FE00C2002900CE00D20029009E03F
:102EC0000E20029006E00F20029003E04FF0FF304A
:102ED0000290FFE7029803B07047000080B5FDF74D
:102EE00043FA80BD80B584B0ADF80A0001918DF839
:102EF000032040F2F000C2F20000C06820B9FFE7F2
:102F00004FF0FF3003900DE040F2F000C2F20000FD
:102F1000D0F80CC0BDF80A10019A9DF80330E047C4
:102F20000390FFE7039804B080BD000081B08DF8E6
:102F300003008DF802109DF8030048B9FFE79DF8E3
:102F4000020040F62441C2F2000181F8A200FFE72E
:102F50009DF80300012809D1FFE79DF8020040F623
:102F60002441C2F2000181F8A300FFE701B07047DD
:102F700080B582B000200190F3F70AFCFEF71CFA3E
:102F8000FDF7C4F9FCF790FEFCF772FEFDF722F89E
:102F9000FCF7F8FDFCF7E6FFFCF79AFFFCF70CFEE8
:102FA000FDF788F8FDF7B4F8FDF7FAF8FCF7A2FF93
:102FB000FCF74AFDFCF732FEFDF744F8FCF792FD02
:102FC000FEF78CF840B1FFE740F61851C2F200015D
:102FD00008680130086002E0FFF7AEFBFFE7FFE79B
:102FE000FEE7000080B582B00090009820B9FFE7AE
:102FF0006FF00100019019E0009801210022F2F722
:10300000C3F920B1FFE76FF0050001900EE00098D2
:103010004FF400210022F2F7B7F920B1FFE76FF07B
:103020000500019002E000200190FFE7019802B046
:1030300080BD0000B0B58EB00C900C980B900B9832
:1030400020B9FFE76FF001000D9044E10B98406B51
:103050000A900B98806B0990FFE70B98C06A40219B
:10306000F2F70CFC002800F03381FFE70A984021BA
:10307000EDF754F90B98D0F81CC00A9A02F14401FC
:1030800002F14003E04720B1FFE76FF005000D902B
:1030900021E10A98406C0790002845D0FFE7079887
:1030A000012800F09180FFE70798022800F0DE80F9
:1030B000FFE70798032800F0F180FFE7079840F248
:1030C0000331884240F00281FFE709983021EDF793
:1030D00025F9099905910A9C069420686268A368FD
:1030E000D4F80CC0D4F810E065694D61C1F810E067
:1030F000C1F80CC08B604A600860A069E269236A6D
:10310000D4F824C0D4F828E0E46ACC62C1F828E0FE
:10311000C1F824C00B62CA61886140F67451C2F2E2
:10312000000101204871D2E00A98B0F84000302830
:1031300049D1FFE7F3F7EEFA08900998D0F890002C
:1031400040B1FFE708980999D1F89020801AC1F89A
:10315000980004E009990020C1F89800FFE708985A
:103160000999C1F89000099830303021EDF7D6F870
:10317000099903910A9C049420686268A368D4F8B2
:103180000CC0D4F810E065694D64C1F840E0C1F8A6
:103190003CC08B634A630863A069E269236AD4F880
:1031A00024C0D4F828E0E46ACC65C1F858E0C1F83E
:1031B00054C00B65CA64886440F67451C2F20001C1
:1031C0000120C870FFE782E00A98B0F8400030287C
:1031D0004BD1FFE7F3F79EFA08900998D0F89400D6
:1031E00040B1FFE708980999D1F89420801AC1F8F6
:1031F0009C0004E009990020C1F89C00FFE70898B2
:103200000999C1F89400099860303021EDF786F8EB
:10321000099901910A9C029420686268A368D4F815
:103220000CC0D4F810E065694D67C1F870E0C1F8D2
:103230006CC08B664A660866A069E269236AD4F8A6
:1032400024C0D4F828E0E46AC1F88C40C1F888E0D2
:10325000C1F884C0C1F88030CA67886740F67451ED
:10326000C2F2000101200871FFE730E00A98B0F8CF
:10327000400050B1FFE70A980078099981F8A00052
:103280000999002081F8A20007E00999002081F83F
:10329000A000099981F8A200FFE718E00A98B0F8A9
:1032A000400050B1FFE70A980078099981F8A10021
:1032B0000999002081F8A30007E00999002081F80E
:1032C000A100099981F8A300FFE700E0FFE7C4E649
:1032D00000200D90FFE70D980EB0B0BD80B582B014
:1032E0000090009820B9FFE76FF00100019018E00E
:1032F000009801221146F2F72BFA20B1FFE76FF098
:10330000050001900DE0009840210222F2F720FA1A
:1033100020B1FFE76FF00500019002E0002001906E
:10332000FFE7019802B080BD80B58AB00890089888
:103330000790002006900590049003900290019061
:10334000079820B9FFE76FF00100099076E0079831
:10335000406B4821ECF7E2FF0798806BA421ECF763
:10336000DDFF0020019002900220039001200490D4
:1033700040F20330059040F6FF7006900798C06A4F
:1033800001A9F2F755F920B1FFE76FF005000990A8
:1033900054E001200290002005904FF470600690E8
:1033A0000798C06A01A9F2F743F920B1FFE76FF06F
:1033B0000500099042E0022002904FF480600590E1
:1033C0004FF4706006900798C06A01A9F2F730F9CF
:1033D00020B1FFE76FF0050009902FE00798C06A61
:1033E000694601230B6002221146F2F77DF920B1F4
:1033F000FFE76FF00500099020E00798C06AFFF72B
:103400006DFF20B1FFE76FF00500099016E0079807
:10341000C06AF2F7EBFE20B1FFE76FF005000990FC
:103420000CE00798C06AFFF7DDFD20B1FFE76FF001
:103430000500099002E000200990FFE709980AB012
:1034400080BD000080B592B010900F910E920D9348
:1034500003A82821ECF762FF109802900E980190C3
:10346000029848B1FFE70F9830B1FFE70E9818B106
:10347000FFE70D9820B9FFE76FF0010011901CE005
:10348000019840210091ECF749FF00990298C06A29
:10349000019B03AAF2F70CFA20B1FFE76FF00500D9
:1034A00011900AE00698FFF747FB0D9908800398F2
:1034B0000F99086000201190FFE7119812B080BDAD
:1034C00080B592B010900F910E92ADF8363004A8EE
:1034D0002421ECF723FF109803900E980290039894
:1034E00090B1FFE70E9820B9FFE7BDF8360058B954
:1034F000FFE70F990020B0EBD12F05D1FFE7BDF812
:103500003600412804D3FFE76FF0010011902BE053
:103510009DF83600FFF77CFC01900198013020B93E
:10352000FFE76FF0010011901EE00F98049000205B
:10353000059006900199079108904FF48011099128
:103540004FF400110A910B900C900398C06A029AF4
:1035500004A9F2F71FF820B1FFE76FF00500119002
:1035600002E000201190FFE7119812B080BD00002A
:1035700080B584B00390039802900298406B01904C
:103580000198426A694690479DF8000004B080BDEA
:1035900080B586B004900391049802900298C06AA6
:1035A0000190019818B1FFE7039820B9FFE76FF089
:1035B0000100059009E001980299098EF3F77CF863
:1035C0000399086000200590FFE7059806B080BDCC
:1035D00080B5ADF6680D8446DDF87008CDF864C896
:1035E000CDF86018ADF85E28CDF85838ADF856081B
:1035F0000DF1160003904FF40461ECF78FFEFF20ED
:103600008DF81600DDF864184868098900220492D4
:10361000F3F76AF8DDF864080068DDF86018BDF8B3
:103620005E2864230293F9F7AFFBDDF808C0039925
:10363000DDF864080068DDF85828BDF85638EE4615
:10364000CEF800C0F9F700FEDDF864184868098973
:103650000122F3F749F804980DF6680D80BD0000CB
:1036600080B58CB00A908DF827100892ADF81E3006
:10367000002006900590FF2004900A98006820B171
:10368000FFE70A98406820B9FFE76FF004000B904D
:1036900031E09DF8270040F080008DF827000A995E
:1036A0004868098900220392F3F71EF8012002906E
:1036B000FDF7C4FC029A0A9800680DF12701642303
:1036C0000193F9F761FB01990A980068089ABDF81F
:1036D0001E30EC46CCF8001004A9F9F7B5FD0298AD
:1036E000FDF7ACFC029A0A9948680989F2F7FCFFD9
:1036F00003980B90FFE70B980CB080BD80B592B09B
:1037000011908DF843100F92ADF83A3000220492D8
:103710008DF830200B920A9209928DF820200792A2
:10372000069205929DF8430040F080008DF8240039
:10373000119948680989F2F7D7FF01200290FDF737
:103740007DFC11980068BDF83A1001316B46642287
:103750001A608BB209A905AA0392F9F775FD0298C0
:10376000FDF76CFC029A119948680989F2F7BCFFD1
:1037700003990F980131BDF83A20ECF7B6FD049893
:1037800012B080BD80B588B006908DF817100492F5
:10379000ADF80E300698006820B1FFE70698406843
:1037A00020B9FFE76FF0040007902DE09DF81700A7
:1037B00000F07F008DF817000699486809890022FB
:1037C0000292F2F791FF01200190FDF737FC019A78
:1037D000069800680DF1170164230093F9F7D4FAF5
:1037E000009B069800680499BDF80E20F9F7CCFA02
:1037F0000198FDF723FC019A069948680989F2F7B8
:1038000073FF02980790FFE7079808B080BD00009B
:1038100080B586B004900391049802900298C06A23
:103820000190019820B9FFE76FF0010005900FE0CB
:103830000398002818BF01208DF803000198029911
:10384000098E9DF80320F2F74FFF00200590FFE757
:10385000059806B080BD000080B588B0069005913F
:103860000492ADF80E3006980290049801900298E8
:1038700038B1FFE7049820B1FFE7BDF80E0020B98A
:10388000FFE76FF00100079011E00298C06A01990C
:10389000BDF80E204FF0FF33FBF758FA20B1FFE7D9
:1038A0006FF00500079002E000200790FFE70798FF
:1038B00008B080BD80B588B084460A98CDF81CC099
:1038C0000691ADF816200493ADF80E0007994868EC
:1038D000098900220292F2F707FF0798006806990B
:1038E000BDF8162064230193F9F74EFA019B07985F
:1038F00000680499BDF80E20F9F746FA0799486860
:1039000009890122F2F7F0FE029808B080BD00009C
:1039100083B00190019820B9FFE700208DF80B00DB
:103920005BE040F61450C2F20000006868B9FFE79F
:10393000019840F61451C2F200010860019900207C
:10394000486201208DF80B0047E0019890F82000B4
:1039500040F61451C2F20001096891F82010884223
:103960000DDAFFE740F61451C2F200010868019A2F
:1039700050620198086001208DF80B002DE040F6A0
:103980001450C2F2000000680090FFE70098406AFF
:10399000C8B1FFE7019890F820000099496A91F8B2
:1039A000201088420BDAFFE70098406A01994862CC
:1039B00001980099486201208DF80B000DE00098F5
:1039C000406A0090E2E7019800994862019900205E
:1039D000486201208DF80B00FFE79DF80B0003B053
:1039E0007047000082B000208DF80300FFE79DF8CB
:1039F0000300132821D8FFE79DF8030000EB4001E6
:103A000040F68050C2F2000000EB011090F8210057
:103A100060B9FFE79DF8030000EB400140F68050DD
:103A2000C2F2000000EB0110019009E0FFE79DF8F1
:103A3000030001308DF80300D9E700200190FFE773
:103A4000019802B07047000010B584B08C468646DD
:103A500007980699CDF80CE0CDF808C00192ADF8B2
:103A600002308DF801108DF800000298039908606B
:103A7000BDF80200039988829DF80100039981F83E
:103A80002000F0F7F5F80146039A0020D06191611B
:103A9000039988629DF80000039981F8210001983C
:103AA00070B1FFE70198007850B1FFE70398043048
:103AB00001990F22ECF73DFC03990020C87408E03F
:103AC0000398043044F6BE51C0F60101ECF73DFC0A
:103AD000FFE703990020486204B010BD82B0ADF842
:103AE0000600ADF80410ADF80220BDF80600800510
:103AF000BDF804106FF39F2140EA0130BDF80210B9
:103B00006FF31F31084402B07047000080B582B0E7
:103B100040F25820C2F20000FFF72AFD20B1FFE773
:103B200000208DF8070003E001208DF80700FFE773
:103B30009DF8070002B080BD80B584B08DF80B0001
:103B40008DF80A109DF80A0020B9FFE76FF0010018
:103B5000039021E040F2CB50C2F2000001907E21A0
:103B6000017005214170412181709DF80B10C170D9
:103B70009DF80A100171417890F802C0C37802796B
:103B800081EA0C01594051404171EF2181710721B7
:103B900000F006F80390FFE7039804B080BD000032
:103BA00080B584B00290ADF8061040F25820C2F201
:103BB0000000C06818B1FFE7029820B9FFE76FF076
:103BC000010003900CE040F25820C2F20000D0F84F
:103BD0000CC0029ABDF806300021E0470390FFE7D1
:103BE000039804B080BD4100080218BF04200A0EEB
:103BF00018BF40F001004FF07F4232EA010108BFD8
:103C000040F00200012808BF0520704710B54FF0B2
:103C10000E402DED028BB0EE408A18EE104A00EBFC
:103C20004400B0F1506F4AD84FF0FC40B0EB440F65
:103C300022D2B0EEC80AF7EE000A30EEC00AF6EE65
:103C4000000A60EE208A18EE900A00F073FF01EE81
:103C5000100A14F0004F1DBFDFED2D0A9FED2D0A55
:103C6000B1EE411ADFED2C0A08BF9FED2C0AF8EEE9
:103C7000001A21EE218A05E0DFED290A68EE088AA4
:103C8000B0EE600A9FED271ADFED271A30EE080A22
:103C900048EE811A9FED251A08EEA11ADFED241ACD
:103CA00048EE811A9FED231A08EEA11A68EE281A31
:103CB000BDEC028B01EE810A30EE200A10BD4FF000
:103CC000E440B0EB440F0CD918EE100AFFF78BFF5D
:103CD000042808BF00F066FEB0EE480ABDEC028B77
:103CE00010BD4FF07F40B0EB440F07D2B0EE480A52
:103CF000BDEC028BBDE8104000F03EBE012000F09C
:103D000013FFBDEC028BBDE8104000F03BBE00008D
:103D10000000C9BF22AAFDB90000C93F22AAFD398F
:103D20000000000024FE1C3DC78AD83C1E67383DB9
:103D30001B93993DAFAA2A3E70B54FF068422DED16
:103D4000048BF0EE408A18EE900AB0EE608A18EE0E
:103D5000101A02EB4003B3F1654F3CBF02EB410286
:103D6000B2F1654F7DD200BFC0F3C753C1F3C75254
:103D70009A1A1B2A09DD10F0004F14BF9FED830A29
:103D80009FED830ABDEC048B70BD12F11A0F36DA79
:103D900011F0004F09D010F0004F0CBF9FED7D0ACD
:103DA0009FED7D0ABDEC048B70BD88EE889A19EEFC
:103DB000100AFFF718FF042808BF00F0F3FD18EE03
:103DC000900AFFF710FF054618EE100AFFF70BFFE9
:103DD000044619EE100AFFF706FF042D18BF052D43
:103DE00008D1042C18BF052C04D1002804BF0220E0
:103DF00000F09AFEB0EE490ABDEC048B70BD4200A3
:103E0000B2EB410F3AD910F0004F19BFDFED630A52
:103E10009FED630ADFED630A9FED630AB0EE481A77
:103E20000A46B1EE688A80F00041F0EE418A104601
:103E30000A1A5200B2F1807F34D2484010F0004F8D
:103E4000DFED5A1A9FED5A2A1DBFBEEE001A70EE22
:103E5000E10A30EE420AB6EE001A08BF70EEA10A7F
:103E600000E040E008BF30EE020AB0EE682A01EE42
:103E7000482A08EE818AC2EE081A15E011F0004FB8
:103E800004BF9FED4C0AF0EE400AD1D010F0004F75
:103E900019BFDFED490A9FED490ADFED490A9FEDA1
:103EA000490AC5E7C8EE881A21EEA11A9FED462AF5
:103EB000DFED462A41EE022A9FED452A01EE222A35
:103EC000DFED442A41EE022A9FED432ABDEC048B2C
:103ED00001EE222A21EE811A01EE020A30EE210AB9
:103EE00030EE200A70BD4FF07F42B2EB400F28BF8A
:103EF000B2EB410F09D2F0EE480AB0EE680ABDEC11
:103F0000048BBDE8704000F03ABD40EA01035B005D
:103F100008BF41F0FF410BD0B2EB400F08BFB2EB3E
:103F2000410F08D120F0804008EE900A21F0804136
:103F300008EE101A18E7B2EB400F12BF5FEA410318
:103F400040F0FF4001F000413FF40EAFB2EB410FF3
:103F500012BF5FEA400200F0004041F0FF413FF431
:103F600003AF4A0092EA40033FF5FEAE002AACBF21
:103F70009FED1A0A9FED1A0A68EE808A28EE008AE1
:103F800018EE900A18EE101AEEE60000DB0FC9BF1B
:103F9000DB0FC93FDB0F4940DB0F49C00000C9BF41
:103FA00022AAFDB90000C93F22AAFD390060ED3EFA
:103FB000C30ACE3700000000000049C022AA7DBA23
:103FC0000000494022AA7D3A2DAD65BD8FB8D53D90
:103FD0000FB511BE61C84C3EA8AAAABE0000804F12
:103FE0000000802F10EE101A08B5444A6846B2EB64
:103FF000410F28D94FF0E640B0EB410F94BF0020AD
:104000004FF0FF3000900098002861DB60EE000A5E
:1040100010F0010F45D010F0020FDFED391A9FEDBF
:10402000391A00EEA11ADFED381A40EE811A21EE9E
:10403000A01AF0EE400A40EE010A08BFF1EE600A55
:10404000B0EE600A08BD314B21F0004293423CD9EA
:1040500011F0004FDFED2E0A20EE201ADFED2D0AC1
:1040600019BF31EE601A71EE200A31EE201A71EE9E
:10407000600ABDEEE01A11EE100A9FED271A00F05B
:10408000030000EEC10A9FED251A009000EEC10A60
:104090009FED231A00EEC10A9FED221A00EEC10A1D
:1040A000B1E79FED211A9FED210A10F0020F00EEFB
:1040B000810A9FED1F1A00EE801AB7EE000A00EE8B
:1040C000810A18BFB1EE400A08BD00F073FC9AE700
:1040D00010EE100A4000B0F17F4F3CBFB7EE000A6F
:1040E00008BD07D14FF0010000F01EFDBDE80840FB
:1040F00000F048BCBDE8084000F03EBCB61F927E10
:10410000336D4CB9DA82083CA0AA2ABE490E494652
:1041100083F9223F0000004B0000C93F00A0FD3999
:104120000020A2331A61342CB93AB2BACA9F2A3D90
:10413000DDFFFFBE10B510EE100A2DED068BB7EEB9
:10414000001A10EE901AB0EE418A0022A0F5000C81
:10415000DFEDFE9A4FF00073BCF1FE4F4FF07F444D
:1041600003EB410C80F0B481BCF1804FC0F02082A1
:10417000F74901449FEDF73AB1F5005F40F2D48270
:1041800000F58021CB0C03F00F0101EE901AC3F370
:1041900007137F3BA0EBC350B8EEE12A00EE100AF4
:1041A0001A44DFEDED2AF0EE411A42EE221AF0EE4B
:1041B000613A70EE232A30EE632A12EE900A00F57F
:1041C00000606FF30B0001EE900A73EEE13A33EEFC
:1041D000804AC1EE223A22EE230A10EE100A00F5C0
:1041E00000606FF30B0000EE100A00EE612A00EE93
:1041F000442A62EE232A70EE221A21EEA12ADFED74
:10420000D73A02EE233A23EE023A20EE012A22EEBA
:10421000811A03EE211A32EE010A10EE100A00F59F
:1042200000606FF30B0000EE100A72EE401A31EEE0
:10423000812A9FEDCB1A60EE011A9FEDCA1A20EE7B
:10424000011A9FEDC90A02EE001A31EE810A10EE42
:10425000100A00F500606FF30B0000EE100AC3486F
:1042600071EEC01A31EE812A784400EBC10090ED66
:10427000003AD0ED011A100101EE100AF8EEC12A41
:1042800032EE211A31EE001A31EE031A31EE221A03
:1042900011EE100A00F500606FF30B0009EE100A32
:1042A00039EE621A31EE431A31EE400A30EE610AFD
:1042B00032EE40AA10EE900A002100F500606FF384
:1042C0000B0008EE900A084670EEE8AAECF765F8D5
:1042D00029EE280A00F00C01F0EEC00A10EE900A58
:1042E000B0F18B4F0DDD10EE900AB4EB400F08D308
:1042F00010EE100A4FF08B4262F31E0008EE900A97
:1043000013E069EE2A0A38EEAA1A4AEE010A30EEE4
:10431000201A11EE100A00F500606FF30B0008EE92
:10432000900A30EE680A70EE209A0C20ECF735F80F
:1043300038EEA90AB5EEC00AF1EE10FA34BFFEEE6F
:10434000000AF6EE000A30EE800ABDEEC00A10EE5A
:10435000100A011100EE101AF8EEC00A00EE100A61
:10436000B8EEC00A38EEC00A30EE290ADFED801A36
:104370009FED801A00EE211ADFED7F1A7F4900F0D1
:104380000F0040EE011A21EE800A794401EB800112
:1043900091ED001A7A49794401EB8001D1ED001AC0
:1043A000784901EE801A794401EB8000764990ED5E
:1043B000000A31EE001AB0EEE00A10EE100A884250
:1043C00015DA10EE100AB4EB400F10D39FED6F0A10
:1043D00030EE800ADFED6E0A20EE200A68EE010A58
:1043E000BDEC068BBCEEC00A20EE200A10BD10EE1C
:1043F000100A6849884243DA10EE100AB4EB400F05
:104400003ED3BDEEE00A68EE010A10EE100A00EBA2
:10441000D0725110C90501F17E5100EE101AA0EBC7
:104420006200C00560EE200A00F17E5000EE100A26
:1044300060EE808A18EE900AB4EB400F0FD1022094
:1044400000F072FB00F0A6FA10EE101A18EE100A37
:10445000BDEC068B61F31E0000EE100A10BD18EED5
:10446000900A400011D018EE900AFFF7BCFB042818
:1044700008BF00F097FAB0EE680ABDEC068B10BDDD
:10448000F5EEC00AF1EE10FA0FD2022000F04CFB5C
:1044900000F088FA10EE101A18EE100ABDEC068B28
:1044A00061F31E0000EE100A10BD022000F03CFB7C
:1044B00000F070FA10EE101AB0EE480A10EE100A72
:1044C000BDEC068B61F31E0000EE100A10BD00BFAC
:1044D000BCF1804F6CD300BF00F1FF43B3F1FE4F3E
:1044E00024D200BFB0EEC00A10EE100AC1F3C753C9
:1044F0007F2B0DDB972BBFF63BAEC3F196034FF03E
:10450000010C0CFA03F3A3F1010C1CEA010F08D013
:10451000012000F009FBBDEC068BBDE8104000F067
:1045200031BA0B4218BFBFEE008A21E643001CBF20
:104530004FF08073B3EB400F34D96FF01A02DFED08
:10454000161A20EE210A10EE100A27E000000000E3
:10455000001080C0ABAAAA3E0000803D7EE24C3E27
:1045600000B03842D49AB8BB3BAA384208090000D0
:10457000FC596337C9FF753A1872313DA60800002F
:10458000DA0800004A0800000000FC420000FE4279
:104590000000004B000040430000004D10F0004FB1
:1045A000A0D1E5E5A0F50003B3F1FE4F21D2DFE590
:1045B00003EB4103B3F1007F11D3F5EEC00AF1EE36
:1045C00010FA05D1430018BFB4EB400F76D883E74B
:1045D00001F0004141F0FC5100EE901A7CE7B3F18C
:1045E000807F06D210EE903AA3F5000300EE903AD9
:1045F00072E720F000426FF0FF4C604C02EB0C03BE
:10460000A34210D321F000439C44A4450BD3B0F146
:104610007E5F18BF5FEA410C50D0B2F1FF4F98BFE8
:10462000B3F1FF4F05D9BDEC068BBDE8104000F09B
:10463000A6B9B0F1FF4F0FD0C1F3C7527F2A09DBF3
:10464000972A11DAC2F19602012303FA02F2531EED
:104650000B4205D0002208E011F0004F55D128E0B0
:104660000A4218BF012200D1022210F5000F13D018
:1046700028B3B0F1004F26D010F1814F4FD04FF04A
:10468000FE42B2EB400F94BF01200020012202EB5A
:10469000E171884239D10CE011F0004F02D0012ABB
:1046A00038D032E0012A02BF9FED350ABDEC068BFF
:1046B00010BD9FED340ABDEC068B10BD2FE011F04C
:1046C000004F0CD121E0B1F1FF4F1ED011F5000FCA
:1046D00005D011F0004F15D00AB1012A08D00220F0
:1046E00000F022FABDEC068BBDE8104000F03AB9AC
:1046F000022000F019FA00F035F9BDEC068BB1EE9E
:10470000400A10BD0AB1012A04D0B0EE690ABDEC1E
:10471000068B10BDBDEC068B9FED1B0A10BDBDECDA
:10472000068BB7EE000A10BD30EE410AB5EE001A56
:104730009FED172A00EE413AB6EE001A60EE001A1D
:1047400000EE431A61EEC11A9FED101A20EE011A15
:1047500020EE020A9FED0F2A01EE820A71EE001A86
:1047600011EE900A00F500606FF30B0009EE100ADD
:1047700031EE491A31EE00AA9CE50000FFFF3F0030
:10478000000080FF0000807F0000008000B0B84182
:10479000D49A38BB3BAAB84100B510EE101A2DEDE3
:1047A000028B81B0524A6846B2EB410F2ED94FF0CE
:1047B000E640B0EB410F94BF00204FF0FF30009077
:1047C0000098B0EE408A00286ADB10F0010F4BD051
:1047D00068EE080A9FED471A9FED470A00EE810A2E
:1047E0009FED461A10F0020F00EE801AB7EE000A95
:1047F00000EE810A02BF01B0BDEC028B00BD00BF1C
:1048000001B0B1EE400ABDEC028B00BD3C4B21F083
:104810000042934241D911F0004FDFED3A0A20EEF9
:10482000201ADFED390A19BF31EE601A71EE200A45
:1048300031EE201A71EE600ABDEEE01A11EE100A98
:104840009FED321A00F0030000EEC10A9FED301A0E
:10485000009000EEC10A9FED2F1A00EEC10A9FEDF5
:104860002E1A00EEC10AABE728EE080A9FED2B1ABC
:10487000DFED2B0A10F0020F40EE010A9FED291A1E
:1048800000EE201A61EE000AB0EE480A08EE200A97
:10489000B6D101B0BDEC028B00BD00F08BF88FE704
:1048A00018EE100A4000B0F17F4F0DD218EE100A3A
:1048B000FFF799F9042808BF00F074F8B0EE480A31
:1048C00001B0BDEC028B00BD09D1012000F02CF934
:1048D00001B0BDEC028B5DF804EB00F053B801B001
:1048E000B0EE480ABDEC028B5DF804EB00F044B872
:1048F000B61F927EB93AB2BACA9F2A3DDDFFFFBE0B
:10490000490E494683F9223F0000004B0000C93F91
:1049100000A0FD390020A2331A61342C336D4CB94C
:10492000DA82083CA0AA2ABE10B52DED028BB1EEAA
:10493000C08A18EE100A20F00040C0F1FF40C00FFE
:104940000AD010EE100A20F00040C0F1FF40C00F66
:1049500004BF012000F0E8F8B0EE480ABDEC028B7D
:1049600010BD0000DFED030AB7EE001A81EE200A49
:10497000704700000000000030EE000A704730EE83
:10498000200A7047DFED020A80EEA00A704700009F
:10499000000000009FED020A20EE000A70470000B0
:1049A000000000709FED020A20EE000A7047000030
:1049B000000000102DE9F0014FF07F42B2EB410FF3
:1049C0009FBF4FF0FF310160BDE8F00170474FF02D
:1049D000004242EA0123C1F3C752783A551112F05E
:1049E0001F0C434CCCF120067C44C1F3C752A2F10A
:1049F00078024FEA621204EB820254F8254008BFA5
:104A0000D2E9015612D0556804FA0CF425FA06F7DB
:104A10003C43976805FA0CF527FA06F8D26807FABE
:104A20000CFCF24045EA08054CEA0206A4FB034CE4
:104A3000A5FB0352A6FB03631D449D4234BF012620
:104A400000261319334416B1934202D903E093426E
:104A500001D2012200E00022624402F1200C920601
:104A6000DC0C42EA443200EE102A5B03DFED210A3F
:104A7000F8EEC01A00EE103A4FEA9C1C11F0004FFD
:104A8000B8EE400AC0F800C020EE201A00EE105A1E
:104A9000DFED190AB8EE400A20EE200A71EE810A15
:104AA00070EE800A10EE902A02F500626FF30B029E
:104AB00000EE902A70EEE11A31EEC11ADFED101A05
:104AC00030EE411A9FED0D0A20EE800A01EE210A18
:104AD0009FED0C1A00EE810A04BFBDE8F00170479B
:104AE000CCF180510160BDE8F001B1EE400A7047A1
:104AF000C8020000000000360000802C22AAFD2918
:104B0000DB0FC92F0000C92F02E008C8121F08C11F
:104B1000002AFAD170477047002001E001C1121F3E
:104B2000002AFBD17047000001490860704700006F
:104B30000000002010B500EE100A2DED028BB1EE42
:104B4000C08A18EE100A20F00040C0F1FF40C00FEC
:104B50000AD010EE100A20F00040C0F1FF40C00F54
:104B600004BF0120FFF7E0FF18EE100ABDEC028B36
:104B700010BD000000000000000000000000B33F76
:104B8000B2BE7D3A00002E40DFCF513800007E409B
:104B9000BF51FABA00E0A44019DAC3BA00E0C84035
:104BA000C2ED8AB90040EB40CD1F2CBA001006417F
:104BB0002AFFFABA00C01541DFCFD13700D0244117
:104BC0009A97703A0050334189478E3600404141F0
:104BD000E75B9D3800B04E41C00A98B900A05B4128
:104BE000558F943A00306841DA92C0BA004074415F
:104BF00062B3C63A0000803F00A0853F00908B3F23
:104C000000C0913F0030983F00F09E3F00F0A53F6C
:104C10000050AD3F0000B53F0000BD3F0060C53F04
:104C20000020CE3F0040D73F00C0E03F00C0EA3F39
:104C30000020F53F000000007D36AC397D3C38395E
:104C4000EBDCF438320A7E39124C26399B6AED3996
:104C5000A4EE83397F661E39F6398A392B426539CD
:104C6000A48211395B991F39C3EECD39DDE7C63710
:104C7000A5A22F390000803FC3AA853FC2958B3F74
:104C8000D3C3913FF037983F32F59E3FD7FEA53F03
:104C90003F58AD3FF304B53FA408BD3F2A67C53F69
:104CA0008C24CE3FFD44D73FDFCCE03FC7C0EA3F76
:104CB0007D25F53F000000006E83F9A22915444EC2
:104CC000D15727FCC0DD34F5999562DB4190433C18
:104CD000AB6351FE0000000000000000010203046D
:104CE0000607080900000000010203040001020396
:104CF00004050607080C10141820304000000000BE
:104D00000000003F000000000000B4420000B44278
:104D1000000000000000803F0000000000000000D4
:104D200000000000000080BF000000000000000044
:104D300000000000000080BF00000000000080BFF5
:104D4000000000000000000000000000000080BF24
:104D50000000803F00000000000000000804020482
:104D60000801010101010103070100000100020027
:104D70000400060008000A000C001000200040009B
:104D800080000001000000000000003F000080449F
:104D90000000204100000000F4010000494D55448E
:104DA000415441004C454400464443414E00494D66
:104DB0005555706461746100566F69636500556E86
:104DC0006E616D65645461736B004261726F6D65F5
:104DD000746572004C6F77506F7765720000000049
:104DE000004E010800000020A0020000D0030008CF
:104DF000B84E0108A0020020A04E0000184B010888
:104E0000610F12803F6F12833A0411042690D00381
:104E1000EB803F115904591C4904CB01021013E8DF
:104E20000912203510024208280885370108FD368E
:104E3000010B511BC8081C140402424A101C9A6141
:104E40001C2A583811191C1962E91C2A38381C0808
:104E500002423791480FB5380108D135010829338E
:104E6000010835302C8BC1343441DA45102B7007E2
:104E7000642113CC0C1B20240401201A11641A9104
:104E8000645119D411022A40F93C19D809333C0560
:104E90002B04024204E93C0A36103C1A08B40216FC
:104EA000011A5928011C13580B42204B1C020829D7
:084EB0004769880000000000C2
:040000050800024DA0
:00000001FF
