:020000040800F2
:10000000A0760020610200085905010859EC00089B
:1000100055050108C10D0008AD3101087302000843
:1000200000000000000000000000000015100108A2
:10003000CD2C0008000000002D0601085514010811
:100040007D0200087D0200087D0200087D02000894
:100050007D0200087D0200087D0200087D02000884
:100060007D0200087D0200087D0200087D02000874
:100070007D0200087D0200087D0200082D2E000888
:100080007D0200087D0200087D0200087D02000854
:100090007D0200087D0200087D0200087D02000844
:1000A0007D0200087D0200087D0200087D02000834
:1000B0007D020008993000087D0200087D020008DA
:1000C0007D0200087D0200087D0200087D02000814
:1000D000000000007D0200087D020008412E00089B
:1000E000512E00087D0200087D0200087D020008F4
:1000F0007D0200087D0200087D0200087D020008E4
:100100007D0200087D020008DD1801087D0200085C
:100110007D0200087D0200087D0200087D020008C3
:100120007D0200087D020008113101087D020008EF
:100130007D0200087D0200087D0200087D020008A3
:100140007D0200087D0200087D0200087D02000893
:100150007D0200087D0200087D0200087D02000883
:100160007D0200087D0200087D0200087D02000873
:100170007D0200087D0200087D0200087D02000863
:100180007D0200087D0200087D0200087D02000853
:100190007D0200087D0200087D0200087D02000843
:1001A0007D0200087D0200087D0200087D02000833
:1001B0007D0200087D0200087D0200087D02000823
:1001C0007D0200087D0200087D0200087D02000813
:1001D0007D0200087D0200087D0200087D02000803
:1001E0007D0200087D0200087D0200087D020008F3
:1001F0007D0200087D0200087D0200087D020008E3
:100200007D0200087D0200087D0200080000000059
:10021000000000007D020008000000007D020008D0
:100220007D0200087D0200087D0200087D020008B2
:100230007D0200087D0200087D0200087D020008A2
:100240007D0200087D0200087D020008DFF80CD066
:1002500000F094FA0048004725550108A0760020D8
:100260000748804707480047FEE7FEE7FEE7FEE74E
:10027000FEE7FEE7FEE7FEE7FEE7FEE7FEE700003B
:10028000A51701084D0200082DE9F05F0546002082
:1002900092469B4688460646814640241BE02846F7
:1002A00041464746224600F09FF853465A46C01A38
:1002B000914110D311461846224600F086F82D1AB7
:1002C00067EB01084F4622460120002100F07DF82F
:1002D00017EB00094E41201EA4F10104DFDC484663
:1002E00031462A464346BDE8F09F40EA01039B079A
:1002F00003D009E008C9121F08C0042AFAD203E09B
:1003000011F8013B00F8013B521EF9D27047D2B2FE
:1003100001E000F8012B491EFBD270470022F6E7EE
:1003200010B513460A4604461946FFF7F0FF20466B
:1003300010BD10B5044604E00B7800F8013B03B192
:10034000491C521EF8D2204610BD10B5002200E014
:10035000521C835C8C5CA34201D1002BF8D1D8B233
:10036000E1B2401A10BD034611F8012B00F8012B31
:10037000002AF9D11846704700F0004230F00040E2
:100380000AD0C10D01F56071C0F3160042EA0151B7
:10039000C20840071143704700200146704730B53E
:1003A0000B46014600202022012409E021FA02F533
:1003B0009D4205D303FA02F5491B04FA02F52844CD
:1003C000151EA2F10102F1DC30BD202A04DB203A27
:1003D00000FA02F1002070479140C2F1200320FA98
:1003E00003F3194390407047202A04DB203A21FA96
:1003F00002F00021704721FA02F3D040C2F120023E
:1004000091400843194670472DE9FE4F804681EA26
:100410000300C00F0C46009021F0004123F000457E
:10042000B8EB0200A94105D24046214690461C4641
:100430000B46024623F00040104347D0270DC7F378
:100440000A00C3F30A510290401A019040286BDA67
:10045000C3F3130040F4801B0098924620B10023A0
:10046000D2EB030A63EB0B0B01985946C0F1400233
:100470005046FFF7AAFF06460D4650465946019AD8
:1004800000F094F910EB08006141002487EA115252
:1004900084EAE7731A4340D0009A62B3019A012AB2
:1004A0004FEA075215DC001B61EB02014FF00042DE
:1004B00002EA0752CDE90042001C41F580113246A4
:1004C0002B4600F094F903B0BDE8F08F404621467A
:1004D000F9E7001B61EB0201001C41F580130018D5
:1004E0005B412018A2F5001747EB030140EAD570E5
:1004F000B6196D4111E06D084FEA360645EAC07540
:100500004FEA0752001B61EB0201001C41F580110C
:1005100049084FEA30000019514132462B4603B0DA
:10052000BDE8F04F00F054B90098012240000023CC
:10053000D0EB020263EBE073009821464FEAE074CF
:10054000B8EB000061EB0401E9E783F000435BE7EF
:1005500081F0004158E72DE9FE4F81EA030404F0E1
:10056000004421F0004100944FF0000B23F00043C1
:1005700050EA01045ED052EA03045BD0C3F30A548C
:10058000C1F30A552C44A4F2F3340194A0FB0254A5
:10059000C1F3130141F48011C3F3130343F4801337
:1005A00001FB024400FB034E840A970A44EA81548B
:1005B00047EA8357A4FB076802958D0A05FB078568
:1005C0004FEA932C04FB0C542705029D4FEA065872
:1005D00047EA1637B5EB08056EEB070C870E920E4F
:1005E00047EA811742EA8312A7FB0201B6EB0B012F
:1005F00064EB00042B0D43EA0C335E1844EB1C50F3
:10060000DA465146E7FB0201C5F313044FEA0B3308
:1006100043EA14534FEA0432019C43EA0603A4F16F
:100620000C040294009CCDE900B400F0E0F803B0A3
:10063000BDE8F08F00200146F9E72DE9F04D81EA91
:10064000030404F0004B21F0004514464FF0000A6B
:1006500023F0004150EA050220D054EA01021DD0E7
:10066000C5F30A570246C5F31303C1F31300C1F3E0
:100670000A5640F4801543F48013A7EB0608101BBC
:10068000D64608F2FD3873EB050002D308F10108E5
:1006900001E092185B41B8F1000F03DA0020014637
:1006A000BDE8F08D00204FF48011064684460EE030
:1006B000171B73EB050705D3121B63EB05030643FA
:1006C0004CEA010C49084FEA300092185B4150EAAD
:1006D0000107EDD152EA030012D082EA040083EA56
:1006E0000501084305D0101BAB4106D201220023AF
:1006F00006E000224FF0004302E06FF001025310C9
:100700001AEB06004CEB085110EB0A0041EB0B0111
:10071000BDE8F04D00F05CB8C1F30A52C1F313011B
:1007200040F2FF3341F480119A4202DA0020014680
:10073000704740F233439A42A2F2334202DC524203
:10074000FFF752BEFFF741BE30B5041E71F1000441
:1007500004DB4FF00044404264EB0101141E73F1CE
:10076000000405DB1C464FF00043524263EB0403D8
:10077000994208BF904230BD002070471CB509481F
:100780000090094801900546009C06E0E06840F0B2
:10079000010394E8070098471034AC42F6D3FFF702
:1007A00059FD0000689F0108889F0108202A06DB88
:1007B000CB17203A41FA02F043EAE07306E041FA2F
:1007C00002F3D040C2F1200291400843194670471D
:1007D00010B5141E73F1000408DA401C41F1000149
:1007E00092185B411A4301D120F0010010BD2DE9A0
:1007F000F04D92469B4611B1B1FA81F202E0B0FA97
:1008000080F220329046FFF7E0FD04460F4640EAB2
:100810000A0041EA0B0153465A46084313D01146D9
:1008200053EA010019D0C8F140025046FFF7DCFD41
:1008300005460E46504659464246FFF7C6FD084358
:1008400005D0012004E020463946BDE8F08D0020A7
:10085000054346EAE0762C4337430A986305E40AE9
:10086000A0EB08000022FD0A44EA47540A3002D5F2
:1008700000200146E9E7010510196941DDE9084555
:1008800000196941BDE8F04DA2E770B58C1810F869
:10089000015B15F0070301D110F8013B2A1106D1C5
:1008A00010F8012B03E010F8016B01F8016B5B1EDF
:1008B000F9D12B0705D40023521E0DD401F8013BBA
:1008C000FAE710F8013BCB1A921C03E013F8015B26
:1008D00001F8015B521EF9D5A142D8D3002070BDAA
:1008E00080B586B00490039140F25072C2F20002CB
:1008F0000192002050611061D060906050601060E3
:100900002121117004995170039A022112F0FCFE0A
:100910000290029818B1FFE7029805900EE0039A42
:100920000120022112F0F0FE0290029818B1FFE7B8
:100930000298059002E000200590FFE7059806B0B8
:1009400080BD000080B586B0049040F25072C2F2C3
:100950000002002050611061D06090605060106013
:100960002C211170049A0121019112F0CDFE019900
:100970000390049A084612F0C7FE0290039818B13B
:10098000FFE70398059008E0029818B1FFE7029886
:10099000059002E000200590FFE7059806B080BDB5
:1009A00080B582B013F05EF90190019802B080BD6D
:1009B00080B584B0ADF80A0001918DF80320BDF830
:1009C0000A0040F2FE71884207DCFFE7019820B17F
:1009D000FFE79DF8030020B9FFE76FF001000390E7
:1009E00008E0BDF80A0001999DF8032013F0D4F93E
:1009F0000390FFE7039804B080BD000080B584B089
:100A0000ADF80E0013F0C4F940F27C60C2F20000B1
:100A100013F046F80190019818B9FFE712F0E6FBD1
:100A20000DE00198B0F1FF3F08DCFFE741F25821EB
:100A3000C2F20001886901308861FFE7FFE740F2F8
:100A4000AC60C2F2000013F04DF840B1FFE741F294
:100A50005821C2F20001C8690130C861FFE740F2C5
:100A6000DC60C2F2000013F08BF840B1FFE741F206
:100A70005821C2F20001086A01300862FFE712F053
:100A8000F9FB40F27800C2F20000007838B9FFE7C5
:100A900040F25841C2F200010020086047E041F2F4
:100AA000B020C2F20000407990B9FFE741F2B020D7
:100AB000C2F20000C07858B9FFE741F2B020C2F29C
:100AC0000000007920B9FFE76420ADF8020003E0E0
:100AD0000520ADF80200FFE7BDF80E2040F25840B7
:100AE000C2F200000168114401600068BDF8021004
:100AF00088421CD3FFE740F25841C2F200010020B7
:100B0000086005F02FF8CDF80A0040F202300DF130
:100B10000A01042213F040F940B1FFE741F25821E5
:100B2000C2F20001486901304861FFE7FFE704B005
:100B300080BD000080B582B0ADF80600BDF80600AB
:100B400040B1FFE740F27900C2F2000000780228CD
:100B500001D0FFE70BE002F0E5F840B1FFE741F21A
:100B60005821C2F20001086D01300865FFE702B0AC
:100B700080BD000080B584B040F60400C4F202409D
:100B8000006800F040010020B0EB911F04D1FFE7A6
:100B900012F050FE039065E002F0E2F820B1FFE7AA
:100BA0004FF0FF3003905DE00DF1070002F0DCF83C
:100BB00020B1FFE74FF0FF30039053E09DF80700AE
:100BC00020B9FFE712F036FE03904BE09DF80700D6
:100BD0008DF8060004F0C6FF0290FFE704F0C2FFA4
:100BE0000299401AC0087C281DD8FFE70DF10700C4
:100BF00002F0BAF820B1FFE74FF0FF30039031E088
:100C00009DF807109DF8060008408DF806009DF835
:100C1000060020B9FFE712F00DFE039022E00A2043
:100C200003F0ACFDDAE7012005F0C4F8022005F07E
:100C3000C1F8082005F0BEF8202005F0BBF840F60A
:100C40004001C4F20241086840F0FF00086040F62D
:100C50000001C4F20241086840F0800008600020F2
:100C60000390FFE7039804B080BD000080B540F218
:100C70000C71C2F200010020087002F071F880BD12
:100C800080B582B0ADF8060040F20C70C2F20000F0
:100C90000078F0B9FFE741F2B020C2F20000C0785E
:100CA000B0B1FFE741F2B020C2F20000007978B1A4
:100CB000FFE712F0B3FF20B1FFE712F0C1FF38B930
:100CC000FFE740F20C71C2F2000101200870FFE75B
:100CD00014E00DF1050002F047F840B1FFE741F2E2
:100CE0005821C2F20001C86A0130C86206E09DF8CE
:100CF000050018B9FFE712F09DFDFFE702B080BDC7
:100D000080B584B08DF80B009DF80B00652804D3E6
:100D1000FFE76FF00100039014E09DF80B0018B995
:100D2000FFE76A20019003E09DF80B000190FFE7C8
:100D300001988DF80A009DF80A10002016F0C6FFF1
:100D40000390FFE7039804B080BD000080B582B037
:100D5000ADF8060041F2B020C2F20000807901280F
:100D600007D0FFE740F25C41C2F2000100200870AA
:100D700024E040F25C40C2F20000007870B9FFE766
:100D800004F0F0FE40F26041C2F20001086040F25F
:100D90005C41C2F20001012008700FE004F0E2FEA5
:100DA00040F26041C2F200010968401A00097C2843
:100DB00001D8FFE702E012F0CDFDFFE702B080BDF1
:100DC000FFE7FEE784B0029001910092029801993A
:100DD000884203DAFFE7019803900AE0029800993D
:100DE000884203DDFFE70098039002E00298039039
:100DF000FFE7039804B0704785B004900498006A38
:100E0000039004980068406920F443000399084364
:100E1000049909684861049B1A6958699969DB69F2
:100E2000184310430843039004980168012050229E
:100E3000C4F202029142029000F06781FFE7049839
:100E4000016801205022C5F202029142029000F096
:100E50005C81FFE7049801680120D022C4F20202FD
:100E60009142029000F05181FFE70498016801204F
:100E7000D022C5F202029142029000F04681FFE7C3
:100E800004980168012040F25012C4F2020291421B
:100E9000029000F03A81FFE704980168012040F2D7
:100EA0005012C5F202029142029000F02E81FFE73B
:100EB00004980168012040F2D012C4F2020291426B
:100EC000029000F02281FFE704980168012040F2BF
:100ED000D012C5F202029142029000F01681FFE7A3
:100EE00004980168012040F25022C4F202029142AB
:100EF000029000F00A81FFE704980168012040F2A7
:100F00005022C5F202029142029000F0FE80FFE7FB
:100F100004980168012040F2D022C4F202029142FA
:100F2000029000F0F280FFE704980168012040F28F
:100F3000D022C5F202029142029000F0E680FFE763
:100F400004980168012040F25032C4F2020291423A
:100F5000029000F0DA80FFE704980168012040F277
:100F60005032C5F202029142029000F0CE80FFE7BB
:100F700004980168012040F2D032C4F2020291428A
:100F8000029000F0C280FFE704980168012040F25F
:100F9000D032C5F202029142029000F0B680FFE723
:100FA00004980168012041F25002C4F20202914209
:100FB000029000F0AA80FFE704980168012041F246
:100FC0005002C5F202029142029000F09E80FFE7BB
:100FD00004980168012041F2D002C4F20202914259
:100FE000029000F09280FFE704980168012041F22E
:100FF000D002C5F202029142029000F08680FFE723
:1010000004980168012041F25012C4F20202914298
:1010100002907AD0FFE704980168012041F2501253
:10102000C5F20202914202906FD0FFE70498016876
:10103000012041F2D012C4F202029142029064D027
:10104000FFE704980168012041F2D012C5F20202C4
:101050009142029059D0FFE704980168012041F2C3
:101060005022C4F20202914202904ED0FFE704984F
:101070000168012041F25022C5F202029142029021
:1010800043D0FFE704980168012041F2D022C4F266
:1010900002029142029038D0FFE7049801680120D3
:1010A00041F2D022C5F20202914202902DD0FFE718
:1010B00004980168012041F25032C4F202029142C8
:1010C000029022D0FFE704980168012041F25032DB
:1010D000C5F202029142029017D0FFE7049801681E
:1010E000012041F2D032C4F20202914202900CD0AF
:1010F000FFE7049800684EF63041CAF6FD710844D7
:10110000B0FA80F040090290FFE70298C007B8B13A
:10111000FFE70498426A836AC06A0021CFF6F07143
:1011200001EB035101F07C7108436FF00F0101EBFB
:10113000021101F47C710143039808430390FFE717
:1011400004980068006C00F080200399084304991B
:1011500009680864049988680A791043096B084390
:1011600003900498C068B0F5806F40F07C81FFE781
:101170000498016801205022C4F2020291420190B9
:1011800000F06781FFE70498016801205022C5F252
:1011900002029142019000F05C81FFE7049801682F
:1011A0000120D022C4F202029142019000F051814C
:1011B000FFE7049801680120D022C5F202029142A3
:1011C000019000F04681FFE704980168012040F299
:1011D0005012C4F202029142019000F03A81FFE7FE
:1011E00004980168012040F25012C5F202029142B7
:1011F000019000F02E81FFE704980168012040F281
:10120000D012C4F202029142019000F02281FFE765
:1012100004980168012040F2D012C5F20202914206
:10122000019000F01681FFE704980168012040F268
:101230005022C4F202029142019000F00A81FFE7BD
:1012400004980168012040F25022C5F20202914246
:10125000019000F0FE80FFE704980168012040F251
:10126000D022C4F202029142019000F0F280FFE726
:1012700004980168012040F2D022C5F20202914296
:10128000019000F0E680FFE704980168012040F239
:101290005032C4F202029142019000F0DA80FFE77E
:1012A00004980168012040F25032C5F202029142D6
:1012B000019000F0CE80FFE704980168012040F221
:1012C000D032C4F202029142019000F0C280FFE7E6
:1012D00004980168012040F2D032C5F20202914226
:1012E000019000F0B680FFE704980168012041F208
:1012F0005002C4F202029142019000F0AA80FFE77E
:1013000004980168012041F25002C5F202029142A4
:10131000019000F09E80FFE704980168012041F2EF
:10132000D002C4F202029142019000F09280FFE7E5
:1013300004980168012041F2D002C5F202029142F4
:10134000019000F08680FFE704980168012041F2D7
:101350005012C4F20202914201907AD0FFE7049841
:101360000168012041F25012C5F20202914201903F
:101370006FD0FFE704980168012041F2D012C4F257
:1013800002029142019064D0FFE7049801680120B5
:1013900041F2D012C5F202029142019059D0FFE70A
:1013A00004980168012041F25022C4F202029142E5
:1013B00001904ED0FFE704980168012041F25022CD
:1013C000C5F202029142019043D0FFE70498016800
:1013D000012041F2D022C4F202029142019038D0A1
:1013E000FFE704980168012041F2D022C5F2020211
:1013F000914201902DD0FFE704980168012041F24D
:101400005032C4F202029142019022D0FFE70498C8
:101410000168012041F25032C5F20202914201906E
:1014200017D0FFE704980168012041F2D032C4F2DE
:101430000202914201900CD0FFE7049800684EF63A
:101440003041CAF6FD710844B0FA80F040090190BD
:10145000FFE70198C00728B1FFE7039840F48060D8
:101460000390FFE70CE00498C068B0F5007F05D159
:10147000FFE7039840F40070039000E0FFE7FFE708
:101480000498416B03980843039004980068406CEB
:1014900042F20011C3F6C041084003990843049981
:1014A0000968486404980168002088640498016809
:1014B000012040F25032C4F20202914200904ED01C
:1014C000FFE704980168012040F25032C5F20202A1
:1014D0009142009043D0FFE704980168012040F258
:1014E000D032C4F202029142009038D0FFE7049853
:1014F0000168012040F2D032C5F202029142009010
:101500002DD0FFE704980168012041F25032C4F267
:1015100002029142009022D0FFE704980168012066
:1015200041F25032C5F202029142009017D0FFE71B
:1015300004980168012041F2D032C4F202029142C3
:1015400000900CD0FFE7049800684EF63041CAF6D0
:10155000FD710844B0FA80F040090090FFE7009860
:10156000C00740B1FFE7049801680020486504996E
:1015700009688865FFE7049801680020C86705B01E
:101580007047000085B00090009B9869D9691A6A7D
:101590005B6A04930392029101909DED010ADDEDD7
:1015A000020A9DED031ADDED041A05B07047000034
:1015B00080B582B00190019849F6D811C0F60101BA
:1015C00000F0D8F8019800F003F802B080BD0000E8
:1015D00080B58EB00D900D9A4FF07E50099000208E
:1015E0000A900B900C9009990A9BDDF82CC0DDF84D
:1015F00030E0C2F824E0C2F820C0D36191610D9AB6
:101600000690079008900699079BDDF820C0C2F865
:1016100030C0D36291620D9A012182F834100D9A84
:101620000021C4F2201191630D9981F840000D9AB8
:101630000390049005900399049BDDF814C0C2F850
:101640004CC0936451640D9A0090019002900099EF
:10165000019BDDF808C0C2F858C0536511650D99AB
:1016600081F85C000D9908660D9A516951660D99D3
:1016700081F868000D99C8660D99486908670EB031
:1016800080BD000080B590B00F908DED0E0A0F98D0
:1016900090ED060A90ED073A90ED081A90ED092AB0
:1016A00023EE013A20EE020A30EE030A21EE013A5F
:1016B000B6EE001A8DED011A31EE431A22EE022A1F
:1016C00071EE420A16F0EEFC8DED0D0A9DED0D0A4D
:1016D0008DED020A9DED0E0A00F0C0FC9DED011A91
:1016E000B0EE402A9DED020A30EE420A20EE010AD9
:1016F0008DED0C0A9DED0C0A16F02AFE8DED080A00
:10170000002009900A909DED0C0A17F0FBF9B0EE4D
:10171000401A9FED170A30EE410A8DED0B0A0F9823
:1017200003909DED080ADDED090A9DED0A1ADDED35
:101730000B1A90ED062AD0ED072A90ED083AD0ED6D
:10174000093A00F07FFE0399CDED071A8DED061AD8
:10175000CDED050A8DED040A0498059A069BDDF887
:101760001CC0C1F824C00B62CA61886110B080BD82
:101770000000008080B586B0059004910498007840
:10178000059908700498406805994860049890EDA0
:10179000020AB5EE400AF1EE10FA05D1FFE79FED1F
:1017A0004C0A8DED030A09E0049890ED020A9FEDC2
:1017B000471A20EE010A8DED030AFFE79DED030AAB
:1017C000059880ED020A049890ED030AB5EE400AF0
:1017D000F1EE10FA05D1FFE79FED3D0A8DED020A0B
:1017E00011E0049890ED030A00F038FC17F08AF934
:1017F000B6EE001A20EE010AF0EE000A16F050FED6
:101800008DED020AFFE79DED020A059880ED030ABF
:10181000049890ED040AB5EE400AF1EE10FA05D1F5
:10182000FFE79FED2B0A8DED010A11E0049890ED82
:10183000040A00F013FC17F065F9B6EE001A20EE6A
:10184000010AF0EE000A16F02BFE8DED010AFFE70B
:101850009DED010A059880ED040A049840690599F8
:101860004861059948694866059948690867049878
:1018700090ED010AB5EE400AF1EE10FA04D0FFE750
:101880000498406948B9FFE705994FF6FF70C7F61D
:101890007F70C86005990861FFE7059890F83400EB
:1018A000C00720B9FFE7059948688863FFE70598F6
:1018B00090ED011AB2EE040A30EE410AB0EE081AB9
:1018C00080EE010A80ED0F0A06B080BD48E17A3F44
:1018D000FFFF7F7F80B5CAB08DED491ACDED480A74
:1018E0008DED470ACDED462A8DED452ACDED441A02
:1018F0008DED434ACDED423A8DED413A4090CDED2C
:101900003F4A40994498459A469B0B63CA62886255
:101910009DED470AB0EEC00A409890ED021AB4EE71
:10192000410AF1EE10FA1ADCFFE79DED480AB0EE2D
:10193000C00A409890ED021AB4EE410AF1EE10FA96
:101940000DDCFFE79DED490AB0EEC00A409890ED2E
:10195000021AB4EE410AF1EE10FA1CDDFFE7409BDB
:101960009869D9691A6A5B6A3E933D923C913B90B3
:101970004098FFF72DFE40993B983C9A3D9BDDF83F
:10198000F8C0C1F824C00B62CA6188614099012087
:1019900081F84000FFE7409890F83400C00768B332
:1019A000FFE7409890ED0E0A90ED0F1A9DED3F2A4B
:1019B00021EE021A30EE410A80ED0E0A409890EDB9
:1019C000011A90ED0E0AB4EE410AF1EE10FA09DBAD
:1019D000FFE7409890ED010AB5EE400AF1EE10FAEB
:1019E0000BD1FFE74099486888634099002081F84F
:1019F0003400409981F84000FFE7FFE740980CF081
:101A0000DFFF8DED3A1ACDED390A8DED380A002051
:101A10003790369035904099012081F85C009DED1B
:101A2000440ADDED450A9DED461A01F00FF8002845
:101A300079D1FFE7409804909DED440ADDED450A19
:101A40009DED461A01F054F88DED311ACDED300AB6
:101A50008DED2F0A9DED2F0ADDED300A9DED311A37
:101A6000DDED381A9DED392ADDED3A2A01F0B2FAA2
:101A700004998DED341ACDED330A8DED320A32988A
:101A8000339A349BCB648A644864409890F834005D
:101A9000C00790B9FFE7409890ED110AD0ED120A07
:101AA00090ED131A00F0FEFF409890ED031AB4EE8B
:101AB000410AF1EE10FA09DCFFE74099002081F8B5
:101AC0005C004099086E0938086604E04099086E89
:101AD00001300866FFE74099086E496E884207DDCD
:101AE000FFE7409900204866409981F85C0003E0D8
:101AF000409948694866FFE740984269006E0021B6
:101B0000FFF760F940990866409890F85C00C007BC
:101B100040B9FFE7409A506C916CD26C3792369185
:101B20003590FFE7FFE700202E902D902C904099F4
:101B3000012081F868009DED410ADDED420A9DED2E
:101B4000431A00F083FF002840F09780FFE7409899
:101B50000CF0BEFF8DED2B1ACDED2A0A8DED290A72
:101B6000409803909DED380ADDED390A9DED3A1A53
:101B7000DDED411A9DED422ADDED432A00F098FE8D
:101B80008DED221ACDED210A8DED200A9DED200A62
:101B9000DDED210A9DED221A00F0AAFF8DED251A38
:101BA000CDED240A8DED230A9DED230ADDED240AF7
:101BB0009DED251ADDED291A9DED2A2ADDED2B2A52
:101BC00001F008FA03998DED281ACDED270A8DED65
:101BD000260A2698279A289B8B654A6508654098AF
:101BE00090F83400C00790B9FFE7409890ED140AD0
:101BF000D0ED150A90ED161A00F054FF409890EDC4
:101C0000041AB4EE410AF1EE10FA09DCFFE740993C
:101C1000002081F868004099C86E0938C86604E061
:101C20004099C86E0130C866FFE74099C86E096FD9
:101C3000884207DDFFE7409900200867409981F856
:101C4000680003E0409948690867FFE740984269E7
:101C5000C06E0021FFF7B6F84099C866409890F82A
:101C60006800C00740B9FFE7409A106D516D926D52
:101C70002E922D912C90FFE7FFE7B6EE000A00F0C0
:101C8000EDF9F0EE401A9DED470ADDED480A9DEDB5
:101C9000491A00F057FF8DED1F1ACDED1E0A8DED8C
:101CA0001D0A9DED350ADDED360A9DED371ADDED95
:101CB0002C1A9DED2D2ADDED2E2A00F09DFD8DEDD7
:101CC000161ACDED150A8DED140A4098D0ED0E1AB6
:101CD0009DED140ADDED150A9DED161A00F032FF98
:101CE0008DED191ACDED180A8DED170A9DED1D0A1F
:101CF000DDED1E0A9DED1F1ADDED171A9DED182A68
:101D0000DDED192A00F078FD8DED1C1ACDED1B0AD2
:101D10008DED1A0A40980190DDED3F1A9DED1A0AEB
:101D2000DDED1B0A9DED1C1A00F00CFF01988DEDF6
:101D30000B1ACDED0A0A8DED090A90ED060AD0EDD9
:101D4000070A90ED081AD0ED091A9DED092ADDED7C
:101D50000A2A9DED0B3A00F0C7FC0198CDED0F1A51
:101D60008DED0E1ACDED0D0A8DED0C0A90ED060AE3
:101D7000D0ED070A90ED081AD0ED091A9DED0C2A56
:101D8000DDED0D2A9DED0E3ADDED0F3A00F07EFA05
:101D90000199CDED131A8DED121ACDED110A8DEDCD
:101DA000100A1098119A129BDDF84CC0C1F824C09B
:101DB0000B62CA6188614098029090ED060AD0EDEE
:101DC000070A90ED081AD0ED091A00F007FB0299F6
:101DD000CDED081A8DED071ACDED060A8DED050A39
:101DE0000598069A079BDDF820C0C1F824C00B6255
:101DF000CA6188614AB080BD80B58CB08DED0B1A88
:101E0000CDED0A0A8DED090ACDED082A8DED072AE0
:101E1000CDED061A05908DED043A0598002101914B
:101E200002910391DDED044A9DED090ADDED0A0AF8
:101E30009DED0B1ADDED061A9DED072ADDED082A52
:101E40009DED013ADDED023A9DED034AFFF742FDBB
:101E5000059890F83400C00730B1FFE705989FED72
:101E6000030AFFF70FFCFFE70CB080BD0000000085
:101E700080B582B08DED000A9DED000ABFEE001A1C
:101E8000B4EE410AF1EE10FA06DCFFE740F6DB7033
:101E9000CBF6C970019016E09DED000AB7EE001A6E
:101EA000B4EE410AF1EE10FA06DBFFE740F6DB7014
:101EB000C3F6C970019006E09DED000A16F05CF8CB
:101EC0008DED010AFFE79DED010A02B080BD000023
:101ED00085B0049003919DED030AB8EE401AB7EE69
:101EE000000A80EE010A9FED0C1A20EE010A049808
:101EF00080ED000A039804994860049900208860E6
:101F000004990090019002900098019A029B4B6105
:101F10000A61C86005B07047FDAD003E80B592B063
:101F20008DED0E1ACDED0D0A8DED0C0A0B900B9870
:101F30009DED0C0ADDED0D0A9DED0E1AD0ED031A94
:101F400090ED042AD0ED052A00F07EFE8DED0A1AF0
:101F5000CDED090A8DED080A089809990A9A0E92A2
:101F60000D910C909DED0C0AB0EEC00AB0EE081A6F
:101F7000B4EE410AF1EE10FA18DCFFE79DED0D0A10
:101F8000B0EEC00AB0EE081AB4EE410AF1EE10FA53
:101F90000CDCFFE79DED0E0AB0EEC00AB0EE081AA9
:101FA000B4EE410AF1EE10FA0ADDFFE70B990020CA
:101FB00088600C980D990E9A119210910F9045E03F
:101FC0000B984168806888420BD2FFE70B998868BC
:101FD000013088600C980D990E9A119210910F9013
:101FE00034E00B980190D0ED001A9DED0C0ADDED68
:101FF0000D0A9DED0E1A00F0CFFD01988DED041A2B
:10200000CDED030A8DED020A90ED030AD0ED040A2E
:1020100090ED051ADDED021A9DED032ADDED042A8F
:1020200000F018FC01998DED071ACDED060A8DED33
:10203000050A0598069A079B4B610A61C8600C98CF
:102040000D990E9A119210910F90FFE79DED0F0AD6
:10205000DDED100A9DED111A12B080BD81B08DED3D
:10206000000A9DED000A9FED031A20EE010A01B05F
:10207000704700BF35FA8E3C82B08DED010A0198A1
:102080000090009941F21240C5F61F70A0EB61006C
:1020900000909DED000A9DED011A9FED082A21EEAA
:1020A000021A21EE001A21EE001A9FED052A31EEE8
:1020B000021A20EE010A02B0704700BF12D336BFE9
:1020C000FF51D83FF0B58FB0189E179D169CDDF8D4
:1020D00054E0DDF850C00B960A950994CDF820E045
:1020E000CDF81CC006930592049103908DED021A61
:1020F000CDED010A8DED000A9DED031A9DED043A28
:102100009DED050A9DED004A9DED015A9DED022AC7
:1021100023EE053A21EE041A31EE031A20EE020AEC
:1021200030EE010A8DED0C0A9DED061A9DED073A81
:102130009DED080A9DED004A9DED015A9DED022A94
:1021400023EE053A21EE041A31EE031A20EE020ABC
:1021500030EE010A8DED0D0A9DED091A9DED0A3A4A
:102160009DED0B0A9DED004A9DED015A9DED022A61
:1021700023EE053A21EE041A31EE031A20EE020A8C
:1021800030EE010A8DED0E0A9DED0C0ADDED0D0A13
:102190009DED0E1A0FB0F0BDF0B5A1B02A9E299D9D
:1021A000289CDDF89CE0DDF898C08DED1D1ACDED82
:1021B0001C0A8DED1B0A1A9619951894CDF85CE04F
:1021C000CDF858C01593149213911290CDED112AA9
:1021D0008DED102ACDED0F1A8DED0E4ACDED0D3A95
:1021E0008DED0C3A9DED1B0ADDED1C0A9DED1D1ACF
:1021F000DDED0C1A9DED0D2ADDED0E2A00F0F6FC4A
:102200008DED081ACDED070A8DED060A9DED060A43
:10221000DDED070A9DED081ADDED0F1A9DED102A80
:10222000DDED112A00F0B6FB8DED0B1ACDED0A0A9B
:102230008DED090A12981399149A159BDDF858C070
:10224000179C189D199E1A9F9DED090ADDED0A0A3B
:102250009DED0B1AEE46CEF81070CEF80C60CEF85D
:102260000850CEF80440CEF800C0FFF72BFF8DEDEC
:10227000201ACDED1F0A8DED1E0A9DED1E0ADDED23
:102280001F0A9DED201A21B0F0BD00008CB0CDEDED
:10229000071A8DED061ACDED050A8DED040ACDED78
:1022A000033A8DED023ACDED012A8DED002A9DED28
:1022B000040A9DED001A30EE010A8DED080A9DED2D
:1022C000050A9DED011A30EE010A8DED090A9DED1A
:1022D000060A9DED021A30EE010A8DED0A0A9DED07
:1022E000070A9DED031A30EE010A8DED0B0A9DEDF4
:1022F000080ADDED090A9DED0A1ADDED0B1A0CB096
:10230000704700008CB0CDED071A8DED061ACDEDAB
:10231000050A8DED040ACDED033A8DED023ACDEDBF
:10232000012A8DED002A9DED040A9DED001A20EE94
:10233000010A8DED080A9DED050A9DED011A20EEBA
:10234000010A8DED090A9DED060A9DED021A20EEA7
:10235000010A8DED0A0A9DED070A9DED031A20EE94
:10236000010A8DED0B0A9DED080ADDED090A9DEDD0
:102370000A1ADDED0B1A0CB07047000080B588B06A
:10238000CDED071A8DED061ACDED050A8DED040A87
:102390009DED042ADDED052A9DED063ADDED073AB7
:1023A000B0EE420AF0EE620AB0EE431AF0EE631AA3
:1023B000FFF7A8FFCDED031A8DED021ACDED010A4E
:1023C0008DED000A9DED000ADDED010A9DED021A7A
:1023D000DDED031A00F008F908B080BD80B588B0C3
:1023E000CDED031A8DED021ACDED010A8DED000A37
:1023F0009DED000ADDED010A9DED021ADDED031AE7
:10240000FFF7BCFFFFF738FEB0EE402A9DED000A53
:10241000DDED010A9DED021ADDED031A00F0AEF8C4
:10242000CDED071A8DED061ACDED050A8DED040AE6
:102430009DED040ADDED050A9DED061ADDED071A96
:1024400008B080BD8CB0CDED071A8DED061ACDED2C
:10245000050A8DED040ACDED033A8DED023ACDED7E
:10246000012A8DED002A9DED040A9DED055A9DED92
:10247000063A9DED071A9DED006A9DED017A9DEDEE
:10248000024A9DED032A25EE075A20EE060A30EE99
:10249000450A23EE043A30EE430A21EE021A30EEEA
:1024A000410A8DED080A9DED007A9DED016A9DEDD2
:1024B000022A9DED034A9DED043A9DED055A9DEDDE
:1024C000060A9DED071A25EE075A23EE063A33EE6B
:1024D000053A20EE040A30EE030A21EE021A30EE2D
:1024E000410A8DED090A9DED004A9DED012A9DED01
:1024F000026A9DED037A9DED043A9DED055A9DED2E
:10250000061A9DED070A25EE075A23EE063A33EE2A
:10251000453A21EE041A31EE031A20EE020A30EE9B
:10252000010A8DED0A0A9DED002A9DED014A9DEDFF
:10253000027A9DED036A9DED041A9DED055A9DED0D
:10254000063A9DED070A25EE075A21EE061A31EEEE
:10255000051A23EE043A31EE431A20EE020A30EE59
:10256000010A8DED0B0A9DED080ADDED090A9DEDCE
:102570000A1ADDED0B1A0CB07047000089B0CDEDE2
:10258000041A8DED031ACDED020A8DED010A8DEDD1
:10259000002A9DED010A9DED001A20EE010A8DED45
:1025A000050A9DED020A9DED001A20EE010A8DED4F
:1025B000060A9DED030A9DED001A20EE010A8DED3D
:1025C000070A9DED040A9DED001A20EE010A8DED2B
:1025D000080A9DED050ADDED060A9DED071ADDED01
:1025E000081A09B07047000084B0CDED031A8DEDD4
:1025F000021ACDED010A8DED000A9DED000A9DED58
:10260000013A9DED022A9DED031A30EE030A30EEE9
:10261000020A30EE010A04B07047000080B588B0AD
:10262000CDED041A8DED031ACDED020A8DED010AF0
:102630009DED011A9DED023A9DED030A9DED042AE0
:1026400021EE033A20EE020A30EE030A22EE022ABD
:1026500021EE011A31EE021AB6EE002A8DED002AA3
:1026600071EE420A15F01EFD00F0B8F88DED050A76
:102670009DED010A9DED021A9DED032A9DED043AA0
:1026800021EE031A20EE020A30EE410A30EE000A73
:10269000FFF7EEFB00F0A2F89DED002A8DED060A93
:1026A0009DED011A9DED023A9DED030A9DED044A50
:1026B00021EE044A23EE000A30EE040A23EE033A28
:1026C00021EE011A31EE031A71EE420A15F0EAFC0E
:1026D00000F084F88DED070A9DED050ADDED060A90
:1026E0009DED071A08B080BD8BB0CDED061A8DEDBB
:1026F000051ACDED040A8DED030A8DED023ACDEDFC
:10270000012A8DED002A9DED043A9DED050A9DED0F
:10271000061A9DED004A9DED015A9DED022A20EE1C
:10272000450A23EE043A30EE430A21EE021A30EE57
:10273000410A8DED070A9DED004A9DED012A9DEDB0
:10274000025A9DED030A9DED053A9DED061A23EE12
:10275000053A20EE040A30EE030A21EE021A30EEAA
:10276000410A8DED080A9DED002A9DED014A9DED7F
:10277000025A9DED031A9DED043A9DED060A23EEE3
:10278000053A21EE041A31EE431A20EE020A30EE29
:10279000010A8DED090A9DED002A9DED015A9DED7E
:1027A000024A9DED030A9DED043A9DED051A23EEC4
:1027B000053A20EE040A30EE030A21EE021A30EE4A
:1027C000410A8DED0A0A9DED070ADDED080A9DED2F
:1027D000091ADDED0A1A0BB07047000081B08DEDCB
:1027E000000A9DED000A9FED031A20EE010A01B0D8
:1027F000704700BFE02E654289B08DED051ACDED22
:10280000040A8DED030ACDED022A8DED012ACDEDEE
:10281000001A9DED030A9DED001A30EE010A8DEDC0
:10282000060A9DED040A9DED011A30EE010A8DEDB8
:10283000070A9DED050A9DED021A30EE010A8DEDA5
:10284000080A9DED060ADDED070A9DED081A09B09C
:102850007047000089B08DED051ACDED040A8DEDAD
:10286000030ACDED022A8DED012ACDED001A9DED72
:10287000030A9DED001A30EE010A8DED060A9DED6A
:10288000040A9DED011A30EE010A8DED070A9DED57
:10289000050A9DED021A30EE010A8DED080A9DED44
:1028A000060ADDED070A9DED081A09B07047000021
:1028B00089B08DED051ACDED040A8DED030ACDED3D
:1028C000022A8DED012ACDED001A9DED013A9DED14
:1028D000022A9DED040A9DED051A21EE031A20EE51
:1028E000020A30EE410A8DED060A9DED031A9DEDB8
:1028F000050A9DED002A9DED023A21EE031A20EE15
:10290000020A30EE410A8DED070A9DED003A9DED79
:10291000012A9DED030A9DED041A21EE031A20EE13
:10292000020A30EE410A8DED080A9DED060ADDED42
:10293000070A9DED081A09B07047000080B58AB0FB
:102940008DED091ACDED080A8DED070ACDED062AA9
:102950008DED052ACDED041A9DED070ADDED080A7F
:102960009DED091ADDED041A9DED052ADDED062A1F
:1029700000F03EF88DED031ACDED020A8DED010A4F
:102980009DED010ADDED020A9DED031A00F08AF9C2
:102990000AB080BD89B08DED051ACDED040A8DED2C
:1029A000030ACDED022A8DED012ACDED001A9DED31
:1029B000030A9DED001A20EE010A8DED060A9DED39
:1029C000040A9DED011A20EE010A8DED070A9DED26
:1029D000050A9DED021A20EE010A8DED080A9DED13
:1029E000060ADDED070A9DED081A09B070470000E0
:1029F00089B08DED051ACDED040A8DED030ACDEDFC
:102A0000022A8DED012ACDED001A9DED030A9DED00
:102A1000001A20EE010A8DED060A9DED040A9DEDD7
:102A2000011A20EE010A8DED070A9DED050A9DEDC4
:102A3000021A20EE010A8DED080A9DED060ADDED71
:102A4000070A9DED081A09B07047000084B08DEDAB
:102A5000031ACDED020A8DED010A9DED010A002059
:102A6000B5EE400AF1EE10FA009015D1FFE79DEDAA
:102A7000020A0020B5EE400AF1EE10FA00900BD1E8
:102A8000FFE79DED030A0020B5EE400AF1EE10FAD3
:102A900008BF01200090FFE7009800F0010004B09B
:102AA0007047000080B586B08DED051ACDED040AA3
:102AB0008DED030ADDED031A9DED042ADDED052AF7
:102AC000B0EE610AF0EE420AB0EE621AFFF790FF34
:102AD0008DED021ACDED010A8DED000A9DED000A83
:102AE000DDED010A9DED021A00F0DCF806B080BDB4
:102AF00080B586B08DED021ACDED010A8DED000A8C
:102B00009DED000ADDED010A9DED021AFFF7CAFFF7
:102B1000FFF7B2FAF0EE401A9DED000ADDED010A72
:102B20009DED021A00F00EF88DED051ACDED040AA8
:102B30008DED030A9DED030ADDED040A9DED051AF6
:102B400006B080BD87B08DED031ACDED020A8DED84
:102B5000010ACDED001A9DED010A9DED001A20EE4F
:102B6000010A8DED040A9DED020A9DED001A20EE8A
:102B7000010A8DED050A9DED030A9DED001A20EE78
:102B8000010A8DED060A9DED040ADDED050A9DEDB5
:102B9000061A07B07047000087B08DED031ACDED1F
:102BA000020A8DED010ACDED001A9DED010A9DEDA1
:102BB000001A20EE010A8DED040A9DED020A9DED3A
:102BC000001A20EE010A8DED050A9DED030A9DED28
:102BD000001A20EE010A8DED060A9DED040ADDEDD6
:102BE000050A9DED061A07B07047000089B08DED0B
:102BF000051ACDED040A8DED030ACDED022A8DED07
:102C0000012ACDED001A9DED030A9DED001A30EE6C
:102C1000410A8DED060A9DED040A9DED011A30EE84
:102C2000410A8DED070A9DED050A9DED021A30EE71
:102C3000410A8DED080A9DED060ADDED070A9DEDBE
:102C4000081A09B07047000089B08DED051ACDED66
:102C5000040A8DED030ACDED022A8DED012ACDED9A
:102C6000001A9DED030A9DED001A30EE410A8DED2C
:102C7000060A9DED040A9DED011A30EE410A8DED24
:102C8000070A9DED050A9DED021A30EE410A8DED11
:102C9000080A9DED060ADDED070A9DED081A09B048
:102CA0007047000083B08DED021ACDED010A8DED65
:102CB000000A9DED000A9DED012A9DED021A30EEFD
:102CC000020A30EE010A03B07047000070470000AE
:102CD00080B582B08DF8070040F2C400C2F2000057
:102CE000026A9DF80710904702B080BD80B582B09F
:102CF0008DF8070040F20010C2F20000026A9DF851
:102D00000710904702B080BD80B582B08DF80700F3
:102D100040F23C10C2F20000026A9DF80710904792
:102D200002B080BD80B582B040F26820C2F20000DF
:102D3000426A6946904720B1FFE74FF0FF300190AB
:102D40000BE040F26820C2F20000026A0099B1FA7A
:102D500081F1490990470190FFE7019802B080BDD9
:102D600080B50DF0F7FC80BD80B582B00190019870
:102D70000DF022FD02B080BD80B586B005900491B3
:102D8000039200200290FFE7029802284CDCFFE744
:102D90000598029A00EB820090ED000A40F268402C
:102DA000C2F2000000EB820040F21001C2F200010A
:102DB000009101EB820110F0B3F90498029A00EB44
:102DC000820090ED000A40F27440C2F2000000EB75
:102DD000820040F21C01C2F20001019101EB82016C
:102DE00010F09EF9009A0198059B029903EB81036C
:102DF00093ED000A02EB8102D2ED000A049A02EB85
:102E0000810292ED001A00EB8100D0ED001A0DF066
:102E1000DBFB0398029900EB810080ED000AFFE7DD
:102E2000029801300290AFE706B080BD80B5102057
:102E300002F0BCFC80BD000072B6FFE7FEE70000B8
:102E400080B540F62C10C2F2000002F069F880BD97
:102E500080B540F62C10C2F2000002F061F880BD8F
:102E600083B002904AF60040C4F20000009002983D
:102E700000684AF60001C4F20001884205D1FFE76C
:102E8000009800F554700090FFE7009802990864DC
:102E900002980068D0F8800020F4F810029A1168B7
:102EA000526B40EA0240C1F88000009870300299ED
:102EB000486402980068D0F8800020F07060029AA0
:102EC0001168926B40EA0260C1F880000098B0304F
:102ED00002998864009800F5C4700299C86400984B
:102EE00000F5187002990865009800F51E700299A7
:102EF000486500980190FFE70198009901F5547129
:102F0000884208D2FFE7019900200860FFE7019896
:102F100004300190F0E703B07047000088B00790DC
:102F20000691059204930698406848B9FFE7069811
:102F3000016882680069104340EA8140039009E01B
:102F400006980168826800691043084340F0804099
:102F50000390FFE70698D0F820C0C16842698369F2
:102F6000C06940EA0C601843104340EA01400290F7
:102F70000798406D049901EBC10100EBC10001907D
:102F80000398019908600198043001900298019912
:102F9000086001980430019000200090FFE700983D
:102FA0000699CA6849F6C811C0F60101895C8842D1
:102FB0000DD2FFE7059800994058019908600198E3
:102FC00004300190FFE7009804300090E7E708B074
:102FD0007047000080B58CB08DED081ACDED070A62
:102FE0008DED060ACDED052A8DED042ACDED031AEF
:102FF0009DED060ADDED070A9DED081ADDED031AC9
:103000009DED042ADDED052AFFF798FCB5EE400A98
:10301000F1EE10FA23DAFFE79DED060ADDED070A6F
:103020009DED081ADDED031A9DED042ADDED052A5C
:10303000FFF73EFC8DED021ACDED010A8DED000A81
:103040009DED000ADDED010A9DED021AFFF750FD2E
:103050008DED0B1ACDED0A0A8DED090A14E09DEDF8
:10306000060ADDED070A9DED081ADDED031A9DED58
:10307000042ADDED052AFFF71BFC8DED0B1ACDEDC3
:103080000A0A8DED090AFFE79DED090ADDED0A0A3E
:103090009DED0B1A0CB080BD80B540F69000C2F2D9
:1030A000000001F021F880BD40F24C70C2F2000037
:1030B0000068704780B5C0B020901F9100208DF847
:1030C0007B001B901F98C0680021C4F27F018842DA
:1030D00001D0FFE700E0FFE7FFE7209890F85400F9
:1030E000012804D1FFE702208DF88700FDE3209935
:1030F000012081F85400FFE7FFE7209800680CF0FA
:10310000E9FA002840F0DD83FFE71F9800680128F6
:1031100010D0FFE71F9800680221C0F230418842BA
:103120000DD1FFE71F98C0680021C4F27F018842DB
:1031300005D1FFE7209800680CF06CFAFFE72098B3
:1031400000681F990A6849680CF0CCFA209800685A
:103150000CF0C0FA1A90209800680CF09BFA1990B5
:103160001A98002840F0B881FFE71998002840F02D
:10317000B381FFE71F988068B0F1004F0ED1FFE7E1
:10318000209800681F99096800220CF0C9FA20985D
:1031900000684FF000410CF06FFB0CE020980068D5
:1031A0001F9A116892680CF0BBFA20980068002101
:1031B0000CF062FBFFE71F98406920990968C96815
:1031C00001F01801890888401D901F9800690428A3
:1031D0001CD0FFE7209800681F990A6809691D9BA9
:1031E0000CF0F0FA209800681F9A116992690CF0AF
:1031F0001BFB209800681F9A1169127F013AB2FAEE
:1032000082F2520952060CF0FBFA64E12098006841
:1032100000210CF02FFA000348B9FFE7209800685E
:1032200000210CF027FAC0F38460189018E0209871
:10323000006800210CF01EFA90FAA0F03E903E9833
:1032400020B9FFE720208DF8FF0005E03E98B0FA96
:1032500080F08DF8FF00FFE79DF8FF001890FFE772
:10326000189817901F980068000330B9FFE71F985F
:103270000068C0F38460169015E01F98006890FA0B
:10328000A0F03C903C9820B9FFE720208DF8F70093
:1032900005E03C98B0FA80F08DF8F700FFE79DF864
:1032A000F7001690FFE717981699884207D1FFE7B5
:1032B00020980068002211460CF0CAFAFFE7209817
:1032C000006801210CF0D6F9000348B9FFE7209807
:1032D000006801210CF0CEF9C0F38460159018E06D
:1032E0002098006801210CF0C5F990FAA0F03A90FE
:1032F0003A9820B9FFE720208DF8EF0005E03A98D2
:10330000B0FA80F08DF8EF00FFE79DF8EF00159020
:10331000FFE7159814901F980068000330B9FFE785
:103320001F980068C0F38460139015E01F98006830
:1033300090FAA0F03890389820B9FFE720208DF857
:10334000E70005E03898B0FA80F08DF8E700FFE775
:103350009DF8E7001390FFE714981399884207D16E
:10336000FFE720980068012100220CF071FAFFE7C6
:103370002098006802210CF07DF9000348B9FFE7AE
:103380002098006802210CF075F9C0F38460129057
:1033900018E02098006802210CF06CF990FAA0F077
:1033A0003690369820B9FFE720208DF8DF0005E041
:1033B0003698B0FA80F08DF8DF00FFE79DF8DF0067
:1033C0001290FFE7129811901F980068000330B91F
:1033D000FFE71F980068C0F38460109015E01F9805
:1033E000006890FAA0F03490349820B9FFE72020CC
:1033F0008DF8D70005E03498B0FA80F08DF8D7004A
:10340000FFE79DF8D7001090FFE7119810998842C8
:1034100007D1FFE720980068022100220CF018FA7B
:10342000FFE72098006803210CF024F9000348B955
:10343000FFE72098006803210CF01CF9C0F38460BA
:103440000F9018E02098006803210CF013F990FA0F
:10345000A0F03290329820B9FFE720208DF8CF00FD
:1034600005E03298B0FA80F08DF8CF00FFE79DF8C4
:10347000CF000F90FFE70F980E901F980068000391
:1034800030B9FFE71F980068C0F384600D9015E025
:103490001F98006890FAA0F03090309820B9FFE7AC
:1034A00020208DF8C70005E03098B0FA80F08DF844
:1034B000C700FFE79DF8C7000D90FFE70E980D9934
:1034C000884207D1FFE720980068032100220CF012
:1034D000BFF9FFE7FFE7FFE7209800680CF0EAF884
:1034E000002840F04481FFE7209800681F9A116887
:1034F000D2680CF031F91F98C0680021C4F27F0136
:10350000884240F03381FFE7209800680C901F98B4
:103510000068000330B9FFE71F980068C0F38460BB
:103520000B9015E01F98006890FAA0F02E902E984E
:1035300020B9FFE720208DF8BF0005E02E98B0FAF3
:1035400080F08DF8BF00FFE79DF8BF000B90FFE70C
:103550000B98013000F01F0009287DD8FFE71F9865
:103560000068000330B9FFE71F980068C0F384606B
:103570000A9015E01F98006890FAA0F02C902C9803
:1035800020B9FFE720208DF8B70005E02C98B0FAAD
:1035900080F08DF8B700FFE79DF8B7000A90FFE7CD
:1035A0000A98013000F01F00800609901F980068FB
:1035B000000330B9FFE71F980068C0F384600890EB
:1035C00015E01F98006890FAA0F02A902A9820B978
:1035D000FFE720208DF8AF0005E02A98B0FA80F0D0
:1035E0008DF8AF00FFE79DF8AF000890FFE709985E
:1035F0000899013101F01F02012191400843079011
:103600001F980068000330B9FFE71F980068C0F3F7
:103610008460069015E01F98006890FAA0F028904A
:10362000289820B9FFE720208DF8A70005E028980A
:10363000B0FA80F08DF8A700FFE79DF8A70006908C
:10364000FFE707980699013101F01F0101EB4101E5
:1036500040EA0150059082E01F980068000330B9ED
:10366000FFE71F980068C0F38460049015E01F987E
:10367000006890FAA0F02690269820B9FFE7202055
:103680008DF89F0005E02698B0FA80F08DF89F0035
:10369000FFE79DF89F000490FFE70498013000F0D9
:1036A0001F00800603901F980068000330B9FFE7F1
:1036B0001F980068C0F38460029015E01F980068AE
:1036C00090FAA0F02490249820B9FFE720208DF8EC
:1036D000970005E02498B0FA80F08DF89700FFE796
:1036E0009DF897000290FFE703980299013101F0DD
:1036F0001F0201219140084301901F9800680003B8
:1037000030B9FFE71F980068C0F38460009015E0AF
:103710001F98006890FAA0F02290229820B9FFE745
:1037200020208DF88F0005E02298B0FA80F08DF807
:103730008F00FFE79DF88F000090FFE70199009848
:10374000013000F01F0000EB40020020CFF62060A7
:1037500000EB0250084340F000700590FFE70C9822
:1037600005991F9A92680BF0DBFFFFE7FFE71F98B0
:10377000408848F20801084200F0A280FFE748F2C2
:103780000030C4F202200BF06DFF1C901F980068FF
:103790000021CCF22131884233D1FFE79DF872003D
:1037A000000600282DD4FFE72098006848F20001A9
:1037B000C4F20221884223D1FFE71C9840F40001A3
:1037C00048F20030C4F202200BF0EEFF40F2280075
:1037D000C2F200000068800942F66351C0F23E5117
:1037E000A0FB01108109022000EB41001B90FFE7C4
:1037F0001B9820B1FFE71B9801381B90F8E7FFE703
:103800005DE01F9800680021C4F22931884219D177
:10381000FFE79DF87300C007A0B9FFE72098006894
:1038200048F20011C4F2022188420AD1FFE71C9835
:1038300040F0807148F20030C4F202200BF0B4FF77
:10384000FFE73BE01F9800680021CCF252718842EC
:103850001AD1FFE79DF872004006002814D4FFE754
:103860002098006848F20001C4F2022188420AD17F
:10387000FFE71C9840F4800148F20030C4F20220B7
:103880000BF092FFFFE718E01F9800680021C4F2D8
:103890005A7188420FD1FFE72098006848F2000172
:1038A000C4F20221884205D0FFE7209800680BF09F
:1038B000BDFEFFE700E0FFE7FFE7FFE7FFE7FFE709
:1038C00008E02099886D40F02000886501208DF87F
:1038D0007B00FFE7FFE72099002081F85400FFE715
:1038E0009DF87B008DF88700FFE79DF8870040B0CA
:1038F00080BD000080B588B0069000208DF81700CC
:103900000190069820B9FFE701208DF81F004FE1D4
:103910000698006940B1FFE7069890F8200001285A
:1039200001D1FFE7FFE7FFE70698806D50B9FFE799
:10393000069800F041F906990020C865069981F8BB
:103940005400FFE7069800680BF0ACFE28B1FFE7D3
:10395000069800680BF052FEFFE7069800680BF02F
:10396000B1FEF0B9FFE7069800680BF06BFE40F27D
:103970002800C2F200000068800942F66351C0F2DC
:103980003E51A0FB01108109022000EB4100019093
:10399000FFE7019820B1FFE7019801380190F8E7AF
:1039A000FFE7069800680BF08DFE70B9FFE70699F7
:1039B000886D40F0100088650699C86D40F00100E0
:1039C000C86501208DF81700FFE7069800680BF026
:1039D00081FE03900698806DC006002800F1DA8011
:1039E000FFE70398002840F0D580FFE70698806D38
:1039F00040F0020020F480700699886506980068FF
:103A00000BF058FEE0B9FFE748F20000C4F20220D4
:103A10000BF050FE009048F20010C4F202200BF0B0
:103A200049FE01460098084348B9FFE706984168F7
:103A300048F20030C4F202200BF0A8FEFFE7FFE7D7
:103A400006994A7E886B40EA42308A68CB68184300
:103A5000104391F8201040EA01400490069890F835
:103A6000200001280BD1FFE70698416A0020CFF61D
:103A7000FE7000EB4141049808430490FFE706986C
:103A8000806A50B1FFE70699886AC96A00F47870C5
:103A90000143049808430490FFE706980068C06853
:103AA00044F20701CFF6F0710840049908430699E3
:103AB0000968C86006980068006920F04060069AAE
:103AC0001168126B10430861069800680BF0E2FD64
:103AD00002900398E8BBFFE70298D0BBFFE7069986
:103AE000087E91F83410800340EA41000490069863
:103AF0000068C06844F202018843049908430699AB
:103B00000968C860069890F83C00012819D1FFE7C1
:103B100006980068006940F2FD7120EA0102069BE8
:103B20001968186CD3F844E0D3F848C040EA0E0096
:103B300040EA0C00DB6C1843104340F001000861C0
:103B400006E006980168086920F001000861FFE7B7
:103B5000FFE70698006901280CD1FFE70698006886
:103B6000006B20F00F00069A1168D269013A1043E9
:103B7000086306E006980168086B20F00F000863F0
:103B8000FFE70698806D40F0010020F002000699E2
:103B9000886508E00699886D40F01000886501206E
:103BA0008DF81700FFE79DF817008DF81F00FFE75D
:103BB0009DF81F0008B080BD80B5CCB04B900020B0
:103BC0004A90499048904790469004A84FF48471D9
:103BD000FCF7A4FB4B98006848F20001C4F20221F4
:103BE000884245D1FFE7002005904FF40011049171
:103BF000399004A805F07EFA18B1FFE7FFF71CF929
:103C0000FFE740F2A440C2F2000001680131016008
:103C10000068012810D1FFE7FFE740F68C40C4F2AE
:103C20000240016841F480610160006800F4806036
:103C300003900398FFE7FFE7FFE740F68C40C4F2EC
:103C40000240016841F001010160006800F00100DC
:103C500002900298FFE70220469003204790002040
:103C600048900020C4F2022046A901F0D7FD4EE0A2
:103C70004B98006848F20011C4F20221884245D1F5
:103C8000FFE7002005904FF400110491399004A83B
:103C900005F030FA18B1FFE7FFF7CEF8FFE740F282
:103CA000A440C2F2000001680131016000680128EF
:103CB00010D1FFE7FFE740F68C40C4F202400168F4
:103CC00041F480610160006800F480600190019817
:103CD000FFE7FFE7FFE740F68C40C4F202400168CF
:103CE00041F001010160006800F0010000900098BF
:103CF000FFE70820469003204790002048900020CE
:103D0000C4F2022046A901F089FDFFE7FFE74CB0AD
:103D100080BD000087B006900591049200208DF8C8
:103D20000F001F2002909DF81400C00720B9FFE784
:103D300001208DF80F004BE0FFE70299481E02902A
:103D40000020019051B1FFE70598029901F01F0191
:103D500020FA01F1012088430190FFE70198C00794
:103D600008B1FFE7E9E70498009018282BD80099DC
:103D7000DFE801F028292929292929291F292929AA
:103D80002929292916292929292929290D000298B3
:103D9000072804D3FFE701208DF80F00FFE716E0A6
:103DA0000298082804D3FFE701208DF80F00FFE7F1
:103DB0000DE00298102804D3FFE701208DF80F00D2
:103DC000FFE704E003E001208DF80F00FFE7FFE7C5
:103DD0009DF80F0078B9FFE70598069909684861D2
:103DE00006980068806820F0180004990843069936
:103DF00009688860FFE79DF80F0007B07047000072
:103E000080B582B00090009820B9FFE701208DF8BE
:103E1000070057E00098407F38B9FFE7009900207D
:103E20000877009800F052F8FFE7009902204877E1
:103E30000098007980B9FFE70098016841F6B75013
:103E4000C0F2C140486100980068806820F0180006
:103E50000099096888600BE000988168C268FFF7E4
:103E600059FF20B1FFE701208DF807002AE0FFE7A6
:103E70000098407930B9FFE7009801684FF0FF30B3
:103E8000086104E00098016800690861FFE7009894
:103E90000068806820F06000009A11685269104341
:103EA000886000980068806820F08000009A11689F
:103EB00092691043886000990120487700208DF8AE
:103EC0000700FFE79DF8070002B080BD82B00190B7
:103ED0000198006843F20001C4F20201884210D147
:103EE000FFE7FFE740F68840C4F20240016841F472
:103EF00080510160006800F4805000900098FFE756
:103F0000FFE702B07047000080B584B0029001F076
:103F100029FE0190029820B9FFE701208DF80F00DB
:103F200079E0029890F8540002280DD0FFE702993A
:103F300020208865FFE70299002081F84C00FFE708
:103F400001208DF80F0066E002980168486940F092
:103F5000040048610299052081F85400FFE70298A7
:103F6000006800698004002827D4FFE701F0FAFD0B
:103F70000199401A06281FD3FFE70299886D40F087
:103F8000100088650299032081F85400029890F887
:103F900050000006002805D5FFE70298416F012078
:103FA0000873FFE7FFE70299002081F84C00FFE764
:103FB00001208DF80F002EE0D1E7029801684869D2
:103FC00040F0020048610299042081F854000298F0
:103FD00001684FF4FE40C8600299012081F8540046
:103FE000029890F850000006002809D5FFE70298D3
:103FF000416F012008730298016800208864FFE780
:10400000FFE70299002081F84C00FFE7FFE700205E
:104010008DF80F00FFE79DF80F0004B080BD000091
:1040200082B00090009820B9FFE701208DF80700CA
:104030001CE0009890F85400022807D0FFE7009990
:104040002020886501208DF807000FE000990420EA
:1040500081F8540000980168486942F20402104354
:104060004861FFE700208DF80700FFE79DF8070093
:1040700002B0704785B003900291039820B9FFE722
:1040800001208DF813002AE00398006840F6FF71C4
:1040900088430190039800685038C0F3C411012090
:1040A000884000909DF80800C006002813D5FFE75F
:1040B000029800F01100112806D1FFE7009A01993B
:1040C00048681043486005E0009A019948689043A9
:1040D0004860FFE7FFE700208DF81300FFE79DF839
:1040E000130005B07047000080B584B003900398BA
:1040F000006840F6FF7188430290039800685038CA
:10410000C0F3C4110120884001900298C068019951
:1041100008400090009808B9FFE74DE10398006857
:1041200000694005002813D5FFE70398006840693F
:10413000400500280BD5FFE7039801684FF4806025
:10414000C8600399886D40F001008865FFE7FFE7CC
:104150000398006800690005002813D5FFE703985D
:1041600000684069000500280BD5FFE70398016847
:104170004FF40060C8600399886D40F002008865C4
:10418000FFE7FFE7039800680069C004002813D523
:10419000FFE7039800684069C00400280BD5FFE7DB
:1041A000039801684FF48050C8600399886D40F00F
:1041B00004008865FFE7FFE7039800680069400492
:1041C000002813D5FFE703980068406940040028E1
:1041D0000BD5FFE7039801684FF48040C86003994E
:1041E000886D40F008008865FFE7FFE703980068E6
:1041F00000698005002816D5FFE70398006840692C
:10420000800500280ED5FFE7039801684FF4007081
:10421000C8600398406E20B1FFE70398416E88475D
:10422000FFE7FFE7FFE703980068006980040028C4
:1042300050D5FFE70398006840698004002848D5FE
:10424000FFE7039801684FF40050C860039890F8A6
:10425000540004282FD1FFE703980168486920F42F
:104260000050486103980168486940F002004861C5
:104270000399012081F85400039890F8500000063B
:10428000002809D5FFE70398416F012008730398C0
:10429000016800208864FFE7FFE70399002081F8A8
:1042A0004C00FFE70398C06E20B1FFE70398C16E92
:1042B0008847FFE780E00399052081F854000398C0
:1042C000006F20B1FFE70398016F8847FFE7FFE722
:1042D000FFE7FFE7039800680069C005002842D5A2
:1042E000FFE7039800684069C00500283AD5FFE75A
:1042F000039890F850000006002814D5FFE70398B3
:104300000068C06F70B9FFE703980068806C40B91F
:10431000FFE70399012081F854000399496F08735E
:10432000FFE7FFE70AE003980068806C28B9FFE721
:104330000399012081F85400FFE7FFE70398016823
:104340004FF44070C860FFE70399002081F84C00EB
:10435000FFE70398006E20B1FFE70398016E8847DE
:10436000FFE7FFE7FFE70398806D28B3FFE70398B7
:104370000168486940F0020048610399012081F812
:104380005400039890F850000006002805D5FFE778
:104390000398416F01200873FFE7FFE703990020AE
:1043A00081F84C00FFE70398806E20B1FFE7039887
:1043B000816E8847FFE7FFE704B080BD80B584B019
:1043C000029001F0CFFB0190029820B9FFE7012095
:1043D0008DF80F00CEE10298C068B0F5007F01D0E3
:1043E000FFE7FFE70298406BB0F5805F01D1FFE780
:1043F000FFE70298016801205022C4F202029142B4
:10440000009000F06781FFE70298016801205022C8
:10441000C5F202029142009000F05C81FFE7029831
:1044200001680120D022C4F202029142009000F003
:104430005181FFE7029801680120D022C5F20202F3
:104440009142009000F04681FFE702980168012048
:1044500040F25012C4F202029142009000F03A8100
:10446000FFE702980168012040F25012C5F20202F3
:104470009142009000F02E81FFE702980168012030
:1044800040F2D012C4F202029142009000F0228168
:10449000FFE702980168012040F2D012C5F2020243
:1044A0009142009000F01681FFE702980168012018
:1044B00040F25022C4F202029142009000F00A81C0
:1044C000FFE702980168012040F25022C5F2020283
:1044D0009142009000F0FE80FFE702980168012001
:1044E00040F2D022C4F202029142009000F0F28029
:1044F000FFE702980168012040F2D022C5F20202D3
:104500009142009000F0E680FFE7029801680120E8
:1045100040F25032C4F202029142009000F0DA8080
:10452000FFE702980168012040F25032C5F2020212
:104530009142009000F0CE80FFE7029801680120D0
:1045400040F2D032C4F202029142009000F0C280E8
:10455000FFE702980168012040F2D032C5F2020262
:104560009142009000F0B680FFE7029801680120B8
:1045700041F25002C4F202029142009000F0AA807F
:10458000FFE702980168012041F25002C5F20202E1
:104590009142009000F09E80FFE7029801680120A0
:1045A00041F2D002C4F202029142009000F09280E7
:1045B000FFE702980168012041F2D002C5F2020231
:1045C0009142009000F08680FFE702980168012088
:1045D00041F25012C4F20202914200907AD0FFE7F9
:1045E00002980168012041F25012C5F20202914284
:1045F00000906FD0FFE702980168012041F2D012CD
:10460000C4F202029142009064D0FFE70298016870
:10461000012041F2D012C5F202029142009059D01D
:10462000FFE702980168012041F25022C4F2020221
:10463000914200904ED0FFE702980168012041F2BC
:104640005022C5F202029142009043D0FFE7029847
:104650000168012041F2D022C4F20202914200908E
:1046600038D0FFE702980168012041F2D022C5F25C
:104670000202914200902DD0FFE7029801680120CC
:1046800041F25032C4F202029142009022D0FFE780
:1046900002980168012041F25032C5F202029142B3
:1046A000009017D0FFE702980168012041F2D03254
:1046B000C4F20202914200900CD0FFE70298006819
:1046C0004EF63041CAF6FD710844B0FA80F0400958
:1046D0000090FFE70098C00708B1FFE7FFE7FFE79A
:1046E0000299002081F84C00FFE7029890F85400EE
:1046F00060B9FFE7029900200866029948660299AE
:1047000088660299C86602990867FFE70299022045
:1047100081F8540002980168486940F00600486139
:10472000FFE7029800684069C00798B1FFE701F011
:1047300019FA0199401A06280BD3FFE702991020B5
:1047400088650299032081F8540001208DF80F003C
:1047500010E0E6E70298FCF74FFB0299486B08650A
:10476000029900208865029A012182F854108DF880
:104770000F00FFE79DF80F0004B080BD80B584B046
:10478000039001F0EFF90290039801900198013035
:1047900048B1FFE740F23440C2F2000001780198CE
:1047A00008440190FFE7FFE701F0DCF90299401AA5
:1047B0000199884201D2FFE7F6E704B080BD00000E
:1047C00086B0049003910292049890F85C008DF8F2
:1047D0000700BDF80C0010F4C07F01D0FFE7FFE731
:1047E0009DF80700012806D0FFE79DF80700022882
:1047F00040F0DE80FFE704980068806D00909DF82F
:104800000C00400730B1FFE79DF80000C00700280A
:1048100047D0FFE79DF80C0010F0380F06D0FFE7F7
:104820009DF80000800700283BD5FFE7BDF80C008D
:1048300010F4E07F06D0FFE79DF800004007002855
:104840002FD5FFE79DF80D0010F01E0F06D0FFE7F3
:104850009DF800000007002823D5FFE79DF80D0014
:1048600010F0E00F06D0FFE79DF80000C00600281A
:1048700017D5FFE79DF80E00800730B1FFE79DF8E0
:104880000000800600280CD5FFE79DF80E0010F010
:10489000FC0F0DD0FFE79DF800004006002807D46C
:1048A000FFE704980168C86D40F00100C865FFE7A4
:1048B0009DF80C00400730B1FFE79DF80000C007ED
:1048C000002847D1FFE79DF80C0010F0380F06D004
:1048D000FFE79DF80000800700283BD4FFE7BDF804
:1048E0000C0010F4E07F06D0FFE79DF800004007C1
:1048F00000282FD4FFE79DF80D0010F01E0F06D002
:10490000FFE79DF800000007002823D4FFE79DF88B
:104910000D0010F0E00F06D0FFE79DF80000C00684
:10492000002817D4FFE79DF80E00800730B1FFE79D
:104930009DF80000800600280CD4FFE79DF80E00CB
:1049400010F0FC0F0DD0FFE79DF800004006002896
:1049500007D5FFE704980168C86D40F00200C865FC
:10496000FFE79DF80C000006002809D5FFE7029A32
:1049700004980168D1F8DC001043C1F8DC00FFE7BF
:104980009DF80D00C00748B1FFE7029A049801683E
:10499000D1F8E0001043C1F8E000FFE7039A049863
:1049A0000168486D1043486500208DF8170008E045
:1049B0000499086E40F00200086601208DF8170087
:1049C000FFE79DF8170006B07047000080B586B07D
:1049D0000490039102920398406808B9FFE700E051
:1049E000FFE7049890F85C0002282FD1FFE70498B5
:1049F0000068D0F8C4008002002809D5FFE70499B8
:104A0000086E40F40070086601208DF8170026E05B
:104A100004980068D0F8C400C0F3014001900498E5
:104A20000399029A019BFEF779FA0199012000FA95
:104A300001F1049A1268C2F8CC10019988400499D7
:104A40008865FFE700208DF8170008E00499086EDC
:104A500040F00800086601208DF81700FFE79DF878
:104A6000170006B080BD000087B00590049105983E
:104A700090F85C008DF803009DF80300012805D034
:104A8000FFE79DF8030002283CD1FFE70498006887
:104A9000B8B9FFE704998868CB680A694969800753
:104AA00040EAC36040EA0240084303900598006C66
:104AB0000499496800EB810001900398019908600E
:104AC0001CE00498C168006940EA417003900498B2
:104AD0008168406940EA817002900598406C0499B1
:104AE000496800EBC10001900398019908600198A2
:104AF00004300190029801990860FFE700208DF8CA
:104B00001B0008E00599086E40F0020008660120CD
:104B10008DF81B00FFE79DF81B0007B070470000F1
:104B200085B0DDF814C003900291019200930398C0
:104B300090F85C00012819D1FFE703980068D0F8CD
:104B4000800020F03F0002990901019A41EA8201A8
:104B5000009A41EA4201059A114308430399096802
:104B6000C1F8800000208DF8130008E00399086E5A
:104B700040F00400086601208DF81300FFE79DF85F
:104B8000130005B07047000085B0039002910192B8
:104B9000039890F85C008DF803009DF8030001284D
:104BA00005D0FFE79DF80300022816D1FFE7019822
:104BB000012807D1FFE7029A03980168886D9043A6
:104BC000886506E0029A03980168886D104388653D
:104BD000FFE700208DF8130008E00399086E40F00D
:104BE0000200086601208DF81300FFE79DF813000E
:104BF00005B0704781B0009001B0704782B001905D
:104C00000091019840F62C11C2F2000188420DD1AA
:104C1000FFE79DF802000007002807D5FFE740F6F0
:104C20005061C2F2000101200870FFE702B0704736
:104C300083B00290019102980068406C0090009847
:104C400000F00700019908600098C0F30220019964
:104C50004860009800F01800019988600098C0F33F
:104C600040100199C8600098C0F380100199086154
:104C70009DF80000C009019948610098C0F3C02068
:104C8000019988610098C0F300300199C8610098CB
:104C9000C0F34030019908620098C0F38030019958
:104CA00048620098C0F3064001998862002003B072
:104CB0007047000083B0029001910198402808D10C
:104CC000FFE702980068D0F8900000F00F00009015
:104CD00007E002980068D0F8980000F00F000090FC
:104CE000FFE7009803B070478AB0089007910692DA
:104CF000059300200190089890F85C008DF803005F
:104D00009DF80300022840F0FA80FFE7079840284A
:104D10003ED1FFE708980068D0F89000000748B936
:104D2000FFE70899086E40F48070086601208DF84E
:104D30002700EDE008980068D0F8900000F080713E
:104D40000120B0EB116F0FD1FFE708980068D0F891
:104D5000800000F400710120B0EB512F03D1FFE778
:104D600001200190FFE7FFE708980068D0F8900065
:104D700000F44071019800EB112001900898806CBC
:104D8000019901EBC10100EBC1000490FFE73DE098
:104D900008980068D0F89800000748B9FFE708991C
:104DA000086E40F48070086601208DF82700AFE09F
:104DB00008980068D0F8980000F080710120B0EBEE
:104DC000116F0FD1FFE708980068D0F8800000F459
:104DD00080710120B0EB112F03D1FFE7012001907A
:104DE000FFE7FFE708980068D0F8980000F44071EA
:104DF000019800EB112001900898C06C019901EB1B
:104E0000C10100EBC1000490FFE7FFE704980068D0
:104E100000F08040069948600698406838B9FFE77E
:104E200004980068C0F38A400699086006E0049878
:104E3000006820F0604006990860FFE70498006869
:104E400000F00050069988600498006800F0004067
:104E50000699086104980430049004980088069923
:104E6000C86104980068C0F303400699C8600498BC
:104E7000006800F48010069948610498006800F406
:104E800000100699886104980068C0F306600699CE
:104E9000086204980068C00F0699486204980430BC
:104EA00004900498039000200290FFE7029806996E
:104EB000CA6849F6C811C0F60101895C88420AD265
:104EC000FFE70398029A805C05998854FFE70298EF
:104ED00001300290EAE70798402806D1FFE70198E1
:104EE00008990968C1F8940005E0019808990968D3
:104EF000C1F89C00FFE700208DF8270008E0089922
:104F0000086E40F00800086601208DF82700FFE7D2
:104F10009DF827000AB0704781B0009001B070473B
:104F200080B58AB0099009980068006D00F4E050DF
:104F3000089009980068416D089808400890099801
:104F40000068006D00F00700079009980068416D47
:104F500007980840079009980068006D00F0380035
:104F6000069009980068416D0698084006900998D7
:104F70000068006D00F47100059009980068416DAB
:104F800005980840059009980068006D00F46020BD
:104F9000049009980068416D0498084004900998AD
:104FA0000068406D019009980068006D00909DF8C0
:104FB000000000F040010020B0EB911F12D0FFE78D
:104FC0009DF8040000F040010020B0EB911F08D0D4
:104FD000FFE709980168402008650998FFF79CFFE2
:104FE000FFE7FFE79DF80100C007E0B1FFE79DF88C
:104FF0000500C007B0B1FFE709980068D0F8D800F5
:10500000029009980068D0F8E010029808400290D9
:10501000099801684FF4807008650998029900F0BA
:105020009DFBFFE7FFE7089848B1FFE7089809995B
:10503000096808650998089900F09CFBFFE7079844
:1050400048B1FFE707980999096808650998079921
:1050500000F0D0FAFFE7069848B1FFE706980999F3
:10506000096808650998069900F0D6FAFFE79DF8E7
:10507000010000F002010020B0EB510F13D0FFE758
:105080009DF8050000F002010020B0EB510F09D09F
:10509000FFE7099801684FF400700865099800F06F
:1050A0006FFBFFE7FFE79DF800100020B0EBD11F7A
:1050B0001DD0FFE79DF804100020B0EBD11F15D0E4
:1050C000FFE709980068D0F8D400039009980068B9
:1050D000D0F8DC10039808400390099801688020FC
:1050E00008650998039900F03FFBFFE7FFE79DF88B
:1050F000010000F020010020B0EB511F13D0FFE7AA
:105100009DF8050000F020010020B0EB511F09D0F0
:10511000FFE7099801684FF400500865099800F00E
:1051200019FBFFE7FFE79DF801100020B0EBD11F4E
:1051300011D0FFE79DF805100020B0EBD11F09D07A
:10514000FFE7099801684FF400400865099800F0EE
:10515000FDFAFFE7FFE79DF8010000F040010020A5
:10516000B0EB911F15D0FFE79DF8050000F040015E
:105170000020B0EB911F0BD0FFE7099801684FF4B6
:10518000804008650999086E40F080000866FFE7D6
:10519000FFE7049848B1FFE7049809990968086592
:1051A00009980499FFF72AFDFFE7059850B1FFE73A
:1051B0000598099909680865059A0999086E1043C8
:1051C0000866FFE70998006E20B1FFE70998FFF72E
:1051D00011FDFFE70AB080BD80B584B0029002984F
:1051E00020B9FFE701208DF80F0057E10298006811
:1051F0004AF20041C4F20001884201D1FFE7FFE713
:1052000002988068B0F5407F01D1FFE7FFE7029880
:1052100090F85C0040B9FFE70299002081F85D003A
:10522000029800F03FF9FFE702980168886920F0D2
:105230001000886100F096FC0190FFE7029800687A
:1052400080690007002815D5FFE700F08BFC019965
:10525000401A0B280DD3FFE70299086E40F00100B9
:1052600008660299032081F85C0001208DF80F0088
:1052700014E1E3E702980168886940F00100886161
:1052800000F070FC0190FFE7029800688069C00799
:10529000A8B9FFE700F066FC0199401A0B280DD36E
:1052A000FFE70299086E40F00100086602990320AA
:1052B00081F85C0001208DF80F00EFE0E4E7029830
:1052C0000168886940F002008861029800684AF22B
:1052D0000041C4F20001884208D1FFE7029840680B
:1052E0004AF20051C4F200010860FFE70298007C16
:1052F000012807D1FFE702980168886920F0400083
:10530000886106E002980168886940F04000886181
:10531000FFE70298407C012807D1FFE70298016867
:10532000886940F48040886106E0029801688869D5
:1053300020F480408861FFE70298807C012807D133
:10534000FFE702980168886920F48050886106E0D0
:1053500002980168886940F480508861FFE70298EC
:105360000068806920F44070029A116892681043C6
:10537000886102980168886920F0A4008861029819
:105380000168086920F0100008610298C0680128CF
:1053900007D1FFE702980168886940F0040088613E
:1053A0002BE00298C06830B3FFE70298C06802287B
:1053B00019D0FFE702980168886940F08000886191
:1053C00002980168086940F0100008610298C068FE
:1053D000032807D1FFE702980168886940F02000A0
:1053E0008861FFE706E002980168886940F02000C4
:1053F0008861FFE700E0FFE7FFE7029A1168536961
:105400009069D2F81CE0A0F1010C6FF0FF0000EBF6
:105410000E2040EA4C60126A013A10430022CFF697
:10542000FF7202EB03421043C86102988068B0F536
:10543000407F1CD1FFE7029A1168536A906AD2F844
:105440002CE001386FF0FF0C0CEB0E2C40EA0C0046
:10545000D2F830C06FF00F0202EB0C1210430022A2
:10546000CFF6FF7202EB03421043C860FFE70298D9
:105470000168C26BD1F8C0001043C1F8C0000298A7
:10548000FDF7EEFC02990020886502990866029AF1
:10549000012182F85C108DF80F00FFE79DF80F00E6
:1054A00004B080BD80B58EB00D9000200C900B90A4
:1054B0000A90099008900D9800684AF20041C4F2E1
:1054C000000188424ED1FFE740F2A840C2F200003E
:1054D0000168013101600068012810D1FFE7FFE792
:1054E00040F6A040C4F20240016841F4007101603E
:1054F000006800F4007007900798FFE7FFE7FFE7F8
:1055000040F68C40C4F20240016841F001010160A4
:10551000006800F0010006900698FFE74FF4C050C5
:10552000089002200990002102910A910B90092015
:105530000C900020C4F2022008A900F06FF9029A32
:1055400027200190114600F015FC019800F008FC9E
:10555000029A28200390114600F00CFC039800F0FA
:10556000FFFB44E00D9800684AF60001C4F2000118
:1055700088423BD1FFE740F2A840C2F20000016838
:10558000013101600068012810D1FFE7FFE740F614
:10559000A040C4F20240016841F40071016000685B
:1055A00000F4007005900598FFE7FFE7FFE740F67D
:1055B0008C40C4F20240016841F0020101600068C1
:1055C00000F0020004900498FFE760200890022099
:1055D000099000200A900B9009200C9040F20040A6
:1055E000C4F2022008A900F019F9FFE7FFE70EB0A6
:1055F00080BD000080B582B00190009101980068E4
:105600004AF20041C4F20001884203D1FFE70EF0E4
:1056100041FBFFE702B080BD82B00190009102B073
:105620007047000082B00090009890F85C0001285C
:1056300010D1FFE70099022081F85C000098016812
:10564000886920F0010088610099002008668DF8C3
:10565000070008E00099086E40F004000866012089
:105660008DF80700FFE79DF8070002B070470000C3
:1056700083B0019000200090019890F85C0002280F
:1056800057D1FFE701980168886940F001008861FF
:10569000FFE7019800688069C007A8B9FFE7009894
:1056A0000B280DD3FFE70199086E40F00100086652
:1056B0000199032081F85C0001208DF80B0041E086
:1056C000009801300090E4E7002000900198016804
:1056D000886920F010008861FFE701980068806900
:1056E0000007002815D5FFE700980B280DD3FFE72A
:1056F0000199086E40F0010008660199032081F8C5
:105700005C0001208DF80B001CE000980130009037
:10571000E3E701980168886940F002008861019917
:1057200000208865019A012182F85C108DF80B0039
:1057300008E00199086E40F00800086601208DF825
:105740000B00FFE79DF80B0003B0704781B000909D
:1057500001B0704781B0009001B0704782B00190F5
:10576000009102B07047000082B00190009102B039
:105770007047000082B00190009102B070470000B5
:1057800081B0009001B0704781B0ADF80200BDF863
:105790000200102807D1FFE740F28671C2F2000133
:1057A00001200870FFE701B07047000080B582B0AB
:1057B000ADF8060042F20C00C4F202400068BDF8E9
:1057C000061008420CD0FFE7BDF8060042F20C01BB
:1057D000C4F202410860BDF8060000F019F8FFE7C6
:1057E00042F21000C4F202400068BDF80610084200
:1057F0000CD0FFE7BDF8060042F21001C4F20241EE
:105800000860BDF80600FFF7BFFFFFE702B080BDEC
:1058100081B0ADF8020001B07047000085B004907F
:10582000039100200090FFE7039800680099C840AA
:10583000002800F06681FFE703980068009A0121C4
:105840009140084001900198002800F05681FFE740
:1058500003984068022805D0FFE7039840681228A3
:1058600028D1FFE7049800996FF0030202EA510182
:105870000844006A0290009800F0070081000F20A1
:1058800000FA01F10298884302900398006900F041
:105890000F00009901F00701890000FA01F1029858
:1058A0000843029002980499009B02EA53021144B3
:1058B0000862FFE704980068029000984100032006
:1058C00000FA01F10298884302900398406800F0C2
:1058D00003000099490000FA01F102980843029080
:1058E0000298049908600398406801280FD0FFE7E8
:1058F0000398406802280AD0FFE7039840681128FF
:1059000005D0FFE70398406812282FD1FFE70498DD
:105910008068029000984100032000FA01F102988B
:10592000884302900398C0680099490000FA01F189
:10593000029808430290029804998860049840688D
:1059400002900099012000FA01F102988843029028
:1059500003984068C0F30010009900FA01F1029822
:1059600008430290029804994860FFE70398406852
:1059700000F0030003280CD1FFE70398406800F013
:10598000030003281DD1FFE703988068012818D081
:10599000FFE70498C068029000984100032000FAD5
:1059A00001F10298884302900398806800994900A9
:1059B00000FA01F102980843029002980499C86025
:1059C000FFE70398C079C006002840F19580FFE703
:1059D000009820F0030042F26002C4F202428058B4
:1059E0000290009800F00300C1000F2000FA01F1BE
:1059F00002988843029004984FF60041CBF6FD517F
:105A00000840800A009901F00301C90000FA01F181
:105A10000298084302900298009921F003018850EF
:105A200042F20000C4F2024000680290019902981C
:105A30008843029003988079C006002805D5FFE7C7
:105A40000199029808430290FFE7029842F2000190
:105A5000C4F20241086042F20400C4F2024000684D
:105A600002900199029888430290039880798006F9
:105A7000002805D5FFE70199029808430290FFE747
:105A8000029842F20401C4F20241086042F284002A
:105A9000C4F2024000680290019902988843029083
:105AA000039880798007002805D5FFE701990298BF
:105AB00008430290FFE7029842F28401C4F20241D7
:105AC000086042F28000C4F202400068029001992E
:105AD00002988843029003988079C00728B1FFE7B5
:105AE0000199029808430290FFE7029842F2800170
:105AF000C4F202410860FFE7FFE700980130009020
:105B000092E605B07047000082B00190ADF8021037
:105B100001980069BDF80210084204D0FFE7012097
:105B20008DF8010003E000208DF80100FFE79DF8EB
:105B3000010002B07047000082B00190ADF8021081
:105B40008DF801209DF8010028B1FFE7BDF80200A3
:105B50000199886104E0BDF8020001998862FFE7BD
:105B600002B0704741F2D820C2F2000000687047CE
:105B700082B0019000208DF8030040F20040C4F292
:105B800003000068C00720B1FFE701208DF8030083
:105B90000AE040F20041C4F20301086820F004006A
:105BA000019A10430860FFE79DF8030002B07047B8
:105BB00040F20041C4F20301086840F001000860AF
:105BC0000020704740F23440C2F20000027841F2F7
:105BD000D821C2F200010868104408607047000034
:105BE00080B582B0032000F0DDF805F09BF940F6A7
:105BF0002041C4F20241096801F00F0249F6B011D8
:105C0000C0F60101895CC84040F22801C2F20001DF
:105C10000860042007F024FC002000F011F820B1F7
:105C2000FFE701208DF8070005E000F093F8002061
:105C30008DF80700FFE79DF8070002B080BD000067
:105C400080B586B004900020039040F23440C2F248
:105C50000000007820B9FFE701208DF8170075E0FB
:105C60004EF21000CEF2000000684007002812D566
:105C7000FFE740F22800C2F20000006840F2344121
:105C8000C2F200010A784FF47A71B1FBF2F1B0FB75
:105C9000F1F0039040E007F057FC02900298019069
:105CA00040B1FFE70198012816D0FFE701980228CC
:105CB00021D02FE040F22800C2F20000006840F23C
:105CC0003441C2F200010A784FF4FA51B1FBF2F10B
:105CD000B0FBF1F003901EE040F23440C2F200004D
:105CE00001784FF47A70B0FBF1F14FF4FA40B0FB59
:105CF000F1F003900FE040F23440C2F2000001786E
:105D00004FF47A70B0FBF1F14FF40040B0FBF1F0CA
:105D1000039000E0FFE7FFE7039807F0EFFB20B1F7
:105D2000FFE701208DF8170010E004994FF0FF30D5
:105D30000022009200F01EF80098049940F23842C8
:105D4000C2F2000211608DF81700FFE79DF81700FE
:105D500006B080BD80B5052000F024F880BD0000AD
:105D600080B582B0ADF80600BDF906000DF004FC68
:105D700002B080BD80B586B0ADF8160004910392E4
:105D80000DF012FC0290BDF91600019002980499E2
:105D9000039A0AF0E3FB014601980DF00DFC06B0F2
:105DA00080BD000080B582B0019001980DF026FC06
:105DB00002B080BD81B0009000996FF0FF0060EAF2
:105DC000010240F64801C4F2024108681040086030
:105DD00001B0704792B009904FF440300690099995
:105DE000086804904968059190FAA0F01090109806
:105DF00020B9FFE720208DF8470005E01098B0FAA1
:105E000080F08DF84700FFE7049805999DF847203A
:105E1000083202F01F029140084302900999086875
:105E20008968039190FAA0F00E900E9820B9FFE7D0
:105E300020208DF83F0005E00E98B0FA80F08DF834
:105E40003F00FFE7029803999DF83F30102202EBD4
:105E5000430202F01E02914008430890099800682E
:105E6000019090FAA0F00C900C9820B9FFE7202048
:105E70008DF8370005E00C98B0FA80F08DF8370007
:105E8000FFE701989DF8371001F01F024FF4807171
:105E90009140084300900998006890FAA0F00A9099
:105EA0000A9820B9FFE720208DF82F0005E00A9816
:105EB000B0FA80F08DF82F00FFE700989DF82F20B2
:105EC0001E2101EA42024FF44031914008430790FD
:105ED00040F64801C4F202410868079A9043089AC4
:105EE0001043086012B0704740F60001C4F202414E
:105EF000086840F0010008604EF61051CEF2000133
:105F0000086840F004000860BFF34F8FBFF36F8F45
:105F100030BF704789B0089040F63440C4F2024068
:105F200000686FF35F20059040F62840C4F20240FD
:105F3000016801F0030107910168C1F30521069191
:105F40000068C0F300100490049840F63841C4F291
:105F50000241096889B2C90800FB01F000EE100A8D
:105F6000B8EE400A8DED020A0698002800F03D8147
:105F7000FFE707980090012808D0FFE70098022863
:105F800030D0FFE70098032849D065E040F6004094
:105F9000C4F202400068C0F3C10149F20000C0F23F
:105FA000D030C84003909DED030AB8EE400A9DED45
:105FB000061AB8EE411A80EE010A9DED051AB8EEF8
:105FC000411A9DED022A9FED8F3A22EE032A31EE0F
:105FD000021AB7EE002A31EE021A20EE010A8DED08
:105FE000010A65E09DED060AB8EE401A9FED860AAB
:105FF00080EE010A9DED051AB8EE411A9DED022AC8
:106000009FED803A22EE032A31EE021AB7EE002A03
:1060100031EE021A20EE010A8DED010A48E09DEDF5
:10602000060AB8EE401A9FED760A80EE010A9DED51
:10603000051AB8EE411A9DED022A9FED723A22EE42
:10604000032A31EE021AB7EE002A31EE021A20EED0
:10605000010A8DED010A2BE040F60040C4F2024037
:106060000068C0F3C10149F20000C0F2D030C8405E
:1060700003909DED030AB8EE400A9DED061AB8EEB6
:10608000411A80EE010A9DED051AB8EE411A9DED08
:10609000022A9FED5C3A22EE032A31EE021AB7EE95
:1060A000002A31EE021A20EE010A8DED010AFFE707
:1060B00040F60040C4F2024000688001002827D565
:1060C000FFE740F62840C4F202400068C003002801
:1060D00019D5FFE79DED010A40F63440C4F20240B5
:1060E000006880B2400A01EE100AB8EE411AB7EE1D
:1060F000002A31EE021A80EE010A0898BCEEC00AAE
:1061000080ED000A03E0089900200860FFE703E043
:10611000089900200860FFE740F60040C4F2024002
:1061200000688001002827D5FFE740F62840C4F228
:10613000024000688003002819D5FFE79DED010AA1
:1061400040F63440C4F202400068C0F3064001EE5D
:10615000100AB8EE411AB7EE002A31EE021A80EEAC
:10616000010A0898BCEEC00A80ED010A03E0089914
:1061700000204860FFE703E0089900204860FFE73F
:1061800040F60040C4F2024000688001002827D594
:10619000FFE740F62840C4F20240006840030028B0
:1061A00019D5FFE79DED010A40F63440C4F20240E4
:1061B0000068C0F3066001EE100AB8EE411AB7EEAF
:1061C000002A31EE021A80EE010A0898BCEEC00ADD
:1061D00080ED020A03E0089900208860FFE703E0F1
:1061E000089900208860FFE707E008990020086010
:1061F0000899486008998860FFE709B0704700BFB8
:1062000020BCBE4B000000390024744A89B00890BD
:1062100040F63C40C4F2024000686FF35F200590F6
:1062200040F62C40C4F20240016801F003010791DE
:106230000168C1F3052106910068C0F300100490C5
:10624000049840F64041C4F20241096889B2C90885
:1062500000FB01F000EE100AB8EE400A8DED020AD4
:106260000698002800F03D81FFE70798009001287C
:1062700008D0FFE70098022830D0FFE700980328F5
:1062800049D065E040F60040C4F202400068C0F327
:10629000C10149F20000C0F2D030C84003909DED2A
:1062A000030AB8EE400A9DED061AB8EE411A80EED8
:1062B000010A9DED051AB8EE411A9DED022A9FEDE7
:1062C0008F3A22EE032A31EE021AB7EE002A31EE9F
:1062D000021A20EE010A8DED010A65E09DED060A25
:1062E000B8EE401A9FED860A80EE010A9DED051A70
:1062F000B8EE411A9DED022A9FED803A22EE032A64
:1063000031EE021AB7EE002A31EE021A20EE010A2F
:106310008DED010A48E09DED060AB8EE401A9FEDAA
:10632000760A80EE010A9DED051AB8EE411A9DED40
:10633000022A9FED723A22EE032A31EE021AB7EEDC
:10634000002A31EE021A20EE010A8DED010A2BE03F
:1063500040F60040C4F202400068C0F3C10149F2B7
:106360000000C0F2D030C84003909DED030AB8EEA3
:10637000400A9DED061AB8EE411A80EE010A9DED25
:10638000051AB8EE411A9DED022A9FED5C3A22EE05
:10639000032A31EE021AB7EE002A31EE021A20EE7D
:1063A000010A8DED010AFFE740F60040C4F2024009
:1063B00000680001002827D5FFE740F62C40C4F212
:1063C00002400068C003002819D5FFE79DED010ACF
:1063D00040F63C40C4F20240006880B2400A01EE40
:1063E000100AB8EE411AB7EE002A31EE021A80EE1A
:1063F000010A0898BCEEC00A80ED000A03E0089983
:1064000000200860FFE703E0089900200860FFE72C
:1064100040F60040C4F2024000680001002827D581
:10642000FFE740F62C40C4F20240006880030028D9
:1064300019D5FFE79DED010A40F63C40C4F2024049
:106440000068C0F3064001EE100AB8EE411AB7EE3C
:10645000002A31EE021A80EE010A0898BCEEC00A4A
:1064600080ED010A03E0089900204860FFE703E09F
:10647000089900204860FFE740F60040C4F202405F
:1064800000680001002827D5FFE740F62C40C4F241
:10649000024000684003002819D5FFE79DED010A7E
:1064A00040F63C40C4F202400068C0F3066001EED2
:1064B000100AB8EE411AB7EE002A31EE021A80EE49
:1064C000010A0898BCEEC00A80ED020A03E00899B0
:1064D00000208860FFE703E0089900208860FFE75C
:1064E00007E00899002008600899486008998860CA
:1064F000FFE709B0704700BF20BCBE4B0000003969
:106500000024744A89B0089040F64440C4F2024026
:1065100000686FF35F20059040F63040C4F20240FF
:10652000016801F0030107910168C1F3052106919B
:106530000068C0F300100490049840F64841C4F28B
:106540000241096889B2C90800FB01F000EE100A97
:10655000B8EE400A8DED020A0698002800F03D8151
:10656000FFE707980090012808D0FFE7009802286D
:1065700030D0FFE70098032849D065E040F600409E
:10658000C4F202400068C0F3C10149F20000C0F249
:10659000D030C84003909DED030AB8EE400A9DED4F
:1065A000061AB8EE411A80EE010A9DED051AB8EE02
:1065B000411A9DED022A9FED8F3A22EE032A31EE19
:1065C000021AB7EE002A31EE021A20EE010A8DED12
:1065D000010A65E09DED060AB8EE401A9FED860AB5
:1065E00080EE010A9DED051AB8EE411A9DED022AD2
:1065F0009FED803A22EE032A31EE021AB7EE002A0E
:1066000031EE021A20EE010A8DED010A48E09DEDFF
:10661000060AB8EE401A9FED760A80EE010A9DED5B
:10662000051AB8EE411A9DED022A9FED723A22EE4C
:10663000032A31EE021AB7EE002A31EE021A20EEDA
:10664000010A8DED010A2BE040F60040C4F2024041
:106650000068C0F3C10149F20000C0F2D030C84068
:1066600003909DED030AB8EE400A9DED061AB8EEC0
:10667000411A80EE010A9DED051AB8EE411A9DED12
:10668000022A9FED5C3A22EE032A31EE021AB7EE9F
:10669000002A31EE021A20EE010A8DED010AFFE711
:1066A00040F60040C4F2024000688000002827D570
:1066B000FFE740F63040C4F202400068C003002803
:1066C00019D5FFE79DED010A40F64440C4F20240AF
:1066D000006880B2400A01EE100AB8EE411AB7EE27
:1066E000002A31EE021A80EE010A0898BCEEC00AB8
:1066F00080ED000A03E0089900200860FFE703E04E
:10670000089900200860FFE740F60040C4F202400C
:1067100000688000002827D5FFE740F63040C4F22B
:10672000024000688003002819D5FFE79DED010AAB
:1067300040F64440C4F202400068C0F3064001EE57
:10674000100AB8EE411AB7EE002A31EE021A80EEB6
:10675000010A0898BCEEC00A80ED010A03E008991E
:1067600000204860FFE703E0089900204860FFE749
:1067700040F60040C4F2024000688000002827D59F
:10678000FFE740F63040C4F20240006840030028B2
:1067900019D5FFE79DED010A40F64440C4F20240DE
:1067A0000068C0F3066001EE100AB8EE411AB7EEB9
:1067B000002A31EE021A80EE010A0898BCEEC00AE7
:1067C00080ED020A03E0089900208860FFE703E0FB
:1067D000089900208860FFE707E00899002008601A
:1067E0000899486008998860FFE709B0704700BFC2
:1067F00020BCBE4B000000390024744A80B59CB018
:106800001B911A901A981B9980F000700843002879
:106810005BD1FFE740F6F040C4F20240016801F4AA
:1068200040710E9100688007002809D5FFE70E9897
:10683000B0F5807F04D1FFE74FF40040109042E0B4
:1068400040F6F040C4F2024000680001002809D57B
:10685000FFE70E98B0F5007F04D1FFE74FF4FA4050
:1068600010902FE040F60040C4F202400068800320
:10687000002823D5FFE70E98B0F5407F1ED1FFE733
:1068800040F61C40C4F20240006800F47C50B0F5B1
:10689000007F0FD3FFE740F61C40C4F202400068BF
:1068A000C0F3052147F64000C0F27D10B0FBF1F0C7
:1068B000109002E000201090FFE702E0002010900E
:1068C000FFE7FFE7FFE702F012BC1A980C901B9954
:1068D0000D9180F001000843002800F0C682FFE718
:1068E0000D990C9880F002000843002800F03B83CB
:1068F000FFE70D990C9880F004000843002800F091
:10690000A783FFE70D990C9880F008000843002842
:1069100000F01E84FFE70D990C9880F010000843EA
:10692000002800F09884FFE70D990C9880F0200073
:106930000843002800F01285FFE70D990C9880F0BD
:1069400040000843002800F08C85FFE70D990C9863
:1069500080F080000843002800F00686FFE70D99CC
:106960000C9880F480700843002800F08086FFE7D0
:106970000D990C9880F400700843002800F0FA8606
:10698000FFE70D990C9880F480600843002800F020
:106990007487FFE70D990C9880F400600843002885
:1069A00000F0E987FFE70D990C9880F480500843C8
:1069B000002801F05E80FFE70D990C9880F40050EC
:1069C0000843002801F06181FFE70D990C9880F4DD
:1069D00080400843002801F0AA81FFE70D990C9838
:1069E00080F400400843002801F0F381FFE70D998F
:1069F0000C9880F480300843002801F08E82FFE775
:106A00000D990C9880F400300843002801F0C282F0
:106A1000FFE70D990C9880F480200843002801F0CE
:106A20006583FFE70D990C9880F400200843002847
:106A300000F0BF80FFE70D990C9880F480100843A8
:106A4000002800F04381FFE70D990C9880F40010B6
:106A50000843002801F07E80FFE70D990C9880F430
:106A600080000843002800F0BE81FFE70D990C98D4
:106A700080F400000843002800F0D681FFE70D995C
:106A80000C9880F080600843002802F09882FFE7AD
:106A90000D990C9880F000600843002801F0B98639
:106AA000FFE70D990C9880F080500843002801F012
:106AB0002F87FFE70D990C9880F0005008430028BD
:106AC00001F0B387FFE70D990C9880F080400843F0
:106AD000002802F03380FFE70D990C9880F0004009
:106AE0000843002802F0AE80FFE70C980D9981F072
:106AF00001010843002802F02981FFE70C980D9955
:106B000081F002010843002802F0A481FFE70C98FD
:106B10000D9981F004010843002801F04386FFE746
:106B20000C980D9981F008010843002802F00782B3
:106B3000FFE70C980D9981F010010843002802F03E
:106B40009482FFE70C980D9981F0200108430028FA
:106B500001F07883FFE70C980D9981F0400108431C
:106B6000002801F01B84FFE70C980D9981F080014B
:106B70000843002801F0BE84FFE70C980D9981F4CA
:106B800080710843002801F06185FFE70C980D999A
:106B900081F400710843002801F04880FFE70C9859
:106BA0000D9981F480610843002801F0648102F0AE
:106BB0009ABA40F6E840C4F20240006800F4E020CF
:106BC0000E900E980B90A0B1FFE70B98B0F5803FA8
:106BD00015D0FFE70B98B0F5003F16D0FFE70B98F4
:106BE000B0F5403F17D0FFE70B98B0F5802F18D0D5
:106BF00067E017A8FFF78EF91898109064E014A8C2
:106C0000FFF704FB149810905EE011A8FFF77AFCE0
:106C10001198109058E048F20000C0F2BB001090AC
:106C200052E040F6E840C4F20240006800F0404004
:106C30000F9040F60040C4F2024000688007002830
:106C400011D5FFE70F9870B9FFE740F60040C4F296
:106C500002400068C0F3C10149F20000C0F2D03028
:106C6000C84010902CE040F60040C4F2024000689A
:106C7000800500280BD5FFE70F98B0F1804F06D1B3
:106C8000FFE740F60010C0F23D00109017E040F61C
:106C90000040C4F202400068800300280BD5FFE7E3
:106CA0000F98B0F1004F06D1FFE747F64000C0F261
:106CB0007D10109002E000201090FFE7FFE7FFE753
:106CC00002E000201090FFE702F010BA40F6E84022
:106CD000C4F20240006800F460100E900E980A9012
:106CE000A0B1FFE70A98B0F5002F15D0FFE70A988A
:106CF000B0F5801F16D0FFE70A98B0F5C01F17D077
:106D0000FFE70A98B0F5001F18D067E017A8FFF753
:106D100001F91898109064E014A8FFF777FA149816
:106D200010905EE011A8FFF7EDFB1198109058E06D
:106D300048F20000C0F2BB00109052E040F6E8407C
:106D4000C4F20240006800F040400F9040F600405E
:106D5000C4F2024000688007002811D5FFE70F98B1
:106D600070B9FFE740F60040C4F202400068C0F38B
:106D7000C10149F20000C0F2D030C84010902CE0B0
:106D800040F60040C4F202400068800500280BD5A0
:106D9000FFE70F98B0F1804F06D1FFE740F60010F3
:106DA000C0F23D00109017E040F60040C4F20240EF
:106DB0000068800300280BD5FFE70F98B0F1004F63
:106DC00006D1FFE747F64000C0F27D10109002E0C8
:106DD00000201090FFE7FFE7FFE702E0002010909F
:106DE000FFE702F083B940F6E440C4F202400068D5
:106DF00000F040000E900E9830B9FFE717A8FFF79B
:106E000089F8189810900DE00E98402806D1FFE7F9
:106E100014A8FFF7FBF91698109002E000201090DC
:106E2000FFE7FFE702F062B940F6E440C4F2024037
:106E3000006800F080000E900E9830B9FFE717A8A8
:106E4000FFF768F8189810900DE00E98802806D18A
:106E5000FFE714A8FFF7DAF91698109002E0002077
:106E60001090FFE7FFE702F041B940F6D840C4F2C6
:106E70000240006800F007000E900E9820B9FFE76E
:106E800004F028F810906CE040F60040C4F2024094
:106E90000068000100280AD5FFE70E98012806D1F6
:106EA000FFE714A8FFF7B2F91598109058E040F6E4
:106EB0000040C4F202400068800000280AD5FFE7C5
:106EC0000E98022806D1FFE711A8FFF71BFB1298C6
:106ED000109044E040F60040C4F202400068800791
:106EE000002812D5FFE70E9803280ED1FFE740F6E1
:106EF0000040C4F202400068C0F3C10149F2000042
:106F0000C0F2D030C840109028E040F60040C4F2F3
:106F100002400068800500280AD5FFE70E98042883
:106F200006D1FFE740F60010C0F23D00109014E0DB
:106F300040F6F040C4F2024000688007002808D5FF
:106F4000FFE70E98052804D1FFE74FF400401090AA
:106F500002E000201090FFE7FFE7FFE7FFE7FFE711
:106F6000FFE702F0C3B840F6D840C4F20240006820
:106F700000F038000E900E9820B9FFE703F096FF5E
:106F8000109063E040F60040C4F202400068000147
:106F900000280AD5FFE70E98082806D1FFE714A8B5
:106FA000FFF734F9159810904FE00E98102806D18D
:106FB000FFE711A8FFF7A6FA1298109044E040F6F8
:106FC0000040C4F2024000688007002812D5FFE7A5
:106FD0000E9818280ED1FFE740F60040C4F2024098
:106FE0000068C0F3C10149F20000C0F2D030C840CF
:106FF000109028E040F60040C4F20240006880058E
:1070000000280AD5FFE70E98202806D1FFE740F6B2
:107010000010C0F23D00109014E040F6F040C4F2C1
:10702000024000688007002808D5FFE70E9828284E
:1070300004D1FFE74FF40040109002E000201090D0
:10704000FFE7FFE7FFE7FFE7FFE7FFE702F04EB8E4
:1070500040F6D840C4F20240006800F4E0700E90A0
:107060000E9820B9FFE703F021FF10906EE040F684
:107070000040C4F202400068000100280AD5FFE782
:107080000E98402806D1FFE714A8FFF7BFF815981F
:1070900010905AE040F60040C4F2024000688000C0
:1070A00000280AD5FFE70E98802806D1FFE711A82F
:1070B000FFF728FA1298109046E040F60040C4F21C
:1070C000024000688007002812D5FFE70E98C0280C
:1070D0000ED1FFE740F60040C4F202400068C0F362
:1070E000C10149F20000C0F2D030C84010902AE03F
:1070F00040F60040C4F202400068800500280BD52D
:10710000FFE70E98B0F5807F06D1FFE740F600104C
:10711000C0F23D00109015E040F6F040C4F202408D
:1071200000688007002809D5FFE70E98B0F5A07F1A
:1071300004D1FFE74FF40040109002E000201090CF
:10714000FFE7FFE7FFE7FFE7FFE7FFE701F0CEBF5D
:1071500040F6D840C4F20240006800F460600E902F
:107160000E9820B9FFE703F0A1FE109071E040F601
:107170000040C4F202400068000100280BD5FFE780
:107180000E98B0F5007F06D1FFE714A8FFF73EF890
:10719000159810905CE040F60040C4F20240006890
:1071A000800000280BD5FFE70E98B0F5806F06D160
:1071B000FFE711A8FFF7A6F91298109047E040F6F4
:1071C0000040C4F2024000688007002813D5FFE7A2
:1071D0000E98B0F5C06F0ED1FFE740F60040C4F244
:1071E00002400068C0F3C10149F20000C0F2D03093
:1071F000C84010902AE040F60040C4F20240006807
:10720000800500280BD5FFE70E98B0F5006F06D17A
:10721000FFE740F60010C0F23D00109015E040F688
:10722000F040C4F2024000688007002809D5FFE75B
:107230000E98B0F5206F04D1FFE74FF40040109096
:1072400002E000201090FFE7FFE7FFE7FFE7FFE71E
:10725000FFE701F04BBF40F6D840C4F2024000689F
:1072600000F4E0400E900E9820B9FFE703F01EFEF8
:10727000109071E040F60040C4F202400068000146
:1072800000280BD5FFE70E98B0F5805F06D1FFE729
:1072900014A8FEF7BBFF159810905CE040F6004084
:1072A000C4F202400068800000280BD5FFE70E986A
:1072B000B0F5005F06D1FFE711A8FFF723F9129898
:1072C000109047E040F60040C4F20240006880079A
:1072D000002813D5FFE70E98B0F5405F0ED1FFE709
:1072E00040F60040C4F202400068C0F3C10149F218
:1072F0000000C0F2D030C84010902AE040F60040B4
:10730000C4F202400068800500280BD5FFE70E9804
:10731000B0F5804F06D1FFE740F60010C0F23D0007
:10732000109015E040F6F040C4F20240006880077B
:10733000002809D5FFE70E98B0F5A04F04D1FFE76C
:107340004FF40040109002E000201090FFE7FFE7AC
:10735000FFE7FFE7FFE7FFE701F0C8BE40F6D840D0
:10736000C4F20240006800F460300E900E9820B91C
:10737000FFE703F09BFD109071E040F60040C4F27F
:1073800002400068000100280BD5FFE70E98B0F519
:10739000004F06D1FFE714A8FEF738FF15981090AC
:1073A0005CE040F60040C4F2024000688000002823
:1073B0000BD5FFE70E98B0F5803F06D1FFE711A887
:1073C000FFF7A0F81298109047E040F60040C4F292
:1073D000024000688007002813D5FFE70E98B0F53B
:1073E000C03F0ED1FFE740F60040C4F20240006803
:1073F000C0F3C10149F20000C0F2D030C840109083
:107400002AE040F60040C4F20240006880050028EF
:107410000BD5FFE70E98B0F5003F06D1FFE740F629
:107420000010C0F23D00109015E040F6F040C4F2AC
:10743000024000688007002809D5FFE70E98B0F5E4
:10744000203F04D1FFE74FF40040109002E00020FD
:107450001090FFE7FFE7FFE7FFE7FFE7FFE701F037
:1074600045BE40F6D840C4F20240006800F4E01087
:107470000E900E9820B9FFE703F018FD109071E010
:1074800040F60040C4F202400068000100280BD51D
:10749000FFE70E98B0F5802F06D1FFE714A8FEF79E
:1074A000B5FE159810905CE040F60040C4F2024032
:1074B0000068800000280BD5FFE70E98B0F5002F7C
:1074C00006D1FFE711A8FFF71DF81298109047E0CA
:1074D00040F60040C4F2024000688007002813D53F
:1074E000FFE70E98B0F5402F0ED1FFE740F60040C1
:1074F000C4F202400068C0F3C10149F20000C0F2CA
:10750000D030C84010902AE040F60040C4F202405B
:107510000068800500280BD5FFE70E98B0F5801FA6
:1075200006D1FFE740F60010C0F23D00109015E0D4
:1075300040F6F040C4F2024000688007002809D5F8
:10754000FFE70E98B0F5A01F04D1FFE74FF400400D
:10755000109002E000201090FFE7FFE7FFE7FFE751
:10756000FFE7FFE701F0C2BD40F6D840C4F2024099
:10757000006800F460000E900E9820B9FFE703F059
:1075800095FC109071E040F60040C4F202400068A3
:10759000000100280BD5FFE70E98B0F5001F06D1BB
:1075A000FFE714A8FEF732FE159810905CE040F655
:1075B0000040C4F202400068800000280BD5FFE7BD
:1075C0000E98B0F5800F06D1FFE711A8FEF79AFFDD
:1075D0001298109047E040F60040C4F20240006864
:1075E0008007002813D5FFE70E98B0F5C00F0ED125
:1075F000FFE740F60040C4F202400068C0F3C1015A
:1076000049F20000C0F2D030C84010902AE040F6A5
:107610000040C4F202400068800500280BD5FFE757
:107620000E98B0F5000F06D1FFE740F60010C0F24B
:107630003D00109015E040F6F040C4F202400068B2
:107640008007002809D5FFE70E98B0F5200F04D178
:10765000FFE74FF40040109002E000201090FFE799
:10766000FFE7FFE7FFE7FFE7FFE701F03FBD40F679
:10767000D840C4F20240006800F0E0600E900E981E
:1076800020B9FFE703F012FC109071E040F60040D3
:10769000C4F202400068000100280BD5FFE70E98F5
:1076A000B0F1807F06D1FFE714A8FEF7AFFD159873
:1076B00010905CE040F60040C4F202400068800098
:1076C00000280BD5FFE70E98B0F1007F06D1FFE749
:1076D00011A8FEF717FF1298109047E040F60040FF
:1076E000C4F2024000688007002813D5FFE70E9817
:1076F000B0F1407F0ED1FFE740F60040C4F20240F7
:107700000068C0F3C10149F20000C0F2D030C840A7
:1077100010902AE040F60040C4F202400068800564
:1077200000280BD5FFE70E98B0F1806F06D1FFE778
:1077300040F60010C0F23D00109015E040F6F04019
:10774000C4F2024000688007002809D5FFE70E98C0
:10775000B0F1A06F04D1FFE74FF40040109002E0B9
:1077600000201090FFE7FFE7FFE7FFE7FFE7FFE7F5
:1077700001F0BCBC40F6D840C4F20240006800F002
:1077800060500E900E9820B9FFE703F08FFB109029
:1077900071E040F60040C4F2024000680001002899
:1077A0000BD5FFE70E98B0F1006F06D1FFE714A8E4
:1077B000FEF72CFD159810905CE040F60040C4F2F6
:1077C00002400068800000280BD5FFE70E98B0F15A
:1077D000805F06D1FFE711A8FEF794FE1298109083
:1077E00047E040F60040C4F20240006880070028ED
:1077F00013D5FFE70E98B0F1C05F0ED1FFE740F65A
:107800000040C4F202400068C0F3C10149F2000028
:10781000C0F2D030C84010902AE040F60040C4F2D8
:1078200002400068800500280BD5FFE70E98B0F1F4
:10783000005F06D1FFE740F60010C0F23D00109057
:1078400015E040F6F040C4F20240006880070028CE
:1078500009D5FFE70E98B0F1205F04D1FFE74FF4A0
:107860000040109002E000201090FFE7FFE7FFE7E4
:10787000FFE7FFE7FFE701F039BC40F6DC40C4F268
:107880000240006800F007000E900E9820B9FFE754
:1078900003F00CFB10906CE040F60040C4F2024094
:1078A0000068000100280AD5FFE70E98012806D1DC
:1078B000FFE714A8FEF7AAFC1598109058E040F6D0
:1078C0000040C4F202400068800000280AD5FFE7AB
:1078D0000E98022806D1FFE711A8FEF713FE1298B2
:1078E000109044E040F60040C4F202400068800777
:1078F000002812D5FFE70E9803280ED1FFE740F6C7
:107900000040C4F202400068C0F3C10149F2000027
:10791000C0F2D030C840109028E040F60040C4F2D9
:1079200002400068800500280AD5FFE70E98042869
:1079300006D1FFE740F60010C0F23D00109014E0C1
:1079400040F6F040C4F2024000688007002808D5E5
:10795000FFE70E98052804D1FFE74FF40040109090
:1079600002E000201090FFE7FFE7FFE7FFE7FFE7F7
:10797000FFE701F0BBBB40F6DC40C4F20240006808
:1079800000F070000E900E9820B9FFE703F08EFA19
:1079900010906CE040F60040C4F202400068000124
:1079A00000280AD5FFE70E98102806D1FFE714A893
:1079B000FEF72CFC1598109058E040F60040C4F2F9
:1079C00002400068800000280AD5FFE70E982028B2
:1079D00006D1FFE711A8FEF795FD1298109044E03C
:1079E00040F60040C4F2024000688007002812D52B
:1079F000FFE70E9830280ED1FFE740F60040C4F2B2
:107A000002400068C0F3C10149F20000C0F2D0306A
:107A1000C840109028E040F60040C4F202400068E0
:107A2000800500280AD5FFE70E98402806D1FFE719
:107A300040F60010C0F23D00109014E040F6F04017
:107A4000C4F2024000688007002808D5FFE70E98BE
:107A5000502804D1FFE74FF40040109002E00020CE
:107A60001090FFE7FFE7FFE7FFE7FFE7FFE701F021
:107A70003DBB40F6E040C4F20240006800F0E06028
:107A80000E900E9820B9FFE703F038FA10905FE0EF
:107A90000E98B0F1807F06D1FFE714A8FEF7B6FB81
:107AA0001598109053E00E98B0F1007F06D1FFE7D3
:107AB00011A8FEF727FD1298109047E040F600400D
:107AC000C4F2024000688007002813D5FFE70E9833
:107AD000B0F1407F0ED1FFE740F60040C4F2024013
:107AE0000068C0F3C10149F20000C0F2D030C840C4
:107AF00010902AE040F60040C4F202400068800581
:107B000000280BD5FFE70E98B0F1806F06D1FFE794
:107B100040F60010C0F23D00109015E040F6F04035
:107B2000C4F2024000688007002809D5FFE70E98DC
:107B3000B0F1A06F04D1FFE74FF40040109002E0D5
:107B400000201090FFE7FFE7FFE7FFE7FFE7FFE711
:107B500001F0CCBA40F6E840C4F20240006800F000
:107B600007000E900E9820B9FFE703F085F91090FA
:107B70005AE00E98012804D1FFE703F0D3F91090E2
:107B800051E00E98022806D1FFE714A8FEF73EFB4D
:107B90001698109046E040F60040C4F2024000689B
:107BA000800300280AD5FFE70E98032806D1FFE7D7
:107BB00047F64000C0F27D10109032E040F60040E1
:107BC000C4F2024000688007002812D5FFE70E9833
:107BD00004280ED1FFE740F60040C4F202400068DE
:107BE000C0F3C10149F20000C0F2D030C84010908B
:107BF00016E040F60040C4F202400068800500280C
:107C00000AD5FFE70E98052806D1FFE740F60010D9
:107C1000C0F23D00109002E000201090FFE7FFE767
:107C2000FFE7FFE7FFE7FFE701F060BA40F6E84053
:107C3000C4F20240006800F008000E9040F6F040E8
:107C4000C4F2024000688007002807D5FFE70E98BD
:107C500020B9FFE74FF40040109014E040F6F040E8
:107C6000C4F2024000680001002808D5FFE70E9822
:107C7000082804D1FFE74FF4FA40109002E00020FA
:107C80001090FFE7FFE701F031BA40F6E440C4F29C
:107C90000240006800F440300E900E9820B9FFE7D3
:107CA00003F004F9109040E00E98B0F5803F06D143
:107CB000FFE711A8FEF726FC1398109034E040F679
:107CC0000040C4F2024000688007002813D5FFE797
:107CD0000E98B0F5003F0ED1FFE740F60040C4F229
:107CE00002400068C0F3C10149F20000C0F2D03088
:107CF000C840109017E040F60040C4F2024000680F
:107D0000800500280BD5FFE70E98B0F5403F06D15F
:107D1000FFE740F60010C0F23D00109002E00020A6
:107D20001090FFE7FFE7FFE7FFE701F0DFB940F65C
:107D3000E440C4F20240006800F440200E900E9827
:107D400020B9FFE703F0B2F8109040E00E98B0F5CC
:107D5000802F06D1FFE711A8FEF7D4FB13981090EF
:107D600034E040F60040C4F202400068800700287A
:107D700013D5FFE70E98B0F5002F0ED1FFE740F6C0
:107D80000040C4F202400068C0F3C10149F20000A3
:107D9000C0F2D030C840109017E040F60040C4F266
:107DA00002400068800500280BD5FFE70E98B0F56B
:107DB000402F06D1FFE740F60010C0F23D001090C2
:107DC00002E000201090FFE7FFE7FFE7FFE701F088
:107DD0008DB940F6E440C4F20240006800F440105F
:107DE0000E900E9820B9FFE703F088F8109040E05D
:107DF0000E98B0F5801F06D1FFE711A8FEF782FBB1
:107E00001398109034E040F60040C4F2024000683D
:107E10008007002813D5FFE70E98B0F5001F0ED19C
:107E2000FFE740F60040C4F202400068C0F3C10121
:107E300049F20000C0F2D030C840109017E040F680
:107E40000040C4F202400068800500280BD5FFE71F
:107E50000E98B0F5401F06D1FFE740F60010C0F2C3
:107E60003D00109002E000201090FFE7FFE7FFE7E1
:107E7000FFE701F03BB940F6E440C4F2024000687D
:107E800000F440000E900E9820B9FFE703F036F89A
:107E9000109040E00E98B0F5800F06D1FFE711A8D2
:107EA000FEF730FB1398109034E040F60040C4F227
:107EB000024000688007002813D5FFE70E98B0F550
:107EC000000F0ED1FFE740F60040C4F20240006808
:107ED000C0F3C10149F20000C0F2D030C840109098
:107EE00017E040F60040C4F2024000688005002818
:107EF0000BD5FFE70E98B0F5400F06D1FFE740F62F
:107F00000010C0F23D00109002E000201090FFE74A
:107F1000FFE7FFE7FFE701F0E9B840F6E440C4F20D
:107F20000240006800F040700E900E9820B9FFE704
:107F300002F0BCFF10902BE00E98B0F1807F06D1CC
:107F4000FFE711A8FEF7DEFA139810901FE040F645
:107F50000040C4F2024000688007002813D5FFE704
:107F60000E98B0F1007F0ED1FFE740F60040C4F25A
:107F700002400068C0F3C10149F20000C0F2D030F5
:107F8000C840109002E000201090FFE7FFE7FFE7F5
:107F900001F0ACB840F6DC40C4F20240006800F4E6
:107FA000E0600E900E980990C8B1FFE70998B0F50F
:107FB000807F18D0FFE70998B0F5007F19D0FFE760
:107FC0000998B0F5407F1AD0FFE70998B0F5806FA7
:107FD00026D0FFE70998B0F5A06F32D081E002F01B
:107FE0008DFF109080E014A8FEF710F914981090FF
:107FF0007AE011A8FEF786FA1398109074E040F624
:10800000F040C4F2024000688007002804D5FFE772
:108010004FF40040109002E000201090FFE763E072
:1080200040F6F040C4F2024000680001002804D588
:10803000FFE74FF4FA40109002E000201090FFE7B5
:1080400052E040F6E840C4F20240006800F04040D0
:108050000F9040F60040C4F20240006880070028FC
:1080600011D5FFE70F9870B9FFE740F60040C4F262
:1080700002400068C0F3C10149F20000C0F2D030F4
:10808000C84010902CE040F60040C4F20240006866
:10809000800500280BD5FFE70F98B0F1804F06D17F
:1080A000FFE740F60010C0F23D00109017E040F6E8
:1080B0000040C4F202400068800300280BD5FFE7AF
:1080C0000F98B0F1004F06D1FFE747F64000C0F22D
:1080D0007D10109002E000201090FFE7FFE7FFE71F
:1080E00002E000201090FFE701F000B840F6DC400D
:1080F000C4F20240006800F4E0400E900E98089030
:10810000C8B1FFE70898B0F5805F18D0FFE708987E
:10811000B0F5005F19D0FFE70898B0F5405F1AD0BE
:10812000FFE70898B0F5804F26D0FFE70898B0F534
:10813000A04F32D081E002F0B9FE109080E014A888
:10814000FEF764F8149810907AE011A8FEF7DAF9B7
:108150001398109074E040F6F040C4F202400068BA
:108160008007002804D5FFE74FF40040109002E09C
:1081700000201090FFE763E040F6F040C4F20240B8
:1081800000680001002804D5FFE74FF4FA40109082
:1081900002E000201090FFE752E040F6E840C4F211
:1081A0000240006800F040400F9040F60040C4F2EA
:1081B000024000688007002811D5FFE70F9870B9CA
:1081C000FFE740F60040C4F202400068C0F3C1017E
:1081D00049F20000C0F2D030C84010902CE040F6C8
:1081E0000040C4F202400068800500280BD5FFE77C
:1081F0000F98B0F1804F06D1FFE740F60010C0F2B3
:108200003D00109017E040F60040C4F202400068C4
:10821000800300280BD5FFE70F98B0F1004F06D17F
:10822000FFE747F64000C0F27D10109002E000200A
:108230001090FFE7FFE7FFE702E000201090FFE764
:1082400000F054BF40F6DC40C4F20240006800F485
:10825000E0200E900E980790C8B1FFE70798B0F5A0
:10826000803F18D0FFE70798B0F5003F19D0FFE72F
:108270000798B0F5403F1AD0FFE70798B0F5802F78
:1082800026D0FFE70798B0F5A02F32D081E002F0AA
:1082900035FE109080E014A8FDF7B8FF14981090F8
:1082A0007AE011A8FEF72EF91398109074E040F6CA
:1082B000F040C4F2024000688007002804D5FFE7C0
:1082C0004FF40040109002E000201090FFE763E0C0
:1082D00040F6F040C4F2024000680001002804D5D6
:1082E000FFE74FF4FA40109002E000201090FFE703
:1082F00052E040F6E840C4F20240006800F040401E
:108300000F9040F60040C4F2024000688007002849
:1083100011D5FFE70F9870B9FFE740F60040C4F2AF
:1083200002400068C0F3C10149F20000C0F2D03041
:10833000C84010902CE040F60040C4F202400068B3
:10834000800500280BD5FFE70F98B0F1804F06D1CC
:10835000FFE740F60010C0F23D00109017E040F635
:108360000040C4F202400068800300280BD5FFE7FC
:108370000F98B0F1004F06D1FFE747F64000C0F27A
:108380007D10109002E000201090FFE7FFE7FFE76C
:1083900002E000201090FFE700F0A8BE40F6DC40AD
:1083A000C4F20240006800F4E0000E900E980690BF
:1083B000C8B1FFE70698B0F5801F18D0FFE7069810
:1083C000B0F5001F19D0FFE70698B0F5401F1AD08E
:1083D000FFE70698B0F5800F26D0FFE70698B0F5C6
:1083E000A00F32D081E002F089FD109080E014A847
:1083F000FDF70CFF149810907AE011A8FEF782F8B0
:108400001398109074E040F6F040C4F20240006807
:108410008007002804D5FFE74FF40040109002E0E9
:1084200000201090FFE763E040F6F040C4F2024005
:1084300000680001002804D5FFE74FF4FA401090CF
:1084400002E000201090FFE752E040F6E840C4F25E
:108450000240006800F040400F9040F60040C4F237
:10846000024000688007002811D5FFE70F9870B917
:10847000FFE740F60040C4F202400068C0F3C101CB
:1084800049F20000C0F2D030C84010902CE040F615
:108490000040C4F202400068800500280BD5FFE7C9
:1084A0000F98B0F1804F06D1FFE740F60010C0F200
:1084B0003D00109017E040F60040C4F20240006812
:1084C000800300280BD5FFE70F98B0F1004F06D1CD
:1084D000FFE747F64000C0F27D10109002E0002058
:1084E0001090FFE7FFE7FFE702E000201090FFE7B2
:1084F00000F0FCBD40F6DC40C4F20240006800F031
:10850000E0600E900E980590C8B1FFE70598B0F1B5
:10851000807F18D0FFE70598B0F1007F19D0FFE702
:108520000598B0F1407F1AD0FFE70598B0F1806F51
:1085300026D0FFE70598B0F1A06F32D081E002F0BD
:10854000DDFC109080E014A8FDF760FE14981090F8
:108550007AE011A8FDF7D6FF1398109074E040F66A
:10856000F040C4F2024000688007002804D5FFE70D
:108570004FF40040109002E000201090FFE763E00D
:1085800040F6F040C4F2024000680001002804D523
:10859000FFE74FF4FA40109002E000201090FFE750
:1085A00052E040F6E840C4F20240006800F040406B
:1085B0000F9040F60040C4F2024000688007002897
:1085C00011D5FFE70F9870B9FFE740F60040C4F2FD
:1085D00002400068C0F3C10149F20000C0F2D0308F
:1085E000C84010902CE040F60040C4F20240006801
:1085F000800500280BD5FFE70F98B0F1804F06D11A
:10860000FFE740F60010C0F23D00109017E040F682
:108610000040C4F202400068800300280BD5FFE749
:108620000F98B0F1004F06D1FFE747F64000C0F2C7
:108630007D10109002E000201090FFE7FFE7FFE7B9
:1086400002E000201090FFE700F050BD40F6DC4053
:10865000C4F20240006800F0E0400E900E980490D2
:10866000C8B1FFE70498B0F1805F18D0FFE7049825
:10867000B0F1005F19D0FFE70498B0F1405F1AD065
:10868000FFE70498B0F1804F26D0FFE70498B0F1DF
:10869000A04F32D081E002F031FC109080E014A8AD
:1086A000FDF7B4FD149810907AE011A8FDF72AFFA9
:1086B0001398109074E040F6F040C4F20240006855
:1086C0008007002804D5FFE74FF40040109002E037
:1086D00000201090FFE763E040F6F040C4F2024053
:1086E00000680001002804D5FFE74FF4FA4010901D
:1086F00002E000201090FFE752E040F6E840C4F2AC
:108700000240006800F040400F9040F60040C4F284
:10871000024000688007002811D5FFE70F9870B964
:10872000FFE740F60040C4F202400068C0F3C10118
:1087300049F20000C0F2D030C84010902CE040F662
:108740000040C4F202400068800500280BD5FFE716
:108750000F98B0F1804F06D1FFE740F60010C0F24D
:108760003D00109017E040F60040C4F2024000685F
:10877000800300280BD5FFE70F98B0F1004F06D11A
:10878000FFE747F64000C0F27D10109002E00020A5
:108790001090FFE7FFE7FFE702E000201090FFE7FF
:1087A00000F0A4BC40F6E840C4F20240006800F4C7
:1087B00040700E9040F60040C4F202400068800312
:1087C000002809D5FFE70E9830B9FFE747F64000CB
:1087D000C0F27D1010901AE00E98B0F5807F06D19F
:1087E000FFE717A8FDF796FB189810900EE00E987B
:1087F000B0F5007F06D1FFE714A8FDF707FD159837
:10880000109002E000201090FFE7FFE7FFE700F084
:108810006DBC40F6E040C4F20240006800F0070082
:108820000E900E98039004286DD80399DFE801F0AC
:1088300003090F151B0017A8FDF76CFB1898109083
:1088400064E014A8FDF7E2FC149810905EE011A813
:10885000FDF758FE1198109058E048F20000C0F261
:10886000BB00109052E040F6E840C4F202400068BD
:1088700000F040400F9040F60040C4F20240006813
:108880008007002811D5FFE70F9870B9FFE740F681
:108890000040C4F202400068C0F3C10149F2000088
:1088A000C0F2D030C84010902CE040F60040C4F236
:1088B00002400068800500280BD5FFE70F98B0F153
:1088C000804F06D1FFE740F60010C0F23D00109047
:1088D00017E040F60040C4F2024000688003002820
:1088E0000BD5FFE70F98B0F1004F06D1FFE747F631
:1088F0004000C0F27D10109002E000201090FFE7D1
:10890000FFE7FFE702E000201090FFE700F0EEBB7A
:1089100040F6E040C4F20240006800F038000E90DB
:108920000E980290202800F27C800299DFE801F086
:108930001179797979797979177979797979797971
:108940001D79797979797979237979797979797949
:10895000290017A8FDF7DEFA1898109064E014A813
:10896000FDF754FC149810905EE011A8FDF7CAFDC5
:108970001198109058E048F20000C0F2BB0010902F
:1089800052E040F6E840C4F20240006800F0404087
:108990000F9040F60040C4F20240006880070028B3
:1089A00011D5FFE70F9870B9FFE740F60040C4F219
:1089B00002400068C0F3C10149F20000C0F2D030AB
:1089C000C84010902CE040F60040C4F2024000681D
:1089D000800500280BD5FFE70F98B0F1804F06D136
:1089E000FFE740F60010C0F23D00109017E040F69F
:1089F0000040C4F202400068800300280BD5FFE766
:108A00000F98B0F1004F06D1FFE747F64000C0F2E3
:108A10007D10109002E000201090FFE7FFE7FFE7D5
:108A200002E000201090FFE760E340F6E040C4F26F
:108A30000240006800F4E0700E900E98019088B13A
:108A4000FFE70198402813D0FFE70198802815D050
:108A5000FFE70198C02817D0FFE70198B0F5807FA5
:108A600018D067E017A8FDF755FA1898109064E041
:108A700014A8FDF7CBFB149810905EE011A8FDF749
:108A800041FD1198109058E048F20000C0F2BB0080
:108A9000109052E040F6E840C4F20240006800F056
:108AA00040400F9040F60040C4F20240006880074A
:108AB000002811D5FFE70F9870B9FFE740F6004096
:108AC000C4F202400068C0F3C10149F20000C0F2E4
:108AD000D030C84010902CE040F60040C4F2024074
:108AE0000068800500280BD5FFE70F98B0F1804F94
:108AF00006D1FFE740F60010C0F23D00109017E0ED
:108B000040F60040C4F202400068800300280BD504
:108B1000FFE70F98B0F1004F06D1FFE747F640009E
:108B2000C0F27D10109002E000201090FFE7FFE7F8
:108B3000FFE702E000201090FFE7D7E240F6E040B8
:108B4000C4F20240006800F460600E900E9820B9F4
:108B5000FFE702F0BFF9109073E040F60040C4F266
:108B600002400068000100280BD5FFE70E98B0F521
:108B7000007F06D1FFE714A8FDF748FB1598109079
:108B80005EE040F60040C4F2024000688000002829
:108B90000BD5FFE70E98B0F5806F06D1FFE711A85F
:108BA000FDF7B0FC1298109049E040F60040C4F286
:108BB000024000688007002813D5FFE70E98B0F543
:108BC000C06F0ED1FFE740F60040C4F202400068DB
:108BD000C0F3C10149F20000C0F2D030C84010908B
:108BE0002CE040F60040C4F20240006880050028F6
:108BF0000BD5FFE70E98B0F5006F06D1FFE740F602
:108C00000010C0F23D00109017E040F60040C4F2A2
:108C100002400068800300280BD5FFE70E98B0F5EE
:108C2000206F06D1FFE747F64000C0F27D1010909C
:108C300002E000201090FFE7FFE7FFE7FFE7FFE714
:108C4000FFE753E240F6E040C4F20240006800F45F
:108C5000E0400E900E9820B9FFE702F04FF9109017
:108C600073E040F60040C4F20240006800010028B2
:108C70000BD5FFE70E98B0F5805F06D1FFE714A88B
:108C8000FDF7C4FA159810905EE040F60040C4F27B
:108C900002400068800000280BD5FFE70E98B0F571
:108CA000005F06D1FFE711A8FDF72CFC1298109089
:108CB00049E040F60040C4F2024000688007002806
:108CC00013D5FFE70E98B0F5405F0ED1FFE740F6F1
:108CD0000040C4F202400068C0F3C10149F2000044
:108CE000C0F2D030C84010902CE040F60040C4F2F2
:108CF00002400068800500280BD5FFE70E98B0F50C
:108D0000804F06D1FFE740F60010C0F23D00109002
:108D100017E040F60040C4F20240006880030028DB
:108D20000BD5FFE70E98B0F5A04F06D1FFE747F649
:108D30004000C0F27D10109002E000201090FFE78C
:108D4000FFE7FFE7FFE7FFE7FFE7CFE140F6E0409F
:108D5000C4F20240006800F460300E900E9820B912
:108D6000FFE702F0B7F8109073E040F60040C4F25D
:108D700002400068000100280BD5FFE70E98B0F50F
:108D8000004F06D1FFE714A8FDF740FA15981090A0
:108D90005EE040F60040C4F2024000688000002817
:108DA0000BD5FFE70E98B0F5803F06D1FFE711A87D
:108DB000FDF7A8FB1298109049E040F60040C4F27D
:108DC000024000688007002813D5FFE70E98B0F531
:108DD000C03F0ED1FFE740F60040C4F202400068F9
:108DE000C0F3C10149F20000C0F2D030C840109079
:108DF0002CE040F60040C4F20240006880050028E4
:108E00000BD5FFE70E98B0F5003F06D1FFE740F61F
:108E10000010C0F23D00109017E040F60040C4F290
:108E200002400068800300280BD5FFE70E98B0F5DC
:108E3000203F06D1FFE747F64000C0F27D101090BA
:108E400002E000201090FFE7FFE7FFE7FFE7FFE702
:108E5000FFE74BE140F6E440C4F20240006800F056
:108E600003000E900E980090032864D80099DFE864
:108E700001F002060C1201F0FFFF10905EE017A84F
:108E8000FDF748F81898109058E014A8FDF7BEF9BF
:108E90001698109052E040F6E840C4F20240006894
:108EA00000F040400F9040F60040C4F202400068DD
:108EB0008007002811D5FFE70F9870B9FFE740F64B
:108EC0000040C4F202400068C0F3C10149F2000052
:108ED000C0F2D030C84010902CE040F60040C4F200
:108EE00002400068800500280BD5FFE70F98B0F11D
:108EF000804F06D1FFE740F60010C0F23D00109011
:108F000017E040F60040C4F20240006880030028E9
:108F10000BD5FFE70F98B0F1004F06D1FFE747F6FA
:108F20004000C0F27D10109002E000201090FFE79A
:108F3000FFE7FFE702E000201090FFE7D6E040F6F1
:108F4000E840C4F20240006800F0C0000E9040F615
:108F5000F040C4F2024000688007002807D5FFE710
:108F60000E9820B9FFE74FF40040109026E040F63D
:108F7000F040C4F2024000680001002808D5FFE775
:108F80000E98402804D1FFE74FF4FA40109014E007
:108F900040F60040C4F2024000688005002808D571
:108FA000FFE70E98802804D1FFE748F212001090E6
:108FB00002E000201090FFE7FFE7FFE796E040F6B1
:108FC000E840C4F20240006800F030000E9040F625
:108FD0000040C4F2024000688004002809D5FFE781
:108FE0000E9830B9FFE746F60040C0F2DC20109042
:108FF0003AE040F60040C4F20240006880010028D8
:109000000AD5FFE70E98102806D1FFE717A8FCF74E
:1090100081FF1898109026E040F6F040C4F202401C
:1090200000688007002808D5FFE70E98202804D1A3
:10903000FFE74FF40040109014E040F6F040C4F217
:10904000024000680001002808D5FFE70E9830288C
:1090500004D1FFE74FF4FA40109002E00020109096
:10906000FFE7FFE7FFE7FFE740E040F6E440C4F238
:109070000240006800F030000E900E98102806D1D3
:10908000FFE717A8FCF746FF189810902EE040F66F
:109090000040C4F202400068800000280AD5FFE7C3
:1090A0000E98202806D1FFE711A8FDF72BFA129899
:1090B000109016E040F60040C4F2024000688004C0
:1090C00000280AD5FFE70E98302806D1FFE746F6BC
:1090D0000040C0F2DC20109002E000201090FFE77A
:1090E000FFE7FFE702E000201090FFE7FFE710989E
:1090F0001CB080BD80B5ACB02B9000208DF8A300D3
:109100008DF8A2002B98C078C00760B1FFE740F649
:10911000E841C4F20241086820F040402B9A926D69
:1091200010430860FFE72B980068C007002837D07D
:10913000FFE72B98C06D2790052817D82799DFE8FF
:1091400001F003040B12131414E02B98083007F0FD
:109150008DFB8DF8A3000DE02B98303007F03CFC20
:109160008DF8A30006E005E004E003E001208DF89F
:10917000A300FFE79DF8A30060B9FFE740F6D841E0
:10918000C4F20241086820F007002B9AD26D104308
:10919000086004E09DF8A3008DF8A200FFE7FFE758
:1091A0002B9800788007002840F14A80FFE72B9831
:1091B000006E2690282829D82699DFE801F0152787
:1091C00027272727272716272727272727271D274A
:1091D0002727272727272427272727272727252724
:1091E000272727272727260014E02B98083007F089
:1091F0003DFB8DF8A3000DE02B98303007F0ECFB21
:109200008DF8A30006E005E004E003E001208DF8FE
:10921000A300FFE79DF8A30060B9FFE740F6D8413F
:10922000C4F20241086820F038002B9A126E1043F5
:10923000086004E09DF8A3008DF8A200FFE7FFE7B7
:109240002B9800784007002847D5FFE72B98406E01
:109250002590B0B1FFE72598402813D0FFE7259867
:10926000802816D0FFE72598C02819D0FFE7259859
:10927000B0F5807F15D0FFE72598B0F5A07F11D01D
:1092800011E014E02B98083007F0F0FA8DF8A300F5
:109290000DE02B98303007F09FFB8DF8A30006E01F
:1092A00005E004E003E001208DF8A300FFE79DF84E
:1092B000A30060B9FFE740F6D841C4F20241086854
:1092C00020F4E0702B9A526E1043086004E09DF881
:1092D000A3008DF8A200FFE7FFE72B9800780007B6
:1092E00000284AD5FFE72B98806E2490C8B1FFE78D
:1092F0002498B0F5007F15D0FFE72498B0F5806F73
:1093000017D0FFE72498B0F5C06F19D0FFE7249875
:10931000B0F5006F15D0FFE72498B0F5206F11D09D
:1093200011E014E02B98083007F0A0FA8DF8A300A4
:109330000DE02B98303007F04FFB8DF8A30006E0CE
:1093400005E004E003E001208DF8A300FFE79DF8AD
:10935000A30060B9FFE740F6D841C4F202410868B3
:1093600020F460602B9A926E1043086004E09DF830
:10937000A3008DF8A200FFE7FFE72B980078C00656
:1093800000284AD5FFE72B98C06E2390C8B1FFE7AD
:109390002398B0F5805F15D0FFE72398B0F5005F04
:1093A00017D0FFE72398B0F5405F19D0FFE7239867
:1093B000B0F5804F15D0FFE72398B0F5A04F11D03E
:1093C00011E014E02B98083007F050FA8DF8A30054
:1093D0000DE02B98303007F0FFFA8DF8A30006E07F
:1093E00005E004E003E001208DF8A300FFE79DF80D
:1093F000A30060B9FFE740F6D841C4F20241086813
:1094000020F4E0402B9AD26E1043086004E09DF8EF
:10941000A3008DF8A200FFE7FFE72B9800788006F5
:1094200000284AD5FFE72B98006F2290C8B1FFE7CC
:109430002298B0F5004F15D0FFE72298B0F5803F95
:1094400017D0FFE72298B0F5C03F19D0FFE7229868
:10945000B0F5003F15D0FFE72298B0F5203F11D0BE
:1094600011E014E02B98083007F000FA8DF8A30003
:109470000DE02B98303007F0AFFA8DF8A30006E02E
:1094800005E004E003E001208DF8A300FFE79DF86C
:10949000A30060B9FFE740F6D841C4F20241086872
:1094A00020F460302B9A126F1043086004E09DF89E
:1094B000A3008DF8A200FFE7FFE72B980078400695
:1094C00000284AD5FFE72B98406F2190C8B1FFE7ED
:1094D0002198B0F5802F15D0FFE72198B0F5002F27
:1094E00017D0FFE72198B0F5402F19D0FFE721985A
:1094F000B0F5801F15D0FFE72198B0F5A01F11D05F
:1095000011E014E02B98083007F0B0F98DF8A300B3
:109510000DE02B98303007F05FFA8DF8A30006E0DD
:1095200005E004E003E001208DF8A300FFE79DF8CB
:10953000A30060B9FFE740F6D841C4F202410868D1
:1095400020F4E0102B9A526F1043086004E09DF85D
:10955000A3008DF8A200FFE7FFE72B980078000634
:1095600000284AD5FFE72B98806F2090C8B1FFE70D
:109570002098B0F5001F15D0FFE72098B0F5800FB8
:1095800017D0FFE72098B0F5C00F19D0FFE720985B
:10959000B0F5000F15D0FFE72098B0F5200F11D0DF
:1095A00011E014E02B98083007F060F98DF8A30063
:1095B0000DE02B98303007F00FFA8DF8A30006E08D
:1095C00005E004E003E001208DF8A300FFE79DF82B
:1095D000A30060B9FFE740F6D841C4F20241086831
:1095E00020F460002B9A926F1043086004E09DF80D
:1095F000A3008DF8A200FFE7FFE72B984078C00793
:1096000000284AD0FFE72B98C06F1F90C8B1FFE732
:109610001F98B0F1807F15D0FFE71F98B0F1007F51
:1096200017D0FFE71F98B0F1407F19D0FFE71F98D0
:10963000B0F1806F15D0FFE71F98B0F1A06F11D087
:1096400011E014E02B98083007F010F98DF8A30012
:109650000DE02B98303007F0BFF98DF8A30006E03D
:1096600005E004E003E001208DF8A300FFE79DF88A
:10967000A30060B9FFE740F6D841C4F20241086890
:1096800020F0E0602B9AD26F1043086004E09DF850
:10969000A3008DF8A200FFE7FFE72B984078800732
:1096A00000284CD5FFE72B98D0F880001E90C8B159
:1096B000FFE71E98B0F1006F15D0FFE71E98B0F1DC
:1096C000805F17D0FFE71E98B0F1C05F19D0FFE7A9
:1096D0001E98B0F1005F15D0FFE71E98B0F1205F33
:1096E00011D011E014E02B98083007F0BFF88DF886
:1096F000A3000DE02B98303007F06EF98DF8A30031
:1097000006E005E004E003E001208DF8A300FFE798
:109710009DF8A30068B9FFE740F6D841C4F20241C2
:10972000086820F060502B9AD2F88020104308601F
:1097300004E09DF8A3008DF8A200FFE7FFE72B9857
:1097400040784007002839D5FFE72B98D0F88400EF
:109750001D90052817D81D99DFE801F003040B12AE
:10976000131414E02B98083007F080F88DF8A3004C
:109770000DE02B98303007F02FF98DF8A30006E0AC
:1097800005E004E003E001208DF8A300FFE79DF869
:10979000A30068B9FFE740F6DC41C4F20241086863
:1097A00020F007002B9AD2F884201043086004E0D0
:1097B0009DF8A3008DF8A200FFE7FFE72B98407803
:1097C0000007002847D5FFE72B98D0F888001C90A9
:1097D000A0B1FFE71C98102811D0FFE71C982028A3
:1097E00014D0FFE71C98302817D0FFE71C984028BA
:1097F00014D0FFE71C98502811D011E014E02B98EA
:10980000083007F033F88DF8A3000DE02B983030C6
:1098100007F0E2F88DF8A30006E005E004E003E0BD
:1098200001208DF8A300FFE79DF8A30068B9FFE7CA
:1098300040F6DC41C4F20241086820F070002B9A27
:10984000D2F888201043086004E09DF8A3008DF84A
:10985000A200FFE7FFE72B984078C00600284CD510
:10986000FFE72B98D0F88C001B90C8B1FFE71B983E
:10987000B0F1807F15D0FFE71B98B0F1007F17D0C3
:10988000FFE71B98B0F1407F19D0FFE71B98B0F1BC
:10989000806F15D0FFE71B98B0F1A06F11D011E0D9
:1098A00014E02B98083006F0E1FF8DF8A3000DE0DE
:1098B0002B98303007F090F88DF8A30006E005E013
:1098C00004E003E001208DF8A300FFE79DF8A3006A
:1098D00068B9FFE740F6E041C4F20241086820F0B1
:1098E000E0602B9AD2F88C201043086004E09DF8C9
:1098F000A3008DF8A200FFE7FFE72B9840788006D1
:1099000000283AD5FFE72B98D0F890001A9078B14C
:10991000FFE71A98B0F5803F0BD0FFE71A98B0F533
:10992000003F0DD0FFE71A98B0F5403F09D009E09D
:109930000CE02B98303007F04FF88DF8A30005E0CD
:1099400004E003E001208DF8A300FFE79DF8A300E9
:1099500068B9FFE740F6E441C4F20241086820F428
:1099600040302B9AD2F890201043086004E09DF814
:10997000A3008DF8A200FFE7FFE72B984078400690
:1099800000283AD5FFE72B98D0F89400199078B1C9
:10999000FFE71998B0F5802F0BD0FFE71998B0F5C5
:1099A000002F0DD0FFE71998B0F5402F09D009E03E
:1099B0000CE02B98303007F00FF88DF8A30005E08D
:1099C00004E003E001208DF8A300FFE79DF8A30069
:1099D00068B9FFE740F6E441C4F20241086820F4A8
:1099E00040202B9AD2F894201043086004E09DF8A0
:1099F000A3008DF8A200FFE7FFE72B984078000650
:109A000000283AD5FFE72B98D0F89800189078B145
:109A1000FFE71898B0F5801F0BD0FFE71898B0F556
:109A2000001F0DD0FFE71898B0F5401F09D009E0DE
:109A30000CE02B98303006F0CFFF8DF8A30005E046
:109A400004E003E001208DF8A300FFE79DF8A300E8
:109A500068B9FFE740F6E441C4F20241086820F427
:109A600040102B9AD2F898201043086004E09DF82B
:109A7000A3008DF8A200FFE7FFE72B98407940078D
:109A800000283AD5FFE72B98D0F89C00179078B1C2
:109A9000FFE71798B0F5800F0BD0FFE71798B0F5E8
:109AA000000F0DD0FFE71798B0F5400F09D009E07F
:109AB0000CE02B98303006F08FFF8DF8A30005E006
:109AC00004E003E001208DF8A300FFE79DF8A30068
:109AD00068B9FFE740F6E441C4F20241086820F4A7
:109AE00040002B9AD2F89C201043086004E09DF8B7
:109AF000A3008DF8A200FFE7FFE72B988078C0074E
:109B0000A0B3FFE72B98D0F8A000169050B1FFE764
:109B10001698B0F1807F06D0FFE71698B0F1007F6D
:109B200008D008E00BE02B98303006F055FF8DF898
:109B3000A30004E003E001208DF8A300FFE79DF8F7
:109B4000A30068B9FFE740F6E441C4F202410868A7
:109B500020F040702B9AD2F8A0201043086004E057
:109B60009DF8A3008DF8A200FFE7FFE72B9840794E
:109B70000007002811D5FFE7FFE740F61C41C4F2BB
:109B80000241086820F4004008602B98D0F80421B6
:109B9000086810430860FFE7FFE72B98807880078C
:109BA00000284CD5FFE72B98D0F8A4001590C8B139
:109BB000FFE71598B0F5807F15D0FFE71598B0F551
:109BC000007F17D0FFE71598B0F5407F19D0FFE769
:109BD0001598B0F5806F15D0FFE71598B0F5A06F18
:109BE00011D011E014E02B98083006F03FFE8DF8FC
:109BF000A3000DE02B98303006F0EEFE8DF8A300A8
:109C000006E005E004E003E001208DF8A300FFE793
:109C10009DF8A30068B9FFE740F6DC41C4F20241B9
:109C2000086820F4E0602B9AD2F8A4201043086062
:109C300004E09DF8A3008DF8A200FFE7FFE72B9852
:109C40008078400700284CD5FFE72B98D0F8A80073
:109C50001490C8B1FFE71498B0F5805F15D0FFE706
:109C60001498B0F5005F17D0FFE71498B0F5405F87
:109C700019D0FFE71498B0F5804F15D0FFE714987E
:109C8000B0F5A04F11D011E014E02B98083006F089
:109C9000EDFD8DF8A3000DE02B98303006F09CFE12
:109CA0008DF8A30006E005E004E003E001208DF854
:109CB000A300FFE79DF8A30068B9FFE740F6DC4189
:109CC000C4F20241086820F4E0402B9AD2F8A820A0
:109CD0001043086004E09DF8A3008DF8A200FFE7A0
:109CE000FFE72B980079800600284CD5FFE72B98DA
:109CF000D0F8AC001390C8B1FFE71398B0F5803FDF
:109D000015D0FFE71398B0F5003F17D0FFE7139881
:109D1000B0F5403F19D0FFE71398B0F5802F15D06C
:109D2000FFE71398B0F5A02F11D011E014E02B98A5
:109D3000083006F09BFD8DF8A3000DE02B98303025
:109D400006F04AFE8DF8A30006E005E004E003E01B
:109D500001208DF8A300FFE79DF8A30068B9FFE795
:109D600040F6DC41C4F20241086820F4E0202B9A5E
:109D7000D2F8AC201043086004E09DF8A3008DF8F1
:109D8000A200FFE7FFE72B980079400600284CD59A
:109D9000FFE72B98D0F8B0001290C8B1FFE71298F7
:109DA000B0F5801F15D0FFE71298B0F5001F17D04F
:109DB000FFE71298B0F5401F19D0FFE71298B0F5F1
:109DC000800F15D0FFE71298B0F5A00F11D011E069
:109DD00014E02B98083006F049FD8DF8A3000DE043
:109DE0002B98303006F0F8FD8DF8A30006E005E072
:109DF00004E003E001208DF8A300FFE79DF8A30035
:109E000068B9FFE740F6DC41C4F20241086820F47B
:109E1000E0002B9AD2F8B0201043086004E09DF8CF
:109E2000A3008DF8A200FFE7FFE72B98007900065A
:109E300000284CD5FFE72B98D0F8B4001190C8B19A
:109E4000FFE71198B0F1807F15D0FFE71198B0F1CE
:109E5000007F17D0FFE71198B0F1407F19D0FFE7DE
:109E60001198B0F1806F15D0FFE71198B0F1A06F95
:109E700011D011E014E02B98083006F0F7FC8DF8B3
:109E8000A3000DE02B98303006F0A6FD8DF8A3005E
:109E900006E005E004E003E001208DF8A300FFE701
:109EA0009DF8A30068B9FFE740F6DC41C4F2024127
:109EB000086820F0E0602B9AD2F8B42010430860C4
:109EC00004E09DF8A3008DF8A200FFE7FFE72B98C0
:109ED0004079C00700284CD0FFE72B98D0F8B80095
:109EE0001090C8B1FFE71098B0F1805F15D0FFE780
:109EF0001098B0F1005F17D0FFE71098B0F1405F05
:109F000019D0FFE71098B0F1804F15D0FFE71098F7
:109F1000B0F1A04F11D011E014E02B98083006F0FA
:109F2000A5FC8DF8A3000DE02B98303006F054FD11
:109F30008DF8A30006E005E004E003E001208DF8C1
:109F4000A300FFE79DF8A30068B9FFE740F6DC41F6
:109F5000C4F20241086820F0E0402B9AD2F8B82001
:109F60001043086004E09DF8A3008DF8A200FFE70D
:109F7000FFE72B988078000700284ED5FFE72B9845
:109F8000D0F8C0000F90A0B1FFE70F98B0F5803F68
:109F900018D0FFE70F98B0F5003F1AD0FFE70F98F1
:109FA000B0F5403F1CD0FFE70F98B0F5802F18D0D8
:109FB00018E040F62841C4F20241086840F400303D
:109FC000086013E02B98083006F050FC8DF8A300D1
:109FD0000CE02B98303006F0FFFC8DF8A30005E074
:109FE00004E003E001208DF8A300FFE79DF8A30043
:109FF00068B9FFE740F6E841C4F20241086820F47E
:10A00000E0202B9AD2F8C0201043086004E09DF8AD
:10A01000A3008DF8A200FFE7FFE72B988078C00629
:10A0200000284DD5FFE72B98D0F8C4000E90A0B1C2
:10A03000FFE70E98B0F5002F18D0FFE70E98B0F5A7
:10A04000801F1AD0FFE70E98B0F5C01F1CD0FFE7A5
:10A050000E98B0F5001F17D017E040F62841C4F263
:10A060000241086840F40030086012E02B98083084
:10A0700006F0FCFB8DF8A3000BE02B98303006F0C7
:10A08000ABFC8DF8A30004E003E001208DF8A300F1
:10A09000FFE79DF8A30068B9FFE740F6E841C4F286
:10A0A0000241086820F460102B9AD2F8C4201043B3
:10A0B000086004E09DF8A3008DF8A200FFE7FFE729
:10A0C0002B9880788006002834D5FFE72B98D0F8AD
:10A0D000D4000D90022809D3FFE70D98022806D07E
:10A0E000FFE70D980338032808D308E00BE02B980E
:10A0F000083006F0BBFB8DF8A30004E003E001206C
:10A100008DF8A300FFE79DF8A30068B9FFE740F6CC
:10A11000E841C4F20241086820F007002B9AD2F807
:10A12000D4201043086004E09DF8A3008DF8A2003D
:10A13000FFE7FFE72B9840798007002827D5FFE746
:10A140002B98D0F8D8000C9020B1FFE70C98082885
:10A1500001D001E004E003E001208DF8A300FFE757
:10A160009DF8A30068B9FFE740F6E841C4F2024158
:10A17000086820F008002B9AD2F8D8201043086015
:10A1800004E09DF8A3008DF8A200FFE7FFE72B98FD
:10A19000C0788007002840F1B580FFE740F6240131
:10A1A000C4F20241086840F001000860FBF7DAFCE5
:10A1B0002990FFE740F62400C4F202400068C0077F
:10A1C00060B9FFE7FBF7CEFC2999401A032804D3B6
:10A1D000FFE703208DF8A30000E0EBE79DF8A30064
:10A1E000002840F08980FFE740F6F040C4F20240CA
:10A1F000006800F440702A902A98D0B1FFE72A98AE
:10A200002B99D1F8F810884213D0FFE740F6F041BF
:10A21000C4F20241086820F440702A90086840F4B3
:10A2200080300860086820F4803008602A98086050
:10A23000FFE79DF8A800C007E0B1FFE7FBF792FC3D
:10A240002990FFE740F6F040C4F202400068800722
:10A2500000280ED4FFE7FBF785FC2999401A41F24C
:10A260008931884204D3FFE703208DF8A30000E082
:10A27000E8E7FFE79DF8A300C0BBFFE7FFE72B98E7
:10A28000D0F8F80000F44070B0F5407F13D1FFE73C
:10A2900040F61C41C4F20241086820F47C502B9A1D
:10A2A000D2F8F8204FF6F043C0F6FF731A4040EAA8
:10A2B0001210086008E040F61C41C4F20241086830
:10A2C00020F47C500860FFE740F6F041C4F2024100
:10A2D000086820F4407008602B98D0F8F8206FF3DD
:10A2E0001F32086810430860FFE704E09DF8A300F0
:10A2F0008DF8A200FFE704E09DF8A3008DF8A2000E
:10A30000FFE7FFE72B98C0784007002839D5FFE723
:10A310002B98D0F8C8000B9060B1FFE70B9810287D
:10A3200009D0FFE70B9820280ED0FFE70B983028C4
:10A330000BD00BE00EE040F62841C4F20241086861
:10A3400040F40030086005E004E003E001208DF8EF
:10A35000A300FFE79DF8A30068B9FFE740F6E841D6
:10A36000C4F20241086820F030002B9AD2F8C820CD
:10A370001043086004E09DF8A3008DF8A200FFE7F9
:10A38000FFE72B9880784006002835D5FFE72B980B
:10A39000D0F8CC000A9020B1FFE70A98402809D0F5
:10A3A0000FE040F62841C4F20241086840F4003052
:10A3B00008600AE02B98083006F058FA8DF8A300E0
:10A3C00003E001208DF8A300FFE79DF8A30068B922
:10A3D000FFE740F6E441C4F20241086820F0400083
:10A3E0002B9AD2F8CC201043086004E09DF8A3001B
:10A3F0008DF8A200FFE7FFE72B9880780006002881
:10A4000035D5FFE72B98D0F8D000099020B1FFE7B1
:10A410000998802809D00FE040F62841C4F2024193
:10A42000086840F4003008600AE02B98083006F015
:10A430001DFA8DF8A30003E001208DF8A300FFE7CB
:10A440009DF8A30068B9FFE740F6E441C4F2024179
:10A45000086820F080002B9AD2F8D02010430860C2
:10A4600004E09DF8A3008DF8A200FFE7FFE72B981A
:10A47000C0780007002840D5FFE72B98D0F8E0000F
:10A48000089004281ED80899DFE801F0030C131A7D
:10A490001B0040F62841C4F20241086840F4003035
:10A4A000086013E02B98083006F0E0F98DF8A3005F
:10A4B0000CE02B98303006F08FFA8DF8A30005E001
:10A4C00004E003E001208DF8A300FFE79DF8A3005E
:10A4D00068B9FFE740F6E041C4F20241086820F0A5
:10A4E00007002B9AD2F8E0201043086004E09DF8A2
:10A4F000A3008DF8A200FFE7FFE72B98C078C00605
:10A50000002840F14F80FFE72B98D0F8E400079037
:10A5100020282CD80799DFE801F0112A2A2A2A2AB4
:10A520002A2A1A2A2A2A2A2A2A2A212A2A2A2A2AA4
:10A530002A2A282A2A2A2A2A2A2A290040F62841B1
:10A54000C4F20241086840F40030086013E02B9820
:10A55000083006F08BF98DF8A3000CE02B98303012
:10A5600006F03AFA8DF8A30005E004E003E00120CC
:10A570008DF8A300FFE79DF8A30068B9FFE740F658
:10A58000E041C4F20241086820F038002B9AD2F86A
:10A59000E4201043086004E09DF8A3008DF8A200B9
:10A5A000FFE7FFE72B98C078800600284BD5FFE730
:10A5B0002B98D0F8E800069088B1FFE7069840286D
:10A5C00016D0FFE70698802819D0FFE70698C02824
:10A5D0001CD0FFE70698B0F5807F18D018E040F651
:10A5E0002841C4F20241086840F40030086013E0DA
:10A5F0002B98083006F03AF98DF8A3000CE02B9860
:10A60000303006F0E9F98DF8A30005E004E003E03E
:10A6100001208DF8A300FFE79DF8A30068B9FFE7CC
:10A6200040F6E041C4F20241086820F4E0702B9A41
:10A63000D2F8E8201043086004E09DF8A3008DF8EC
:10A64000A200FFE7FFE72B98C078400600284CD512
:10A65000FFE72B98D0F8EC000590C8B1FFE705980C
:10A66000B0F5007F15D0FFE70598B0F5806F17D0E3
:10A67000FFE70598B0F5C06F19D0FFE70598B0F572
:10A68000006F15D0FFE70598B0F5206F11D011E0ED
:10A6900014E02B98083006F0E9F88DF8A3000DE0DF
:10A6A0002B98303006F098F98DF8A30006E005E00D
:10A6B00004E003E001208DF8A300FFE79DF8A3006C
:10A6C00068B9FFE740F6E041C4F20241086820F4AF
:10A6D00060602B9AD2F8EC201043086004E09DF8EB
:10A6E000A3008DF8A200FFE7FFE72B98C0780006D3
:10A6F00000284CD5FFE72B98D0F8F0000490C8B1A3
:10A70000FFE70498B0F5805F15D0FFE70498B0F537
:10A71000005F17D0FFE70498B0F5405F19D0FFE75E
:10A720000498B0F5804F15D0FFE70498B0F5A04F1E
:10A7300011D011E014E02B98083006F097F88DF84E
:10A74000A3000DE02B98303006F046F98DF8A300F9
:10A7500006E005E004E003E001208DF8A300FFE738
:10A760009DF8A30068B9FFE740F6E041C4F202415A
:10A77000086820F4E0402B9AD2F8F02010430860DB
:10A7800004E09DF8A3008DF8A200FFE7FFE72B98F7
:10A790000079C00700284CD0FFE72B98D0F8F400D0
:10A7A0000390C8B1FFE70398B0F5004F15D0FFE75D
:10A7B0000398B0F5803F17D0FFE70398B0F5C03F8E
:10A7C00019D0FFE70398B0F5003F15D0FFE70398D5
:10A7D000B0F5203F11D011E014E02B98083006F0BE
:10A7E00045F88DF8A3000DE02B98303006F0F4F812
:10A7F0008DF8A30006E005E004E003E001208DF8F9
:10A80000A300FFE79DF8A30068B9FFE740F6E04129
:10A81000C4F20241086820F460302B9AD2F8F42088
:10A820001043086004E09DF8A3008DF8A200FFE744
:10A83000FFE72B9800798007002838D5FFE72B9891
:10A84000D0F8DC000290032816D80299DFE801F066
:10A8500002030C1314E040F62841C4F202410868D8
:10A8600040F4003008600BE02B98083005F0FEFF44
:10A870008DF8A30004E003E001208DF8A300FFE7BA
:10A880009DF8A30068B9FFE740F6E441C4F2024135
:10A89000086820F003002B9AD2F8DC2010430860EF
:10A8A00004E09DF8A3008DF8A200FFE7FFE72B98D6
:10A8B0000079400700283CD5FFE72B98D0F8BC0072
:10A8C000019050B1FFE70198B0F5807F06D0FFE717
:10A8D0000198B0F5007F0AD010E013E040F628415F
:10A8E000C4F20241086840F4003008600AE02B9886
:10A8F000083005F0BBFF8DF8A30003E001208DF8C0
:10A90000A300FFE79DF8A30068B9FFE740F6E84120
:10A91000C4F20241086820F440702B9AD2F8BC209F
:10A920001043086004E09DF8A3008DF8A200FFE743
:10A93000FFE72B980079C00600283BD5FFE72B984E
:10A94000D0F800010090102808D0FFE700982028D8
:10A950000DD0FFE70098302810D010E040F62841D5
:10A96000C4F20241086840F4003008600BE02B9804
:10A97000303006F031F88DF8A30004E003E0012048
:10A980008DF8A300FFE79DF8A30068B9FFE740F644
:10A99000E441C4F20241086820F030002B9AD2F85A
:10A9A00000211043086004E09DF8A3008DF8A20088
:10A9B000FFE7FFE72B980079000700280DD5FFE798
:10A9C00040F6E841C4F20241086820F0C0002B9A2A
:10A9D000D2F8FC2010430860FFE79DF8A2002CB0DD
:10A9E00080BD000080B586B004900391049820B922
:10A9F000FFE701208DF817003AE2039842F20001C8
:10AA0000C4F20201096801F00F01884216D9FFE77C
:10AA100042F20000C4F20200016821F00F01039A23
:10AA200011430160006800F00F000399884204D0D0
:10AA3000FFE701208DF817001AE2FFE7049800787D
:10AA4000C00600281BD5FFE70498406940F6204166
:10AA5000C4F20241096801F4E041B0EB112F0DD9B5
:10AA6000FFE740F62041C4F20241086820F4E040CC
:10AA7000049A526940EA02200860FFE7FFE7049861
:10AA80000078000700281BD5FFE70498006940F60E
:10AA90002041C4F20241096801F4E061B0EB111FEA
:10AAA0000DD9FFE740F62041C4F20241086820F4C6
:10AAB000E060049A126940EA02100860FFE7FFE7CD
:10AAC000049800784007002819D5FFE70498C0686B
:10AAD00040F62041C4F20241096801F07001884249
:10AAE0000CD9FFE740F62041C4F20241086820F08B
:10AAF0007000049AD26810430860FFE7FFE70498EB
:10AB000000788007002819D5FFE70498806840F690
:10AB10002041C4F20241096801F00F0188420CD9BA
:10AB2000FFE740F62041C4F20241086820F00F0020
:10AB3000049A926810430860FFE7FFE704980078E2
:10AB4000C007002800F0D180FFE704984068032880
:10AB50000ED1FFE740F60040C4F2024000688001D9
:10AB6000002804D4FFE701208DF8170080E135E0CC
:10AB70000498406802280ED1FFE740F60040C4F276
:10AB8000024000688003002804D4FFE701208DF80C
:10AB900017006DE121E00498406801280ED1FFE71D
:10ABA00040F60040C4F2024000688005002804D44A
:10ABB000FFE701208DF817005AE10DE040F6004054
:10ABC000C4F2024000688007002804D4FFE7012097
:10ABD0008DF817004CE1FFE7FFE7FFE740F61C4167
:10ABE000C4F20241086820F00300049A526810433E
:10ABF0000860FAF7B7FF01900498406803281AD15B
:10AC0000FFE7FFE740F61C40C4F20240006800F096
:10AC1000180018280ED0FFE7FAF7A4FF0199401A90
:10AC200041F28931884204D3FFE703208DF81700F1
:10AC30001EE1E7E758E00498406802281AD1FFE7D0
:10AC4000FFE740F61C40C4F20240006800F0180024
:10AC500010280ED0FFE7FAF785FF0199401A41F25C
:10AC60008931884204D3FFE703208DF81700FFE005
:10AC7000E7E738E00498406801281AD1FFE7FFE7CA
:10AC800040F61C40C4F20240006800F0180008289A
:10AC90000ED0FFE7FAF766FF0199401A41F28931B9
:10ACA000884204D3FFE703208DF81700E0E0E7E7D0
:10ACB00018E0FFE740F61C40C4F20240006810F0C4
:10ACC000180F0ED0FFE7FAF74DFF0199401A41F235
:10ACD0008931884204D3FFE703208DF81700C7E0CD
:10ACE000E8E7FFE7FFE7FFE7FFE704980078800762
:10ACF000002819D5FFE70498806840F62041C4F287
:10AD00000241096801F00F0188420CD2FFE740F6CA
:10AD10002041C4F20241086820F00F00049A9268B2
:10AD200010430860FFE7FFE7039842F20001C4F216
:10AD30000201096801F00F01884216D2FFE742F2D2
:10AD40000000C4F20200016821F00F01039A1143D0
:10AD50000160006800F00F000399884204D0FFE70B
:10AD600001208DF8170083E0FFE704980078400782
:10AD7000002819D5FFE70498C06840F62041C4F2C6
:10AD80000241096801F0700188420CD2FFE740F6E9
:10AD90002041C4F20241086820F07000049AD26891
:10ADA00010430860FFE7FFE70498007800070028D9
:10ADB0001BD5FFE70498006940F62041C4F2024128
:10ADC000096801F4E061B0EB111F0DD2FFE740F616
:10ADD0002041C4F20241086820F4E060049A12693C
:10ADE00040EA02100860FFE7FFE704980078C00619
:10ADF00000281BD5FFE70498406940F62041C4F2C3
:10AE00000241096801F4E041B0EB112F0DD2FFE7D8
:10AE100040F62041C4F20241086820F4E040049A60
:10AE2000526940EA02200860FFE7FFE700F07AF885
:10AE300040F62041C4F20241096801F00F0249F6D0
:10AE4000B011C0F60101895CC84040F22801C2F28D
:10AE50000001086040F23840C2F200000068FAF7D2
:10AE6000EFFE8DF80B009DF80B008DF81700FFE743
:10AE70009DF8170006B080BD80B500F053F840F68D
:10AE80002041C4F20241096801F00F0249F6B011F5
:10AE9000C0F60101895C01F01F0120FA01F140F2C6
:10AEA0002800C2F200000160006880BD80B5FFF795
:10AEB000E3FF40F62041C4F202410968C1F30212E7
:10AEC00049F6C011C0F60101895C01F01F01C840BC
:10AED00080BD000080B5FFF7CFFF40F62041C4F2EF
:10AEE00002410968C1F3022249F6C011C0F601010E
:10AEF000895C01F01F01C84080BD000080B5FFF7EC
:10AF0000BBFF40F62041C4F202410968C1F302329E
:10AF100049F6C011C0F60101895C01F01F01C8406B
:10AF200080BD000089B040F61C40C4F202400068B9
:10AF300000F01800082806D1FFE740F60010C0F224
:10AF40003D00049048E140F61C40C4F20240006815
:10AF500010F0180F21D1FFE740F60040C4F2024084
:10AF6000006800F020010020B0EB511F0ED0FFE779
:10AF700040F60040C4F202400068C0F3C10149F24B
:10AF80000000C0F2D030C840049005E049F2000053
:10AF9000C0F2D0300490FFE71DE140F61C40C4F23F
:10AFA0000240006800F01800102806D1FFE747F6BD
:10AFB0004000C0F27D1004900CE140F61C40C4F249
:10AFC0000240006800F01800182840F0FC80FFE7FD
:10AFD00040F62840C4F20240016801F003010891E4
:10AFE0000168C1F3052106910068C0F300100590C7
:10AFF000059840F63841C4F20241096889B2C9088F
:10B0000000FB01F000EE100AB8EE400A8DED020AD6
:10B010000698002800F0D380FFE7089800900128E8
:10B0200009D0FFE70098022800F08D80FFE7009824
:10B03000032864D088E040F60040C4F20240006873
:10B0400000F020010020B0EB511F33D0FFE740F6A5
:10B050000040C4F202400068C0F3C10149F20000A0
:10B06000C0F2D030C84003909DED030AB8EE400A0C
:10B070009DED061AB8EE411A80EE010A40F6344002
:10B08000C4F2024000686FF35F2001EE100AB8EED0
:10B09000411A9DED022A9FED533A22EE032A31EE2A
:10B0A000021AB7EE002A31EE021A20EE010A8DEDE7
:10B0B000010A23E09DED060AB8EE401A9FED4A0A08
:10B0C00080EE010A40F63440C4F2024000686FF39B
:10B0D0005F2001EE100AB8EE411A9DED022A9FEDA5
:10B0E000413A22EE032A31EE021AB7EE002A31EE7F
:10B0F000021A20EE010A8DED010AFFE748E09DEDFE
:10B10000060AB8EE401A9FED360A80EE010A40F6B4
:10B110003440C4F2024000686FF35F2001EE100A71
:10B12000B8EE411A9DED022A9FED2E3A22EE032A37
:10B1300031EE021AB7EE002A31EE021A20EE010AB1
:10B140008DED010A24E0FFE79DED060AB8EE401AF6
:10B150009FED260A80EE010A40F63440C4F2024018
:10B1600000686FF35F2001EE100AB8EE411A9DED02
:10B17000022A9FED1C3A22EE032A31EE021AB7EEA4
:10B18000002A31EE021A20EE010A8DED010AFFE7D6
:10B1900040F63440C4F20240006881B2012000EB66
:10B1A000512007909DED010A9DED071AB8EE411A56
:10B1B00080EE010ABCEEC00A8DED040A02E0002018
:10B1C0000490FFE705E049F20000C0F2D03004909F
:10B1D000FFE7FFE7FFE7FFE7049809B0704700BF0C
:10B1E00020BCBE4B000000390024744C0024744A7B
:10B1F00080B588B00690069828B9FFE701208DF841
:10B200001F0000F0EFBC40F61C40C4F20240006892
:10B2100000F01800049040F62840C4F20240006894
:10B2200000F00300039006980078C006002840F163
:10B230008080FFE70498082808D0FFE704981828C2
:10B240001DD1FFE70398022819D1FFE70698C069CE
:10B2500028B9FFE701208DF81F0000F0C3BCFFE70D
:10B2600040F61841C4F20241086820F47C10069AA6
:10B27000126A40EA02400860FFE7FFE758E00698DC
:10B28000C06988B3FFE740F60041C4F20241086894
:10B2900040F480700860FAF765FC0590FFE740F61F
:10B2A0000040C4F202400068800500280DD4FFE78A
:10B2B000FAF758FC0599401A032805D3FFE7032045
:10B2C0008DF81F0000F08EBCE9E7FFE740F618415B
:10B2D000C4F20241086820F47C10069A126A40EA1F
:10B2E00002400860FFE722E040F60041C4F202415C
:10B2F000086820F480700860FAF734FC0590FFE7D6
:10B3000040F60040C4F202400068800500280DD5D8
:10B31000FFE7FAF727FC0599401A032805D3FFE752
:10B3200003208DF81F0000F05DBCE9E7FFE7FFE7B1
:10B33000FFE706980078C007002800F0B980FFE713
:10B340000498102808D0FFE7049818280ED1FFE7CA
:10B35000039803280AD1FFE70698406828B9FFE759
:10B3600001208DF81F0000F03DBCA0E0FFE706982B
:10B370004068B0F5803F09D1FFE740F60041C4F2D4
:10B380000241086840F48030086056E00698406842
:10B3900088B9FFE740F60041C4F20241086820F492
:10B3A00080300860086820F480100860086820F485
:10B3B0008020086040E006984068B0F5A02F11D1C9
:10B3C000FFE740F60041C4F20241086840F48020E3
:10B3D0000860086820F480100860086840F4803035
:10B3E000086028E006984068B0F5A81F11D1FFE773
:10B3F00040F60041C4F20241086840F48020086031
:10B40000086840F480100860086840F480300860E4
:10B4100010E040F60041C4F20241086820F4803098
:10B420000860086820F480200860086820F4801014
:10B430000860FFE7FFE7FFE7FFE7FFE706984068E0
:10B44000D0B1FFE7FAF78EFB0590FFE740F600402A
:10B45000C4F202400068800300280CD4FFE7FAF72A
:10B4600081FB0599401A652804D3FFE703208DF876
:10B470001F00B7E3EAE719E0FAF774FB0590FFE76E
:10B4800040F60040C4F202400068800300280CD55A
:10B49000FFE7FAF767FB0599401A652804D3FFE731
:10B4A00003208DF81F009DE3EAE7FFE7FFE7FFE7D2
:10B4B000069800788007002840F1C380FFE70498D1
:10B4C00040B1FFE7049818285ED1FFE703980128F0
:10B4D0005AD1FFE70698C06820B9FFE701208DF830
:10B4E0001F007FE3049840BBFFE740F60040C4F232
:10B4F0000240006800F018000699096988421BD0D4
:10B50000FFE740F60041C4F20241086820F018004D
:10B51000069A126910430860FFF7AEFC40F238400B
:10B52000C2F200000068FAF78BFB20B1FFE70120B0
:10B530008DF81F0056E3FFE7FFE7FAF713FB0590CE
:10B54000FFE740F60040C4F2024000688007002890
:10B550000CD4FFE7FAF706FB0599401A032804D339
:10B56000FFE703208DF81F003CE3EAE740F61041B7
:10B57000C4F20241086820F4FE00069A526940EACB
:10B5800002400860FFE75BE00698C068A8B3FFE7E9
:10B5900040F60041C4F20241086820F01800069A03
:10B5A000126910430860086840F001000860FAF76B
:10B5B000D9FA0590FFE740F60040C4F20240006867
:10B5C000800700280CD4FFE7FAF7CCFA0599401A57
:10B5D000032804D3FFE703208DF81F0002E3EAE706
:10B5E00040F61041C4F20241086820F4FE00069AB9
:10B5F000526940EA0240086021E040F60041C4F28E
:10B600000241086820F001000860FAF7ABFA0590E3
:10B61000FFE740F60040C4F20240006880070028BF
:10B620000CD5FFE7FAF79EFA0599401A032804D3D0
:10B63000FFE703208DF81F00D4E2EAE7FFE7FFE70A
:10B64000FFE7069800780007002849D5FFE706982D
:10B65000806910B3FFE740F6F041C4F20241086888
:10B6600040F080600860FAF77DFA0590FFE740F649
:10B67000F040C4F202400068000100280CD4FFE74B
:10B68000FAF770FA0599401A032804D3FFE703205C
:10B690008DF81F00A6E2EAE721E040F6F041C4F28F
:10B6A0000241086820F080600860FAF75BFA0590B4
:10B6B000FFE740F6F040C4F20240006800010028B5
:10B6C0000CD5FFE7FAF74EFA0599401A032804D380
:10B6D000FFE703208DF81F0084E2EAE7FFE7FFE7BA
:10B6E000069800784007002840F1CC80FFE740F63C
:10B6F0002400C4F202400068C00708BBFFE740F620
:10B700002401C4F20241086840F001000860FAF721
:10B7100029FA0590FFE740F62400C4F202400068D1
:10B72000C00760B9FFE7FAF71DFA0599401A032828
:10B7300004D3FFE703208DF81F0053E2EBE7FFE798
:10B74000FFE706988068012809D1FFE740F6F0413D
:10B75000C4F20241086840F00100086054E0069815
:10B76000806888B9FFE740F6F041C4F202410868FA
:10B7700020F001000860086820F080000860086878
:10B7800020F0040008603EE006988068052811D18A
:10B79000FFE740F6F041C4F20241086840F00400BF
:10B7A0000860086820F080000860086840F0010028
:10B7B000086027E006988068852811D1FFE740F6E9
:10B7C000F041C4F20241086840F0040008600868D3
:10B7D00040F080000860086840F00100086010E058
:10B7E00040F6F041C4F20241086820F00100086010
:10B7F000086820F004000860086820F080000860F5
:10B80000FFE7FFE7FFE7FFE7FFE706988068E0B1A3
:10B81000FFE7FAF7A7F90590FFE740F6F040C4F21A
:10B8200002400068800700280ED4FFE7FAF79AF973
:10B830000599401A41F28931884204D3FFE7032079
:10B840008DF81F00CEE1E8E71BE0FAF78BF90590D1
:10B85000FFE740F6F040C4F202400068800700288D
:10B860000ED5FFE7FAF77EF90599401A41F28931C2
:10B87000884204D3FFE703208DF81F00B2E1E8E718
:10B88000FFE7FFE7069800788006002849D5FFE724
:10B890000698406A10B3FFE740F60041C4F2024147
:10B8A000086840F480500860FAF75CF90590FFE7FB
:10B8B00040F60040C4F202400068800400280CD426
:10B8C000FFE7FAF74FF90599401A032804D3FFE779
:10B8D00003208DF81F0085E1EAE721E040F60041F2
:10B8E000C4F20241086820F480500860FAF73AF97F
:10B8F0000590FFE740F60040C4F202400068800473
:10B9000000280CD5FFE7FAF72DF90599401A03280E
:10B9100004D3FFE703208DF81F0063E1EAE7FFE7A8
:10B92000FFE70698806A002800F05881FFE7049836
:10B93000182800F0D580FFE70698806A022840F0BA
:10B94000A180FFE740F60041C4F20241086820F000
:10B9500080700860FAF706F90590FFE740F60040AE
:10B96000C4F202400068800100280CD5FFE7FAF716
:10B97000F9F80599401A032804D3FFE703208DF84E
:10B980001F002FE1EAE7FFE740F62841C4F2024139
:10B99000086843F603729043069BDA6A1B6B42EA1F
:10B9A0000322104308600699486BD1F838C0CB6B6E
:10B9B0000A6C01386FF35F204FF60061CFF6FF711C
:10B9C00001EB4C2189B208440021CFF6FF7101EB55
:10B9D000034101F4FE0108444FF07F4101EB026195
:10B9E00001F0FE41084440F63441C4F202410860CF
:10B9F000FFE740F62841C4F202410091086820F0B8
:10BA0000100008600698C06CC00040F63842C4F2CE
:10BA100002421060086840F010000860086820F0DA
:10BA20000C00069A526C10430860086820F0200051
:10BA3000069A926C10430860086840F480300860F1
:10BA400040F60041C4F20241086840F0807008608E
:10BA5000FAF788F80590FFE740F60040C4F202408C
:10BA60000068800100280CD4FFE7FAF77BF80599FD
:10BA7000401A032804D3FFE703208DF81F00B1E02C
:10BA8000EAE72CE040F60041C4F20241086820F0E9
:10BA900080700860FAF766F80590FFE740F600400E
:10BAA000C4F202400068800100280CD5FFE7FAF7D5
:10BAB00059F80599401A032804D3FFE703208DF8AD
:10BAC0001F008FE0EAE740F62841C4F2024108680F
:10BAD0004FF6FC72CFF6F87210400860FFE77CE08A
:10BAE00040F62840C4F202400068029040F634401C
:10BAF000C4F20240006801900698806A012837D09D
:10BB0000FFE7029800F003000699C96A88422FD126
:10BB1000FFE7029800F47C510698006BB0EB112F00
:10BB200026D1FFE701986FF35F200699496B013931
:10BB300088421DD1FFE7BDF804100698806B0138DC
:10BB4000B0EB512F14D1FFE7019800F4FE010698E5
:10BB5000C06B0138B0EB114F0AD1FFE7019800F03C
:10BB6000FE410698006C0138B0EB116F04D0FFE77E
:10BB700001208DF81F0035E040F63840C4F2024045
:10BB8000006881B20698C06CB0EBD10F24D0FFE7FB
:10BB900040F62841C4F20241086820F01000086015
:10BBA000F9F7E0FF0590FFE7F9F7DCFF0599401A88
:10BBB00008B9FFE7F8E70698C06CC00040F63841C6
:10BBC000C4F20241086040F62841C4F2024108680C
:10BBD00040F010000860FFE7FFE7FFE700208DF866
:10BBE0001F00FFE79DF81F0008B080BD80B586B03C
:10BBF0000490049820B9FFE701208DF81700B5E103
:10BC00000498006844F60041C4F2010188422DD036
:10BC1000FFE70498006844F60041C5F2010188423C
:10BC200024D0FFE70498006842F20001C4F200410A
:10BC300088421BD0FFE70498006842F20001C5F279
:10BC40000041884212D0FFE70498006845F20001E5
:10BC5000C4F20101884209D0FFE70498006845F268
:10BC60000001C5F20101884201D1FFE700E0FFE7D2
:10BC70000498406A08B9FFE7FFE70499002088624A
:10BC80000498006844F60041C4F2010188422DD0B6
:10BC9000FFE70498006844F60041C5F201018842BC
:10BCA00024D0FFE70498006842F20001C4F200418A
:10BCB00088421BD0FFE70498006842F20001C5F2F9
:10BCC0000041884212D0FFE70498006845F2000165
:10BCD000C4F20101884209D0FFE70498006845F2E8
:10BCE0000001C5F20101884209D1FFE70498C0684C
:10BCF000102804D3FFE701208DF8170036E10498DF
:10BD000005F03EF902900498006844F60041C4F240
:10BD1000010188422DD0FFE70498006844F60041F5
:10BD2000C5F20101884224D0FFE70498006842F27E
:10BD30000001C4F2004188421BD0FFE7049800686C
:10BD400042F20001C5F20041884212D0FFE7049898
:10BD5000006845F20001C4F20101884209D0FFE702
:10BD60000498006845F20001C5F20101884204D13F
:10BD7000FFE7029808283AD8FFE70498006843F2E2
:10BD80000001C4F2010188422DD0FFE70498006849
:10BD900043F20001C5F20101884224D0FFE7049874
:10BDA000006843F60001C4F2000188421BD0FFE79F
:10BDB0000498006843F60001C5F20001884212D0E1
:10BDC000FFE70498006843F60041C4F2000188428E
:10BDD00009D0FFE70498006843F60041C5F200016E
:10BDE000884208D1FFE70298112804D3FFE7012019
:10BDF0008DF81700BAE0049890F8890040B9FFE781
:10BE00000499002081F88800049800F0B3F8FFE757
:10BE10000499022081F8890004980168086820F0DC
:10BE20000100086004980068806800F4F81003902E
:10BE300004988069B0F1806F1BD1FFE704984068D7
:10BE4000B0F5800F04D1FFE70498806B50B1FFE795
:10BE50000498406868B9FFE70498806BB0F1805F90
:10BE600007D1FFE704980168086840F48050086033
:10BE7000FFE7049880794006002810D5FFE7049872
:10BE8000C06807280BD3FFE704980068006820F417
:10BE90008070049A1168126D1043086006E00498DF
:10BEA0000168086820F480700860FFE7049B196847
:10BEB000DA68D869D3F828C040EA0C00DDF80CC075
:10BEC00040EA0C00DB6B184310438860049A01922F
:10BED000506B516A0843916B08439169084311689C
:10BEE000D2F804C09368D2F810E040EA0E00D2F80D
:10BEF00014E040EA0E00D2F820E040EA0E0040EAEA
:10BF00000C00D2F84CC040EA0C001843936C184364
:10BF1000936D1843D36D1843126E1043C860049894
:10BF2000406808B9FFE7FFE704980168086D20F052
:10BF30000100086504988079400600280BD5FFE7CA
:10BF400004980068C06820F00040049A1168526D9F
:10BF50001043C860FFE704990020C1F88C00049AE0
:10BF6000012182F889108DF81700FFE79DF817006E
:10BF700006B080BD80B5D4B053900020529051904F
:10BF800050904F904E900CA84FF48471F4F7C6F97E
:10BF90005398006843F20001C4F2010188423CD189
:10BFA000FFE700200D904FF000610C9144900CA829
:10BFB000FDF7A0F818B1FFE7F6F73EFFFFE7FFE750
:10BFC00040F6A440C4F20240016841F4805101608F
:10BFD000006800F480500B900B98FFE7FFE740F6F5
:10BFE0008C40C4F20240016841F001010160006828
:10BFF00000F001000A900A98FFE7E0204E9002202E
:10C000004F90002050905190052052900020C4F293
:10C0100002204EA9F9F702FCDCE05398006843F6D1
:10C020000001C4F2000188423ED1FFE700200D90DC
:10C030004FF080510C9145900CA8FDF75BF818B1BA
:10C04000FFE7F6F7F9FEFFE7FFE740F69C40C4F292
:10C050000240016841F480410160006800F48040C2
:10C0600009900998FFE7FFE740F68C40C4F20240D0
:10C07000016841F002010160006800F002000890D0
:10C080000898FFE74FF460404E9002204F90012047
:10C09000509051900520529040F20040C4F202208E
:10C0A0004EA9F9F7BBFB94E05398006843F60041B2
:10C0B000C4F20001884252D1FFE700200D904FF0FA
:10C0C00000510C9146900CA8FDF714F818B1FFE749
:10C0D000F6F7B2FEFFE7FFE740F69C40C4F20240ED
:10C0E000016841F400410160006800F400400790DD
:10C0F0000798FFE7FFE740F68C40C4F20240016872
:10C1000041F004010160006800F004000690069808
:10C11000FFE74FF440604E90022000904F900120C6
:10C1200050900320519006200190529040F600005C
:10C13000C4F2022002904EA90391F9F76FFB009B15
:10C14000019A029803994FF4805CCDF838C14F935F
:10C150000023509351935292F9F760FB38E05398C3
:10C16000006844F60041C4F2010188422FD1FFE784
:10C17000FFE740F6A440C4F20240016841F4002108
:10C180000160006800F4002005900598FFE7FFE7D4
:10C1900040F68C40C4F20240016841F01001016099
:10C1A000006800F0100004900498FFE764204E90AF
:10C1B00002204F900020509051900520529041F263
:10C1C0000000C4F202204EA9F9F728FBFFE7FFE7C1
:10C1D000FFE7FFE754B080BD80B58AB008900791B3
:10C1E000ADF81A2005930898C16B012000EB51109F
:10C1F000ADF80A000898006830300190089800688F
:10C2000044F60041C4F2010188422DD0FFE70898AE
:10C21000006844F60041C5F20101884224D0FFE7DE
:10C220000898006842F20001C4F2004188421BD025
:10C23000FFE70898006842F20001C5F20041884219
:10C2400012D0FFE70898006845F20001C4F201012E
:10C25000884209D0FFE70898006845F20001C5F25E
:10C260000101884201D1FFE700E0FFE7F9F77AFC1E
:10C270000490089890F88900012804D0FFE7022074
:10C280008DF827007BE2079820B1FFE7BDF81A0080
:10C2900020B9FFE701208DF8270070E2FFE708983A
:10C2A00090F88800012804D1FFE702208DF82700CC
:10C2B00065E20899012081F88800FFE7FFE7089907
:10C2C000042081F8890008990020C1F88C000799A2
:10C2D000089AD166BDF81A10089AA2F87010BDF835
:10C2E0001A10089AA2F87210089948660899A1F8DD
:10C2F00068000899A1F86A00089988670899C867D2
:10C3000008988068B0F5C02F07D1FFE7089801684A
:10C31000086820F40060086009E008980068C068B8
:10C32000022161F3524008990968C860FFE7089844
:10C33000006840684FF6FF718843BDF81A10084442
:10C3400008990968486008980168086840F0010089
:10C35000086008984068B0F5800F07D1FFE708989B
:10C360000168086840F400700860FFE70898C0683A
:10C370001028C0F0A380FFE70898006843F200018E
:10C38000C4F2010188422DD0FFE70898006843F20B
:10C390000001C5F20101884224D0FFE70898006837
:10C3A00043F60001C4F2000188421BD0FFE7089861
:10C3B000006843F60001C5F20001884212D0FFE791
:10C3C0000898006843F60041C4F20001884209D091
:10C3D000FFE70898006843F60041C5F20001884273
:10C3E0006CD1FFE7FFE70898B0F87200002864D02E
:10C3F000FFE7089800684069039008980068406962
:10C40000C00788B1FFE708980068006B0899C96EFB
:10C4100008600899C86E0430C8660899B1F87200BF
:10C420000138A1F8720047E00898B0F87200BDF832
:10C430000A10884217DAFFE79DF80D000006002871
:10C4400011D5FFE708980068006B0899C96E08606D
:10C450000899C86E0430C8660899B1F872000138AE
:10C46000A1F8720027E0F9F77DFB0499401A0599BD
:10C47000884204D3FFE70598013018B9FFE7059813
:10C48000C0B9FFE7089804F0EFFC0899D1F88C00D8
:10C4900040F48070C1F88C000899012081F889006F
:10C4A000FFE70899002081F88800FFE703208DF856
:10C4B000270064E1FFE7FFE795E746E10898C068D9
:10C4C0000828C0F09280FFE7FFE70898B0F87200F4
:10C4D000002800F08980FFE7089800684069039011
:10C4E000089800684069C00780B1FFE7019800889C
:10C4F0000899C96E08800899C86E0230C866089904
:10C50000B1F872000138A1F872006CE00898B0F838
:10C510007200BDF80A1088421FDAFFE79DF80D008F
:10C520000006002819D5FFE7019800880899C96E10
:10C5300008800899C86E0230C8660198008808997A
:10C54000C96E08800899C86E0230C8660899B1F8AB
:10C5500072000238A1F8720044E00898B0F8720046
:10C56000012816D1FFE79DF80D008006002810D5A0
:10C57000FFE7019800880899C96E08800899C86E7D
:10C580000230C8660899B1F872000138A1F872004B
:10C5900027E0F9F7E7FA0499401A0599884204D38D
:10C5A000FFE70598013018B9FFE70598C0B9FFE724
:10C5B000089804F059FC0899D1F88C0040F4807078
:10C5C000C1F88C000899012081F88900FFE70899DB
:10C5D000002081F88800FFE703208DF82700CEE0D7
:10C5E000FFE7FFE7FFE770E7AEE0FFE70898B0F886
:10C5F0007200002800F0A780FFE7089800684069F3
:10C600000390089800684069C00790B1FFE7089858
:10C61000006890F830000899C96E08700899C86ED3
:10C620000130C8660899B1F872000138A1F87200AB
:10C6300088E00898B0F87200BDF80A10884239DA2C
:10C64000FFE79DF80D000006002833D5FFE70898A6
:10C65000006890F830000899C96E08700899C86E93
:10C660000130C8660898006890F830000899C96ED3
:10C6700008700899C86E0130C8660898006890F87C
:10C6800030000899C96E08700899C86E0130C866F4
:10C690000898006890F830000899C96E08700899E9
:10C6A000C86E0130C8660899B1F872000438A1F864
:10C6B000720046E00898B0F87200032818D8FFE727
:10C6C0009DF80D0010F0600F12D0FFE70898006889
:10C6D00090F830000899C96E08700899C86E01304A
:10C6E000C8660899B1F872000138A1F8720027E015
:10C6F000F9F738FA0499401A0599884204D3FFE7FC
:10C700000598013018B9FFE70598C0B9FFE7089808
:10C7100004F0AAFB0899D1F88C0040F48070C1F8AD
:10C720008C000899012081F88900FFE70899002012
:10C7300081F88800FFE703208DF827001FE0FFE75E
:10C74000FFE7FFE752E7FFE7FFE7089804F08CFBFD
:10C750000899012081F88900FFE70899002081F8F5
:10C760008800FFE70898D0F88C0020B1FFE701208F
:10C770008DF8270003E000208DF82700FFE79DF8E3
:10C7800027000AB080BD000080B588B006900591F2
:10C79000ADF81220039306980068203002900698A6
:10C7A000006844F60041C4F2010188422DD0FFE741
:10C7B0000698006844F60041C5F20101884224D081
:10C7C000FFE70698006842F20001C4F20041884287
:10C7D0001BD0FFE70698006842F20001C5F2004155
:10C7E000884212D0FFE70698006845F20001C4F2C3
:10C7F0000101884209D0FFE70698006845F2000170
:10C80000C5F20101884201D1FFE700E0FFE7F9F737
:10C81000A9F90190069890F88900012804D0FFE753
:10C8200002208DF81F000BE2059820B1FFE7BDF84C
:10C83000120020B9FFE701208DF81F0000E2FFE79A
:10C84000069890F88800012804D1FFE702208DF8AF
:10C850001F00F5E10699012081F88800FFE7FFE756
:10C860000699032081F8890006990020C1F88C0000
:10C870000599069A5166BDF81210069AA2F868103A
:10C88000BDF81210069AA2F86A100699C8660699B1
:10C89000A1F870000699A1F872000699C867069978
:10C8A000886706988068B0F5C02F07D1FFE7069823
:10C8B0000168086840F40060086009E006980068B4
:10C8C000C068012161F3524006990968C860FFE71A
:10C8D0000698006840684FF6FF718843BDF8121053
:10C8E000084406990968486006980168086840F09D
:10C8F0000100086006984068B0F5800F07D1FFE797
:10C9000006980168086840F400700860FFE7069820
:10C91000C06810287ED3FFE70698006843F2000144
:10C92000C4F2010188422DD0FFE70698006843F267
:10C930000001C5F20101884224D0FFE70698006893
:10C9400043F60001C4F2000188421BD0FFE70698BD
:10C95000006843F60001C5F20001884212D0FFE7EB
:10C960000698006843F60041C4F20001884209D0ED
:10C97000FFE70698006843F60041C5F200018842CF
:10C9800048D1FFE7FFE70698B0F86A00002840D0DA
:10C99000FFE70698006840698007002810D5FFE788
:10C9A00006980168406E006808620699486E043077
:10C9B00048660699B1F86A000138A1F86A0027E0D4
:10C9C000F9F7D0F80199401A0399884204D3FFE798
:10C9D0000398013018B9FFE70398C0B9FFE706983C
:10C9E00004F042FA0699D1F88C0040F48070C1F846
:10C9F0008C000699012081F88900FFE70699002044
:10CA000081F88800FFE703208DF81F0018E1FFE799
:10CA1000B9E7E8E00698C068082863D3FFE7FFE7B6
:10CA20000698B0F86A0000285BD0FFE70698006817
:10CA30004069800700282BD5FFE70698B0F86A0008
:10CA4000022814D3FFE70698C06B80B1FFE7069871
:10CA50000168406E006808620699486E04304866B6
:10CA60000699B1F86A000238A1F86A000FE006984A
:10CA7000406E0088029908800699486E0230486628
:10CA80000699B1F86A000138A1F86A00FFE727E0CB
:10CA9000F9F768F80199401A0399884204D3FFE72F
:10CAA0000398013018B9FFE70398C0B9FFE706986B
:10CAB00004F0DAF90699D1F88C0040F48070C1F8DE
:10CAC0008C000699012081F88900FFE70699002073
:10CAD00081F88800FFE703208DF81F00B0E0FFE732
:10CAE0009EE77FE0FFE70698B0F86A00002878D05C
:10CAF000FFE70698006840698007002848D5FFE7EF
:10CB00000698B0F86A00042815D3FFE70698C06BB2
:10CB1000412810D3FFE706980168406E006808625C
:10CB20000699486E043048660699B1F86A000438E0
:10CB3000A1F86A002BE00698B0F86A00022814D326
:10CB4000FFE70698C06B80B1FFE70698406E00884B
:10CB5000029908800699486E023048660699B1F835
:10CB60006A000238A1F86A0010E006980168406E79
:10CB7000007881F820000699486E013048660699D1
:10CB8000B1F86A000138A1F86A00FFE7FFE727E083
:10CB9000F8F7E8FF0199401A0399884204D3FFE7A8
:10CBA0000398013018B9FFE70398C0B9FFE706986A
:10CBB00004F05AF90699D1F88C0040F48070C1F85D
:10CBC0008C000699012081F88900FFE70699002072
:10CBD00081F88800FFE703208DF81F0030E0FFE7B1
:10CBE00081E7FFE7FFE70698039B01996A4611601A
:10CBF0000821002204F0DAF940B1FFE70699D1F8E4
:10CC00008C0040F02000C1F88C00FFE7069804F08B
:10CC10002BF90699012081F88900FFE70699002089
:10CC200081F88800FFE70698D0F88C0020B1FFE774
:10CC300001208DF81F0003E000208DF81F00FFE7A2
:10CC40009DF81F0008B080BD80B590B0DDF848C0E9
:10CC50000E900D910C92ADF82E300E980068203099
:10CC60000A900E980068303009900E98C16B012030
:10CC700000EB5110ADF812000E98006844F6004128
:10CC8000C4F2010188422DD0FFE70E98006844F6F7
:10CC90000041C5F20101884224D0FFE70E980068E8
:10CCA00042F20001C4F2004188421BD0FFE70E9817
:10CCB000006842F20001C5F20041884212D0FFE74D
:10CCC0000E98006845F20001C4F20101884209D0C3
:10CCD000FFE70E98006845F20001C5F201018842A5
:10CCE00001D1FFE700E0FFE7F8F73CFF0890BDF84F
:10CCF0002E00ADF81600BDF82E00ADF814000E9809
:10CD000090F88900012804D0FFE702208DF83F0049
:10CD1000A2E30D9838B1FFE70C9820B1FFE7BDF80A
:10CD20002E0020B9FFE701208DF83F0094E3FFE7D4
:10CD30000E9890F88800012804D1FFE702208DF8B2
:10CD40003F0089E30E99012081F88800FFE7FFE7A3
:10CD50000E99052081F889000E990020C1F88C00F9
:10CD60000C990E9AD166BDF82E100E9AA2F8721088
:10CD7000BDF82E100E9AA2F870100D990E9A5166F9
:10CD8000BDF82E100E9AA2F86A10BDF82E100E9A59
:10CD9000A2F868100E9988670E99C8670E98006807
:10CDA000C06820F4C0200E990968C8600E98006819
:10CDB00043F20001C4F2010188422DD0FFE70E9832
:10CDC000006843F20001C5F20101884224D0FFE768
:10CDD0000E98006843F60001C4F2000188421BD09F
:10CDE000FFE70E98006843F60001C5F20001884293
:10CDF00012D0FFE70E98006843F60041C4F200012C
:10CE0000884209D0FFE70E98006843F60041C5F25A
:10CE10000001884203D1FFE71020079002E00820BC
:10CE20000790FFE70E98006840684FF6FF7188434F
:10CE3000BDF82E1008440E99096848600E980168E4
:10CE4000086840F0010008600E984068B0F5800F57
:10CE500007D1FFE70E980168086840F40070086089
:10CE6000FFE70E98C0681028C0F0EC80FFE70E982E
:10CE7000006843F20001C4F2010188422ED0FFE7AE
:10CE80000E98006843F20001C5F20101884225D0E6
:10CE9000FFE70E98006843F60001C4F200018842E3
:10CEA0001CD0FFE70E98006843F60001C5F20001B0
:10CEB000884213D0FFE70E98006843F60041C4F2A1
:10CEC000000188420AD0FFE70E98006843F600414F
:10CED000C5F20001884240F0B580FFE7079880085E
:10CEE0000790FFE7BDF816100120039039B9FFE75E
:10CEF000BDF81400002818BF01200390FFE7039835
:10CF0000C007002800F09D80FFE70E980068406988
:10CF10008007002822D5FFE7BDF81600F0B1FFE733
:10CF2000BDF81400BDF81610079A1144884215D2B6
:10CF3000FFE70E980168406E006808620E99486E1F
:10CF4000043048660E99B1F86A000138A1F86A0009
:10CF50000E98B0F86A00ADF81600FFE70E9800686A
:10CF600040690690BDF81400002869D0FFE70E98CC
:10CF700000684069C007B0B1FFE70E980068006B19
:10CF80000E99C96E08600E99C86E0430C8660E9975
:10CF9000B1F872000138A1F872000E98B0F8720072
:10CFA000ADF814004BE0BDF81400BDF81210884233
:10CFB0001CDAFFE79DF819000006002816D5FFE7E8
:10CFC0000E980068006B0E99C96E08600E99C86EC5
:10CFD0000430C8660E99B1F872000138A1F87200E9
:10CFE0000E98B0F87200ADF8140027E0F8F7BAFD1B
:10CFF0000899401A1299884204D3FFE71298013029
:10D0000018B9FFE71298C0B9FFE70E9803F02CFF9C
:10D010000E99D1F88C0040F48070C1F88C000E9904
:10D02000012081F88900FFE70E99002081F888002F
:10D03000FFE703208DF83F000EE2FFE7FFE7FFE781
:10D0400050E7DCE10E98C0680828C0F0DE80FFE7FA
:10D05000079840080790FFE7BDF8161001200290DE
:10D0600039B9FFE7BDF81400002818BF012002906D
:10D07000FFE70298C007002800F0C680FFE70E987F
:10D08000006840698007002822D5FFE7BDF8160038
:10D09000F0B1FFE7BDF81400BDF81610079A11446F
:10D0A000884215D2FFE70E98406E00880A990880E2
:10D0B0000E99486E023048660E99B1F86A00013840
:10D0C000A1F86A000E98B0F86A00ADF81600FFE704
:10D0D0000E98006840690690BDF81400002800F022
:10D0E0009280FFE70E9800684069C007A8B1FFE78B
:10D0F000099800880E99C96E08800E99C86E023092
:10D10000C8660E99B1F872000138A1F872000E9845
:10D11000B0F87200ADF8140074E0BDF81400BDF86A
:10D120001210884224DAFFE79DF819000006002853
:10D130001ED5FFE7099800880E99C96E08800E99E0
:10D14000C86E0230C866099800880E99C96E0880BA
:10D150000E99C86E0230C8660E99B1F87200023896
:10D16000A1F872000E98B0F87200ADF8140048E013
:10D17000BDF8140001281BD1FFE79DF819008006B7
:10D18000002815D5FFE7099800880E99C96E088018
:10D190000E99C86E0230C8660E99B1F87200013857
:10D1A000A1F872000E98B0F87200ADF8140027E0F4
:10D1B000F8F7D8FC0899401A1299884204D3FFE77F
:10D1C0001298013018B9FFE71298C0B9FFE70E981E
:10D1D00003F04AFE0E99D1F88C0040F48070C1F83B
:10D1E0008C000E99012081F88900FFE70E9900203C
:10D1F00081F88800FFE703208DF83F002CE1FFE76E
:10D20000FFE7FFE7FFE727E7F8E0FFE7BDF81610C5
:10D210000120019039B9FFE7BDF81400002818BFBC
:10D2200001200190FFE70198C007002800F0E58089
:10D23000FFE70E98006840698007002823D5FFE7C4
:10D24000BDF81600F8B1FFE7BDF81400BDF81610E0
:10D25000079A1144884216D2FFE70E980168406E83
:10D26000007881F820000E99486E013048660E99CA
:10D27000B1F86A000138A1F86A000E98B0F86A00A7
:10D28000ADF81600FFE70E98006840690690BDF8FB
:10D290001400002800F0B080FFE70E980068406995
:10D2A000C007B8B1FFE70E98006890F830000E99FB
:10D2B000C96E08700E99C86E0130C8660E99B1F833
:10D2C00072000138A1F872000E98B0F87200ADF843
:10D2D000140090E0BDF81400BDF8121088423EDA48
:10D2E000FFE79DF819000006002838D5FFE70E98E3
:10D2F000006890F830000E99C96E08700E99C86EDB
:10D300000130C8660E98006890F830000E99C96E1A
:10D3100008700E99C86E0130C8660E98006890F8C3
:10D3200030000E99C96E08700E99C86E0130C8663B
:10D330000E98006890F830000E99C96E08700E992A
:10D34000C86E0130C8660E99B1F872000438A1F8B1
:10D3500072000E98B0F87200ADF814004AE0BDF803
:10D36000140003281DD8FFE79DF8190010F0600F86
:10D3700017D0FFE70E98006890F830000E99C96E3C
:10D3800008700E99C86E0130C8660E99B1F8720027
:10D390000138A1F872000E98B0F87200ADF81400D0
:10D3A00027E0F8F7DFFB0899401A1299884204D366
:10D3B000FFE71298013018B9FFE71298C0B9FFE7EC
:10D3C0000E9803F051FD0E99D1F88C0040F4807056
:10D3D000C1F88C000E99012081F88900FFE70E99B1
:10D3E000002081F88800FFE703208DF83F0033E03C
:10D3F000FFE7FFE7FFE7FFE708E7FFE7FFE70E9834
:10D40000129B08996A4611600821002203F0CEFDA4
:10D4100040B1FFE70E99D1F88C0040F02000C1F830
:10D420008C00FFE70E9803F01FFD0E99012081F894
:10D430008900FFE70E99002081F88800FFE70E9829
:10D44000D0F88C0020B1FFE701208DF83F0003E009
:10D4500000208DF83F00FFE79DF83F0010B080BD31
:10D4600082B0019001980090042843D80099DFE829
:10D4700001F00C1D2F4103004EF21001CEF200010D
:10D48000086840F00400086035E04EF21001CEF26A
:10D490000001086820F00400086040F6E441C4F28E
:10D4A0000241086820F00C00086024E04EF21001F0
:10D4B000CEF20001086820F00400086040F6E44164
:10D4C000C4F202410868012262F38300086012E09E
:10D4D0004EF21001CEF20001086820F0040008604E
:10D4E00040F6E441C4F202410868022262F383007C
:10D4F000086000E0FFE702B07047000082B00090D3
:10D5000000980138B0F1807F03D3FFE7012001903C
:10D5100016E0009801384EF21401CEF200010860C6
:10D520004EF21801CEF20001002008604EF2100207
:10D53000CEF20002116841F0030111600190FFE793
:10D54000019802B07047000083B04EF21000CEF296
:10D55000000000684007002803D5FFE70420029080
:10D5600020E040F6E440C4F20240006800F00C0005
:10D5700001900198009040B1FFE70098042807D07F
:10D58000FFE70098082806D008E00020029008E095
:10D590000120029005E00220029002E000200290AB
:10D5A000FFE7FFE7029803B07047000081B00090EA
:10D5B00001B0704781B0009001B0704781B0009019
:10D5C00001B0704781B0009001B0704781B0009009
:10D5D00001B0704781B0009001B0704785B00390F2
:10D5E0000291FFE7039890F83C00012804D1FFE77F
:10D5F00002208DF81300F6E00399012081F83C0029
:10D60000FFE7FFE70399022081F83D0003980068D7
:10D610004068019003980068806800900398006853
:10D6200042F60041C4F2010188421BD0FFE7039893
:10D63000006842F60041C5F20101884212D0FFE7BE
:10D640000398006843F20041C4F20101884209D006
:10D65000FFE70398006843F20041C5F201018842E8
:10D660000AD1FFE7019820F4700001900298416808
:10D67000019808430190FFE701984FF68F71CFF6AC
:10D68000FF510840019002980168019808430190F9
:10D6900001980399096848600398006842F60041C0
:10D6A000C4F20101884200F08280FFE7039800681D
:10D6B00042F60041C5F20101884278D0FFE70398A5
:10D6C0000068B0F1804F72D0FFE703980068B0F1B6
:10D6D000A04F6CD0FFE70398006840F20041C4F20D
:10D6E0000001884263D0FFE70398006840F20041E0
:10D6F000C5F2000188425AD0FFE70398006840F65F
:10D700000001C4F20001884251D0FFE7039800688D
:10D7100040F60001C5F20001884248D0FFE70398B7
:10D72000006840F60041C4F2000188423FD0FFE7A4
:10D730000398006840F60041C5F20001884236D0E7
:10D74000FFE70398006843F20041C4F201018842F8
:10D750002DD0FFE70398006843F20041C5F20101B4
:10D76000884224D0FFE70398006841F60001C4F224
:10D77000000188421BD0FFE70398006841F60001D2
:10D78000C5F20001884212D0FFE70398006844F216
:10D790000001C4F20101884209D0FFE70398006844
:10D7A00044F20001C5F2010188420ED1FFE7009862
:10D7B00020F0800000900298816800980843009053
:10D7C0000098039909688860FFE70399012081F8B0
:10D7D0003D00FFE70399002081F83C00FFE70020AF
:10D7E0008DF81300FFE79DF8130005B070470000A7
:10D7F00081B0009001B0704780B582B00090009871
:10D8000020B9FFE701208DF8070045E0009890F867
:10D810003D0040B9FFE70099002081F83C000098E6
:10D8200000F03EF8FFE70099022081F83D000099E2
:10D8300051F8040B04F05AF80099012081F84800CF
:10D84000FFE70099012081F83E00009981F83F0030
:10D85000009981F84000009981F84100009981F811
:10D860004200009981F84300FFE7FFE7009901209B
:10D8700081F84400009981F84500009981F846003C
:10D88000009981F84700FFE70099012081F83D00E9
:10D8900000208DF80700FFE79DF8070002B080BD6B
:10D8A00080B584B003900398006841F20041C4F24F
:10D8B0000001884219D1FFE7FFE740F69C40C4F21F
:10D8C0000240016841F020010160006800F0200082
:10D8D00002900298FFE73220019003221146F8F7E8
:10D8E00049FA0198F8F73CFAFFE704B080BD000060
:10D8F00083B00190019890F83D00012804D0FFE723
:10D9000001208DF80B00B8E00199022081F83D005C
:10D9100001980168C86840F00100C860019800687B
:10D9200042F60041C4F20101884200F08280FFE724
:10D930000198006842F60041C5F20101884278D0A2
:10D94000FFE701980068B0F1804F72D0FFE70198BF
:10D950000068B0F1A04F6CD0FFE70198006840F27A
:10D960000041C4F20001884263D0FFE701980068DB
:10D9700040F20041C5F2000188425AD0FFE7019809
:10D98000006840F60001C4F20001884251D0FFE770
:10D990000198006840F60001C5F20001884248D0B5
:10D9A000FFE70198006840F60041C4F20001884298
:10D9B0003FD0FFE70198006840F60041C5F2000142
:10D9C000884236D0FFE70198006843F20041C4F274
:10D9D000010188422DD0FFE70198006843F2004121
:10D9E000C5F20101884224D0FFE70198006841F6A2
:10D9F0000001C4F2000188421BD0FFE701980068D3
:10DA000041F60001C5F20001884212D0FFE70198FB
:10DA1000006844F20001C4F20101884209D0FFE726
:10DA20000198006844F20001C5F20101884219D151
:10DA3000FFE70198006880680721C0F201010840F3
:10DA40000090009806280CD0FFE70098B0F5803FC2
:10DA500007D0FFE701980168086840F001000860FE
:10DA6000FFE706E001980168086840F001000860DF
:10DA7000FFE700208DF80B00FFE79DF80B0003B0D7
:10DA80007047000081B0009001B0704780B584B04D
:10DA9000039003980068C0680290039800680069CA
:10DAA00001909DF804008007002824D5FFE79DF829
:10DAB0000800800700281DD5FFE7039801686FF074
:10DAC00002000861039901200877039800688069C3
:10DAD000800720B1FFE70398FFF7D4FF06E0039823
:10DAE00000F054F9039800F055F9FFE7039900207E
:10DAF0000877FFE7FFE79DF804004007002825D5D9
:10DB0000FFE79DF80800400700281ED5FFE70398AF
:10DB100001686FF0040008610399022008770398F8
:10DB20000068806910F4407F04D0FFE70398FFF796
:10DB3000A9FF06E0039800F029F9039800F02AF9FC
:10DB4000FFE7039900200877FFE7FFE79DF804004F
:10DB50000007002824D5FFE79DF8080000070028EB
:10DB60001DD5FFE7039801686FF00800086103996D
:10DB70000420087703980068C069800720B1FFE798
:10DB80000398FFF77FFF06E0039800F0FFF8039883
:10DB900000F000F9FFE7039900200877FFE7FFE7AF
:10DBA0009DF80400C006002825D5FFE79DF8080071
:10DBB000C00600281ED5FFE7039801686FF010002B
:10DBC000086103990820087703980068C06910F479
:10DBD000407F04D0FFE70398FFF754FF06E0039867
:10DBE00000F0D4F8039800F0D5F8FFE7039900207F
:10DBF0000877FFE7FFE79DF80400C00778B1FFE76B
:10DC00009DF80800C00748B1FFE7039801686FF06E
:10DC100001000861039800F0C1F8FFE7FFE70198F1
:10DC200000F08000802806D0FFE79DF80500800600
:10DC3000002810D5FFE79DF808000006002809D548
:10DC4000FFE7039801686FF4025008610398FFF73B
:10DC5000B1FCFFE7FFE79DF80500C00780B1FFE7D3
:10DC60009DF808000006002809D5FFE70398016821
:10DC70006FF4807008610398FFF798FCFFE7FFE7F7
:10DC80009DF804004006002810D5FFE79DF8080025
:10DC90004006002809D5FFE7039801686FF04000AF
:10DCA0000861039800F092F8FFE7FFE79DF8040091
:10DCB0008006002810D5FFE79DF8080080060028A0
:10DCC00009D5FFE7039801686FF020000861039809
:10DCD000FFF774FCFFE7FFE79DF80600C006002889
:10DCE00010D5FFE79DF80A00C006002809D5FFE718
:10DCF000039801686FF4801008610398FFF766FCD1
:10DD0000FFE7FFE79DF806008006002810D5FFE733
:10DD10009DF80A008006002809D5FFE703980168EE
:10DD20006FF4001008610398FFF74CFCFFE7FFE772
:10DD30009DF806004006002810D5FFE79DF80A0070
:10DD40004006002809D5FFE7039801686FF48000BA
:10DD500008610398FFF73EFCFFE7FFE79DF8060028
:10DD60000006002810D5FFE79DF80A0000060028ED
:10DD700009D5FFE7039801686FF400000861039874
:10DD8000FFF736FDFFE7FFE704B080BD81B00090EC
:10DD900001B0704781B0009001B0704780B582B08B
:10DDA00001900198006841F20041C4F200018842EC
:10DDB0000AD1FFE740F24C71C2F20001086801305D
:10DDC000086003F0EDFAFFE702B080BD81B000907B
:10DDD00001B0704783B00190FFE7019890F884008C
:10DDE000012804D1FFE702208DF80B002CE00199F7
:10DDF000012081F88400FFE7FFE701992420C1F8A2
:10DE0000880001980068006800900198016808681F
:10DE100020F001000860009820F000500090019967
:10DE2000002048660098019909680860019920203F
:10DE3000C1F88800FFE70199002081F88400FFE71E
:10DE400000208DF80B00FFE79DF80B0003B0704732
:10DE500082B00190ADF8021002B0704781B000901E
:10DE600001B0704780B584B002900191FFE702983D
:10DE700090F88400012804D1FFE702208DF80F00FC
:10DE800032E00299012081F88400FFE7FFE7029960
:10DE90002420C1F888000298006800680090029869
:10DEA0000168086820F00100086002980068806836
:10DEB00020F060600199084302990968886002981F
:10DEC00003F0C2FE009802990968086002992020B8
:10DED000C1F88800FFE70299002081F88400FFE77D
:10DEE00000208DF80F00FFE79DF80F0004B080BD03
:10DEF00080B584B002900191FFE7029890F8840009
:10DF0000012804D1FFE702208DF80F0032E00299CA
:10DF1000012081F88400FFE7FFE702992420C1F87F
:10DF200088000298006800680090029801680868FC
:10DF300020F00100086002980068806820F06040CE
:10DF400001990843029909688860029803F07CFEF1
:10DF5000009802990968086002992020C1F8880099
:10DF6000FFE70299002081F88400FFE700208DF888
:10DF70000F00FFE79DF80F0004B080BD81B0009056
:10DF800001B0704781B0009001B0704781B000903F
:10DF900001B0704780B58EB00D900D980068C069D3
:10DFA0000C900D98006800680B900D9800688068D0
:10DFB0000A900C9840F60F01084009900998E0B9C2
:10DFC000FFE79DF830008006002815D5FFE79DF893
:10DFD0002C008006002806D4FFE79DF82B00C00621
:10DFE000002809D5FFE70D98406F20B1FFE70D9895
:10DFF000416F8847FFE76CE2FFE70998002800F0CF
:10E00000F980FFE70A980121C1F20001084209D115
:10E01000FFE70B9840F22011C0F20041084200F0E7
:10E02000E980FFE79DF83000C00788B1FFE79DF861
:10E030002D00C00760B1FFE70D980168012008625C
:10E040000D99D1F8900040F00100C1F89000FFE771
:10E050009DF830008007002811D5FFE79DF82800C3
:10E06000C00760B1FFE70D980168022008620D99B2
:10E07000D1F8900040F00400C1F89000FFE79DF84F
:10E0800030004007002811D5FFE79DF82800C007A1
:10E0900060B1FFE70D980168042008620D99D1F87E
:10E0A000900040F00200C1F89000FFE79DF83000BA
:10E0B0000007002819D5FFE79DF82C0080060028EE
:10E0C00007D4FFE70A980121C1F2000108420CD0F1
:10E0D000FFE70D980168082008620D99D1F89000BB
:10E0E00040F00800C1F89000FFE79DF831000007FC
:10E0F000002813D5FFE79DF82F00400700280DD515
:10E10000FFE70D9801684FF4006008620D99D1F89F
:10E11000900040F02000C1F89000FFE70D98D0F883
:10E120009000002865D0FFE79DF8300080060028A9
:10E1300015D5FFE79DF82C008006002806D4FFE7E0
:10E140009DF82B00C006002809D5FFE70D98406F09
:10E1500020B1FFE70D98416F8847FFE7FFE70D9873
:10E16000D0F8900008900D980068806800F040009A
:10E17000402806D0FFE79DF8200010F0280F2FD090
:10E18000FFE70D9803F0FEFE0D98006880684006DA
:10E19000002820D5FFE70D98D0F88000B0B1FFE748
:10E1A0000D98D0F8801041F66570C0F60100C86681
:10E1B0000D98D0F88000F5F733FF30B1FFE70D98E8
:10E1C000D0F88000C16E8847FFE703E00D98FFF7A5
:10E1D000DDFEFFE703E00D98FFF7D8FEFFE707E05D
:10E1E0000D98FFF7D3FE0D990020C1F89000FFE7CE
:10E1F000FFE76EE10D98C06E012840F00B81FFE74C
:10E200009DF83000C006002840F10481FFE79DF82A
:10E210002C00C006002840F1FD80FFE70D98016842
:10E22000102008620D98006880684006002840F1C0
:10E230008F80FFE70D98D0F880000068806CADF803
:10E240001E00BDF81E00002867D0FFE7BDF81E00C5
:10E250000D99B1F85C1088425FDAFFE7BDF81E0047
:10E260000D99A1F85E000D98D0F88000006D81280E
:10E2700046D0FFE7FFE7FFE70D98006850E8000F82
:10E2800020F480700690FFE706990D98026842E836
:10E2900000100028F0D1FFE7FFE7FFE7FFE70D9848
:10E2A000006850E8020F20F001000590FFE7059993
:10E2B0000D98026842E802100028F0D1FFE7FFE75E
:10E2C0000D992020C1F88C000D990020C866FFE749
:10E2D000FFE70D98006850E8000F20F01000049050
:10E2E000FFE704990D98026842E800100028F0D179
:10E2F000FFE7FFE70D98D0F88000F5F705FEFFE790
:10E300000D99022008670D98B0F85C10B0F85E20F7
:10E31000891A89B2FFF79CFD19E0BDF81E000D991E
:10E32000B1F85C10884211D1FFE70D98D0F8800059
:10E33000006D812809D1FFE70D99022008670D982B
:10E34000B0F85C10FFF784FDFFE7FFE7FFE7C0E0F0
:10E350000D99B1F85C00B1F85E10401AADF80E00EE
:10E360000D98B0F85E00002853D0FFE7BDF80E000E
:10E3700000284ED0FFE7FFE7FFE70D98006850E860
:10E38000000F20F490700290FFE702990D98026848
:10E3900042E800100028F0D1FFE7FFE7FFE7FFE7C2
:10E3A0000D98006850E8020F4FF6FE71CEF6FF712F
:10E3B00008400190FFE701990D98026842E80210B9
:10E3C0000028EDD1FFE7FFE70D992020C1F88C0070
:10E3D0000D990020C8660D994867FFE7FFE70D9883
:10E3E000006850E8000F20F010000090FFE700994F
:10E3F0000D98026842E800100028F0D1FFE7FFE71F
:10E400000D99022008670D98BDF80E10FFF720FD4A
:10E41000FFE75EE09DF83200C00600280FD5FFE759
:10E420009DF82A004006002809D5FFE70D980168ED
:10E430004FF4801008620D98FFF7A4FD49E09DF8A5
:10E4400030000006002815D5FFE79DF82C000006D7
:10E45000002806D4FFE79DF82A000006002809D509
:10E46000FFE70D98806F20B1FFE70D98816F884717
:10E47000FFE72EE09DF83000400600280AD5FFE7B0
:10E480009DF82C004006002804D5FFE70D9803F006
:10E49000C9FD1EE09DF83200000600280AD5FFE7FE
:10E4A0009DF82F004006002804D5FFE70D98FFF7E0
:10E4B00065FD0EE09DF83300C00750B1FFE79DF801
:10E4C0002F000006002804D5FFE70D98FFF7C6FCD3
:10E4D000FFE70EB080BD000080B582B000900098CC
:10E4E00020B9FFE701208DF8070046E00098806919
:10E4F00008B1FFE700E0FFE70098D0F8880040B9D6
:10E50000FFE70099002081F88400009800F03AF8B5
:10E51000FFE700992420C1F8880000980168086886
:10E5200020F0010008600098806A20B1FFE70098A1
:10E5300003F0D0FBFFE7009804F046FA012804D16D
:10E54000FFE701208DF8070017E000980168486890
:10E5500020F49040486000980168886820F02A0004
:10E56000886000980168086840F001000860009821
:10E5700003F054FC8DF80700FFE79DF8070002B098
:10E5800080BD000080B5D0B04F9000204E904D90DF
:10E590004C904B904A9008A84FF48471F1F7BEFE5E
:10E5A0004F98006843F60001C4F20101884240F030
:10E5B0008380FFE700200990012108911F9008A89F
:10E5C000FAF798FD18B1FFE7F4F736FCFFE7FFE72D
:10E5D00040F6A440C4F20240016841F48041016069
:10E5E000006800F4804007900798FFE7FFE740F6D7
:10E5F0008C40C4F20240016841F0010101600068F2
:10E6000000F0010006900698FFE74FF4C0604A90C2
:10E6100002204B90012001904C90002002904D90E0
:10E6200007204E900020C4F202204AA9F7F7F6F81E
:10E63000019A029940F69000C2F20000039040F265
:10E640005013C4F2020303601623436081604FF449
:10E650008063C3600823036141618161C16101621C
:10E6600042628262C16201634163F5F7A7FE18B19D
:10E67000FFE7F4F7E1FBFFE7FFE74F9840F6900173
:10E68000C2F20001C1674F98C865FFE740F69000ED
:10E69000C2F200001021F5F7EDFC18B1FFE7F4F726
:10E6A000CBFBFFE73A20009000221146F7F762FB10
:10E6B0000098F7F755FB46E04F98006846F2004196
:10E6C000C4F2000188423DD1FFE7002009902021DB
:10E6D0000891249008A8FAF70DFD18B1FFE7F4F7A8
:10E6E000ABFBFFE7FFE740F69C40C4F20240016845
:10E6F00041F000710160006800F00070059005981D
:10E70000FFE7FFE740F68C40C4F20240016841F0A9
:10E7100004010160006800F0040004900498FFE721
:10E72000C0204A9002204B9001204C9000204D9038
:10E7300007204E9040F60000C4F202204AA9F7F7E5
:10E740006DF8FFE7FFE750B080BD000080B586B0F0
:10E7500004900391ADF80A200498D0F88C0020288A
:10E7600053D1FFE7039820B1FFE7BDF80A0020B9B5
:10E77000FFE701208DF817004BE004990020C866E0
:10E780000498006880684006002807D5FFE70498D1
:10E790000168886820F040008860FFE704980068FE
:10E7A00042F20041C4F20041884225D0FFE70498BC
:10E7B000006842F20041C5F2004188421CD0FFE7E8
:10E7C0000498006840680002002814D5FFE7FFE7BE
:10E7D000FFE70498006850E8000F40F08060019067
:10E7E000FFE701990498026842E800100028F0D180
:10E7F000FFE7FFE7FFE7FFE704980399BDF80A206A
:10E8000004F0EEFA8DF8170003E002208DF81700EF
:10E81000FFE79DF8170006B080BD000080B582B00C
:10E8200001900198006843F60001C4F2010188429A
:10E8300015D1FFE741F2BC20C2F200000090017840
:10E8400041F2C820C2F2000007F0A6FC009940F691
:10E850008040C2F200000122FFF778FFFFE702B01C
:10E8600080BD000080B58AB008900791ADF81A20ED
:10E8700005930898D0F88800202840F09580FFE79D
:10E88000079820B1FFE7BDF81A0020B9FFE7012083
:10E890008DF827008CE00898006880680006002842
:10E8A00007D5FFE708980168886820F08000886035
:10E8B000FFE708990020C1F8900008992120C1F8CD
:10E8C0008800F7F74FF90290BDF81A000899A1F8EF
:10E8D0005400BDF81A000899A1F8560008988068FD
:10E8E000B0F5805F09D1FFE70898006928B9FFE714
:10E8F000002004900798039004E0079804900020FB
:10E900000390FFE7FFE70898B0F8560088B3FFE7E9
:10E910000898029B05996A4611608021002204F044
:10E9200071FB40B1FFE708992020C1F8880003205F
:10E930008DF827003CE0049858B9FFE70398008859
:10E940006FF35F200899096888620398023003908A
:10E9500008E00498007808990968886204980130F2
:10E960000490FFE70899B1F856000138A1F8560065
:10E97000C9E70898029B05996A4611604021002268
:10E9800004F040FB40B1FFE708992020C1F888005F
:10E9900003208DF827000BE008992020C1F888009B
:10E9A00000208DF8270003E002208DF82700FFE704
:10E9B0009DF827000AB080BD81B0009001B070477B
:10E9C00085B001900198007801460091022804D397
:10E9D000FFE70098022834D06BE0019890ED061A0A
:10E9E00090ED070A90ED083A90ED092A21EE031AFE
:10E9F00020EE020A30EE410A8DED020A019890EDF8
:10EA0000061A90ED073A90ED080A90ED092A21EEDA
:10EA1000031A20EE020A30EE010A8DED030A019876
:10EA200090ED061A90ED090A21EE011ABEEE002AB9
:10EA300031EE021A20EE000A30EE010A8DED040AD2
:10EA40003CE0019890ED060A90ED071A90ED082A37
:10EA500090ED093A21EE031A20EE020A30EE410A47
:10EA60008DED020A019890ED061A90ED073A90EDAF
:10EA7000080A90ED092A21EE031A20EE020A30EE70
:10EA8000011A9FED120A30EE410A8DED030A01983A
:10EA900090ED060A90ED091A20EE002AB6EE000A63
:10EAA00030EE420A21EE011A30EE410A8DED040AE1
:10EAB00004E00020029003900490FFE79DED020A1D
:10EAC000DDED030A9DED041A05B0704700000080DB
:10EAD00085B00190019800780146009140B1FFE7B0
:10EAE0000098012838D0FFE7009802286CD0A3E0F6
:10EAF000019890ED061A90ED070A90ED082A90ED26
:10EB0000093A21EE031A20EE020A30EE010A8DEDD9
:10EB1000020A019890ED061A90ED080A21EE011AFA
:10EB2000BEEE002A31EE021A20EE000A30EE010A93
:10EB30008DED030A019890ED061A90ED073A90EDDD
:10EB4000080A90ED092A21EE031A20EE020A30EE9F
:10EB5000410A8DED040A74E0019890ED060A90EDEB
:10EB6000071A20EE002AB6EE000A30EE420A21EE25
:10EB7000011A30EE410A8DED020A019890ED060A65
:10EB800090ED071A90ED083A90ED092A21EE031A4C
:10EB900020EE020A30EE410A8DED030A019890ED55
:10EBA000061A90ED070A90ED083A90ED092A21EE39
:10EBB000031A20EE020A30EE011A9FED260A30EE0B
:10EBC000410A8DED040A3CE0019890ED061A90EDA3
:10EBD000070A90ED082A90ED093A21EE031A20EE7B
:10EBE000020A30EE011A9FED1B0A30EE410A8DED4C
:10EBF000020A019890ED060A90ED081A20EE002A0C
:10EC0000B6EE000A30EE420A21EE011A30EE410A59
:10EC10008DED030A019890ED060A90ED072A90ED1C
:10EC2000081A90ED093A21EE031A20EE020A30EE9E
:10EC3000410A8DED040A04E0002002900390049044
:10EC4000FFE79DED020ADDED030A9DED041A05B014
:10EC5000704700BF00000080FFE7FEE784B003902C
:10EC600002918DED010ACDED000A039908684A680A
:10EC70008B6840F2B841C2F200018B604A600860C4
:10EC8000029B18685A689B684B610A61C8600198CA
:10EC900088610098C86104B07047000083B002909A
:10ECA00001918DED000A029908684A688B6840F26C
:10ECB000B841C2F200018B624A620862019B186887
:10ECC0005A689B684B630A63C8620098C86303B0C4
:10ECD0007047000080B584B040F21870C2F20000A6
:10ECE000019064210291F3F7F3F80198029918302A
:10ECF000F3F7EEF840F20460C2F200000390F2F77E
:10ED000057FC039849F66021C0F60101F2F732FD85
:10ED100004B080BD80B588B0ADF81E0040F21C3054
:10ED2000C2F200000DF11D0106F080FB9DF81D00F0
:10ED300080B3FFE70020ADF81800059040F21C30CA
:10ED4000C2F2000005A905F0A9FEBDF9140000EE0D
:10ED5000100AB8EEC00A9FED4E1A20EE010A40F2EA
:10ED60004C40C2F2000080ED000ABDF9161000EE22
:10ED7000101AB8EEC00A20EE010A80ED010ABDF9B2
:10ED8000181000EE101AB8EEC00A20EE010A80ED4D
:10ED9000020AFFE740F21C30C2F200000DF11D0133
:10EDA00006F086F89DF81D0080B3FFE70020ADF85F
:10EDB0001000039040F21C30C2F2000003A905F0DD
:10EDC0009DFEBDF90C0000EE100AB8EEC00A9FEDE2
:10EDD000311A20EE010A40F29840C2F2000080EDA4
:10EDE000000ABDF90E1000EE101AB8EEC00A20EEAF
:10EDF000010A80ED010ABDF9101000EE101AB8EEFC
:10EE0000C00A20EE010A80ED020AFFE7002001900F
:10EE100040F21C30C2F2000001A906F07DF940F278
:10EE20007B00C2F200000078B0B1FFE7019840F229
:10EE30008C71C2F20001086040F27B01C2F2000155
:10EE40000020087040F26C71C2F2000141F26F20A4
:10EE5000C3F60330086018E0019840F28C71C2F2EA
:10EE600000010A68801A0090019808609DED000A70
:10EE7000B8EE400A9FED081A20EE010A40F26C70CD
:10EE8000C2F2000080ED000AFFE708B080BD00BFBD
:10EE9000D5FF7F38295C8F3D17B7D13780B588B053
:10EEA000ADF81E0040F2E020C2F200000DF11D019D
:10EEB00006F0BCFA9DF81D0080B3FFE70020ADF816
:10EEC0001800059040F2E020C2F2000005A905F00C
:10EED000E5FDBDF9140000EE100AB8EEC00A9FED82
:10EEE0005F1A20EE010A40F24040C2F2000080EDBD
:10EEF000000ABDF9161000EE101AB8EEC00A20EE96
:10EF0000010A80ED010ABDF9181000EE101AB8EEE2
:10EF1000C00A20EE010A80ED020AFFE740F2E0207D
:10EF2000C2F200000DF11D0105F0C2FF9DF81D00A9
:10EF300080B3FFE70020ADF81000039040F2E0201E
:10EF4000C2F2000003A905F0D9FDBDF90C0000EEE6
:10EF5000100AB8EEC00A9FED421A20EE010A40F2F4
:10EF60008C40C2F2000080ED000ABDF90E1000EEE8
:10EF7000101AB8EEC00A20EE010A80ED010ABDF9B0
:10EF8000101000EE101AB8EEC00A20EE010A80ED53
:10EF9000020AFFE740F2E020C2F200000DF11D017D
:10EFA00006F08AF89DF81D00B0B1FFE70020ADF82B
:10EFB0000A0040F2E020C2F200000DF10A0106F062
:10EFC00091F8BDF90A0005F0FFFD40F28C50C2F245
:10EFD000000080ED000AFFE70020019040F2E020F1
:10EFE000C2F2000001A906F097F840F27A00C2F2DE
:10EFF00000000078B0B1FFE7019840F28871C2F2DA
:10F000000001086040F27A01C2F20001002008709D
:10F0100040F26871C2F2000141F26F20C3F6033082
:10F02000086018E0019840F28871C2F200010A6895
:10F03000801A0090019808609DED000AB8EE400A21
:10F040009FED081A20EE010A40F26870C2F200003B
:10F0500080ED000AFFE708B080BD00BFD5FF7F3814
:10F06000295C8F3D17B7D137F0B5A3B08DF88B0071
:10F0700040F2B840C2F20000099090ED070A0C304F
:10F08000002101F05FFD0998C1681F91016920917D
:10F090004169219101681C9141681D9180681E9011
:10F0A0009DED1F0ADDED200A9DED211A49F6F01EA7
:10F0B000C0F6010ECDF820E0DEF80000DEF8041006
:10F0C000DEF80820DEF80C30DEF810C0DEF8144060
:10F0D000DEF81850DEF81C60DEF8207040F27C0E7E
:10F0E000C2F2000EDEED001A9EED012ADEED022ACC
:10F0F00040F2A87EC2F2000E9EED003ADEED013A2B
:10F100009EED024AEE46CEF81070CEF80C60CEF8B6
:10F110000850CEF80440CEF800C0F3F73DF8DDF813
:10F1200020E08DED1B1ACDED1A0A8DED190A199804
:10F130001A991B9A219220911F909DED1C0ADDEDDA
:10F140001D0A9DED1E1ADEF80000DEF80410DEF840
:10F150000820DEF80C30DEF810C0DEF81440DEF8CF
:10F160001850DEF81C60DEF8207040F26C0EC2F21F
:10F17000000EDEED001A9EED012ADEED022A40F2BD
:10F18000600EC2F2000E9EED003ADEED013A9EEDF9
:10F19000024AEE46CEF81070CEF80C60CEF8085059
:10F1A000CEF80440CEF800C0F2F7F6FF8DED181A45
:10F1B000CDED170A8DED160A16981799189A1E921A
:10F1C0001D911C909DED1F0ADDED200A9DED211A79
:10F1D00040F21870C2F20000F2F7A0FE09988DED1F
:10F1E000151ACDED140A8DED130A1399149A159B77
:10F1F000219320921F911F9A40F2F841C2F2000120
:10F20000CA60209A0A61219A4A611C9A0A601D9A72
:10F210004A601E9A8A60C069C8619DF88B00012807
:10F2200040F09380FFE740F2B840C2F20000059042
:10F2300090ED0F0A2C30012101F084FC0598C16A81
:10F240001F91016B2091406B21909DED1F0ADDED18
:10F25000200A9DED211A49F6142EC0F6010ECDF8B4
:10F2600018E0DEF80000DEF80410DEF80820DEF812
:10F270000C30DEF810C0DEF81440DEF81850DEF86E
:10F280001C60DEF8207040F27C0EC2F2000EDEED53
:10F29000001A9EED012ADEED022A40F2A87EC2F29B
:10F2A000000E9EED033ADEED043A9EED054AEE4671
:10F2B000CEF81070CEF80C60CEF80850CEF80440AE
:10F2C000CEF800C0F2F768FF8DED121ACDED110AED
:10F2D0008DED100A10981199129A219220911F9089
:10F2E0009DED1F0ADDED200A9DED211A40F21870F8
:10F2F000C2F200001830F2F711FE8DED0F1ACDEDBD
:10F300000E0A8DED0D0A0D980E990F9A21922091FB
:10F310001F901F9840F2F841C2F2000141F82C0FF3
:10F3200007912098486021988860A1F120000AAADE
:10F33000F3F722FD07990A9841F8200C0B9841F841
:10F340001C0C0C9841F8180CFFE723B0F0BD00002E
:10F3500080B582B0ADF8060040F28C50C2F20000D9
:10F3600090ED000A40F26870C2F20000D0ED000A91
:10F3700040F24040C2F2000040F28C41C2F2000173
:10F38000FFF76CFC40F28850C2F20000007888B1B0
:10F39000FFE740F26C70C2F2000090ED000A40F20C
:10F3A0004C40C2F2000040F29841C2F20001FFF767
:10F3B00075FCFFE740F28850C2F200000078FFF7CA
:10F3C00053FE40F2F840C2F2000000F005F803F0EE
:10F3D00019FF02B080BD000080B590B00F900F986B
:10F3E000C0680C900F9800690D900F9840690E90BE
:10F3F0000F98006809900F9840680A900F988068ED
:10F400000B900F9890ED073A9DED0C0ADDED0D0A7B
:10F410009DED0E1ADDED091A9DED0A2ADDED0B2A90
:10F4200040F20460C2F200000190F2F7E5FC01989E
:10F43000F2F7A8F8CDED051A8DED041ACDED030A0B
:10F440008DED020A9DED020ADDED030A9DED041A21
:10F45000DDED051AF3F7E2F88DED081ACDED070A98
:10F460008DED060A40F27871C2F200010698079A03
:10F47000089B8B604A60086010B080BD80B58AB080
:10F4800004F0C0F940F2E020C2F2000040F23A512C
:10F49000C2F20001089105F089FB089800786C28F9
:10F4A00005D0FFE74FF6FF70ADF82600A1E040F26F
:10F4B000E020C2F20000012105F0D6FDFFE740F296
:10F4C000E020C2F2000040F23851C2F2000105F023
:10F4D000B5FDFFE740F23850C2F200000078002886
:10F4E000EDD1FFE740F2E020C2F20000069080215B
:10F4F00005F01CFD06980121059105F02FFB0698EB
:10F500000421049105F06EFE0499069805F0D4FBE1
:10F510000698002105F0A0FF0698062105F0DEFC04
:10F520000499069805F0C0FF0599069805F056FF66
:10F530000599069805F018FE40F21C30C2F2000052
:10F5400040F23B51C2F20001079105F02FFB0798F2
:10F5500000786C2804D0FFE70020ADF8260048E0D2
:10F5600040F21C30C2F20000012105F07DFDFFE7F2
:10F5700040F21C30C2F2000040F23951C2F20001E8
:10F5800005F05CFDFFE740F23950C2F20000007860
:10F590000028EDD1FFE740F21C30C2F200000290DB
:10F5A000802105F0C3FC02980121039105F0D6FAF1
:10F5B00002980421019105F015FE0199029805F0C9
:10F5C0007BFB0298002105F047FF0298062105F019
:10F5D00085FC0199029805F067FF0399029805F0F0
:10F5E000FDFE0399029805F0BFFD0398ADF82600D3
:10F5F000FFE7BDF926000AB080BD000081B0009091
:10F60000009988684FF6C072C5F6FF721040886096
:10F6100001B0704781B0009048F2C801C4F20221E5
:10F62000086840F00100086001B0704781B00090A8
:10F630000099D1F8C80040F00100C1F8C80001B03D
:10F640007047000081B000900098806840F08050C2
:10F650004FF6C071C7F6FF7108400099886001B08D
:10F660007047000081B000900098806800F0E07062
:10F6700001B0704783B0029001910298019900EBAC
:10F680008100603000900098006800F0F84003B0FE
:10F690007047000081B0009000988068C0F3C000FF
:10F6A00001B0704781B0009000988068C0F340704E
:10F6B00001B0704781B000900098806800F00100B0
:10F6C00001B0704781B0009000988068C0F300706E
:10F6D00001B0704781B0009000988068C0F380004E
:10F6E00001B0704784B0039002910192039802998F
:10F6F00001F4407100EB91103030009000980068E8
:10F70000029901F01F021F21914088430199C1F322
:10F710008461914008430099086004B0704700007C
:10F7200084B00390029101920398029901F0007154
:10F7300000EBD15014300090009800680299C1F39A
:10F740000452072191408843019991400843009950
:10F75000086004B07047000083B0029001910092ED
:10F760000298D0F8B00001996FF31F518843009AB6
:10F7700002F018034FF6FF72C0F20F02DA40114098
:10F7800008440299C1F8B00003B0704782B00190FC
:10F7900000910198806820F47C1000990843019939
:10F7A000886002B07047000082B00190009101981B
:10F7B000806820F0E070009908430199886002B0E9
:10F7C0007047000085B00490039102920193049861
:10F7D000039900EB810060300090009800684FF2C0
:10F7E0000001C0F2FF310140029800F0F840019A98
:10F7F0001043084340F000400099086005B070478E
:10F8000084B00390029101920398029900EB810069
:10F81000603000900098006820F000700199084363
:10F820000099086004B0704784B00390029101927F
:10F830000398029900EB8100603000900098006806
:10F8400020F08070019908430099086004B0704767
:10F8500084B00390029101920398029900EB810019
:10F86000603000900098006820F000400199084343
:10F870000099086004B0704782B00190009101982F
:10F88000406920F00040009908430199486102B0A6
:10F890007047000080B586B0ADF8160000208DF8E6
:10F8A0001500049003900290019040F28670C2F21D
:10F8B0000000007808B9FFE721E140F28671C2F24A
:10F8C00000010020087040F25830C2F200000DF133
:10F8D000150104F0BFFA08B1FFE710E19DF815002B
:10F8E000C00738B9FFE79DF815004008C00708B900
:10F8F000FFE704E140F25830C2F2000001A904F031
:10F900009BFB08B1FFE7FAE09DF81500C00700284F
:10F9100000F0DE80FFE7029840F27071C2F2000151
:10F920000860019840F69C61C2F20001086040F650
:10F93000AA50C2F20000007800284BD1FFE740F245
:10F940007861C2F200010020086040F20D71C2F23D
:10F9500000010870F6F706F940F24871C2F20001A2
:10F960000968401AB0F57A7F33D3FFE740F69C6010
:10F97000C2F2000090ED001A40F6A060C2F2000052
:10F9800090ED000A30EE010A80ED000A40F6A85022
:10F99000C2F200000188013101800088282817D3B5
:10F9A000FFE740F6A060C2F2000090ED000A9FED74
:10F9B000581A80EE010A40F20C40C2F2000080EDBD
:10F9C000000A40F6AA51C2F2000101200870FFE7C8
:10F9D000FFE77CE040F21570C2F20000007858B3F7
:10F9E000FFE740F21470C2F20000007820B3FFE796
:10F9F000F6F7B8F840F21071C2F200010968401A37
:10FA000040F6B831884217D3FFE740F69C60C2F257
:10FA1000000090ED000A40F20C40C2F2000090EDB0
:10FA2000001A30EE410A9FED372A20EE020A30EE2E
:10FA3000010A80ED000AFFE740F20C40C2F200002C
:10FA400090ED000AB5EE400AF1EE10FA2BDDFFE76B
:10FA500040F69C60C2F2000090ED000AB5EE400A4C
:10FA6000F1EE10FA1FDDFFE740F69C60C2F20000E5
:10FA700090ED000A40F20C40C2F2000090ED001A36
:10FA800080EE010ADFED200A08F00AFDB0EE401A10
:10FA9000B7EE000A30EE410A9FED1C1A20EE010A73
:10FAA0008DED000A02E000200090FFE79DED000AC6
:10FAB00003F0D6FD40F27860C2F2000080ED000A4B
:10FAC00040F20D71C2F2000101200870FFE7FFE76C
:10FAD0009DF815004008C00770B1FFE7BDF81000A1
:10FAE00040F27471C2F200010880039841F2B8211B
:10FAF000C2F200010860FFE703F05AFBFFE706B01F
:10FB000080BD00BF3D7FDA3AB1DC423E002A2D477E
:10FB10000000204280B588B0002002908DF81D00C2
:10FB20008DF81C00ADF81A008DF81800ADF816001D
:10FB30008DF815008DF814008DF8130004F024FFE3
:10FB400040F25830C2F200000DF11D0104F0DCFA61
:10FB500003909DF81D0041F2DC21C2F20001087003
:10FB6000039840B9FFE741F2DC20C2F200000078C0
:10FB7000B42805D0FFE74FF6FF70ADF81E00F0E0A7
:10FB800040F25830C2F20000012104F0D1FA039093
:10FB9000039828B1FFE74FF6FF70ADF81E00E0E0D4
:10FBA00040F25830C2F20000022104F0C1FA039082
:10FBB000039828B1FFE74FF6FF70ADF81E00D0E0C4
:10FBC00040F25830C2F20000002104F0B1FA039074
:10FBD000039828B1FFE74FF6FF70ADF81E00C0E0B4
:10FBE00000208DF81A008DF81B008DF81C0040F2E3
:10FBF0005830C2F200000DF11A0104F0AFF9039081
:10FC0000039828B1FFE74FF6FF70ADF81E00A8E09B
:10FC100003208DF8160002208DF8170001208DF8C2
:10FC2000180040F25830C2F200000DF1160104F045
:10FC300029FC0390039828B1FFE74FF6FF70ADF859
:10FC40001E008EE040F25830C2F200000DF11501A6
:10FC500004F072FC0390039828B1FFE74FF6FF70A1
:10FC6000ADF81E007DE09DF8150040F001008DF814
:10FC7000150040F25830C2F200000DF1150104F0F9
:10FC8000B7FC0390039828B1FFE74FF6FF70ADF87B
:10FC90001E0066E040F25830C2F2000005A904F0F0
:10FCA0002FFB0390039828B1FFE74FF6FF70ADF8E4
:10FCB0001E0056E09DF8140040F002008DF814007C
:10FCC0009DF8140000F0FB008DF8140040F258304D
:10FCD000C2F2000005A904F065FB0390039828B167
:10FCE000FFE74FF6FF70ADF81E003AE040F25830E3
:10FCF000C2F200000DF1130104F0EAFC0390039836
:10FD000028B1FFE74FF6FF70ADF81E0029E09DF81F
:10FD1000130040F001008DF8130040F25830C2F299
:10FD200000000DF1130104F015FD0390039828B1B4
:10FD3000FFE74FF6FF70ADF81E0012E040F286714B
:10FD4000C2F20001002001900870F5F70BFF014698
:10FD5000019840F24872C2F200021160ADF81E0034
:10FD6000FFE7BDF91E0008B080BD000080B58AB075
:10FD70000021009109910891079106910591049144
:10FD80000391029140F2C070C2F20000019048F26B
:10FD90000002C4F2022202604FF40022426081603D
:10FDA000C160016104224261017641760122C26193
:10FDB00080F820108162C16280F834100163816391
:10FDC00080F83C10F3F796FD18B1FFE7F3F734F82D
:10FDD000FFE70220C0F2304002900620039000208E
:10FDE00004907F21059104210691079040F2C07094
:10FDF000C2F2000002A9F3F75DF918B1FFE7F3F7CB
:10FE00001BF8FFE70AB080BD80B58AB000210091E1
:10FE1000099108910791069105910491039102912E
:10FE200040F62800C2F20000019048F20012C4F22D
:10FE3000022202604FF4002242608160C1600161D1
:10FE400004224261017641760122C26180F82010CD
:10FE50008162C16280F834100163816380F83C10D4
:10FE6000F3F748FD18B1FFE7F2F7E6FFFFE748F2C6
:10FE70000000C3F6F060029006200390002004907A
:10FE80007F21059104210691079040F62800C2F2D7
:10FE9000000002A9F3F70EF918B1FFE7F2F7CCFF63
:10FEA000FFE70AB080BD000080B540F60810C2F23E
:10FEB000000043F20001C4F202010160002101715F
:10FEC00041714161816101210162F3F799FF18B12C
:10FED000FFE7F2F7B1FFFFE780BD000080B582B019
:10FEE00040F62C10C2F2000001904AF20041C4F228
:10FEF00000010160002141604FF440728260C160E6
:10FF000001744174817405234361062282614FF0BC
:10FF10000E0CC0F81CC003620123436282621223EC
:10FF2000C36202630A2242638163C163F5F754F935
:10FF300018B1FFE7F2F780FFFFE702B080BD0000D5
:10FF400080B582B040F69010C2F2000000904AF6F0
:10FF50000001C4F200010160002101914160816053
:10FF6000C160017441748174102242610122826176
:10FF7000C261026242628262C26202634163816361
:10FF8000C163F5F729F918B1FFE7F2F755FFFFE76D
:10FF900002B080BD80B582B0FFE740F68840C4F271
:10FFA0000240016841F001010160006800F00100B9
:10FFB00001900198FFE71D20009000221146F5F7FF
:10FFC000D9FE0098F5F7CCFE02B080BD80B59CB09C
:10FFD00000201B901A90199018901790FFE740F698
:10FFE0008C40C4F20240016841F0100101600068D9
:10FFF00000F0100016901698FFE7FFE740F68C40DF
:020000040801F1
:10000000C4F20240016841F004010160006800F0A0
:10001000040015901598FFE7FFE740F68C40C4F206
:100020000240016841F080010160006800F080003A
:1000300014901498FFE7FFE740F68C40C4F20240AA
:10004000016841F001010160006800F001001390B7
:100050001398FFE7FFE740F68C40C4F202400168C6
:1000600041F002010160006800F002001290129855
:10007000FFE7FFE740F68C40C4F20240016841F020
:1000800008010160006800F0080011901198FFE776
:1000900041F20000C4F2022002904CF208010191EA
:1000A00000220F92F5F748FD0F9A40F60000C4F2C7
:1000B00002200A9030210391F5F73EFD0F9A40F29D
:1000C0000040C4F20220069095210491F5F734FD1A
:1000D00006984FF48051059101220B92F5F72CFD03
:1000E0000F9A40F60040C4F2022008904FF40041FD
:1000F0000791F5F721FD0F9A0020C4F202200C9021
:100100004FF480710991F5F717FD07990B9A0C9838
:10011000F5F712FD019B02980B9A0F99179318920D
:1001200019911A9117A90D91F5F778FB02980D997D
:100130000F9A102317930023C1F2210318931992E9
:10014000F5F76CFBDDF80CC00A980B9B0D990F9A24
:10015000CDF85CC0189319921A92F5F75FFBDDF8A1
:1001600010C006980B9B0D990F9ACDF85CC01893A0
:1001700019921A92F5F752FBDDF814C006980B9B02
:100180000D990F9ACDF85CC01893199202220E9225
:100190001A92F5F743FBDDF81CC008980B9B0D99EC
:1001A0000F9ACDF85CC0189319921A92F5F736FBA6
:1001B000099B0A980D990F9A179318921992F5F7BF
:1001C0002DFB0B9B0C980D990F9A4FF4014CCDF819
:1001D0005CC0189319921A92F5F720FB0E990F9AAA
:1001E0000F201090F5F7C6FD1098F5F7B9FD1CB07B
:1001F00080BD000080B50020F5F7BAFC18B1FFE71C
:10020000F2F71AFEFFE7F5F7D3FC18B1FFE7F2F7B4
:1002100013FEFFE780BD000080B582B040F6F41009
:10022000C2F20000009043F20001C4F2010101603B
:100230004FF4800141600021019181600722C2607A
:100240004FF0007303614FF0807343614FF08063A0
:1002500083614FF04053C361016241628162C262B7
:1002600041638163C1638164C164016541658165E6
:10027000C1650166FBF7BAFC18B1FFE7F2F7DCFDD8
:10028000FFE702B080BD000080B582B040F6842058
:10029000C2F20000009043F60001C4F200010160C8
:1002A0004FF4800141600021019181600722C2600A
:1002B0004FF0007303614FF0807343614FF0806330
:1002C00083614FF04053C361016241628162C26247
:1002D00041638163C1638164C16401654165816576
:1002E000C1650166FBF782FC18B1FFE7F2F7A4FDD8
:1002F000FFE702B080BD000080B582B040F6143048
:10030000C2F20000009043F60041C4F20001016017
:100310004FF4800141600021019181600722C26099
:100320004FF0007303614FF0807343614FF08063BF
:1003300083614FF04053C361016241628162C262D6
:1003400041638163C1638164C16401654165816505
:10035000C1650166FBF74AFC18B1FFE7F2F76CFDD7
:10036000FFE702B080BD000080B582B040F6A43047
:10037000C2F20000009044F60041C4F201010160A5
:100380004FF4800141600021019181600722C26029
:100390004FF0007303614FF0807343614FF080634F
:1003A00083614FF04053C361016241628162C26266
:1003B00041638163C1638164C16401654165816595
:1003C000C1650166FBF712FC18B1FFE7F2F734FDD7
:1003D000FFE702B080BD000080B584B0002103912A
:1003E0000291019140F63440C2F2000041F2004215
:1003F000C4F200020260F9224260816040F2E732FA
:10040000C2608161FDF7F8F918B1FFE7F2F714FD5A
:10041000FFE700200190039040F63440C2F2000054
:1004200001A9FDF7DBF818B1FFE7F2F705FDFFE7DB
:1004300004B080BD80B582B040F68040C2F20000BA
:10044000009043F60001C4F2010101604FF46131F4
:100450004160002101918160C16001610C22426113
:100460008161C161016241628162FEF735F818B1B4
:10047000FFE7F2F7E1FCFFE740F68040C2F2000040
:100480000021FDF735FD18B1FFE7F2F7D5FCFFE7D6
:1004900040F68040C2F200000021FDF7E3FC18B1F5
:1004A000FFE7F2F7C9FCFFE740F68040C2F2000028
:1004B000FDF790FC18B1FFE7F2F7BEFCFFE702B0D2
:1004C00080BD000080B582B040F61450C2F200003A
:1004D000009046F20041C4F2000101604FF4165151
:1004E0004160002101918160C16001610C22426183
:1004F0008161C161016241628162FDF7EDFF18B166
:10050000FFE7F2F799FCFFE740F61450C2F2000053
:100510000021FDF7EDFC18B1FFE7F2F78DFCFFE7D6
:1005200040F61450C2F200000021FDF79BFC18B108
:10053000FFE7F2F781FCFFE740F61450C2F200003B
:10054000FDF748FC18B1FFE7F2F776FCFFE702B0D1
:1005500080BD0000FFE7FEE7FFE7FEE788B00790F9
:1005600006910592079800F0070004900498C0F1E6
:100570000700052803D3FFE70420019004E0049856
:10058000C0F107000190FFE7019803900498043040
:10059000062803D8FFE70020009003E00498033802
:1005A0000090FFE70098029006980399012202FA52
:1005B00001F101390840029B984005999A40013A9F
:1005C0001140084308B0704787B08DED060ACDEDA5
:1005D000050A8DED041ACDED031A9DED050A9DED7A
:1005E000031A30EE010A8DED020A9DED030A9DED1E
:1005F000021A80EE010A8DED010A9DED050A9DEDBE
:10060000021A80EE010A8DED000A9DED010A9DEDB2
:10061000062A9DED001A9DED043A21EE031A20EE04
:10062000020A30EE010A07B0704700007047000070
:1006300080B5C4B002A801904FF48471EFF76EFE4C
:100640000198042103910021C4F2200102910321A9
:1006500004910221059110220692079108910991B7
:100660000C210A9100210B910C914FF400310D9156
:100670004FF4007131913D91F8F73CFD18B1FFE75F
:10068000F2F7DAFBFFE744B080BD000080B58EB022
:1006900002A801902C21EFF741FE019940F62C10A1
:1006A000C2F20000F4F7C4FA20B1FFE76FF00500D2
:1006B0000D904BE040F65060C2F20000007830B977
:1006C000FFE7079818B9FFE700200D903EE040F6DD
:1006D0005061C2F200010020087040F62C10C2F2F6
:1006E0000000F4F7C5FF50B1FFE740F65061C2F2D9
:1006F0000001012008706FF005000D9026E040F623
:100700002C10C2F20000F4F78DFF50B1FFE740F665
:100710005061C2F20001012008706FF005000D90D9
:1007200014E040F62C10C2F2000004F0BBFF50B100
:10073000FFE740F65061C2F20001012008706FF03F
:1007400005000D9002E000200D90FFE70D980EB01F
:1007500080BD000080B58AB0002004900990089008
:10076000079006900590069002210091079108904D
:100770004FF40050059040F60000C4F202200190B2
:1007800005A90391F5F74AF8009A01980399059293
:10079000F5F744F80399012005900020C4F20220E7
:1007A0000290F5F73BF80298039904220592F5F7B9
:1007B00035F804980AB080BD80B584B0029000205E
:1007C0008DF80700029820B9FFE76FF00100039051
:1007D00049E040F60000C4F202204FF40051F5F762
:1007E00093F9012807D1FFE79DF8070040F00100C9
:1007F0008DF80700FFE740F60000C4F20220022156
:10080000F5F782F9012807D1FFE79DF8070040F0CE
:1008100002008DF80700FFE70020C4F2022001214A
:10082000F5F772F9012807D1FFE79DF8070040F0BE
:1008300004008DF80700FFE70020C4F20220042125
:10084000F5F762F9012807D1FFE79DF8070040F0AE
:1008500008008DF80700FFE79DF80700029908706F
:1008600000200390FFE7039804B080BD80B584B0FA
:10087000029040F60041C4F20241086820F0806016
:100880000860F5F76FF90190FFE740F60040C4F209
:100890000240006800F000610020B0EBD16F0CD086
:1008A000FFE7F5F75FF90199401A032804D3FFE742
:1008B00003208DF80F008BE0E7E7FFE740F62C41BF
:1008C000C4F20241086843F603729043029B1A681F
:1008D0005B6842EA03221043086002998868D1F8F5
:1008E0000CC00B694A6901386FF35F204FF6006155
:1008F000CFF6FF7101EB4C2189B208440021CFF6FD
:10090000FF7101EB034101F4FE0108444FF07F4108
:1009100001EB026101F0FE41084440F63C41C4F2A3
:1009200002410860FFE740F62C41C4F20241009109
:10093000086820F00C00029A926910430860086869
:1009400020F02000029AD269104308600298426A9F
:10095000086810430860086820F01000086040F63E
:100960004042C4F2024210684FF6F8739843029B6B
:100970001B6A40EAC3001060086840F0100008607D
:1009800040F60041C4F20241086840F0806008600F
:10099000F5F7E8F80190FFE740F60040C4F20240A6
:1009A000006800F000610020B0EBD16F0CD1FFE7D0
:1009B000F5F7D8F80199401A032804D3FFE703207C
:1009C0008DF80F0004E0E7E700208DF80F00FFE747
:1009D0009DF80F0004B080BD80B584B0029040F651
:1009E0000041C4F20241086820F080500860F5F729
:1009F000B9F80190FFE740F60040C4F202400068F9
:100A000000F000510020B0EB517F0CD0FFE7F5F76C
:100A1000A9F80199401A032804D3FFE703208DF8B1
:100A20000F008BE0E7E7FFE740F63041C4F20241F8
:100A3000086843F603729043029B1A685B6842EAB7
:100A400003221043086002998868D1F80CC00B6932
:100A50004A6901386FF35F204FF60061CFF6FF71EE
:100A600001EB4C2189B208440021CFF6FF7101EB64
:100A7000034101F4FE0108444FF07F4101EB0261A4
:100A800001F0FE41084440F64441C4F202410860CE
:100A9000FFE740F63041C4F202410091086820F0BF
:100AA0000C00029A926910430860086820F0200048
:100AB000029AD269104308600298426A086810439B
:100AC0000860086820F01000086040F64842C4F250
:100AD000024210684FF6F8739843029B1B6A40EA83
:100AE000C3001060086840F01000086040F6004144
:100AF000C4F20241086840F080500860F5F732F80F
:100B00000190FFE740F60040C4F20240006800F0A8
:100B100000510020B0EB517F0CD1FFE7F5F722F830
:100B20000199401A032804D3FFE703208DF80F0032
:100B300004E0E7E700208DF80F00FFE79DF80F00C5
:100B400004B080BD80B588B007908DED060A8DF8A1
:100B500017109DF8171040F28470C2F20000405C3C
:100B600008B1FFE777E19DED060A9FEDBC1A20EE84
:100B7000010A8DED040A9DED040AB7EE001AB4EEE9
:100B8000410AF1EE10FA04DDFFE74FF07E500490C9
:100B9000FFE7002003900290FFE7029802285BDC49
:100BA000FFE79DF8171040F27C50C2F20000405C55
:100BB00088B9FFE70798029A50F822009DF81710AD
:100BC00001EB410340F24451C2F2000101EB830109
:100BD00041F82200FFE79DED040A0798029A00EB16
:100BE000820090ED002A9DF8170000EB400140F2D2
:100BF0004450C2F2000000EB810101EB820191ED53
:100C0000001A32EE412A20EE020A30EE010A81ED8E
:100C1000000A079A029902EB810292ED000A9DF800
:100C2000172002EB420200EB820000EB810090ED06
:100C3000001A30EE410A8DED010A9DED010A9DED8D
:100C4000031A20EE000A30EE010A8DED030AFFE7D9
:100C5000029801300290A0E79DF8172040F27C51E5
:100C6000C2F20001012088549DED030A08F012F839
:100C70008DED000A9DED000AB6EE001AB4EE410AB1
:100C8000F1EE10FA2ADDFFE79DF8172040F27451CB
:100C9000C2F20001002041F822009DF8172040F226
:100CA0007E51C2F2000121F812009DF8171001EBED
:100CB000410240F25C51C2F2000101EB82029060FD
:100CC0009DF8172002EB420201EB820250609DF872
:100CD000172002EB420241F8220014E09DED060AC3
:100CE0009DF8171040F27450C2F2000000EB810032
:100CF00090ED001A9FED5A2A20EE020A30EE010A0A
:100D000080ED000AFFE79DF8171040F27450C2F220
:100D1000000000EB810090ED000A9FED521AB4EE46
:100D2000410AF1EE10FAC0F29680FFE7079890EDC5
:100D3000001A9DF8170000EB400140F25C50C2F22F
:100D4000000000EB810191ED000A30EE010A81ED17
:100D5000000A079991ED011A9DF8171001EB410166
:100D600000EB810191ED010A30EE010A81ED010AEB
:100D7000079991ED021A9DF8171001EB410100EB64
:100D8000810090ED020A30EE010A80ED020A9DF822
:100D9000172040F27E50C2F2000030F812100131EC
:100DA00020F812109DF8171030F81100642851DB5C
:100DB000FFE79DF8170000EB400140F25C5CC2F2D7
:100DC000000C0CEB810292ED000A40F27E52C2F25E
:100DD000000232F8100001EE100AB8EEC11A80EEDF
:100DE000010A40F2A870C2F2000000EB810181ED1F
:100DF000000A9DF8173003EB43010CEB810E9EEDCA
:100E0000010A32F8133001EE103AB8EEC11A80EE42
:100E1000010A00EB810181ED010A9DF8173003EB17
:100E200043010CEB810C9CED020A32F8132001EE19
:100E3000102AB8EEC11A80EE010A00EB810080EDA5
:100E4000020A9DF8172040F28471C2F200010120CD
:100E50008854FFE7FFE708B080BD00BFDA0F4941C3
:100E600000007A440000484382B001900198006875
:100E70004069009001980168886940F00800886125
:100E800001980168886940F0100088610198016844
:100E9000086820F00100086001980168086940F2C4
:100EA0006F329043086101980168886820F44040DF
:100EB0008860019890F88900042815D0FFE79DF814
:100EC0000000800600280ED5FFE70199D1F88C00BC
:100ED00040F08000C1F88C0001980168886940F0FA
:100EE00020008861FFE7FFE7019890F88900032858
:100EF00015D0FFE79DF80000400600280ED5FFE75B
:100F00000199D1F88C0040F00400C1F88C000198E0
:100F10000168886940F040008861FFE7FFE79DF8BD
:100F20000100800700280ED5FFE70199D1F88C0059
:100F300040F00100C1F88C0001980168886940F414
:100F400000708861FFE79DF80100C00770B1FFE7FE
:100F50000199D1F88C0040F00800C1F88C0001988C
:100F60000168886940F480708861FFE7019900207A
:100F7000A1F86A000199A1F8720002B07047000060
:100F800083B002900298C16B012000EB51100190D8
:100F90000298C0680130009000980730C0080090A7
:100FA0000098019900FB01F003B0704780B586B04E
:100FB000DDF820C0049003918DF80B200193FFE72A
:100FC00004980068406903990840401AB0FA80F01C
:100FD00040099DF80B10884214D1FFE7F4F7C2FDD9
:100FE0000899401A0199884204D3FFE7019801301B
:100FF00018B9FFE7019820B9FFE703208DF8170023
:1010000004E0DDE700208DF81700FFE79DF81700EA
:1010100006B080BD7047000010B588B0DDF828C06C
:1010200006900591ADF812208DF81130069848B160
:10103000FFE7BDF8120028B1FFE79DF81100202856
:1010400004D3FFE700208DF81F0030E004F0F2FF2A
:101050000390039820B9FFE700208DF81F0026E0D9
:1010600003980699059ABDF812309DF811C0EE4616
:101070000224CEF80440CEF800C005F00DF8039825
:1010800004F06EFF012807D0FFE70399002081F8E4
:1010900021008DF81F000AE00A9820B1FFE70398AD
:1010A0000A990860FFE701208DF81F00FFE79DF80F
:1010B0001F0008B010BD000010B588B0DDF828C0D2
:1010C00006900591ADF812208DF81130069848B1C0
:1010D000FFE7BDF8120028B1FFE79DF811002028B6
:1010E00004D3FFE700208DF81F0031E0302008F026
:1010F00059FB0390039820B9FFE700208DF81F00EB
:1011000026E003980699059ABDF812309DF811C0A3
:10111000EE460124CEF80440CEF800C004F0BCFF37
:10112000039804F01DFF012807D0FFE7039808F09B
:1011300011FB00208DF81F000AE00A9820B1FFE79C
:1011400003980A990860FFE701208DF81F00FFE768
:101150009DF81F0008B010BD80B586B000F0E8F81B
:1011600041F2C401C2F20001049145F24160C0F6AF
:101170000100C1F8740145F27160C0F60100C1F8C8
:10118000780141F2C820C2F2000040F6A861C2F224
:1011900000014FF4007204F0CBFF049806F02AFA25
:1011A00040F68040C2F2000041F2BC21C2F20001D0
:1011B0000122FDF7CBFA40F28450C2F200006946EA
:1011C000086047F65940C0F6010049F6DD31C0F627
:1011D00001010A2205920023FFF76EFF059A40F2F3
:1011E000B040C2F20000694608604EF69D60C0F64D
:1011F000000049F6D131C0F601010323FFF70CFFCF
:1012000040F28850C2F20000007898B1FFE740F247
:10121000AC40C2F20000694608604EF61550C0F6B8
:10122000000049F6C831C0F601010A220323FFF786
:10123000F3FEFFE740F2B440C2F2000069460860E6
:101240004FF25130C0F6000049F6E931C0F6010115
:101250000A2203920423FFF7DFFE40F26440C2F249
:101260000000694608604FF69500C0F6000049F698
:101270000541C0F60101012201920523FFF7CCFED2
:10128000019A40F28040C2F200006946086040F6D0
:10129000FD10C0F6000049F6E331C0F60101152348
:1012A0000293FFF7B9FE019A029B40F2FC50C2F292
:1012B00000006946086040F64D50C0F6000049F64F
:1012C000F331C0F60101FFF7A7FE029B40F23C504C
:1012D000C2F200006946086040F63530C0F60000F2
:1012E00049F6D931C0F601014FF47A72FFF794FE46
:1012F000039A40F24050C2F200006946086040F68E
:101300008140C0F6000049F60F41C0F601011623E6
:10131000FFF782FE012808D0FFE741F25821C2F210
:101320000001886A01308862FFE706B080BD0000D6
:1013300080B582B040F6A461C2F2000100200860CE
:101340008DF80700FFE79DF80700132826D8FFE770
:101350009DF8070000EB400141F2E020C2F20000DE
:10136000009000EB01103021EEF7D8FF00999DF8B6
:10137000070000EB400001EB0012002082F8210082
:101380009DF8072002EB420201EB02114862FFE7E1
:101390009DF8070001308DF80700D4E702B080BD4A
:1013A00080B586B040F6A460C2F2000000680590E7
:1013B000F1F77AFE0490FFE70598002845D0FFE793
:1013C000049805998969401A039003980599898AB8
:1013D000884236D3FFE7049805990022CA618861E4
:1013E0000598006860B3FFE74EF21800CEF20000E7
:1013F00000900068029005980168808A88470098EC
:101400000068019001980299884208D3FFE702988A
:101410004DF29001C0F2030108440290FFE70298E8
:101420000199401A00EE100AB8EE400A9FED081A22
:1014300020EE010A0598BCEEC00A80ED0A0AFFE71B
:10144000FFE70598406A0590B6E706B080BD00BF8B
:101450006F12833B80B5F4F7B5FB80BD80B58CB0CF
:10146000FF208DF82A0000200990EFF783FB58B188
:10147000FFE741F25821C2F20001486A0130486298
:101480004FF0FF300B9028E140F28441C2F200019E
:10149000049100200390C1F8030008600121069127
:1014A0000722059206F0E4FB039B049A0599844603
:1014B0000698C2F800C0137150719171F1F716FCD3
:1014C00040B1FFE741F25821C2F20001C86A013081
:1014D000C862FFE70120F1F7FBFB40B1FFE741F2F3
:1014E0005821C2F20001C86A0130C862FFE701203A
:1014F000F1F70AFC40B1FFE741F25821C2F20001C6
:10150000C86A0130C862FFE76420F3F737F90020AA
:101510008DF81F00FDF7DEFBFDF7B0FF8DF81F0013
:101520009DF91F0068B9FFE740F28851C2F200013F
:101530000020087041F2B021C2F2000101200870C1
:1015400019E09DF91F0001280CD1FFE740F28851F6
:10155000C2F200010120087041F2B021C2F2000184
:10156000087007E041F25821C2F20001886801309A
:101570008860FFE7FFE7FEF7CDFA40B1FFE741F2F1
:101580005821C2F20001C8680130C86006E041F28B
:10159000B021C2F2000101204870FFE740F60000D0
:1015A000C4F20220202101220292F4F7C5FA029A25
:1015B00040F20040C4F202201146F4F7BDFA01F0F7
:1015C00061FF40B1FFE741F25821C2F20001086912
:1015D0000130086106E041F2B021C2F200010120B1
:1015E0008870FFE7EFF7DCF940B1FFE741F25821DF
:1015F000C2F20001486801304860FFE7EFF736FBB0
:1016000058B1FFE741F25821C2F20001486A0130A7
:1016100048624FF0FF300B905FE0FFF79DFD40F612
:10162000B830F3F7ABF840F63440C2F20000FCF7F4
:101630005FF96420EFF786F940B1FFE741F25821E6
:10164000C2F20001886C01308864FFE7F4F78AFA7F
:101650000890FFE741F2B020C2F20000417900207B
:10166000019059B9FFE7F4F77DFA0899411A002073
:10167000B1F57A7F38BF01200190FFE70198C007DC
:1016800020B1FFE70120F3F779F8E3E741F2B0205A
:10169000C2F200004079B8B1FFE70220F3F76EF81C
:1016A00001F0A4FD40F2A050C2F200000078EFF774
:1016B00027FB40B1FFE741F25821C2F20001486B1D
:1016C00001304863FFE7FFE741F2B021C2F20001B9
:1016D0000120887100200B90FFE70B980CB080BDB3
:1016E00080B59CB008A85021EEF718FE00200790A6
:1016F00006900590049003900290FFE740F61000DA
:10170000C4F20240016841F030010160006800F05D
:10171000300001900198FFE7FFE740F61400C4F2A3
:101720000240006800F00800082801D0FFE7F4E755
:10173000012008904FF4803009900220129003217C
:101740001391149028211591169004211791189047
:101750000C20199000201A901B9008A8F9F748FD5A
:1017600018B1FFE7F1F768FBFFE71F2002900320A5
:1017700003900020049005900690079002A8052190
:10178000F9F730F918B1FFE7F1F756FBFFE742F23E
:101790000001C4F202010868022262F30510086029
:1017A0001CB080BD82B04EF68851CEF200010868B0
:1017B00040F47000086040F60042C4F2024201208A
:1017C000106040F61C41C4F2024100200090086005
:1017D00040F62041C4F20241086011684EF6E3234E
:1017E000CEF6E2231940116040F62841C4F20241CE
:1017F000086040F62C41C4F20241086040F63041D6
:10180000C4F20241086040F63443C4F2024340F29D
:101810008021C0F20111196040F63843C4F202433E
:10182000186040F63C43C4F20243196040F640435E
:10183000C4F20243186040F64443C4F20243196004
:1018400040F64841C4F202410860116821F4802149
:10185000116040F65041C4F2024108604EF6085152
:10186000CEF200014FF00060086042F21800C4F2AE
:101870000200006800F0604001900198B0F1604FF4
:1018800005D0FFE70198B0F1404F24D1FFE742F2C5
:101890001C00C4F202000068C00778B1FFE742F202
:1018A0000C01C4F2020142F63B20C0F619000860A8
:1018B00046F67F60C4F65D400860FFE742F21C0117
:1018C000C4F20201086840F002000860086840F0B5
:1018D00001000860FFE702B07047000080B540F6E5
:1018E0003440C2F20000FCF7D1F880BD83B0029012
:1018F0000191029800680090029842F60041C4F2FB
:101900000101884252D0FFE7029842F60041C5F239
:10191000010188424AD0FFE70298B0F1804F45D0DC
:10192000FFE70298B0F1A04F40D0FFE7029840F2E5
:101930000041C4F20001884238D0FFE7029840F22B
:101940000041C5F20001884230D0FFE7029840F61E
:101950000001C4F20001884228D0FFE7029840F657
:101960000001C5F20001884220D0FFE7029840F64E
:101970000041C4F20001884218D0FFE7029840F607
:101980000041C5F20001884210D0FFE7029843F2FF
:101990000041C4F20101884208D0FFE7029843F2F7
:1019A0000041C5F2010188420AD1FFE7009820F00A
:1019B0007000009001984168009808430090FFE78C
:1019C000029842F60041C4F20101884200F0BA8058
:1019D000FFE7029842F60041C5F20101884200F09B
:1019E000B180FFE70298B0F1804F00F0AB80FFE7D5
:1019F0000298B0F1A04F00F0A580FFE7029840F2F6
:101A00000041C4F20001884200F09C80FFE7029888
:101A100040F20041C5F20001884200F09380FFE7E8
:101A2000029840F60001C4F20001884200F08A806A
:101A3000FFE7029840F60001C5F20001884200F07D
:101A40008180FFE7029840F60041C4F2000188421D
:101A500078D0FFE7029840F60041C5F200018842C5
:101A600070D0FFE7029843F20041C4F201018842BE
:101A700068D0FFE7029843F20041C5F201018842B5
:101A800060D0FFE7029841F60001C4F200018842ED
:101A900058D0FFE7029841F60001C5F200018842E4
:101AA00050D0FFE7029841F60041C4F2000188429D
:101AB00048D0FFE7029841F60041C5F20001884294
:101AC00040D0FFE7029842F20001C4F200018842D0
:101AD00038D0FFE7029842F20001C5F200018842C7
:101AE00030D0FFE7029844F20001C4F201018842BD
:101AF00028D0FFE7029844F20001C5F201018842B4
:101B000020D0FFE7029844F20041C4F2010188426C
:101B100018D0FFE7029844F20041C5F20101884263
:101B200010D0FFE7029844F60001C4F20101884298
:101B300008D0FFE7029844F60001C5F2010188428F
:101B40000AD1FFE7009820F4407000900198C16826
:101B5000009808430090FFE7009820F0800001996A
:101B600049690843009000980299086001988068CC
:101B70000299C8620198006802998862029842F648
:101B80000041C4F20101884248D0FFE7029842F6C2
:101B90000041C5F20101884240D0FFE7029843F2BC
:101BA0000041C4F20101884238D0FFE7029843F2B5
:101BB0000041C5F20101884230D0FFE7029844F2AB
:101BC0000001C4F20101884228D0FFE7029844F2E4
:101BD0000001C5F20101884220D0FFE7029844F2DB
:101BE0000041C4F20101884218D0FFE7029844F294
:101BF0000041C5F20101884210D0FFE7029844F687
:101C00000001C4F20101884208D0FFE7029844F6BF
:101C10000001C5F20101884205D1FFE70198006982
:101C200002990863FFE70299012048610298006960
:101C3000C00730B1FFE70299086920F00100086190
:101C4000FFE703B07047000082B001900198406E3A
:101C500040B9FFE701990120A1F86A000199A1F8B4
:101C6000680034E008208DF803008DF80200019828
:101C700000688068C0F342608DF801000198006838
:101C80008068400F8DF800009DF802009DF800204C
:101C900049F64023C0F60103995C00FB01F049F6C8
:101CA0003821C0F601018A5CB0FBF2F0019AA2F87B
:101CB0006A009DF803009DF801209B5C00FB03F087
:101CC000895CB0FBF1F00199A1F86800FFE702B070
:101CD0007047000081B00090009890F8280000073D
:101CE00000280BD5FFE700980068406820F400400A
:101CF000009A1168926B10434860FFE7009890F8D3
:101D00002800C00758B1FFE700980068406820F439
:101D10000030009A1168D26A10434860FFE70098CB
:101D200090F82800800700280BD5FFE7009800688E
:101D3000406820F48030009A1168126B10434860AC
:101D4000FFE7009890F82800400700280BD5FFE730
:101D500000980068406820F48020009A1168526B57
:101D600010434860FFE7009890F82800C00600285C
:101D70000BD5FFE700980068806820F48050009A37
:101D80001168D26B10438860FFE7009890F8280034
:101D9000800600280BD5FFE700980068806820F4D3
:101DA0000050009A1168126C10438860FFE7009899
:101DB00090F82800400600281CD5FFE7009800682E
:101DC000406820F48010009A1168526C10434860FB
:101DD0000098406CB0F5801F0BD1FFE700980068B9
:101DE000406820F4C000009A1168926C104348606B
:101DF000FFE7FFE7009890F82800000600280BD5C1
:101E0000FFE700980068406820F40020009A1168FD
:101E1000D26C10434860FFE701B0704780B588B0CE
:101E2000069006990020C1F89000F3F79BFE0590FC
:101E3000069800680068000700282FD5FFE706987D
:101E4000059B6A466FF07E4111604FF4001100223D
:101E500001F0D8F808B3FFE7FFE7FFE7069800684E
:101E600050E8000F20F080000490FFE704990698E6
:101E7000026842E800100028F0D1FFE7FFE706996A
:101E80002020C1F88800FFE70699002081F884002F
:101E9000FFE703208DF81F005FE0FFE7069800686A
:101EA00000684007002842D5FFE70698059B6A4670
:101EB0006FF07E4111604FF48001002201F0A2F822
:101EC000A0B3FFE7FFE7FFE70698006850E8000FC0
:101ED00020F490700390FFE703990698026842E8A7
:101EE00000100028F0D1FFE7FFE7FFE7FFE70698C3
:101EF000006850E8020F20F001000290FFE702990D
:101F00000698026842E802100028F0D1FFE7FFE7D8
:101F100006992020C1F88C00FFE70699002081F87F
:101F20008400FFE703208DF81F0016E0FFE7069905
:101F30002020C1F888000699C1F88C00069900207D
:101F4000C86606990867FFE70699002081F88400B3
:101F5000FFE700208DF81F00FFE79DF81F0008B085
:101F600080BD000080B582B001900198C06D0090E6
:101F700000990020A1F85E000098FCF707F802B075
:101F800080BD000084B00390FFE7FFE7039800687E
:101F900050E8000F20F490700290FFE70299039838
:101FA000026842E800100028F0D1FFE7FFE7FFE7F2
:101FB000FFE70398006850E8020F4FF6FE71CEF677
:101FC000FF7108400190FFE701990398026842E819
:101FD00002100028EDD1FFE7FFE70398C06E01284B
:101FE00014D1FFE7FFE7FFE70398006850E8000F10
:101FF00020F010000090FFE700990398026842E883
:1020000000100028F0D1FFE7FFE7FFE70399202049
:10201000C1F88C0003990020C8660399486704B092
:102020007047000080B582B00190FFE7FFE701989C
:10203000006850E8000F20F040000090FFE7009992
:102040000198026842E800100028F0D1FFE7FFE79E
:1020500001992020C1F88800019900208867019823
:10206000FCF7AAFC02B080BD80B588B00790079845
:10207000B0F86000ADF816000798D0F88C00222860
:1020800040F0B480FFE707980068406AADF814009C
:102090000798806D0690BDF81400BDF81610084032
:1020A000069908800799886D023088650799B1F80C
:1020B0005E000138A1F85E000798B0F85E000028C5
:1020C00040F09380FFE7FFE7FFE70798006850E8DC
:1020D000000F20F490700490FFE7049907980268BD
:1020E00042E800100028F0D1FFE7FFE7FFE7FFE735
:1020F0000798006850E8020F20F001000390FFE706
:1021000003990798026842E802100028F0D1FFE71F
:10211000FFE707992020C1F88C0007990020486745
:10212000079908670798006842F20041C4F200412D
:10213000884225D0FFE70798006842F20041C5F2C7
:10214000004188421CD0FFE7079800684068000201
:10215000002814D5FFE7FFE7FFE70798006850E87D
:10216000000F20F080600290FFE702990798026854
:1021700042E800100028F0D1FFE7FFE7FFE7FFE7A4
:102180000798C06E01282BD1FFE707990020C86689
:10219000FFE7FFE70798006850E8000F20F0100005
:1021A0000190FFE701990798026842E800100028B3
:1021B000F0D1FFE7FFE707980068C06900F0100161
:1021C0000120B0EB111F05D1FFE70798016810202F
:1021D0000862FFE70798B0F85C10FBF739FE03E0F0
:1021E0000798FCF71BFBFFE7FFE706E0079801688D
:1021F000886940F008008861FFE708B080BD0000F2
:1022000080B58EB00D900D98B0F86000ADF82E003E
:102210000D980068C06909900D98006800680890E2
:102220000D980068806807900D98D0F88C002228DF
:1022300040F06A81FFE70D98B0F86800ADF82A0019
:10224000FFE7BDF82A100020009031B1FFE79DF8AC
:102250002400C0F340100090FFE70098C00700285A
:1022600000F01381FFE70D980068406AADF82C007C
:102270000D98806D0C90BDF82C00BDF82E10084014
:102280000C9908800D99886D023088650D99B1F818
:102290005E000138A1F85E000D980068C0690990E1
:1022A0009DF824004007002852D0FFE79DF8240045
:1022B000C00788B1FFE79DF82100C00760B1FFE7C4
:1022C0000D980168012008620D99D1F8900040F046
:1022D0000100C1F89000FFE79DF824008007002866
:1022E00011D5FFE79DF81C00C00760B1FFE70D980E
:1022F0000168022008620D99D1F8900040F00400B6
:10230000C1F89000FFE79DF824004007002811D590
:10231000FFE79DF81C00C00760B1FFE70D9801685A
:10232000042008620D99D1F8900040F00200C1F835
:102330009000FFE70D98D0F8900040B1FFE70D98AE
:10234000FBF724FE0D990020C1F89000FFE7FFE79E
:102350000D98B0F85E00002840F09680FFE7FFE798
:10236000FFE70D98006850E8000F20F48070069099
:10237000FFE706990D98026842E800100028F0D1A6
:10238000FFE7FFE7FFE7FFE70D98006850E8020F5F
:102390004FF6FE71CEF6FF7108400590FFE70599F4
:1023A0000D98026842E802100028EDD1FFE7FFE730
:1023B0000D992020C1F88C000D99002048670D99D7
:1023C00008670D98006842F20041C4F2004188425B
:1023D00025D0FFE70D98006842F20041C5F20041A8
:1023E00088421CD0FFE70D98006840680002002872
:1023F00014D5FFE7FFE7FFE70D98006850E8000FEE
:1024000020F080600490FFE704990D98026842E88C
:1024100000100028F0D1FFE7FFE7FFE7FFE70D9886
:10242000C06E01282BD1FFE70D990020C866FFE799
:10243000FFE70D98006850E8000F20F010000390AF
:10244000FFE703990D98026842E800100028F0D1D8
:10245000FFE7FFE70D980068C06900F01001012058
:10246000B0EB111F05D1FFE70D980168102008623D
:10247000FFE70D98B0F85C10FBF7EAFC03E00D985D
:10248000FCF7CCF9FFE700E0DBE60D98B0F85E0062
:10249000ADF82800BDF82800A8B3FFE7BDF8280074
:1024A0000D99B1F8681088422DDAFFE7FFE7FFE7E2
:1024B0000D98006850E8020F20F080500290FFE76E
:1024C00002990D98026842E802100028F0D1FFE757
:1024D000FFE70D9942F26900C0F601004867FFE787
:1024E000FFE70D98006850E8000F40F020000190D1
:1024F000FFE701990D98026842E800100028F0D12A
:10250000FFE7FFE7FFE706E00D980168886940F004
:1025100008008861FFE70EB080BD000080B586B07E
:1025200005900598B0F86000ADF812000598D0F855
:102530008C00222840F0B280FFE705980068406ACE
:10254000ADF81000BDF810009DF812100840059974
:10255000896D08700599886D013088650599B1F815
:102560005E000138A1F85E000598B0F85E00002812
:1025700040F09380FFE7FFE7FFE70598006850E829
:10258000000F20F490700390FFE70399059802680C
:1025900042E800100028F0D1FFE7FFE7FFE7FFE780
:1025A0000598006850E8020F20F001000290FFE754
:1025B00002990598026842E802100028F0D1FFE76E
:1025C000FFE705992020C1F88C0005990020486795
:1025D000059908670598006842F20041C4F200417D
:1025E000884225D0FFE70598006842F20041C5F215
:1025F000004188421CD0FFE705980068406800024F
:10260000002814D5FFE7FFE7FFE70598006850E8CA
:10261000000F20F080600190FFE7019905980268A3
:1026200042E800100028F0D1FFE7FFE7FFE7FFE7EF
:102630000598C06E01282BD1FFE705990020C866D8
:10264000FFE7FFE70598006850E8000F20F0100052
:102650000090FFE700990598026842E80010002802
:10266000F0D1FFE7FFE705980068C06900F01001AE
:102670000120B0EB111F05D1FFE70598016810207C
:102680000862FFE70598B0F85C10FBF7E1FB03E098
:102690000598FCF7C3F8FFE7FFE706E00598016837
:1026A000886940F008008861FFE706B080BD00003F
:1026B00080B58EB00D900D98B0F86000ADF8320086
:1026C0000D980068C0690A900D980068006809902C
:1026D0000D980068806808900D98D0F88C0022282A
:1026E00040F06881FFE70D98B0F86800ADF82E0063
:1026F000FFE7BDF82E100020019031B1FFE79DF8F3
:102700002800C0F340100190FFE70198C00700289F
:1027100000F01181FFE70D980068406AADF83000C5
:10272000BDF830009DF8321008400D99896D087091
:102730000D99886D013088650D99B1F85E000138FA
:10274000A1F85E000D980068C0690A909DF8280005
:102750004007002852D0FFE79DF82800C00788B145
:10276000FFE79DF82500C00760B1FFE70D980168FD
:10277000012008620D99D1F8900040F00100C1F8E5
:102780009000FFE79DF828008007002811D5FFE79B
:102790009DF82000C00760B1FFE70D980168022096
:1027A00008620D99D1F8900040F00400C1F8900043
:1027B000FFE79DF828004007002811D5FFE79DF8A6
:1027C0002000C00760B1FFE70D980168042008628F
:1027D0000D99D1F8900040F00200C1F89000FFE799
:1027E0000D98D0F8900040B1FFE70D98FBF7CEFBB5
:1027F0000D990020C1F89000FFE7FFE70D98B0F8B1
:102800005E00002840F09680FFE7FFE7FFE70D98A5
:10281000006850E8000F20F480700790FFE70799E8
:102820000D98026842E800100028F0D1FFE7FFE7AA
:10283000FFE7FFE70D98006850E8020F4FF6FE71C2
:10284000CEF6FF7108400690FFE706990D980268E2
:1028500042E802100028EDD1FFE7FFE70D992020A4
:10286000C1F88C000D99002048670D9908670D98F4
:10287000006842F20041C4F20041884225D0FFE7DF
:102880000D98006842F20041C5F2004188421CD018
:10289000FFE70D98006840680002002814D5FFE7A4
:1028A000FFE7FFE70D98006850E8000F20F0806018
:1028B0000590FFE705990D98026842E8001000288E
:1028C000F0D1FFE7FFE7FFE7FFE70D98C06E0128B3
:1028D0002BD1FFE70D990020C866FFE7FFE70D98B1
:1028E000006850E8000F20F010000490FFE7049902
:1028F0000D98026842E800100028F0D1FFE7FFE7DA
:102900000D980068C06900F010010120B0EB111FA4
:1029100005D1FFE70D98016810200862FFE70D98C8
:10292000B0F85C10FBF794FA03E00D98FBF776FF24
:10293000FFE700E0DDE60D98B0F85E00ADF82C0092
:10294000BDF82C00A8B3FFE7BDF82C000D99B1F835
:10295000681088422DDAFFE7FFE7FFE70D9800686F
:1029600050E8020F20F080500390FFE703990D9884
:10297000026842E802100028F0D1FFE7FFE70D9956
:1029800042F21D50C0F601004867FFE7FFE70D98CF
:10299000006850E8000F40F020000290FFE7029925
:1029A0000D98026842E800100028F0D1FFE7FFE729
:1029B000FFE706E00D980168886940F0080088612B
:1029C000FFE70EB080BD000080B58AB009900020FE
:1029D0008DF813000998006842F20041C4F20041EA
:1029E000884209D0FFE70998006842F20041C5F229
:1029F0000041884201D1FFE700E0FFE709998868BC
:102A00000B694A69C969184310430843089009983B
:102A10000068006846F6F311CCF6FF71084008998B
:102A2000084309990968086009980068406820F41B
:102A30004050099A1168D26810434860099880692B
:102A400008900998006842F20041C4F200418842AF
:102A50000FD0FFE70998006842F20041C5F200413B
:102A6000884206D0FFE70998016A08980843089051
:102A7000FFE70998006880684FF2FF41C1F2FF113B
:102A8000084008990843099909688860099800680E
:102A9000C06A20F00F00099A1168526A1043C86298
:102AA000FFE70998006843F60001C4F2010188427B
:102AB00003D1FFE701200690A3E00998006844F2E3
:102AC0000041C4F20001884203D1FFE702200690D2
:102AD00096E00998006844F60001C4F200018842BB
:102AE00003D1FFE70420069089E00998006844F6C6
:102AF0000041C4F20001884203D1FFE7082006909C
:102B00007CE00998006845F20001C4F200018842A7
:102B100003D1FFE7102006906FE00998006846F2A5
:102B20000041C4F20001884203D1FFE72020069053
:102B300062E00998006847F60001C4F2000188428B
:102B400003D1FFE74020069055E00998006847F65A
:102B50000041C4F20001884203D1FFE780200690C3
:102B600048E00998006848F20001C4F20001884278
:102B700004D1FFE74FF4807006903AE009980068AE
:102B800046F60001C4F20001884204D1FFE74FF489
:102B9000007006902CE00998006846F60041C4F2E7
:102BA0000001884204D1FFE74FF4806006901EE0E8
:102BB0000998006848F20041C4F20001884204D13B
:102BC000FFE74FF40060069010E00998006842F2B9
:102BD0000041C4F20041884204D1FFE74FF4805025
:102BE000069002E000200690FFE7FFE7FFE7FFE71F
:102BF000FFE7FFE7FFE7FFE7FFE7FFE7FFE7FFE7A5
:102C0000FFE7FFE70998006842F20041C4F2004183
:102C1000884209D0FFE70998006842F20041C5F2F6
:102C2000004188425CD1FFE706980021F3F7E6FDFA
:102C300002900298002852D0FFE7029809994A6A48
:102C400049F64821C0F6010131F81210B0FBF1F04D
:102C5000039003980999496801EB4101884207D321
:102C6000FFE7039809994968B0EB013F04D9FFE7F2
:102C700001208DF8130031E0029809994A6800920A
:102C80004A6A49F64821C0F6010131F812200023B2
:102C900001931946EDF7F8FA009A019B090241EAFF
:102CA0001061000210EB520041F10001EDF7ECFA67
:102CB00005900598B0F5407F0BD3FFE705990020FC
:102CC000B0EB115F05D1FFE7059809990968C86065
:102CD00003E001208DF81300FFE7FFE7FFE76FE057
:102CE0000998C069B0F5004F3CD1FFE70698002174
:102CF000F3F784FD0290029898B3FFE70298099ACF
:102D00005168536A49F64822C0F6010232F813208E
:102D1000B0FBF2F0400000EB5100B0FBF1F0059089
:102D20000598102818D3FFE7BDF81600A0B9FFE7F3
:102D3000059820F00F00ADF81E00059800F00E0178
:102D4000BDF81E0040EA5100ADF81E00BDF81E009F
:102D500009990968C86003E001208DF81300FFE7B6
:102D6000FFE72CE006980021F3F748FD0290029857
:102D700020B3FFE70298099A5168536A49F648223E
:102D8000C0F6010232F81320B0FBF2F000EB510064
:102D9000B0FBF1F00590059810280AD3FFE7BDF8C5
:102DA000160030B9FFE7BDF8140009990968C8603A
:102DB00003E001208DF81300FFE7FFE7FFE7FFE7DF
:102DC00009990120A1F86A000999A1F868000999F8
:102DD00000204867099988679DF813000AB080BDF4
:102DE00088B007900691ADF8162006980799886577
:102DF000BDF816000799A1F85C00BDF81600079908
:102E0000A1F85E00079900204867FFE707988068EF
:102E1000B0F5805F10D1FFE70798006930B9FFE790
:102E2000079940F2FF10A1F8600004E00799FF2025
:102E3000A1F86000FFE72EE00798806878B9FFE707
:102E40000798006928B9FFE70799FF20A1F86000FB
:102E500004E007997F20A1F86000FFE71AE00798D7
:102E60008068B0F1805F0FD1FFE70798006928B94B
:102E7000FFE707997F20A1F8600004E007993F2051
:102E8000A1F86000FFE704E007990020A1F86000C6
:102E9000FFE7FFE7FFE7FFE707990020C1F8900091
:102EA00007992220C1F88C00FFE7FFE70798006828
:102EB00050E8020F40F001000490FFE704990798E2
:102EC000026842E802100028F0D1FFE7FFE7079808
:102ED000406EB0F1005F4CD1FFE7BDF816000799D6
:102EE000B1F86810884244DBFFE707988068B0F5C6
:102EF000805F0BD1FFE70798006938B9FFE70799B2
:102F000042F20120C0F60100486706E0079942F24C
:102F1000B160C0F601004867FFE707980069A0B1FB
:102F2000FFE7FFE7FFE70798006850E8000F40F46D
:102F300080700390FFE703990798026842E8001049
:102F40000028F0D1FFE7FFE7FFE7FFE7FFE707987B
:102F5000006850E8020F40F080500290FFE70299AD
:102F60000798026842E802100028F0D1FFE7FFE767
:102F700044E007988068B0F5805F0BD1FFE70798C1
:102F8000006938B9FFE7079942F26900C0F601000D
:102F9000486706E0079942F21D50C0F601004867F5
:102FA000FFE707980069A0B1FFE7FFE7FFE7079891
:102FB000006850E8000F40F490700190FFE701991D
:102FC0000798026842E800100028F0D1FFE7FFE709
:102FD00013E0FFE7FFE70798006850E8000F40F0B4
:102FE00020000090FFE700990798026842E800106F
:102FF0000028F0D1FFE7FFE7FFE7FFE7002008B078
:103000007047000080B586B0DDF820C004900391C1
:103010008DF80B200193FFE704980068C0690399BD
:103020000840401AB0FA80F040099DF80B10884221
:1030300066D1FFE708980130002860D0FFE7F2F77B
:1030400091FD0199401A0899884203D8FFE7089832
:1030500020B9FFE703208DF8170055E004980068B9
:1030600000684007002849D5FFE70398802845D02D
:10307000FFE70398402841D0FFE704980068C06943
:1030800000F008010120B0EBD10F16D1FFE7049842
:1030900001680820009008620498FEF773FF00980A
:1030A0000499C1F89000FFE70499002081F884009A
:1030B000FFE701208DF8170026E004980068C0693A
:1030C00000F400610120B0EBD12F16D1FFE7049886
:1030D00001684FF4006008620498FEF753FF0499FA
:1030E0002020C1F89000FFE70499002081F88400B7
:1030F000FFE703208DF8170006E0FFE7FFE78BE707
:1031000000208DF81700FFE79DF8170006B080BD7E
:1031100080B540F68040C2F20000FAF73BFF80BD68
:1031200084B08DED030A029001919DED030A02988F
:1031300090ED001A30EE410A8DED000A9DED001A67
:10314000029890ED002A9FED160A21EE001A31EE4A
:10315000021A80ED001A019890ED001A9DED002AE8
:1031600022EE000A20EE020A30EE010A9FED0D1A4F
:1031700020EE010A80ED000A019890ED000A9FED13
:103180000A1AB4EE410AF1EE10FA07DAFFE70199E4
:1031900041F26F20C3F683200860FFE704B0704758
:1031A000CDCC4C3D3333733F6F12833AFFE7FEE7DC
:1031B00040F69C60C2F20000006840F29051C2F2FA
:1031C0000001086040F27860C2F2000000684860C8
:1031D00041F2B820C2F200000068886040F20D7031
:1031E000C2F20000007808737047000040F27C6073
:1031F000C2F20000007C40F2A051C2F2000108704F
:103200007047000080B584B040F20460C2F2000054
:10321000EEF7B8F9CDED031A8DED021ACDED010AE6
:103220008DED000A40F2F840C2F20000C26840F2A0
:103230002C01C2F200010A6002694A6042698A6098
:103240000268CA6042680A618068486140F278702A
:10325000C2F2000002688A614268CA61806808623E
:1032600000984862019888620298C86203980863CF
:1032700004B080BD80B584B040F2AC60C2F2000002
:10328000008840F2A451C2F200010391088000F0CE
:10329000C5FC0399887041F2B020C2F20000C078EA
:1032A00050B1FFE700F096FC00F078F840F2A4512E
:1032B000C2F20001C870FFE700F02EFC00F096F8A3
:1032C00040F2A451C2F200010291087140F2AC60D8
:1032D000C2F200000190D0F805208A60D0F80920E1
:1032E000CA60D0F80D200A61D0F811204A61D0F8E8
:1032F00015208A61D0F81920CA61D0F81D200A6211
:10330000D0F821204A62D0F82500886240F2DC60C3
:10331000C2F200000088888500F092FC029981F8D2
:103320002E0041F2B020C2F20000007958B1FFE750
:1033300000F062FC00F032F840F2A451C2F2000149
:1033400081F82F00FFE700F035FC00F04FF840F265
:10335000A451C2F2000181F8300040F2DC60C2F2F8
:103360000000D0F805204A63D0F809208A63D0F81D
:103370000D20CA63D0F811200A64D0F815204A64E1
:10338000D0F819208A64D0F81D20CA64D0F8212012
:103390000A65D0F82500486504B080BD82B08DF87C
:1033A00006009DF8060001460091052815D80099F1
:1033B000DFE801F0031307130B0F02208DF807005D
:1033C0000FE003208DF807000BE004208DF80700C4
:1033D00007E001208DF8070003E000208DF80700CA
:1033E000FFE79DF8070002B07047000082B0ADF81B
:1033F0000400BDF804000146009119280CD0FFE735
:10340000009832280CD0FFE700984B280CD0FFE73B
:10341000009864280CD00FE001208DF807000FE021
:1034200002208DF807000BE003208DF8070007E06D
:1034300004208DF8070003E000208DF80700FFE767
:103440009DF8070002B07047FFE7FEE780B582B045
:1034500004F0FEFC20B1FFE74FF0FF3001900EE0DA
:10346000A020002104F03CFD20B1FFE74FF0FF3029
:10347000019004E0002004F0AFFC0190FFE7019808
:1034800002B080BD80B584B0FF208DF80B0040F203
:103490009430C2F20000D0F814C0694600230B60DB
:1034A0000DF10B010122E04720B1FFE74FF0FF30A3
:1034B000039036E040F29430C2F20000816A0120AD
:1034C000884702A800F030F820B1FFE74FF0FF3046
:1034D000039026E0BDF8090040BA01909DF808006D
:1034E000EF2806D1FFE701984AF62161884204D00F
:1034F000FFE74FF0FF30039013E0002004F06CFC76
:1035000020B1FFE74FF0FF3003900AE0FFF79EFF86
:1035100020B1FFE74FF0FF30039002E0002003905E
:10352000FFE7039804B080BD80B584B002909F206F
:10353000ADF80600029820B9FFE74FF0FF30039086
:1035400016E040F29430C2F20000D0F818C0029B9E
:103550006A46032111600DF106010222E04720B105
:10356000FFE74FF0FF30039002E000200390FFE7F9
:10357000039804B080BD000081B0ADF80200BDF931
:10358000020000280ED4FFE7BDF9021001F01F026F
:10359000012090404A094EF20011CEF2000141F89C
:1035A0002200FFE701B070474EF60C50CEF200004B
:1035B0000068C0F30220704782B0ADF806000091A9
:1035C000BDF9060000280AD4FFE700980001BDF904
:1035D00006104EF20042CEF2000288540BE0009832
:1035E0000001BDF8061001F00F014EF61452CEF2A4
:1035F00000028854FFE702B07047000083B00290D9
:10360000029800F0070000904EF60C51CEF2000137
:103610000868019001984FF6FF0210400190019850
:10362000009A40EA02200022C0F2FA5210430190B0
:103630000198086003B07047BFF34F8F4EF60C51EE
:10364000CEF20001086800F4E0600422C0F2FA52F1
:1036500010430860BFF34F8FFFE700BFFDE7000096
:1036600082B08DED010A41F2A800C2F20000009084
:103670000098407E042813D8FFE7019800990A7E3D
:1036800041F822009DED011A009890ED050A30EEF8
:10369000010A80ED050A0099487E013048761AE05B
:1036A0000098017E00EB810191ED001A90ED050A72
:1036B00030EE410A80ED050A019800990A7E41F832
:1036C00022009DED011A009890ED050A30EE010AE6
:1036D00080ED050AFFE70099087E01300876009822
:1036E000007E052804D3FFE7009900200876FFE755
:1036F000009890ED050A407E01EE100AB8EE411ADE
:1037000080EE010A02B0704780B584B08DF80B00DE
:103710008DF80A1001929DF80B0048B1FFE79DF863
:103720000B00012804D0FFE76FF00100039037E0A1
:103730009DF80B00012100F053FB9DF80B009DF854
:103740000A1000F031F848B1FFE79DF80B000021A6
:1037500000F046FB4FF0FF30039021E0F2F702FA51
:103760000090FFE79DF80B0000F0E6F9012814D166
:10377000FFE7F2F7F7F90099401A0199884204D35C
:10378000FFE70198013018B9FFE7019820B9FFE77A
:103790006FF00200039003E0E4E700200390FFE7EE
:1037A000039804B080BD000080B582B08DF803009E
:1037B0008DF802109DF8030028B9FFE74FF444701C
:1037C000ADF800000EE09DF80300012805D1FFE7E9
:1037D00040F21130ADF8000003E06FF001000190FD
:1037E0000CE0FFE7BDF800009DF8022040F25071A8
:1037F000C2F20001EDF7DCF80190FFE7019802B09A
:1038000080BD000040F28871C2F200010020086013
:1038100040F28C71C2F20001086040F27A01C2F2FB
:1038200000010120087040F27B01C2F20001087023
:103830007047000080B58AB000200890079006907D
:10384000EFF78EFA58B1FFE741F25821C2F20001BA
:10385000C86A0130C8624FF0FF30099077E001205C
:103860000090F2F7A7FA02200190F2F7A3FA0820DD
:103870000290F2F79FFA20200390F2F79BFA00984B
:10388000019940F64003C4F202431A6842F0FF0275
:103890001A6040F60003C4F202431A6842F0800244
:1038A0001A600022059207920891069006A80490DB
:1038B000F2F790FA019904980691F2F78BFA0299BF
:1038C00004980691F2F786FA039904980691F2F7A4
:1038D00081FA0598EFF718FA40B1FFE741F2582155
:1038E000C2F20001C86A0130C862FFE70020EFF7AA
:1038F000FDF940B1FFE741F25821C2F20001C86A68
:103900000130C862FFE70020EFF7E2F940B1FFE7BE
:1039100041F25821C2F20001C86A0130C862FFE7D3
:1039200040F64001C4F20241086840F0FF00086020
:1039300072B6F2F7D9FA62B641F25821C2F200012A
:10394000086B013008634FF0FF300990FFE70998DA
:103950000AB080BD80B504F0A3F908B9FFE734E0F0
:1039600040F29F70C2F20000007840F2A071C2F2F3
:1039700000010978884228D0FFE740F29F70C2F228
:103980000000017840F29070C2F20000415C00201B
:1039900004F09CF940B1FFE741F25821C2F2000166
:1039A000486B0130486310E040F29F71C2F20001A1
:1039B0000878013041F21212C1F21112A0FB02325A
:1039C000C2EB0212801A0870FFE780BD82B001903E
:1039D0000091019840B1FFE7009828B1FFE70098F7
:1039E000007801990870FFE702B0704783B001903A
:1039F000019800900F284AD80099DFE801F0080CE0
:103A00001014181C2024282C3034383C404400204A
:103A10008DF80B003FE001208DF80B003BE0022009
:103A20008DF80B0037E003208DF80B0033E0042005
:103A30008DF80B002FE005208DF80B002BE0062001
:103A40008DF80B0027E007208DF80B0023E00820FD
:103A50008DF80B001FE00C208DF80B001BE01020F0
:103A60008DF80B0017E014208DF80B0013E01820E0
:103A70008DF80B000FE020208DF80B000BE03020BC
:103A80008DF80B0007E040208DF80B0003E00020CC
:103A90008DF80B00FFE79DF80B0003B070470000A6
:103AA00080B582B00090009820B9FFE76FF0010068
:103AB000019014E041F2B020C2F20000407918B940
:103AC000FFE7052001900AE0009840F6AC51C2F2F1
:103AD00000013022ECF709FC00200190FFE701987B
:103AE00002B080BD80B582B00090009820B9FFE799
:103AF0006FF0010001900BE0009840F6AC51C2F26B
:103B0000000130313022ECF7F0FB00200190FFE79C
:103B1000019802B080BD000080B58CB040F6AC507A
:103B2000C2F2000000F1300168463022ECF7DDFB04
:103B3000BDF803000CB080BD82B08DF803009DF885
:103B4000030040B9FFE740F6AC50C2F2000090F825
:103B5000A200019011E09DF80300012808D1FFE7C1
:103B600040F6AC50C2F2000090F8A300019004E0CF
:103B7000FFE76FF001000190FFE7019802B0704786
:103B800080B582B00090009820B9FFE76FF0010087
:103B900001900BE0009840F6AC51C2F20001603198
:103BA0003022ECF7A2FB00200190FFE7019802B061
:103BB00080BD000080B58CB040F6AC50C2F2000071
:103BC00000F1600168463022ECF78FFBBDF803007E
:103BD0000CB080BD80B58CB040F6AC50C2F2000095
:103BE00000F1300168463022ECF77FFB9DF80200BF
:103BF00000F00F000CB080BD80B58CB040F6AC502A
:103C0000C2F2000000F1600168463022ECF76DFB63
:103C10009DF8020000F00F000CB080BD80B58CB0A4
:103C200040F6AC50C2F2000000F13001684630228C
:103C3000ECF75BFB9DF8020000090CB080BD0000B2
:103C400080B58CB040F6AC50C2F2000000F16001CB
:103C500068463022ECF749FB9DF8020000090CB0E1
:103C600080BD000080B582B040F28800C2F2000042
:103C7000006820B9FFE74FF0FF30019007E040F205
:103C80008800C2F20000016888470190FFE70198B0
:103C900002B080BD80B582B040F28800C2F2000060
:103CA000406820B9FFE74FF0FF30019007E040F295
:103CB0008800C2F20000416888470190FFE7019840
:103CC00002B080BD83B08DF807009DF80700014663
:103CD0000091402800F254800099DFE801F021248F
:103CE000272A2D303336395151513C5151513F51D2
:103CF00051514251515145515151515151514851D8
:103D000051515151515151515151515151514B51A9
:103D100051515151515151515151515151514E00E7
:103D20000020029030E0012002902DE0022002905D
:103D30002AE00320029027E00420029024E00520DE
:103D4000029021E0062002901EE0072002901BE076
:103D50000820029018E00920029015E00A20029045
:103D600012E00B2002900FE00C2002900CE00D20DE
:103D7000029009E00E20029006E00F20029003E07E
:103D80004FF0FF300290FFE7029803B07047000049
:103D900080B5FCF77BFC80BD80B584B0ADF80A002F
:103DA00001918DF8032040F28800C2F20000C06843
:103DB00020B9FFE74FF0FF3003900DE040F288009C
:103DC000C2F20000D0F80CC0BDF80A10019A9DF8AC
:103DD0000330E0470390FFE7039804B080BD000084
:103DE00081B08DF803008DF802109DF8030048B9EA
:103DF000FFE79DF8020040F6AC51C2F2000181F8E5
:103E0000A200FFE79DF80300012809D1FFE79DF814
:103E1000020040F6AC51C2F2000181F8A300FFE7B6
:103E200001B0704782B001900091FFE743F61C009B
:103E3000C4F2010000680006002801D4FFE7F5E79E
:103E40009DF8040043F62801C4F2010108600198BE
:103E500002B0704780B586B0049003910498272182
:103E60000DF10902012300F0BFFC0190019848B94F
:103E7000FFE7049824210DF10A02012300F0B4FCAD
:103E80000190FFE7019848B9FFE7049826210DF15A
:103E90000B02012300F0A8FC0190FFE7019818B184
:103EA000FFE70198059055E09DF8090000F0010238
:103EB0000399087800F0FE00104408709DF809206E
:103EC0000399087802F0020200F0FD001044087027
:103ED0009DF80A0000F001020399087800F0FB0049
:103EE00040EA820008709DF80A200399087802F0E1
:103EF000020200F0F70040EA820008709DF80A20F4
:103F00000399087802F0040200F0EF0040EA820012
:103F100008709DF80B200399087802F0200200F049
:103F2000DF00104408709DF80B200399087802F018
:103F3000400200F0BF00104408709DF80B20039968
:103F4000087802F0800200F07F00104408700198A9
:103F50000590FFE7059806B080BD000080B584B0ED
:103F60000390029103980E210DF10602012300F047
:103F70003BFC0090009868BBFFE70298007800F0D7
:103F800002019DF8060000F0BF0040EA41108DF8E4
:103F90000600029801789DF8060001F0040100F087
:103FA0007F0040EA41108DF806000298007800F08A
:103FB00001019DF8060000F0DF0040EA41108DF895
:103FC000060003980E210DF10602012300F0BCFC4F
:103FD0000090FFE7009848B9FFE7039819210DF119
:103FE0000702012300F000FC0090FFE7009800BBEF
:103FF000FFE70298407800F001019DF8070000F00B
:10400000DF0040EA41108DF807000298807800F048
:1040100003019DF8070000F0FC0008448DF807003C
:10402000039819210DF10702012300F08DFC009087
:10403000FFE7009804B080BD80B586B0049003917E
:10404000049828210DF10702052300F0CDFB009014
:10405000009818B1FFE70098059032E09DF809003C
:104060000399486003994A689DF8080040EA0220D5
:10407000486003994A689DF8070040EA02204860BA
:1040800003994868000248600398406800F02EF8E1
:10409000039880ED000A9DF80B000399888103992D
:1040A0008A899DF80A0040EA022088810398B0F9C5
:1040B0000C0000F009F8039880ED020A00980590C2
:1040C000FFE7059806B080BD81B0ADF80200BDF9EC
:1040D000020000EE100AB8EEC00A9FED031A80EE4F
:1040E000010A01B0704700BF0000C84281B00090D3
:1040F0009DED000AB8EEC00A9FED021A20EE010AFB
:1041000001B070470000803580B584B00390029103
:1041100003980F210DF10702012300F065FB0090C9
:104120009DF8070002990870009804B080BD000057
:1041300080B588B007908DF81B1000208DF8140012
:10414000079811210DF11502022300F04DFB049098
:104150000498002840F0D080FFE70DF11A000DF11F
:1041600015010291FFF732FC0298411C0DF1190074
:10417000FFF72CFC9DF81B0001460391002800F07E
:104180008A80FFE70398012804D0FFE703980228FC
:1041900042D0A1E09DF81A0040F080008DF81A008E
:1041A000079811210DF11A02012300F0CDFB0490B4
:1041B000049808B1FFE79EE0FFE70798242106AACC
:1041C000012300F011FB0490049808B1FFE719E007
:1041D0009DF818100020B0EBD11F01D1FFE711E0CE
:1041E0000798806A28B1FFE70798816A0A20884704
:1041F000FFE7FFE79DF81400411C8DF81410052817
:10420000DBD3FFE79DF81400052804D3FFE74FF048
:10421000FF300490FFE76EE09DF81A0040F00400C4
:104220008DF81A00079811210DF11A02012300F0F0
:104230008BFB0490049808B1FFE75CE0FFE7079868
:104240000DF1170100F0F0FA0490049808B1FFE7AF
:1042500017E09DF81700C00708B9FFE711E00798BD
:10426000806A28B1FFE70798816A01208847FFE745
:10427000FFE79DF81400411C8DF814100528DED3CB
:10428000FFE79DF81400052804D3FFE74FF0FF3047
:104290000490FFE72FE09DF81A0040F008008DF829
:1042A0001A009DF8190040F001008DF819000DF179
:1042B000150001900DF11A01FFF788FB01980130FC
:1042C0000DF11901FFF782FB019A079811210223D2
:1042D00000F03AFB04900EE09DF81A0040F0040054
:1042E0008DF81A00079811210DF11A02012300F030
:1042F0002BFB0490FFE7FFE7049808B080BD0000A7
:1043000080B588B006900591069812210DF10F0234
:10431000022300F069FA029006980B210DF11302B6
:10432000012300F061FA01460298084402900298C5
:1043300018B1FFE70298079030E00DF112000DF17F
:104340000F010191FFF742FB0198411C0DF1110093
:10435000FFF73CFB9DF8123005990878022202EA2B
:10436000930200F0FD00104408709DF8113005998B
:104370000878012222EA931200F0FB0040EA820052
:1043800008709DF81300C0F380020599087800F0CA
:10439000FE001044087002980790FFE7079808B0E5
:1043A00080BD000080B58AB009900891099812215B
:1043B0000DF11B02022300F017FA05900598D0BBFF
:1043C000FFE70DF11E0001900DF11B010491FFF7B5
:1043D000FDFA0498411C02910DF11D000390FFF7B6
:1043E000F5FA01990498089A13789DF81E2003F0B5
:1043F000020302F0F70242EA83028DF81E20089AB7
:1044000092F800C09DF81D20012323EA9C0302F0CE
:10441000BF0242EA83128DF81D20FFF7D7FA0298F7
:104420000399FFF7D3FA049A09981221022300F0A6
:104430008BFA0590FFE709980B210DF11F0201236C
:1044400000F0D2F901460598084405900598A8B9EE
:10445000FFE70898007800F001019DF81F0000F0C8
:10446000FB0040EA81008DF81F0009980B210DF137
:104470001F02012300F068FA0590FFE705980AB0D3
:1044800080BD000080B588B0079006910798102184
:1044900005AA022300F0A8F904900498002848D146
:1044A000FFE70DF11700009005A90391FFF78EFAC1
:1044B0000398411C01910DF116000290FFF786FA56
:1044C00000990398069A13789DF8172003F00F03BC
:1044D00002F0870242EAC3028DF81720069A537849
:1044E0009DF8172003F0070302F0F8021A448DF834
:1044F0001720069A927802F001039DF8162002F028
:10450000EF0242EA03128DF816209DF8162002F001
:10451000DF028DF81620FFF759FA01980299FFF78C
:1045200055FA039A07981021022300F00DFA04901F
:10453000FFE7049808B080BD80B586B00490039171
:1045400004980E210DF10A02012300F04DF90190AB
:10455000019848B9FFE7049812210DF10B020123DD
:1045600000F042F90190FFE7019818B1FFE70198C8
:10457000059039E09DF80A3003990878082202EA8C
:10458000530200F0F700104408709DF80A300399B8
:104590000878012222EA530300F0EF0040EA0310FA
:1045A00008709DF80A300399087822EA930300F016
:1045B000FD0040EA430008709DF80AC0039908789E
:1045C000042303EA5C0300F0FB00184408709DF824
:1045D0000B300399087822EA530200F0FE001044E1
:1045E000087001980590FFE7059806B080BD0000AF
:1045F00080B584B00390029103980E210DF106025C
:10460000012300F0F1F800900098C8BBFFE7029882
:1046100001789DF80600012323EA510100F0FB0018
:1046200040EA81008DF80600029801789DF80600A6
:1046300001F0040100F0F70040EA41008DF80600A7
:10464000029801789DF8060001F0080100F0EF00E3
:1046500040EA41008DF80600029801789DF80600B6
:1046600023EA111100F0FD0040EA41008DF8060038
:1046700003980E210DF1060200F066F90090FFE7A5
:10468000009848B9FFE7039812210DF107020123B2
:1046900000F0AAF80090FFE70098A8B9FFE7029899
:1046A00001789DF80700012323EA010100F0FD00D5
:1046B00040EA41008DF80700039812210DF107022E
:1046C00000F042F90090FFE7009804B080BD0000C0
:1046D00080B586B004900391049813210DF10B026C
:1046E000012300F081F80190019818B1FFE70198CB
:1046F00005902CE09DF80B00C0F340120399087858
:1047000000F0FE00104408709DF80B200399087813
:1047100002F0020200F0FD00104408709DF80B004A
:1047200000F001020399087800F0FB0040EA8200E3
:1047300008709DF80B200399087802F0040200F03D
:10474000F70040EA4200087001980590FFE70598DD
:1047500006B080BD80B584B0039002910398132108
:104760000DF10702012300F03FF800900098B8BB5C
:10477000FFE70298007800F001019DF8070000F0C3
:10478000DF0040EA41108DF80700029801789DF89B
:10479000070001F0020100F0FD0008448DF8070059
:1047A00002980078C0F380019DF8070000F0FE0039
:1047B00008448DF80700029802789DF8070004214C
:1047C00001EA520100F0FB0008448DF8070003984D
:1047D00013210DF10702012300F0B6F80090FFE766
:1047E000009804B080BD000080B586B004908DF8BC
:1047F0000F100292ADF80630049820B9FFE74FF091
:10480000FF3005900CE00498D0F810C09DF80F1010
:10481000029ABDF80630E047009000980590FFE747
:10482000059806B080BD000080B586B00490039165
:10483000049811210DF109020123FFF7D5FF019022
:10484000019848B9FFE7049824210DF10A020123D9
:10485000FFF7CAFF0190FFE7019840B9FFE704980E
:10486000272102AA0123FFF7BFFF0190FFE701986C
:1048700048B9FFE704980B210DF10B020123FFF764
:10488000B3FF0190FFE7019818B1FFE70198059089
:1048900057E09DF80900C0F380020399087800F002
:1048A000FE00104408709DF80A300399087802222F
:1048B00002EA931200F0FD00104408709DF8080011
:1048C00000F001020399087800F0FB0040EA820042
:1048D00008709DF808200399087802F0020200F0A1
:1048E000F70040EA820008709DF8082003990878D4
:1048F00002F0100200F0EF00104408709DF808204C
:104900000399087802F0200200F0DF0010440870DC
:104910009DF809300399087801229A4300F0BF00FE
:1049200040EA821008709DF80B006FEA501203995C
:10493000087800F07F0040EAC210087001980590E6
:10494000FFE7059806B080BD80B586B004908DF86D
:104950000F100292ADF80630049820B9FFE74FF02F
:10496000FF3005900CE00498D0F80CC09DF80F10B3
:10497000029ABDF80630E047009000980590FFE7E6
:10498000059806B080BD000040F27071C2F20001CF
:104990000020086040F27471C2F20001088040F605
:1049A0009C61C2F20001086041F2B821C2F200012C
:1049B000086040F27861C2F20001086040F20D71B7
:1049C000C2F20001087041F2DC21C2F2000108705D
:1049D00040F28671C2F20001087040F6A851C2F29E
:1049E0000001088040F6A061C2F20001086040F2B8
:1049F0000C42C2F2000245F20001C4F27D41116096
:104A000040F6AA51C2F20001087040F24871C2F2A9
:104A10000001086040F21571C2F20001087040F216
:104A20001471C2F20001087040F21071C2F200016C
:104A3000086041F2A801C2F2000188614861086182
:104A4000C8608860486008607047000080B582B028
:104A500040F6A460C2F200000068019049F61840D8
:104A6000C0F6010003F064FAFFE70198A0B1FFE788
:104A70000198006860B1FFE70198011D90F82020BF
:104A8000836A49F6AC40C0F6010003F051FAFFE733
:104A90000198406A0190E8E702B080BD80B586B019
:104AA00005900491059828210DF10A02062300F0D3
:104AB000AFFA01909DF80B000499088004990A88C8
:104AC0009DF80A0040EA022008809DF80D00049934
:104AD000488004994A889DF80C0040EA02204880EA
:104AE0009DF80F000499888004998A889DF80E002B
:104AF00040EA02208880019806B080BD80B586B06B
:104B000005900491059822210DF10A02062300F078
:104B10007FFA01909DF80B000499088004990A8897
:104B20009DF80A0040EA022008809DF80D000499D3
:104B3000488004994A889DF80C0040EA0220488089
:104B40009DF80F000499888004998A889DF80E00CA
:104B500040EA02208880019806B080BD80B584B00C
:104B600003908DF80B10039812210DF10A02012316
:104B700000F04EFA01900198A8B9FFE79DF80B10DC
:104B80009DF80A0001F0010100F0BF0040EA811029
:104B90008DF80A00039812210DF10A02012300F09A
:104BA0000BFB0190FFE7019804B080BD80B584B095
:104BB000039002910398029A0F21012300F028FA32
:104BC0000190019804B080BD81B0ADF80200BDF93C
:104BD000020000EE100AB8EEC00A9FED051A20EEA2
:104BE000010AB3EE091A30EE010A01B0704700BFA6
:104BF0000000803B80B586B00590049105980221A5
:104C000000F0E0F90290029848B9FFE705985F21AB
:104C10000DF10F02012300F0FBF90290FFE702986B
:104C200038BBFFE79DF80F00C0F3C10001460191BA
:104C3000032814D80199DFE801F002060A0E04994E
:104C4000002008700FE00499012008700BE004991F
:104C50000220087007E004990320087003E004991B
:104C600000200870FFE70598002100F0ABF90290E2
:104C7000FFE7029806B080BD80B584B00390029132
:104C80000398022100F09EF90190019840B9FFE7D6
:104C90000398029A4621022300F0BAF90190FFE737
:104CA000019830B9FFE70398002100F08BF90190DB
:104CB000FFE7019804B080BD80B586B005908DF8FF
:104CC00013109DF813008DF81200059804A9FFF742
:104CD000D3FF02900298002840F0C580FFE79DF8BE
:104CE00010209DF81110019142EA520040EA920012
:104CF00040EAD20040EA121040EA521040EA921014
:104D000000F0010040EAD21001F001021043C1F3AB
:104D100040021043C1F380021043C1F3C0021043AC
:104D2000C1F300121043C1F340121043C1F38012CB
:104D3000104340EAD110C0B2012840F09380FFE751
:104D400005980DF10F01FFF755FF0290029800281A
:104D500040F08780FFE79DF80F000146009103288F
:104D600000F279800099DFE801F00210284A9DF8EE
:104D7000130020B9FFE701208DF8120004E09DF830
:104D800013008DF81200FFE76AE09DF8130020B9C8
:104D9000FFE702208DF812000EE09DF813000128B5
:104DA00004D1FFE702208DF8120004E09DF8130003
:104DB0008DF81200FFE7FFE752E09DF8130020B9DD
:104DC000FFE703208DF8120018E09DF8130001287A
:104DD00004D1FFE703208DF812000EE09DF81300C8
:104DE000022804D1FFE703208DF8120004E09DF8AB
:104DF00013008DF81200FFE7FFE7FFE730E09DF8B2
:104E0000130020B9FFE704208DF8120022E09DF87E
:104E10001300012804D1FFE704208DF8120018E0E8
:104E20009DF81300022804D1FFE704208DF812003A
:104E30000EE09DF81300032804D1FFE704208DF84D
:104E4000120004E09DF813008DF81200FFE7FFE761
:104E5000FFE7FFE704E09DF813008DF81200FFE77D
:104E6000FFE7FFE7FFE7029848B9FFE70598112140
:104E70000DF10E02012300F0CBF80290FFE702983B
:104E800098B9FFE79DF812109DF80E0000F00F0092
:104E900040EA01108DF80E00059811210DF10E0267
:104EA000012300F089F90290FFE7029806B080BD67
:104EB00080B584B00390029103981E210DF1070282
:104EC000012300F0A5F800909DF80700C0F3400012
:104ED00002990870009804B080BD000080B584B0CD
:104EE00003908DF80B10039811210DF10A02012394
:104EF00000F08EF801900198A8B9FFE79DF80B101B
:104F00009DF80A0001F0070100F0F10040EA4100BD
:104F10008DF80A00039811210DF10A02012300F017
:104F20004BF90190FFE7019804B080BD80B584B0D3
:104F300003908DF80B10039818210DF1090201233D
:104F400000F066F801900198A8B9FFE79DF80B20E2
:104F50009DF80900022101EA921100F0FD000844C9
:104F60008DF80900039818210DF10902012300F0C2
:104F700023F90190FFE7019848B9FFE70398622100
:104F80000DF10A02012300F043F80190FFE70198B8
:104F9000A8B9FFE79DF80B0000F003019DF80A0097
:104FA00000F0E70040EAC1008DF80A000398622192
:104FB0000DF10A02012300F0FFF80190FFE70198CC
:104FC00004B080BD80B584B003908DF80B100398B9
:104FD0000DF10A020123194600F01AF80190019818
:104FE00098B9FFE79DF80B109DF80A0000F03F000C
:104FF00040EA81108DF80A0003980DF10A0201239E
:10500000194600F0D9F80190FFE7019804B080BD7F
:1050100080B586B005908DF813100392ADF80A3074
:105020000598D0F810C09DF81310039ABDF80A3007
:10503000E0470190019806B080BD000080B584B0C3
:1050400003900291039812210DF107020123FFF74B
:10505000DFFF00909DF8070000F001000299087042
:10506000009804B080BD000080B584B003908DF836
:105070000B10039812210DF10A020123FFF7C8FF5C
:1050800001900198A0B9FFE79DF80B109DF80A0068
:1050900001F0010100F0FE0008448DF80A000398B9
:1050A00012210DF10A02012300F086F80190FFE7BA
:1050B000019804B080BD000080B584B003900291D7
:1050C00003981E210DF107020123FFF7A1FF0090B5
:1050D0009DF80700C0F3800002990870009804B0A2
:1050E00080BD000080B584B0039002910398202118
:1050F0000DF106020223FFF78BFF00909DF80700D9
:105100000299088002990A889DF8060040EA022068
:105110000880009804B080BD80B584B003900291EF
:105120000398402101AA0423FFF772FF00909DF825
:1051300007000299086002990A689DF8060040EA93
:105140000220086002990A689DF8050040EA0220E2
:10515000086002990A689DF8040040EA022008608D
:10516000009804B080BD000080B584B003908DF835
:105170000B10039819210DF10A020123FFF748FFD4
:1051800001900198A8B9FFE79DF80B109DF80A005F
:1051900001F0010100F0DF0040EA41108DF80A0043
:1051A000039819210DF10A02012300F005F801907E
:1051B000FFE7019804B080BD80B586B005908DF8FA
:1051C00013100392ADF80A300598D0F80CC09DF882
:1051D0001310039ABDF80A30E0470190019806B019
:1051E00080BD000080B586B005908DF813109DF845
:1051F00013008DF81200059804A9FFF73DFD0290F9
:105200000298002840F0C580FFE79DF810209DF827
:105210001110019142EA520040EA920040EAD200A5
:1052200040EA121040EA521040EA921000F00100E9
:1052300040EAD21001F001021043C1F340021043D2
:10524000C1F380021043C1F3C0021043C1F3001246
:105250001043C1F340121043C1F38012104340EADF
:10526000D110C0B2012840F09380FFE705980DF1FE
:105270000F01FFF7BFFC02900298002840F08780E2
:10528000FFE79DF80F0001460091032800F27980A6
:105290000099DFE801F00210284A9DF8130020B9B8
:1052A000FFE701208DF8120004E09DF813008DF84F
:1052B0001200FFE76AE09DF8130020B9FFE7022023
:1052C0008DF812000EE09DF81300012804D1FFE7CD
:1052D00002208DF8120004E09DF813008DF81200F2
:1052E000FFE7FFE752E09DF8130020B9FFE7032036
:1052F0008DF8120018E09DF81300012804D1FFE793
:1053000003208DF812000EE09DF81300022804D14E
:10531000FFE703208DF8120004E09DF813008DF8DC
:105320001200FFE7FFE7FFE730E09DF8130020B928
:10533000FFE704208DF8120022E09DF813000128F9
:1053400004D1FFE704208DF8120018E09DF8130047
:10535000022804D1FFE704208DF812000EE09DF82A
:105360001300032804D1FFE704208DF8120004E0A5
:105370009DF813008DF81200FFE7FFE7FFE7FFE756
:1053800004E09DF813008DF81200FFE7FFE7FFE748
:10539000FFE7029848B9FFE7059810210DF10E02CA
:1053A0000123FFF735FE0290FFE7029898B9FFE767
:1053B0009DF812109DF80E0000F00F0040EA011059
:1053C0008DF80E00059810210DF10E020123FFF754
:1053D000F3FE0290FFE7029806B080BD80B584B06E
:1053E00003908DF80B10039810210DF10A02012390
:1053F000FFF70EFE01900198A8B9FFE79DF80B108A
:105400009DF80A0001F0010100F0FD0040EA4100B2
:105410008DF80A00039810210DF10A020123FFF70D
:10542000CBFE0190FFE7019804B080BD80B584B049
:105430000390029103981E210DF107020123FFF74B
:10544000E7FD00909DF8070000F001000299087048
:10545000009804B080BD000080B584B003908DF842
:105460000B10039810210DF10A020123FFF7D0FD64
:1054700001900198A8B9FFE79DF80B109DF80A006C
:1054800001F0030100F0F30040EA81008DF80A000A
:10549000039810210DF10A020123FFF78DFE019000
:1054A000FFE7019804B080BD80B584B003908DF80B
:1054B0000B10039817210DF10A020123FFF7A8FD35
:1054C0000190019858BBFFE79DF80B0000F0100118
:1054D0009DF80A0000F0FB0040EA91008DF80A00F8
:1054E0009DF80B0000F020019DF80A0000F0EF008D
:1054F00040EA51008DF80A009DF80B109DF80A0053
:1055000000F01F0040EA41108DF80A0003981721AF
:105510000DF10A020123FFF74FFE0190FFE701980A
:1055200004B080BD80B582B000200190F0F758FB38
:10553000FCF7D6F8FBF77CF8FAF748FDFAF72AFDF6
:10554000FAF7DAFEFAF7B0FCFAF79EFEFAF752FE27
:10555000FAF7C4FCFAF740FFFAF76CFFFAF7B2FF6C
:10556000FAF75AFEFAF702FCFAF7EAFCFAF7FCFE41
:10557000FAF74AFCFBF772FF40B1FFE741F258210E
:10558000C2F2000108680130086002E0FDF75CFF2C
:10559000FFE7FFE7FEE7000080B586B004900498BF
:1055A0000090032824D80099DFE801F0020A121ABB
:1055B0000520039049F6D440C0F60100029021E096
:1055C0000020039049F6CC40C0F60100029019E09B
:1055D0000220039049F6C540C0F60100029011E098
:1055E0000420039049F6BD40C0F60100029009E096
:1055F00049F64140C0F6010002F09AFC4FF0FF303E
:1056000005901AE003986421EBF76AF9019001987C
:1056100040B9FFE7029949F69640C0F6010002F052
:1056200087FC07E0019949F65940C0F6010002F0F5
:105630007FFCFFE701980590FFE7059806B080BD65
:1056400080B582B00090009941F2C820C2F20000FB
:1056500000F080FD20B9FFE700208DF8070003E08F
:10566000FF208DF80700FFE79DF9070002B080BD1D
:1056700080B582B08DF8070040F68040C2F200008D
:105680000DF1070101224FF47A73F9F7EBF802B03C
:1056900080BD000080B582B001900198EFF76EF8F0
:1056A00002B080BD80B582B00090009820B9FFE7BD
:1056B0006FF00100019019E0009801210022EFF73E
:1056C0007FF820B1FFE76FF0050001900EE0009831
:1056D0004FF400210022EFF773F820B1FFE76FF0DD
:1056E0000500019002E000200190FFE7019802B060
:1056F00080BD0000B0B58EB00C900C980B900B984C
:1057000020B9FFE76FF001000D9044E10B98406B6A
:105710000A900B98806B0990FFE70B98C06A4021B4
:10572000EFF7C8FA002800F03381FFE70A9840211C
:10573000EAF7F4FD0B98D0F81CC00A9A02F1440174
:1057400002F14003E04720B1FFE76FF005000D9044
:1057500021E10A98406C0790002845D0FFE70798A0
:10576000012800F09180FFE70798022800F0DE8012
:10577000FFE70798032800F0F180FFE7079840F261
:105780000331884240F00281FFE709983021EAF7AF
:10579000C5FD099905910A9C069420686268A36872
:1057A000D4F80CC0D4F810E065694D61C1F810E080
:1057B000C1F80CC08B604A600860A069E269236A86
:1057C000D4F824C0D4F828E0E46ACC62C1F828E018
:1057D000C1F824C00B62CA61886141F2B021C2F2F3
:1057E000000101204871D2E00A98B0F8400030284A
:1057F00049D1FFE7F0F7B6F908900998D0F8900082
:1058000040B1FFE708980999D1F89020801AC1F8B3
:10581000980004E009990020C1F89800FFE7089873
:105820000999C1F89000099830303021EAF776FDE7
:10583000099903910A9C049420686268A368D4F8CB
:105840000CC0D4F810E065694D64C1F840E0C1F8BF
:105850003CC08B634A630863A069E269236AD4F899
:1058600024C0D4F828E0E46ACC65C1F858E0C1F857
:1058700054C00B65CA64886441F2B021C2F20001D1
:105880000120C870FFE782E00A98B0F84000302895
:105890004BD1FFE7F0F766F908900998D0F894002B
:1058A00040B1FFE708980999D1F89420801AC1F80F
:1058B0009C0004E009990020C1F89C00FFE70898CB
:1058C0000999C1F89400099860303021EAF726FD63
:1058D000099901910A9C029420686268A368D4F82F
:1058E0000CC0D4F810E065694D67C1F870E0C1F8EC
:1058F0006CC08B664A660866A069E269236AD4F8C0
:1059000024C0D4F828E0E46AC1F88C40C1F888E0EB
:10591000C1F884C0C1F88030CA67886741F2B021FD
:10592000C2F2000101200871FFE730E00A98B0F8E8
:10593000400050B1FFE70A980078099981F8A0006B
:105940000999002081F8A20007E00999002081F858
:10595000A000099981F8A200FFE718E00A98B0F8C2
:10596000400050B1FFE70A980078099981F8A1003A
:105970000999002081F8A30007E00999002081F827
:10598000A100099981F8A300FFE700E0FFE7C4E662
:1059900000200D90FFE70D980EB0B0BD80B582B02D
:1059A0000090009820B9FFE76FF00100019018E027
:1059B000009801221146EFF7E7F820B1FFE76FF0FA
:1059C000050001900DE0009840210222EFF7DCF87D
:1059D00020B1FFE76FF00500019002E00020019088
:1059E000FFE7019802B080BD80B58AB008900898A2
:1059F000079000200690059004900390029001907B
:105A0000079820B9FFE76FF00100099076E007984A
:105A1000406B4821EAF782FC0798806BA421EAF7E3
:105A20007DFC002001900290022003900120049050
:105A300040F20330059040F6FF7006900798C06A68
:105A400001A9EFF711F820B1FFE76FF00500099009
:105A500054E001200290002005904FF47060069001
:105A60000798C06A01A9EEF7FFFF20B1FFE76FF0CA
:105A70000500099042E0022002904FF480600590FA
:105A80004FF4706006900798C06A01A9EEF7ECFF2A
:105A900020B1FFE76FF0050009902FE00798C06A7A
:105AA000694601230B6002221146EFF739F820B155
:105AB000FFE76FF00500099020E00798C06AFFF744
:105AC0006DFF20B1FFE76FF00500099016E0079821
:105AD000C06AEFF7A7FD20B1FFE76FF0050009905E
:105AE0000CE00798C06AFFF7DDFD20B1FFE76FF01B
:105AF0000500099002E000200990FFE709980AB02C
:105B000080BD000080B592B010900F910E920D9361
:105B100003A82821EAF702FC109802900E98019041
:105B2000029848B1FFE70F9830B1FFE70E9818B11F
:105B3000FFE70D9820B9FFE76FF0010011901CE01E
:105B4000019840210091EAF7E9FB00990298C06AA8
:105B5000019B03AAEFF7C8F820B1FFE76FF005003B
:105B600011900AE00698FDF741FF0D99088003980F
:105B70000F99086000201190FFE7119812B080BDC6
:105B800080B592B010900F910E92ADF8363004A807
:105B90002421EAF7C3FB109803900E980290039813
:105BA00090B1FFE70E9820B9FFE7BDF8360058B96D
:105BB000FFE70F990020B0EBD12F05D1FFE7BDF82B
:105BC0003600412804D3FFE76FF0010011902BE06D
:105BD0009DF83600FEF776F801900198013020B963
:105BE000FFE76FF0010011901EE00F980490002075
:105BF000059006900199079108904FF48011099142
:105C00004FF400110A910B900C900398C06A029A0D
:105C100004A9EEF7DBFE20B1FFE76FF0050011905D
:105C200002E000201190FFE7119812B080BD000043
:105C300080B584B00390039802900298406B019065
:105C40000198426A694690479DF8000004B080BD03
:105C500080B586B004900391049802900298C06ABF
:105C60000190019818B1FFE7039820B9FFE76FF0A2
:105C70000100059009E001980299098EEFF744FFB1
:105C80000399086000200590FFE7059806B080BDE5
:105C900080B58AB0099008910792ADF81A3008983B
:105CA0008DF81900079805909DF8190040F08000C4
:105CB0008DF81900099804900498406B039003989C
:105CC000026A0021029190470498C06A0DF11901FF
:105CD000012201924FF47A730093F6F755FD009B71
:105CE0000498C06A0599BDF81A20F6F775FA01996B
:105CF0000398026A904702980AB080BD80B58AB0C6
:105D000084460C98CDF824C00891ADF81E20069367
:105D1000ADF8160000210491099803900398406B98
:105D200002900298026A9047BDF81E0078B1FFE722
:105D30000398C06A0899BDF81E204FF47A73F6F7ED
:105D400023FD20B1FFE76FF005000490FFE7049802
:105D500078BBFFE7BDF8160058B3FFE7FF208DF8CA
:105D600007000020ADF80400FFE7BDF80400BDF80F
:105D7000161088421CDAFFE70398C06A0699BDF83E
:105D800004200A446B464FF47A7119600DF1070143
:105D90000123F6F759FF20B1FFE76FF005000490EB
:105DA00006E0FFE7BDF804000130ADF80400DCE7D1
:105DB000FFE70298026A0121904704980AB080BD6B
:105DC00080B586B004900391049802900298C06A4E
:105DD0000190019820B9FFE76FF0010005900FE0F6
:105DE0000398002818BF01208DF80300019802993C
:105DF000098E9DF80320EFF79FFE00200590FFE736
:105E0000059806B080BD000080B58AB00990089161
:105E10000792ADF81A3008988DF819000798059088
:105E2000099804900498406B03900398026A00213B
:105E3000029190470498C06A0DF119010122019264
:105E40004FF47A730093F6F79FFC009B0498C06AA6
:105E50000599BDF81A20F6F797FC01990398026A94
:105E6000904702980AB080BD80B588B00690059131
:105E70000492ADF80E3006980290049801900298B2
:105E800038B1FFE7049820B1FFE7BDF80E0020B954
:105E9000FFE76FF00100079011E00298C06A0199D6
:105EA000BDF80E204FF0FF33F8F7DCFC20B1FFE720
:105EB0006FF00500079002E000200790FFE70798C9
:105EC00008B080BD80B588B084460A98CDF81CC063
:105ED0000691ADF816200493ADF80E000021029152
:105EE000079801900198406B00900098026A9047D3
:105EF000BDF8160078B1FFE70198C06A0699BDF8B1
:105F000016204FF47A73F6F73FFC20B1FFE76FF0ED
:105F100005000290FFE7029898B9FFE7BDF80E0070
:105F200078B1FFE70198C06A0499BDF80E204FF4DC
:105F30007A73F6F729FC20B1FFE76FF005000290B5
:105F4000FFE70098026A01219047029808B080BDDF
:105F500082B00190009101980099084402B0704706
:105F600083B00190019820B9FFE700208DF80B0065
:105F70005BE040F6A460C2F20000006868B9FFE789
:105F8000019840F6A461C2F2000108600199002066
:105F9000486201208DF80B0047E0019890F820003E
:105FA00040F6A461C2F20001096891F8201088420D
:105FB0000DDAFFE740F6A461C2F200010868019A19
:105FC00050620198086001208DF80B002DE040F62A
:105FD000A460C2F2000000680090FFE70098406AE9
:105FE000C8B1FFE7019890F820000099496A91F83C
:105FF000201088420BDAFFE70098406A0199486256
:1060000001980099486201208DF80B000DE000987E
:10601000406A0090E2E701980099486201990020E7
:10602000486201208DF80B00FFE79DF80B0003B0DC
:106030007047000082B000208DF80300FFE79DF854
:106040000300132821D8FFE79DF8030000EB40016F
:1060500041F2E020C2F2000000EB011090F82100B4
:1060600060B9FFE79DF8030000EB400141F2E0203A
:10607000C2F2000000EB0110019009E0FFE79DF87B
:10608000030001308DF80300D9E700200190FFE7FD
:10609000019802B07047000010B584B08C46864667
:1060A00007980699CDF80CE0CDF808C00192ADF83C
:1060B00002308DF801108DF80000029803990860F5
:1060C000BDF80200039988829DF80100039981F8C8
:1060D0002000ECF7E9FF0146039A0020D0619161AE
:1060E000039988629DF80000039981F821000198C6
:1060F00070B1FFE70198007850B1FFE703980430D2
:1061000001990F22EAF715F903990020C87408E0F5
:106110000398043049F6F931C0F60101EAF723F992
:10612000FFE703990020486204B010BDFDF784FA30
:1061300083B002900191009201980299C860009882
:10614000029988600299002008600299486003B0B3
:106150007047000083B00190009101990868496878
:10616000884204D1FFE76FF00200029011E001982D
:106170000168C068405C00990870019908688A68E5
:10618000431CB3FBF2F000FB1230086000200290C9
:10619000FFE7029803B0704783B001908DF80310B9
:1061A000019A116850689268431CB3FBF2F000FB3F
:1061B0001230884204D1FFE76FF00100029011E035
:1061C0009DF8030001994A68C96888540199486894
:1061D0008A68431CB3FBF2F000FB123048600020D9
:1061E0000290FFE7029803B07047000080B584B0CA
:1061F00002900191029849F6F131C0F60101EAF7E7
:10620000A4F858B1FFE7029949F67340C0F60100BF
:1062100001F08EFE4FF0FF30039017E001980090E0
:10622000009940F20060C2F2000001600068EAF7E5
:10623000A3F841EC100B53EC102B49F68D40C0F63F
:10624000010001F075FE00200390FFE7039804B001
:1062500080BD000082B001900020ADF80200FFE791
:10626000BDF9020004281BDCFFE7BDF9021041F272
:106270004420C2F2000050F8210050B9FFE7019815
:10628000BDF9022041F24421C2F2000141F822008E
:1062900006E0FFE7BDF802000130ADF80200DFE7DD
:1062A00002B0704780B584B003908DF80B1003984E
:1062B00090F8720100F0030001460191012844D0DA
:1062C000FFE70198022857D1FFE79DF80B004138FE
:1062D0000146009103282FD80099DFE801F002075A
:1062E0000C1E0398002101F0B1F826E0039801216B
:1062F00001F0ACF821E00399088FC98E88420BDACF
:10630000FFE70398018F0144097900F049F90399E7
:10631000088F01300887FFE70FE00398008F0128FE
:1063200009DBFFE70398082100F03AF90399088F89
:1063300001380887FFE700E0FFE7039991F8720151
:1063400000F0FC0081F8720117E09DF80B005B285B
:1063500009D1FFE7039991F8720100F0FC000230C7
:1063600081F8720107E0039991F8720100F0FC00D6
:1063700081F87201FFE700E0FFE704B080BD000094
:1063800081B00090009991F8720100F0FC0001309A
:1063900081F8720101B0704780B584B00390039812
:1063A000C08E08B9FFE781E00399088FC98E884243
:1063B00012D1FFE70399C88E0138C8860399088F68
:1063C000013808870398C18E0144002008710398A2
:1063D000012100F0A1F869E00398008F012864DB37
:1063E000FFE70020ADF80A00FFE7BDF90A00039AB5
:1063F000D18E128F891A88420FDAFFE70398018F36
:10640000BDF90A20114401440879C870FFE7BDF8BE
:106410000A000130ADF80A00E7E70399C88E013899
:10642000C8860399088F013808870398C18E0144F4
:10643000002008710398082100F0B2F80398008F3B
:10644000ADF80800FFE7BDF908000399C98E88423E
:106450000EDAFFE70398BDF908100144097900F04E
:106460009FF8FFE7BDF808000130ADF80800EAE743
:106470000398202100F094F80399C88E098F401AE0
:106480000130ADF80600FFE7BDF9060001280BDB7F
:10649000FFE70398082100F083F8FFE7BDF8060046
:1064A0000138ADF80600EFE7FFE7FFE704B080BD75
:1064B00080B582B000F0DEFD0190019808B9FFE7D9
:1064C00007E0019849F65571C0F6010100F03CF86B
:1064D000FFE702B080BD000080B582B00190019955
:1064E000C88E098F401AADF80200FFE7BDF902001F
:1064F00001280BDBFFE70198202100F051F8FFE7AE
:10650000BDF802000138ADF80200EFE70198C18E36
:1065100000F002F802B080BD80B582B00190ADF805
:106520000210FFE7BDF80200411EADF8021040B1B5
:10653000FFE7019849F6D941C0F6010100F004F8DF
:10654000F0E702B080BD000080B584B002900191F8
:106550000020ADF802000298D0F8780120B9FFE7DA
:106560000020ADF80E0017E0FFE70198007870B149
:10657000FFE70298D0F878110198421C0192007848
:106580008847BDF802000130ADF80200EDE7BDF824
:106590000200ADF80E00FFE7BDF80E0004B080BDAC
:1065A00080B582B001908DF803100198D0F8780181
:1065B00008B9FFE706E00198D0F878119DF80300CC
:1065C0008847FFE702B080BD80B584B00390ADF886
:1065D0000A100398D0F85C01019003980199BDF866
:1065E0000A2012018958FFF7AFFFC0F11600ADF87D
:1065F0000800BDF90800012804DBFFE7BDF9080029
:10660000009002E004200090FFE70098ADF8080039
:10661000FFE7039849F61C71C0F60101FFF794FFEC
:10662000FFE7BDF808000138ADF8080000040028B5
:10663000EFD1FFE7039849F62B71C0F60101FFF790
:1066400083FF03980199BDF80A2001EB02118968C4
:10665000FFF77AFF039849F6BA41C0F60101FFF748
:1066600073FF04B080BD000080B588B0079006912C
:1066700043F23000C0F23000CDF813004FF030305C
:1066800004900390069802900A208DF8070006985F
:10669000B0F1FF3F0BDCFFE7079849F62C71C0F61D
:1066A0000101FFF751FF029840420290FFE7FFE728
:1066B0000298E0B1FFE702984CF6CD41CCF6CC4110
:1066C000A0FB0132D20802EB8202A0EB420040F0B4
:1066D00030009DF80720013A8DF80720D3B203AAB5
:1066E000D0540298A0FB0110C0080290E0E7079880
:1066F0009DF8072003A91144069B4A1E002B08BFE2
:106700001146FFF721FF069802900698B0F1FF3F6F
:1067100003DCFFE706980290FFE708208DF80700EA
:1067200000208DF81400FFE7029808B3FFE70298F5
:1067300000F00F008DF806009DF806000A2805DB22
:10674000FFE79DF806005730009004E09DF8060032
:1067500030300090FFE700989DF8071001398DF860
:106760000710CAB203A98854029800090290DBE717
:10677000079849F66371C0F60101FFF7E5FE079837
:1067800003A9FFF7E1FE079849F6BA41C0F60101F7
:10679000FFF7DAFE08B080BD80B586B005900491A1
:1067A0000598039004980078242804D1FFE7049802
:1067B0000130029002E004980290FFE703980299EA
:1067C000FFF7C2FE059849F61A71C0F60101FFF7FE
:1067D000BBFE05980190049900F086FC01460198E3
:1067E000FFF742FF06B080BD80B588B0079000205B
:1067F0008DF81B008DF81A0001218DF819108DF805
:1068000013000798C08E28B9FFE707980168FFF7C3
:106810009BFE1FE1079AD08E11180130D086002010
:1068200001900871079800F0A1FE0198ADF80A00E8
:10683000FFE7BDF80A000799C98E884270DAFFE7C2
:106840009DF81A00C0B9FFE70798BDF80A10084480
:106850000079202853D0FFE70798BDF80A100844B4
:10686000007909284BD0FFE70798BDF80A100844C3
:1068700000792C2843D0FFE70798BDF80A10084498
:106880000079E0B3FFE70798BDF80A1008440079E3
:10689000222808D1FFE79DF81A00B0FA80F04009DD
:1068A0008DF81A00FFE79DF81900012811D1FFE7C4
:1068B0000799BDF80A00084404309DF81B2001EB3D
:1068C000820101328DF81B20C86300208DF8190069
:1068D000FFE70798BDF80A10084400795C280DD13D
:1068E000FFE70798BDF80A100844407930B1FFE788
:1068F000BDF80A000130ADF80A00FFE709E007988B
:10690000BDF80A1001440020087101208DF819001B
:10691000FFE7FFE7BDF80A000130ADF80A0088E79D
:1069200007990020C886079908879DF81B0028B999
:10693000FFE707980168FFF707FE8BE0079849F625
:10694000BA41C0F60101FFF7FFFD0798D0F85C01DE
:1069500005900798C06B49F65E71C0F60101E9F732
:10696000F4FCC8B9FFE7079991F8720140F0040000
:1069700081F872019DF81B0007993C3100F0C2FCC0
:10698000079991F8720100F0FB0081F872010798F5
:106990000168FFF7D9FD5DE00798C06B00782428F7
:1069A00009D1FFE70798C16BFFF7F6FE079801686A
:1069B000FFF7CAFD4EE00020ADF80800FFE7BDF884
:1069C00008000799B1F86011884231DAFFE70798AB
:1069D000C06B0599BDF8082012018958E9F7B5FC8C
:1069E000F8B9FFE701208DF81300079991F87201BB
:1069F00040F0040081F872010598BDF8081000EB22
:106A0000011040689DF81B10079A3C3200F0FCF919
:106A10000390079991F8720100F0FB0081F8720170
:106A200006E0FFE7BDF808000130ADF80800C6E752
:106A30009DF8130048B9FFE7079840F21041C2F2F1
:106A400000018969FFF780FDFFE707980168FFF7FC
:106A50007BFDFFE708B080BD83B0029002980190F3
:106A600000208DF803000198007830280ED1FFE750
:106A700001984078782805D0FFE701984078582899
:106A800004D1FFE703208DF803001DE00198007892
:106A900030280ED1FFE701984078622805D0FFE743
:106AA00001984078422804D1FFE701208DF80300C7
:106AB00009E001980078302804D1FFE702208DF822
:106AC0000300FFE7FFE7FFE7FFE70198411C0191A3
:106AD000007870B1FFE7019800782E2808D1FFE711
:106AE0000198407820B1FFE704208DF8030000E012
:106AF000EBE79DF8030003B07047000084B00390FB
:106B000003980130029000208DF807000298007869
:106B10005C2831D1FFE70298407801460091302887
:106B200020D0FFE7009862280CD0FFE700986E287D
:106B300010D0FFE70098722808D0FFE7009874286B
:106B40000CD013E008208DF8070014E00D208DF81C
:106B5000070010E00A208DF807000CE009208DF8EE
:106B6000070008E000208DF8070004E00298407854
:106B70008DF80700FFE704E0029800788DF8070021
:106B8000FFE79DF8070004B07047000080B58CB0A7
:106B90000A9000208DF827000A218DF826100A9906
:106BA00008918DF81F0001218DF81E1006900590A8
:106BB00004900A9800782D2804D1FFE7FF208DF873
:106BC0001E00FFE70A989DF91E104A1C411C002A6E
:106BD00008BF0846FFF740FF8DF827009DF8270003
:106BE00001460391012816D0FFE7039802280BD035
:106BF000FFE70398032814D1FFE710208DF8260043
:106C000002208DF81F000DE008208DF826000120DD
:106C10008DF81F0006E002208DF826008DF81F0079
:106C200000E0FFE70A989DF81F1008449DF91E2018
:106C3000411C0132002A08BF08460890FFE7089867
:106C4000007818B3FFE7089800782E2806D1FFE7F0
:106C500001200490089801300890F0E7069802900F
:106C60009DF8260001900898007800F0C7F9019976
:106C70000246029800FB01200690049800EB800079
:106C800040000490089801300890D8E79DF827004C
:106C900004281AD1FFE70498B8B1FFE79DED060A72
:106CA000B8EE400A9DED041AB8EE411A80EE010AD2
:106CB0009DF91E0001EE100AB8EEC11A20EE010A7D
:106CC0008DED050A05980B9006E006989DF91E10BB
:106CD00000FB01F00B90FFE70B980CB080BD0000AB
:106CE00080B582B0009000980078272809D1FFE78E
:106CF0000098407828B1FFE70098FFF7FFFE019069
:106D000032E0009800782D280AD0FFE7009800783C
:106D100030280ADBFFE700980078392805DCFFE718
:106D20000098FFF733FF01901EE0009800782428B8
:106D30000BD1FFE70098407838B1FFE700F09AF9EF
:106D4000009900F0D1F901900EE00098007828B188
:106D5000FFE7009800F00CF8019005E0FFE7FFE77F
:106D6000FFE700200190FFE7019802B080BD00001E
:106D700080B584B00390039802900020ADF806001F
:106D800003980078222805D1FFE70398013003908B
:106D90000290FFE7FFE70298007868B3FFE70298E8
:106DA00000785C280CD1FFE702980138FFF7A6FEB7
:106DB0000399BDF80620885402980130029012E031
:106DC00002980078222806D1FFE70399BDF8062033
:106DD0000020885406E0029800780399BDF8062048
:106DE0008854FFE7FFE7029801300290BDF80600E3
:106DF0000130ADF80600CEE70399BDF8062000206B
:106E00008854039804B080BD70B5A4B0229021913D
:106E100020922198013801461F91072800F2E68050
:106E20001F99DFE801F0040812233A587FAE229838
:106E300080472390DEE022981E9020984068FFF75C
:106E40004FFF1E9988472390D4E022981C902098E9
:106E50004068FFF745FF1D9020988068FFF740FFCE
:106E60001C9A01461D9890472390C3E022981A90DF
:106E700020984068FFF734FF1B9020988068FFF748
:106E80002FFF19902098C068FFF72AFF19991A9BC5
:106E900002461B9898472390ACE0229817902098C0
:106EA0004068FFF71DFF189020988068FFF718FFD3
:106EB00015902098C068FFF713FF1690209800697E
:106EC000FFF70EFF1599169ADDF85CC00346189877
:106ED000E04723908EE02298139020984068FFF7B7
:106EE000FFFE149020988068FFF7FAFE109020981B
:106EF000C068FFF7F5FE119020980069FFF7F0FEDB
:106F0000129020984069FFF7EBFE1099119A129B9E
:106F1000DDF84CC0864614986C46C4F800E0E047A3
:106F2000239067E022980D9020984068FFF7D8FEE4
:106F30000F9020988068FFF7D3FE0A902098C068D1
:106F4000FFF7CEFE0B9020980069FFF7C9FE0C906A
:106F500020984069FFF7C4FE0E9020988069FFF7E3
:106F6000BFFE0A990B9A0C9BDDF834C0DDF838E0BF
:106F700005460F986C466560C4F800E0E047239032
:106F800038E02298079020984068FFF7A9FE099002
:106F900020988068FFF7A4FE04902098C068FFF74F
:106FA0009FFE059020980069FFF79AFE06902098B2
:106FB0004069FFF795FE089020988069FFF790FEE2
:106FC00005462098C069FFF78BFE0499059A069B39
:106FD000DDF81CC0DDF820E0064609986C46A66086
:106FE0006560C4F800E0E047239003E04FF0FF3015
:106FF0002390FFE7239824B070BD000081B08DF886
:1070000002009DF8020030280BDBFFE79DF802002C
:10701000392806DCFFE79DF8020030388DF80300C0
:1070200023E09DF8020061280BDBFFE79DF80200DA
:10703000662806DCFFE79DF8020057388DF803004C
:1070400013E09DF8020041280BDBFFE79DF80200EA
:10705000462806DCFFE79DF8020037388DF803006C
:1070600003E000208DF80300FFE79DF8030001B066
:107070007047000082B00020ADF80200FFE7BDF9C4
:107080000200042829DCFFE7BDF9021041F2442088
:10709000C2F2000050F82100C0B1FFE7BDF90210B4
:1070A00041F24420C2F2000050F8210090F8720131
:1070B0008008C00750B1FFE7BDF9021041F244203B
:1070C000C2F2000050F82100019009E0FFE7BDF88E
:1070D00002000130ADF80200D1E700200190FFE787
:1070E000019802B07047000080B586B00590049109
:1070F0000598D0F86401039000200290049800786D
:10710000242804D1FFE7049801300490FFE7002011
:10711000ADF80600FFE7BDF906000599B1F8681162
:10712000884247DAFFE704980399BDF90620120167
:107130008958E9F70AF9002835D1FFE70398BDF926
:10714000061000EB0110C0680090042829D80099AF
:10715000DFE801F0030C161F1F000398BDF90610AD
:1071600000EB01104068006802901BE00398BDF935
:10717000061000EB01104068B0F90000029011E029
:107180000398BDF9061000EB0110406800780290EA
:1071900008E00398BDF9061000EB0110406802906A
:1071A000FFE7FFE7FFE7FFE7BDF806000130ADF8B6
:1071B0000600B0E7029806B080BD000080B584B03C
:1071C00003908DF80B10039890F872018007002847
:1071D00040F08180FFE700208DF80A000399D1F884
:1071E0006C110191ADF80200FFE7BDF902000399AF
:1071F000B1F87011884226DAFFE70198BDF9021054
:1072000010F831009DF80B10884215D1FFE7019866
:10721000BDF9021000EBC100406848B1FFE70198DA
:10722000BDF9021000EBC100416803988847FFE7F1
:1072300001208DF80A00FFE7FFE7BDF802000130EA
:10724000ADF80200D1E79DF80A00C8BBFFE70020B7
:10725000ADF80000FFE7BDF9000005282FD8FFE7D3
:10726000BDF9001049F6A820C0F6010010F8310061
:107270009DF80B1088421BD1FFE7BDF9001049F6BD
:10728000A820C0F6010000EBC100406860B1FFE734
:10729000BDF9001049F6A820C0F6010000EBC100BE
:1072A000416803988847FFE701208DF80A00FFE74F
:1072B000FFE7BDF800000130ADF80000CBE7FFE7C5
:1072C0009DF80A0030B9FFE703989DF80B1000F015
:1072D0005DFAFFE705E003989DF80B10FEF7E2FF6B
:1072E000FFE79DF80B000938B0FA80F042090399D6
:1072F00091F8720100F0F70040EAC20081F87201D3
:1073000004B080BD80B586B005900491FFF7B2FE51
:107310000390039808B9FFE795E00598012821D16B
:10732000FFE7039840F21041C2F200010969FFF73C
:107330000BF90020ADF80A00FFE7BDF80A00039939
:10734000B1F8601188420CDAFFE70398BDF80A1023
:10735000FFF73AF9FFE7BDF80A000130ADF80A007F
:10736000EBE770E0059802286CD1FFE70398D0F8AE
:107370005C01019000208DF80300FFE79DF80300F9
:107380000399B1F86011884253DAFFE70498406826
:1073900001999DF8032012018958E8F7D6FF0028CB
:1073A00040D1FFE7039849F61E71C0F60101FFF7CF
:1073B000CBF8039801999DF8032012018958FFF733
:1073C000C3F8039849F64151C0F60101FFF7BCF834
:1073D000039801999DF8032001EB02118968FFF7DA
:1073E000B3F8039849F6BA41C0F60101FFF7ACF8CB
:1073F00001989DF8031000EB0110C06888B1FFE709
:10740000039801999DF8032001EB0211C968FFF769
:107410009BF8039849F6BA41C0F60101FFF794F8CA
:10742000FFE710E0FFE79DF8030001308DF803004F
:10743000A4E7039840F21041C2F200018969FFF706
:1074400083F8FFE7FFE706B080BD000080B586B097
:1074500005908DF813109DF81300C0BBFFE7059A47
:10746000B2F95A01411EA2F85A1103900599B1F8D8
:107470005601B1F95811884205DDFFE70598B0F8CB
:107480005601029004E00598B0F958010290FFE718
:10749000039802994942884218DCFFE70599B1F840
:1074A0005601B1F95811884205DDFFE70598B0F89B
:1074B0005601019004E00598B0F958010190FFE7EA
:1074C000019840420599A1F85A01FFE716E09DF89E
:1074D0001300012810D1FFE70599B1F85A010130D6
:1074E000A1F85A0100B2012805DBFFE70599002049
:1074F000A1F85A0138E000E036E0FFE70598FEF712
:10750000EBFF0598B0F95A0130B9FFE70599002063
:10751000C8860599088727E0059B181DB3F95811FF
:10752000B3F95A211144053146F26762C6F2666228
:1075300051FB02FC4FEA5C0202EBDC7202EB8202BE
:10754000891A322201FB02315C3100F06DFA059993
:10755000C88608B9FFE707E00599C88E088705982F
:10756000011DFEF7F1FFFFE706B080BD80B582B0D8
:10757000019001990020A1F85A010199B1F958012F
:10758000322210FB02102A300431E8F7DEFE08B97F
:10759000FFE72CE00199B1F95801322210FB0210EB
:1075A0005C30043100F040FA38B1FFE70199B1F8DE
:1075B00058010130A1F85801FFE70199B1F85601CF
:1075C0000130A1F8560180B2062805DBFFE70199DA
:1075D0000520A1F85601FFE70198B0F958010528E8
:1075E00005DBFFE701990020A1F85801FFE702B091
:1075F00080BD000080B582B0019001990020C8864E
:10760000019908870199A1F856010199A1F858013B
:107610000199A1F85A01019991F8720100F0FC005A
:1076200081F87201019991F8720100F0FB0081F874
:107630007201019991F8720100F0F70081F872016E
:10764000019949F64770C0F6010008600198FEF7FD
:1076500001FE019840F21041C2F200010968FEF7F4
:1076600073FF01980168FEF76FFF019849F6887172
:10767000C0F60101C0F85C114AF21800C0F6010022
:10768000401A00090199A1F8600101984AF2180115
:10769000C0F60101C0F864114AF22800C0F60100EA
:1076A000401A00090199A1F8680102B080BD0000EC
:1076B00080B584B0FFF7DEFC0390039808B9FFE7BC
:1076C00062E00398D0F864010290039840F2104100
:1076D000C2F200014969FEF737FF0020ADF804004F
:1076E000FFE7BDF904000399B1F8681188424BDA4D
:1076F000FFE703980299BDF9042012018958FEF7AB
:1077000023FFC0F11600ADF80600BDF80600012801
:1077100004DBFFE7BDF80600009002E004200090C3
:10772000FFE70098ADF80600FFE7039849F61C71E3
:10773000C0F60101FEF708FFFFE7BDF806000138BB
:10774000ADF8060000040028EFD1FFE7039849F6E2
:107750002B71C0F60101FEF7F7FE03980299BDF9FF
:10776000042001EB02118968FEF7EEFE039849F64A
:10777000BA41C0F60101FEF7E7FEFFE7BDF80400DD
:107780000130ADF80400ACE704B080BD80B584B032
:1077900003908DF80B109DF80B0008B9FFE78FE000
:1077A0000398C08E302877DCFFE70399C88E098FD5
:1077B000884212D1FFE79DF80B00039BDA8E9918DF
:1077C0000132DA8608710399088F0130088703981F
:1077D0009DF80B10FEF7E4FE5DE00399C88E098F5B
:1077E000401AADF80800FFE7BDF9080001280FDBDB
:1077F000FFE70398018FBDF9082011440144C878C0
:107800000871FFE7BDF808000138ADF80800EBE7A4
:107810009DF80B00039B1A8F991801321A87087183
:10782000039AD08E013012FA80F1D08600200871C0
:107830000398008F0138ADF80600FFE7BDF9060098
:107840000399C98E88420EDAFFE70398BDF9061046
:1078500001440979FEF7A4FEFFE7BDF806000130F8
:10786000ADF80600EAE70399C88E098F401AADF813
:107870000400FFE7BDF9040001280BDBFFE70398D4
:107880000821FEF78DFEFFE7BDF804000138ADF8D2
:107890000400EFE7FFE713E0039840F21041C2F263
:1078A0000001C969FEF750FE03980168FEF74CFE1F
:1078B0000398011DFEF748FE0399C88E0887FFE76D
:1078C00004B080BD80B588B007900691FFF7D2FB69
:1078D000059000208DF81300059808B9FFE769E0CE
:1078E0000598D0F8640103900020ADF80A00FFE786
:1078F000BDF90A000599B1F86811884249DAFFE735
:1079000007980399BDF90A2012018958E8F71DFD6F
:10791000002837D1FFE70398BDF90A1000EB0110EA
:10792000C0680190042828D80199DFE801F0030C11
:1079300015261E0006980399BDF90A2001EB0211D5
:10794000496808601AE006980399BDF90A2001EB1E
:1079500002114968088011E006980399BDF90A20D0
:1079600001EB02114968087008E0059849F6AD512D
:10797000C0F60101FEF7E8FD00E0FFE701208DF809
:107980001300FFE7FFE7BDF80A000130ADF80A0079
:10799000AEE79DF8130040B9FFE7059849F67D5121
:1079A000C0F60101FEF7D0FD04E005980799FEF747
:1079B000F3FEFFE708B080BD84B003900291002081
:1079C000ADF80600ADF80400FFE70398BDF8041019
:1079D000415C0020009049B1FFE70298BDF8041017
:1079E000405C002818BF01200090FFE70098C00706
:1079F000A8B1FFE70398BDF80420805C0299895C78
:107A0000884201D0FFE70AE0BDF806000130ADF87A
:107A10000600BDF804000130ADF80400D5E7BDF85C
:107A2000060004B07047000083B00290019100206E
:107A3000ADF80200FFE70198BDF80210405C60B1AC
:107A4000FFE70198BDF80220805C02998854BDF8D8
:107A500002000130ADF80200EDE70299BDF8022006
:107A600000208854BDF8020003B0704780B586B08E
:107A700005903220ADF812000020ADF81000ADF8EE
:107A80000E000598D0F85C0102900598C08E002881
:107A900000F0A480FFE70598C18E01440020087122
:107AA000ADF80600FFE7BDF906000599B1F86011D1
:107AB000884255DAFFE7059804300299BDF906209F
:107AC00012018958FFF778FF0599C98E884240D185
:107AD000FFE7BDF80E0090B3FFE7BDF80E000128E8
:107AE00008D1FFE7059849F6BA41C0F60101FEF753
:107AF0002BFDFFE70598BDF81010FEF765FD029914
:107B0000BDF8100000010858BDF90620120189587F
:107B1000FFF752FFADF80C00BDF81200BDF80C10D5
:107B2000884204DDFFE7BDF80C00009003E0BDF8DB
:107B300012000090FFE70098ADF81200FFE7BDF8D3
:107B40000600ADF81000BDF80E000130ADF80E00D3
:107B5000FFE7FFE7BDF806000130ADF80600A2E739
:107B6000BDF80E0008B9FFE74FE0BDF80E00012890
:107B700004D1FFE70598FEF7AFFCFFE7BDF80E0064
:107B800060B1FFE7059804300299BDF8102012019A
:107B90008958FFF749FF0599C886FFE7BDF80E0031
:107BA00002280EDBFFE70598BDF81010FEF70CFD6C
:107BB00005980168FEF7C8FCBDF812000599C88653
:107BC000FFE70598C18E0144002008710599C88E11
:107BD00008870598011DFEF7B7FC16E0059991F896
:107BE000720140F0040081F8720101200021FFF7CA
:107BF00089FB059991F8720100F0FB0081F8720190
:107C000005980168FEF7A0FCFFE706B080BD000004
:107C100080B584B00390039802900298D0F8740164
:107C200050B9FFE7029840F21041C2F20001096A20
:107C3000FEF78AFCFFE7FEE70298D0F874110DF119
:107C40000700884730B9FFE702989DF80710FFF753
:107C5000B5FAFFE704B080BD80B582B0ADF806008C
:107C600041F2C400C2F20000FFF7D2FF02B080BDB3
:107C700082B0ADF80600ADF80410ADF80220BDF8F2
:107C800006008005BDF804106FF39F2140EA013023
:107C9000BDF802106FF31F31084402B070470000B6
:107CA00080B582B040F2D030C2F20000FDF7C0FFD4
:107CB00020B1FFE700208DF8070003E001208DF8D8
:107CC0000700FFE79DF8070002B080BD80B584B0D3
:107CD0008DF80B008DF80A109DF80A0020B9FFE717
:107CE0006FF00100039021E040F2A170C2F20000A9
:107CF00001907E21017005214170412181709DF824
:107D00000B10C1709DF80A100171417890F802C003
:107D1000C378027981EA0C01594051404171EF2149
:107D20008171072100F006F80390FFE7039804B083
:107D300080BD000080B584B00290ADF8061040F21E
:107D4000D030C2F20000C06818B1FFE7029820B935
:107D5000FFE76FF0010003900CE040F2D030C2F278
:107D60000000D0F80CC0029ABDF806300021E047B0
:107D70000390FFE7039804B080BD000080B586B093
:107D80008DF8130003910F208DF80A009DF8130061
:107D90008DF80B00039820B9FFE74FF0FF300590F6
:107DA00016E040F29430C2F20000D0F818C0039BF5
:107DB0006A46012111600DF10A010222E04720B15B
:107DC000FFE74FF0FF30059002E000200590FFE74D
:107DD000059806B080BD000080B584B002900020F8
:107DE0008DF807000090FFE70098C0087C2827D88E
:107DF000FFE7C0200DF10701FFF7C0FF20B1FFE74B
:107E00004FF0FF3003901FE09DF80700C00758B9FE
:107E1000FFE7029828B1FFE79DF807000299087074
:107E2000FFE7002003900FE040F29430C2F2000020
:107E3000816A01208847FFE7009801300090D3E76E
:107E40004FF0FF300390FFE7039804B080BD0000BF
:107E500080B584B006208DF80B0000238DF80A3021
:107E600040F29430C2F20000D0F814C069460B60B2
:107E70000DF10B010122E04720B1FFE74FF0FF3089
:107E800003902AE000208DF80900FFE79DF8090023
:107E900002281ED8FFE740F29430C2F20000816A47
:107EA00001208847C0200DF10A01FFF767FF48B99C
:107EB000FFE79DF80A008007002803D5FFE70020B0
:107EC00003900AE0FFE79DF8090001308DF80900F2
:107ED000DCE74FF0FF300390FFE7039804B080BD6C
:107EE00080B584B08DF80B008DF80A101F208DF836
:107EF00008009DF80B008DF8090040F29430C2F2A2
:107F00000000D0F814C06A460121116002A90222C3
:107F10000DF10A03E04720B1FFE74FF0FF30039077
:107F200002E000200390FFE7039804B080BD00004A
:107F30000FB4054B10B503A9044A029801F072F87A
:107F400010BC5DF814FB0000253E01080000002075
:107F50004100080218BF04200A0E18BF40F00100BB
:107F60004FF07F4232EA010108BF40F002000128D1
:107F700008BF05207047000010B54FF00E402DEDF2
:107F8000028BB0EE408A18EE104A00EB4400B0F1CC
:107F9000506F4AD84FF0FC40B0EB440F22D2B0EE05
:107FA000C80AF7EE000A30EEC00AF6EE000A60EEEC
:107FB000208A18EE900A01F02BFC01EE100A14F052
:107FC000004F1DBFDFED2D0A9FED2D0AB1EE411AC6
:107FD000DFED2C0A08BF9FED2C0AF8EE001A21EE07
:107FE000218A05E0DFED290A68EE088AB0EE600A12
:107FF0009FED271ADFED271A30EE080A48EE811AA6
:108000009FED251A08EEA11ADFED241A48EE811A19
:108010009FED231A08EEA11A68EE281ABDEC028B18
:1080200001EE810A30EE200A10BD4FF0E440B0EBC3
:10803000440F0CD918EE100AFFF78AFF042808BF76
:1080400000F066FEB0EE480ABDEC028B10BD4FF0AA
:108050007F40B0EB440F07D2B0EE480ABDEC028B74
:10806000BDE8104000F03EBE012000F013FFBDEC63
:10807000028BBDE8104000F03BBE00000000C9BF0D
:1080800022AAFDB90000C93F22AAFD390000000064
:1080900024FE1C3DC78AD83C1E67383D1B93993D82
:1080A000AFAA2A3E70B54FF068422DED048BF0EE7A
:1080B000408A18EE900AB0EE608A18EE101A02EBB1
:1080C0004003B3F1654F3CBF02EB4102B2F1654F93
:1080D0007DD200BFC0F3C753C1F3C7529A1A1B2AFF
:1080E00009DD10F0004F14BF9FED830A9FED830A56
:1080F000BDEC048B70BD12F11A0F36DA11F0004F8F
:1081000009D010F0004F0CBF9FED7D0A9FED7D0A56
:10811000BDEC048B70BD88EE889A19EE100AFFF74B
:1081200017FF042808BF00F0F3FD18EE900AFFF7D0
:108130000FFF054618EE100AFFF70AFF044619EE76
:10814000100AFFF705FF042D18BF052D08D1042CD8
:1081500018BF052C04D1002804BF022000F09AFEAD
:10816000B0EE490ABDEC048B70BD4200B2EB410F8A
:108170003AD910F0004F19BFDFED630A9FED630A93
:10818000DFED630A9FED630AB0EE481A0A46B1EECE
:10819000688A80F00041F0EE418A10460A1A5200C7
:1081A000B2F1807F34D2484010F0004FDFED5A1A10
:1081B0009FED5A2A1DBFBEEE001A70EEE10A30EEA6
:1081C000420AB6EE001A08BF70EEA10A00E040E0D5
:1081D00008BF30EE020AB0EE682A01EE482A08EE27
:1081E000818AC2EE081A15E011F0004F04BF9FED1E
:1081F0004C0AF0EE400AD1D010F0004F19BFDFED6D
:10820000490A9FED490ADFED490A9FED490AC5E792
:10821000C8EE881A21EEA11A9FED462ADFED462A04
:1082200041EE022A9FED452A01EE222ADFED442A83
:1082300041EE022A9FED432ABDEC048B01EE222A77
:1082400021EE811A01EE020A30EE210A30EE200AF8
:1082500070BD4FF07F42B2EB400F28BFB2EB410F31
:1082600009D2F0EE480AB0EE680ABDEC048BBDE816
:10827000704000F03ABD40EA01035B0008BF41F0E6
:10828000FF410BD0B2EB400F08BFB2EB410F08D15A
:1082900020F0804008EE900A21F0804108EE101A8C
:1082A00018E7B2EB400F12BF5FEA410340F0FF4016
:1082B00001F000413FF40EAFB2EB410F12BF5FEA95
:1082C000400200F0004041F0FF413FF403AF4A009C
:1082D00092EA40033FF5FEAE002AACBF9FED1A0ABA
:1082E0009FED1A0A68EE808A28EE008A18EE900A3E
:1082F00018EE101AEEE60000DB0FC9BFDB0FC93F16
:10830000DB0F4940DB0F49C00000C9BF22AAFDB9FD
:108310000000C93F22AAFD390060ED3EC30ACE37F6
:1083200000000000000049C022AA7DBA00004940B8
:1083300022AA7D3A2DAD65BD8FB8D53D0FB511BED2
:1083400061C84C3EA8AAAABE0000804F0000802F42
:1083500010EE101A08B5444A6846B2EB410F28D90E
:108360004FF0E640B0EB410F94BF00204FF0FF30DC
:1083700000900098002861DB60EE000A10F0010F09
:1083800045D010F0020FDFED391A9FED391A00EEDB
:10839000A11ADFED381A40EE811A21EEA01AF0EE94
:1083A000400A40EE010A08BFF1EE600AB0EE600A32
:1083B00008BD314B21F0004293423CD911F0004FEF
:1083C000DFED2E0A20EE201ADFED2D0A19BF31EE67
:1083D000601A71EE200A31EE201A71EE600ABDEECD
:1083E000E01A11EE100A9FED271A00F0030000EECC
:1083F000C10A9FED251A009000EEC10A9FED231AD5
:1084000000EEC10A9FED221A00EEC10AB1E79FED0E
:10841000211A9FED210A10F0020F00EE810A9FED54
:108420001F1A00EE801AB7EE000A00EE810A18BF8C
:10843000B1EE400A08BD00F073FC9AE710EE100A96
:108440004000B0F17F4F3CBFB7EE000A08BD07D136
:108450004FF0010000F01EFDBDE8084000F048BCF0
:10846000BDE8084000F03EBCB61F927E336D4CB9AB
:10847000DA82083CA0AA2ABE490E494683F9223F67
:108480000000004B0000C93F00A0FD390020A233CE
:108490001A61342CB93AB2BACA9F2A3DDDFFFFBE39
:1084A00010B510EE100A2DED068BB7EE001A10EE87
:1084B000901AB0EE418A0022A0F5000CDFEDFE9A82
:1084C0004FF00073BCF1FE4F4FF07F4403EB410CC3
:1084D00080F0B481BCF1804FC0F02082F7490144A4
:1084E0009FEDF73AB1F5005F40F2D48200F58021AC
:1084F000CB0C03F00F0101EE901AC3F307137F3B7F
:10850000A0EBC350B8EEE12A00EE100A1A44DFEDEA
:10851000ED2AF0EE411A42EE221AF0EE613A70EEC8
:10852000232A30EE632A12EE900A00F500606FF302
:108530000B0001EE900A73EEE13A33EE804AC1EE91
:10854000223A22EE230A10EE100A00F500606FF3C3
:108550000B0000EE100A00EE612A00EE442A62EEE3
:10856000232A70EE221A21EEA12ADFEDD73A02EE7D
:10857000233A23EE023A20EE012A22EE811A03EE7C
:10858000211A32EE010A10EE100A00F500606FF3B6
:108590000B0000EE100A72EE401A31EE812A9FEDB8
:1085A000CB1A60EE011A9FEDCA1A20EE011A9FED58
:1085B000C90A02EE001A31EE810A10EE100A00F527
:1085C00000606FF30B0000EE100AC34871EEC01A92
:1085D00031EE812A784400EBC10090ED003AD0EDF5
:1085E000011A100101EE100AF8EEC12A32EE211A2A
:1085F00031EE001A31EE031A31EE221A11EE100A92
:1086000000F500606FF30B0009EE100A39EE621AF4
:1086100031EE431A31EE400A30EE610A32EE40AAE2
:1086200010EE900A002100F500606FF30B0008EED9
:10863000900A084670EEE8AAE8F79EF829EE280AA4
:1086400000F00C01F0EEC00A10EE900AB0F18B4F72
:108650000DDD10EE900AB4EB400F08D310EE100AB7
:108660004FF08B4262F31E0008EE900A13E069EEB1
:108670002A0A38EEAA1A4AEE010A30EE201A11EE42
:10868000100A00F500606FF30B0008EE900A30EE60
:10869000680A70EE209A0C20E8F76EF838EEA90A06
:1086A000B5EEC00AF1EE10FA34BFFEEE000AF6EEA7
:1086B000000A30EE800ABDEEC00A10EE100A011169
:1086C00000EE101AF8EEC00A00EE100AB8EEC00A6A
:1086D00038EEC00A30EE290ADFED801A9FED801ACD
:1086E00000EE211ADFED7F1A7F4900F00F0040EE07
:1086F000011A21EE800A794401EB800191ED001A04
:108700007A49794401EB8001D1ED001A784901EEF4
:10871000801A794401EB8000764990ED000A31EE31
:10872000001AB0EEE00A10EE100A884215DA10EED8
:10873000100AB4EB400F10D39FED6F0A30EE800AA1
:10874000DFED6E0A20EE200A68EE010ABDEC068B12
:10875000BCEEC00A20EE200A10BD10EE100A6849D7
:10876000884243DA10EE100AB4EB400F3ED3BDEE60
:10877000E00A68EE010A10EE100A00EBD072511008
:10878000C90501F17E5100EE101AA0EB6200C00590
:1087900060EE200A00F17E5000EE100A60EE808A42
:1087A00018EE900AB4EB400F0FD1022000F072FBDC
:1087B00000F0A6FA10EE101A18EE100ABDEC068BA7
:1087C00061F31E0000EE100A10BD18EE900A400082
:1087D00011D018EE900AFFF7BBFB042808BF00F089
:1087E00097FAB0EE680ABDEC068B10BDF5EEC00A34
:1087F000F1EE10FA0FD2022000F04CFB00F088FAE4
:1088000010EE101A18EE100ABDEC068B61F31E0074
:1088100000EE100A10BD022000F03CFB00F070FAE0
:1088200010EE101AB0EE480A10EE100ABDEC068BDE
:1088300061F31E0000EE100A10BD00BFBCF1804FB6
:108840006CD300BF00F1FF43B3F1FE4F24D200BF51
:10885000B0EEC00A10EE100AC1F3C7537F2B0DDB38
:10886000972BBFF63BAEC3F196034FF0010C0CFA09
:1088700003F3A3F1010C1CEA010F08D0012000F062
:1088800009FBBDEC068BBDE8104000F031BA0B428D
:1088900018BFBFEE008A21E643001CBF4FF0807373
:1088A000B3EB400F34D96FF01A02DFED161A20EE49
:1088B000210A10EE100A27E000000000001080C01E
:1088C000ABAAAA3E0000803D7EE24C3E00B038429A
:1088D000D49AB8BB3BAA384278120000FC596337DF
:1088E000C9FF753A1872313D161200004A12000095
:1088F000BA1100000000FC420000FE420000004BE4
:10890000000040430000004D10F0004FA0D1E5E50D
:10891000A0F50003B3F1FE4F21D2DFE503EB4103E5
:10892000B3F1007F11D3F5EEC00AF1EE10FA05D1D4
:10893000430018BFB4EB400F76D883E701F0004145
:1089400041F0FC5100EE901A7CE7B3F1807F06D233
:1089500010EE903AA3F5000300EE903A72E720F093
:1089600000426FF0FF4C604C02EB0C03A34210D3AB
:1089700021F000439C44A4450BD3B0F17E5F18BFA7
:108980005FEA410C50D0B2F1FF4F98BFB3F1FF4FF7
:1089900005D9BDEC068BBDE8104000F0A6B9B0F1DA
:1089A000FF4F0FD0C1F3C7527F2A09DB972A11DA94
:1089B000C2F19602012303FA02F2531E0B4205D0C4
:1089C000002208E011F0004F55D128E00A4218BFFC
:1089D000012200D1022210F5000F13D028B3B0F10C
:1089E000004F26D010F1814F4FD04FF0FE42B2EB36
:1089F000400F94BF01200020012202EBE171884268
:108A000039D10CE011F0004F02D0012A38D032E009
:108A1000012A02BF9FED350ABDEC068B10BD9FED0C
:108A2000340ABDEC068B10BD2FE011F0004F0CD1C5
:108A300021E0B1F1FF4F1ED011F5000F05D011F06C
:108A4000004F15D00AB1012A08D0022000F022FA06
:108A5000BDEC068BBDE8104000F03AB9022000F0F2
:108A600019FA00F035F9BDEC068BB1EE400A10BDE5
:108A70000AB1012A04D0B0EE690ABDEC068B10BD24
:108A8000BDEC068B9FED1B0A10BDBDEC068BB7EE4F
:108A9000000A10BD30EE410AB5EE001A9FED172A0C
:108AA00000EE413AB6EE001A60EE001A00EE431AEC
:108AB00061EEC11A9FED101A20EE011A20EE020A93
:108AC0009FED0F2A01EE820A71EE001A11EE900A54
:108AD00000F500606FF30B0009EE100A31EE491A41
:108AE00031EE00AA9CE50000FFFF3F00000080FF80
:108AF0000000807F0000008000B0B841D49A38BBED
:108B00003BAAB84100B510EE101A2DED028B81B0D2
:108B1000524A6846B2EB410F2ED94FF0E640B0EB17
:108B2000410F94BF00204FF0FF3000900098B0EE4E
:108B3000408A00286ADB10F0010F4BD068EE080A6B
:108B40009FED471A9FED470A00EE810A9FED461AF6
:108B500010F0020F00EE801AB7EE000A00EE810A54
:108B600002BF01B0BDEC028B00BD00BF01B0B1EE91
:108B7000400ABDEC028B00BD3C4B21F00042934209
:108B800041D911F0004FDFED3A0A20EE201ADFED57
:108B9000390A19BF31EE601A71EE200A31EE201A3F
:108BA00071EE600ABDEEE01A11EE100A9FED321A66
:108BB00000F0030000EEC10A9FED301A009000EEB5
:108BC000C10A9FED2F1A00EEC10A9FED2E1A00EE8A
:108BD000C10AABE728EE080A9FED2B1ADFED2B0A3E
:108BE00010F0020F40EE010A9FED291A00EE201A44
:108BF00061EE000AB0EE480A08EE200AB6D101B0D4
:108C0000BDEC028B00BD00F08BF88FE718EE100A68
:108C10004000B0F17F4F0DD218EE100AFFF798F91F
:108C2000042808BF00F074F8B0EE480A01B0BDECAB
:108C3000028B00BD09D1012000F02CF901B0BDEC80
:108C4000028B5DF804EB00F053B801B0B0EE480AB7
:108C5000BDEC028B5DF804EB00F044B8B61F927EC9
:108C6000B93AB2BACA9F2A3DDDFFFFBE490E494656
:108C700083F9223F0000004B0000C93F00A0FD39EE
:108C80000020A2331A61342C336D4CB9DA82083CCF
:108C9000A0AA2ABE10B52DED028BB1EEC08A18EE47
:108CA000100A20F00040C0F1FF40C00F0AD010EEC3
:108CB000100A20F00040C0F1FF40C00F04BF0120A7
:108CC00000F0E8F8B0EE480ABDEC028B10BD0000E1
:108CD000DFED030AB7EE001A81EE200A70470000AC
:108CE0000000000030EE000A704730EE200A7047A6
:108CF000DFED020A80EEA00A7047000000000000CD
:108D00009FED020A20EE000A70470000000000708C
:108D10009FED020A20EE000A7047000000000010DC
:108D20002DE9F0014FF07F42B2EB410F9FBF4FF0B2
:108D3000FF310160BDE8F00170474FF0004242EAA8
:108D40000123C1F3C752783A551112F01F0C434C5E
:108D5000CCF120067C44C1F3C752A2F178024FEA5D
:108D6000621204EB820254F8254008BFD2E9015692
:108D700012D0556804FA0CF425FA06F73C439768BC
:108D800005FA0CF527FA06F8D26807FA0CFCF2404F
:108D900045EA08054CEA0206A4FB034CA5FB035276
:108DA000A6FB03631D449D4234BF01260026131910
:108DB000334416B1934202D903E0934201D2012217
:108DC00000E00022624402F1200C9206DC0C42EA30
:108DD000443200EE102A5B03DFED210AF8EEC01AE0
:108DE00000EE103A4FEA9C1C11F0004FB8EE400A1A
:108DF000C0F800C020EE201A00EE105ADFED190A6C
:108E0000B8EE400A20EE200A71EE810A70EE800A68
:108E100010EE902A02F500626FF30B0200EE902A2A
:108E200070EEE11A31EEC11ADFED101A30EE411A80
:108E30009FED0D0A20EE800A01EE210A9FED0C1A2B
:108E400000EE810A04BFBDE8F0017047CCF180510B
:108E50000160BDE8F001B1EE400A7047380C000037
:108E6000000000360000802C22AAFD29DB0FC92F4C
:108E70000000C92F02E008C8121F08C1002AFAD159
:108E800070477047002001E001C1121F002AFBD18A
:108E90007047000001490860704700000C00002086
:108EA0002DE9FF5F82B00021DDE90430020DDDF81D
:108EB00040B0034318D044F61050A2F2FF324243B0
:108EC0001514119801281FD0A5EB0B00401C5FEA78
:108ED000000A4FF000064E4FDFF83891B04650467A
:108EE00015D5CAF1000413E0119801244AA3012802
:108EF00001D16FEA0B010298119AC0E90031C0E973
:108F0000024206B0BDE8F09FCBF10000DFE7044667
:108F10000021404A491842EB0450CDE9001012E00C
:108F2000E00707D032463B4640464946E7F713FB89
:108F30008046894632463B4610461946E7F70BFB0A
:108F400006460F466410002CEAD1DDE90401DDE994
:108F50000023BAF1000F06DAE7F7FDFA42464B4666
:108F6000E7F7F9FA05E0E7F768FB42464B46E7F713
:108F700064FB04460E460022284BE7F7E5FB03D8C6
:108F80004FF0FF30014607E00022254B20463146D6
:108F9000E7F73AFAE7F7C0FB102409E0002C0ADBF8
:108FA0000A220023E7F770F9039B30321A55641E3A
:108FB00050EA0102F2D1641C039AC4F11103144473
:108FC000119A012A03D0012208430DD10AE0084377
:108FD00004D000204FF0110B119072E7A3EB0B05AA
:108FE0006D1E0DE05B4504DD4FF0000205F101054B
:108FF00004E003DA4FF00002A5F10105002AECD0ED
:1090000002981199C0E90231C0E9004579E70000F2
:10901000000014400000F03F300000000000F0436A
:109020000000E03F2DE9FF4F95B09B46894606467C
:1090300000250FE2252877D100242746F84A012190
:10904000059400E0044316F8013F203B01FA03F0C9
:109050001042F7D130782A2811D06FF02F033078E2
:10906000A0F13002092A16D8059A44F0020402EB56
:10907000820203EB42021044761C0590EFE759F898
:10908000042B0592002A03DA504244F40054059060
:1090900044F00204761C30782E2816D116F8010F01
:1090A00044F004042A280DD06FF02F023078A0F18C
:1090B0003003092B09D807EB870302EB4303C718DA
:1090C000761CF3E759F8047B761C30786C280FD0B7
:1090D00006DC4C2817D068280DD06A2814D104E08B
:1090E000742810D07A280FD10DE044F400140AE05F
:1090F00044F4801401E044F440147278824202D1B6
:1091000004F58014761C761C307866280BD013DCAE
:10911000582877D009DC002875D04528F6D0462895
:10912000F4D047281AD19DE118E0632835D064288F
:1091300079D0652812D195E1702873D008DC6728B2
:10914000F1D069286FD06E280DD06F2806D1B5E018
:1091500073282CD0752875D0782874D05A46179962
:1091600090476D1C75E1C4F30250022809D0032812
:109170000DD0D9F8001004280DD00D6009F10409B4
:1091800067E1D9F80010EA17C1E90052F6E7D9F80B
:1091900000100D80F2E70D70F0E719F8041B8DF850
:1091A000001000208DF80100EA46012003E059F884
:1091B00004AB4FF0FF3061074FF0000102D40DE027
:1091C00008F101018846B9420FDA8045F8DB1AF848
:1091D00008100029F4D108E008F101018846814215
:1091E000FADB1AF808100029F6D105985B46A0EBC7
:1091F000080721463846179A00F094FA284400EBF5
:10920000080507E04DE029E10DE01AF8010B5A4688
:1092100017999047B8F10108F7D25B4621463846C6
:10922000179A13E142E00A220092C4F302524FF06F
:10923000000A022A08D059F804CB032A4FEAEC713D
:109240000AD00DE029E02AE009F1070121F0070228
:10925000F2E802C1914609E00FFA8CFC4FEAEC718A
:10926000042A03D14FFA8CFC4FEAEC71002907DA8B
:109270000A460021DCF1000C61EB02012D2202E024
:10928000220504D52B228DF80420012203E0E207F9
:1092900001D02022F7E7904659E00A2102E010228F
:1092A0000DE010214FF0000A00910BE010224FF06A
:1092B000000A44F004040827009203E008224FF05B
:1092C000000A0092C4F30252022A05D059F804CBD6
:1092D0000021032A08D009E009F1070121F0070263
:1092E000F2E802C1914605E01FFA8CFC042A01D184
:1092F0000CF0FF0C4FF00008220728D5702806D08C
:10930000009B83F0100353EA0A0305D00EE04022CD
:109310008DF80420012208E05CEA010206D0302228
:109320008DF804208DF8050002229046009B83F002
:10933000080353EA0A030AD15CEA010201D1620779
:1093400005D530228DF804204FF001087F1E5828E3
:1093500004D034A003900EA802900DE036A0F9E7E7
:1093600053466046009AE6F78FFF84460398825C76
:109370000298401E029002705CEA0100F0D102984F
:1093800006A9081A00F1200A600702D524F48034E7
:1093900000E00127574502DDA7EB0A0000E00020AE
:1093A00000EB0A01009005984144401A0590E00343
:1093B00006D45B462146179A059800F0B3F9054498
:1093C000002706E001A85A46C05D179990476D1C1A
:1093D0007F1C4745F6DBE0030CD55B462146179A18
:1093E000059800F09FF9054404E030205A4617998B
:1093F00090476D1C0099481E00900029F5DC08E09C
:10940000029802995A460078491C02911799904790
:109410006D1CBAF10001AAF1010AF1DC65E100005E
:10942000092801003031323334353637383961623A
:1094300063646566000000003031323334353637FE
:1094400038394142434445460000000000F058F9D5
:109450000544761C307800287FF4ECAD19B028461E
:10946000BDE8F08F620700D4062709F1070222F059
:10947000070CFCE80223E14603F000485FEA080C11
:1094800002D00FF2702C0DE05FEA045C02D50FF2FF
:10949000682C07E05FEAC47C02D00FF2602C01E088
:1094A000AFF2700C4FF0FF3823F00043CDF850C0FE
:1094B00065280CD006DC452809D046281DD0472851
:1094C0003DD13DE0662818D067287ED138E00021E4
:1094D000112F01DB112000E0781CCDE9000106A965
:1094E0000EA8FFF7DDFCDDE90F010E9A03910021C4
:1094F000009207F1010A04914DE04FF000400097FF
:10950000CDE9011006A90EA8FFF7CAFCDDE90F029C
:1095100003920E9B11990022DDF80CA00093049297
:1095200011B9791C00EB010AB7EB0A0004D4C0F1B1
:10953000FF3007F1010A0490AAEB0700019044E014
:10954000012F00DA01270021112F01DD112000E099
:109550003846CDE9000106A90EA8FFF7A1FCDDE918
:109560000F010E9A0391002104910092BA4621073F
:109570000CD40399514500DA8A46BAF1010F05DD92
:10958000009AAAF10101515C302908D0B84202DAF0
:1095900010F1040F06DA0121CDE9011015E0AAF15E
:1095A0000101E9E7002805DC049901440491AAEBD4
:1095B000000102E0411C514500DD8A460499401A31
:1095C000401C01904FF000400290200704D4019805
:1095D000504501DBCDF8048000208DF84F00029843
:1095E0000DF14F07B0F1004F25D02B200E900298BF
:1095F0004FF0020800280CDA404202902D200E9015
:1096000007E00A210298E6F7CAFE3031029007F817
:10961000011DB8F10001A8F10108F2DC0298002850
:10962000EFD1791E0E980870307800F0200040F0DD
:10963000450007F8020D12A8C01B00F10708149896
:10964000007800B1012000EB0A01019801EBE07104
:1096500005984144401A401E0590E00306D45B463D
:109660002146179A059800F05DF805441498007893
:1096700018B15A46179990476D1CE00324D55B46F4
:109680002146179A059800F04DF805441CE004980F
:10969000002807DBDDE90301884203DD0098405C18
:1096A000179901E0179930205A469047049805F120
:1096B0000105401C04900198401E019004D12E2009
:1096C0005A46179990476D1CBAF10001AAF1010A98
:1096D000DDDC05E017F8010B5A46179990476D1C21
:1096E000B8F10001A8F10108F4DC5B462146179AA5
:1096F0000598ABE62D0000002B00000020000000C4
:109700002DE9F041044600251E461746880404D47E
:1097100005E039462020B0476D1C641EF9D5284667
:10972000BDE8F0812DE9F041044600251E46904633
:10973000C80301D5302700E02027880404D505E0C0
:1097400041463846B0476D1C641EF9D52846BDE831
:10975000F081000010B5002821D0114B0022001F1D
:10976000196803E0814203D80A4649680029F9D103
:1097700052B11368841A9C4204D1006818441060E6
:10978000104602E0506000E0186039B102680B1A20
:10979000934203D10B681A4402604968416010BDCE
:1097A00004000020F0B50B30154D20F00701002417
:1097B000144A0FE003688B420BD38B4205D95E1A23
:1097C00043184768C3E9006700E04368136002C0BC
:1097D00004E0021D10680028ECD12046002802D1C8
:1097E000286808B10020F0BD064A07481060074A03
:1097F000121A22F00702C0E9002401202860D7E7EE
:109800000800002004000020A4160020A03600203C
:1098100010B500EE100A2DED028BB1EEC08A18EEE5
:10982000100A20F00040C0F1FF40C00F0AD010EE37
:10983000100A20F00040C0F1FF40C00F04BF01201B
:10984000FFF728FB18EE100ABDEC028B10BD0000DC
:1098500000000000000000000000B33FB2BE7D3AEF
:1098600000002E40DFCF513800007E40BF51FABAD1
:1098700000E0A44019DAC3BA00E0C840C2ED8AB9DA
:109880000040EB40CD1F2CBA001006412AFFFABA67
:1098900000C01541DFCFD13700D024419A97703AEC
:1098A0000050334189478E3600404141E75B9D3887
:1098B00000B04E41C00A98B900A05B41558F943A60
:1098C00000306841DA92C0BA0040744162B3C63ACF
:1098D0000000803F00A0853F00908B3F00C0913F7B
:1098E0000030983F00F09E3F00F0A53F0050AD3F94
:1098F0000000B53F0000BD3F0060C53F0020CE3FE7
:109900000040D73F00C0E03F00C0EA3F0020F53FE5
:10991000000000007D36AC397D3C3839EBDCF43892
:10992000320A7E39124C26399B6AED39A4EE83390E
:109930007F661E39F6398A392B426539A48211397E
:109940005B991F39C3EECD39DDE7C637A5A22F39A4
:109950000000803FC3AA853FC2958B3FD3C3913F90
:10996000F037983F32F59E3FD7FEA53F3F58AD3FB9
:10997000F304B53FA408BD3F2A67C53F8C24CE3F02
:10998000FD44D73FDFCCE03FC7C0EA3F7D25F53F30
:10999000000000006E83F9A22915444ED15727FC20
:1099A000C0DD34F5999562DB4190433CAB6351FED9
:1099B000000000000000000001020304060708097F
:1099C0000000000001020304000102030405060771
:1099D000080C101418203040000000000000003F68
:1099E000000000000000B4420000B442000000008B
:1099F0000000803F000000000000000000000000A8
:109A0000000080BF00000000000000000000000017
:109A1000000080BF00000000000080BF00000000C8
:109A20000000000000000000000080BF0000803F38
:109A30000000000000000000080402040801010109
:109A400001010103070100000100020004000600FB
:109A500008000A000C0010002000400080000001F7
:109A6000000000000000003F0000FA440000204118
:109A700000000000F4010000636C730068656C7006
:109A8000006C73006D6F646500706C7573007265B7
:109A9000626F6F7400736574007365745661720051
:109AA00076617273000000000A000000E967010897
:109AB0000D000000E9670108090000006D7A010847
:109AC00008000000996301087F0000009963010805
:109AD0001B00000081630108636C65617220636F85
:109AE0006D6D616E64206C696E6500636F6D6D6194
:109AF0006E642068656C70005669657720736368D2
:109B00006564756C6572206C697374007377697431
:109B100063682073797374656D206D6F6465007080
:109B20006C7573007265626F6F7420746865206D68
:109B300063750073657420666C6F61742076617262
:109B40006961626C6500736574207661720076618C
:109B50007220666F7220746573740073686F77206B
:109B6000766172730068656C70205B636F6D6D6108
:109B70006E645D202D2D73686F772068656C702092
:109B8000696E666F206F6620636F6D6D616E640035
:109B90006D6F6465203C307C317C327C333E0073D9
:109BA00065742061203C76616C75653E0073657458
:109BB00056617220245B7661725D205B76616C7504
:109BC000655D007661723100494D55444154413222
:109BD00000494D5544415441004C454400534845CB
:109BE0004C4C00464443414E00494D55557064610C
:109BF000746100566F69636500556E6E616D6564D2
:109C00005461736B004261726F6D65746572004CD4
:109C10006F77506F776572004E616D652020202050
:109C20002020202020202020205072696F7269742B
:109C300079202052756E74696D65287573290D0A37
:109C40000055736167653A206D6F6465203C307C18
:109C5000317C327C333E0D0A004D6F646520737792
:109C600069746368206661696C65643A20256C6478
:109C70000D0A005661726961626C652027257327A1
:109C8000206E6F7420666F756E640D0A0061203D52
:109C90002025660D0A004D6F646520737769746333
:109CA00068656420746F2025730D0A00252D3136F8
:109CB0007320252D397520256C750D0A0064616DA2
:109CC00070696E670073706F72747300636F6D6696
:109CD0006F7274007265737400082008000D0A43E7
:109CE0004F4D4D414E44204C4953543A0D0A0D0AF4
:109CF000000D0A5641524941424C45204C495354AB
:109D00003A0D0A0D0A000D0A70617373776F726461
:109D100020636F6E6669726D206661696C65642E82
:109D20000D0A000D0A70617373776F726420636FA0
:109D30006E6669726D20737563636573732E0D0AA9
:109D4000003A0D0A006572726F723A207368656C92
:109D50006C2E72656164206D757374206265206479
:109D60006566696E65640D0A00436F6D6D616E64B2
:109D7000206E6F7420666F756E640D0A00766172D6
:109D8000206E6F7420666F756E640D0A000D0A57A1
:109D900061726E69673A20436F6D6D616E64206910
:109DA0007320746F6F206C6F6E670D0A0063616EB5
:109DB0002774207365742076616C0D0A000D0A0DFE
:109DC0000A0D0A205F2020202020202020205F2054
:109DD00020205F2020202020202020202020202044
:109DE00020202020205F2020202020202020202034
:109DF0005F205F200D0A7C207C202020205F5F5F99
:109E00007C207C5F7C207C5F205F5F5F205F205F29
:109E10005F2020205F5F5F7C207C5F5F2020205FD1
:109E20005F5F7C207C207C0D0A7C207C2020202F02
:109E3000205F205C205F5F7C205F5F2F205F205CC5
:109E400020275F5F7C202F205F5F7C20275F205CC6
:109E5000202F205F205C207C207C0D0A7C207C5FF2
:109E60005F7C20205F5F2F207C5F7C207C7C20201B
:109E70005F5F2F207C202020205C5F5F205C207CA7
:109E8000207C207C20205F5F2F207C207C0D0A7CA2
:109E90005F5F5F5F5F5C5F5F5F7C5C5F5F7C5C5FA1
:109EA0005F5C5F5F5F7C5F7C202020207C5F5F5F6A
:109EB0002F5F7C207C5F7C5C5F5F5F7C5F7C5F7C76
:109EC0000D0A0D0A4275696C643A2020202020207A
:109ED0002041756720313620323032362032333A15
:109EE00031313A35300D0A56657273696F6E3A201A
:109EF00020202020322E302E380D0A436F707972C8
:109F0000696768743A202020286329203230323073
:109F1000204C65747465720D0A00203D2000636F4B
:109F20006D6D616E642068656C70202D2D000D0ACA
:109F3000506C6561736520696E7075742070617313
:109F400073776F72643A000D0A406C696E677975B9
:109F5000616E3E3E001B5B324A1B5B314800686508
:109F60006C70002C2030780028A001080000002030
:109F7000400400008A08000828A1010840040020CD
:109F800060720000848E01088E9A01082D6101081C
:109F9000249B010800000000899A0108515F010814
:109FA0001F9B010800000000819A01084D4A01082A
:109FB000F89A010800000000849A010899550108E8
:109FC0000C9B0108909B0108959A0108ED6101081E
:109FD000339B01089F9B0108999A0108C5780108E5
:109FE000469B0108AD9B0108A09A0108B1760108C3
:109FF0005B9B0108000000007C9A010805730108C2
:10A00000EB9A0108659B0108789A0108B164010880
:10A01000D89A010800000000C39B01083C040020FE
:10A020004E9B01080000000001100D126F12833AD0
:10A030000411042690D003C3803F28090AD723BD0A
:10A04000CDCC4CBD441808A245763F85EB81204F0E
:10A05000803F010201012C49044009E9590108F53A
:10A060005601084B815B0881DA0510132C09422048
:10A0700013540E4C20AC0D0C011C5FC15D01085146
:10A080005C4414100242022A40F93C0A35803C0527
:10A090002B04024204B93C0D36080242103C1978E8
:10A0A0001109293DB93C110939F05C1002424509FA
:10A0B00033B40937F01A08B40216017E095E0108AC
:10A0C00091DCE11795560108840A42204BB401083F
:10A0D000092A3C4B140B340A31F03C5AA43C0B10B7
:10A0E0002C023C811AC544DAFD44293C4BF4093466
:10A0F0000A1178781A6934011C4B140D346AA4785B
:10A10000180D507D44BD9D01082E9F010823081A9B
:10A1100006041EDD9C0108F1041A690C1A8D041A4C
:08A12000450432013210327BCC
:040000050800024DA0
:00000001FF
