:020000040800F2
:1000000040510020610200088901010895F00008B4
:1000100085010108F50E0008852201087302000819
:10002000000000000000000000000000990C010822
:10003000792F0008000000005D020108890F010807
:100040007D0200087D0200087D0200087D02000894
:100050007D0200087D0200087D0200087D02000884
:100060007D0200087D0200087D0200087D02000874
:100070007D0200087D0200087D0200084939000861
:100080007D0200087D0200087D0200087D02000854
:100090007D0200087D0200087D0200087D02000844
:1000A0007D0200087D0200087D0200087D02000834
:1000B0007D020008B53B00087D0200087D020008B3
:1000C0007D0200087D0200087D0200087D02000814
:1000D000000000007D0200087D0200085D39000874
:1000E0006D3900087D0200087D0200087D020008CD
:1000F0007D0200087D0200087D0200087D020008E4
:100100007D0200087D020008091501087D02000833
:100110007D0200087D0200087D0200087D020008C3
:100120007D0200087D020008E92101087D02000827
:100130007D0200087D0200087D0200087D020008A3
:100140007D0200087D0200087D0200087D02000893
:100150007D0200087D0200087D0200087D02000883
:100160007D0200087D0200087D0200087D02000873
:100170007D0200087D0200087D0200087D02000863
:100180007D0200087D0200087D0200087D02000853
:100190007D0200087D0200087D0200087D02000843
:1001A0007D0200087D0200087D0200087D02000833
:1001B0007D0200087D0200087D0200087D02000823
:1001C0007D0200087D0200087D0200087D02000813
:1001D0007D0200087D0200087D0200087D02000803
:1001E0007D0200087D0200087D0200087D020008F3
:1001F0007D0200087D0200087D0200087D020008E3
:100200007D0200087D0200087D0200080000000059
:10021000000000007D020008000000007D020008D0
:100220007D0200087D0200087D0200087D020008B2
:100230007D0200087D0200087D0200087D020008A2
:100240007D0200087D0200087D020008DFF80CD066
:1002500000F0A6F800480047612D01084051002039
:100260000748804707480047FEE7FEE7FEE7FEE74E
:10027000FEE7FEE7FEE7FEE7FEE7FEE7FEE700003B
:10028000D11301084D0200082DE9F05F054600205A
:1002900092469B4688460646814640241BE02846F7
:1002A00041464746224600F068F853465A46C01A6F
:1002B000914110D311461846224600F04FF82D1AEE
:1002C00067EB01084F4622460120002100F046F866
:1002D00017EB00094E41201EA4F10104DFDC484663
:1002E00031462A464346BDE8F09F40EA01039B079A
:1002F00003D009E008C9121F08C0042AFAD203E09B
:1003000011F8013B00F8013B521EF9D27047D2B2FE
:1003100001E000F8012B491EFBD270470022F6E7EE
:1003200010B513460A4604461946FFF7F0FF20466B
:1003300010BD10B5044604E00B7800F8013B03B192
:10034000491C521EF8D2204610BD034611F8012B5D
:1003500000F8012B002AF9D118467047202A04DB47
:10036000203A00FA02F1002070479140C2F12003C8
:1003700020FA03F3194390407047202A04DB203A07
:1003800021FA02F00021704721FA02F3D040C2F1B5
:100390002002914008431946704700207047000032
:1003A0001CB509480090094801900546009C06E0EC
:1003B000E06840F0010394E8070098471034AC422D
:1003C000F6D3FFF747FF0000D04B0108F04B0108C0
:1003D00070B58C1810F8015B15F0070301D110F807
:1003E000013B2A1106D110F8012B03E010F8016B34
:1003F00001F8016B5B1EF9D12B0705D40023521EB7
:100400000DD401F8013BFAE710F8013BCB1A921C1E
:1004100003E013F8015B01F8015B521EF9D5A1421C
:10042000D8D3002070BD000080B588B0ADF81E00A4
:1004300000208DF81D00BDF81E0008B9FFE7FBE0A5
:100440000DF11D0002F09AFD40B1FFE740F6185192
:10045000C2F20001086901300861EDE09DF81D005D
:1004600008B9FFE7E8E00DF1170002F02FFE40B1F8
:10047000FFE740F61851C2F2000108690130086137
:10048000DAE09DF817109DF818209DF81900000477
:1004900040EA0220084404909DF81200000600285B
:1004A00005D5FFE7049800F17F400490FFE79DF831
:1004B0001A109DF81B209DF81C00000440EA022041
:1004C00008440390039840B9FFE740F61851C2F280
:1004D0000001086901300861AEE09DED040AB8EE44
:1004E000C00A9FED561A20EE010A40F2BC20C2F26B
:1004F000000080ED010A9DED030AB8EE400A9FED71
:10050000501A80EE010A8DED020A40F2A420C2F2D8
:100510000000007868B9FFE7029840F2A021C2F21B
:100520000001086040F2A421C2F20001012008701D
:1005300034E040F20400C2F2000090ED000A9FEDAA
:10054000411A30EE010A80ED000A90ED000AB5EE86
:10055000001A30EE011A80EE010A8DED010A9DEDC0
:10056000010A9DED022A40F2A021C2F2000191EDA4
:10057000001A32EE412A20EE020A30EE010A81ED25
:10058000000A9DED011AB7EE000A30EE411A90ED17
:10059000000A20EE010A80ED000AFFE740F2A020E9
:1005A000C2F20000016840F2BC20C2F200000090DC
:1005B000016090ED000A9FED241A80EE010ADFED44
:1005C000230A13F0AFFC0098B0EE401AB7EE000A11
:1005D00030EE410A9FED1E1A20EE010A80ED020A5C
:1005E00040F2AC20C2F20000007888B9FFE740F288
:1005F000BC20C2F20000806840F2A821C2F20001D3
:10060000086040F2AC21C2F2000101200870FFE74F
:1006100040F2BC21C2F2000191ED020A40F2A82092
:10062000C2F2000090ED001A30EE410A81ED030A9B
:10063000086901300861FFE708B080BD000080371D
:100640000000C8450AD7233C00507D44B1DC423E3F
:10065000002A2D4780B586B0049040F29452C2F231
:100660000002002050611061D06090605060106006
:100670002C211170049A0121019111F0CBFF0199F5
:100680000390049A084611F0C5FF0290039818B130
:10069000FFE70398059008E0029818B1FFE7029879
:1006A000059002E000200590FFE7059806B080BDA8
:1006B00080B582B012F074FA0190019802B080BD4A
:1006C00080B584B0ADF80A0001918DF80320BDF823
:1006D0000A0040F2FE71884207DCFFE7019820B172
:1006E000FFE79DF8030020B9FFE76FF001000390DA
:1006F00008E0BDF80A0001999DF8032012F0EAFA1B
:100700000390FFE7039804B080BD000080B584B07B
:10071000ADF80E0012F0DAFA40F2CC40C2F200005E
:1007200012F05CF90190019818B9FFE711F0C0FDD3
:100730000DE00198B0F1FF3F08DCFFE740F61851EB
:10074000C2F20001C8690130C861FFE7FFE740F26B
:10075000FC40C2F2000012F063F940B1FFE740F63E
:100760001851C2F20001086A01300862FFE740F246
:100770002C50C2F2000012F0A1F940B1FFE740F6A0
:100780001851C2F20001486A01304862FFE711F0D7
:10079000D3FD40F27000C2F20000007838B9FFE7E4
:1007A00040F2B021C2F200010020086047E040F6AC
:1007B0007450C2F20000407990B9FFE740F67450DF
:1007C000C2F20000C07858B9FFE740F67450C2F298
:1007D0000000007920B9FFE76420ADF8020003E0D3
:1007E0000520ADF80200FFE7BDF80E2040F2B02072
:1007F000C2F200000168114401600068BDF80210F7
:1008000088421CD3FFE740F2B021C2F20001002071
:10081000086005F029FFCDF80A0040F202300DF122
:100820000A01042212F056FA40B1FFE740F61851CF
:10083000C2F20001886901308861FFE7FFE704B078
:1008400080BD000080B58AB0ADF8260040F29C0063
:10085000C2F2000005A90C2202F0E2FD9DF814008E
:100860009DF8151040EA0120ADF80E009DF8160025
:100870009DF8171040EA0120ADF810009DF818000F
:100880009DF8191040EA0120ADF812009DF81A00F9
:100890009DF81B1040EA0120ADF808009DF81C00EF
:1008A0009DF81D1040EA0120ADF80A009DF81E00D9
:1008B0009DF81F1040EA0120ADF80C0000208DF8D3
:1008C0000700FFE79DF80700022832D8FFE79DF8F0
:1008D00007100DF10E0030F9110000EE100AB8EE0D
:1008E000C00A9FED531A20EE010A40F24040C2F2C6
:1008F000000000EB810080ED000A9DF8071002A8BF
:1009000030F9110000EE100AB8EEC00A9FED491A46
:1009100020EE010A40F2D450C2F2000000EB810048
:1009200080ED000AFFE79DF8070001308DF8070011
:10093000C8E740F2CE30C2F200000078002874D040
:10094000FFE740F2B800C2F2000005A90C2202F055
:1009500067FD9DF814009DF8151040EA0120ADF8E0
:100960000E009DF816009DF8171040EA0120ADF822
:1009700010009DF818009DF8191040EA0120ADF80C
:1009800012009DF81A009DF81B1040EA0120ADF8F6
:1009900008009DF81C009DF81D1040EA0120ADF8EC
:1009A0000A009DF81E009DF81F1040EA0120ADF8D6
:1009B0000C0000208DF80600FFE79DF806000228D5
:1009C00032D8FFE79DF806100DF10E0030F9110046
:1009D00000EE100AB8EEC00A9FED151A20EE010ACB
:1009E00040F24C40C2F2000000EB810080ED000AB2
:1009F0009DF8061002A830F9110000EE100AB8EEBA
:100A0000C00A9FED0C1A20EE010A40F2E050C2F23B
:100A1000000000EB810080ED000AFFE79DF8060072
:100A200001308DF80600C8E7FFE70AB080BD00BFBF
:100A3000000080390000003D80B582B040F29C008B
:100A4000C2F2000000F0BEF80090009818B1FFE775
:100A500000980190B2E040F2B800C2F2000000F04D
:100A6000B1F80090009838B9FFE740F2CE31C2F2F9
:100A7000000101200870FFE740F29C00C2F2000074
:100A800002F030FC0090009818B1FFE70098019048
:100A900094E040F2CE30C2F20000007890B1FFE75F
:100AA00040F2B800C2F2000002F01CFC0090009876
:100AB00038B1FFE740F2CE31C2F2000100200870E9
:100AC000FFE7FFE740F2DC5004F0E6FB40F29C0059
:100AD000C2F2000002F0D2FB0090009818B1FFE7CC
:100AE000009801906AE00A2004F0D6FB40F29C00D6
:100AF000C2F2000002F0D2FB0090009818B1FFE7AC
:100B0000009801905AE040F2CE30C2F20000007826
:100B100038B3FFE740F2B800C2F2000002F0AEFBCB
:100B20000090009838B1FFE740F2CE31C2F20001E8
:100B30000020087014E00A2004F0AEFB40F2B80078
:100B4000C2F2000002F0AAFB0090009838B1FFE763
:100B500040F2CE31C2F2000100200870FFE7FFE74B
:100B6000FFE740F29C00C2F2000002F0FBFB0090A5
:100B7000009818B1FFE7009801901FE040F2CE30D6
:100B8000C2F20000007890B1FFE740F2B800C2F274
:100B9000000002F0E7FB0090009838B1FFE740F258
:100BA000CE31C2F2000100200870FFE7FFE74FF4EA
:100BB000967004F071FB00200190FFE7019802B0ED
:100BC00080BD000080B584B00290029802F044FC21
:100BD0000190019818B1FFE70198039041E0029855
:100BE00002F072FC0190019818B1FFE701980390A0
:100BF00037E0029802F0E6FB0190019818B1FFE798
:100C0000019803902DE0029802F07CFB019001987E
:100C100018B1FFE70198039023E00298202102F029
:100C2000EBFC0190019818B1FFE70198039018E0E0
:100C30000298602102F00EFD0190019818B1FFE7C3
:100C4000019803900DE00298062102F07FFC0190CC
:100C5000019818B1FFE70198039002E0002003908B
:100C6000FFE7039804B080BD80B582B0ADF8060000
:100C7000BDF8060040B1FFE740F27100C2F200008B
:100C80000078022801D0FFE70BE002F0D9FA40B16A
:100C9000FFE740F61851C2F20001486D0130486587
:100CA000FFE702B080BD000080B584B040F60400CC
:100CB000C4F20240006800F040010020B0EB911F38
:100CC00004D1FFE711F024FD039065E002F0F0FC91
:100CD00020B1FFE74FF0FF3003905DE00DF107001A
:100CE00002F0EAFC20B1FFE74FF0FF30039053E041
:100CF0009DF8070020B9FFE711F00AFD03904BE0D3
:100D00009DF807008DF8060005F0AEFC0290FFE7A5
:100D100005F0AAFC0299401AC0087C281DD8FFE7FC
:100D20000DF1070002F0C8FC20B1FFE74FF0FF30E3
:100D3000039031E09DF807109DF8060008408DF8FB
:100D400006009DF8060020B9FFE711F0E1FC0390D2
:100D500022E00A2004F0A0FADAE7012005F0ACFD59
:100D6000022005F0A9FD082005F0A6FD202005F0D1
:100D7000A3FD40F64001C4F20241086840F0FF00C4
:100D8000086040F60001C4F20241086840F08000AB
:100D9000086000200390FFE7039804B080BD0000C6
:100DA00080B540F25C51C2F200010020087002F0F0
:100DB0007FFC80BD80B582B0ADF8060040F25C508B
:100DC000C2F200000078F0B9FFE740F67450C2F2BA
:100DD0000000C078B0B1FFE740F67450C2F20000E6
:100DE000007978B1FFE711F0B7FE20B1FFE711F00D
:100DF000C5FE38B9FFE740F25C51C2F200010120A4
:100E00000870FFE714E00DF1050002F055FC40B159
:100E1000FFE740F61851C2F20001086B0130086389
:100E200006E09DF8050018B9FFE711F071FCFFE737
:100E300002B080BD80B584B08DF80B009DF80B002A
:100E4000652804D3FFE76FF00100039014E09DF8DC
:100E50000B0018B9FFE76A20019003E09DF80B0032
:100E60000190FFE701988DF80A009DF80A10002014
:100E700012F05AFD0390FFE7039804B080BD000014
:100E800080B582B0ADF8060040F67450C2F20000A2
:100E90008079012807D0FFE740F2B421C2F20001B7
:100EA0000020087024E040F2B420C2F20000007874
:100EB00070B9FFE705F0D8FB40F2B821C2F200019B
:100EC000086040F2B421C2F20001012008700FE076
:100ED00005F0CAFB40F2B821C2F200010968401ACD
:100EE00000097C2801D8FFE702E011F0E1FCFFE7F0
:100EF00002B080BDFFE7FEE784B00290019100924E
:100F000002980199884203DAFFE7019803900AE00A
:100F100002980099884203DDFFE70098039002E001
:100F200002980390FFE7039804B0704785B00490DF
:100F30000498006A039004980068406920F4430014
:100F400003990843049909684861049B1A69586920
:100F50009969DB69184310430843039004980168BA
:100F600001205022C4F202029142029000F06781F7
:100F7000FFE70498016801205022C5F20202914265
:100F8000029000F05C81FFE7049801680120D02204
:100F9000C4F202029142029000F05181FFE70498EE
:100FA00001680120D022C5F202029142029000F0B5
:100FB0004681FFE704980168012040F25012C4F214
:100FC00002029142029000F03A81FFE70498016822
:100FD000012040F25012C5F202029142029000F04C
:100FE0002E81FFE704980168012040F2D012C4F27C
:100FF00002029142029000F02281FFE7049801680A
:10100000012040F2D012C5F202029142029000F09B
:101010001681FFE704980168012040F25022C4F2D3
:1010200002029142029000F00A81FFE704980168F1
:10103000012040F25022C5F202029142029000F0DB
:10104000FE80FFE704980168012040F2D022C4F23C
:1010500002029142029000F0F280FFE704980168DA
:10106000012040F2D022C5F202029142029000F02B
:10107000E680FFE704980168012040F25032C4F294
:1010800002029142029000F0DA80FFE704980168C2
:10109000012040F25032C5F202029142029000F06B
:1010A000CE80FFE704980168012040F2D032C4F2FC
:1010B00002029142029000F0C280FFE704980168AA
:1010C000012040F2D032C5F202029142029000F0BB
:1010D000B680FFE704980168012041F25002C4F293
:1010E00002029142029000F0AA80FFE70498016892
:1010F000012041F25002C5F202029142029000F03A
:101100009E80FFE704980168012041F2D002C4F2FA
:1011100002029142029000F09280FFE70498016879
:10112000012041F2D002C5F202029142029000F089
:101130008680FFE704980168012041F25012C4F252
:101140000202914202907AD0FFE7049801680120E0
:1011500041F25012C5F20202914202906FD0FFE7B5
:1011600004980168012041F2D012C4F202029142B7
:10117000029064D0FFE704980168012041F2D01288
:10118000C5F202029142029059D0FFE7049801682B
:10119000012041F25022C4F20202914202904ED04C
:1011A000FFE704980168012041F25022C5F20202D3
:1011B0009142029043D0FFE704980168012041F278
:1011C000D022C4F202029142029038D0FFE7049884
:1011D0000168012041F2D022C5F202029142029040
:1011E0002DD0FFE704980168012041F25032C4F28B
:1011F00002029142029022D0FFE704980168012088
:1012000041F25032C5F202029142029017D0FFE73C
:1012100004980168012041F2D032C4F202029142E6
:1012200002900CD0FFE7049800684EF63041CAF6F1
:10123000FD710844B0FA80F040090290FFE702987F
:10124000C007B8B1FFE70498426A836AC06A002108
:10125000CFF6F07101EB035101F07C7108436FF0A0
:101260000F0101EB021101F47C7101430398084363
:101270000390FFE704980068006C00F08020039959
:101280000843049909680864049988680A79104336
:10129000096B084303900498C068B0F5806F40F074
:1012A0007C81FFE70498016801205022C4F2020209
:1012B0009142019000F06781FFE7049801680120E6
:1012C0005022C5F202029142019000F05C81FFE7DA
:1012D000049801680120D022C4F2020291420190D8
:1012E00000F05181FFE7049801680120D022C5F287
:1012F00002029142019000F04681FFE704980168E4
:10130000012040F25012C4F202029142019000F01A
:101310003A81FFE704980168012040F25012C5F2BB
:1013200002029142019000F02E81FFE704980168CB
:10133000012040F2D012C4F202029142019000F06A
:101340002281FFE704980168012040F2D012C5F223
:1013500002029142019000F01681FFE704980168B3
:10136000012040F25022C4F202029142019000F0AA
:101370000A81FFE704980168012040F25022C5F27B
:1013800002029142019000F0FE80FFE7049801689C
:10139000012040F2D022C4F202029142019000F0FA
:1013A000F280FFE704980168012040F2D022C5F2E4
:1013B00002029142019000F0E680FFE70498016884
:1013C000012040F25032C4F202029142019000F03A
:1013D000DA80FFE704980168012040F25032C5F23C
:1013E00002029142019000F0CE80FFE7049801686C
:1013F000012040F2D032C4F202029142019000F08A
:10140000C280FFE704980168012040F2D032C5F2A3
:1014100002029142019000F0B680FFE70498016853
:10142000012041F25002C4F202029142019000F008
:10143000AA80FFE704980168012041F25002C5F23A
:1014400002029142019000F09E80FFE7049801683B
:10145000012041F2D002C4F202029142019000F058
:101460009280FFE704980168012041F2D002C5F2A2
:1014700002029142019000F08680FFE70498016823
:10148000012041F25012C4F20202914201907AD03E
:10149000FFE704980168012041F25012C5F20202F0
:1014A000914201906FD0FFE704980168012041F25A
:1014B000D012C4F202029142019064D0FFE7049876
:1014C0000168012041F2D012C5F20202914201905E
:1014D00059D0FFE704980168012041F25022C4F27C
:1014E0000202914201904ED0FFE70498016801206A
:1014F00041F25022C5F202029142019043D0FFE72F
:1015000004980168012041F2D022C4F20202914203
:10151000019038D0FFE704980168012041F2D02201
:10152000C5F20202914201902DD0FFE704980168B4
:10153000012041F25032C4F202029142019022D0C5
:10154000FFE704980168012041F25032C5F202021F
:101550009142019017D0FFE704980168012041F201
:10156000D032C4F20202914201900CD0FFE70498FD
:1015700000684EF63041CAF6FD710844B0FA80F0BA
:1015800040090190FFE70198C00728B1FFE70398E1
:1015900040F480600390FFE70CE00498C068B0F569
:1015A000007F05D1FFE7039840F40070039000E04E
:1015B000FFE7FFE70498416B039808430390049802
:1015C0000068406C42F20011C3F6C0410840039924
:1015D00008430499096848640498016800208864F5
:1015E00004980168012040F25032C4F20202914294
:1015F00000904ED0FFE704980168012040F250327D
:10160000C5F202029142009043D0FFE704980168BE
:10161000012040F2D032C4F202029142009038D050
:10162000FFE704980168012040F2D032C5F20202BF
:10163000914200902DD0FFE704980168012041F20B
:101640005032C4F202029142009022D0FFE7049887
:101650000168012041F25032C5F20202914200902D
:1016600017D0FFE704980168012041F2D032C4F29C
:101670000202914200900CD0FFE7049800684EF6F9
:101680003041CAF6FD710844B0FA80F0400900907C
:10169000FFE70098C00740B1FFE704980168002009
:1016A0004865049909688865FFE704980168002087
:1016B000C86705B07047000085B00190019890EDB3
:1016C000062A90ED070A90ED085A90ED094A22EE9D
:1016D000021ABEEE003A31EE036A20EE001A31EE35
:1016E000061A90ED0A7A62EE040A20EE056A36EEDA
:1016F000606AD0ED0B0A26EE206A21EE071A31EE61
:10170000061A22EE052A20EE040A30EE020A90EDB7
:101710000C2A20EE020A30EE010A30EE000A8DEDAE
:10172000020A019890ED062A90ED075A90ED081AEA
:1017300090ED094A22EE046A25EE010A30EE060A0F
:1017400090ED0A7A22EE026A76EE030A21EE016A31
:1017500036EE206AD0ED0B0A26EE206A20EE070A4C
:1017600030EE060A22EE052A21EE041A31EE421A64
:1017700090ED0C2A21EE021A30EE010A30EE000A3A
:101780008DED030A019890ED062A90ED076A90ED21
:10179000081A90ED090A22EE015A26EE004A34EEAC
:1017A000454A90ED0A5A22EE066A21EE001A31EE01
:1017B000061A90ED0B6A21EE061A24EE054A31EE68
:1017C000041A22EE022A32EE032A20EE000A30EE3C
:1017D000020A90ED0C2A20EE020A30EE010A30EEE9
:1017E000000A8DED040A0198007801460091022854
:1017F00004D3FFE70098022809D011E09DED040A08
:10180000BFEE001A30EE010A8DED040A08E09DEDEE
:10181000040AB7EE001A30EE010A8DED040AFFE764
:101820009DED020ADDED030A9DED041A05B0704737
:1018300085B00090009B9869D9691A6A5B6A049325
:101840000392029101909DED010ADDED020A9DEDEA
:10185000031ADDED041A05B07047000080B582B0B0
:101860000190019844F6EC21C0F6010100F0D8F88F
:10187000019800F003F802B080BD000080B58EB082
:101880000D900D9A4FF07E50099000200A900B9019
:101890000C9009990A9BDDF82CC0DDF830E0C2F805
:1018A00024E0C2F820C0D36191610D9A06900790A0
:1018B00008900699079BDDF820C0C2F830C0D362BB
:1018C00091620D9A012182F834100D9A0021C4F220
:1018D000201191630D9981F840000D9A03900490B6
:1018E00005900399049BDDF814C0C2F84CC09364C2
:1018F00051640D9A0090019002900099019BDDF8CF
:1019000008C0C2F858C0536511650D9981F85C0094
:101910000D9908660D9A516951660D9981F8680014
:101920000D99C8660D99486908670EB080BD000022
:1019300080B590B00F908DED0E0A0F9890ED060ACD
:1019400090ED073A90ED081A90ED092A23EE013A3E
:1019500020EE020A30EE030A21EE013AB6EE001A3A
:101960008DED011A31EE431A22EE022A71EE420A7F
:1019700012F0DAF88DED0D0A9DED0D0A8DED020ADB
:101980009DED0E0A00F0C0FC9DED011AB0EE402A5C
:101990009DED020A30EE420A20EE010A8DED0C0A9E
:1019A0009DED0C0A12F016FA8DED080A0020099040
:1019B0000A909DED0C0A12F0E7FDB0EE401A9FED83
:1019C000170A30EE410A8DED0B0A0F9803909DED3A
:1019D000080ADDED090A9DED0A1ADDED0B1A90EDFE
:1019E000062AD0ED072A90ED083AD0ED093A00F02A
:1019F0007FFE0399CDED071A8DED061ACDED050A90
:101A00008DED040A0498059A069BDDF81CC0C1F808
:101A100024C00B62CA61886110B080BD00000080E4
:101A200080B586B0059004910498007805990870F7
:101A30000498406805994860049890ED020AB5EE54
:101A4000400AF1EE10FA05D1FFE79FED4C0A8DED4B
:101A5000030A09E0049890ED020A9FED471A20EE70
:101A6000010A8DED030AFFE79DED030A059880ED5D
:101A7000020A049890ED030AB5EE400AF1EE10FA5E
:101A800005D1FFE79FED3D0A8DED020A11E00498B4
:101A900090ED030A00F038FC12F076FDB6EE001A65
:101AA00020EE010AF0EE000A12F03CFA8DED020A77
:101AB000FFE79DED020A059880ED030A049890ED7A
:101AC000040AB5EE400AF1EE10FA05D1FFE79FEDEA
:101AD0002B0A8DED010A11E0049890ED040A00F044
:101AE00013FC12F051FDB6EE001A20EE010AF0EEE2
:101AF000000A12F017FA8DED010AFFE79DED010AC9
:101B0000059880ED040A0498406905994861059993
:101B100048694866059948690867049890ED010A84
:101B2000B5EE400AF1EE10FA04D0FFE704984069E0
:101B300048B9FFE705994FF6FF70C7F67F70C86098
:101B400005990861FFE7059890F83400C00720B9AF
:101B5000FFE7059948688863FFE7059890ED011A4B
:101B6000B2EE040A30EE410AB0EE081A80EE010A25
:101B700080ED0F0A06B080BD48E17A3FFFFF7F7F0E
:101B800080B5CAB08DED491ACDED480A8DED470AF2
:101B9000CDED462A8DED452ACDED441A8DED434A13
:101BA000CDED423A8DED413A4090CDED3F4A40991E
:101BB0004498459A469B0B63CA6288629DED470A2A
:101BC000B0EEC00A409890ED021AB4EE410AF1EE70
:101BD00010FA1ADCFFE79DED480AB0EEC00A409803
:101BE00090ED021AB4EE410AF1EE10FA0DDCFFE7B7
:101BF0009DED490AB0EEC00A409890ED021AB4EE8D
:101C0000410AF1EE10FA1CDDFFE7409B9869D969A3
:101C10001A6A5B6A3E933D923C913B904098FFF775
:101C20002DFE40993B983C9A3D9BDDF8F8C0C1F8E9
:101C300024C00B62CA6188614099012081F840008C
:101C4000FFE7409890F83400C00768B3FFE740987A
:101C500090ED0E0A90ED0F1A9DED3F2A21EE021A2B
:101C600030EE410A80ED0E0A409890ED011A90ED99
:101C70000E0AB4EE410AF1EE10FA09DBFFE74098D4
:101C800090ED010AB5EE400AF1EE10FA0BD1FFE734
:101C90004099486888634099002081F83400409951
:101CA00081F84000FFE7FFE740980DF0A7F88DEDC1
:101CB0003A1ACDED390A8DED380A0020379036906A
:101CC00035904099012081F85C009DED440ADDEDDE
:101CD000450A9DED461A01F00FF8002879D1FFE77B
:101CE000409804909DED440ADDED450A9DED461AAD
:101CF00001F054F88DED311ACDED300A8DED2F0A3B
:101D00009DED2F0ADDED300A9DED311ADDED381A1B
:101D10009DED392ADDED3A2A01F0EAFE04998DEDB8
:101D2000341ACDED330A8DED320A3298339A349B52
:101D3000CB648A644864409890F83400C00790B936
:101D4000FFE7409890ED110AD0ED120A90ED131ABA
:101D500000F0FEFF409890ED031AB4EE410AF1EE58
:101D600010FA09DCFFE74099002081F85C004099F7
:101D7000086E0938086604E04099086E013008666C
:101D8000FFE74099086E496E884207DDFFE74099FA
:101D900000204866409981F85C0003E0409948695A
:101DA0004866FFE740984269006E0021FFF7A4F8FB
:101DB00040990866409890F85C00C00740B9FFE77A
:101DC000409A506C916CD26C379236913590FFE707
:101DD000FFE700202E902D902C904099012081F853
:101DE00068009DED410ADDED420A9DED431A00F0C9
:101DF00083FF002840F09780FFE740980DF086F8B9
:101E00008DED2B1ACDED2A0A8DED290A409803900D
:101E10009DED380ADDED390A9DED3A1ADDED411AE6
:101E20009DED422ADDED432A00F098FE8DED221A49
:101E3000CDED210A8DED200A9DED200ADDED210A70
:101E40009DED221A00F0AAFF8DED251ACDED240A92
:101E50008DED230A9DED230ADDED240A9DED251A63
:101E6000DDED291A9DED2A2ADDED2B2A01F040FE39
:101E700003998DED281ACDED270A8DED260A2698B7
:101E8000279A289B8B654A650865409890F834002E
:101E9000C00790B9FFE7409890ED140AD0ED150AFD
:101EA00090ED161A00F054FF409890ED041AB4EE2D
:101EB000410AF1EE10FA09DCFFE74099002081F8B1
:101EC00068004099C86E0938C86604E04099C86E39
:101ED0000130C866FFE74099C86E096F884207DD88
:101EE000FFE7409900200867409981F8680003E007
:101EF000409948690867FFE740984269C06E002131
:101F0000FEF7FAFF4099C866409890F86800C0074D
:101F100040B9FFE7409A106D516D926D2E922D9150
:101F20002C90FFE7FFE7B6EE000A00F0EDF9F0EEC7
:101F3000401A9DED470ADDED480A9DED491A00F073
:101F400057FF8DED1F1ACDED1E0A8DED1D0A9DED7B
:101F5000350ADDED360A9DED371ADDED2C1A9DEDC3
:101F60002D2ADDED2E2A00F09DFD8DED161ACDED0A
:101F7000150A8DED140A4098D0ED0E1A9DED140A45
:101F8000DDED150A9DED161A00F032FF8DED191AE0
:101F9000CDED180A8DED170A9DED1D0ADDED1E0A27
:101FA0009DED1F1ADDED171A9DED182ADDED192A9A
:101FB00000F078FD8DED1C1ACDED1B0A8DED1A0A8F
:101FC00040980190DDED3F1A9DED1A0ADDED1B0AE8
:101FD0009DED1C1A00F00CFF01988DED0B1ACDED54
:101FE0000A0A8DED090A90ED060AD0ED070A90ED78
:101FF000081AD0ED091A9DED092ADDED0A2A9DED9A
:102000000B3A00F0C7FC0198CDED0F1A8DED0E1ABA
:10201000CDED0D0A8DED0C0A90ED060AD0ED070A04
:1020200090ED081AD0ED091A9DED0C2ADDED0D2A70
:102030009DED0E3ADDED0F3A00F07EFA0199CDEDFF
:10204000131A8DED121ACDED110A8DED100A1098AC
:10205000119A129BDDF84CC0C1F824C00B62CA6112
:1020600088614098029090ED060AD0ED070A90ED45
:10207000081AD0ED091A00F007FB0299CDED081AF5
:102080008DED071ACDED060A8DED050A0598069A25
:10209000079BDDF820C0C1F824C00B62CA618861CB
:1020A0004AB080BD80B58CB08DED0B1ACDED0A0A1B
:1020B0008DED090ACDED082A8DED072ACDED061A22
:1020C00005908DED043A059800210191029103914C
:1020D000DDED044A9DED090ADDED0A0A9DED0B1ABE
:1020E000DDED061A9DED072ADDED082A9DED013A8A
:1020F000DDED023A9DED034AFFF742FD059890F8A9
:102100003400C00730B1FFE705989FED030AFFF7E1
:102110000FFCFFE70CB080BD0000000080B582B06E
:102120008DED000A9DED000ABFEE001AB4EE410AE3
:10213000F1EE10FA06DCFFE740F6DB70CBF6C97073
:10214000019016E09DED000AB7EE001AB4EE410AC8
:10215000F1EE10FA06DBFFE740F6DB70C3F6C9705C
:10216000019006E09DED000A11F048FC8DED010A9A
:10217000FFE79DED010A02B080BD000085B004902C
:1021800003919DED030AB8EE401AB7EE000A80EE07
:10219000010A9FED0C1A20EE010A049880ED000A56
:1021A000039804994860049900208860049900907D
:1021B000019002900098019A029B4B610A61C860ED
:1021C00005B07047FDAD003E80B592B08DED0E1AA2
:1021D000CDED0D0A8DED0C0A0B900B989DED0C0AC0
:1021E000DDED0D0A9DED0E1AD0ED031A90ED042AD7
:1021F000D0ED052A00F07EFE8DED0A1ACDED090A1C
:102200008DED080A089809990A9A0E920D910C9082
:102210009DED0C0AB0EEC00AB0EE081AB4EE410A09
:10222000F1EE10FA18DCFFE79DED0D0AB0EEC00AE2
:10223000B0EE081AB4EE410AF1EE10FA0CDCFFE73A
:102240009DED0E0AB0EEC00AB0EE081AB4EE410AD7
:10225000F1EE10FA0ADDFFE70B99002088600C9878
:102260000D990E9A119210910F9045E00B984168CC
:10227000806888420BD2FFE70B998868013088603C
:102280000C980D990E9A119210910F9034E00B98C2
:102290000190D0ED001A9DED0C0ADDED0D0A9DEDCB
:1022A0000E1A00F0CFFD01988DED041ACDED030A52
:1022B0008DED020A90ED030AD0ED040A90ED051AA7
:1022C000DDED021A9DED032ADDED042A00F018FC75
:1022D00001998DED071ACDED060A8DED050A0598D9
:1022E000069A079B4B610A61C8600C980D990E9A7B
:1022F000119210910F90FFE79DED0F0ADDED100A8E
:102300009DED111A12B080BD81B08DED000A9DEDDA
:10231000000A9FED031A20EE010A01B0704700BFCA
:1023200035FA8E3C82B08DED010A0198009000993B
:1023300041F21240C5F61F70A0EB610000909DEDC8
:10234000000A9DED011A9FED082A21EE021A21EEE6
:10235000001A21EE001A9FED052A31EE021A20EE36
:10236000010A02B0704700BF12D336BFFF51D83FF9
:10237000F0B58FB0189E179D169CDDF854E0DDF87F
:1023800050C00B960A950994CDF820E0CDF81CC0FA
:1023900006930592049103908DED021ACDED010A8A
:1023A0008DED000A9DED031A9DED043A9DED050AA1
:1023B0009DED004A9DED015A9DED022A23EE053A5E
:1023C00021EE041A31EE031A20EE020A30EE010A61
:1023D0008DED0C0A9DED061A9DED073A9DED080A5C
:1023E0009DED004A9DED015A9DED022A23EE053A2E
:1023F00021EE041A31EE031A20EE020A30EE010A31
:102400008DED0D0A9DED091A9DED0A3A9DED0B0A21
:102410009DED004A9DED015A9DED022A23EE053AFD
:1024200021EE041A31EE031A20EE020A30EE010A00
:102430008DED0E0A9DED0C0ADDED0D0A9DED0E1AD7
:102440000FB0F0BDF0B5A1B02A9E299D289CDDF803
:102450009CE0DDF898C08DED1D1ACDED1C0A8DEDC8
:102460001B0A1A9619951894CDF85CE0CDF858C05F
:102470001593149213911290CDED112A8DED102A1F
:10248000CDED0F1A8DED0E4ACDED0D3A8DED0C3AD6
:102490009DED1B0ADDED1C0A9DED1D1ADDED0C1AEC
:1024A0009DED0D2ADDED0E2A00F0F6FC8DED081AEB
:1024B000CDED070A8DED060A9DED060ADDED070A52
:1024C0009DED081ADDED0F1A9DED102ADDED112AA4
:1024D00000F0B6FB8DED0B1ACDED0A0A8DED090A61
:1024E00012981399149A159BDDF858C0179C189DE3
:1024F000199E1A9F9DED090ADDED0A0A9DED0B1A42
:10250000EE46CEF81070CEF80C60CEF80850CEF83B
:102510000440CEF800C0FFF72BFF8DED201ACDED63
:102520001F0A8DED1E0A9DED1E0ADDED1F0A9DEDB1
:10253000201A21B0F0BD00008CB0CDED071A8DED52
:10254000061ACDED050A8DED040ACDED033A8DEDA9
:10255000023ACDED012A8DED002A9DED040A9DED94
:10256000001A30EE010A8DED080A9DED050A9DED79
:10257000011A30EE010A8DED090A9DED060A9DED66
:10258000021A30EE010A8DED0A0A9DED070A9DED53
:10259000031A30EE010A8DED0B0A9DED080ADDED00
:1025A000090A9DED0A1ADDED0B1A0CB07047000008
:1025B0008CB0CDED071A8DED061ACDED050A8DED27
:1025C000040ACDED033A8DED023ACDED012A8DEDF1
:1025D000002A9DED040A9DED001A20EE010A8DED02
:1025E000080A9DED050A9DED011A20EE010A8DED08
:1025F000090A9DED060A9DED021A20EE010A8DEDF5
:102600000A0A9DED070A9DED031A20EE010A8DEDE1
:102610000B0A9DED080ADDED090A9DED0A1ADDEDB4
:102620000B1A0CB07047000080B588B0CDED071ACA
:102630008DED061ACDED050A8DED040A9DED042AF7
:10264000DDED052A9DED063ADDED073AB0EE420AD2
:10265000F0EE620AB0EE431AF0EE631AFFF7A8FF3D
:10266000CDED031A8DED021ACDED010A8DED000AB4
:102670009DED000ADDED010A9DED021ADDED031A64
:1026800000F008F908B080BD80B588B0CDED031A20
:102690008DED021ACDED010A8DED000A9DED000AC7
:1026A000DDED010A9DED021ADDED031AFFF7BCFF17
:1026B000FFF738FEB0EE402A9DED000ADDED010A7D
:1026C0009DED021ADDED031A00F0AEF8CDED071A0C
:1026D0008DED061ACDED050A8DED040A9DED040A77
:1026E000DDED050A9DED061ADDED071A08B080BD87
:1026F0008CB0CDED071A8DED061ACDED050A8DEDE6
:10270000040ACDED033A8DED023ACDED012A8DEDAF
:10271000002A9DED040A9DED055A9DED063A9DEDBA
:10272000071A9DED006A9DED017A9DED024A9DED2F
:10273000032A25EE075A20EE060A30EE450A23EE5C
:10274000043A30EE430A21EE021A30EE410A8DEDD2
:10275000080A9DED007A9DED016A9DED022A9DED2E
:10276000034A9DED043A9DED055A9DED060A9DED47
:10277000071A25EE075A23EE063A33EE053A20EE05
:10278000040A30EE030A21EE021A30EE410A8DED02
:10279000090A9DED004A9DED012A9DED026A9DED1D
:1027A000037A9DED043A9DED055A9DED061A9DEDC7
:1027B000070A25EE075A23EE063A33EE453A21EE94
:1027C000041A31EE031A20EE020A30EE010A8DEDF2
:1027D0000A0A9DED002A9DED014A9DED027A9DEDCC
:1027E000036A9DED041A9DED055A9DED063A9DED97
:1027F000070A25EE075A21EE061A31EE051A23EED6
:10280000043A31EE431A20EE020A30EE010A8DED51
:102810000B0A9DED080ADDED090A9DED0A1ADDEDB2
:102820000B1A0CB07047000089B0CDED041A8DED85
:10283000031ACDED020A8DED010A8DED002A9DED02
:10284000010A9DED001A20EE010A8DED050A9DEDAD
:10285000020A9DED001A20EE010A8DED060A9DED9B
:10286000030A9DED001A20EE010A8DED070A9DED89
:10287000040A9DED001A20EE010A8DED080A9DED77
:10288000050ADDED060A9DED071ADDED081A09B00F
:102890007047000084B0CDED031A8DED021ACDED26
:1028A000010A8DED000A9DED000A9DED013A9DEDB6
:1028B000022A9DED031A30EE030A30EE020A30EED2
:1028C000010A04B07047000080B588B0CDED041A4D
:1028D0008DED031ACDED020A8DED010A9DED011A71
:1028E0009DED023A9DED030A9DED042A21EE033A87
:1028F00020EE020A30EE030A22EE022A21EE011A2D
:1029000031EE021AB6EE002A8DED002A71EE420A6F
:1029100011F00AF900F0B8F88DED050A9DED010AF5
:102920009DED021A9DED032A9DED043A21EE031A56
:1029300020EE020A30EE410A30EE000AFFF7EEFB0D
:1029400000F0A2F89DED002A8DED060A9DED011A1A
:102950009DED023A9DED030A9DED044A21EE044AE5
:1029600023EE000A30EE040A23EE033A21EE011AA8
:1029700031EE031A71EE420A11F0D6F800F084F835
:102980008DED070A9DED050ADDED060A9DED071A9E
:1029900008B080BD8BB0CDED061A8DED051ACDEDDA
:1029A000040A8DED030A8DED023ACDED012A8DED7D
:1029B000002A9DED043A9DED050A9DED061A9DED58
:1029C000004A9DED015A9DED022A20EE450A23EEB4
:1029D000043A30EE430A21EE021A30EE410A8DED40
:1029E000070A9DED004A9DED012A9DED025A9DEDDD
:1029F000030A9DED053A9DED061A23EE053A20EEF9
:102A0000040A30EE030A21EE021A30EE410A8DED7F
:102A1000080A9DED002A9DED014A9DED025A9DEDAB
:102A2000031A9DED043A9DED060A23EE053A21EEC8
:102A3000041A31EE431A20EE020A30EE010A8DED3F
:102A4000090A9DED002A9DED015A9DED024A9DED7A
:102A5000030A9DED043A9DED051A23EE053A20EE9A
:102A6000040A30EE030A21EE021A30EE410A8DED1F
:102A70000A0A9DED070ADDED080A9DED091ADDED54
:102A80000A1A0BB07047000081B08DED000A9DED71
:102A9000000A9FED031A20EE010A01B0704700BF43
:102AA000E02E654289B08DED051ACDED040A8DED5D
:102AB000030ACDED022A8DED012ACDED001A9DED20
:102AC000030A9DED001A30EE010A8DED060A9DED18
:102AD000040A9DED011A30EE010A8DED070A9DED05
:102AE000050A9DED021A30EE010A8DED080A9DEDF2
:102AF000060ADDED070A9DED081A09B070470000CF
:102B000089B08DED051ACDED040A8DED030ACDEDEA
:102B1000022A8DED012ACDED001A9DED030A9DEDEF
:102B2000001A30EE010A8DED060A9DED040A9DEDB6
:102B3000011A30EE010A8DED070A9DED050A9DEDA3
:102B4000021A30EE010A8DED080A9DED060ADDED50
:102B5000070A9DED081A09B07047000089B08DED95
:102B6000051ACDED040A8DED030ACDED022A8DED97
:102B7000012ACDED001A9DED013A9DED022A9DED51
:102B8000040A9DED051A21EE031A20EE020A30EE2A
:102B9000410A8DED060A9DED031A9DED050A9DED96
:102BA000002A9DED023A21EE031A20EE020A30EED1
:102BB000410A8DED070A9DED003A9DED012A9DED3C
:102BC000030A9DED041A21EE031A20EE020A30EEEC
:102BD000410A8DED080A9DED060ADDED070A9DED1F
:102BE000081A09B07047000080B58AB08DED091A47
:102BF000CDED080A8DED070ACDED062A8DED052AEB
:102C0000CDED041A9DED070ADDED080A9DED091AC8
:102C1000DDED041A9DED052ADDED062A00F03EF8F3
:102C20008DED031ACDED020A8DED010A9DED010A2D
:102C3000DDED020A9DED031A00F08AF90AB080BDAD
:102C400089B08DED051ACDED040A8DED030ACDEDA9
:102C5000022A8DED012ACDED001A9DED030A9DEDAE
:102C6000001A20EE010A8DED060A9DED040A9DED85
:102C7000011A20EE010A8DED070A9DED050A9DED72
:102C8000021A20EE010A8DED080A9DED060ADDED1F
:102C9000070A9DED081A09B07047000089B08DED54
:102CA000051ACDED040A8DED030ACDED022A8DED56
:102CB000012ACDED001A9DED030A9DED001A20EECC
:102CC000010A8DED060A9DED040A9DED011A20EE24
:102CD000010A8DED070A9DED050A9DED021A20EE11
:102CE000010A8DED080A9DED060ADDED070A9DED4E
:102CF000081A09B07047000084B08DED031ACDEDBD
:102D0000020A8DED010A9DED010A0020B5EE400A90
:102D1000F1EE10FA009015D1FFE79DED020A0020B8
:102D2000B5EE400AF1EE10FA00900BD1FFE79DEDF1
:102D3000030A0020B5EE400AF1EE10FA08BF0120A8
:102D40000090FFE7009800F0010004B07047000019
:102D500080B586B08DED051ACDED040A8DED030A20
:102D6000DDED031A9DED042ADDED052AB0EE610AC2
:102D7000F0EE420AB0EE621AFFF790FF8DED021AF4
:102D8000CDED010A8DED000A9DED000ADDED010A91
:102D90009DED021A00F0DCF806B080BD80B586B06B
:102DA0008DED021ACDED010A8DED000A9DED000AB0
:102DB000DDED010A9DED021AFFF7CAFFFFF7B2FA37
:102DC000F0EE401A9DED000ADDED010A9DED021ABC
:102DD00000F00EF88DED051ACDED040A8DED030A15
:102DE0009DED030ADDED040A9DED051A06B080BDD8
:102DF00087B08DED031ACDED020A8DED010ACDED00
:102E0000001A9DED010A9DED001A20EE010A8DEDDC
:102E1000040A9DED020A9DED001A20EE010A8DEDD7
:102E2000050A9DED030A9DED001A20EE010A8DEDC5
:102E3000060A9DED040ADDED050A9DED061A07B0B0
:102E40007047000087B08DED031ACDED020A8DEDBD
:102E5000010ACDED001A9DED010A9DED001A20EE4C
:102E6000010A8DED040A9DED020A9DED001A20EE87
:102E7000010A8DED050A9DED030A9DED001A20EE75
:102E8000010A8DED060A9DED040ADDED050A9DEDB2
:102E9000061A07B07047000089B08DED051ACDED18
:102EA000040A8DED030ACDED022A8DED012ACDED48
:102EB000001A9DED030A9DED001A30EE410A8DEDDA
:102EC000060A9DED040A9DED011A30EE410A8DEDD2
:102ED000070A9DED050A9DED021A30EE410A8DEDBF
:102EE000080A9DED060ADDED070A9DED081A09B0F6
:102EF0007047000089B08DED051ACDED040A8DED07
:102F0000030ACDED022A8DED012ACDED001A9DEDCB
:102F1000030A9DED001A30EE410A8DED060A9DED83
:102F2000040A9DED011A30EE410A8DED070A9DED70
:102F3000050A9DED021A30EE410A8DED080A9DED5D
:102F4000060ADDED070A9DED081A09B0704700007A
:102F500083B08DED021ACDED010A8DED000A9DEDD5
:102F6000000A9DED012A9DED021A30EE020A30EEB4
:102F7000010A03B0704700007047000080B584B0BC
:102F8000029000208DF8070040F28000C2F200009D
:102F9000D0F810C027210DF107020123E04700906F
:102FA000009818B1FFE70098039008E09DF807002B
:102FB00000F001000299087000200390FFE70398D9
:102FC00004B080BD80B584B040F28000C2F2000041
:102FD00002900298D0F810C00DF1030201231946A7
:102FE000E0470190019818B1FFE70198039069E06C
:102FF000012002F051F900F079F80190019818B120
:10300000FFE7019803905DE0322000F0ADF80190F9
:10301000019818B1FFE70198039053E00298D0F8A7
:1030200010C027210DF103020123E0470190019810
:1030300018B1FFE70198039044E0DC208DF803000D
:103040000298D0F80CC037210DF103020123E047AC
:103050000190019818B1FFE70198039032E0052034
:1030600002F01AF940208DF803000298D0F80CC045
:1030700036210DF103020123E0470190019818B1B8
:10308000FFE7019803901DE001238DF803300298BB
:10309000D0F80CC015210DF10302E0470190019812
:1030A00018B1FFE7019803900CE0DD208DF80300D4
:1030B0000298D0F80CC037210DF103020123E0473C
:1030C0000390FFE7039804B080BD000080B582B094
:1030D000019040F28000C2F20000D0F810C0019AC6
:1030E0001D210623E04702B080BD000080B584B0FA
:1030F00040F28000C2F20000D0F810C00DF10702CB
:1031000001231946E0470290029818B1FFE70298A0
:10311000039026E09DF80700502804D0FFE74FF009
:10312000FF3003901DE040F28000C2F20000D0F8B2
:1031300010C002210DF106020123E047029002981F
:1031400018B1FFE7029803900BE09DF806003228C3
:1031500004D0FFE74FF0FF30039002E0002003901F
:10316000FFE7039804B080BD80B586B004900020CE
:103170008DF80F000190FFE70198049988422DD245
:10318000FFE740F28000C2F20000D0F810C0282112
:103190000DF10F020123E0470290029818B1FFE7FA
:1031A000029805901EE09DF80F004007002804D506
:1031B000FFE74FF0FF30059014E09DF80F00800707
:1031C000002803D5FFE7002005900BE0012002F066
:1031D00063F8FFE7019801300190CDE76FF002003E
:1031E0000590FFE7059806B080BD000080B582B06D
:1031F0008DF8070040F22C10C2F20000026A9DF820
:103200000710904702B080BD80B582B08DF80700EE
:1032100040F26810C2F20000026A9DF80710904761
:1032200002B080BD80B582B08DF8070040F2A410D6
:10323000C2F20000026A9DF80710904702B080BDFC
:1032400080B582B040F2E010C2F20000426A6946E6
:10325000904720B1FFE74FF0FF3001900BE040F2C4
:10326000E010C2F20000026A0099B1FA81F1490946
:1032700090470190FFE7019802B080BD80B584B00F
:10328000039000208DF807000398D0F80CC00A21A5
:103290000DF107020123E04704B080BD80B584B082
:1032A0000290FF208DF803000298D0F810C046214C
:1032B0000DF103020123E0470190019818B1FFE7E7
:1032C000019803900AE09DF8030020B1FFE74FF05A
:1032D000FF30039002E000200390FFE7039804B062
:1032E00080BD000080B584B00390A2208DF8070057
:1032F0000398D0F80CC00A210DF107020123E04722
:1033000004B080BD80B584B002900298D0F810C09F
:1033100008210DF103020123E0470190019818B143
:10332000FFE7019803901AE09DF8030000F0FC000D
:103330008DF803000298D0F80CC008210DF10302AB
:103340000123E0470190019818B1FFE7019803902D
:1033500005E0022001F0A0FF00200390FFE70398A2
:1033600004B080BD80B584B002900298D0F810C03F
:1033700008210DF103020123E0470190019818B1E3
:10338000FFE7019803901AE09DF8030040F0030066
:103390008DF803000298D0F80CC008210DF103024B
:1033A0000123E0470190019818B1FFE701980390CD
:1033B00005E0022001F070FF00200390FFE7039872
:1033C00004B080BD80B584B002900298D0F810C0DF
:1033D00002210DF103020123E0470190019818B189
:1033E000FFE70198039017E09DF8030040F04000CC
:1033F0008DF803000298D0F80CC002210DF10302F1
:103400000123E0470190019818B1FFE7019803906C
:1034100002E000200390FFE7039804B080BD0000A5
:1034200080B586B004900391ADF80A200498D0F8D6
:1034300010C0039ABDF80A303521E0470190019889
:1034400018B1FFE70198059002E000200590FFE722
:10345000059806B080BD000080B584B00290029847
:10346000D0F810C000210DF103020123E0470190C4
:10347000019818B1FFE70198039021E09DF803003F
:10348000052803D0FFE70120039019E00298D0F847
:1034900010C00DF1020201231946E0470190019886
:1034A00018B1FFE7019803900AE09DF802007C281C
:1034B00003D0FFE70120039002E000200390FFE724
:1034C000039804B080BD000080B586B00490B020A1
:1034D0008DF80B000498D0F80CC060210DF10B02A0
:1034E0000123E04703900A2001F0D6FE002001905E
:1034F000FFE70198B0F5FA7F20DAFFE7012000909E
:1035000001F0CAFE009B0498D0F810C04D210DF1C7
:103510000B02E0470390039818B1FFE7039805906A
:1035200010E09DF80B00802803D1FFE700200590F4
:1035300008E0FFE7019801300190DAE76FF0020040
:103540000590FFE7059806B080BD000080B586B005
:1035500004908DF80F109DF80F008DF80500049869
:10356000D0F810C003210DF107020123E0470290BB
:10357000029818B1FFE70298059039E00498D0F856
:1035800010C004210DF106020123E04702900298C9
:1035900018B1FFE7029805902AE09DF8070000F0B7
:1035A000F0009DF8051008438DF807009DF806000F
:1035B00000F0F0009DF8051008438DF8060004980F
:1035C000D0F80CC003210DF107020123E04702905F
:1035D000029818B1FFE70298059009E00498D0F826
:1035E0000CC004210DF106020123E0470590FFE71E
:1035F000059806B080BD000080B586B004908DF8B7
:103600000F109DF80F008DF806000498D0F810C038
:1036100003210DF107020123E0470290029818B13F
:10362000FFE70298059012E09DF8070000F08F0078
:103630009DF8061008438DF807000498D0F80CC0D8
:1036400003210DF107020123E0470590FFE70598EC
:1036500006B080BD80B586B004908DF80F109DF83F
:103660000F008DF806000498D0F810C004210DF169
:1036700007020123E0470290029818B1FFE7029881
:10368000059012E09DF8070000F08F009DF80610ED
:1036900008438DF807000498D0F80CC004210DF100
:1036A00007020123E0470590FFE7059806B080BDBB
:1036B00080B50CF067FE80BD80B582B001900198A6
:1036C0000CF092FE02B080BD80B586B0FF208DF870
:1036D0000F004CF20F00ADF80C0000238DF80A30FB
:1036E00040F2D400C2F20000D0F814C069460B606A
:1036F0000DF10F010122E04720B1FFE76FF00A0052
:1037000005904AE0012001F0C7FDFFE740F2D40038
:10371000C2F20000D0F818C06A460121116003A966
:1037200002220DF10B03E04704900498B0F1FF3F33
:1037300003DCFFE7049805902FE0012001F0ACFDC9
:103740009DF80A0001308DF80A00C0B2642804DB3D
:10375000FFE76FF0020005901FE0FFE79DF80B0008
:10376000C0070028D2D1FFE700F01AF804900498AF
:10377000B0F1FF3F03DCFFE7049805900DE000F097
:1037800041F804900498B0F1FF3F03DCFFE7049890
:10379000059002E000200590FFE7059806B080BD87
:1037A00080B584B09F20ADF80A000020ADF8080075
:1037B00040F2D400C2F20000D0F818C069460222DC
:1037C0000A600DF10A0102ABE04701900198B0F1E7
:1037D000FF3F03DCFFE70198039010E09DF808002D
:1037E0005E2805D1FFE79DF80900C12804D0FFE756
:1037F0004FF0FF30039002E000200390FFE70398B2
:1038000004B080BD80B584B04AF21F00ADF80A0054
:1038100000208DF8090040F2D400C2F20000D0F878
:1038200014C06A46012111600DF10A0102220DF156
:103830000903E0470190019818B1FFE70198039050
:1038400025E00F208DF80A00FF208DF8090040F2D6
:10385000D400C2F20000D0F818C06A4601211160FD
:103860000DF10A0102220DF10903E04701900198D0
:1038700018B1FFE70198039009E09DF8090000F0F6
:103880003800002818BF4FF0FF300390FFE703987F
:1038900004B080BD80B586B00590049103920020ED
:1038A0000290FFE7029802284CDCFFE70598029A95
:1038B00000EB820090ED000A40F2D420C2F200003A
:1038C00000EB820040F20801C2F20001009101EB1E
:1038D00082010EF091FC0498029A00EB820090EDB8
:1038E000000A40F2E020C2F2000000EB820040F249
:1038F0001401C2F20001019101EB82010EF07CFC87
:10390000009A0198059B029903EB810393ED000A4D
:1039100002EB8102D2ED000A049A02EB810292EDE1
:10392000001A00EB8100D0ED001A0CF065FC039842
:10393000029900EB810080ED000AFFE70298013058
:103940000290AFE706B080BD80B5102002F0B0FC59
:1039500080BD000072B6FFE7FEE7000080B540F2D0
:103960007070C2F2000002F069F880BD80B540F2CC
:103970007070C2F2000002F061F880BD83B0029066
:103980004AF60040C4F200000090029800684AF62F
:103990000001C4F20001884205D1FFE7009800F55C
:1039A00054700090FFE7009802990864029800683C
:1039B000D0F8800020F4F810029A1168526B40EAA7
:1039C0000240C1F880000098703002994864029863
:1039D0000068D0F8800020F07060029A1168926B45
:1039E00040EA0260C1F880000098B0300299886413
:1039F000009800F5C4700299C864009800F518702A
:103A000002990865009800F51E70029948650098B3
:103A10000190FFE70198009901F55471884208D29E
:103A2000FFE7019900200860FFE70198043001904A
:103A3000F0E703B07047000088B007900691059248
:103A400004930698406848B9FFE7069801688268C1
:103A50000069104340EA8140039009E0069801683C
:103A6000826800691043084340F080400390FFE7FC
:103A70000698D0F820C0C16842698369C06940EAED
:103A80000C601843104340EA014002900798406DD3
:103A9000049901EBC10100EBC10001900398019969
:103AA000086001980430019002980199086001981B
:103AB0000430019000200090FFE700980699CA6842
:103AC00044F6DC21C0F60101895C88420DD2FFE793
:103AD00005980099405801990860019804300190B8
:103AE000FFE7009804300090E7E708B07047000057
:103AF00080B58CB08DED081ACDED070A8DED060A64
:103B0000CDED052A8DED042ACDED031A9DED060AB3
:103B1000DDED070A9DED081ADDED031A9DED042A7F
:103B2000DDED052AFFF760F8B5EE400AF1EE10FA78
:103B300023DAFFE79DED060ADDED070A9DED081A81
:103B4000DDED031A9DED042ADDED052AFFF706F8E9
:103B50008DED021ACDED010A8DED000A9DED000AF2
:103B6000DDED010A9DED021AFFF718F98DED0B1A34
:103B7000CDED0A0A8DED090A14E09DED060ADDED92
:103B8000070A9DED081ADDED031A9DED042ADDED0F
:103B9000052AFEF7E3FF8DED0B1ACDED0A0A8DED38
:103BA000090AFFE79DED090ADDED0A0A9DED0B1AF2
:103BB0000CB080BD80B540F2D460C2F2000001F0CC
:103BC00021F880BD40F29050C2F2000000687047BA
:103BD00080B5C0B020901F9100208DF87B001B9015
:103BE0001F98C0680021C4F27F01884201D0FFE71E
:103BF00000E0FFE7FFE7209890F85400012804D187
:103C0000FFE702208DF88700FDE32099012081F86D
:103C10005400FFE7FFE7209800680BF0DFFD002865
:103C200040F0DD83FFE71F980068012810D0FFE710
:103C30001F9800680221C0F2304188420DD1FFE791
:103C40001F98C0680021C4F27F01884205D1FFE7B8
:103C5000209800680BF062FDFFE7209800681F992C
:103C60000A6849680BF0C2FD209800680BF0B6FDA9
:103C70001A90209800680BF091FD19901A9800286E
:103C800040F0B881FFE71998002840F0B381FFE7C2
:103C90001F988068B0F1004F0ED1FFE720980068B0
:103CA0001F99096800220BF0BFFD209800684FF0B3
:103CB00000410BF065FE0CE0209800681F9A116827
:103CC00092680BF0B1FD2098006800210BF058FEBF
:103CD000FFE71F98406920990968C96801F0180139
:103CE000890888401D901F98006904281CD0FFE7B0
:103CF000209800681F990A6809691D9B0BF0E6FD72
:103D0000209800681F9A116992690BF011FE2098A3
:103D100000681F9A1169127F013AB2FA82F25209C1
:103D200052060BF0F1FD64E12098006800210BF0D1
:103D300025FD000348B9FFE72098006800210BF03B
:103D40001DFDC0F38460189018E0209800680021E1
:103D50000BF014FD90FAA0F03E903E9820B9FFE7DA
:103D600020208DF8FF0005E03E98B0FA80F08DF835
:103D7000FF00FFE79DF8FF001890FFE718981790E5
:103D80001F980068000330B9FFE71F980068C0F370
:103D90008460169015E01F98006890FAA0F03C909F
:103DA0003C9820B9FFE720208DF8F70005E03C980B
:103DB000B0FA80F08DF8F700FFE79DF8F700169055
:103DC000FFE717981699884207D1FFE72098006807
:103DD000002211460BF0C0FDFFE72098006801218A
:103DE0000BF0CCFC000348B9FFE7209800680121E4
:103DF0000BF0C4FCC0F38460159018E020980068B4
:103E000001210BF0BBFC90FAA0F03A903A9820B94F
:103E1000FFE720208DF8EF0005E03A98B0FA80F037
:103E20008DF8EF00FFE79DF8EF001590FFE715987C
:103E300014901F980068000330B9FFE71F980068CE
:103E4000C0F38460139015E01F98006890FAA0F00A
:103E50003890389820B9FFE720208DF8E70005E07A
:103E60003898B0FA80F08DF8E700FFE79DF8E7009A
:103E70001390FFE714981399884207D1FFE7209821
:103E80000068012100220BF067FDFFE72098006821
:103E900002210BF073FC000348B9FFE7209800688B
:103EA00002210BF06BFCC0F38460129018E02098A4
:103EB000006802210BF062FC90FAA0F03690369870
:103EC00020B9FFE720208DF8DF0005E03698B0FA32
:103ED00080F08DF8DF00FFE79DF8DF001290FFE72C
:103EE000129811901F980068000330B9FFE71F98DF
:103EF0000068C0F38460109015E01F98006890FA85
:103F0000A0F03490349820B9FFE720208DF8D70036
:103F100005E03498B0FA80F08DF8D700FFE79DF8FF
:103F2000D7001090FFE711981099884207D1FFE75A
:103F300020980068022100220BF00EFDFFE7209878
:103F4000006803210BF01AFC000348B9FFE7209832
:103F5000006803210BF012FCC0F384600F9018E09E
:103F60002098006803210BF009FC90FAA0F0329031
:103F7000329820B9FFE720208DF8CF0005E0329875
:103F8000B0FA80F08DF8CF00FFE79DF8CF000F90DA
:103F9000FFE70F980E901F980068000330B9FFE705
:103FA0001F980068C0F384600D9015E01F980068AA
:103FB00090FAA0F03090309820B9FFE720208DF8DB
:103FC000C70005E03098B0FA80F08DF8C700FFE731
:103FD0009DF8C7000D90FFE70E980D99884207D114
:103FE000FFE720980068032100220BF0B5FCFFE7F3
:103FF000FFE7FFE7209800680BF0E0FB002840F0A7
:104000004481FFE7209800681F9A1168D2680BF07E
:1040100027FC1F98C0680021C4F27F01884240F04D
:104020003381FFE7209800680C901F980068000318
:1040300030B9FFE71F980068C0F384600B9015E06B
:104040001F98006890FAA0F02E902E9820B9FFE7F4
:1040500020208DF8BF0005E02E98B0FA80F08DF892
:10406000BF00FFE79DF8BF000B90FFE70B98013002
:1040700000F01F0009287DD8FFE71F9800680003A3
:1040800030B9FFE71F980068C0F384600A9015E01C
:104090001F98006890FAA0F02C902C9820B9FFE7A8
:1040A00020208DF8B70005E02C98B0FA80F08DF84C
:1040B000B700FFE79DF8B7000A90FFE70A980130C4
:1040C00000F01F00800609901F980068000330B9B7
:1040D000FFE71F980068C0F38460089015E01F9800
:1040E000006890FAA0F02A902A9820B9FFE72020D3
:1040F0008DF8AF0005E02A98B0FA80F08DF8AF0097
:10410000FFE79DF8AF000890FFE709980899013193
:1041100001F01F0201219140084307901F98006899
:10412000000330B9FFE71F980068C0F38460069071
:1041300015E01F98006890FAA0F02890289820B900
:10414000FFE720208DF8A70005E02898B0FA80F05E
:104150008DF8A700FFE79DF8A7000690FFE70798F6
:104160000699013101F01F0101EB410140EA0150C4
:10417000059082E01F980068000330B9FFE71F98A0
:104180000068C0F38460049015E01F98006890FAFE
:10419000A0F02690269820B9FFE720208DF89F00F8
:1041A00005E02698B0FA80F08DF89F00FFE79DF8B3
:1041B0009F000490FFE70498013000F01F00800684
:1041C00003901F980068000330B9FFE71F9800684C
:1041D000C0F38460029015E01F98006890FAA0F088
:1041E0002490249820B9FFE720208DF8970005E05F
:1041F0002498B0FA80F08DF89700FFE79DF89700BB
:104200000290FFE703980299013101F01F0201219A
:104210009140084301901F980068000330B9FFE700
:104220001F980068C0F38460009015E01F98006834
:1042300090FAA0F02290229820B9FFE720208DF874
:104240008F0005E02298B0FA80F08DF88F00FFE72C
:104250009DF88F000090FFE701990098013000F071
:104260001F0000EB40020020CFF6206000EB025060
:10427000084340F000700590FFE70C9805991F9ADD
:1042800092680BF0D1FAFFE7FFE71F98408848F2E9
:104290000801084200F0A280FFE748F20030C4F2B3
:1042A00002200BF063FA1C901F9800680021CCF2EA
:1042B0002131884233D1FFE79DF8720000060028C3
:1042C0002DD4FFE72098006848F20001C4F20221D3
:1042D000884223D1FFE71C9840F4000148F20030E7
:1042E000C4F202200BF0E4FA40F22000C2F2000017
:1042F0000068800942F66351C0F23E51A0FB0110F4
:104300008109022000EB41001B90FFE71B9820B1C0
:10431000FFE71B9801381B90F8E7FFE75DE01F9867
:1043200000680021C4F22931884219D1FFE79DF8C5
:104330007300C007A0B9FFE72098006848F2001199
:10434000C4F2022188420AD1FFE71C9840F0807134
:1043500048F20030C4F202200BF0AAFAFFE73BE07B
:104360001F9800680021CCF2527188421AD1FFE7F1
:104370009DF872004006002814D4FFE720980068DA
:1043800048F20001C4F2022188420AD1FFE71C98DA
:1043900040F4800148F20030C4F202200BF088FAA9
:1043A000FFE718E01F9800680021C4F25A718842A4
:1043B0000FD1FFE72098006848F20001C4F2022103
:1043C000884205D0FFE7209800680BF0B3F9FFE7BB
:1043D00000E0FFE7FFE7FFE7FFE7FFE708E02099DE
:1043E000886D40F02000886501208DF87B00FFE794
:1043F000FFE72099002081F85400FFE79DF87B003B
:104400008DF88700FFE79DF8870040B080BD000071
:1044100080B588B0069000208DF8170001900698AE
:1044200020B9FFE701208DF81F004FE106980069D1
:1044300040B1FFE7069890F82000012801D1FFE77E
:10444000FFE7FFE70698806D50B9FFE7069800F098
:1044500041F906990020C865069981F85400FFE7E4
:10446000069800680BF0A2F928B1FFE706980068EB
:104470000BF048F9FFE7069800680BF0A7F9F0B9D0
:10448000FFE7069800680BF061F940F22000C2F2E5
:1044900000000068800942F66351C0F23E51A0FB63
:1044A00001108109022000EB41000190FFE7019813
:1044B00020B1FFE7019801380190F8E7FFE706987F
:1044C00000680BF083F970B9FFE70699886D40F03A
:1044D000100088650699C86D40F00100C86501208C
:1044E0008DF81700FFE7069800680BF077F9039046
:1044F0000698806DC006002800F1DA80FFE7039877
:10450000002840F0D580FFE70698806D40F002005B
:1045100020F4807006998865069800680BF04EF9C3
:10452000E0B9FFE748F20000C4F202200BF046F9C0
:10453000009048F20010C4F202200BF03FF901464F
:104540000098084348B9FFE70698416848F20030F0
:10455000C4F202200BF09EF9FFE7FFE706994A7EBE
:10456000886B40EA42308A68CB681843104391F860
:10457000201040EA01400490069890F8200001289D
:104580000BD1FFE70698416A0020CFF6FE7000EBE2
:104590004141049808430490FFE70698806A50B1AF
:1045A000FFE70699886AC96A00F4787001430498A5
:1045B00008430490FFE706980068C06844F20701CA
:1045C000CFF6F07108400499084306990968C8605D
:1045D00006980068006920F04060069A1168126B26
:1045E00010430861069800680BF0D8F80290039811
:1045F000E8BBFFE70298D0BBFFE70699087E91F879
:104600003410800340EA4100049006980068C068B6
:1046100044F2020188430499084306990968C86076
:10462000069890F83C00012819D1FFE70698006829
:10463000006940F2FD7120EA0102069B1968186CBE
:10464000D3F844E0D3F848C040EA0E0040EA0C003A
:10465000DB6C1843104340F00100086106E0069847
:104660000168086920F001000861FFE7FFE706988C
:10467000006901280CD1FFE706980068006B20F064
:104680000F00069A1168D269013A1043086306E0E8
:1046900006980168086B20F00F000863FFE7069892
:1046A000806D40F0010020F002000699886508E066
:1046B0000699886D40F01000886501208DF817007C
:1046C000FFE79DF817008DF81F00FFE79DF81F001A
:1046D00008B080BD80B5CCB04B9000204A90499086
:1046E00048904790469004A84FF48471FBF716FE5B
:1046F0004B98006848F20001C4F20221884245D17B
:10470000FFE7002005904FF400110491399004A8B0
:1047100005F072FA18B1FFE7FFF71CF9FFE740F266
:10472000F820C2F200000168013101600068012830
:1047300010D1FFE7FFE740F68C40C4F20240016869
:1047400041F480610160006800F480600390039888
:10475000FFE7FFE7FFE740F68C40C4F20240016844
:1047600041F001010160006800F001000290029830
:10477000FFE7022046900320479000204890002049
:10478000C4F2022046A901F0CBFD4EE04B98006830
:1047900048F20011C4F20221884245D1FFE700200F
:1047A00005904FF400110491399004A805F024FA03
:1047B00018B1FFE7FFF7CEF8FFE740F2F820C2F2AA
:1047C00000000168013101600068012810D1FFE795
:1047D000FFE740F68C40C4F20240016841F480617A
:1047E0000160006800F4806001900198FFE7FFE736
:1047F000FFE740F68C40C4F20240016841F001013D
:104800000160006800F0010000900098FFE70820B8
:10481000469003204790002048900020C4F20220D8
:1048200046A901F07DFDFFE7FFE74CB080BD000029
:1048300087B006900591049200208DF80F001F208C
:1048400002909DF81400C00720B9FFE701208DF801
:104850000F004BE0FFE70299481E029000200190F4
:1048600051B1FFE70598029901F01F0120FA01F10B
:10487000012088430190FFE70198C00708B1FFE7D6
:10488000E9E70498009018282BD80099DFE801F098
:1048900028292929292929291F2929292929292993
:1048A00016292929292929290D000298072804D326
:1048B000FFE701208DF80F00FFE716E002980828B7
:1048C00004D3FFE701208DF80F00FFE70DE0029809
:1048D000102804D3FFE701208DF80F00FFE704E064
:1048E00003E001208DF80F00FFE7FFE79DF80F00C0
:1048F00078B9FFE705980699096848610698006845
:10490000806820F0180004990843069909688860B7
:10491000FFE79DF80F0007B07047000080B582B038
:104920000090009820B9FFE701208DF8070057E0BC
:104930000098407F38B9FFE7009900200877009879
:1049400000F052F8FFE700990220487700980079BC
:1049500080B9FFE70098016841F6B750C0F2C14046
:10496000486100980068806820F018000099096884
:1049700088600BE000988168C268FFF759FF20B19A
:10498000FFE701208DF807002AE0FFE70098407953
:1049900030B9FFE7009801684FF0FF30086104E08C
:1049A0000098016800690861FFE700980068806866
:1049B00020F06000009A11685269104388600098E6
:1049C0000068806820F08000009A116892691043A6
:1049D000886000990120487700208DF80700FFE7E4
:1049E0009DF8070002B080BD82B001900198006878
:1049F00043F20001C4F20201884210D1FFE7FFE751
:104A000040F68840C4F20240016841F480510160E0
:104A1000006800F4805000900098FFE7FFE702B0C4
:104A20007047000080B584B0029001F01DFE019037
:104A3000029820B9FFE701208DF80F0079E0029875
:104A400090F8540002280DD0FFE7029920208865D5
:104A5000FFE70299002081F84C00FFE701208DF864
:104A60000F0066E002980168486940F00400486160
:104A70000299052081F85400FFE702980068006958
:104A80008004002827D4FFE701F0EEFD0199401AC9
:104A900006281FD3FFE70299886D40F01000886553
:104AA0000299032081F85400029890F85000000603
:104AB000002805D5FFE70298416F01200873FFE742
:104AC000FFE70299002081F84C00FFE701208DF8F4
:104AD0000F002EE0D1E702980168486940F002001B
:104AE00048610299042081F85400029801684FF44B
:104AF000FE40C8600299012081F85400029890F8A5
:104B000050000006002809D5FFE70298416F0120F8
:104B100008730298016800208864FFE7FFE70299A4
:104B2000002081F84C00FFE7FFE700208DF80F0020
:104B3000FFE79DF80F0004B080BD000082B0009038
:104B4000009820B9FFE701208DF807001CE00098CD
:104B500090F85400022807D0FFE7009920208865CC
:104B600001208DF807000FE00099042081F854001F
:104B700000980168486942F2040210434861FFE767
:104B800000208DF80700FFE79DF8070002B070478E
:104B900085B003900291039820B9FFE701208DF8BA
:104BA00013002AE00398006840F6FF7188430190E3
:104BB000039800685038C0F3C41101208840009069
:104BC0009DF80800C006002813D5FFE7029800F002
:104BD0001100112806D1FFE7009A01994868104397
:104BE000486005E0009A0199486890434860FFE7F3
:104BF000FFE700208DF81300FFE79DF8130005B0D4
:104C00007047000080B584B003900398006840F6B8
:104C1000FF7188430290039800685038C0F3C411B4
:104C20000120884001900298C068019908400090D6
:104C3000009808B9FFE74DE1039800680069400556
:104C4000002813D5FFE70398006840694005002855
:104C50000BD5FFE7039801684FF48060C8600399A3
:104C6000886D40F001008865FFE7FFE70398006862
:104C700000690005002813D5FFE703980068406924
:104C8000000500280BD5FFE7039801684FF400608A
:104C9000C8600399886D40F002008865FFE7FFE770
:104CA000039800680069C004002813D5FFE7039843
:104CB00000684069C00400280BD5FFE7039801682D
:104CC0004FF48050C8600399886D40F004008865F7
:104CD000FFE7FFE70398006800694004002813D548
:104CE000FFE7039800684069400400280BD5FFE700
:104CF000039801684FF48040C8600399886D40F0C4
:104D000008008865FFE7FFE70398006800698005F1
:104D1000002816D5FFE70398006840698005002841
:104D20000ED5FFE7039801684FF40070C860039840
:104D3000406E20B1FFE70398416E8847FFE7FFE729
:104D4000FFE70398006800698004002850D5FFE75A
:104D50000398006840698004002848D5FFE703985D
:104D600001684FF40050C860039890F8540004287C
:104D70002FD1FFE703980168486920F4005048618B
:104D800003980168486940F00200486103990120D6
:104D900081F85400039890F850000006002809D5C7
:104DA000FFE70398416F0120087303980168002012
:104DB0008864FFE7FFE70399002081F84C00FFE7D4
:104DC0000398C06E20B1FFE70398C16E8847FFE7E4
:104DD00080E00399052081F854000398006F20B10A
:104DE000FFE70398016F8847FFE7FFE7FFE7FFE76B
:104DF000039800680069C005002842D5FFE70398C2
:104E000000684069C00500283AD5FFE7039890F88C
:104E100050000006002814D5FFE703980068C06F13
:104E200070B9FFE703980068806C40B9FFE7039909
:104E3000012081F854000399496F0873FFE7FFE7E9
:104E40000AE003980068806C28B9FFE70399012005
:104E500081F85400FFE7FFE7039801684FF44070C2
:104E6000C860FFE70399002081F84C00FFE7039832
:104E7000006E20B1FFE70398016E8847FFE7FFE768
:104E8000FFE70398806D28B3FFE70398016848693E
:104E900040F0020048610399012081F85400039812
:104EA00090F850000006002805D5FFE70398416FF1
:104EB00001200873FFE7FFE70399002081F84C0009
:104EC000FFE70398806E20B1FFE70398816E884763
:104ED000FFE7FFE704B080BD80B584B0029001F029
:104EE000C3FB0190029820B9FFE701208DF80F0065
:104EF000CEE10298C068B0F5007F01D0FFE7FFE780
:104F00000298406BB0F5805F01D1FFE7FFE70298A0
:104F1000016801205022C4F202029142009000F088
:104F20006781FFE70298016801205022C5F2020262
:104F30009142009000F05C81FFE702980168012037
:104F4000D022C4F202029142009000F05181FFE7AA
:104F5000029801680120D022C5F20202914200901D
:104F600000F04681FFE702980168012040F25012EC
:104F7000C4F202029142009000F03A81FFE70298E9
:104F80000168012040F25012C5F2020291420090E5
:104F900000F02E81FFE702980168012040F2D01254
:104FA000C4F202029142009000F02281FFE70298D1
:104FB0000168012040F2D012C5F202029142009035
:104FC00000F01681FFE702980168012040F25022AC
:104FD000C4F202029142009000F00A81FFE70298B9
:104FE0000168012040F25022C5F202029142009075
:104FF00000F0FE80FFE702980168012040F2D02215
:10500000C4F202029142009000F0F280FFE70298A1
:105010000168012040F2D022C5F2020291420090C4
:1050200000F0E680FFE702980168012040F250326C
:10503000C4F202029142009000F0DA80FFE7029889
:105040000168012040F25032C5F202029142009004
:1050500000F0CE80FFE702980168012040F2D032D4
:10506000C4F202029142009000F0C280FFE7029871
:105070000168012040F2D032C5F202029142009054
:1050800000F0B680FFE702980168012041F250026B
:10509000C4F202029142009000F0AA80FFE7029859
:1050A0000168012041F25002C5F2020291420090D3
:1050B00000F09E80FFE702980168012041F2D002D3
:1050C000C4F202029142009000F09280FFE7029841
:1050D0000168012041F2D002C5F202029142009023
:1050E00000F08680FFE702980168012041F250122B
:1050F000C4F20202914200907AD0FFE70298016860
:10510000012041F25012C5F20202914200906FD08C
:10511000FFE702980168012041F2D012C4F20202B6
:105120009142009064D0FFE702980168012041F2AB
:10513000D012C5F202029142009059D0FFE70298C6
:105140000168012041F25022C4F202029142009013
:105150004ED0FFE702980168012041F25022C5F2CB
:1051600002029142009043D0FFE7029801680120BB
:1051700041F2D022C4F202029142009038D0FFE7FF
:1051800002980168012041F2D022C5F20202914248
:1051900000902DD0FFE702980168012041F25032C3
:1051A000C4F202029142009022D0FFE70298016807
:1051B000012041F25032C5F202029142009017D014
:1051C000FFE702980168012041F2D032C4F20202E6
:1051D000914200900CD0FFE7029800684EF63041F3
:1051E000CAF6FD710844B0FA80F040090090FFE76C
:1051F0000098C00708B1FFE7FFE7FFE7029900202A
:1052000081F84C00FFE7029890F8540060B9FFE77E
:1052100002990020086602994866029988660299F8
:10522000C86602990867FFE70299022081F85400D6
:1052300002980168486940F006004861FFE702985B
:1052400000684069C00798B1FFE701F00DFA0199C5
:10525000401A06280BD3FFE70299102088650299AF
:10526000032081F8540001208DF80F0010E0E6E7DC
:105270000298FBF75BFE0299486B086502990020D3
:105280008865029A012182F854108DF80F00FFE71B
:105290009DF80F0004B080BD80B584B0039001F08C
:1052A000E3F90290039801900198013048B1FFE7BB
:1052B00040F29420C2F20000017801980844019065
:1052C000FFE7FFE701F0D0F90299401A01998842FF
:1052D00001D2FFE7F6E704B080BD000086B004907D
:1052E00003910292049890F85C008DF80700BDF8D5
:1052F0000C0010F4C07F01D0FFE7FFE79DF8070026
:10530000012806D0FFE79DF80700022840F0DE8064
:10531000FFE704980068806D00909DF80C0040073E
:1053200030B1FFE79DF80000C007002847D0FFE735
:105330009DF80C0010F0380F06D0FFE79DF8000034
:10534000800700283BD5FFE7BDF80C0010F4E07F94
:1053500006D0FFE79DF80000400700282FD5FFE7A3
:105360009DF80D0010F01E0F06D0FFE79DF800001D
:105370000007002823D5FFE79DF80D0010F0E00F8F
:1053800006D0FFE79DF80000C006002817D5FFE70C
:105390009DF80E00800730B1FFE79DF80000800601
:1053A00000280CD5FFE79DF80E0010F0FC0F0DD083
:1053B000FFE79DF800004006002807D4FFE70498A7
:1053C0000168C86D40F00100C865FFE79DF80C005A
:1053D000400730B1FFE79DF80000C007002847D123
:1053E000FFE79DF80C0010F0380F06D0FFE79DF89E
:1053F0000000800700283BD4FFE7BDF80C0010F444
:10540000E07F06D0FFE79DF80000400700282FD47A
:10541000FFE79DF80D0010F01E0F06D0FFE79DF886
:1054200000000007002823D4FFE79DF80D0010F0CE
:10543000E00F06D0FFE79DF80000C006002817D453
:10544000FFE79DF80E00800730B1FFE79DF80000F0
:10545000800600280CD4FFE79DF80E0010F0FC0F2A
:105460000DD0FFE79DF800004006002807D5FFE7B4
:1054700004980168C86D40F00200C865FFE79DF818
:105480000C000006002809D5FFE7029A049801687D
:10549000D1F8DC001043C1F8DC00FFE79DF80D00F7
:1054A000C00748B1FFE7029A04980168D1F8E0000C
:1054B0001043C1F8E000FFE7039A04980168486DC3
:1054C0001043486500208DF8170008E00499086E25
:1054D00040F00200086601208DF81700FFE79DF8F4
:1054E000170006B07047000080B586B004900391A5
:1054F00002920398406808B9FFE700E0FFE70498CC
:1055000090F85C0002282FD1FFE704980068D0F8DB
:10551000C4008002002809D5FFE70499086E40F412
:105520000070086601208DF8170026E004980068D6
:10553000D0F8C400C0F30140019004980399029A86
:10554000019BFEF779FA0199012000FA01F1049A12
:105550001268C2F8CC100199884004998865FFE769
:1055600000208DF8170008E00499086E40F008004C
:10557000086601208DF81700FFE79DF8170006B0B8
:1055800080BD000087B005900491059890F85C00FC
:105590008DF803009DF80300012805D0FFE79DF872
:1055A000030002283CD1FFE704980068B8B9FFE780
:1055B00004998868CB680A694969800740EAC36032
:1055C00040EA0240084303900598006C049949683A
:1055D00000EB810001900398019908601CE0049899
:1055E000C168006940EA417003900498816840698D
:1055F00040EA817002900598406C0499496800EB7C
:10560000C10001900398019908600198043001904D
:10561000029801990860FFE700208DF81B0008E060
:105620000599086E40F00200086601208DF81B0005
:10563000FFE79DF81B0007B07047000085B0DDF85C
:1056400014C00390029101920093039890F85C00BB
:10565000012819D1FFE703980068D0F8800020F0F6
:105660003F0002990901019A41EA8201009A41EA48
:105670004201059A1143084303990968C1F8800063
:1056800000208DF8130008E00399086E40F0040034
:10569000086601208DF81300FFE79DF8130005B0A0
:1056A0007047000085B0039002910192039890F832
:1056B0005C008DF803009DF80300012805D0FFE78A
:1056C0009DF80300022816D1FFE70198012807D1B1
:1056D000FFE7029A03980168886D9043886506E0A9
:1056E000029A03980168886D10438865FFE70020DF
:1056F0008DF8130008E00399086E40F00200086678
:1057000001208DF81300FFE79DF8130005B07047E6
:1057100081B0009001B0704782B001900091019873
:1057200040F27071C2F2000188420DD1FFE79DF88E
:1057300002000007002807D5FFE740F6C841C2F283
:10574000000101200870FFE702B0704783B00290AB
:10575000019102980068406C0090009800F00700EA
:10576000019908600098C0F30220019948600098F0
:1057700000F01800019988600098C0F3401001996A
:10578000C8600098C0F38010019908619DF800007E
:10579000C009019948610098C0F3C020019988614F
:1057A0000098C0F300300199C8610098C0F3403000
:1057B000019908620098C0F380300199486200980E
:1057C000C0F3064001998862002003B070470000D2
:1057D00083B0029001910198402808D1FFE7029818
:1057E0000068D0F8900000F00F00009007E00298E9
:1057F0000068D0F8980000F00F000090FFE70098D4
:1058000003B070478AB00890079106920593002074
:105810000190089890F85C008DF803009DF8030053
:10582000022840F0FA80FFE7079840283ED1FFE7C2
:1058300008980068D0F89000000748B9FFE7089979
:10584000086E40F48070086601208DF82700EDE0B6
:1058500008980068D0F8900000F080710120B0EB4B
:10586000116F0FD1FFE708980068D0F8800000F4AE
:1058700000710120B0EB512F03D1FFE7012001900F
:10588000FFE7FFE708980068D0F8900000F4407147
:10589000019800EB112001900898806C019901EBB0
:1058A000C10100EBC1000490FFE73DE008980068EB
:1058B000D0F89800000748B9FFE70899086E40F44F
:1058C0008070086601208DF82700AFE00898006816
:1058D000D0F8980000F080710120B0EB116F0FD16B
:1058E000FFE708980068D0F8800000F4807101207C
:1058F000B0EB112F03D1FFE701200190FFE7FFE795
:1059000008980068D0F8980000F44071019800EB06
:10591000112001900898C06C019901EBC10100EBC6
:10592000C1000490FFE7FFE70498006800F08040A2
:10593000069948600698406838B9FFE704980068FF
:10594000C0F38A400699086006E00498006820F0D9
:10595000604006990860FFE70498006800F0005076
:10596000069988600498006800F000400699086174
:10597000049804300490049800880699C86104983B
:105980000068C0F303400699C8600498006800F4FA
:105990008010069948610498006800F40010069988
:1059A000886104980068C0F306600699086204984C
:1059B0000068C00F06994862049804300490049867
:1059C000039000200290FFE702980699CA6844F607
:1059D000DC21C0F60101895C88420AD2FFE7039806
:1059E000029A805C05998854FFE702980130029082
:1059F000EAE70798402806D1FFE701980899096867
:105A0000C1F8940005E0019808990968C1F89C0064
:105A1000FFE700208DF8270008E00899086E40F0A5
:105A20000800086601208DF82700FFE79DF8270091
:105A30000AB0704781B0009001B0704780B58AB05D
:105A4000099009980068006D00F4E05008900998EA
:105A50000068416D08980840089009980068006D3A
:105A600000F00700079009980068416D079808400A
:105A7000079009980068006D00F0380006900998BA
:105A80000068416D06980840069009980068006D0E
:105A900000F47100059009980068416D0598084070
:105AA000059009980068006D00F460200490099842
:105AB0000068416D04980840049009980068406DA2
:105AC000019009980068006D00909DF8000000F0BA
:105AD00040010020B0EB911F12D0FFE79DF80400B9
:105AE00000F040010020B0EB911F08D0FFE70998BB
:105AF0000168402008650998FFF79CFFFFE7FFE772
:105B00009DF80100C007E0B1FFE79DF80500C00760
:105B1000B0B1FFE709980068D0F8D8000290099862
:105B20000068D0F8E01002980840029009980168D7
:105B30004FF4807008650998029900F09DFBFFE71B
:105B4000FFE7089848B1FFE70898099909680865D0
:105B50000998089900F09CFBFFE7079848B1FFE718
:105B600007980999096808650998079900F0D0FA1B
:105B7000FFE7069848B1FFE70698099909680865A4
:105B80000998069900F0D6FAFFE79DF8010000F0A9
:105B900002010020B0EB510F13D0FFE79DF8050084
:105BA00000F002010020B0EB510F09D0FFE7099887
:105BB00001684FF400700865099800F06FFBFFE77B
:105BC000FFE79DF800100020B0EBD11F1DD0FFE7CC
:105BD0009DF804100020B0EBD11F15D0FFE7099805
:105BE0000068D0F8D400039009980068D0F8DC1061
:105BF0000398084003900998016880200865099877
:105C0000039900F03FFBFFE7FFE79DF8010000F07C
:105C100020010020B0EB511F13D0FFE79DF80500D5
:105C200000F020010020B0EB511F09D0FFE70998D8
:105C300001684FF400500865099800F019FBFFE770
:105C4000FFE79DF801100020B0EBD11F11D0FFE756
:105C50009DF805100020B0EBD11F09D0FFE709988F
:105C600001684FF400400865099800F0FDFAFFE76D
:105C7000FFE79DF8010000F040010020B0EB911F0C
:105C800015D0FFE79DF8050000F040010020B0EBC3
:105C9000911F0BD0FFE7099801684FF48040086519
:105CA0000999086E40F080000866FFE7FFE7049856
:105CB00048B1FFE7049809990968086509980499AB
:105CC000FFF72AFDFFE7059850B1FFE7059809990E
:105CD00009680865059A0999086E10430866FFE788
:105CE0000998006E20B1FFE70998FFF711FDFFE763
:105CF0000AB080BD80B584B00290029820B9FFE759
:105D000001208DF80F0057E1029800684AF2004127
:105D1000C4F20001884201D1FFE7FFE702988068E2
:105D2000B0F5407F01D1FFE7FFE7029890F85C00F3
:105D300040B9FFE70299002081F85D00029800F069
:105D40003FF9FFE702980168886920F01000886138
:105D500000F08AFC0190FFE7029800688069000764
:105D6000002815D5FFE700F07FFC0199401A0B28A9
:105D70000DD3FFE70299086E40F001000866029912
:105D8000032081F85C0001208DF80F0014E1E3E7A7
:105D900002980168886940F00100886100F064FCA5
:105DA0000190FFE7029800688069C007A8B9FFE783
:105DB00000F05AFC0199401A0B280DD3FFE7029915
:105DC000086E40F0010008660299032081F85C002B
:105DD00001208DF80F00EFE0E4E702980168886980
:105DE00040F002008861029800684AF20041C4F263
:105DF0000001884208D1FFE7029840684AF200514A
:105E0000C4F200010860FFE70298007C012807D176
:105E1000FFE702980168886920F04000886106E089
:105E200002980168886940F040008861FFE70298A5
:105E3000407C012807D1FFE702980168886940F497
:105E40008040886106E002980168886920F48040FB
:105E50008861FFE70298807C012807D1FFE702985C
:105E60000168886920F48050886106E00298016822
:105E7000886940F480508861FFE702980068806973
:105E800020F44070029A1168926810438861029869
:105E90000168886920F0A400886102980168086997
:105EA00020F0100008610298C068012807D1FFE7C0
:105EB00002980168886940F0040088612BE002982C
:105EC000C06830B3FFE70298C068022819D0FFE726
:105ED00002980168886940F0800088610298016832
:105EE000086940F0100008610298C068032807D1D3
:105EF000FFE702980168886940F020008861FFE7A9
:105F000006E002980168886940F020008861FFE798
:105F100000E0FFE7FFE7029A116853699069D2F841
:105F20001CE0A0F1010C6FF0FF0000EB0E2040EA36
:105F30004C60126A013A10430022CFF6FF7202EB66
:105F400003421043C86102988068B0F5407F1CD1BD
:105F5000FFE7029A1168536A906AD2F82CE0013880
:105F60006FF0FF0C0CEB0E2C40EA0C00D2F830C0A6
:105F70006FF00F0202EB0C1210430022CFF6FF72FB
:105F800002EB03421043C860FFE702980168C26B4E
:105F9000D1F8C0001043C1F8C0000298FDF7EEFC34
:105FA00002990020886502990866029A012182F808
:105FB0005C108DF80F00FFE79DF80F0004B080BD66
:105FC00080B58EB00D9000200C900B900A90099037
:105FD00008900D9800684AF20041C4F2000188421E
:105FE0004ED1FFE740F2FC20C2F20000016801310F
:105FF00001600068012810D1FFE7FFE740F6A040EC
:10600000C4F20240016841F400710160006800F4CC
:10601000007007900798FFE7FFE7FFE740F68C4026
:10602000C4F20240016841F001010160006800F023
:10603000010006900698FFE74FF4C0500890022038
:106040000990002102910A910B9009200C900020E8
:10605000C4F2022008A900F063F9029A27200190F7
:10606000114600F009FC019800F0FCFB029A282080
:106070000390114600F000FC039800F0F3FB44E0AD
:106080000D9800684AF60001C4F2000188423BD135
:10609000FFE740F2FC20C2F200000168013101601C
:1060A0000068012810D1FFE7FFE740F6A040C4F2E6
:1060B0000240016841F400710160006800F4007062
:1060C00005900598FFE7FFE7FFE740F68C40C4F234
:1060D0000240016841F002010160006800F0020026
:1060E00004900498FFE760200890022009900020A7
:1060F0000A900B9009200C9040F20040C4F202205C
:1061000008A900F00DF9FFE7FFE70EB080BD000021
:1061100080B582B001900091019800684AF2004178
:10612000C4F20001884203D1FFE70CF051FDFFE704
:1061300002B080BD82B00190009102B070470000B3
:1061400082B00090009890F85C00012810D1FFE721
:106150000099022081F85C0000980168886920F0AD
:10616000010088610099002008668DF8070008E0AA
:106170000099086E40F00400086601208DF80700C1
:10618000FFE79DF8070002B07047000083B0019060
:1061900000200090019890F85C00022857D1FFE79A
:1061A00001980168886940F001008861FFE7019863
:1061B00000688069C007A8B9FFE700980B280DD3D5
:1061C000FFE70199086E40F001000866019903207D
:1061D00081F85C0001208DF80B0041E0009801304F
:1061E0000090E4E70020009001980168886920F0A1
:1061F00010008861FFE701980068806900070028A7
:1062000015D5FFE700980B280DD3FFE70199086E1D
:1062100040F0010008660199032081F85C0001202C
:106220008DF80B001CE0009801300090E3E7019826
:106230000168886940F00200886101990020886542
:10624000019A012182F85C108DF80B0008E0019999
:10625000086E40F00800086601208DF80B00FFE78B
:106260009DF80B0003B0704781B0009001B07047FB
:1062700081B0009001B0704782B00190009102B0EF
:106280007047000082B00190009102B0704700009A
:1062900082B00190009102B07047000081B0009080
:1062A00001B0704781B0ADF8020001B07047000046
:1062B00080B582B0ADF8060042F20C00C4F2024094
:1062C0000068BDF8061008420CD0FFE7BDF80600D4
:1062D00042F20C01C4F202410860BDF8060000F071
:1062E00019F8FFE742F21000C4F202400068BDF85E
:1062F000061008420CD0FFE7BDF8060042F210017C
:10630000C4F202410860BDF80600FFF7CBFFFFE7CB
:1063100002B080BD81B0ADF8020001B0704700004E
:1063200085B00490039100200090FFE70398006877
:106330000099C840002800F06681FFE703980068D4
:10634000009A01219140084001900198002800F036
:106350005681FFE703984068022805D0FFE70398BD
:106360004068122828D1FFE7049800996FF00302D3
:1063700002EA51010844006A0290009800F0070008
:1063800081000F2000FA01F10298884302900398DF
:10639000006900F00F00009901F00701890000FA80
:1063A00001F102980843029002980499009B02EAC6
:1063B000530211440862FFE70498006802900098B5
:1063C0004100032000FA01F10298884302900398EB
:1063D000406800F003000099490000FA01F10298BA
:1063E00008430290029804990860039840680128C5
:1063F0000FD0FFE70398406802280AD0FFE7039810
:106400004068112805D0FFE70398406812282FD173
:10641000FFE704988068029000984100032000FA8A
:1064200001F10298884302900398C06800994900DE
:1064300000FA01F1029808430290029804998860DA
:106440000498406802900099012000FA01F1029836
:106450008843029003984068C0F30010009900FA46
:1064600001F1029808430290029804994860FFE7FE
:106470000398406800F0030003280CD1FFE703985D
:10648000406800F0030003281DD1FFE703988068EF
:10649000012818D0FFE70498C068029000984100D6
:1064A000032000FA01F10298884302900398806863
:1064B0000099490000FA01F10298084302900298FD
:1064C0000499C860FFE70398C079C006002840F12E
:1064D0009580FFE7009820F0030042F26002C4F2CA
:1064E000024280580290009800F00300C1000F2083
:1064F00000FA01F102988843029004984FF6004197
:10650000CBF6FD510840800A009901F00301C90053
:1065100000FA01F10298084302900298009921F0D4
:106520000301885042F20000C4F202400068029069
:10653000019902988843029003988079C006002848
:1065400005D5FFE70199029808430290FFE70298FA
:1065500042F20001C4F20241086042F20400C4F2B7
:1065600002400068029001990298884302900398C3
:1065700080798006002805D5FFE701990298084335
:106580000290FFE7029842F20401C4F2024108605F
:1065900042F28400C4F2024000680290019902981D
:1065A00088430290039880798007002805D5FFE78B
:1065B0000199029808430290FFE7029842F2840191
:1065C000C4F20241086042F28000C4F20240006856
:1065D0000290019902988843029003988079C0073D
:1065E00028B1FFE70199029808430290FFE702985B
:1065F00042F28001C4F202410860FFE7FFE7009821
:106600000130009092E605B07047000082B0019022
:10661000ADF8021001980069BDF80210084204D0DC
:10662000FFE701208DF8010003E000208DF8010054
:10663000FFE79DF8010002B07047000082B00190B2
:10664000ADF802108DF801209DF8010028B1FFE798
:10665000BDF802000199886104E0BDF802000199CB
:106660008862FFE702B0704740F67C50C2F200003B
:106670000068704782B0019000208DF8030040F25E
:106680000040C4F203000068C00720B1FFE701200A
:106690008DF803000AE040F20041C4F203010868EB
:1066A00020F00400019A10430860FFE79DF8030002
:1066B00002B0704740F20041C4F20301086840F0A4
:1066C000010008600020704740F29420C2F20000F0
:1066D000027840F67C51C2F200010868104408605C
:1066E0007047000080B582B0032000F0DDF805F0AF
:1066F0009BF940F62041C4F20241096801F00F0203
:1067000044F6C421C0F60101895CC84040F2200172
:10671000C2F200010860042007F04CF9002000F0EC
:1067200011F820B1FFE701208DF8070005E000F027
:1067300093F800208DF80700FFE79DF8070002B0EE
:1067400080BD000080B586B004900020039040F228
:106750009420C2F20000007820B9FFE701208DF8F4
:10676000170075E04EF21000CEF2000000684007FE
:10677000002812D5FFE740F22000C2F200000068B6
:1067800040F29421C2F200010A784FF47A71B1FB11
:10679000F2F1B0FBF1F0039040E007F07FF90290D6
:1067A0000298019040B1FFE70198012816D0FFE759
:1067B0000198022821D02FE040F22000C2F2000010
:1067C000006840F29421C2F200010A784FF4FA51B5
:1067D000B1FBF2F1B0FBF1F003901EE040F2942027
:1067E000C2F2000001784FF47A70B0FBF1F14FF47F
:1067F000FA40B0FBF1F003900FE040F29420C2F2B7
:10680000000001784FF47A70B0FBF1F14FF40040D2
:10681000B0FBF1F0039000E0FFE7FFE7039807F01B
:1068200017F920B1FFE701208DF8170010E0049957
:106830004FF0FF300022009200F01EF800980499FB
:1068400040F29822C2F2000211608DF81700FFE7B3
:106850009DF8170006B080BD80B5052000F024F833
:1068600080BD000080B582B0ADF80600BDF906001D
:106870000BF070FE02B080BD80B586B0ADF816009A
:10688000049103920BF07EFE0290BDF91600019078
:1068900002980499039A09F079FC014601980BF0DB
:1068A00079FE06B080BD000080B582B001900198ED
:1068B0000BF092FE02B080BD81B0009000996FF0A5
:1068C000FF0060EA010240F64801C4F20241086894
:1068D0001040086001B0704792B009904FF440300A
:1068E00006900999086804904968059190FAA0F00B
:1068F0001090109820B9FFE720208DF8470005E0A0
:106900001098B0FA80F08DF84700FFE704980599D9
:106910009DF84720083202F01F0291400843029080
:10692000099908688968039190FAA0F00E900E9872
:1069300020B9FFE720208DF83F0005E00E98B0FA5F
:1069400080F08DF83F00FFE7029803999DF83F30F3
:10695000102202EB430202F01E029140084308900D
:1069600009980068019090FAA0F00C900C9820B95A
:10697000FFE720208DF8370005E00C98B0FA80F092
:106980008DF83700FFE701989DF8371001F01F02DE
:106990004FF480719140084300900998006890FA84
:1069A000A0F00A900A9820B9FFE720208DF82F0068
:1069B00005E00A98B0FA80F08DF82F00FFE7009804
:1069C0009DF82F201E2101EA42024FF440319140F0
:1069D0000843079040F64801C4F202410868079A4C
:1069E0009043089A1043086012B0704740F60001C7
:1069F000C4F20241086840F0010008604EF61051F0
:106A0000CEF20001086840F004000860BFF34F8F29
:106A1000BFF36F8F30BF704789B0089040F63440A5
:106A2000C4F2024000686FF35F20059040F62840F2
:106A3000C4F20240016801F0030107910168C1F34B
:106A4000052106910068C0F300100490049840F6F8
:106A50003841C4F20241096889B2C90800FB01F05B
:106A600000EE100AB8EE400A8DED020A06980028E2
:106A700000F03D81FFE707980090012808D0FFE76C
:106A80000098022830D0FFE70098032849D065E03D
:106A900040F60040C4F202400068C0F3C10149F270
:106AA0000000C0F2D030C84003909DED030AB8EE5C
:106AB000400A9DED061AB8EE411A80EE010A9DEDDE
:106AC000051AB8EE411A9DED022A9FED8F3A22EE8B
:106AD000032A31EE021AB7EE002A31EE021A20EE36
:106AE000010A8DED010A65E09DED060AB8EE401A37
:106AF0009FED860A80EE010A9DED051AB8EE411A57
:106B00009DED022A9FED803A22EE032A31EE021A11
:106B1000B7EE002A31EE021A20EE010A8DED010ACD
:106B200048E09DED060AB8EE401A9FED760A80EE29
:106B3000010A9DED051AB8EE411A9DED022A9FED5E
:106B4000723A22EE032A31EE021AB7EE002A31EE33
:106B5000021A20EE010A8DED010A2BE040F60040FA
:106B6000C4F202400068C0F3C10149F20000C0F263
:106B7000D030C84003909DED030AB8EE400A9DED69
:106B8000061AB8EE411A80EE010A9DED051AB8EE1C
:106B9000411A9DED022A9FED5C3A22EE032A31EE66
:106BA000021AB7EE002A31EE021A20EE010A8DED2C
:106BB000010AFFE740F60040C4F20240006880018D
:106BC000002827D5FFE740F62840C4F202400068BD
:106BD000C003002819D5FFE79DED010A40F63440B7
:106BE000C4F20240006880B2400A01EE100AB8EE1A
:106BF000411AB7EE002A31EE021A80EE010A089817
:106C0000BCEEC00A80ED000A03E00899002008608D
:106C1000FFE703E0089900200860FFE740F6004026
:106C2000C4F2024000688001002827D5FFE740F643
:106C30002840C4F2024000688003002819D5FFE70D
:106C40009DED010A40F63440C4F202400068C0F3F2
:106C5000064001EE100AB8EE411AB7EE002A31EEF6
:106C6000021A80EE010A0898BCEEC00A80ED010A03
:106C700003E0089900204860FFE703E0089900203E
:106C80004860FFE740F60040C4F20240006880011F
:106C9000002827D5FFE740F62840C4F202400068EC
:106CA0004003002819D5FFE79DED010A40F6344066
:106CB000C4F202400068C0F3066001EE100AB8EEAC
:106CC000411AB7EE002A31EE021A80EE010A089846
:106CD000BCEEC00A80ED020A03E00899002088603B
:106CE000FFE703E0089900208860FFE707E00899C4
:106CF000002008600899486008998860FFE709B09B
:106D0000704700BF20BCBE4B000000390024744A0D
:106D100089B0089040F63C40C4F2024000686FF32E
:106D20005F20059040F62C40C4F20240016801F05B
:106D3000030107910168C1F3052106910068C0F3C2
:106D400000100490049840F64041C4F202410968E2
:106D500089B2C90800FB01F000EE100AB8EE400A43
:106D60008DED020A0698002800F03D81FFE70798A4
:106D70000090012808D0FFE70098022830D0FFE7F4
:106D80000098032849D065E040F60040C4F2024074
:106D90000068C0F3C10149F20000C0F2D030C84021
:106DA00003909DED030AB8EE400A9DED061AB8EE79
:106DB000411A80EE010A9DED051AB8EE411A9DEDCB
:106DC000022A9FED8F3A22EE032A31EE021AB7EE25
:106DD000002A31EE021A20EE010A8DED010A65E06B
:106DE0009DED060AB8EE401A9FED860A80EE010A74
:106DF0009DED051AB8EE411A9DED022A9FED803AED
:106E000022EE032A31EE021AB7EE002A31EE021A00
:106E100020EE010A8DED010A48E09DED060AB8EE6C
:106E2000401A9FED760A80EE010A9DED051AB8EE34
:106E3000411A9DED022A9FED723A22EE032A31EEAD
:106E4000021AB7EE002A31EE021A20EE010A8DED89
:106E5000010A2BE040F60040C4F202400068C0F393
:106E6000C10149F20000C0F2D030C84003909DED4E
:106E7000030AB8EE400A9DED061AB8EE411A80EEFC
:106E8000010A9DED051AB8EE411A9DED022A9FED0B
:106E90005C3A22EE032A31EE021AB7EE002A31EEF6
:106EA000021A20EE010A8DED010AFFE740F60040CC
:106EB000C4F2024000680001002827D5FFE740F631
:106EC0002C40C4F202400068C003002819D5FFE737
:106ED0009DED010A40F63C40C4F20240006880B2D9
:106EE000400A01EE100AB8EE411AB7EE002A31EE60
:106EF000021A80EE010A0898BCEEC00A80ED000A72
:106F000003E0089900200860FFE703E008990020EB
:106F10000860FFE740F60040C4F20240006800014C
:106F2000002827D5FFE740F62C40C4F20240006855
:106F30008003002819D5FFE79DED010A40F63C408B
:106F4000C4F202400068C0F3064001EE100AB8EE39
:106F5000411AB7EE002A31EE021A80EE010A0898B3
:106F6000BCEEC00A80ED010A03E0089900204860E9
:106F7000FFE703E0089900204860FFE740F6004083
:106F8000C4F2024000680001002827D5FFE740F660
:106F90002C40C4F2024000684003002819D5FFE7E6
:106FA0009DED010A40F63C40C4F202400068C0F387
:106FB000066001EE100AB8EE411AB7EE002A31EE73
:106FC000021A80EE010A0898BCEEC00A80ED020A9F
:106FD00003E0089900208860FFE703E0089900209B
:106FE0008860FFE707E0089900200860089948607A
:106FF00008998860FFE709B0704700BF20BCBE4B0E
:10700000000000390024744A89B0089040F64440DA
:10701000C4F2024000686FF35F20059040F63040F4
:10702000C4F20240016801F0030107910168C1F355
:10703000052106910068C0F300100490049840F602
:107040004841C4F20241096889B2C90800FB01F055
:1070500000EE100AB8EE400A8DED020A06980028EC
:1070600000F03D81FFE707980090012808D0FFE776
:107070000098022830D0FFE70098032849D065E047
:1070800040F60040C4F202400068C0F3C10149F27A
:107090000000C0F2D030C84003909DED030AB8EE66
:1070A000400A9DED061AB8EE411A80EE010A9DEDE8
:1070B000051AB8EE411A9DED022A9FED8F3A22EE95
:1070C000032A31EE021AB7EE002A31EE021A20EE40
:1070D000010A8DED010A65E09DED060AB8EE401A41
:1070E0009FED860A80EE010A9DED051AB8EE411A61
:1070F0009DED022A9FED803A22EE032A31EE021A1C
:10710000B7EE002A31EE021A20EE010A8DED010AD7
:1071100048E09DED060AB8EE401A9FED760A80EE33
:10712000010A9DED051AB8EE411A9DED022A9FED68
:10713000723A22EE032A31EE021AB7EE002A31EE3D
:10714000021A20EE010A8DED010A2BE040F6004004
:10715000C4F202400068C0F3C10149F20000C0F26D
:10716000D030C84003909DED030AB8EE400A9DED73
:10717000061AB8EE411A80EE010A9DED051AB8EE26
:10718000411A9DED022A9FED5C3A22EE032A31EE70
:10719000021AB7EE002A31EE021A20EE010A8DED36
:1071A000010AFFE740F60040C4F202400068800098
:1071B000002827D5FFE740F63040C4F202400068BF
:1071C000C003002819D5FFE79DED010A40F64440B1
:1071D000C4F20240006880B2400A01EE100AB8EE24
:1071E000411AB7EE002A31EE021A80EE010A089821
:1071F000BCEEC00A80ED000A03E008990020086098
:10720000FFE703E0089900200860FFE740F6004030
:10721000C4F2024000688000002827D5FFE740F64E
:107220003040C4F2024000688003002819D5FFE70F
:107230009DED010A40F64440C4F202400068C0F3EC
:10724000064001EE100AB8EE411AB7EE002A31EE00
:10725000021A80EE010A0898BCEEC00A80ED010A0D
:1072600003E0089900204860FFE703E00899002048
:107270004860FFE740F60040C4F20240006880002A
:10728000002827D5FFE740F63040C4F202400068EE
:107290004003002819D5FFE79DED010A40F6444060
:1072A000C4F202400068C0F3066001EE100AB8EEB6
:1072B000411AB7EE002A31EE021A80EE010A089850
:1072C000BCEEC00A80ED020A03E008990020886045
:1072D000FFE703E0089900208860FFE707E00899CE
:1072E000002008600899486008998860FFE709B0A5
:1072F000704700BF20BCBE4B000000390024744A18
:1073000080B59CB01B911A901A981B9980F0007060
:10731000084300285BD1FFE740F6F040C4F202408A
:10732000016801F440710E9100688007002809D5BA
:10733000FFE70E98B0F5807F04D1FFE74FF40040DF
:10734000109042E040F6F040C4F2024000680001B4
:10735000002809D5FFE70E98B0F5007F04D1FFE7BC
:107360004FF4FA4010902FE040F60040C4F2024083
:1073700000688003002823D5FFE70E98B0F5407F12
:107380001ED1FFE740F61C40C4F20240006800F442
:107390007C50B0F5007F0FD3FFE740F61C40C4F2ED
:1073A00002400068C0F3052147F64000C0F27D109E
:1073B000B0FBF1F0109002E000201090FFE702E037
:1073C00000201090FFE7FFE7FFE702F012BC1A98D9
:1073D0000C901B990D9180F001000843002800F0EB
:1073E000C682FFE70D990C9880F002000843002840
:1073F00000F03B83FFE70D990C9880F004000843F0
:10740000002800F0A783FFE70D990C9880F0080092
:107410000843002800F01E84FFE70D990C9880F0C7
:1074200010000843002800F09884FFE70D990C989D
:1074300080F020000843002800F01285FFE70D9936
:107440000C9880F040000843002800F08C85FFE78E
:107450000D990C9880F080000843002800F0068603
:10746000FFE70D990C9880F480700843002800F025
:107470008086FFE70D990C9880F40070084300287F
:1074800000F0FA86FFE70D990C9880F480600843BD
:10749000002800F07487FFE70D990C9880F40060D5
:1074A0000843002800F0E987FFE70D990C9880F465
:1074B00080500843002801F05E80FFE70D990C988A
:1074C00080F400500843002801F06181FFE70D9926
:1074D0000C9880F480400843002801F0AA81FFE75F
:1074E0000D990C9880F400400843002801F0F381C6
:1074F000FFE70D990C9880F480300843002801F0D4
:107500008E82FFE70D990C9880F400300843002824
:1075100001F0C282FFE70D990C9880F480200843A7
:10752000002801F06583FFE70D990C9880F4002096
:107530000843002800F0BF80FFE70D990C9880F405
:1075400080100843002800F04381FFE70D990C9854
:1075500080F400100843002801F07E80FFE70D99B9
:107560000C9880F480000843002800F0BE81FFE7FB
:107570000D990C9880F400000843002800F0D68193
:10758000FFE70D990C9880F080600843002802F016
:107590009882FFE70D990C9880F00060084300285E
:1075A00001F0B986FFE70D990C9880F080500843F0
:1075B000002801F02F87FFE70D990C9880F000500C
:1075C0000843002801F0B387FFE70D990C9880F07D
:1075D00080400843002802F03380FFE70D990C98A3
:1075E00080F000400843002802F0AE80FFE70C98CE
:1075F0000D9981F001010843002802F02981FFE77D
:107600000C980D9981F002010843002802F0A48132
:10761000FFE70C980D9981F004010843002801F060
:107620004386FFE70C980D9981F008010843002874
:1076300002F00782FFE70C980D9981F010010843D2
:10764000002802F09482FFE70C980D9981F0200148
:107650000843002801F07883FFE70C980D9981F02A
:1076600040010843002801F01B84FFE70C980D99A6
:1076700081F080010843002801F0BE84FFE70C98E8
:107680000D9981F480710843002801F06185FFE7BE
:107690000C980D9981F400710843002801F048808E
:1076A000FFE70C980D9981F480610843002801F0F0
:1076B000648102F09ABA40F6E840C4F202400068E1
:1076C00000F4E0200E900E980B90A0B1FFE70B980D
:1076D000B0F5803F15D0FFE70B98B0F5003F16D00E
:1076E000FFE70B98B0F5403F17D0FFE70B98B0F5D8
:1076F000802F18D067E017A8FFF78EF91898109020
:1077000064E014A8FFF704FB149810905EE011A841
:10771000FFF77AFC1198109058E048F20000C0F290
:10772000BB00109052E040F6E840C4F2024000680E
:1077300000F040400F9040F60040C4F20240006864
:107740008007002811D5FFE70F9870B9FFE740F6D2
:107750000040C4F202400068C0F3C10149F20000D9
:10776000C0F2D030C84010902CE040F60040C4F287
:1077700002400068800500280BD5FFE70F98B0F1A4
:10778000804F06D1FFE740F60010C0F23D00109098
:1077900017E040F60040C4F2024000688003002871
:1077A0000BD5FFE70F98B0F1004F06D1FFE747F682
:1077B0004000C0F27D10109002E000201090FFE722
:1077C000FFE7FFE702E000201090FFE702F010BAA9
:1077D00040F6E840C4F20240006800F460100E90E9
:1077E0000E980A90A0B1FFE70A98B0F5002F15D0C7
:1077F000FFE70A98B0F5801F16D0FFE70A98B0F5AA
:10780000C01F17D0FFE70A98B0F5001F18D067E037
:1078100017A8FFF701F91898109064E014A8FFF773
:1078200077FA149810905EE011A8FFF7EDFB11981D
:10783000109058E048F20000C0F2BB00109052E0F7
:1078400040F6E840C4F20240006800F040400F906B
:1078500040F60040C4F2024000688007002811D5BD
:10786000FFE70F9870B9FFE740F60040C4F202400E
:107870000068C0F3C10149F20000C0F2D030C84036
:1078800010902CE040F60040C4F2024000688005F1
:1078900000280BD5FFE70F98B0F1804F06D1FFE726
:1078A00040F60010C0F23D00109017E040F6004096
:1078B000C4F202400068800300280BD5FFE70F9850
:1078C000B0F1004F06D1FFE747F64000C0F27D104F
:1078D000109002E000201090FFE7FFE7FFE702E0D2
:1078E00000201090FFE702F083B940F6E440C4F2B4
:1078F0000240006800F040000E900E9830B9FFE79B
:1079000017A8FFF789F8189810900DE00E984028F6
:1079100006D1FFE714A8FFF7FBF91698109002E0D4
:1079200000201090FFE7FFE702F062B940F6E44064
:10793000C4F20240006800F080000E900E9830B94A
:10794000FFE717A8FFF768F8189810900DE00E9859
:10795000802806D1FFE714A8FFF7DAF916981090EF
:1079600002E000201090FFE7FFE702F041B940F687
:10797000D840C4F20240006800F007000E900E9854
:1079800020B9FFE704F028F810906CE040F60040C2
:10799000C4F202400068000100280AD5FFE70E98F3
:1079A000012806D1FFE714A8FFF7B2F91598109047
:1079B00058E040F60040C4F2024000688000002811
:1079C0000AD5FFE70E98022806D1FFE711A8FFF7B6
:1079D0001BFB1298109044E040F60040C4F20240B5
:1079E00000688007002812D5FFE70E9803280ED103
:1079F000FFE740F60040C4F202400068C0F3C10156
:107A000049F20000C0F2D030C840109028E040F6A3
:107A10000040C4F202400068800500280AD5FFE754
:107A20000E98042806D1FFE740F60010C0F23D0092
:107A3000109014E040F6F040C4F202400068800765
:107A4000002808D5FFE70E98052804D1FFE74FF47A
:107A50000040109002E000201090FFE7FFE7FFE7F2
:107A6000FFE7FFE7FFE702F0C3B840F6D840C4F2F3
:107A70000240006800F038000E900E9820B9FFE731
:107A800003F096FF109063E040F60040C4F202401D
:107A90000068000100280AD5FFE70E98082806D1E3
:107AA000FFE714A8FFF734F9159810904FE00E98EF
:107AB000102806D1FFE711A8FFF7A6FA1298109038
:107AC00044E040F60040C4F202400068800700280D
:107AD00012D5FFE70E9818280ED1FFE740F60040B8
:107AE000C4F202400068C0F3C10149F20000C0F2D4
:107AF000D030C840109028E040F60040C4F2024068
:107B00000068800500280AD5FFE70E98202806D1D6
:107B1000FFE740F60010C0F23D00109014E040F680
:107B2000F040C4F2024000688007002808D5FFE753
:107B30000E98282804D1FFE74FF40040109002E08F
:107B400000201090FFE7FFE7FFE7FFE7FFE7FFE711
:107B500002F04EB840F6D840C4F20240006800F48B
:107B6000E0700E900E9820B9FFE703F021FF10900F
:107B70006EE040F60040C4F20240006800010028B8
:107B80000AD5FFE70E98402806D1FFE714A8FFF7B3
:107B9000BFF8159810905AE040F60040C4F2024039
:107BA0000068800000280AD5FFE70E98802806D1DB
:107BB000FFE711A8FFF728FA1298109046E040F668
:107BC0000040C4F2024000688007002812D5FFE799
:107BD0000E98C0280ED1FFE740F60040C4F20240E4
:107BE0000068C0F3C10149F20000C0F2D030C840C3
:107BF00010902AE040F60040C4F202400068800580
:107C000000280BD5FFE70E98B0F5807F06D1FFE77F
:107C100040F60010C0F23D00109015E040F6F04034
:107C2000C4F2024000688007002809D5FFE70E98DB
:107C3000B0F5A07F04D1FFE74FF40040109002E0C0
:107C400000201090FFE7FFE7FFE7FFE7FFE7FFE710
:107C500001F0CEBF40F6D840C4F20240006800F404
:107C600060600E900E9820B9FFE703F0A1FE10901F
:107C700071E040F60040C4F20240006800010028B4
:107C80000BD5FFE70E98B0F5007F06D1FFE714A8EB
:107C9000FFF73EF8159810905CE040F60040C4F203
:107CA00002400068800000280BD5FFE70E98B0F571
:107CB000806F06D1FFE711A8FFF7A6F91298109080
:107CC00047E040F60040C4F2024000688007002808
:107CD00013D5FFE70E98B0F5C06F0ED1FFE740F661
:107CE0000040C4F202400068C0F3C10149F2000044
:107CF000C0F2D030C84010902AE040F60040C4F2F4
:107D000002400068800500280BD5FFE70E98B0F50B
:107D1000006F06D1FFE740F60010C0F23D00109062
:107D200015E040F6F040C4F20240006880070028E9
:107D300009D5FFE70E98B0F5206F04D1FFE74FF4A7
:107D40000040109002E000201090FFE7FFE7FFE7FF
:107D5000FFE7FFE7FFE701F04BBF40F6D840C4F272
:107D60000240006800F4E0400E900E9820B9FFE752
:107D700003F01EFE109071E040F60040C4F2024095
:107D80000068000100280BD5FFE70E98B0F5805F72
:107D900006D1FFE714A8FEF7BBFF159810905CE032
:107DA00040F60040C4F202400068800000280BD575
:107DB000FFE70E98B0F5005F06D1FFE711A8FFF7C7
:107DC00023F91298109047E040F60040C4F20240B8
:107DD00000688007002813D5FFE70E98B0F5405FD4
:107DE0000ED1FFE740F60040C4F202400068C0F345
:107DF000C10149F20000C0F2D030C84010902AE022
:107E000040F60040C4F202400068800500280BD50F
:107E1000FFE70E98B0F5804F06D1FFE740F600105F
:107E2000C0F23D00109015E040F6F040C4F2024070
:107E300000688007002809D5FFE70E98B0F5A04F2D
:107E400004D1FFE74FF40040109002E000201090B2
:107E5000FFE7FFE7FFE7FFE7FFE7FFE701F0C8BE47
:107E600040F6D840C4F20240006800F460300E9042
:107E70000E9820B9FFE703F09BFD109071E040F6EB
:107E80000040C4F202400068000100280BD5FFE763
:107E90000E98B0F5004F06D1FFE714A8FEF738FFA3
:107EA000159810905CE040F60040C4F20240006873
:107EB000800000280BD5FFE70E98B0F5803F06D173
:107EC000FFE711A8FFF7A0F81298109047E040F6DE
:107ED0000040C4F2024000688007002813D5FFE785
:107EE0000E98B0F5C03F0ED1FFE740F60040C4F257
:107EF00002400068C0F3C10149F20000C0F2D03076
:107F0000C84010902AE040F60040C4F202400068E9
:107F1000800500280BD5FFE70E98B0F5003F06D18D
:107F2000FFE740F60010C0F23D00109015E040F66B
:107F3000F040C4F2024000688007002809D5FFE73E
:107F40000E98B0F5203F04D1FFE74FF400401090A9
:107F500002E000201090FFE7FFE7FFE7FFE7FFE701
:107F6000FFE701F045BE40F6D840C4F20240006889
:107F700000F4E0100E900E9820B9FFE703F018FD12
:107F8000109071E040F60040C4F202400068000129
:107F900000280BD5FFE70E98B0F5802F06D1FFE73C
:107FA00014A8FEF7B5FE159810905CE040F600406E
:107FB000C4F202400068800000280BD5FFE70E984D
:107FC000B0F5002F06D1FFE711A8FFF71DF81298B2
:107FD000109047E040F60040C4F20240006880077D
:107FE000002813D5FFE70E98B0F5402F0ED1FFE71C
:107FF00040F60040C4F202400068C0F3C10149F2FB
:108000000000C0F2D030C84010902AE040F6004096
:10801000C4F202400068800500280BD5FFE70E98E7
:10802000B0F5801F06D1FFE740F60010C0F23D001A
:10803000109015E040F6F040C4F20240006880075E
:10804000002809D5FFE70E98B0F5A01F04D1FFE77F
:108050004FF40040109002E000201090FFE7FFE78F
:10806000FFE7FFE7FFE7FFE701F0C2BD40F6D840BA
:10807000C4F20240006800F460000E900E9820B92F
:10808000FFE703F095FC109071E040F60040C4F269
:1080900002400068000100280BD5FFE70E98B0F5FC
:1080A000001F06D1FFE714A8FEF732FE15981090C6
:1080B0005CE040F60040C4F2024000688000002806
:1080C0000BD5FFE70E98B0F5800F06D1FFE711A89A
:1080D000FEF79AFF1298109047E040F60040C4F275
:1080E000024000688007002813D5FFE70E98B0F51E
:1080F000C00F0ED1FFE740F60040C4F20240006816
:10810000C0F3C10149F20000C0F2D030C840109065
:108110002AE040F60040C4F20240006880050028D2
:108120000BD5FFE70E98B0F5000F06D1FFE740F63C
:108130000010C0F23D00109015E040F6F040C4F28F
:10814000024000688007002809D5FFE70E98B0F5C7
:10815000200F04D1FFE74FF40040109002E0002010
:108160001090FFE7FFE7FFE7FFE7FFE7FFE701F01A
:108170003FBD40F6D840C4F20240006800F0E06025
:108180000E900E9820B9FFE703F012FC109071E0FA
:1081900040F60040C4F202400068000100280BD500
:1081A000FFE70E98B0F1807F06D1FFE714A8FEF735
:1081B000AFFD159810905CE040F60040C4F202401C
:1081C0000068800000280BD5FFE70E98B0F1007F13
:1081D00006D1FFE711A8FEF717FF1298109047E0AD
:1081E00040F60040C4F2024000688007002813D522
:1081F000FFE70E98B0F1407F0ED1FFE740F6004058
:10820000C4F202400068C0F3C10149F20000C0F2AC
:10821000D030C84010902AE040F60040C4F202403E
:108220000068800500280BD5FFE70E98B0F1806F3D
:1082300006D1FFE740F60010C0F23D00109015E0B7
:1082400040F6F040C4F2024000688007002809D5DB
:10825000FFE70E98B0F1A06F04D1FFE74FF40040A4
:10826000109002E000201090FFE7FFE7FFE7FFE734
:10827000FFE7FFE701F0BCBC40F6D840C4F2024083
:10828000006800F060500E900E9820B9FFE703F0F0
:108290008FFB109071E040F60040C4F2024000688D
:1082A000000100280BD5FFE70E98B0F1006F06D152
:1082B000FFE714A8FEF72CFD159810905CE040F63F
:1082C0000040C4F202400068800000280BD5FFE7A0
:1082D0000E98B0F1805F06D1FFE711A8FEF794FE7B
:1082E0001298109047E040F60040C4F20240006847
:1082F0008007002813D5FFE70E98B0F1C05F0ED1BC
:10830000FFE740F60040C4F202400068C0F3C1013C
:1083100049F20000C0F2D030C84010902AE040F688
:108320000040C4F202400068800500280BD5FFE73A
:108330000E98B0F1005F06D1FFE740F60010C0F2E2
:108340003D00109015E040F6F040C4F20240006895
:108350008007002809D5FFE70E98B0F1205F04D10F
:10836000FFE74FF40040109002E000201090FFE77C
:10837000FFE7FFE7FFE7FFE7FFE701F039BC40F663
:10838000DC40C4F20240006800F007000E900E9836
:1083900020B9FFE703F00CFB10906CE040F60040C2
:1083A000C4F202400068000100280AD5FFE70E98D9
:1083B000012806D1FFE714A8FEF7AAFC1598109033
:1083C00058E040F60040C4F20240006880000028F7
:1083D0000AD5FFE70E98022806D1FFE711A8FEF79D
:1083E00013FE1298109044E040F60040C4F20240A0
:1083F00000688007002812D5FFE70E9803280ED1E9
:10840000FFE740F60040C4F202400068C0F3C1013B
:1084100049F20000C0F2D030C840109028E040F689
:108420000040C4F202400068800500280AD5FFE73A
:108430000E98042806D1FFE740F60010C0F23D0078
:10844000109014E040F6F040C4F20240006880074B
:10845000002808D5FFE70E98052804D1FFE74FF460
:108460000040109002E000201090FFE7FFE7FFE7D8
:10847000FFE7FFE7FFE701F0BBBB40F6DC40C4F2DB
:108480000240006800F070000E900E9820B9FFE7DF
:1084900003F08EFA10906CE040F60040C4F2024007
:1084A0000068000100280AD5FFE70E98102806D1C1
:1084B000FFE714A8FEF72CFC1598109058E040F642
:1084C0000040C4F202400068800000280AD5FFE79F
:1084D0000E98202806D1FFE711A8FEF795FD129807
:1084E000109044E040F60040C4F20240006880076B
:1084F000002812D5FFE70E9830280ED1FFE740F68E
:108500000040C4F202400068C0F3C10149F200001B
:10851000C0F2D030C840109028E040F60040C4F2CD
:1085200002400068800500280AD5FFE70E98402821
:1085300006D1FFE740F60010C0F23D00109014E0B5
:1085400040F6F040C4F2024000688007002808D5D9
:10855000FFE70E98502804D1FFE74FF40040109039
:1085600002E000201090FFE7FFE7FFE7FFE7FFE7EB
:10857000FFE701F03DBB40F6E040C4F20240006876
:1085800000F0E0600E900E9820B9FFE703F038FA93
:1085900010905FE00E98B0F1807F06D1FFE714A83D
:1085A000FEF7B6FB1598109053E00E98B0F1007FDF
:1085B00006D1FFE711A8FEF727FD1298109047E0BB
:1085C00040F60040C4F2024000688007002813D53E
:1085D000FFE70E98B0F1407F0ED1FFE740F6004074
:1085E000C4F202400068C0F3C10149F20000C0F2C9
:1085F000D030C84010902AE040F60040C4F202405B
:108600000068800500280BD5FFE70E98B0F1806F59
:1086100006D1FFE740F60010C0F23D00109015E0D3
:1086200040F6F040C4F2024000688007002809D5F7
:10863000FFE70E98B0F1A06F04D1FFE74FF40040C0
:10864000109002E000201090FFE7FFE7FFE7FFE750
:10865000FFE7FFE701F0CCBA40F6E840C4F2024081
:10866000006800F007000E900E9820B9FFE703F0B5
:1086700085F910905AE00E98012804D1FFE703F025
:10868000D3F9109051E00E98022806D1FFE714A804
:10869000FEF73EFB1698109046E040F60040C4F20C
:1086A00002400068800300280AD5FFE70E980328DF
:1086B00006D1FFE747F64000C0F27D10109032E08F
:1086C00040F60040C4F2024000688007002812D53E
:1086D000FFE70E9804280ED1FFE740F60040C4F2F1
:1086E00002400068C0F3C10149F20000C0F2D0307E
:1086F000C840109016E040F60040C4F20240006806
:10870000800500280AD5FFE70E98052806D1FFE767
:1087100040F60010C0F23D00109002E000201090E2
:10872000FFE7FFE7FFE7FFE7FFE7FFE701F060BADA
:1087300040F6E840C4F20240006800F008000E90E5
:1087400040F6F040C4F2024000688007002807D5D8
:10875000FFE70E9820B9FFE74FF40040109014E0B7
:1087600040F6F040C4F2024000680001002808D53D
:10877000FFE70E98082804D1FFE74FF4FA40109065
:1087800002E000201090FFE7FFE701F031BA40F669
:10879000E440C4F20240006800F440300E900E98AD
:1087A00020B9FFE703F004F9109040E00E98B0F50F
:1087B000803F06D1FFE711A8FEF726FC1398109022
:1087C00034E040F60040C4F2024000688007002810
:1087D00013D5FFE70E98B0F5003F0ED1FFE740F646
:1087E0000040C4F202400068C0F3C10149F2000039
:1087F000C0F2D030C840109017E040F60040C4F2FC
:1088000002400068800500280BD5FFE70E98B0F500
:10881000403F06D1FFE740F60010C0F23D00109047
:1088200002E000201090FFE7FFE7FFE7FFE701F01D
:10883000DFB940F6E440C4F20240006800F4402092
:108840000E900E9820B9FFE703F0B2F8109040E0C8
:108850000E98B0F5802F06D1FFE711A8FEF7D4FBE4
:108860001398109034E040F60040C4F202400068D3
:108870008007002813D5FFE70E98B0F5002F0ED122
:10888000FFE740F60040C4F202400068C0F3C101B7
:1088900049F20000C0F2D030C840109017E040F616
:1088A0000040C4F202400068800500280BD5FFE7B5
:1088B0000E98B0F5402F06D1FFE740F60010C0F249
:1088C0003D00109002E000201090FFE7FFE7FFE777
:1088D000FFE701F08DB940F6E440C4F202400068C1
:1088E00000F440100E900E9820B9FFE703F088F8CE
:1088F000109040E00E98B0F5801F06D1FFE711A858
:10890000FEF782FB1398109034E040F60040C4F26A
:10891000024000688007002813D5FFE70E98B0F5E5
:10892000001F0ED1FFE740F60040C4F2024000688D
:10893000C0F3C10149F20000C0F2D030C84010902D
:1089400017E040F60040C4F20240006880050028AD
:108950000BD5FFE70E98B0F5401F06D1FFE740F6B4
:108960000010C0F23D00109002E000201090FFE7E0
:10897000FFE7FFE7FFE701F03BB940F6E440C4F250
:108980000240006800F440000E900E9820B9FFE706
:1089900003F036F8109040E00E98B0F5800F06D145
:1089A000FFE711A8FEF730FB1398109034E040F673
:1089B0000040C4F2024000688007002813D5FFE79A
:1089C0000E98B0F5000F0ED1FFE740F60040C4F25C
:1089D00002400068C0F3C10149F20000C0F2D0308B
:1089E000C840109017E040F60040C4F20240006812
:1089F000800500280BD5FFE70E98B0F5400F06D193
:108A0000FFE740F60010C0F23D00109002E00020A9
:108A10001090FFE7FFE7FFE7FFE701F0E9B840F656
:108A2000E440C4F20240006800F040700E900E98DE
:108A300020B9FFE702F0BCFF10902BE00E98B0F1D8
:108A4000807F06D1FFE711A8FEF7DEFA1398109099
:108A50001FE040F60040C4F2024000688007002892
:108A600013D5FFE70E98B0F1007F0ED1FFE740F677
:108A70000040C4F202400068C0F3C10149F20000A6
:108A8000C0F2D030C840109002E000201090FFE704
:108A9000FFE7FFE701F0ACB840F6DC40C4F202406B
:108AA000006800F4E0600E900E980990C8B1FFE7EE
:108AB0000998B0F5807F18D0FFE70998B0F5007FDE
:108AC00019D0FFE70998B0F5407F1AD0FFE7099861
:108AD000B0F5806F26D0FFE70998B0F5A06F32D0CF
:108AE00081E002F08DFF109080E014A8FEF710F9ED
:108AF000149810907AE011A8FEF786FA1398109057
:108B000074E040F6F040C4F202400068800700289C
:108B100004D5FFE74FF40040109002E000201090D1
:108B2000FFE763E040F6F040C4F202400068000155
:108B3000002804D5FFE74FF4FA40109002E000202F
:108B40001090FFE752E040F6E840C4F202400068AF
:108B500000F040400F9040F60040C4F20240006830
:108B60008007002811D5FFE70F9870B9FFE740F69E
:108B70000040C4F202400068C0F3C10149F20000A5
:108B8000C0F2D030C84010902CE040F60040C4F253
:108B900002400068800500280BD5FFE70F98B0F170
:108BA000804F06D1FFE740F60010C0F23D00109064
:108BB00017E040F60040C4F202400068800300283D
:108BC0000BD5FFE70F98B0F1004F06D1FFE747F64E
:108BD0004000C0F27D10109002E000201090FFE7EE
:108BE000FFE7FFE702E000201090FFE701F000B888
:108BF00040F6DC40C4F20240006800F4E0400E9011
:108C00000E980890C8B1FFE70898B0F5805F18D0BB
:108C1000FFE70898B0F5005F19D0FFE70898B0F5B6
:108C2000405F1AD0FFE70898B0F5804F26D0FFE7E5
:108C30000898B0F5A04F32D081E002F0B9FE109054
:108C400080E014A8FEF764F8149810907AE011A858
:108C5000FEF7DAF91398109074E040F6F040C4F291
:108C6000024000688007002804D5FFE74FF4004069
:108C7000109002E000201090FFE763E040F6F04023
:108C8000C4F2024000680001002804D5FFE74FF459
:108C9000FA40109002E000201090FFE752E040F60A
:108CA000E840C4F20240006800F040400F9040F6F7
:108CB0000040C4F2024000688007002811D5FFE799
:108CC0000F9870B9FFE740F60040C4F20240006818
:108CD000C0F3C10149F20000C0F2D030C84010908A
:108CE0002CE040F60040C4F20240006880050028F5
:108CF0000BD5FFE70F98B0F1804F06D1FFE740F6A4
:108D00000010C0F23D00109017E040F60040C4F2A1
:108D100002400068800300280BD5FFE70F98B0F1F0
:108D2000004F06D1FFE747F64000C0F27D101090DB
:108D300002E000201090FFE7FFE7FFE702E00020DD
:108D40001090FFE700F054BF40F6DC40C4F2024050
:108D5000006800F4E0200E900E980790C8B1FFE77D
:108D60000798B0F5803F18D0FFE70798B0F5003FAF
:108D700019D0FFE70798B0F5403F1AD0FFE70798F2
:108D8000B0F5802F26D0FFE70798B0F5A02F32D09E
:108D900081E002F035FE109080E014A8FDF7B8FFE6
:108DA000149810907AE011A8FEF72EF913981090FD
:108DB00074E040F6F040C4F20240006880070028EA
:108DC00004D5FFE74FF40040109002E0002010901F
:108DD000FFE763E040F6F040C4F2024000680001A3
:108DE000002804D5FFE74FF4FA40109002E000207D
:108DF0001090FFE752E040F6E840C4F202400068FD
:108E000000F040400F9040F60040C4F2024000687D
:108E10008007002811D5FFE70F9870B9FFE740F6EB
:108E20000040C4F202400068C0F3C10149F20000F2
:108E3000C0F2D030C84010902CE040F60040C4F2A0
:108E400002400068800500280BD5FFE70F98B0F1BD
:108E5000804F06D1FFE740F60010C0F23D001090B1
:108E600017E040F60040C4F202400068800300288A
:108E70000BD5FFE70F98B0F1004F06D1FFE747F69B
:108E80004000C0F27D10109002E000201090FFE73B
:108E9000FFE7FFE702E000201090FFE700F0A8BE28
:108EA00040F6DC40C4F20240006800F4E0000E909E
:108EB0000E980690C8B1FFE70698B0F5801F18D04D
:108EC000FFE70698B0F5001F19D0FFE70698B0F548
:108ED000401F1AD0FFE70698B0F5800F26D0FFE7B5
:108EE0000698B0F5A00F32D081E002F089FD109015
:108EF00080E014A8FDF70CFF149810907AE011A8F8
:108F0000FEF782F81398109074E040F6F040C4F237
:108F1000024000688007002804D5FFE74FF40040B6
:108F2000109002E000201090FFE763E040F6F04070
:108F3000C4F2024000680001002804D5FFE74FF4A6
:108F4000FA40109002E000201090FFE752E040F657
:108F5000E840C4F20240006800F040400F9040F644
:108F60000040C4F2024000688007002811D5FFE7E6
:108F70000F9870B9FFE740F60040C4F20240006865
:108F8000C0F3C10149F20000C0F2D030C8401090D7
:108F90002CE040F60040C4F2024000688005002842
:108FA0000BD5FFE70F98B0F1804F06D1FFE740F6F1
:108FB0000010C0F23D00109017E040F60040C4F2EF
:108FC00002400068800300280BD5FFE70F98B0F13E
:108FD000004F06D1FFE747F64000C0F27D10109029
:108FE00002E000201090FFE7FFE7FFE702E000202B
:108FF0001090FFE700F0FCBD40F6DC40C4F20240F8
:10900000006800F0E0600E900E980590C8B1FFE790
:109010000598B0F1807F18D0FFE70598B0F1007F88
:1090200019D0FFE70598B0F1407F1AD0FFE7059807
:10903000B0F1806F26D0FFE70598B0F1A06F32D075
:1090400081E002F0DDFC109080E014A8FDF760FEE6
:10905000149810907AE011A8FDF7D6FF139810909D
:1090600074E040F6F040C4F2024000688007002837
:1090700004D5FFE74FF40040109002E0002010906C
:10908000FFE763E040F6F040C4F2024000680001F0
:10909000002804D5FFE74FF4FA40109002E00020CA
:1090A0001090FFE752E040F6E840C4F2024000684A
:1090B00000F040400F9040F60040C4F202400068CB
:1090C0008007002811D5FFE70F9870B9FFE740F639
:1090D0000040C4F202400068C0F3C10149F2000040
:1090E000C0F2D030C84010902CE040F60040C4F2EE
:1090F00002400068800500280BD5FFE70F98B0F10B
:10910000804F06D1FFE740F60010C0F23D001090FE
:1091100017E040F60040C4F20240006880030028D7
:109120000BD5FFE70F98B0F1004F06D1FFE747F6E8
:109130004000C0F27D10109002E000201090FFE788
:10914000FFE7FFE702E000201090FFE700F050BDCE
:1091500040F6DC40C4F20240006800F0E0400E90AF
:109160000E980490C8B1FFE70498B0F1805F18D062
:10917000FFE70498B0F1005F19D0FFE70498B0F161
:10918000405F1AD0FFE70498B0F1804F26D0FFE788
:109190000498B0F1A04F32D081E002F031FC109081
:1091A00080E014A8FDF7B4FD149810907AE011A89F
:1091B000FDF72AFF1398109074E040F6F040C4F2D7
:1091C000024000688007002804D5FFE74FF4004004
:1091D000109002E000201090FFE763E040F6F040BE
:1091E000C4F2024000680001002804D5FFE74FF4F4
:1091F000FA40109002E000201090FFE752E040F6A5
:10920000E840C4F20240006800F040400F9040F691
:109210000040C4F2024000688007002811D5FFE733
:109220000F9870B9FFE740F60040C4F202400068B2
:10923000C0F3C10149F20000C0F2D030C840109024
:109240002CE040F60040C4F202400068800500288F
:109250000BD5FFE70F98B0F1804F06D1FFE740F63E
:109260000010C0F23D00109017E040F60040C4F23C
:1092700002400068800300280BD5FFE70F98B0F18B
:10928000004F06D1FFE747F64000C0F27D10109076
:1092900002E000201090FFE7FFE7FFE702E0002078
:1092A0001090FFE700F0A4BC40F6E840C4F2024092
:1092B000006800F440700E9040F60040C4F2024096
:1092C00000688003002809D5FFE70E9830B9FFE752
:1092D00047F64000C0F27D1010901AE00E98B0F5ED
:1092E000807F06D1FFE717A8FDF796FB189810902E
:1092F0000EE00E98B0F5007F06D1FFE714A8FDF749
:1093000007FD1598109002E000201090FFE7FFE79E
:10931000FFE700F06DBC40F6E040C4F20240006898
:1093200000F007000E900E98039004286DD8039962
:10933000DFE801F003090F151B0017A8FDF76CFB10
:109340001898109064E014A8FDF7E2FC14981090AF
:109350005EE011A8FDF758FE1198109058E048F211
:109360000000C0F2BB00109052E040F6E840C4F2AA
:109370000240006800F040400F9040F60040C4F208
:10938000024000688007002811D5FFE70F9870B9E8
:10939000FFE740F60040C4F202400068C0F3C1019C
:1093A00049F20000C0F2D030C84010902CE040F6E6
:1093B0000040C4F202400068800500280BD5FFE79A
:1093C0000F98B0F1804F06D1FFE740F60010C0F2D1
:1093D0003D00109017E040F60040C4F202400068E3
:1093E000800300280BD5FFE70F98B0F1004F06D19E
:1093F000FFE747F64000C0F27D10109002E0002029
:109400001090FFE7FFE7FFE702E000201090FFE782
:1094100000F0EEBB40F6E040C4F20240006800F00D
:1094200038000E900E980290202800F27C8002995D
:10943000DFE801F011797979797979791779797992
:10944000797979791D79797979797979237979793E
:1094500079797979290017A8FDF7DEFA1898109024
:1094600064E014A8FDF754FC149810905EE011A875
:10947000FDF7CAFD1198109058E048F20000C0F2C4
:10948000BB00109052E040F6E840C4F20240006891
:1094900000F040400F9040F60040C4F202400068E7
:1094A0008007002811D5FFE70F9870B9FFE740F655
:1094B0000040C4F202400068C0F3C10149F200005C
:1094C000C0F2D030C84010902CE040F60040C4F20A
:1094D00002400068800500280BD5FFE70F98B0F127
:1094E000804F06D1FFE740F60010C0F23D0010901B
:1094F00017E040F60040C4F20240006880030028F4
:109500000BD5FFE70F98B0F1004F06D1FFE747F604
:109510004000C0F27D10109002E000201090FFE7A4
:10952000FFE7FFE702E000201090FFE760E340F66E
:10953000E040C4F20240006800F4E0700E900E9823
:10954000019088B1FFE70198402813D0FFE7019808
:10955000802815D0FFE70198C02817D0FFE70198B1
:10956000B0F5807F18D067E017A8FDF755FA189876
:10957000109064E014A8FDF7CBFB149810905EE007
:1095800011A8FDF741FD1198109058E048F2000035
:10959000C0F2BB00109052E040F6E840C4F2024036
:1095A000006800F040400F9040F60040C4F20240D6
:1095B00000688007002811D5FFE70F9870B9FFE712
:1095C00040F60040C4F202400068C0F3C10149F215
:1095D0000000C0F2D030C84010902CE040F60040AF
:1095E000C4F202400068800500280BD5FFE70F9801
:1095F000B0F1804F06D1FFE740F60010C0F23D0009
:10960000109017E040F60040C4F20240006880036A
:1096100000280BD5FFE70F98B0F1004F06D1FFE708
:1096200047F64000C0F27D10109002E0002010903C
:10963000FFE7FFE7FFE702E000201090FFE7D7E237
:1096400040F6E040C4F20240006800F460600E9012
:109650000E9820B9FFE702F0BFF9109073E040F6D2
:109660000040C4F202400068000100280BD5FFE76B
:109670000E98B0F5007F06D1FFE714A8FDF748FB70
:10968000159810905EE040F60040C4F20240006879
:10969000800000280BD5FFE70E98B0F5806F06D14B
:1096A000FFE711A8FDF7B0FC1298109049E040F6D2
:1096B0000040C4F2024000688007002813D5FFE78D
:1096C0000E98B0F5C06F0ED1FFE740F60040C4F22F
:1096D00002400068C0F3C10149F20000C0F2D0307E
:1096E000C84010902CE040F60040C4F202400068F0
:1096F000800500280BD5FFE70E98B0F5006F06D166
:10970000FFE740F60010C0F23D00109017E040F671
:109710000040C4F202400068800300280BD5FFE738
:109720000E98B0F5206F06D1FFE747F64000C0F273
:109730007D10109002E000201090FFE7FFE7FFE7A8
:10974000FFE7FFE7FFE753E240F6E040C4F20240E4
:10975000006800F4E0400E900E9820B9FFE702F098
:109760004FF9109073E040F60040C4F202400068E8
:10977000000100280BD5FFE70E98B0F5805F06D1F9
:10978000FFE714A8FDF7C4FA159810905EE040F6C4
:109790000040C4F202400068800000280BD5FFE7BB
:1097A0000E98B0F5005F06D1FFE711A8FDF72CFC7D
:1097B0001298109049E040F60040C4F20240006860
:1097C0008007002813D5FFE70E98B0F5405F0ED153
:1097D000FFE740F60040C4F202400068C0F3C10158
:1097E00049F20000C0F2D030C84010902CE040F6A2
:1097F0000040C4F202400068800500280BD5FFE756
:109800000E98B0F5804F06D1FFE740F60010C0F289
:109810003D00109017E040F60040C4F2024000689E
:10982000800300280BD5FFE70E98B0F5A04F06D1B6
:10983000FFE747F64000C0F27D10109002E00020E4
:109840001090FFE7FFE7FFE7FFE7FFE7FFE7CFE164
:1098500040F6E040C4F20240006800F460300E9030
:109860000E9820B9FFE702F0B7F8109073E040F6C9
:109870000040C4F202400068000100280BD5FFE759
:109880000E98B0F5004F06D1FFE714A8FDF740FA97
:10989000159810905EE040F60040C4F20240006867
:1098A000800000280BD5FFE70E98B0F5803F06D169
:1098B000FFE711A8FDF7A8FB1298109049E040F6C9
:1098C0000040C4F2024000688007002813D5FFE77B
:1098D0000E98B0F5C03F0ED1FFE740F60040C4F24D
:1098E00002400068C0F3C10149F20000C0F2D0306C
:1098F000C84010902CE040F60040C4F202400068DE
:10990000800500280BD5FFE70E98B0F5003F06D183
:10991000FFE740F60010C0F23D00109017E040F65F
:109920000040C4F202400068800300280BD5FFE726
:109930000E98B0F5203F06D1FFE747F64000C0F291
:109940007D10109002E000201090FFE7FFE7FFE796
:10995000FFE7FFE7FFE74BE140F6E440C4F20240D7
:10996000006800F003000E900E980090032864D861
:109970000099DFE801F002060C1201F0FFFF1090E1
:109980005EE017A8FDF748F81898109058E014A862
:10999000FDF7BEF91698109052E040F6E840C4F288
:1099A0000240006800F040400F9040F60040C4F2D2
:1099B000024000688007002811D5FFE70F9870B9B2
:1099C000FFE740F60040C4F202400068C0F3C10166
:1099D00049F20000C0F2D030C84010902CE040F6B0
:1099E0000040C4F202400068800500280BD5FFE764
:1099F0000F98B0F1804F06D1FFE740F60010C0F29B
:109A00003D00109017E040F60040C4F202400068AC
:109A1000800300280BD5FFE70F98B0F1004F06D167
:109A2000FFE747F64000C0F27D10109002E00020F2
:109A30001090FFE7FFE7FFE702E000201090FFE74C
:109A4000D6E040F6E840C4F20240006800F0C000F2
:109A50000E9040F6F040C4F20240006880070028F3
:109A600007D5FFE70E9820B9FFE74FF400401090AC
:109A700026E040F6F040C4F20240006800010028F1
:109A800008D5FFE70E98402804D1FFE74FF4FA40CD
:109A9000109014E040F60040C4F2024000688005D7
:109AA000002808D5FFE70E98802804D1FFE748F288
:109AB0001200109002E000201090FFE7FFE7FFE7A0
:109AC00096E040F6E840C4F20240006800F0300042
:109AD0000E9040F60040C4F2024000688004002866
:109AE00009D5FFE70E9830B9FFE746F60040C0F20F
:109AF000DC2010903AE040F60040C4F202400068DA
:109B0000800100280AD5FFE70E98102806D1FFE74C
:109B100017A8FCF781FF1898109026E040F6F04057
:109B2000C4F2024000688007002808D5FFE70E98BD
:109B3000202804D1FFE74FF40040109014E040F6D5
:109B4000F040C4F2024000680001002808D5FFE799
:109B50000E98302804D1FFE74FF4FA40109002E04D
:109B600000201090FFE7FFE7FFE7FFE740E040F647
:109B7000E440C4F20240006800F030000E900E98FD
:109B8000102806D1FFE717A8FCF746FF1898109099
:109B90002EE040F60040C4F2024000688000002839
:109BA0000AD5FFE70E98202806D1FFE711A8FDF798
:109BB0002BFA1298109016E040F60040C4F20240D2
:109BC0000068800400280AD5FFE70E98302806D1E7
:109BD000FFE746F60040C0F2DC20109002E00020D3
:109BE0001090FFE7FFE7FFE702E000201090FFE79B
:109BF000FFE710981CB080BD80B5ACB02B90002062
:109C00008DF8A3008DF8A2002B98C078C00760B132
:109C1000FFE740F6E841C4F20241086820F0404006
:109C20002B9A926D10430860FFE72B980068C007DD
:109C3000002837D0FFE72B98C06D2790052817D84C
:109C40002799DFE801F003040B12131414E02B989A
:109C5000083006F023FC8DF8A3000DE02B9830307F
:109C600006F0D2FC8DF8A30006E005E004E003E076
:109C700001208DF8A300FFE79DF8A30060B9FFE77E
:109C800040F6D841C4F20241086820F007002B9A40
:109C9000D26D1043086004E09DF8A3008DF8A20087
:109CA000FFE7FFE72B9800788007002840F14A8003
:109CB000FFE72B98006E2690282829D82699DFE800
:109CC00001F01527272727272727162727272727A4
:109CD00027271D2727272727272724272727272721
:109CE00027272527272727272727260014E02B9813
:109CF000083006F0D3FB8DF8A3000DE02B98303030
:109D000006F082FC8DF8A30006E005E004E003E025
:109D100001208DF8A300FFE79DF8A30060B9FFE7DD
:109D200040F6D841C4F20241086820F038002B9A6E
:109D3000126E1043086004E09DF8A3008DF8A200A5
:109D4000FFE7FFE72B9800784007002847D5FFE79B
:109D50002B98406E2590B0B1FFE72598402813D08E
:109D6000FFE72598802816D0FFE72598C02819D04E
:109D7000FFE72598B0F5807F15D0FFE72598B0F56F
:109D8000A07F11D011E014E02B98083006F086FB7C
:109D90008DF8A3000DE02B98303006F035FC8DF8DF
:109DA000A30006E005E004E003E001208DF8A30035
:109DB000FFE79DF8A30060B9FFE740F6D841C4F281
:109DC0000241086820F4E0702B9A526E104308603C
:109DD00004E09DF8A3008DF8A200FFE7FFE72B98B1
:109DE0000078000700284AD5FFE72B98806E249062
:109DF000C8B1FFE72498B0F5007F15D0FFE724989D
:109E0000B0F5806F17D0FFE72498B0F5C06F19D078
:109E1000FFE72498B0F5006F15D0FFE72498B0F560
:109E2000206F11D011E014E02B98083006F036FBBB
:109E30008DF8A3000DE02B98303006F0E5FB8DF88F
:109E4000A30006E005E004E003E001208DF8A30094
:109E5000FFE79DF8A30060B9FFE740F6D841C4F2E0
:109E60000241086820F460602B9A926E10430860EB
:109E700004E09DF8A3008DF8A200FFE7FFE72B9810
:109E80000078C00600284AD5FFE72B98C06E2390C3
:109E9000C8B1FFE72398B0F5805F15D0FFE723989E
:109EA000B0F5005F17D0FFE72398B0F5405F19D0F9
:109EB000FFE72398B0F5804F15D0FFE72398B0F562
:109EC000A04F11D011E014E02B98083006F0E6FA0C
:109ED0008DF8A3000DE02B98303006F095FB8DF83F
:109EE000A30006E005E004E003E001208DF8A300F4
:109EF000FFE79DF8A30060B9FFE740F6D841C4F240
:109F00000241086820F4E0402B9AD26E10430860AA
:109F100004E09DF8A3008DF8A200FFE7FFE72B986F
:109F20000078800600284AD5FFE72B98006F229022
:109F3000C8B1FFE72298B0F5004F15D0FFE722988F
:109F4000B0F5803F17D0FFE72298B0F5C03F19D099
:109F5000FFE72298B0F5003F15D0FFE72298B0F553
:109F6000203F11D011E014E02B98083006F096FA4B
:109F70008DF8A3000DE02B98303006F045FB8DF8EE
:109F8000A30006E005E004E003E001208DF8A30053
:109F9000FFE79DF8A30060B9FFE740F6D841C4F29F
:109FA0000241086820F460302B9A126F1043086059
:109FB00004E09DF8A3008DF8A200FFE7FFE72B98CF
:109FC0000078400600284AD5FFE72B98406F219083
:109FD000C8B1FFE72198B0F5802F15D0FFE7219891
:109FE000B0F5002F17D0FFE72198B0F5402F19D01A
:109FF000FFE72198B0F5801F15D0FFE72198B0F555
:10A00000A01F11D011E014E02B98083006F046FA9A
:10A010008DF8A3000DE02B98303006F0F5FA8DF89E
:10A02000A30006E005E004E003E001208DF8A300B2
:10A03000FFE79DF8A30060B9FFE740F6D841C4F2FE
:10A040000241086820F4E0102B9A526F1043086018
:10A0500004E09DF8A3008DF8A200FFE7FFE72B982E
:10A060000078000600284AD5FFE72B98806F2090E3
:10A07000C8B1FFE72098B0F5001F15D0FFE7209882
:10A08000B0F5800F17D0FFE72098B0F5C00F19D0BA
:10A09000FFE72098B0F5000F15D0FFE72098B0F546
:10A0A000200F11D011E014E02B98083006F0F6F9DB
:10A0B0008DF8A3000DE02B98303006F0A5FA8DF84E
:10A0C000A30006E005E004E003E001208DF8A30012
:10A0D000FFE79DF8A30060B9FFE740F6D841C4F25E
:10A0E0000241086820F460002B9A926F10430860C8
:10A0F00004E09DF8A3008DF8A200FFE7FFE72B988E
:10A100004078C00700284AD0FFE72B98C06F1F9007
:10A11000C8B1FFE71F98B0F1807F15D0FFE71F9807
:10A12000B0F1007F17D0FFE71F98B0F1407F19D042
:10A13000FFE71F98B0F1806F15D0FFE71F98B0F1CF
:10A14000A06F11D011E014E02B98083006F0A6F9AA
:10A150008DF8A3000DE02B98303006F055FA8DF8FD
:10A16000A30006E005E004E003E001208DF8A30071
:10A17000FFE79DF8A30060B9FFE740F6D841C4F2BD
:10A180000241086820F0E0602B9AD26F104308600B
:10A1900004E09DF8A3008DF8A200FFE7FFE72B98ED
:10A1A0004078800700284CD5FFE72B98D0F8800036
:10A1B0001E90C8B1FFE71E98B0F1006F15D0FFE701
:10A1C0001E98B0F1805F17D0FFE71E98B0F1C05F16
:10A1D00019D0FFE71E98B0F1005F15D0FFE71E9879
:10A1E000B0F1205F11D011E014E02B98083006F098
:10A1F00055F98DF8A3000DE02B98303006F004FAE5
:10A200008DF8A30006E005E004E003E001208DF8EE
:10A21000A300FFE79DF8A30068B9FFE740F6D84127
:10A22000C4F20241086820F060502B9AD2F88020D6
:10A230001043086004E09DF8A3008DF8A200FFE73A
:10A24000FFE72B9840784007002839D5FFE72B9887
:10A25000D0F884001D90052817D81D99DFE801F07B
:10A2600003040B12131414E02B98083006F016F9AF
:10A270008DF8A3000DE02B98303006F0C5F98DF86D
:10A28000A30006E005E004E003E001208DF8A30050
:10A29000FFE79DF8A30068B9FFE740F6DC41C4F290
:10A2A0000241086820F007002B9AD2F8842010435E
:10A2B000086004E09DF8A3008DF8A200FFE7FFE727
:10A2C0002B9840780007002847D5FFE72B98D0F857
:10A2D00088001C90A0B1FFE71C98102811D0FFE760
:10A2E0001C98202814D0FFE71C98302817D0FFE7CF
:10A2F0001C98402814D0FFE71C98502811D011E07A
:10A3000014E02B98083006F0C9F88DF8A3000DE092
:10A310002B98303006F078F98DF8A30006E005E0C0
:10A3200004E003E001208DF8A300FFE79DF8A300FF
:10A3300068B9FFE740F6DC41C4F20241086820F04A
:10A3400070002B9AD2F888201043086004E09DF832
:10A35000A3008DF8A200FFE7FFE72B984078C00626
:10A3600000284CD5FFE72B98D0F88C001B90C8B183
:10A37000FFE71B98B0F1807F15D0FFE71B98B0F185
:10A38000007F17D0FFE71B98B0F1407F19D0FFE79F
:10A390001B98B0F1806F15D0FFE71B98B0F1A06F4C
:10A3A00011D011E014E02B98083006F077F88DF802
:10A3B000A3000DE02B98303006F026F98DF8A300AD
:10A3C00006E005E004E003E001208DF8A300FFE7CC
:10A3D0009DF8A30068B9FFE740F6E041C4F20241EE
:10A3E000086820F0E0602B9AD2F88C2010430860B7
:10A3F00004E09DF8A3008DF8A200FFE7FFE72B988B
:10A400004078800600283AD5FFE72B98D0F89000D6
:10A410001A9078B1FFE71A98B0F5803F0BD0FFE7AC
:10A420001A98B0F5003F0DD0FFE71A98B0F5403FFD
:10A4300009D009E00CE02B98303006F0E5F88DF8F3
:10A44000A30005E004E003E001208DF8A300FFE78E
:10A450009DF8A30068B9FFE740F6E441C4F2024169
:10A46000086820F440302B9AD2F8902010430860FE
:10A4700004E09DF8A3008DF8A200FFE7FFE72B980A
:10A480004078400600283AD5FFE72B98D0F8940092
:10A49000199078B1FFE71998B0F5802F0BD0FFE73E
:10A4A0001998B0F5002F0DD0FFE71998B0F5402F9F
:10A4B00009D009E00CE02B98303006F0A5F88DF8B3
:10A4C000A30005E004E003E001208DF8A300FFE70E
:10A4D0009DF8A30068B9FFE740F6E441C4F20241E9
:10A4E000086820F440202B9AD2F89420104308608A
:10A4F00004E09DF8A3008DF8A200FFE7FFE72B988A
:10A500004078000600283AD5FFE72B98D0F898004D
:10A51000189078B1FFE71898B0F5801F0BD0FFE7CF
:10A520001898B0F5001F0DD0FFE71898B0F5401F40
:10A5300009D009E00CE02B98303006F065F88DF872
:10A54000A30005E004E003E001208DF8A300FFE78D
:10A550009DF8A30068B9FFE740F6E441C4F2024168
:10A56000086820F440102B9AD2F898201043086015
:10A5700004E09DF8A3008DF8A200FFE7FFE72B9809
:10A580004079400700283AD5FFE72B98D0F89C0087
:10A59000179078B1FFE71798B0F5800F0BD0FFE761
:10A5A0001798B0F5000F0DD0FFE71798B0F5400FE2
:10A5B00009D009E00CE02B98303006F025F88DF832
:10A5C000A30005E004E003E001208DF8A300FFE70D
:10A5D0009DF8A30068B9FFE740F6E441C4F20241E8
:10A5E000086820F440002B9AD2F89C2010430860A1
:10A5F00004E09DF8A3008DF8A200FFE7FFE72B9889
:10A600008078C007A0B3FFE72B98D0F8A000169081
:10A6100050B1FFE71698B0F1807F06D0FFE716989B
:10A62000B0F1007F08D008E00BE02B98303005F047
:10A63000EBFF8DF8A30004E003E001208DF8A300F8
:10A64000FFE79DF8A30068B9FFE740F6E441C4F2D4
:10A650000241086820F040702B9AD2F8A0201043E5
:10A66000086004E09DF8A3008DF8A200FFE7FFE773
:10A670002B9840790007002811D5FFE7FFE740F647
:10A680001C41C4F20241086820F4004008602B9885
:10A69000D0F80421086810430860FFE7FFE72B9813
:10A6A0008078800700284CD5FFE72B98D0F8A400CD
:10A6B0001590C8B1FFE71598B0F5807F15D0FFE77A
:10A6C0001598B0F5007F17D0FFE71598B0F5407FDB
:10A6D00019D0FFE71598B0F5806F15D0FFE71598F2
:10A6E000B0F5A06F11D011E014E02B98083005F000
:10A6F000D5FE8DF8A3000DE02B98303005F084FFD7
:10A700008DF8A30006E005E004E003E001208DF8E9
:10A71000A300FFE79DF8A30068B9FFE740F6DC411E
:10A72000C4F20241086820F4E0602B9AD2F8A42019
:10A730001043086004E09DF8A3008DF8A200FFE735
:10A74000FFE72B988078400700284CD5FFE72B982F
:10A75000D0F8A8001490C8B1FFE71498B0F5805F56
:10A7600015D0FFE71498B0F5005F17D0FFE71498F5
:10A77000B0F5405F19D0FFE71498B0F5804F15D0C1
:10A78000FFE71498B0F5A04F11D011E014E02B981A
:10A79000083005F083FE8DF8A3000DE02B983030D3
:10A7A00005F032FF8DF8A30006E005E004E003E0C9
:10A7B00001208DF8A300FFE79DF8A30068B9FFE72B
:10A7C00040F6DC41C4F20241086820F4E0402B9AD4
:10A7D000D2F8A8201043086004E09DF8A3008DF88B
:10A7E000A200FFE7FFE72B980079800600284CD5F0
:10A7F000FFE72B98D0F8AC001390C8B1FFE713988F
:10A80000B0F5803F15D0FFE71398B0F5003F17D0A3
:10A81000FFE71398B0F5403F19D0FFE71398B0F564
:10A82000802F15D0FFE71398B0F5A02F11D011E0BD
:10A8300014E02B98083005F031FE8DF8A3000DE0F0
:10A840002B98303005F0E0FE8DF8A30006E005E01F
:10A8500004E003E001208DF8A300FFE79DF8A300CA
:10A8600068B9FFE740F6DC41C4F20241086820F411
:10A87000E0202B9AD2F8AC201043086004E09DF849
:10A88000A3008DF8A200FFE7FFE72B9800794006B0
:10A8900000284CD5FFE72B98D0F8B0001290C8B133
:10A8A000FFE71298B0F5801F15D0FFE71298B0F5BA
:10A8B000001F17D0FFE71298B0F5401F19D0FFE72F
:10A8C0001298B0F5800F15D0FFE71298B0F5A00FE1
:10A8D00011D011E014E02B98083005F0DFFD8DF861
:10A8E000A3000DE02B98303005F08EFE8DF8A3000C
:10A8F00006E005E004E003E001208DF8A300FFE797
:10A900009DF8A30068B9FFE740F6DC41C4F20241BC
:10A91000086820F4E0002B9AD2F8B02010430860B9
:10A9200004E09DF8A3008DF8A200FFE7FFE72B9855
:10A930000079000600284CD5FFE72B98D0F8B4002A
:10A940001190C8B1FFE71198B0F1807F15D0FFE7F3
:10A950001198B0F1007F17D0FFE71198B0F1407F58
:10A9600019D0FFE71198B0F1806F15D0FFE711986B
:10A97000B0F1A06F11D011E014E02B98083005F071
:10A980008DFD8DF8A3000DE02B98303005F03CFED6
:10A990008DF8A30006E005E004E003E001208DF857
:10A9A000A300FFE79DF8A30068B9FFE740F6DC418C
:10A9B000C4F20241086820F0E0602B9AD2F8B4207B
:10A9C0001043086004E09DF8A3008DF8A200FFE7A3
:10A9D000FFE72B984079C00700284CD0FFE72B9861
:10A9E000D0F8B8001090C8B1FFE71098B0F1805FC0
:10A9F00015D0FFE71098B0F1005F17D0FFE710986F
:10AA0000B0F1405F19D0FFE71098B0F1804F15D03A
:10AA1000FFE71098B0F1A04F11D011E014E02B988F
:10AA2000083005F03BFD8DF8A3000DE02B98303089
:10AA300005F0EAFD8DF8A30006E005E004E003E080
:10AA400001208DF8A300FFE79DF8A30068B9FFE798
:10AA500040F6DC41C4F20241086820F0E0402B9A45
:10AA6000D2F8B8201043086004E09DF8A3008DF8E8
:10AA7000A200FFE7FFE72B988078000700284ED55B
:10AA8000FFE72B98D0F8C0000F90A0B1FFE70F9818
:10AA9000B0F5803F18D0FFE70F98B0F5003F1AD00F
:10AAA000FFE70F98B0F5403F1CD0FFE70F98B0F5D7
:10AAB000802F18D018E040F62841C4F202410868FF
:10AAC00040F40030086013E02B98083005F0E6FCF5
:10AAD0008DF8A3000CE02B98303005F095FD8DF833
:10AAE000A30005E004E003E001208DF8A300FFE7E8
:10AAF0009DF8A30068B9FFE740F6E841C4F20241BF
:10AB0000086820F4E0202B9AD2F8C0201043086097
:10AB100004E09DF8A3008DF8A200FFE7FFE72B9863
:10AB20008078C00600284DD5FFE72B98D0F8C400E8
:10AB30000E90A0B1FFE70E98B0F5002F18D0FFE7F8
:10AB40000E98B0F5801F1AD0FFE70E98B0F5C01F21
:10AB50001CD0FFE70E98B0F5001F17D017E040F6A5
:10AB60002841C4F20241086840F40030086012E055
:10AB70002B98083005F092FC8DF8A3000BE02B9881
:10AB8000303005F041FD8DF8A30004E003E0012022
:10AB90008DF8A300FFE79DF8A30068B9FFE740F632
:10ABA000E841C4F20241086820F460102B9AD2F800
:10ABB000C4201043086004E09DF8A3008DF8A200B3
:10ABC000FFE7FFE72B9880788006002834D5FFE761
:10ABD0002B98D0F8D4000D90022809D3FFE70D98E8
:10ABE000022806D0FFE70D980338032808D308E0B1
:10ABF0000BE02B98083005F051FC8DF8A30004E021
:10AC000003E001208DF8A300FFE79DF8A30068B9D9
:10AC1000FFE740F6E841C4F20241086820F007006F
:10AC20002B9AD2F8D4201043086004E09DF8A300CA
:10AC30008DF8A200FFE7FFE72B98407980070028F6
:10AC400027D5FFE72B98D0F8D8000C9020B1FFE76C
:10AC50000C98082801D001E004E003E001208DF801
:10AC6000A300FFE79DF8A30068B9FFE740F6E841BD
:10AC7000C4F20241086820F008002B9AD2F8D820CC
:10AC80001043086004E09DF8A3008DF8A200FFE7E0
:10AC9000FFE72B98C0788007002840F1B580FFE7D8
:10ACA00040F62401C4F20241086840F00100086047
:10ACB000FBF7DAFC2990FFE740F62400C4F20240DB
:10ACC0000068C00760B9FFE7FBF7CEFC2999401A7E
:10ACD000032804D3FFE703208DF8A30000E0EBE78F
:10ACE0009DF8A300002840F08980FFE740F6F0407F
:10ACF000C4F20240006800F440702A902A98D0B153
:10AD0000FFE72A982B99D1F8F810884213D0FFE773
:10AD100040F6F041C4F20241086820F440702A90E5
:10AD2000086840F480300860086820F480300860CB
:10AD30002A980860FFE79DF8A800C007E0B1FFE788
:10AD4000FBF792FC2990FFE740F6F040C4F2024086
:10AD50000068800700280ED4FFE7FBF785FC2999DF
:10AD6000401A41F28931884204D3FFE703208DF86D
:10AD7000A30000E0E8E7FFE79DF8A300C0BBFFE702
:10AD8000FFE72B98D0F8F80000F44070B0F5407F52
:10AD900013D1FFE740F61C41C4F20241086820F4D9
:10ADA0007C502B9AD2F8F8204FF6F043C0F6FF7390
:10ADB0001A4040EA1210086008E040F61C41C4F254
:10ADC0000241086820F47C500860FFE740F6F0413B
:10ADD000C4F20241086820F4407008602B98D0F853
:10ADE000F8206FF31F32086810430860FFE704E0A3
:10ADF0009DF8A3008DF8A200FFE704E09DF8A300F2
:10AE00008DF8A200FFE7FFE72B98C07840070028E5
:10AE100039D5FFE72B98D0F8C8000B9060B1FFE759
:10AE20000B98102809D0FFE70B9820280ED0FFE7D9
:10AE30000B9830280BD00BE00EE040F62841C4F20E
:10AE40000241086840F40030086005E004E003E0D7
:10AE500001208DF8A300FFE79DF8A30068B9FFE784
:10AE600040F6E841C4F20241086820F030002B9A15
:10AE7000D2F8C8201043086004E09DF8A3008DF8C4
:10AE8000A200FFE7FFE72B9880784006002835D521
:10AE9000FFE72B98D0F8CC000A9020B1FFE70A9882
:10AEA000402809D00FE040F62841C4F2024108686A
:10AEB00040F4003008600AE02B98083005F0EEFA04
:10AEC0008DF8A30003E001208DF8A300FFE79DF8B3
:10AED000A30068B9FFE740F6E441C4F20241086804
:10AEE00020F040002B9AD2F8CC201043086004E0F8
:10AEF0009DF8A3008DF8A200FFE7FFE72B9880786C
:10AF00000006002835D5FFE72B98D0F8D00009902F
:10AF100020B1FFE70998802809D00FE040F62841CA
:10AF2000C4F20241086840F4003008600AE02B983F
:10AF3000083005F0B3FA8DF8A30003E001208DF886
:10AF4000A300FFE79DF8A30068B9FFE740F6E441DE
:10AF5000C4F20241086820F080002B9AD2F8D02079
:10AF60001043086004E09DF8A3008DF8A200FFE7FD
:10AF7000FFE72B98C0780007002840D5FFE72B9803
:10AF8000D0F8E000089004281ED80899DFE801F006
:10AF9000030C131A1B0040F62841C4F20241086852
:10AFA00040F40030086013E02B98083005F076FA82
:10AFB0008DF8A3000CE02B98303005F025FB8DF8C0
:10AFC000A30005E004E003E001208DF8A300FFE703
:10AFD0009DF8A30068B9FFE740F6E041C4F20241E2
:10AFE000086820F007002B9AD2F8E0201043086090
:10AFF00004E09DF8A3008DF8A200FFE7FFE72B987F
:10B00000C078C006002840F14F80FFE72B98D0F8A9
:10B01000E400079020282CD80799DFE801F0112AD6
:10B020002A2A2A2A2A2A1A2A2A2A2A2A2A2A212A99
:10B030002A2A2A2A2A2A282A2A2A2A2A2A2A29009D
:10B0400040F62841C4F20241086840F4003008602C
:10B0500013E02B98083005F021FA8DF8A3000CE0DE
:10B060002B98303005F0D0FA8DF8A30005E004E00D
:10B0700003E001208DF8A300FFE79DF8A30068B965
:10B08000FFE740F6E041C4F20241086820F03800D2
:10B090002B9AD2F8E4201043086004E09DF8A30046
:10B0A0008DF8A200FFE7FFE72B98C0788006002804
:10B0B0004BD5FFE72B98D0F8E800069088B1FFE762
:10B0C0000698402816D0FFE70698802819D0FFE799
:10B0D0000698C0281CD0FFE70698B0F5807F18D0EE
:10B0E00018E040F62841C4F20241086840F40030FC
:10B0F000086013E02B98083005F0D0F98DF8A30014
:10B100000CE02B98303005F07FFA8DF8A30005E0B5
:10B1100004E003E001208DF8A300FFE79DF8A30001
:10B1200068B9FFE740F6E041C4F20241086820F444
:10B13000E0702B9AD2F8E8201043086004E09DF8F4
:10B14000A3008DF8A200FFE7FFE72B98C078400628
:10B1500000284CD5FFE72B98D0F8EC000590C8B13B
:10B16000FFE70598B0F5007F15D0FFE70598B0F52B
:10B17000806F17D0FFE70598B0F5C06F19D0FFE7D3
:10B180000598B0F5006F15D0FFE70598B0F5206F72
:10B1900011D011E014E02B98083005F07FF98DF8FC
:10B1A000A3000DE02B98303005F02EFA8DF8A300A7
:10B1B00006E005E004E003E001208DF8A300FFE7CE
:10B1C0009DF8A30068B9FFE740F6E041C4F20241F0
:10B1D000086820F460602B9AD2F8EC2010430860D5
:10B1E00004E09DF8A3008DF8A200FFE7FFE72B988D
:10B1F000C078000600284CD5FFE72B98D0F8F00067
:10B200000490C8B1FFE70498B0F5805F15D0FFE760
:10B210000498B0F5005F17D0FFE70498B0F5405FE1
:10B2200019D0FFE70498B0F5804F15D0FFE70498D8
:10B23000B0F5A04F11D011E014E02B98083005F0C4
:10B240002DF98DF8A3000DE02B98303005F0DCF9D6
:10B250008DF8A30006E005E004E003E001208DF88E
:10B26000A300FFE79DF8A30068B9FFE740F6E041BF
:10B27000C4F20241086820F4E0402B9AD2F8F02092
:10B280001043086004E09DF8A3008DF8A200FFE7DA
:10B29000FFE72B980079C00700284CD0FFE72B98D8
:10B2A000D0F8F4000390C8B1FFE70398B0F5004F61
:10B2B00015D0FFE70398B0F5803F17D0FFE703985C
:10B2C000B0F5C03F19D0FFE70398B0F5003F15D0A7
:10B2D000FFE70398B0F5203F11D011E014E02B9860
:10B2E000083005F0DBF88DF8A3000DE02B98303026
:10B2F00005F08AF98DF8A30006E005E004E003E01C
:10B3000001208DF8A300FFE79DF8A30068B9FFE7CF
:10B3100040F6E041C4F20241086820F460302B9A04
:10B32000D2F8F4201043086004E09DF8A3008DF8E3
:10B33000A200FFE7FFE72B9800798007002838D5A7
:10B34000FFE72B98D0F8DC000290032816D802996A
:10B35000DFE801F002030C1314E040F62841C4F2C8
:10B360000241086840F4003008600BE02B98083078
:10B3700005F094F88DF8A30004E003E001208DF8B7
:10B38000A300FFE79DF8A30068B9FFE740F6E4419A
:10B39000C4F20241086820F003002B9AD2F8DC20A6
:10B3A0001043086004E09DF8A3008DF8A200FFE7B9
:10B3B000FFE72B980079400700283CD5FFE72B9842
:10B3C000D0F8BC00019050B1FFE70198B0F5807F44
:10B3D00006D0FFE70198B0F5007F0AD010E013E037
:10B3E00040F62841C4F20241086840F40030086089
:10B3F0000AE02B98083005F051F88DF8A30003E01F
:10B4000001208DF8A300FFE79DF8A30068B9FFE7CE
:10B4100040F6E841C4F20241086820F440702B9ADB
:10B42000D2F8BC201043086004E09DF8A3008DF81A
:10B43000A200FFE7FFE72B980079C00600283BD564
:10B44000FFE72B98D0F800010090102808D0FFE704
:10B45000009820280DD0FFE70098302810D010E089
:10B4600040F62841C4F20241086840F40030086008
:10B470000BE02B98303005F0C7F88DF8A30004E0FE
:10B4800003E001208DF8A300FFE79DF8A30068B951
:10B49000FFE740F6E441C4F20241086820F03000C2
:10B4A0002B9AD2F800211043086004E09DF8A30015
:10B4B0008DF8A200FFE7FFE72B980079000700282E
:10B4C0000DD5FFE740F6E841C4F20241086820F0DC
:10B4D000C0002B9AD2F8FC2010430860FFE79DF8CB
:10B4E000A2002CB080BD000080B586B0049003910E
:10B4F000049820B9FFE701208DF817003AE203987D
:10B5000042F20001C4F20201096801F00F01884211
:10B5100016D9FFE742F20000C4F20200016821F0F0
:10B520000F01039A11430160006800F00F000399B6
:10B53000884204D0FFE701208DF817001AE2FFE7E8
:10B5400004980078C00600281BD5FFE704984069DE
:10B5500040F62041C4F20241096801F4E041B0EB39
:10B56000112F0DD9FFE740F62041C4F202410868CF
:10B5700020F4E040049A526940EA02200860FFE7A4
:10B58000FFE704980078000700281BD5FFE7049820
:10B59000006940F62041C4F20241096801F4E0610B
:10B5A000B0EB111F0DD9FFE740F62041C4F2024174
:10B5B000086820F4E060049A126940EA021008600A
:10B5C000FFE7FFE7049800784007002819D5FFE758
:10B5D0000498C06840F62041C4F20241096801F0B5
:10B5E000700188420CD9FFE740F62041C4F20241C5
:10B5F000086820F07000049AD26810430860FFE7E2
:10B60000FFE7049800788007002819D5FFE7049821
:10B61000806840F62041C4F20241096801F00F0140
:10B6200088420CD9FFE740F62041C4F20241086885
:10B6300020F00F00049A926810430860FFE7FFE7CC
:10B6400004980078C007002800F0D180FFE7049834
:10B65000406803280ED1FFE740F60040C4F20240E4
:10B6600000688001002804D4FFE701208DF817004E
:10B6700080E135E00498406802280ED1FFE740F6EB
:10B680000040C4F2024000688003002804D4FFE7B1
:10B6900001208DF817006DE121E004984068012831
:10B6A0000ED1FFE740F60040C4F20240006880057A
:10B6B000002804D4FFE701208DF817005AE10DE0BF
:10B6C00040F60040C4F2024000688007002804D41D
:10B6D000FFE701208DF817004CE1FFE7FFE7FFE7E8
:10B6E00040F61C41C4F20241086820F00300049AAD
:10B6F000526810430860FAF7B7FF01900498406859
:10B7000003281AD1FFE7FFE740F61C40C4F20240CD
:10B71000006800F0180018280ED0FFE7FAF7A4FF21
:10B720000199401A41F28931884204D3FFE703208E
:10B730008DF817001EE1E7E758E0049840680228FA
:10B740001AD1FFE7FFE740F61C40C4F20240006850
:10B7500000F0180010280ED0FFE7FAF785FF0199D6
:10B76000401A41F28931884204D3FFE703208DF863
:10B770001700FFE0E7E738E00498406801281AD195
:10B78000FFE7FFE740F61C40C4F20240006800F00B
:10B79000180008280ED0FFE7FAF766FF0199401A53
:10B7A00041F28931884204D3FFE703208DF8170066
:10B7B000E0E0E7E718E0FFE740F61C40C4F2024093
:10B7C000006810F0180F0ED0FFE7FAF74DFF01994F
:10B7D000401A41F28931884204D3FFE703208DF8F3
:10B7E0001700C7E0E8E7FFE7FFE7FFE7FFE7049898
:10B7F00000788007002819D5FFE70498806840F694
:10B800002041C4F20241096801F00F0188420CD2C4
:10B81000FFE740F62041C4F20241086820F00F0023
:10B82000049A926810430860FFE7FFE7039842F22A
:10B830000001C4F20201096801F00F01884216D22A
:10B84000FFE742F20000C4F20200016821F00F019C
:10B85000039A11430160006800F00F0003998842C9
:10B8600004D0FFE701208DF8170083E0FFE704987C
:10B8700000784007002819D5FFE70498C06840F613
:10B880002041C4F20241096801F0700188420CD2E3
:10B89000FFE740F62041C4F20241086820F0700042
:10B8A000049AD26810430860FFE7FFE70498007825
:10B8B000000700281BD5FFE70498006940F62041E7
:10B8C000C4F20241096801F4E061B0EB111F0DD22E
:10B8D000FFE740F62041C4F20241086820F4E0602E
:10B8E000049A126940EA02100860FFE7FFE7049833
:10B8F0000078C00600281BD5FFE70498406940F691
:10B900002041C4F20241096801F4E041B0EB112F7B
:10B910000DD2FFE740F62041C4F20241086820F44E
:10B92000E040049A526940EA02200860FFE7FFE71E
:10B9300000F07AF840F62041C4F20241096801F0B3
:10B940000F0244F6C421C0F60101895CC84040F2F0
:10B950002001C2F20001086040F29820C2F200000B
:10B960000068FAF7EFFE8DF80B009DF80B008DF8DC
:10B970001700FFE79DF8170006B080BD80B500F006
:10B9800053F840F62041C4F20241096801F00F0269
:10B9900044F6C421C0F60101895C01F01F0120FAC0
:10B9A00001F140F22000C2F200000160006880BD99
:10B9B00080B5FFF7E3FF40F62041C4F20241096879
:10B9C000C1F3021244F6D421C0F60101895C01F0F2
:10B9D0001F01C84080BD000080B5FFF7CFFF40F6D3
:10B9E0002041C4F202410968C1F3022244F6D42185
:10B9F000C0F60101895C01F01F01C84080BD000054
:10BA000080B5FFF7BBFF40F62041C4F20241096850
:10BA1000C1F3023244F6D421C0F60101895C01F081
:10BA20001F01C84080BD000089B040F61C40C4F230
:10BA30000240006800F01800082806D1FFE740F631
:10BA40000010C0F23D00049048E140F61C40C4F2F2
:10BA50000240006810F0180F21D1FFE740F60040C7
:10BA6000C4F20240006800F020010020B0EB511F3A
:10BA70000ED0FFE740F60040C4F202400068C0F379
:10BA8000C10149F20000C0F2D030C840049005E086
:10BA900049F20000C0F2D0300490FFE71DE140F60B
:10BAA0001C40C4F20240006800F01800102806D1C3
:10BAB000FFE747F64000C0F27D1004900CE140F62D
:10BAC0001C40C4F20240006800F01800182840F042
:10BAD000FC80FFE740F62840C4F20240016801F014
:10BAE000030108910168C1F3052106910068C0F3C4
:10BAF00000100590059840F63841C4F202410968EB
:10BB000089B2C90800FB01F000EE100AB8EE400A45
:10BB10008DED020A0698002800F0D380FFE7089810
:10BB20000090012809D0FFE70098022800F08D80DE
:10BB3000FFE70098032864D088E040F60040C4F294
:10BB40000240006800F020010020B0EB511F33D00C
:10BB5000FFE740F60040C4F202400068C0F3C101B4
:10BB600049F20000C0F2D030C84003909DED030AB6
:10BB7000B8EE400A9DED061AB8EE411A80EE010AB1
:10BB800040F63440C4F2024000686FF35F2001EEDB
:10BB9000100AB8EE411A9DED022A9FED533A22EEAB
:10BBA000032A31EE021AB7EE002A31EE021A20EE15
:10BBB000010A8DED010A23E09DED060AB8EE401A58
:10BBC0009FED4A0A80EE010A40F63440C4F202407A
:10BBD00000686FF35F2001EE100AB8EE411A9DED88
:10BBE000022A9FED413A22EE032A31EE021AB7EE05
:10BBF000002A31EE021A20EE010A8DED010AFFE75C
:10BC000048E09DED060AB8EE401A9FED360A80EE38
:10BC1000010A40F63440C4F2024000686FF35F202E
:10BC200001EE100AB8EE411A9DED022A9FED2E3A60
:10BC300022EE032A31EE021AB7EE002A31EE021A82
:10BC400020EE010A8DED010A24E0FFE79DED060AD2
:10BC5000B8EE401A9FED260A80EE010A40F6344005
:10BC6000C4F2024000686FF35F2001EE100AB8EEE4
:10BC7000411A9DED022A9FED1C3A22EE032A31EE75
:10BC8000021AB7EE002A31EE021A20EE010A8DEDFB
:10BC9000010AFFE740F63440C4F20240006881B276
:10BCA000012000EB512007909DED010A9DED071A40
:10BCB000B8EE411A80EE010ABCEEC00A8DED040A0E
:10BCC00002E000200490FFE705E049F20000C0F226
:10BCD000D0300490FFE7FFE7FFE7FFE7049809B0E3
:10BCE000704700BF20BCBE4B000000390024744CDC
:10BCF0000024744A80B588B00690069828B9FFE7FA
:10BD000001208DF81F0000F0EFBC40F61C40C4F28B
:10BD10000240006800F01800049040F62840C4F289
:10BD20000240006800F00300039006980078C00607
:10BD3000002840F18080FFE70498082808D0FFE73A
:10BD4000049818281DD1FFE70398022819D1FFE7AE
:10BD50000698C06928B9FFE701208DF81F0000F0A0
:10BD6000C3BCFFE740F61841C4F20241086820F462
:10BD70007C10069A126A40EA02400860FFE7FFE77B
:10BD800058E00698C06988B3FFE740F60041C4F266
:10BD90000241086840F480700860FAF765FC05907D
:10BDA000FFE740F60040C4F202400068800500282A
:10BDB0000DD4FFE7FAF758FC0599401A032805D37C
:10BDC000FFE703208DF81F0000F08EBCE9E7FFE7D6
:10BDD00040F61841C4F20241086820F47C10069A2B
:10BDE000126A40EA02400860FFE722E040F60041A4
:10BDF000C4F20241086820F480700860FAF734FC4D
:10BE00000590FFE740F60040C4F20240006880055C
:10BE100000280DD5FFE7FAF727FC0599401A0328FB
:10BE200005D3FFE703208DF81F0000F05DBCE9E7B4
:10BE3000FFE7FFE7FFE706980078C007002800F05B
:10BE4000B980FFE70498102808D0FFE70498182865
:10BE50000ED1FFE7039803280AD1FFE70698406850
:10BE600028B9FFE701208DF81F0000F03DBCA0E0DD
:10BE7000FFE706984068B0F5803F09D1FFE740F63C
:10BE80000041C4F20241086840F48030086056E086
:10BE90000698406888B9FFE740F60041C4F20241C5
:10BEA000086820F480300860086820F4801008607A
:10BEB000086820F48020086040E006984068B0F5EB
:10BEC000A02F11D1FFE740F60041C4F202410868FB
:10BED00040F480200860086820F48010086008683A
:10BEE00040F48030086028E006984068B0F5A81F4C
:10BEF00011D1FFE740F60041C4F20241086840F466
:10BF000080200860086840F480100860086840F4E9
:10BF10008030086010E040F60041C4F20241086839
:10BF200020F480300860086820F4802008600868E9
:10BF300020F480100860FFE7FFE7FFE7FFE7FFE777
:10BF400006984068D0B1FFE7FAF78EFB0590FFE74F
:10BF500040F60040C4F202400068800300280CD480
:10BF6000FFE7FAF781FB0599401A652804D3FFE73C
:10BF700003208DF81F00B7E3EAE719E0FAF774FB36
:10BF80000590FFE740F60040C4F2024000688003DD
:10BF900000280CD5FFE7FAF767FB0599401A6528DA
:10BFA00004D3FFE703208DF81F009DE3EAE7FFE7D6
:10BFB000FFE7FFE7069800788007002840F1C3807C
:10BFC000FFE7049840B1FFE7049818285ED1FFE727
:10BFD000039801285AD1FFE70698C06820B9FFE707
:10BFE00001208DF81F007FE3049840BBFFE740F677
:10BFF0000040C4F20240006800F018000699096988
:10C0000088421BD0FFE740F60041C4F202410868B5
:10C0100020F01800069A126910430860FFF7AEFC82
:10C0200040F29820C2F200000068FAF78BFB20B1C2
:10C03000FFE701208DF81F0056E3FFE7FFE7FAF75F
:10C0400013FB0590FFE740F60040C4F20240006891
:10C05000800700280CD4FFE7FAF706FB0599401A81
:10C06000032804D3FFE703208DF81F003CE3EAE731
:10C0700040F61041C4F20241086820F4FE00069A1E
:10C08000526940EA02400860FFE75BE00698C0683A
:10C09000A8B3FFE740F60041C4F20241086820F06F
:10C0A0001800069A126910430860086840F0010001
:10C0B0000860FAF7D9FA0590FFE740F60040C4F2AD
:10C0C00002400068800700280CD4FFE7FAF7CCFA9A
:10C0D0000599401A032804D3FFE703208DF81F00B9
:10C0E00002E3EAE740F61041C4F20241086820F496
:10C0F000FE00069A526940EA0240086021E040F6DC
:10C100000041C4F20241086820F001000860FAF71B
:10C11000ABFA0590FFE740F60040C4F20240006829
:10C12000800700280CD5FFE7FAF79EFA0599401A18
:10C13000032804D3FFE703208DF81F00D4E2EAE7C9
:10C14000FFE7FFE7FFE7069800780007002849D5DA
:10C15000FFE70698806910B3FFE740F6F041C4F2AC
:10C160000241086840F080600860FAF77DFA0590A7
:10C17000FFE740F6F040C4F20240006800010028EA
:10C180000CD4FFE7FAF770FA0599401A032804D394
:10C19000FFE703208DF81F00A6E2EAE721E040F662
:10C1A000F041C4F20241086820F080600860FAF7AC
:10C1B0005BFA0590FFE740F6F040C4F202400068E9
:10C1C000000100280CD5FFE7FAF74EFA0599401A4E
:10C1D000032804D3FFE703208DF81F0084E2EAE779
:10C1E000FFE7FFE7069800784007002840F1CC8081
:10C1F000FFE740F62400C4F202400068C00708BB15
:10C20000FFE740F62401C4F20241086840F0010053
:10C210000860FAF729FA0590FFE740F62400C4F217
:10C2200002400068C00760B9FFE7FAF71DFA0599F8
:10C23000401A032804D3FFE703208DF81F0053E2C0
:10C24000EBE7FFE7FFE706988068012809D1FFE7E1
:10C2500040F6F041C4F20241086840F00100086075
:10C2600054E00698806888B9FFE740F6F041C4F2D0
:10C270000241086820F001000860086820F0800092
:10C280000860086820F0040008603EE006988068B6
:10C29000052811D1FFE740F6F041C4F202410868D9
:10C2A00040F004000860086820F08000086008681A
:10C2B00040F00100086027E006988068852811D1C9
:10C2C000FFE740F6F041C4F20241086840F0040084
:10C2D0000860086840F080000860086840F00100CD
:10C2E000086010E040F6F041C4F20241086820F016
:10C2F00001000860086820F004000860086820F069
:10C3000080000860FFE7FFE7FFE7FFE7FFE7069829
:10C310008068E0B1FFE7FAF7A7F90590FFE740F67C
:10C32000F040C4F202400068800700280ED4FFE706
:10C33000FAF79AF90599401A41F28931884204D3F3
:10C34000FFE703208DF81F00CEE1E8E71BE0FAF7D6
:10C350008BF90590FFE740F6F040C4F20240006818
:10C36000800700280ED5FFE7FAF77EF90599401AF5
:10C3700041F28931884204D3FFE703208DF81F0082
:10C38000B2E1E8E7FFE7FFE70698007880060028BB
:10C3900049D5FFE70698406A10B3FFE740F6004131
:10C3A000C4F20241086840F480500860FAF75CF972
:10C3B0000590FFE740F60040C4F2024000688004A8
:10C3C00000280CD4FFE7FAF74FF90599401A032823
:10C3D00004D3FFE703208DF81F0085E1EAE721E0A1
:10C3E00040F60041C4F20241086820F48050086021
:10C3F000FAF73AF90590FFE740F60040C4F2024030
:10C400000068800400280CD5FFE7FAF72DF905999C
:10C41000401A032804D3FFE703208DF81F0063E1CF
:10C42000EAE7FFE7FFE70698806A002800F05881F6
:10C43000FFE70498182800F0D580FFE70698806A87
:10C44000022840F0A180FFE740F60041C4F202411B
:10C45000086820F080700860FAF706F90590FFE799
:10C4600040F60040C4F202400068800100280CD56C
:10C47000FFE7FAF7F9F80599401A032804D3FFE714
:10C4800003208DF81F002FE1EAE7FFE740F628417F
:10C49000C4F20241086843F603729043069BDA6ACD
:10C4A0001B6B42EA0322104308600699486BD1F8DF
:10C4B00038C0CB6B0A6C01386FF35F204FF6006118
:10C4C000CFF6FF7101EB4C2189B208440021CFF671
:10C4D000FF7101EB034101F4FE0108444FF07F417D
:10C4E00001EB026101F0FE41084440F63441C4F220
:10C4F00002410860FFE740F62841C4F20241009182
:10C50000086820F0100008600698C06CC00040F673
:10C510003842C4F202421060086840F0100008601F
:10C52000086820F00C00069A526C104308600868F6
:10C5300020F02000069A926C10430860086840F4CE
:10C540008030086040F60041C4F20241086840F0C3
:10C5500080700860FAF788F80590FFE740F6004021
:10C56000C4F202400068800100280CD4FFE7FAF70B
:10C570007BF80599401A032804D3FFE703208DF8C0
:10C580001F00B1E0EAE72CE040F60041C4F20241AE
:10C59000086820F080700860FAF766F80590FFE7F9
:10C5A00040F60040C4F202400068800100280CD52B
:10C5B000FFE7FAF759F80599401A032804D3FFE773
:10C5C00003208DF81F008FE0EAE740F62841C4F20F
:10C5D000024108684FF6FC72CFF6F872104008600E
:10C5E000FFE77CE040F62840C4F202400068029079
:10C5F00040F63440C4F20240006801900698806A18
:10C60000012837D0FFE7029800F003000699C96AB5
:10C6100088422FD1FFE7029800F47C510698006B06
:10C62000B0EB112F26D1FFE701986FF35F20069939
:10C63000496B013988421DD1FFE7BDF80410069807
:10C64000806B0138B0EB512F14D1FFE7019800F453
:10C65000FE010698C06B0138B0EB114F0AD1FFE71D
:10C66000019800F0FE410698006C0138B0EB116FA4
:10C6700004D0FFE701208DF81F0035E040F6384078
:10C68000C4F20240006881B20698C06CB0EBD10FD2
:10C6900024D0FFE740F62841C4F20241086820F0A8
:10C6A00010000860F9F7E0FF0590FFE7F9F7DCFFFD
:10C6B0000599401A08B9FFE7F8E70698C06CC00072
:10C6C00040F63841C4F20241086040F62841C4F205
:10C6D0000241086840F010000860FFE7FFE7FFE74D
:10C6E00000208DF81F00FFE79DF81F0008B080BDF7
:10C6F00080B586B00490049820B9FFE701208DF83A
:10C700001700B5E10498006844F60041C4F2010145
:10C7100088422DD0FFE70498006844F60041C5F236
:10C720000101884224D0FFE70498006842F200012A
:10C73000C4F2004188421BD0FFE70498006842F22F
:10C740000001C5F20041884212D0FFE7049800685A
:10C7500045F20001C4F20101884209D0FFE70498C4
:10C76000006845F20001C5F20101884201D1FFE7EE
:10C7700000E0FFE70498406A08B9FFE7FFE7049983
:10C78000002088620498006844F60041C4F2010168
:10C7900088422DD0FFE70498006844F60041C5F2B6
:10C7A0000101884224D0FFE70498006842F20001AA
:10C7B000C4F2004188421BD0FFE70498006842F2AF
:10C7C0000001C5F20041884212D0FFE704980068DA
:10C7D00045F20001C4F20101884209D0FFE7049844
:10C7E000006845F20001C5F20101884209D1FFE766
:10C7F0000498C068102804D3FFE701208DF81700C3
:10C8000036E1049804F0FEF902900498006844F6BA
:10C810000041C4F2010188422DD0FFE7049800686E
:10C8200044F60041C5F20101884224D0FFE7049894
:10C83000006842F20001C4F2004188421BD0FFE7C9
:10C840000498006842F20001C5F20041884212D00B
:10C85000FFE70498006845F20001C4F20101884234
:10C8600009D0FFE70498006845F20001C5F2010114
:10C87000884204D1FFE7029808283AD8FFE70498D5
:10C88000006843F20001C4F2010188422DD0FFE7A5
:10C890000498006843F20001C5F20101884224D0E7
:10C8A000FFE70498006843F60001C4F200018842E3
:10C8B0001BD0FFE70498006843F60001C5F20001B1
:10C8C000884212D0FFE70498006843F60041C4F2A2
:10C8D0000001884209D0FFE70498006843F6004150
:10C8E000C5F20001884208D1FFE70298112804D35D
:10C8F000FFE701208DF81700BAE0049890F889004E
:10C9000040B9FFE70499002081F88800049800F0FE
:10C91000B3F8FFE70499022081F8890004980168C0
:10C92000086820F00100086004980068806800F43E
:10C93000F810039004988069B0F1806F1BD1FFE775
:10C9400004984068B0F5800F04D1FFE70498806B2D
:10C9500050B1FFE70498406868B9FFE70498806B1E
:10C96000B0F1805F07D1FFE704980168086840F4E0
:10C9700080500860FFE7049880794006002810D5B1
:10C98000FFE70498C06807280BD3FFE70498006806
:10C99000006820F48070049A1168126D10430860DA
:10C9A00006E004980168086820F480700860FFE7DA
:10C9B000049B1968DA68D869D3F828C040EA0C00EB
:10C9C000DDF80CC040EA0C00DB6B184310438860B4
:10C9D000049A0192506B516A0843916B0843916924
:10C9E00008431168D2F804C09368D2F810E040EA16
:10C9F0000E00D2F814E040EA0E00D2F820E040EA3F
:10CA00000E0040EA0C00D2F84CC040EA0C0018437B
:10CA1000936C1843936D1843D36D1843126E1043F3
:10CA2000C8600498406808B9FFE7FFE70498016808
:10CA3000086D20F001000865049880794006002800
:10CA40000BD5FFE704980068C06820F00040049A06
:10CA50001168526D1043C860FFE704990020C1F8C7
:10CA60008C00049A012182F889108DF81700FFE7E5
:10CA70009DF8170006B080BD80B5D4B0539000205B
:10CA80005290519050904F904E900CA84FF484715A
:10CA9000F3F744FC5398006843F20001C4F201012B
:10CAA00088423CD1FFE700200D904FF000610C91CF
:10CAB00044900CA8FDF7A0F818B1FFE7F6F74AFF7D
:10CAC000FFE7FFE740F6A440C4F20240016841F4EA
:10CAD00080510160006800F480500B900B98FFE7D4
:10CAE000FFE740F68C40C4F20240016841F00101CA
:10CAF0000160006800F001000A900A98FFE7E0205A
:10CB00004E9002204F90002050905190052052905E
:10CB10000020C4F202204EA9F9F702FCDCE0539891
:10CB2000006843F60001C4F2000188423ED1FFE7ED
:10CB300000200D904FF080510C9145900CA8FDF70E
:10CB40005BF818B1FFE7F6F705FFFFE7FFE740F6F0
:10CB50009C40C4F20240016841F4804101600068D9
:10CB600000F4804009900998FFE7FFE740F68C4009
:10CB7000C4F20240016841F002010160006800F067
:10CB8000020008900898FFE74FF460404E900220A2
:10CB90004F900120509051900520529040F200405B
:10CBA000C4F202204EA9F9F7BBFB94E05398006849
:10CBB00043F60041C4F20001884252D1FFE7002051
:10CBC0000D904FF000510C9146900CA8FDF714F811
:10CBD00018B1FFE7F6F7BEFEFFE7FFE740F69C401F
:10CBE000C4F20240016841F400410160006800F4B1
:10CBF000004007900798FFE7FFE740F68C40C4F23B
:10CC00000240016841F004010160006800F0040086
:10CC100006900698FFE74FF440604E900220009087
:10CC20004F90012050900320519006200190529087
:10CC300040F60000C4F2022002904EA90391F9F7D9
:10CC40006FFB009B019A029803994FF4805CCDF82A
:10CC500038C14F930023509351935292F9F760FBE0
:10CC600038E05398006844F60041C4F2010188425C
:10CC70002FD1FFE7FFE740F6A440C4F2024001686D
:10CC800041F400210160006800F40020059005983F
:10CC9000FFE7FFE740F68C40C4F20240016841F034
:10CCA00010010160006800F0100004900498FFE794
:10CCB00064204E9002204F9000205090519005200B
:10CCC000529041F20000C4F202204EA9F9F728FB6D
:10CCD000FFE7FFE7FFE7FFE754B080BD80B588B00E
:10CCE00006900591ADF81220039306980068203055
:10CCF00002900698006844F60041C4F2010188429F
:10CD00002DD0FFE70698006844F60041C5F2010106
:10CD1000884224D0FFE70698006842F20001C4F27E
:10CD2000004188421BD0FFE70698006842F20001EC
:10CD3000C5F20041884212D0FFE70698006845F22C
:10CD40000001C4F20101884209D0FFE7069800689B
:10CD500045F20001C5F20101884201D1FFE700E080
:10CD6000FFE7F9F781FC0190069890F88900012807
:10CD700004D0FFE702208DF81F000BE2059820B1D8
:10CD8000FFE7BDF8120020B9FFE701208DF81F0072
:10CD900000E2FFE7069890F88800012804D1FFE739
:10CDA00002208DF81F00F5E10699012081F8880026
:10CDB000FFE7FFE70699032081F889000699002024
:10CDC000C1F88C000599069A5166BDF81210069AB2
:10CDD000A2F86810BDF81210069AA2F86A10069917
:10CDE000C8660699A1F870000699A1F87200069924
:10CDF000C8670699886706988068B0F5C02F07D184
:10CE0000FFE706980168086840F40060086009E0E0
:10CE100006980068C068012161F3524006990968CC
:10CE2000C860FFE70698006840684FF6FF718843C6
:10CE3000BDF8121008440699096848600698016810
:10CE4000086840F00100086006984068B0F5800F5F
:10CE500007D1FFE706980168086840F40070086091
:10CE6000FFE70698C06810287ED3FFE706980068A1
:10CE700043F20001C4F2010188422DD0FFE7069879
:10CE8000006843F20001C5F20101884224D0FFE7A7
:10CE90000698006843F60001C4F2000188421BD0E6
:10CEA000FFE70698006843F60001C5F200018842DA
:10CEB00012D0FFE70698006843F60041C4F2000173
:10CEC000884209D0FFE70698006843F60041C5F2A2
:10CED0000001884248D1FFE7FFE70698B0F86A00F2
:10CEE000002840D0FFE706980068406980070028C6
:10CEF00010D5FFE706980168406E00680862069941
:10CF0000486E043048660699B1F86A000138A1F805
:10CF10006A0027E0F9F7A8FB0199401A03998842B3
:10CF200004D3FFE70398013018B9FFE70398C0B9AD
:10CF3000FFE7069803F0DAFD0699D1F88C0040F47B
:10CF40008070C1F88C000699012081F88900FFE704
:10CF50000699002081F88800FFE703208DF81F0064
:10CF600018E1FFE7B9E7E8E00698C068082863D34E
:10CF7000FFE7FFE70698B0F86A0000285BD0FFE7FC
:10CF8000069800684069800700282BD5FFE70698BF
:10CF9000B0F86A00022814D3FFE70698C06B80B18E
:10CFA000FFE706980168406E006808620699486EBF
:10CFB000043048660699B1F86A000238A1F86A00A0
:10CFC0000FE00698406E0088029908800699486E26
:10CFD000023048660699B1F86A000138A1F86A0083
:10CFE000FFE727E0F9F740FB0199401A03998842CF
:10CFF00004D3FFE70398013018B9FFE70398C0B9DD
:10D00000FFE7069803F072FD0699D1F88C0040F412
:10D010008070C1F88C000699012081F88900FFE733
:10D020000699002081F88800FFE703208DF81F0093
:10D03000B0E0FFE79EE77FE0FFE70698B0F86A0000
:10D04000002878D0FFE7069800684069800700282C
:10D0500048D5FFE70698B0F86A00042815D3FFE723
:10D060000698C06B412810D3FFE706980168406E10
:10D07000006808620699486E043048660699B1F85F
:10D080006A000438A1F86A002BE00698B0F86A003C
:10D09000022814D3FFE70698C06B80B1FFE706981B
:10D0A000406E0088029908800699486E02304866F2
:10D0B0000699B1F86A000238A1F86A0010E00698F3
:10D0C0000168406E007881F820000699486E0130B2
:10D0D00048660699B1F86A000138A1F86A00FFE7CE
:10D0E000FFE727E0F9F7C0FA0199401A039988424F
:10D0F00004D3FFE70398013018B9FFE70398C0B9DC
:10D10000FFE7069803F0F2FC0699D1F88C0040F492
:10D110008070C1F88C000699012081F88900FFE732
:10D120000699002081F88800FFE703208DF81F0092
:10D1300030E0FFE781E7FFE7FFE70698039B0199EF
:10D140006A4611600821002203F072FD40B1FFE73A
:10D150000699D1F88C0040F02000C1F88C00FFE760
:10D16000069803F0C3FC0699012081F88900FFE7C7
:10D170000699002081F88800FFE70698D0F88C0017
:10D1800020B1FFE701208DF81F0003E000208DF89B
:10D190001F00FFE79DF81F0008B080BD80B590B06C
:10D1A000DDF848C00E900D910C92ADF82E300E981F
:10D1B000006820300A900E980068303009900E9870
:10D1C000C16B012000EB5110ADF812000E98006801
:10D1D00044F60041C4F2010188422DD0FFE70E98C9
:10D1E000006844F60041C5F20101884224D0FFE7FF
:10D1F0000E98006842F20001C4F2004188421BD040
:10D20000FFE70E98006842F20001C5F20041884233
:10D2100012D0FFE70E98006845F20001C4F2010148
:10D22000884209D0FFE70E98006845F20001C5F278
:10D230000101884201D1FFE700E0FFE7F9F714FAA6
:10D240000890BDF82E00ADF81600BDF82E00ADF820
:10D2500014000E9890F88900012804D0FFE70220FE
:10D260008DF83F00A2E30D9838B1FFE70C9820B18C
:10D27000FFE7BDF82E0020B9FFE701208DF83F0041
:10D2800094E3FFE70E9890F88800012804D1FFE7A7
:10D2900002208DF83F0089E30E99012081F8880073
:10D2A000FFE7FFE70E99052081F889000E9900201D
:10D2B000C1F88C000C990E9AD166BDF82E100E9A0A
:10D2C000A2F87210BDF82E100E9AA2F870100D99E7
:10D2D0000E9A5166BDF82E100E9AA2F86A10BDF88B
:10D2E0002E100E9AA2F868100E9988670E99C867DA
:10D2F0000E980068C06820F4C0200E990968C860C4
:10D300000E98006843F20001C4F2010188422DD05A
:10D31000FFE70E98006843F20001C5F20101884260
:10D3200024D0FFE70E98006843F60001C4F2000124
:10D3300088421BD0FFE70E98006843F60001C5F253
:10D340000001884212D0FFE70E98006843F60041C2
:10D35000C4F20001884209D0FFE70E98006843F646
:10D360000041C5F20001884203D1FFE71020079079
:10D3700002E008200790FFE70E98006840684FF62B
:10D38000FF718843BDF82E1008440E990968486063
:10D390000E980168086840F0010008600E98406827
:10D3A000B0F5800F07D1FFE70E980168086840F4D8
:10D3B00000700860FFE70E98C0681028C0F0EC808D
:10D3C000FFE70E98006843F20001C4F201018842B1
:10D3D0002ED0FFE70E98006843F20001C5F201016C
:10D3E000884225D0FFE70E98006843F60001C4F29A
:10D3F000000188421CD0FFE70E98006843F6000148
:10D40000C5F20001884213D0FFE70E98006843F68A
:10D410000041C4F2000188420AD0FFE70E9800687C
:10D4200043F60041C5F20001884240F0B580FFE7B5
:10D43000079880080790FFE7BDF8161001200390B9
:10D4400039B9FFE7BDF81400002818BF0120039088
:10D45000FFE70398C007002800F09D80FFE70E98C3
:10D46000006840698007002822D5FFE7BDF8160054
:10D47000F0B1FFE7BDF81400BDF81610079A11448B
:10D48000884215D2FFE70E980168406E0068086276
:10D490000E99486E043048660E99B1F86A0001385A
:10D4A000A1F86A000E98B0F86A00ADF81600FFE720
:10D4B0000E98006840690690BDF81400002869D0F5
:10D4C000FFE70E9800684069C007B0B1FFE70E980B
:10D4D0000068006B0E99C96E08600E99C86E043022
:10D4E000C8660E99B1F872000138A1F872000E9862
:10D4F000B0F87200ADF814004BE0BDF81400BDF8B0
:10D50000121088421CDAFFE79DF819000006002877
:10D5100016D5FFE70E980068006B0E99C96E08607B
:10D520000E99C86E0430C8660E99B1F872000138C1
:10D53000A1F872000E98B0F87200ADF8140027E060
:10D54000F9F792F80899401A1299884204D3FFE734
:10D550001298013018B9FFE71298C0B9FFE70E988A
:10D5600003F0C4FA0E99D1F88C0040F48070C1F831
:10D570008C000E99012081F88900FFE70E990020A8
:10D5800081F88800FFE703208DF83F000EE2FFE7F7
:10D59000FFE7FFE750E7DCE10E98C0680828C0F01D
:10D5A000DE80FFE7079840080790FFE7BDF81610F8
:10D5B0000120029039B9FFE7BDF81400002818BF18
:10D5C00001200290FFE70298C007002800F0C68003
:10D5D000FFE70E98006840698007002822D5FFE722
:10D5E000BDF81600F0B1FFE7BDF81400BDF8161045
:10D5F000079A1144884215D2FFE70E98406E0088C2
:10D600000A9908800E99486E023048660E99B1F862
:10D610006A000138A1F86A000E98B0F86A00ADF807
:10D620001600FFE70E98006840690690BDF81400E8
:10D63000002800F09280FFE70E9800684069C0075C
:10D64000A8B1FFE7099800880E99C96E08800E9965
:10D65000C86E0230C8660E99B1F872000138A1F8A0
:10D6600072000E98B0F87200ADF8140074E0BDF8C6
:10D670001400BDF81210884224DAFFE79DF8190063
:10D68000000600281ED5FFE7099800880E99C96E8C
:10D6900008800E99C86E0230C866099800880E99F5
:10D6A000C96E08800E99C86E0230C8660E99B1F82E
:10D6B00072000238A1F872000E98B0F87200ADF84E
:10D6C000140048E0BDF8140001281BD1FFE79DF8C5
:10D6D00019008006002815D5FFE7099800880E99E3
:10D6E000C96E08800E99C86E0230C8660E99B1F8EE
:10D6F00072000138A1F872000E98B0F87200ADF80F
:10D70000140027E0F8F7B0FF0899401A12998842F0
:10D7100004D3FFE71298013018B9FFE71298C0B997
:10D72000FFE70E9803F0E2F90E99D1F88C0040F46F
:10D730008070C1F88C000E99012081F88900FFE704
:10D740000E99002081F88800FFE703208DF83F0044
:10D750002CE1FFE7FFE7FFE7FFE727E7F8E0FFE758
:10D76000BDF816100120019039B9FFE7BDF814008B
:10D77000002818BF01200190FFE70198C00700288A
:10D7800000F0E580FFE70E980068406980070028F8
:10D7900023D5FFE7BDF81600F8B1FFE7BDF8140088
:10D7A000BDF81610079A1144884216D2FFE70E986A
:10D7B0000168406E007881F820000E99486E0130B3
:10D7C00048660E99B1F86A000138A1F86A000E980F
:10D7D000B0F86A00ADF81600FFE70E9800684069DF
:10D7E0000690BDF81400002800F0B080FFE70E9806
:10D7F00000684069C007B8B1FFE70E98006890F86C
:10D8000030000E99C96E08700E99C86E0130C86656
:10D810000E99B1F872000138A1F872000E98B0F8B4
:10D820007200ADF8140090E0BDF81400BDF81210BD
:10D8300088423EDAFFE79DF819000006002838D537
:10D84000FFE70E98006890F830000E99C96E0870D6
:10D850000E99C86E0130C8660E98006890F83000C6
:10D860000E99C96E08700E99C86E0130C8660E9880
:10D87000006890F830000E99C96E08700E99C86E55
:10D880000130C8660E98006890F830000E99C96E95
:10D8900008700E99C86E0130C8660E99B1F8720012
:10D8A0000438A1F872000E98B0F87200ADF81400B8
:10D8B0004AE0BDF8140003281DD8FFE79DF81900C1
:10D8C00010F0600F17D0FFE70E98006890F8300056
:10D8D0000E99C96E08700E99C86E0130C8660E990F
:10D8E000B1F872000138A1F872000E98B0F8720019
:10D8F000ADF8140027E0F8F7B7FE0899401A12991E
:10D90000884204D3FFE71298013018B9FFE7129854
:10D91000C0B9FFE70E9803F0E9F80E99D1F88C0032
:10D9200040F48070C1F88C000E99012081F88900C4
:10D93000FFE70E99002081F88800FFE703208DF8AB
:10D940003F0033E0FFE7FFE7FFE7FFE708E7FFE718
:10D95000FFE70E98129B08996A4611600821002281
:10D9600003F066F940B1FFE70E99D1F88C0040F062
:10D970002000C1F88C00FFE70E9803F0B7F80E996D
:10D98000012081F88900FFE70E99002081F88800C6
:10D99000FFE70E98D0F88C0020B1FFE701208DF84A
:10D9A0003F0003E000208DF83F00FFE79DF83F00B7
:10D9B00010B080BD82B0019001980090042843D837
:10D9C0000099DFE801F00C1D2F4103004EF2100119
:10D9D000CEF20001086840F00400086035E04EF225
:10D9E0001001CEF20001086820F00400086040F643
:10D9F000E441C4F20241086820F00C00086024E011
:10DA00004EF21001CEF20001086820F00400086018
:10DA100040F6E441C4F202410868012262F3830047
:10DA2000086012E04EF21001CEF20001086820F00A
:10DA30000400086040F6E441C4F202410868022292
:10DA400062F38300086000E0FFE702B07047000067
:10DA500082B0009000980138B0F1807F03D3FFE7D7
:10DA60000120019016E0009801384EF21401CEF228
:10DA7000000108604EF21801CEF20001002008609B
:10DA80004EF21002CEF20002116841F00301116063
:10DA90000190FFE7019802B07047000083B04EF29A
:10DAA0001000CEF2000000684007002803D5FFE711
:10DAB0000420029020E040F6E440C4F202400068F6
:10DAC00000F00C0001900198009040B1FFE7009831
:10DAD000042807D0FFE70098082806D008E00020B7
:10DAE000029008E00120029005E00220029002E08E
:10DAF00000200290FFE7FFE7029803B070470000A4
:10DB000081B0009001B0704781B0009001B07047C3
:10DB100081B0009001B0704781B0009001B07047B3
:10DB200081B0009001B0704781B0009001B07047A3
:10DB300085B003900291FFE7039890F83C0001281C
:10DB400004D1FFE702208DF81300F6E003990120CD
:10DB500081F83C00FFE7FFE70399022081F83D00D0
:10DB600003980068406801900398006880680090FE
:10DB70000398006842F60041C4F2010188421BD0BC
:10DB8000FFE70398006842F60041C5F201018842B0
:10DB900012D0FFE70398006843F20041C4F201018C
:10DBA000884209D0FFE70398006843F20041C5F2BC
:10DBB000010188420AD1FFE7019820F4700001902A
:10DBC00002984168019808430190FFE701984FF6D9
:10DBD0008F71CFF6FF5108400190029801680198BB
:10DBE0000843019001980399096848600398006808
:10DBF00042F60041C4F20101884200F08280FFE752
:10DC00000398006842F60041C5F20101884278D0CD
:10DC1000FFE703980068B0F1804F72D0FFE70398E8
:10DC20000068B0F1A04F6CD0FFE70398006840F2A5
:10DC30000041C4F20001884263D0FFE70398006806
:10DC400040F20041C5F2000188425AD0FFE7039834
:10DC5000006840F60001C4F20001884251D0FFE79D
:10DC60000398006840F60001C5F20001884248D0E0
:10DC7000FFE70398006840F60041C4F200018842C3
:10DC80003FD0FFE70398006840F60041C5F200016D
:10DC9000884236D0FFE70398006843F20041C4F29F
:10DCA000010188422DD0FFE70398006843F200414C
:10DCB000C5F20101884224D0FFE70398006841F6CD
:10DCC0000001C4F2000188421BD0FFE703980068FE
:10DCD00041F60001C5F20001884212D0FFE7039827
:10DCE000006844F20001C4F20101884209D0FFE754
:10DCF0000398006844F20001C5F2010188420ED188
:10DD0000FFE7009820F0800000900298816800985A
:10DD1000084300900098039909688860FFE7039919
:10DD2000012081F83D00FFE70399002081F83C00C5
:10DD3000FFE700208DF81300FFE79DF8130005B002
:10DD40007047000081B0009001B0704780B582B08C
:10DD50000090009820B9FFE701208DF8070045E00A
:10DD6000009890F83D0040B9FFE70099002081F845
:10DD70003C00009800F03EF8FFE70099022081F88F
:10DD80003D00009951F8040B03F0C6FB00990120F7
:10DD900081F84800FFE70099012081F83E000099D2
:10DDA00081F83F00009981F84000009981F8410016
:10DDB000009981F84200009981F84300FFE7FFE7EE
:10DDC0000099012081F84400009981F845000099EC
:10DDD00081F84600009981F84700FFE7009901208B
:10DDE00081F83D0000208DF80700FFE79DF807004F
:10DDF00002B080BD80B584B003900398006841F202
:10DE00000041C4F20001884219D1FFE7FFE740F664
:10DE10009C40C4F20240016841F0200101600068AA
:10DE200000F0200002900298FFE7322001900322C8
:10DE30001146F8F721FD0198F8F714FDFFE704B04B
:10DE400080BD000083B00190019890F83D0001284A
:10DE500004D0FFE701208DF80B00B8E00199022003
:10DE600081F83D0001980168C86840F00100C86071
:10DE70000198006842F60041C4F20101884200F0B6
:10DE80008280FFE70198006842F60041C5F2010177
:10DE9000884278D0FFE701980068B0F1804F72D0D7
:10DEA000FFE701980068B0F1A04F6CD0FFE7019840
:10DEB000006840F20041C4F20001884263D0FFE7ED
:10DEC0000198006840F20041C5F2000188425AD032
:10DED000FFE70198006840F60001C4F200018842A3
:10DEE00051D0FFE70198006840F60001C5F200013B
:10DEF000884248D0FFE70198006840F60041C4F22C
:10DF0000000188423FD0FFE70198006840F60041D9
:10DF1000C5F20001884236D0FFE70198006843F25D
:10DF20000041C4F2010188422DD0FFE7019800684A
:10DF300043F20041C5F20101884224D0FFE7019875
:10DF4000006841F60001C4F2000188421BD0FFE7DF
:10DF50000198006841F60001C5F20001884212D024
:10DF6000FFE70198006844F20001C4F20101884211
:10DF700009D0FFE70198006844F20001C5F20101F1
:10DF8000884219D1FFE70198006880680721C0F234
:10DF9000010108400090009806280CD0FFE7009887
:10DFA000B0F5803F07D0FFE701980168086840F0AE
:10DFB00001000860FFE706E001980168086840F08A
:10DFC00001000860FFE700208DF80B00FFE79DF8D7
:10DFD0000B0003B07047000081B0009001B07047A3
:10DFE00080B584B0039003980068C06802900398DD
:10DFF0000068006901909DF804008007002824D57E
:10E00000FFE79DF80800800700281DD5FFE703986B
:10E0100001686FF0020008610399012008770398F6
:10E0200000688069800720B1FFE70398FFF7D4FFFD
:10E0300006E0039800F054F9039800F055F9FFE763
:10E04000039900200877FFE7FFE79DF804004007E9
:10E05000002825D5FFE79DF80800400700281ED5B9
:10E06000FFE7039801686FF004000861039902203C
:10E07000087703980068806910F4407F04D0FFE7B8
:10E080000398FFF7A9FF06E0039800F029F9039829
:10E0900000F02AF9FFE7039900200877FFE7FFE780
:10E0A0009DF804000007002824D5FFE79DF808002C
:10E0B000000700281DD5FFE7039801686FF00800EE
:10E0C000086103990420087703980068C0698007F5
:10E0D00020B1FFE70398FFF77FFF06E0039800F009
:10E0E000FFF8039800F000F9FFE703990020087794
:10E0F000FFE7FFE79DF80400C006002825D5FFE7ED
:10E100009DF80800C00600281ED5FFE703980168A7
:10E110006FF01000086103990820087703980068E1
:10E12000C06910F4407F04D0FFE70398FFF754FF65
:10E1300006E0039800F0D4F8039800F0D5F8FFE764
:10E14000039900200877FFE7FFE79DF80400C00768
:10E1500078B1FFE79DF80800C00748B1FFE70398D2
:10E1600001686FF001000861039800F0C1F8FFE753
:10E17000FFE7019800F08000802806D0FFE79DF8B7
:10E1800005008006002810D5FFE79DF8080000066E
:10E19000002809D5FFE7039801686FF40250086171
:10E1A0000398FFF7B1FCFFE7FFE79DF80500C00704
:10E1B00080B1FFE79DF808000006002809D5FFE7B9
:10E1C000039801686FF4807008610398FFF798FC6A
:10E1D000FFE7FFE79DF804004006002810D5FFE7A1
:10E1E0009DF808004006002809D5FFE7039801685C
:10E1F0006FF040000861039800F092F8FFE7FFE736
:10E200009DF804008006002810D5FFE79DF808005F
:10E210008006002809D5FFE7039801686FF0200009
:10E2200008610398FFF774FCFFE7FFE79DF806001D
:10E23000C006002810D5FFE79DF80A00C006002898
:10E2400009D5FFE7039801686FF48010086103980F
:10E25000FFF766FCFFE7FFE79DF806008006002851
:10E2600010D5FFE79DF80A008006002809D5FFE7D2
:10E27000039801686FF4001008610398FFF74CFCE5
:10E28000FFE7FFE79DF806004006002810D5FFE7EE
:10E290009DF80A004006002809D5FFE703980168A9
:10E2A0006FF4800008610398FFF73EFCFFE7FFE78B
:10E2B0009DF806000006002810D5FFE79DF80A002B
:10E2C0000006002809D5FFE7039801686FF40000F5
:10E2D00008610398FFF736FDFFE7FFE704B080BD54
:10E2E00081B0009001B0704781B0009001B07047DC
:10E2F00080B582B001900198006841F20041C4F2FB
:10E30000000188420AD1FFE740F29051C2F20001B9
:10E3100008680130086002F0DDFDFFE702B080BD53
:10E3200081B0009001B0704783B00190FFE7019881
:10E3300090F88400012804D1FFE702208DF80B003B
:10E340002CE00199012081F88400FFE7FFE70199A3
:10E350002420C1F8880001980068006800900198A6
:10E360000168086820F001000860009820F0005063
:10E37000009001990020486600980199096808609A
:10E3800001992020C1F88800FFE70199002081F859
:10E390008400FFE700208DF80B00FFE79DF80B00DD
:10E3A00003B0704782B00190ADF8021002B0704720
:10E3B00081B0009001B0704780B584B002900191A7
:10E3C000FFE7029890F88400012804D1FFE70220BB
:10E3D0008DF80F0032E00299012081F88400FFE7F8
:10E3E000FFE702992420C1F88800029800680068BD
:10E3F000009002980168086820F001000860029807
:10E400000068806820F060600199084302990968FB
:10E410008860029803F046FA00980299096808603B
:10E4200002992020C1F88800FFE70299002081F8B6
:10E430008400FFE700208DF80F00FFE79DF80F0034
:10E4400004B080BD80B584B002900191FFE70298CE
:10E4500090F88400012804D1FFE702208DF80F0016
:10E4600032E00299012081F88400FFE7FFE702997A
:10E470002420C1F888000298006800680090029883
:10E480000168086820F00100086002980068806850
:10E4900020F0604001990843029909688860029859
:10E4A00003F000FA00980299096808600299202098
:10E4B000C1F88800FFE70299002081F88400FFE797
:10E4C00000208DF80F00FFE79DF80F0004B080BD1D
:10E4D00081B0009001B0704781B0009001B07047EA
:10E4E00081B0009001B0704780B58EB00D900D984E
:10E4F0000068C0690C900D98006800680B900D983A
:10E50000006880680A900C9840F60F010840099056
:10E510000998E0B9FFE79DF830008006002815D57E
:10E52000FFE79DF82C008006002806D4FFE79DF841
:10E530002B00C006002809D5FFE70D98406F20B1D9
:10E54000FFE70D98416F8847FFE76CE2FFE7099806
:10E55000002800F0F980FFE70A980121C1F20001CC
:10E56000084209D1FFE70B9840F22011C0F20041A8
:10E57000084200F0E980FFE79DF83000C00788B14D
:10E58000FFE79DF82D00C00760B1FFE70D98016817
:10E59000012008620D99D1F8900040F00100C1F807
:10E5A0009000FFE79DF830008007002811D5FFE7B5
:10E5B0009DF82800C00760B1FFE70D9801680220B0
:10E5C00008620D99D1F8900040F00400C1F8900065
:10E5D000FFE79DF830004007002811D5FFE79DF8C0
:10E5E0002800C00760B1FFE70D98016804200862A9
:10E5F0000D99D1F8900040F00200C1F89000FFE7BB
:10E600009DF830000007002819D5FFE79DF82C0081
:10E610008006002807D4FFE70A980121C1F2000113
:10E6200008420CD0FFE70D980168082008620D9998
:10E63000D1F8900040F00800C1F89000FFE79DF885
:10E6400031000007002813D5FFE79DF82F00400791
:10E6500000280DD5FFE70D9801684FF400600862AF
:10E660000D99D1F8900040F02000C1F89000FFE72C
:10E670000D98D0F89000002865D0FFE79DF8300095
:10E680008006002815D5FFE79DF82C00800600289D
:10E6900006D4FFE79DF82B00C006002809D5FFE748
:10E6A0000D98406F20B1FFE70D98416F8847FFE755
:10E6B000FFE70D98D0F8900008900D9800688068EA
:10E6C00000F04000402806D0FFE79DF8200010F041
:10E6D000280F2FD0FFE70D9803F082FA0D980068FD
:10E6E00080684006002820D5FFE70D98D0F880000C
:10E6F000B0B1FFE70D98D0F8801041F6C130C0F6F8
:10E700000100C8660D98D0F88000F6F717FA30B10E
:10E71000FFE70D98D0F88000C16E8847FFE703E05F
:10E720000D98FFF7DDFEFFE703E00D98FFF7D8FE39
:10E73000FFE707E00D98FFF7D3FE0D990020C1F821
:10E740009000FFE7FFE76EE10D98C06E012840F0F2
:10E750000B81FFE79DF83000C006002840F10481DE
:10E76000FFE79DF82C00C006002840F1FD80FFE780
:10E770000D980168102008620D98006880684006B6
:10E78000002840F18F80FFE70D98D0F880000068E6
:10E79000806CADF81E00BDF81E00002867D0FFE7B2
:10E7A000BDF81E000D99B1F85C1088425FDAFFE7F2
:10E7B000BDF81E000D99A1F85E000D98D0F88000FC
:10E7C000006D812846D0FFE7FFE7FFE70D9800685E
:10E7D00050E8000F20F480700690FFE706990D982E
:10E7E000026842E800100028F0D1FFE7FFE7FFE7EA
:10E7F000FFE70D98006850E8020F20F00100059037
:10E80000FFE705990D98026842E802100028F0D150
:10E81000FFE7FFE70D992020C1F88C000D9900203B
:10E82000C866FFE7FFE70D98006850E8000F20F08A
:10E8300010000490FFE704990D98026842E8001068
:10E840000028F0D1FFE7FFE70D98D0F88000F6F739
:10E85000E9F8FFE70D99022008670D98B0F85C1001
:10E86000B0F85E20891A89B2FFF79CFD19E0BDF867
:10E870001E000D99B1F85C10884211D1FFE70D9888
:10E88000D0F88000006D812809D1FFE70D990220A2
:10E8900008670D98B0F85C10FFF784FDFFE7FFE70D
:10E8A000FFE7C0E00D99B1F85C00B1F85E10401AC6
:10E8B000ADF80E000D98B0F85E00002853D0FFE7C9
:10E8C000BDF80E0000284ED0FFE7FFE7FFE70D98E8
:10E8D000006850E8000F20F490700290FFE7029962
:10E8E0000D98026842E800100028F0D1FFE7FFE72A
:10E8F000FFE7FFE70D98006850E8020F4FF6FE7142
:10E90000CEF6FF7108400190FFE701990D9802686B
:10E9100042E802100028EDD1FFE7FFE70D99202023
:10E92000C1F88C000D990020C8660D994867FFE773
:10E93000FFE70D98006850E8000F20F010000090ED
:10E94000FFE700990D98026842E800100028F0D116
:10E95000FFE7FFE70D99022008670D98BDF80E103C
:10E96000FFF720FDFFE75EE09DF83200C0060028BB
:10E970000FD5FFE79DF82A004006002809D5FFE7DC
:10E980000D9801684FF4801008620D98FFF7A4FD00
:10E9900049E09DF830000006002815D5FFE79DF8F6
:10E9A0002C000006002806D4FFE79DF82A00000688
:10E9B000002809D5FFE70D98806F20B1FFE70D987B
:10E9C000816F8847FFE72EE09DF830004006002861
:10E9D0000AD5FFE79DF82C004006002804D5FFE784
:10E9E0000D9803F04DF91EE09DF832000006002856
:10E9F0000AD5FFE79DF82F004006002804D5FFE761
:10EA00000D98FFF765FD0EE09DF83300C00750B18B
:10EA1000FFE79DF82F000006002804D5FFE70D98BA
:10EA2000FFF7C6FCFFE70EB080BD000080B582B0E6
:10EA30000090009820B9FFE701208DF8070046E01C
:10EA40000098806908B1FFE700E0FFE70098D0F880
:10EA5000880040B9FFE70099002081F88400009801
:10EA600000F03AF8FFE700992420C1F888000098E8
:10EA70000168086820F0010008600098806A20B1F1
:10EA8000FFE7009802F054FFFFE7009803F01AF93F
:10EA9000012804D1FFE701208DF8070017E0009856
:10EAA0000168486820F490404860009801688868D0
:10EAB00020F02A00886000980168086840F0010092
:10EAC0000860009802F0D8FF8DF80700FFE79DF876
:10EAD000070002B080BD000080B5D0B04F9000208C
:10EAE0004E904D904C904B904A9008A84FF48471F2
:10EAF000F1F714FC4F98006843F60001C4F20101DD
:10EB0000884240F08380FFE70020099001210891AE
:10EB10001F9008A8FBF770F818B1FFE7F4F71AFF89
:10EB2000FFE7FFE740F6A440C4F20240016841F469
:10EB300080410160006800F4804007900798FFE77B
:10EB4000FFE740F68C40C4F20240016841F0010149
:10EB50000160006800F0010006900698FFE74FF49E
:10EB6000C0604A9002204B90012001904C90002000
:10EB700002904D9007204E900020C4F202204AA936
:10EB8000F7F7CEFB019A029940F2D460C2F200007E
:10EB9000039040F25013C4F2020303601623436053
:10EBA00081604FF48063C360082303614161816128
:10EBB000C161016242628262C16201634163F6F730
:10EBC0008BF918B1FFE7F4F7C5FEFFE7FFE74F98B1
:10EBD00040F2D461C2F20001C1674F98C865FFE7F7
:10EBE00040F2D460C2F200001021F5F7D1FF18B155
:10EBF000FFE7F4F7AFFEFFE73A200090002211464E
:10EC0000F7F73AFE0098F7F72DFE46E04F980068B8
:10EC100046F20041C4F2000188423DD1FFE70020E6
:10EC2000099020210891249008A8FAF7E5FF18B16F
:10EC3000FFE7F4F78FFEFFE7FFE740F69C40C4F2E2
:10EC40000240016841F000710160006800F000704E
:10EC500005900598FFE7FFE740F68C40C4F20240BC
:10EC6000016841F004010160006800F004000490B4
:10EC70000498FFE7C0204A9002204B9001204C905E
:10EC800000204D9007204E9040F60000C4F2022074
:10EC90004AA9F7F745FBFFE7FFE750B080BD00004A
:10ECA00080B58AB008900791ADF81A2005930898AE
:10ECB000D0F88800202840F09580FFE7079820B121
:10ECC000FFE7BDF81A0020B9FFE701208DF8270003
:10ECD0008CE00898006880680006002807D5FFE7E8
:10ECE00008980168886820F080008860FFE708992C
:10ECF0000020C1F8900008992120C1F88800F7F79A
:10ED0000B3FC0290BDF81A000899A1F85400BDF8B0
:10ED10001A000899A1F8560008988068B0F5805F3D
:10ED200009D1FFE70898006928B9FFE7002004909F
:10ED30000798039004E00798049000200390FFE7F1
:10ED4000FFE70898B0F8560088B3FFE70898029BE1
:10ED500005996A4611608021002203F0BFF940B195
:10ED6000FFE708992020C1F8880003208DF82700CC
:10ED70003CE0049858B9FFE7039800886FF35F20E0
:10ED800008990968886203980230039008E00498A3
:10ED90000078089909688862049801300490FFE7B8
:10EDA0000899B1F856000138A1F85600C9E708984B
:10EDB000029B05996A4611604021002203F08EF9FA
:10EDC00040B1FFE708992020C1F8880003208DF8A2
:10EDD00027000BE008992020C1F8880000208DF85A
:10EDE000270003E002208DF82700FFE79DF82700A9
:10EDF0000AB080BD81B0009001B0704785B001902D
:10EE00000198007801460091022804D3FFE700989A
:10EE1000022834D06BE0019890ED061A90ED070AB5
:10EE200090ED083A90ED092A21EE031A20EE020A2D
:10EE300030EE410A8DED020A019890ED061A90ED30
:10EE4000073A90ED080A90ED092A21EE031A20EE08
:10EE5000020A30EE010A8DED030A019890ED061AC0
:10EE600090ED090A21EE011ABEEE002A31EE021AD7
:10EE700020EE000A30EE010A8DED040A3CE0019814
:10EE800090ED060A90ED071A90ED082A90ED093AE8
:10EE900021EE031A20EE020A30EE410A8DED020A3D
:10EEA000019890ED061A90ED073A90ED080A90ED62
:10EEB000092A21EE031A20EE020A30EE011A9FED14
:10EEC000120A30EE410A8DED030A019890ED060A10
:10EED00090ED091A20EE002AB6EE000A30EE420A42
:10EEE00021EE011A30EE410A8DED040A04E0002003
:10EEF000029003900490FFE79DED020ADDED030A06
:10EF00009DED041A05B070470000008085B00190A7
:10EF1000019800780146009140B1FFE70098012870
:10EF200038D0FFE7009802286CD0A3E0019890ED5C
:10EF3000061A90ED070A90ED082A90ED093A21EEA5
:10EF4000031A20EE020A30EE010A8DED020A019842
:10EF500090ED061A90ED080A21EE011ABEEE002A85
:10EF600031EE021A20EE000A30EE010A8DED030A9E
:10EF7000019890ED061A90ED073A90ED080A90ED91
:10EF8000092A21EE031A20EE020A30EE410A8DED25
:10EF9000040A74E0019890ED060A90ED071A20EE3D
:10EFA000002AB6EE000A30EE420A21EE011A30EED7
:10EFB000410A8DED020A019890ED060A90ED071ABC
:10EFC00090ED083A90ED092A21EE031A20EE020A8C
:10EFD00030EE410A8DED030A019890ED061A90ED8E
:10EFE000070A90ED083A90ED092A21EE031A20EE67
:10EFF000020A30EE011A9FED260A30EE410A8DED2D
:10F00000040A3CE0019890ED061A90ED070A90ED95
:10F01000082A90ED093A21EE031A20EE020A30EE9A
:10F02000011A9FED1B0A30EE410A8DED020A01988C
:10F0300090ED060A90ED081A20EE002AB6EE000ABE
:10F0400030EE420A21EE011A30EE410A8DED030A3C
:10F05000019890ED060A90ED072A90ED081A90EDC0
:10F06000093A21EE031A20EE020A30EE410A8DED34
:10F07000040A04E00020029003900490FFE79DED55
:10F08000020ADDED030A9DED041A05B0704700BFCA
:10F0900000000080FFE7FEE784B0039002918DED51
:10F0A000010ACDED000A039908684A688B6840F2AE
:10F0B0000831C2F200018B604A600860029B186848
:10F0C0005A689B684B610A61C86001988861009822
:10F0D000C86104B07047000083B0029001918DEDCB
:10F0E000000A029908684A688B6840F20831C2F247
:10F0F00000018B624A620862019B18685A689B682B
:10F100004B630A63C8620098C86303B0704700008D
:10F1100080B584B040F6EC31C2F2000100200870E6
:10F1200040F6FE31C2F20001087040F6FC31C2F236
:10F130000001088040F60041C2F20001086048600A
:10F14000886040F6F031C2F20001086048608860D3
:10F1500040F67451C2F20001087040F26050C2F2F1
:10F160000000019064210291F3F708F801980299D8
:10F170001830F3F703F840F25840C2F20000039051
:10F18000F2F76CFB039844F67431C0F60101F2F714
:10F1900047FC04B080BD0000F0B5A3B08DF88B0033
:10F1A00040F20830C2F20000099090ED070A0C30DE
:10F1B000002101F0DFFA0998C1681F9101692091CF
:10F1C0004169219101681C9141681D9180681E90E0
:10F1D0009DED1F0ADDED200A9DED211A44F6043E47
:10F1E000C0F6010ECDF820E0DEF80000DEF80410D5
:10F1F000DEF80820DEF80C30DEF810C0DEF814402F
:10F20000DEF81850DEF81C60DEF8207040F2740E54
:10F21000C2F2000EDEED001A9EED012ADEED022A9A
:10F2200040F2EC5EC2F2000E9EED003ADEED013AD5
:10F230009EED024AEE46CEF81070CEF80C60CEF885
:10F240000850CEF80440CEF800C0F3F7FBF8DDF824
:10F2500020E08DED1B1ACDED1A0A8DED190A1998D3
:10F260001A991B9A219220911F909DED1C0ADDEDA9
:10F270001D0A9DED1E1ADEF80000DEF80410DEF80F
:10F280000820DEF80C30DEF810C0DEF81440DEF89E
:10F290001850DEF81C60DEF8207040F2640EC2F2F6
:10F2A000000EDEED001A9EED012ADEED022A40F28C
:10F2B000580EC2F2000E9EED003ADEED013A9EEDD0
:10F2C000024AEE46CEF81070CEF80C60CEF8085028
:10F2D000CEF80440CEF800C0F3F7B4F88DED181A5C
:10F2E000CDED170A8DED160A16981799189A1E92E9
:10F2F0001D911C909DED1F0ADDED200A9DED211A48
:10F3000040F26050C2F20000F2F75EFF09988DED06
:10F31000151ACDED140A8DED130A1399149A159B45
:10F32000219320921F911F9A40F24831C2F20001AE
:10F33000CA60209A0A61219A4A611C9A0A601D9A41
:10F340004A601E9A8A60C069C8619DF88B000128D6
:10F3500040F09380FFE740F20830C2F200000590D1
:10F3600090ED0F0A2C30012101F004FA0598C16AD2
:10F370001F91016B2091406B21909DED1F0ADDEDE7
:10F38000200A9DED211A44F6283EC0F6010ECDF864
:10F3900018E0DEF80000DEF80410DEF80820DEF8E1
:10F3A0000C30DEF810C0DEF81440DEF81850DEF83D
:10F3B0001C60DEF8207040F2740EC2F2000EDEED2A
:10F3C000001A9EED012ADEED022A40F2EC5EC2F246
:10F3D000000E9EED033ADEED043A9EED054AEE4640
:10F3E000CEF81070CEF80C60CEF80850CEF804407D
:10F3F000CEF800C0F3F726F88DED121ACDED110A04
:10F400008DED100A10981199129A219220911F9057
:10F410009DED1F0ADDED200A9DED211A40F260509E
:10F42000C2F200001830F2F7CFFE8DED0F1ACDEDCD
:10F430000E0A8DED0D0A0D980E990F9A21922091CA
:10F440001F901F9840F24831C2F2000141F82C0F82
:10F4500007912098486021988860A1F120000AAAAD
:10F46000F4F718FA07990A9841F8200C0B9841F81C
:10F470001C0C0C9841F8180CFFE723B0F0BD0000FD
:10F4800080B582B0ADF8060040F24040C2F2000004
:10F4900040F2D451C2F200019FED140ADFED140ACC
:10F4A000FFF7FAFD40F2CE30C2F20000007868B1FA
:10F4B000FFE740F24C40C2F2000040F2E051C2F2DD
:10F4C00000019FED0B0AFFF707FEFFE740F2CE3089
:10F4D000C2F200000078FFF75FFE40F24830C2F24F
:10F4E000000000F007F802B080BD00BF000000007F
:10F4F0000AD7233C80B594B013901398C06810903D
:10F50000139800691190139840691290139800683D
:10F510000D90139840680E90139880680F90139880
:10F5200090ED073A9DED100ADDED110A9DED121ADE
:10F53000DDED0D1A9DED0E2ADDED0F2A40F258404B
:10F54000C2F200000190F2F7ADFD0198F2F770F9F8
:10F55000CDED091A8DED081ACDED070A8DED060ADD
:10F560009DED060ADDED070A9DED081ADDED091A8D
:10F57000F3F7AAF98DED0C1ACDED0B0A8DED0A0A01
:10F5800040F2AC51C2F200010A980B9A0C9B8B60BE
:10F590004A60086040F61850C2F20000806880BBE4
:10F5A000FFE740F2B850C2F20000007848B3FFE72E
:10F5B00040F2CE30C2F20000007838B1FFE740F2EE
:10F5C000B850C2F200004078D8B1FFE740F6EC3006
:10F5D000C2F200000078092813D8FFE740F6EC32A9
:10F5E000C2F200021078411CC8B211700A2807D17B
:10F5F000FFE740F67451C2F2000101200870FFE7F6
:10F60000FFE740F25840C2F20000F2F755F88DEDE6
:10F61000051ACDED040A8DED030A9DED101A9DED3E
:10F62000112A9DED120A22EE022A21EE011A31EE74
:10F63000021A20EE000A30EE010A05F06DF88DED99
:10F64000020A40F6FC30C2F200000088632855D858
:10F65000FFE79DED020AB0EE081AB4EE410AF1EEA2
:10F6600010FA4BDAFFE79DED031A40F60040C2F2B4
:10F67000000090ED000A30EE010A80ED000A9DEDD9
:10F68000041A90ED010A30EE010A80ED010A9DEDA9
:10F69000051A90ED020A30EE010A80ED020A40F6EA
:10F6A000FC30C2F20000018801310180008864282A
:10F6B00023D3FFE740F60041C2F2000191ED000ABA
:10F6C0009FED0F1A80EE010A40F6F030C2F2000002
:10F6D00080ED000A91ED010A80EE010A80ED010A39
:10F6E00091ED020A80EE010A80ED020A40F6FE3139
:10F6F000C2F2000101200870FFE7FFE714B080BDEF
:10F700000000C84281B00090009988684FF6C0722E
:10F71000C5F6FF721040886001B0704781B000905C
:10F7200048F2C801C4F20221086840F001000860F4
:10F7300001B0704781B000900099D1F8C80040F046
:10F740000100C1F8C80001B07047000081B000900E
:10F750000098806840F080504FF6C071C7F6FF7186
:10F7600008400099886001B07047000081B00090A7
:10F770000098806800F0E07001B0704783B002909C
:10F7800001910298019900EB81006030009000988F
:10F79000006800F0F84003B07047000081B00090AE
:10F7A00000988068C0F3C00001B0704781B000903D
:10F7B00000988068C0F3407001B0704781B000903D
:10F7C0000098806800F0010001B0704781B000909F
:10F7D00000988068C0F3007001B0704781B000905D
:10F7E00000988068C0F3800001B0704784B0039037
:10F7F000029101920398029901F4407100EB91107B
:10F800003030009000980068029901F01F021F211B
:10F81000914088430199C1F3846191400843009964
:10F82000086004B07047000084B003900291019218
:10F830000398029901F0007100EBD1501430009050
:10F84000009800680299C1F304520721914088434F
:10F850000199914008430099086004B07047000086
:10F8600083B00290019100920298D0F8B000019903
:10F870006FF31F518843009A02F018034FF6FF728E
:10F88000C0F20F02DA40114008440299C1F8B000FA
:10F8900003B0704782B0019000910198806820F415
:10F8A0007C10009908430199886002B070470000FD
:10F8B00082B0019000910198806820F0E07000997A
:10F8C00008430199886002B07047000085B0049039
:10F8D0000391029201930498039900EB8100603038
:10F8E0000090009800684FF20001C0F2FF31014023
:10F8F000029800F0F840019A1043084340F000409D
:10F900000099086005B0704784B00390029101929D
:10F910000398029900EB8100603000900098006825
:10F9200020F00070019908430099086004B0704706
:10F9300084B00390029101920398029900EB810038
:10F94000603000900098006820F0807001990843B2
:10F950000099086004B0704784B00390029101924E
:10F960000398029900EB81006030009000980068D5
:10F9700020F00040019908430099086004B07047E6
:10F9800082B0019000910198406920F000400099F8
:10F9900008430199486102B07047000080B58AB001
:10F9A0000021009109910891079106910591049118
:10F9B0000391029140F20460C2F20000019048F20B
:10F9C0000002C4F2022202604FF400224260816011
:10F9D000C160016104224261017641760122C26167
:10F9E00080F820108162C16280F834100163816365
:10F9F00080F83C10F4F70CFD18B1FFE7F3F7AAFF0D
:10FA0000FFE70220C0F23040029006200390002061
:10FA100004907F21059104210691079040F2046033
:10FA2000C2F2000002A9F4F7D3F818B1FFE7F3F728
:10FA300091FFFFE70AB080BD80B58AB00021009138
:10FA40000991089107910691059104910391029102
:10FA500040F26C60C2F20000019048F20012C4F261
:10FA6000022202604FF4002242608160C1600161A5
:10FA700004224261017641760122C26180F82010A1
:10FA80008162C16280F834100163816380F83C10A8
:10FA9000F4F7BEFC18B1FFE7F3F75CFFFFE748F2AD
:10FAA0000000C3F6F060029006200390002004904E
:10FAB0007F21059104210691079040F26C60C2F20B
:10FAC000000002A9F4F784F818B1FFE7F3F742FF4A
:10FAD000FFE70AB080BD000080B540F24C70C2F272
:10FAE000000043F20001C4F2020101600021017133
:10FAF00041714161816101210162F4F70FFF18B189
:10FB0000FFE7F3F727FFFFE780BD000080B582B075
:10FB100040F27070C2F2000001904AF20041C4F25B
:10FB200000010160002141604FF440728260C160B9
:10FB300001744174817405234361062282614FF090
:10FB40000E0CC0F81CC003620123436282621223C0
:10FB5000C36202630A2242638163C163F6F7CAF893
:10FB600018B1FFE7F3F7F6FEFFE702B080BD000033
:10FB700080B582B040F2D470C2F2000000904AF624
:10FB80000001C4F200010160002101914160816027
:10FB9000C16001744174817410224261012282614A
:10FBA000C261026242628262C26202634163816335
:10FBB000C163F6F79FF818B1FFE7F3F7CBFEFFE755
:10FBC00002B080BD80B582B0FFE740F68840C4F245
:10FBD0000240016841F001010160006800F001008D
:10FBE00001900198FFE71D20009000221146F6F7D2
:10FBF00043FE0098F6F736FE02B080BD80B59CB09B
:10FC000000201B901A90199018901790FFE740F66B
:10FC10008C40C4F20240016841F0100101600068AC
:10FC200000F0100016901698FFE7FFE740F68C40B2
:10FC3000C4F20240016841F004010160006800F074
:10FC4000040015901598FFE7FFE740F68C40C4F2DA
:10FC50000240016841F080010160006800F080000E
:10FC600014901498FFE7FFE740F68C40C4F202407E
:10FC7000016841F001010160006800F0010013908B
:10FC80001398FFE7FFE740F68C40C4F2024001689A
:10FC900041F002010160006800F002001290129829
:10FCA000FFE7FFE740F68C40C4F20240016841F0F4
:10FCB00008010160006800F0080011901198FFE74A
:10FCC00041F20000C4F2022002904CF208010191BE
:10FCD00000220F92F6F7B2FC0F9A40F60000C4F231
:10FCE00002200A9030210391F6F7A8FC0F9A40F207
:10FCF0000040C4F20220069095210491F6F79EFC84
:10FD000006984FF48051059101220B92F6F796FC6C
:10FD10000F9A40F60040C4F2022008904FF40041D0
:10FD20000791F6F78BFC0F9A0020C4F202200C908A
:10FD30004FF480710991F6F781FC07990B9A0C98A2
:10FD4000F6F77CFC019B02980B9A0F991793189277
:10FD500019911A9117A90D91F6F7E2FA02980D99E7
:10FD60000F9A102317930023C1F2210318931992BD
:10FD7000F6F7D6FADDF80CC00A980B9B0D990F9A8E
:10FD8000CDF85CC0189319921A92F6F7C9FADDF80B
:10FD900010C006980B9B0D990F9ACDF85CC0189374
:10FDA00019921A92F6F7BCFADDF814C006980B9B6C
:10FDB0000D990F9ACDF85CC01893199202220E92F9
:10FDC0001A92F6F7ADFADDF81CC008980B9B0D9956
:10FDD0000F9ACDF85CC0189319921A92F6F7A0FA10
:10FDE000099B0A980D990F9A179318921992F6F792
:10FDF00097FA0B9B0C980D990F9A4FF4014CCDF884
:10FE00005CC0189319921A92F6F78AFA0E990F9A13
:10FE10000F201090F6F730FD1098F6F723FD1CB078
:10FE200080BD000080B50020F6F724FC18B1FFE784
:10FE3000F3F790FDFFE7F6F73DFC18B1FFE7F3F7A6
:10FE400089FDFFE780BD000080B582B040F6380034
:10FE5000C2F20000009043F20001C4F2010101600F
:10FE60004FF4800141600021019181600722C2604E
:10FE70004FF0007303614FF0807343614FF0806374
:10FE800083614FF04053C361016241628162C2628B
:10FE900041638163C1638164C164016541658165BA
:10FEA000C1650166FCF724FC18B1FFE7F3F752FDCA
:10FEB000FFE702B080BD000080B582B040F6C80008
:10FEC000C2F20000009043F60001C4F2000101609C
:10FED0004FF4800141600021019181600722C260DE
:10FEE0004FF0007303614FF0807343614FF0806304
:10FEF00083614FF04053C361016241628162C2621B
:10FF000041638163C1638164C16401654165816549
:10FF1000C1650166FCF7ECFB18B1FFE7F3F71AFDCA
:10FF2000FFE702B080BD000080B582B040F65810F7
:10FF3000C2F20000009043F60041C4F200010160EB
:10FF40004FF4800141600021019181600722C2606D
:10FF50004FF0007303614FF0807343614FF0806393
:10FF600083614FF04053C361016241628162C262AA
:10FF700041638163C1638164C164016541658165D9
:10FF8000C1650166FCF7B4FB18B1FFE7F3F7E2FCCB
:10FF9000FFE702B080BD000080B582B040F6E810F7
:10FFA000C2F20000009044F60041C4F20101016079
:10FFB0004FF4800141600021019181600722C260FD
:10FFC0004FF0007303614FF0807343614FF0806323
:10FFD00083614FF04053C361016241628162C2623A
:10FFE00041638163C1638164C16401654165816569
:10FFF000C1650166FCF77CFB18B1FFE7F3F7AAFCCB
:020000040801F1
:10000000FFE702B080BD000080B584B000210391FD
:100010000291019140F67820C2F2000041F20042C4
:10002000C4F200020260F9224260816040F2E732CD
:10003000C2608161FDF78AFE18B1FFE7F3F78AFC21
:10004000FFE700200190039040F67820C2F2000004
:1000500001A9FDF76DFD18B1FFE7F3F77BFCFFE7A2
:1000600004B080BD80B582B040F6C420C2F200006A
:10007000009043F60001C4F2010101604FF46131C8
:100080004160002101918160C16001610C224261E7
:100090008161C161016241628162FEF7C7FC18B1F2
:1000A000FFE7F3F757FCFFE740F6C420C2F2000079
:1000B0000021FEF7C7F918B1FFE7F3F74BFCFFE7A4
:1000C00040F6C420C2F200000021FEF775F918B115
:1000D000FFE7F3F73FFCFFE740F6C420C2F2000061
:1000E000FEF722F918B1FFE7F3F734FCFFE702B09F
:1000F00080BD000080B582B040F65830C2F20000EA
:10010000009046F20041C4F2000101604FF4165124
:100110004160002101918160C16001610C22426156
:100120008161C161016241628162FEF77FFC18B1A9
:10013000FFE7F3F70FFCFFE740F65830C2F200008C
:100140000021FEF77FF918B1FFE7F3F703FCFFE7A3
:1001500040F65830C2F200000021FEF72DF918B128
:10016000FFE7F3F7F7FBFFE740F65830C2F2000075
:10017000FEF7DAF818B1FFE7F3F7ECFBFFE702B0A0
:1001800080BD0000FFE7FEE7FFE7FEE788B00790CD
:1001900006910592079800F0070004900498C0F1BA
:1001A0000700052803D3FFE70420019004E004982A
:1001B000C0F107000190FFE7019803900498043014
:1001C000062803D8FFE70020009003E004980338D6
:1001D0000090FFE70098029006980399012202FA26
:1001E00001F101390840029B984005999A40013A73
:1001F0001140084308B0704787B08DED060ACDED79
:10020000050A8DED041ACDED031A9DED050A9DED4D
:10021000031A30EE010A8DED020A9DED030A9DEDF1
:10022000021A80EE010A8DED010A9DED050A9DED91
:10023000021A80EE010A8DED000A9DED010A9DED86
:10024000062A9DED001A9DED043A21EE031A20EED8
:10025000020A30EE010A07B0704700007047000044
:1002600080B5C4B002A801904FF48471F0F756F83D
:100270000198042103910021C4F22001029103217D
:10028000049102210591102206920791089109918B
:100290000C210A9100210B910C914FF400310D912A
:1002A0004FF4007131913D91F9F7A6FC18B1FFE7C9
:1002B000F3F750FBFFE744B080BD000080B58EB07F
:1002C00002A801902C21F0F729F8019940F27070F2
:1002D000C2F20000F5F73AFA20B1FFE76FF005002F
:1002E0000D904BE040F6C840C2F20000007830B9F3
:1002F000FFE7079818B9FFE700200D903EE040F6B1
:10030000C841C2F200010020087040F27070C2F2D1
:100310000000F5F73BFF50B1FFE740F6C841C2F2DD
:100320000001012008706FF005000D9026E040F2FA
:100330007070C2F20000F5F703FF50B1FFE740F61E
:10034000C841C2F20001012008706FF005000D9055
:1003500014E040F27070C2F2000002F03BFD50B1B8
:10036000FFE740F6C841C2F20001012008706FF0BB
:1003700005000D9002E000200D90FFE70D980EB0F3
:1003800080BD000080B58AB00020049009900890DC
:100390000790069005900690022100910791089021
:1003A0004FF40050059040F60000C4F20220019086
:1003B00005A90391F5F7B4FF009A019803990592F6
:1003C000F5F7AEFF0399012005900020C4F202204A
:1003D0000290F5F7A5FF0298039904220592F5F71C
:1003E0009FFF04980AB080BD80B584B002900020C1
:1003F0008DF80700029820B9FFE76FF00100039025
:1004000049E040F60000C4F202204FF40051F6F734
:10041000FDF8012807D1FFE79DF8070040F0010033
:100420008DF80700FFE740F60000C4F20220022129
:10043000F6F7ECF8012807D1FFE79DF8070040F038
:1004400002008DF80700FFE70020C4F2022001211E
:10045000F6F7DCF8012807D1FFE79DF8070040F028
:1004600004008DF80700FFE70020C4F202200421F9
:10047000F6F7CCF8012807D1FFE79DF8070040F018
:1004800008008DF80700FFE79DF807000299087043
:1004900000200390FFE7039804B080BD80B584B0CE
:1004A000029040F60041C4F20241086820F08060EA
:1004B0000860F6F7D9F80190FFE740F60040C4F273
:1004C0000240006800F000610020B0EBD16F0CD05A
:1004D000FFE7F6F7C9F80199401A032804D3FFE7AC
:1004E00003208DF80F008BE0E7E7FFE740F62C4193
:1004F000C4F20241086843F603729043029B1A68F3
:100500005B6842EA03221043086002998868D1F8C8
:100510000CC00B694A6901386FF35F204FF6006128
:10052000CFF6FF7101EB4C2189B208440021CFF6D0
:10053000FF7101EB034101F4FE0108444FF07F41DC
:1005400001EB026101F0FE41084440F63C41C4F277
:1005500002410860FFE740F62C41C4F202410091DD
:10056000086820F00C00029A92691043086008683D
:1005700020F02000029AD269104308600298426A73
:10058000086810430860086820F01000086040F612
:100590004042C4F2024210684FF6F8739843029B3F
:1005A0001B6A40EAC3001060086840F01000086051
:1005B00040F60041C4F20241086840F080600860E3
:1005C000F6F752F80190FFE740F60040C4F202400F
:1005D000006800F000610020B0EBD16F0CD1FFE7A4
:1005E000F6F742F80199401A032804D3FFE70320E5
:1005F0008DF80F0004E0E7E700208DF80F00FFE71B
:100600009DF80F0004B080BD80B584B0029040F624
:100610000041C4F20241086820F080500860F6F7FB
:1006200023F80190FFE740F60040C4F20240006862
:1006300000F000510020B0EB517F0CD0FFE7F6F73F
:1006400013F80199401A032804D3FFE703208DF81B
:100650000F008BE0E7E7FFE740F63041C4F20241CC
:10066000086843F603729043029B1A685B6842EA8B
:1006700003221043086002998868D1F80CC00B6906
:100680004A6901386FF35F204FF60061CFF6FF71C2
:1006900001EB4C2189B208440021CFF6FF7101EB38
:1006A000034101F4FE0108444FF07F4101EB026178
:1006B00001F0FE41084440F64441C4F202410860A2
:1006C000FFE740F63041C4F202410091086820F093
:1006D0000C00029A926910430860086820F020001C
:1006E000029AD269104308600298426A086810436F
:1006F0000860086820F01000086040F64842C4F224
:10070000024210684FF6F8739843029B1B6A40EA56
:10071000C3001060086840F01000086040F6004117
:10072000C4F20241086840F080500860F5F79CFF71
:100730000190FFE740F60040C4F20240006800F07C
:1007400000510020B0EB517F0CD1FFE7F5F78CFF93
:100750000199401A032804D3FFE703208DF80F0006
:1007600004E0E7E700208DF80F00FFE79DF80F0099
:1007700004B080BD80B588B007908DED060A8DF875
:1007800017109DF8171040F2B850C2F20000405CFC
:1007900008B1FFE7A1E19DED060A9FEDD11A20EE19
:1007A000010A8DED040A9DED040AB7EE001AB4EEBD
:1007B000410AF1EE10FA04DDFFE74FF07E5004909D
:1007C000FFE7002003900290FFE7029802285BDC1D
:1007D000FFE79DF8171040F2C830C2F20000405CFD
:1007E00088B9FFE70798029A50F822009DF8171081
:1007F00001EB410340F29031C2F2000101EB8301B1
:1008000041F82200FFE79DED040A0798029A00EBE9
:10081000820090ED002A9DF8170000EB400140F2A5
:100820009030C2F2000000EB810101EB820191EDFA
:10083000001A32EE412A20EE020A30EE010A81ED62
:10084000000A079A029902EB810292ED000A9DF8D4
:10085000172002EB420200EB820000EB810090EDDA
:10086000001A30EE410A8DED010A9DED010A9DED61
:10087000031A20EE000A30EE010A8DED030AFFE7AD
:10088000029801300290A0E79DF8172040F2C8318D
:10089000C2F20001012088549DED030A03F03CFFE1
:1008A0008DED000A00989DF8171001EB410240F60B
:1008B0000C41C2F2000141F822009DED000AB1EEA8
:1008C000041AB4EE410AF1EE10FA2ADDFFE79DF8B2
:1008D000172040F2C031C2F20001002041F822008E
:1008E0009DF8172040F2CA31C2F2000121F812002F
:1008F0009DF8171001EB410240F2A831C2F200014D
:1009000001EB820290609DF8172002EB420201EB9E
:10091000820250609DF8172002EB420241F822004B
:1009200014E09DED060A9DF8171040F2C030C2F2A7
:10093000000000EB810090ED001A9FED6A2A20EE86
:10094000020A30EE010A80ED000AFFE79DF8171059
:1009500040F2C030C2F2000000EB810090ED000ACE
:100960009FED611AB4EE410AF1EE10FAC0F29680E2
:10097000FFE7079890ED001A9DF8170000EB400183
:1009800040F2A830C2F2000000EB810191ED000AB4
:1009900030EE010A81ED000A079991ED011A9DF8E8
:1009A000171001EB410100EB810191ED010A30EEDE
:1009B000010A81ED010A079991ED021A9DF81710BD
:1009C00001EB410100EB810090ED020A30EE010ADB
:1009D00080ED020A9DF8172040F2CA30C2F20000F2
:1009E00030F81210013120F812109DF8171030F86D
:1009F0001100282851DBFFE79DF8170000EB4001AC
:100A000040F2A83CC2F2000C0CEB810292ED000A0D
:100A100040F2CA32C2F2000232F8100001EE100AAF
:100A2000B8EEC11A80EE010A40F2EC50C2F20000AA
:100A300000EB810181ED000A9DF8173003EB4301C3
:100A40000CEB810E9EED010A32F8133001EE103AE4
:100A5000B8EEC11A80EE010A00EB810181ED010AB6
:100A60009DF8173003EB43010CEB810C9CED020A5F
:100A700032F8132001EE102AB8EEC11A80EE010AF6
:100A800000EB810080ED020A9DF8172040F2B8517A
:100A9000C2F2000101208854FFE7FFE79DF817101C
:100AA00040F2C030C2F2000050F8210001EB4102D8
:100AB00040F60C41C2F2000101EB820250609DF849
:100AC000172040F2CA30C2F2000030F8120002EBE8
:100AD000420201EB82010881FFE708B080BD00BF40
:100AE000DA0F494100007A440000484282B0019088
:100AF000019800684069009001980168886940F099
:100B00000800886101980168886940F010008861D8
:100B100001980168086820F00100086001980168E8
:100B2000086940F26F329043086101980168886853
:100B300020F440408860019890F88900042815D07E
:100B4000FFE79DF80000800600280ED5FFE7019919
:100B5000D1F88C0040F08000C1F88C000198016849
:100B6000886940F020008861FFE7FFE7019890F86E
:100B70008900032815D0FFE79DF8000040060028F3
:100B80000ED5FFE70199D1F88C0040F00400C1F8C0
:100B90008C0001980168886940F040008861FFE797
:100BA000FFE79DF80100800700280ED5FFE70199B7
:100BB000D1F88C0040F00100C1F88C000198016868
:100BC000886940F400708861FFE79DF80100C00764
:100BD00070B1FFE70199D1F88C0040F00800C1F82E
:100BE0008C0001980168886940F480708861FFE793
:100BF00001990020A1F86A000199A1F8720002B0E1
:100C00007047000083B002900298C16B012000EB96
:100C1000511001900298C068013000900098073090
:100C2000C00800900098019900FB01F003B07047E4
:100C300080B586B0DDF820C0049003918DF80B20BC
:100C40000193FFE704980068406903990840401A3F
:100C5000B0FA80F040099DF80B10884214D1FFE7EC
:100C6000F5F702FD0899401A0199884204D3FFE77D
:100C70000198013018B9FFE7019820B9FFE7032078
:100C80008DF8170004E0DDE700208DF81700FFE77E
:100C90009DF8170006B080BD7047000010B588B001
:100CA000DDF828C006900591ADF812208DF81130BE
:100CB000069848B1FFE7BDF8120028B1FFE79DF89C
:100CC0001100202804D3FFE700208DF81F0030E03A
:100CD00002F080FD0390039820B9FFE700208DF813
:100CE0001F0026E003980699059ABDF812309DF87A
:100CF00011C0EE460224CEF80440CEF800C002F047
:100D00009BFD039802F0FCFC012807D0FFE7039944
:100D1000002081F821008DF81F000AE00A9820B118
:100D2000FFE703980A990860FFE701208DF81F008C
:100D3000FFE79DF81F0008B010BD000080B584B02B
:100D400000F090F840F20030C2F2000069460860FE
:100D500040F64500C0F6000044F68C31C0F60101B3
:100D60000A2203920323FFF799FF039A40F204300B
:100D7000C2F200006946086041F68D00C0F601002D
:100D800044F69E31C0F601010423FFF787FF40F2CD
:100D9000D020C2F200006946086041F67500C0F636
:100DA000010044F6BA31C0F6010101220192052387
:100DB000FFF774FF019A40F2EC20C2F2000069468E
:100DC000086040F20D70C0F6000044F69831C0F69D
:100DD000010115230293FFF761FF019A029B40F284
:100DE0003C40C2F200006946086040F68160C0F6EF
:100DF000000044F6A831C0F60101FFF74FFF029B47
:100E000040F28830C2F200006946086040F669404E
:100E1000C0F6000044F69431C0F601014FF47A7236
:100E2000FFF73CFF039A40F28C30C2F200006946A3
:100E3000086040F6B550C0F6000044F6C431C0F674
:100E400001011623FFF72AFF012808D0FFE740F62B
:100E50001851C2F20001C86A0130C862FFE704B04D
:100E600080BD000080B582B040F61451C2F200018E
:100E7000002008608DF80700FFE79DF807001328A1
:100E800026D8FFE79DF8070000EB400140F68050B0
:100E9000C2F20000009000EB01103021EFF73EFAA3
:100EA00000999DF8070000EB400001EB00120020C4
:100EB00082F821009DF8072002EB420201EB0211AB
:100EC0004862FFE79DF8070001308DF80700D4E77E
:100ED00002B080BD80B586B040F61450C2F200006A
:100EE00000680590F2F76EFE0490FFE70598002871
:100EF00045D0FFE7049805998969401A0390039843
:100F00000599898A884236D3FFE70498059900221B
:100F1000CA6188610598006860B3FFE74EF2180067
:100F2000CEF2000000900068029005980168808A67
:100F3000884700980068019001980299884208D378
:100F4000FFE702984DF29001C0F2030108440290BD
:100F5000FFE702980199401A00EE100AB8EE400A25
:100F60009FED081A20EE010A0598BCEEC00A80ED3C
:100F70000A0AFFE7FFE70598406A0590B6E706B062
:100F800080BD00BF6F12833B80B5F5F79DFB80BD30
:100F900080B584B0ADF80A00BDF80A0018B9FFE7C3
:100FA0000020039041E04EF6FC50CEF200000068B5
:100FB000C001002808D5FFE741F20000CEF2000092
:100FC0000068C00720B9FFE76FF0060003902CE02F
:100FD00040F22000C2F200000268BDF80AC00023FF
:100FE00044F23F20C0F20F001946E2FB0C0144F22C
:100FF0004022C0F20F02EFF747F9009041F20400DF
:10100000CEF2000000680190FFE741F20400CEF24A
:10101000000000680199401A0099884202D2FFE757
:1010200000BFF2E700200390FFE7039804B080BD03
:1010300080B58CB0FF208DF82A0000200990EFF7D2
:1010400033FE58B1FFE740F61851C2F20001886A3A
:10105000013088624FF0FF300B901EE140F2F0212A
:10106000C2F20001059100200490C1F8030008605D
:10107000012107910722069202F028FC049B059AA1
:10108000069984460798C2F800C013715071917197
:10109000F2F7BAF840B1FFE740F61851C2F200018A
:1010A000086B01300863FFE70120F2F79FF840B1B9
:1010B000FFE740F61851C2F20001086B01300863E7
:1010C000FFE70120F2F7AEF840B1FFE740F6185114
:1010D000C2F20001086B01300863FFE76420F4F7F7
:1010E000DBF800F0DDF840F2CE31C2F20001002062
:1010F00003900870FEF70CF8039840F67451C2F2A2
:1011000000014870F1F75EFF40B1FFE740F618516B
:10111000C2F20001C8680130C86006E040F67451B0
:10112000C2F2000101204870FFE7EFF785FC40B1F3
:10113000FFE740F61851C2F200018868013088606C
:10114000FFE740F60000C4F20220202101220292B3
:10115000F5F774FA029A40F20040C4F202201146F8
:10116000F5F76CFAF2F7B0FA40B1FFE740F6185124
:10117000C2F2000148690130486106E040F674514E
:10118000C2F2000101208870FFE7EFF791FA40B149
:10119000FFE740F61851C2F200014868013048608C
:1011A000FFE7EFF7FDFD58B1FFE740F61851C2F237
:1011B0000001886A013088624FF0FF300B906CE0CC
:1011C000FFF7BCFD40F67820C2F20000FCF73AFEC3
:1011D0006420EFF73FFA40B1FFE740F61851C2F242
:1011E0000001C86C0130C864FFE7F5F73DFA0890CC
:1011F000FFE740F67450C2F20000417900200190F0
:1012000059B9FFE7F5F730FA0899411A0020B1F50E
:101210007A7F38BF01200190FFE70198C00720B115
:10122000FFE70120F4F738F8E3E740F67450C2F224
:1012300000004079B8B1FFE70220F4F72DF801F083
:1012400037F840F2E030C2F200000078EFF7F2FD2C
:1012500040B1FFE740F61851C2F20001886B01303F
:101260008863FFE7FFE7FFE740F67450C2F2000033
:101270000078012804D0FFE70A20F4F70DF8F3E71F
:1012800040F67451C2F200010120887140F6B83076
:10129000F4F702F800200B90FFE70B980CB080BD2C
:1012A00081B04EF6FC51CEF20001086840F080702B
:1012B000086041F20000CEF20000006880010028C2
:1012C00004D5FFE76FF0070000901CE041F2040135
:1012D000CEF200010020086041F20000CEF20000D2
:1012E000016841F001010160BFF34F8FBFF36F8FC1
:1012F0000068C00720B9FFE76FF00500009002E02A
:1013000000200090FFE7009801B0704780B59CB0C6
:1013100008A85021EFF702F80020079006900590EA
:10132000049003900290FFE740F61000C4F20240E0
:10133000016841F030010160006800F03000019068
:101340000198FFE7FFE740F61400C4F2024000688E
:1013500000F00800082801D0FFE7F4E7012008901A
:101360004FF48030099002201290032113911490C1
:101370002821159116900421179118900C2019908E
:1013800000201A901B9008A8FAF7B4FC18B1FFE7E8
:10139000F2F7E0FAFFE71F200290032003900020FD
:1013A000049005900690079002A80521FAF79CF892
:1013B00018B1FFE7F2F7CEFAFFE742F20001C4F2FC
:1013C00002010868022262F3051008601CB080BDAB
:1013D00082B04EF68851CEF20001086840F47000E9
:1013E000086040F60042C4F202420120106040F65C
:1013F0001C41C4F2024100200090086040F62041E8
:10140000C4F20241086011684EF6E323CEF6E223EF
:101410001940116040F62841C4F20241086040F6CC
:101420002C41C4F20241086040F63041C4F202414E
:10143000086040F63443C4F2024340F28021C0F217
:101440000111196040F63843C4F20243186040F6B7
:101450003C43C4F20243196040F64043C4F20243E5
:10146000186040F64443C4F20243196040F6484114
:10147000C4F202410860116821F48021116040F635
:101480005041C4F2024108604EF60851CEF200010C
:101490004FF00060086042F21800C4F202000068D9
:1014A00000F0604001900198B0F1604F05D0FFE777
:1014B0000198B0F1404F24D1FFE742F21C00C4F282
:1014C00002000068C00778B1FFE742F20C01C4F2E5
:1014D000020142F63B20C0F61900086046F67F6024
:1014E000C4F65D400860FFE742F21C01C4F202014D
:1014F000086840F002000860086840F001000860D9
:10150000FFE702B07047000080B540F67820C2F2D5
:101510000000FCF765FD80BD83B002900191029848
:1015200000680090029842F60041C4F2010188422E
:1015300052D0FFE7029842F60041C5F2010188420D
:101540004AD0FFE70298B0F1804F45D0FFE70298FC
:10155000B0F1A04F40D0FFE7029840F20041C4F242
:101560000001884238D0FFE7029840F20041C5F2FE
:101570000001884230D0FFE7029840F60001C4F233
:101580000001884228D0FFE7029840F60001C5F22A
:101590000001884220D0FFE7029840F60041C4F2E3
:1015A0000001884218D0FFE7029840F60041C5F2DA
:1015B0000001884210D0FFE7029843F20041C4F2D4
:1015C0000101884208D0FFE7029843F20041C5F2CA
:1015D000010188420AD1FFE7009820F070000090D6
:1015E00001984168009808430090FFE7029842F68E
:1015F0000041C4F20101884200F0BA80FFE702987E
:1016000042F60041C5F20101884200F0B180FFE7D7
:101610000298B0F1804F00F0AB80FFE70298B0F184
:10162000A04F00F0A580FFE7029840F20041C4F20D
:101630000001884200F09C80FFE7029840F20041E0
:10164000C5F20001884200F09380FFE7029840F65F
:101650000001C4F20001884200F08A80FFE702988E
:1016600040F60001C5F20001884200F08180FFE7EA
:10167000029840F60041C4F20001884278D0FFE7AA
:10168000029840F60041C5F20001884270D0FFE7A1
:10169000029843F20041C4F20101884268D0FFE79A
:1016A000029843F20041C5F20101884260D0FFE791
:1016B000029841F60001C4F20001884258D0FFE7C9
:1016C000029841F60001C5F20001884250D0FFE7C0
:1016D000029841F60041C4F20001884248D0FFE779
:1016E000029841F60041C5F20001884240D0FFE770
:1016F000029842F20001C4F20001884238D0FFE7AC
:10170000029842F20001C5F20001884230D0FFE7A2
:10171000029844F20001C4F20101884228D0FFE798
:10172000029844F20001C5F20101884220D0FFE78F
:10173000029844F20041C4F20101884218D0FFE748
:10174000029844F20041C5F20101884210D0FFE73F
:10175000029844F60001C4F20101884208D0FFE774
:10176000029844F60001C5F2010188420AD1FFE760
:10177000009820F4407000900198C16800980843D8
:101780000090FFE7009820F0800001994969084324
:101790000090009802990860019880680299C862D8
:1017A0000198006802998862029842F60041C4F2EA
:1017B0000101884248D0FFE7029842F60041C5F295
:1017C0000101884240D0FFE7029843F20041C4F291
:1017D0000101884238D0FFE7029843F20041C5F288
:1017E0000101884230D0FFE7029844F20001C4F2C0
:1017F0000101884228D0FFE7029844F20001C5F2B7
:101800000101884220D0FFE7029844F20041C4F26F
:101810000101884218D0FFE7029844F20041C5F266
:101820000101884210D0FFE7029844F60001C4F29B
:101830000101884208D0FFE7029844F60001C5F292
:101840000101884205D1FFE7019800690299086308
:10185000FFE702990120486102980069C00730B192
:10186000FFE70299086920F001000861FFE703B073
:101870007047000080B582B0ADF80600BDF80600E4
:10188000EEF7D2FD00F000FD02B080BD80B582B061
:10189000ADF80600BDF80600FDF7F2FD00F014FDFE
:1018A00002B080BD82B001900198406E40B9FFE760
:1018B00001990120A1F86A000199A1F8680034E0BB
:1018C00008208DF803008DF80200019800688068F8
:1018D000C0F342608DF80100019800688068400FF5
:1018E0008DF800009DF802009DF8002044F6543366
:1018F000C0F60103995C00FB01F044F64C31C0F6E0
:1019000001018A5CB0FBF2F0019AA2F86A009DF82E
:1019100003009DF801209B5C00FB03F0895CB0FB99
:10192000F1F00199A1F86800FFE702B070470000EC
:1019300081B00090009890F82800000700280BD58F
:10194000FFE700980068406820F40040009A1168A2
:10195000926B10434860FFE7009890F82800C0079A
:1019600058B1FFE700980068406820F40030009A02
:101970001168D26A10434860FFE7009890F8280089
:10198000800700280BD5FFE700980068406820F426
:101990008030009A1168126B10434860FFE700988E
:1019A00090F82800400700280BD5FFE70098006852
:1019B000406820F48020009A1168526B1043486000
:1019C000FFE7009890F82800C00600280BD5FFE735
:1019D00000980068806820F48050009A1168D26BEB
:1019E00010438860FFE7009890F8280080060028E0
:1019F0000BD5FFE700980068806820F40050009A3B
:101A00001168126C10438860FFE7009890F8280076
:101A1000400600281CD5FFE700980068406820F4C5
:101A20008010009A1168526C104348600098406C16
:101A3000B0F5801F0BD1FFE700980068406820F4E4
:101A4000C000009A1168926C10434860FFE7FFE7FE
:101A5000009890F82800000600280BD5FFE70098B2
:101A60000068406820F40020009A1168D26C10438E
:101A70004860FFE701B0704780B588B006900699CE
:101A80000020C1F89000F4F7EFFD0590069800687B
:101A90000068000700282FD5FFE70698059B6A46D7
:101AA0006FF07E4111604FF40011002200F016FB30
:101AB00008B3FFE7FFE7FFE70698006850E8000F6C
:101AC00020F080000490FFE704990698026842E83D
:101AD00000100028F0D1FFE7FFE706992020C1F8A9
:101AE0008800FFE70699002081F88400FFE70320C3
:101AF0008DF81F005FE0FFE7069800680068400768
:101B0000002842D5FFE70698059B6A466FF07E41A4
:101B100011604FF48001002200F0E0FAA0B3FFE76B
:101B2000FFE7FFE70698006850E8000F20F4907088
:101B30000390FFE703990698026842E80010002826
:101B4000F0D1FFE7FFE7FFE7FFE70698006850E8FE
:101B5000020F20F001000290FFE702990698026848
:101B600042E802100028F0D1FFE7FFE706992020A5
:101B7000C1F88C00FFE70699002081F88400FFE798
:101B800003208DF81F0016E0FFE706992020C1F81A
:101B900088000699C1F88C0006990020C86606994D
:101BA0000867FFE70699002081F88400FFE700201E
:101BB0008DF81F00FFE79DF81F0008B080BD0000F2
:101BC00080B582B001900198C06D0090009900200E
:101BD000A1F85E000098FCF783FC02B080BD000015
:101BE00084B00390FFE7FFE70398006850E8000F18
:101BF00020F490700290FFE702990398026842E88F
:101C000000100028F0D1FFE7FFE7FFE7FFE70398A8
:101C1000006850E8020F4FF6FE71CEF6FF710840E3
:101C20000190FFE701990398026842E8021000283A
:101C3000EDD1FFE7FFE70398C06E012814D1FFE75D
:101C4000FFE7FFE70398006850E8000F20F010005E
:101C50000090FFE700990398026842E8001000280E
:101C6000F0D1FFE7FFE7FFE703992020C1F88C00E0
:101C700003990020C8660399486704B070470000C4
:101C800080B582B00190FFE7FFE70198006850E857
:101C9000000F20F040000090FFE7009901980268D3
:101CA00042E800100028F0D1FFE7FFE7019920206B
:101CB000C1F888000199002088670198FDF79AF81B
:101CC00002B080BD80B58AB0099000208DF8130065
:101CD0000998006842F20041C4F20041884209D0EC
:101CE000FFE70998006842F20041C5F200418842CE
:101CF00001D1FFE700E0FFE7099988680B694A69AD
:101D0000C96918431043084308900998006800689F
:101D100046F6F311CCF6FF7108400899084309997B
:101D20000968086009980068406820F44050099AE2
:101D30001168D26810434860099880690890099832
:101D4000006842F20041C4F2004188420FD0FFE730
:101D50000998006842F20041C5F20041884206D06D
:101D6000FFE70998016A089808430890FFE7099877
:101D7000006880684FF2FF41C1F2FF1108400899E6
:101D8000084309990968886009980068C06A20F0CA
:101D90000F00099A1168526A1043C862FFE7099858
:101DA000006843F60001C4F20101884203D1FFE755
:101DB00001200690A3E00998006844F20041C4F2B3
:101DC0000001884203D1FFE70220069096E00998BF
:101DD000006844F60001C4F20001884203D1FFE725
:101DE0000420069089E00998006844F60041C4F296
:101DF0000001884203D1FFE7082006907CE00998A3
:101E0000006845F20001C4F20001884203D1FFE7F7
:101E1000102006906FE00998006846F20041C4F275
:101E20000001884203D1FFE72020069062E0099874
:101E3000006847F60001C4F20001884203D1FFE7C1
:101E40004020069055E00998006847F60041C4F22A
:101E50000001884203D1FFE78020069048E00998FE
:101E6000006848F20001C4F20001884204D1FFE793
:101E70004FF4807006903AE00998006846F6000139
:101E8000C4F20001884204D1FFE74FF400700690CD
:101E90002CE00998006846F60041C4F2000188422F
:101EA00004D1FFE74FF4806006901EE009980068B7
:101EB00048F20041C4F20001884204D1FFE74FF428
:101EC0000060069010E00998006842F20041C4F2F8
:101ED0000041884204D1FFE74FF48050069002E0B1
:101EE00000200690FFE7FFE7FFE7FFE7FFE7FFE7D8
:101EF000FFE7FFE7FFE7FFE7FFE7FFE7FFE7FFE7B2
:101F00000998006842F20041C4F20041884209D0B9
:101F1000FFE70998006842F20041C5F2004188429B
:101F20005CD1FFE706980021F5F7EAF902900298E4
:101F3000002852D0FFE7029809994A6A44F65C31BA
:101F4000C0F6010131F81210B0FBF1F003900398D4
:101F50000999496801EB4101884207D3FFE70398DB
:101F600009994968B0EB013F04D9FFE701208DF8DA
:101F7000130031E0029809994A6800924A6A44F6CF
:101F80005C31C0F6010131F812200023019319469B
:101F9000EEF77AF9009A019B090241EA106100020A
:101FA00010EB520041F10001EEF76EF90590059833
:101FB000B0F5407F0BD3FFE705990020B0EB115F30
:101FC00005D1FFE7059809990968C86003E0012079
:101FD0008DF81300FFE7FFE7FFE76FE00998C0699E
:101FE000B0F5004F3CD1FFE706980021F5F788F9DE
:101FF0000290029898B3FFE70298099A5168536AD1
:1020000044F65C32C0F6010232F81320B0FBF2F065
:10201000400000EB5100B0FBF1F00590059810284E
:1020200018D3FFE7BDF81600A0B9FFE7059820F028
:102030000F00ADF81E00059800F00E01BDF81E005F
:1020400040EA5100ADF81E00BDF81E00099909686C
:10205000C86003E001208DF81300FFE7FFE72CE0E4
:1020600006980021F5F74CF90290029820B3FFE79B
:102070000298099A5168536A44F65C32C0F601022C
:1020800032F81320B0FBF2F000EB5100B0FBF1F09E
:102090000590059810280AD3FFE7BDF8160030B95F
:1020A000FFE7BDF8140009990968C86003E0012042
:1020B0008DF81300FFE7FFE7FFE7FFE7099901202D
:1020C000A1F86A000999A1F86800099900204867F9
:1020D000099988679DF813000AB080BD80B586B065
:1020E000DDF820C0049003918DF80B200193FFE7E9
:1020F00004980068C06903990840401AB0FA80F05B
:1021000040099DF80B10884266D1FFE7089801301E
:10211000002860D0FFE7F4F7A7FA0199401A089960
:10212000884203D8FFE7089820B9FFE703208DF81D
:10213000170055E00498006800684007002849D55A
:10214000FFE70398802845D0FFE70398402841D057
:10215000FFE704980068C06900F008010120B0EBB7
:10216000D10F16D1FFE7049801680820009008629B
:102170000498FFF735FD00980499C1F89000FFE737
:102180000499002081F88400FFE701208DF81700F2
:1021900026E004980068C06900F400610120B0EBFB
:1021A000D12F16D1FFE7049801684FF40060086250
:1021B0000498FFF715FD04992020C1F89000FFE76F
:1021C0000499002081F88400FFE703208DF81700B0
:1021D00006E0FFE7FFE78BE700208DF81700FFE739
:1021E0009DF8170006B080BD80B540F6C420C2F24D
:1021F0000000FCF779F980BD84B08DED030A0290F0
:1022000001919DED030A029890ED001A30EE410A0B
:102210008DED000A9DED001A029890ED002A9FEDC9
:10222000160A21EE001A31EE021A80ED001A01980A
:1022300090ED001A9DED002A22EE000A20EE020A1F
:1022400030EE010A9FED0D1A20EE010A80ED000A22
:10225000019890ED000A9FED0A1AB4EE410AF1EEE2
:1022600010FA07DAFFE7019941F26F20C3F68320E5
:102270000860FFE704B07047CDCC4C3D3333733F6B
:102280006F12833AFFE7FEE740F2BC20C2F2000083
:10229000026840F2D031C2F200010A60C2684A60AE
:1022A00042688A600069002818BF012008737047DF
:1022B00040F2CC40C2F20000007C40F2E031C2F2B9
:1022C000000108707047000080B584B040F25840AB
:1022D000C2F20000EFF7ACFACDED031A8DED021A51
:1022E000CDED010A8DED000A40F24830C2F2000047
:1022F000C26840F22401C2F200010A6002694A6029
:1023000042698A600268CA6042680A6180684861FE
:1023100040F2AC50C2F2000002688A614268CA61B1
:102320008068086200984862019888620298C862D2
:102330000398086304B080BD80B584B040F2FC40CF
:10234000C2F20000008840F2E431C2F200010391C1
:10235000088000F001FC0399887040F67450C2F2C6
:102360000000C07850B1FFE700F0D2FB00F078F831
:1023700040F2E431C2F20001C870FFE700F06AFBEE
:1023800000F096F840F2E431C2F2000102910871C7
:1023900040F2FC40C2F200000190D0F805208A60B3
:1023A000D0F80920CA60D0F80D200A61D0F81120B9
:1023B0004A61D0F815208A61D0F81920CA61D0F896
:1023C0001D200A62D0F821204A62D0F825008862D8
:1023D00040F22C50C2F200000088888500F0CEFB4D
:1023E000029981F82E0040F67450C2F20000007984
:1023F00058B1FFE700F09EFB00F032F840F2E43104
:10240000C2F2000181F82F00FFE700F071FB00F03D
:102410004FF840F2E431C2F2000181F8300040F29E
:102420002C50C2F20000D0F805204A63D0F80920F1
:102430008A63D0F80D20CA63D0F811200A64D0F85E
:1024400015204A64D0F819208A64D0F81D20CA6487
:10245000D0F821200A65D0F82500486504B080BD79
:1024600082B08DF806009DF806000146009105280F
:1024700015D80099DFE801F0031307130B0F0220B2
:102480008DF807000FE003208DF807000BE0042013
:102490008DF8070007E001208DF8070003E0002019
:1024A0008DF80700FFE79DF8070002B070470000B5
:1024B00082B0ADF80400BDF804000146009119286F
:1024C0000CD0FFE7009832280CD0FFE700984B288B
:1024D0000CD0FFE7009864280CD00FE001208DF8A5
:1024E00007000FE002208DF807000BE003208DF8B5
:1024F000070007E004208DF8070003E000208DF8B6
:102500000700FFE79DF8070002B0704780B582B072
:102510008DF807009DF8070000F08AF900900098F8
:10252000B0F1FF3F08DCFFE740F61851C2F20001AE
:10253000886B01308863FFE7009802B080BD00001F
:1025400080B50120FFF7E2FF0220FFF7DFFFFFE782
:10255000FEE7000081B0ADF80200BDF902000028DE
:102560000ED4FFE7BDF9021001F01F0201209040D8
:102570004A094EF20011CEF2000141F82200FFE7B5
:1025800001B070474EF60C50CEF200000068C0F368
:102590000220704782B0ADF806000091BDF9060038
:1025A00000280AD4FFE700980001BDF906104EF29A
:1025B0000042CEF2000288540BE000980001BDF802
:1025C000061001F00F014EF61452CEF200028854AC
:1025D000FFE702B07047000083B00290029800F05D
:1025E000070000904EF60C51CEF2000108680190F1
:1025F00001984FF6FF02104001900198009A40EABE
:1026000002200022C0F2FA521043019001980860A3
:1026100003B0704780B584B08DF80B008DF80A10B8
:1026200001929DF80B0048B1FFE79DF80B000128CF
:1026300004D0FFE76FF00100039037E09DF80B0036
:10264000012100F06BFB9DF80B009DF80A1000F0D3
:1026500031F848B1FFE79DF80B00002100F05EFB68
:102660004FF0FF30039021E0F3F7FEFF0090FFE70B
:102670009DF80B0000F0FEF9012814D1FFE7F3F7F5
:10268000F3FF0099401A0199884204D3FFE70198AB
:10269000013018B9FFE7019820B9FFE76FF0020099
:1026A000039003E0E4E700200390FFE7039804B001
:1026B00080BD000080B582B08DF803008DF8021057
:1026C0009DF8030028B9FFE74FF44470ADF800000F
:1026D0000EE09DF80300012805D1FFE740F211301C
:1026E000ADF8000003E06FF0010001900CE0FFE79F
:1026F000BDF800009DF8022040F29451C2F20001A2
:10270000EDF7DEFF0190FFE7019802B080BD000009
:1027100080B58AB00020089007900690F0F7C8FFB7
:1027200058B1FFE740F61851C2F20001086B0130C2
:1027300008634FF0FF30099077E001200090F4F734
:10274000BBF802200190F4F7B7F808200290F4F7E4
:10275000B3F820200390F4F7AFF80098019940F601
:102760004003C4F202431A6842F0FF021A6040F6C6
:102770000003C4F202431A6842F080021A60002289
:10278000059207920891069006A80490F4F7A4F821
:10279000019904980691F4F79FF80299049806911C
:1027A000F4F79AF8039904980691F4F795F80598C8
:1027B000F0F738FD40B1FFE740F61851C2F20001D2
:1027C000086B01300863FFE70020F0F71DFD40B102
:1027D000FFE740F61851C2F20001086B01300863B0
:1027E000FFE70020F0F702FD40B1FFE740F6185187
:1027F000C2F20001086B01300863FFE740F64001B8
:10280000C4F20241086840F0FF00086072B6F4F7B5
:10281000EDF862B640F61851C2F20001486B013083
:1028200048634FF0FF300990FFE709980AB080BD78
:1028300082B08DF8030040F2CA50C2F20000007866
:10284000013041F21211C1F21111A0FB0121A1EBE3
:10285000011108448DF802009DF8030020B9FFE73C
:102860006FF0010001901FE09DF8020040F2C95195
:10287000C2F200010978884204D1FFE76FF003003B
:10288000019011E09DF8030040F2CA51C2F200012C
:102890000B7840F2BA52C2F20002D0549DF8020006
:1028A000087000200190FFE7019802B07047000017
:1028B00080B501F023F808B9FFE734E040F2C950D1
:1028C000C2F20000007840F2CA51C2F20001097859
:1028D000884228D0FFE740F2C950C2F200000178D8
:1028E00040F2BA50C2F20000415C002001F01CF836
:1028F00040B1FFE740F61851C2F20001886B013089
:10290000886310E040F2C951C2F20001087801303A
:1029100041F21212C1F21112A0FB0232C2EB0212FA
:10292000801A0870FFE780BD83B001900198009085
:102930000F284AD80099DFE801F0080C1014181C81
:102940002024282C3034383C404400208DF80B00E3
:102950003FE001208DF80B003BE002208DF80B00DA
:1029600037E003208DF80B0033E004208DF80B00D6
:102970002FE005208DF80B002BE006208DF80B00D2
:1029800027E007208DF80B0023E008208DF80B00CE
:102990001FE00C208DF80B001BE010208DF80B00C1
:1029A00017E014208DF80B0013E018208DF80B00B1
:1029B0000FE020208DF80B000BE030208DF80B008D
:1029C00007E040208DF80B0003E000208DF80B009D
:1029D000FFE79DF80B0003B07047000080B582B0A0
:1029E0000090009820B9FFE76FF00100019014E01B
:1029F00040F67450C2F20000407918B9FFE7052094
:102A000001900AE0009840F62441C2F20001302211
:102A1000EDF76BFC00200190FFE7019802B080BD4C
:102A200080B582B00090009820B9FFE76FF00100F8
:102A300001900BE0009840F62441C2F200013031D1
:102A40003022EDF752FC00200190FFE7019802B020
:102A500080BD000080B58CB040F62440C2F200007A
:102A600000F1300168463022EDF73FFCBDF803006D
:102A70000CB080BD82B08DF803009DF8030040B912
:102A8000FFE740F62440C2F2000090F8A200019057
:102A900011E09DF80300012808D1FFE740F624402B
:102AA000C2F2000090F8A300019004E0FFE76FF08D
:102AB00001000190FFE7019802B0704780B582B035
:102AC0000090009820B9FFE76FF0010001900BE043
:102AD000009840F62441C2F2000160313022EDF747
:102AE00004FC00200190FFE7019802B080BD0000C7
:102AF00080B58CB040F62440C2F2000000F16001C5
:102B000068463022EDF7F1FBBDF803000CB080BD44
:102B100080B58CB040F62440C2F2000000F13001D4
:102B200068463022EDF7E1FB9DF8020000F00F004F
:102B30000CB080BD80B58CB040F62440C2F20000DD
:102B400000F1600168463022EDF7CFFB9DF80200EE
:102B500000F00F000CB080BD80B58CB040F6244072
:102B6000C2F2000000F1300168463022EDF7BDFBF3
:102B70009DF8020000090CB080BD000080B58CB04B
:102B800040F62440C2F2000000F1600168463022A5
:102B9000EDF7ABFB9DF8020000090CB080BD000012
:102BA00080B582B040F2F000C2F20000006820B9A7
:102BB000FFE74FF0FF30019007E040F2F000C2F273
:102BC0000000016888470190FFE7019802B080BDCE
:102BD00080B582B040F2F000C2F20000406820B937
:102BE000FFE74FF0FF30019007E040F2F000C2F243
:102BF0000000416888470190FFE7019802B080BD5E
:102C000083B08DF807009DF8070001460091402829
:102C100000F254800099DFE801F02124272A2D30AA
:102C20003336395151513C5151513F51515142511B
:102C30005151455151515151515148515151515199
:102C4000515151515151515151514B51515151517A
:102C5000515151515151515151514E00002002904A
:102C600030E0012002902DE0022002902AE00320B3
:102C7000029027E00420029024E00520029021E049
:102C8000062002901EE0072002901BE00820029020
:102C900018E00920029015E00A20029012E00B20B3
:102CA00002900FE00C2002900CE00D20029009E051
:102CB0000E20029006E00F20029003E04FF0FF305C
:102CC0000290FFE7029803B07047000080B5FDF75F
:102CD000F5FA80BD80B584B0ADF80A0001918DF899
:102CE000032040F2F000C2F20000C06820B9FFE704
:102CF0004FF0FF3003900DE040F2F000C2F2000010
:102D0000D0F80CC0BDF80A10019A9DF80330E047D6
:102D10000390FFE7039804B080BD000081B08DF8F8
:102D200003008DF802109DF8030048B9FFE79DF8F5
:102D3000020040F62441C2F2000181F8A200FFE740
:102D40009DF80300012809D1FFE79DF8020040F635
:102D50002441C2F2000181F8A300FFE701B07047EF
:102D600080B582B000200190F3F7BCFCFEF7CEFAEC
:102D7000FDF776FAFCF742FFFCF724FFFDF7D4F8E5
:102D8000FCF7AAFEFDF798F8FDF74CF8FCF7BEFE3D
:102D9000FDF73AF9FDF766F9FDF7ACF9FDF754F8E0
:102DA000FCF7FCFDFCF7E4FEFDF7F6F8FCF744FE4B
:102DB000FEF73EF940B1FFE740F61851C2F20001BC
:102DC00008680130086002E0FFF7BAFBFFE7FFE7A1
:102DD000FEE7000080B582B00090009820B9FFE7C0
:102DE0006FF00100019019E0009801210022F2F734
:102DF00075FA20B1FFE76FF0050001900EE0009832
:102E00004FF400210022F2F769FA20B1FFE76FF0DA
:102E10000500019002E000200190FFE7019802B058
:102E200080BD0000B0B58EB00C900C980B900B9844
:102E300020B9FFE76FF001000D9044E10B98406B63
:102E40000A900B98806B0990FFE70B98C06A4021AD
:102E5000F2F7BEFC002800F03381FFE70A9840211A
:102E6000EDF75CFA0B98D0F81CC00A9A02F1440105
:102E700002F14003E04720B1FFE76FF005000D903D
:102E800021E10A98406C0790002845D0FFE7079899
:102E9000012800F09180FFE70798022800F0DE800B
:102EA000FFE70798032800F0F180FFE7079840F25A
:102EB0000331884240F00281FFE709983021EDF7A5
:102EC0002DFA099905910A9C069420686268A36806
:102ED000D4F80CC0D4F810E065694D61C1F810E079
:102EE000C1F80CC08B604A600860A069E269236A7F
:102EF000D4F824C0D4F828E0E46ACC62C1F828E011
:102F0000C1F824C00B62CA61886140F67451C2F2F4
:102F1000000101204871D2E00A98B0F84000302842
:102F200049D1FFE7F3F7A0FB08900998D0F890008B
:102F300040B1FFE708980999D1F89020801AC1F8AC
:102F4000980004E009990020C1F89800FFE708986C
:102F50000999C1F89000099830303021EDF7DEF979
:102F6000099903910A9C049420686268A368D4F8C4
:102F70000CC0D4F810E065694D64C1F840E0C1F8B8
:102F80003CC08B634A630863A069E269236AD4F892
:102F900024C0D4F828E0E46ACC65C1F858E0C1F850
:102FA00054C00B65CA64886440F67451C2F20001D3
:102FB0000120C870FFE782E00A98B0F8400030288E
:102FC0004BD1FFE7F3F750FB08900998D0F8940035
:102FD00040B1FFE708980999D1F89420801AC1F808
:102FE0009C0004E009990020C1F89C00FFE70898C4
:102FF0000999C1F89400099860303021EDF78EF9F5
:10300000099901910A9C029420686268A368D4F827
:103010000CC0D4F810E065694D67C1F870E0C1F8E4
:103020006CC08B664A660866A069E269236AD4F8B8
:1030300024C0D4F828E0E46AC1F88C40C1F888E0E4
:10304000C1F884C0C1F88030CA67886740F67451FF
:10305000C2F2000101200871FFE730E00A98B0F8E1
:10306000400050B1FFE70A980078099981F8A00064
:103070000999002081F8A20007E00999002081F851
:10308000A000099981F8A200FFE718E00A98B0F8BB
:10309000400050B1FFE70A980078099981F8A10033
:1030A0000999002081F8A30007E00999002081F820
:1030B000A100099981F8A300FFE700E0FFE7C4E65B
:1030C00000200D90FFE70D980EB0B0BD80B582B026
:1030D0000090009820B9FFE76FF00100019018E020
:1030E000009801221146F2F7DDFA20B1FFE76FF0F8
:1030F000050001900DE0009840210222F2F7D2FA7B
:1031000020B1FFE76FF00500019002E00020019080
:10311000FFE7019802B080BD80B58AB0089008989A
:103120000790002006900590049003900290019073
:10313000079820B9FFE76FF00100099076E0079843
:10314000406B4821EDF7EAF80798806BA421EDF772
:10315000E5F80020019002900220039001200490E5
:1031600040F20330059040F6FF7006900798C06A61
:1031700001A9F2F707FA20B1FFE76FF00500099007
:1031800054E001200290002005904FF470600690FA
:103190000798C06A01A9F2F7F5F920B1FFE76FF0CF
:1031A0000500099042E0022002904FF480600590F3
:1031B0004FF4706006900798C06A01A9F2F7E2F92F
:1031C00020B1FFE76FF0050009902FE00798C06A73
:1031D000694601230B6002221146F2F72FFA20B153
:1031E000FFE76FF00500099020E00798C06AFFF73D
:1031F0006DFF20B1FFE76FF00500099016E007981A
:10320000C06AF2F79DFF20B1FFE76FF0050009905B
:103210000CE00798C06AFFF7DDFD20B1FFE76FF013
:103220000500099002E000200990FFE709980AB024
:1032300080BD000080B592B010900F910E920D935A
:1032400003A82821EDF76AF8109802900E980190D3
:10325000029848B1FFE70F9830B1FFE70E9818B118
:10326000FFE70D9820B9FFE76FF0010011901CE017
:10327000019840210091EDF751F800990298C06A39
:10328000019B03AAF2F7BEFA20B1FFE76FF0050039
:1032900011900AE00698FFF747FB0D990880039804
:1032A0000F99086000201190FFE7119812B080BDBF
:1032B00080B592B010900F910E92ADF8363004A800
:1032C0002421EDF72BF8109803900E9802900398A4
:1032D00090B1FFE70E9820B9FFE7BDF8360058B966
:1032E000FFE70F990020B0EBD12F05D1FFE7BDF824
:1032F0003600412804D3FFE76FF0010011902BE066
:103300009DF83600FFF77CFC01900198013020B950
:10331000FFE76FF0010011901EE00F98049000206D
:10332000059006900199079108904FF4801109913A
:103330004FF400110A910B900C900398C06A029A06
:1033400004A9F2F7D1F820B1FFE76FF00500119062
:1033500002E000201190FFE7119812B080BD00003C
:1033600080B584B00390039802900298406B01905E
:103370000198426A694690479DF8000004B080BDFC
:1033800080B586B004900391049802900298C06AB8
:103390000190019818B1FFE7039820B9FFE76FF09B
:1033A0000100059009E001980299098EF3F72EF9C2
:1033B0000399086000200590FFE7059806B080BDDE
:1033C00080B5ADF6680D8446DDF87008CDF864C8A8
:1033D000CDF86018ADF85E28CDF85838ADF856082D
:1033E0000DF1160003904FF40461ECF797FFFF20F6
:1033F0008DF81600DDF864184868098900220492E7
:10340000F3F71CF9DDF864080068DDF86018BDF812
:103410005E2864230293F9F761FCDDF808C0039984
:10342000DDF864080068DDF85828BDF85638EE4627
:10343000CEF800C0F9F7B2FEDDF8641848680989D3
:103440000122F3F7FBF804980DF6680D80BD00002B
:1034500080B58CB00A908DF827100892ADF81E3018
:10346000002006900590FF2004900A98006820B183
:10347000FFE70A98406820B9FFE76FF004000B905F
:1034800031E09DF8270040F080008DF827000A9970
:103490004868098900220392F3F7D0F801200290CE
:1034A000FDF776FD029A0A9800680DF12701642362
:1034B0000193F9F713FC01990A980068089ABDF87E
:1034C0001E30EC46CCF8001004A9F9F767FE02980C
:1034D000FDF75EFD029A0A9948680989F3F7AEF88C
:1034E00003980B90FFE70B980CB080BD80B592B0AD
:1034F00011908DF843100F92ADF83A3000220492EB
:103500008DF830200B920A9209928DF820200792B4
:10351000069205929DF8430040F080008DF824004B
:10352000119948680989F3F789F801200290FDF79D
:103530002FFD11980068BDF83A1001316B466422E6
:103540001A608BB209A905AA0392F9F727FE02981F
:10355000FDF71EFD029A119948680989F3F76EF884
:1035600003990F980131BDF83A20ECF7BEFE04989C
:1035700012B080BD80B588B006908DF81710049207
:10358000ADF80E300698006820B1FFE70698406855
:1035900020B9FFE76FF0040007902DE09DF81700B9
:1035A00000F07F008DF8170006994868098900220D
:1035B0000292F3F743F801200190FDF7E9FC019A2C
:1035C000069800680DF1170164230093F9F786FB54
:1035D000009B069800680499BDF80E20F9F77EFB61
:1035E0000198FDF7D5FC019A069948680989F3F717
:1035F00025F802980790FFE7079808B080BD000003
:1036000080B586B004900391049802900298C06A35
:103610000190019820B9FFE76FF0010005900FE0DD
:103620000398002818BF01208DF803000198029923
:10363000098E9DF80320F3F701F800200590FFE7BD
:10364000059806B080BD000080B588B00690059151
:103650000492ADF80E3006980290049801900298FA
:1036600038B1FFE7049820B1FFE7BDF80E0020B99C
:10367000FFE76FF00100079011E00298C06A01991E
:10368000BDF80E204FF0FF33FBF70AFB20B1FFE738
:103690006FF00500079002E000200790FFE7079811
:1036A00008B080BD80B588B084460A98CDF81CC0AB
:1036B0000691ADF816200493ADF80E0007994868FE
:1036C000098900220292F2F7B9FF0798006806996B
:1036D000BDF8162064230193F9F700FB019B0798BE
:1036E00000680499BDF80E20F9F7F8FA07994868C0
:1036F00009890122F2F7A2FF029808B080BD0000FC
:1037000083B00190019820B9FFE700208DF80B00ED
:103710005BE040F61450C2F20000006868B9FFE7B1
:10372000019840F61451C2F200010860019900208E
:10373000486201208DF80B0047E0019890F82000C6
:1037400040F61451C2F20001096891F82010884235
:103750000DDAFFE740F61451C2F200010868019A41
:1037600050620198086001208DF80B002DE040F6B2
:103770001450C2F2000000680090FFE70098406A11
:10378000C8B1FFE7019890F820000099496A91F8C4
:10379000201088420BDAFFE70098406A01994862DE
:1037A00001980099486201208DF80B000DE0009807
:1037B000406A0090E2E70198009948620199002070
:1037C000486201208DF80B00FFE79DF80B0003B065
:1037D0007047000082B000208DF80300FFE79DF8DD
:1037E0000300132821D8FFE79DF8030000EB4001F8
:1037F00040F68050C2F2000000EB011090F821006A
:1038000060B9FFE79DF8030000EB400140F68050EF
:10381000C2F2000000EB0110019009E0FFE79DF803
:10382000030001308DF80300D9E700200190FFE785
:10383000019802B07047000010B584B08C468646EF
:1038400007980699CDF80CE0CDF808C00192ADF8C4
:1038500002308DF801108DF800000298039908607D
:10386000BDF80200039988829DF80100039981F850
:103870002000F0F7A7F90146039A0020D06191617A
:10388000039988629DF80000039981F8210001984E
:1038900070B1FFE70198007850B1FFE7039804305A
:1038A00001990F22ECF745FD03990020C87408E048
:1038B0000398043044F6AE31C0F60101ECF745FD43
:1038C000FFE703990020486204B010BD82B0ADF854
:1038D0000600ADF80410ADF80220BDF80600800522
:1038E000BDF804106FF39F2140EA0130BDF80210CB
:1038F0006FF31F31084402B07047000080B582B0FA
:1039000040F25820C2F20000FFF72AFD20B1FFE785
:1039100000208DF8070003E001208DF80700FFE785
:103920009DF8070002B080BD80B584B08DF80B0013
:103930008DF80A109DF80A0020B9FFE76FF001002A
:10394000039021E040F2CB50C2F2000001907E21B2
:10395000017005214170412181709DF80B10C170EB
:103960009DF80A100171417890F802C0C37802797D
:1039700081EA0C01594051404171EF2181710721C9
:1039800000F006F80390FFE7039804B080BD000044
:1039900080B584B00290ADF8061040F25820C2F213
:1039A0000000C06818B1FFE7029820B9FFE76FF088
:1039B000010003900CE040F25820C2F20000D0F861
:1039C0000CC0029ABDF806300021E0470390FFE7E3
:1039D000039804B080BD4100080218BF04200A0EFD
:1039E00018BF40F001004FF07F4232EA010108BFEA
:1039F00040F00200012808BF0520704710B54FF0C5
:103A00000E402DED028BB0EE408A18EE104A00EB0E
:103A10004400B0F1506F4AD84FF0FC40B0EB440F77
:103A200022D2B0EEC80AF7EE000A30EEC00AF6EE77
:103A3000000A60EE208A18EE900A00F073FF01EE93
:103A4000100A14F0004F1DBFDFED2D0A9FED2D0A67
:103A5000B1EE411ADFED2C0A08BF9FED2C0AF8EEFB
:103A6000001A21EE218A05E0DFED290A68EE088AB6
:103A7000B0EE600A9FED271ADFED271A30EE080A34
:103A800048EE811A9FED251A08EEA11ADFED241ADF
:103A900048EE811A9FED231A08EEA11A68EE281A43
:103AA000BDEC028B01EE810A30EE200A10BD4FF012
:103AB000E440B0EB440F0CD918EE100AFFF78BFF6F
:103AC000042808BF00F066FEB0EE480ABDEC028B89
:103AD00010BD4FF07F40B0EB440F07D2B0EE480A64
:103AE000BDEC028BBDE8104000F03EBE012000F0AE
:103AF00013FFBDEC028BBDE8104000F03BBE0000A0
:103B00000000C9BF22AAFDB90000C93F22AAFD39A1
:103B10000000000024FE1C3DC78AD83C1E67383DCB
:103B20001B93993DAFAA2A3E70B54FF068422DED28
:103B3000048BF0EE408A18EE900AB0EE608A18EE20
:103B4000101A02EB4003B3F1654F3CBF02EB410298
:103B5000B2F1654F7DD200BFC0F3C753C1F3C75266
:103B60009A1A1B2A09DD10F0004F14BF9FED830A3B
:103B70009FED830ABDEC048B70BD12F11A0F36DA8B
:103B800011F0004F09D010F0004F0CBF9FED7D0ADF
:103B90009FED7D0ABDEC048B70BD88EE889A19EE0E
:103BA000100AFFF718FF042808BF00F0F3FD18EE15
:103BB000900AFFF710FF054618EE100AFFF70BFFFB
:103BC000044619EE100AFFF706FF042D18BF052D55
:103BD00008D1042C18BF052C04D1002804BF0220F2
:103BE00000F09AFEB0EE490ABDEC048B70BD4200B5
:103BF000B2EB410F3AD910F0004F19BFDFED630A65
:103C00009FED630ADFED630A9FED630AB0EE481A89
:103C10000A46B1EE688A80F00041F0EE418A104613
:103C20000A1A5200B2F1807F34D2484010F0004F9F
:103C3000DFED5A1A9FED5A2A1DBFBEEE001A70EE34
:103C4000E10A30EE420AB6EE001A08BF70EEA10A91
:103C500000E040E008BF30EE020AB0EE682A01EE54
:103C6000482A08EE818AC2EE081A15E011F0004FCA
:103C700004BF9FED4C0AF0EE400AD1D010F0004F87
:103C800019BFDFED490A9FED490ADFED490A9FEDB3
:103C9000490AC5E7C8EE881A21EEA11A9FED462A07
:103CA000DFED462A41EE022A9FED452A01EE222A47
:103CB000DFED442A41EE022A9FED432ABDEC048B3E
:103CC00001EE222A21EE811A01EE020A30EE210ACB
:103CD00030EE200A70BD4FF07F42B2EB400F28BF9C
:103CE000B2EB410F09D2F0EE480AB0EE680ABDEC23
:103CF000048BBDE8704000F03ABD40EA01035B0070
:103D000008BF41F0FF410BD0B2EB400F08BFB2EB50
:103D1000410F08D120F0804008EE900A21F0804148
:103D200008EE101A18E7B2EB400F12BF5FEA41032A
:103D300040F0FF4001F000413FF40EAFB2EB410F05
:103D400012BF5FEA400200F0004041F0FF413FF443
:103D500003AF4A0092EA40033FF5FEAE002AACBF33
:103D60009FED1A0A9FED1A0A68EE808A28EE008AF3
:103D700018EE900A18EE101AEEE60000DB0FC9BF2D
:103D8000DB0FC93FDB0F4940DB0F49C00000C9BF53
:103D900022AAFDB90000C93F22AAFD390060ED3E0C
:103DA000C30ACE3700000000000049C022AA7DBA35
:103DB0000000494022AA7D3A2DAD65BD8FB8D53DA2
:103DC0000FB511BE61C84C3EA8AAAABE0000804F24
:103DD0000000802F10EE101A08B5444A6846B2EB76
:103DE000410F28D94FF0E640B0EB410F94BF0020BF
:103DF0004FF0FF3000900098002861DB60EE000A71
:103E000010F0010F45D010F0020FDFED391A9FEDD1
:103E1000391A00EEA11ADFED381A40EE811A21EEB0
:103E2000A01AF0EE400A40EE010A08BFF1EE600A67
:103E3000B0EE600A08BD314B21F0004293423CD9FC
:103E400011F0004FDFED2E0A20EE201ADFED2D0AD3
:103E500019BF31EE601A71EE200A31EE201A71EEB0
:103E6000600ABDEEE01A11EE100A9FED271A00F06D
:103E7000030000EEC10A9FED251A009000EEC10A72
:103E80009FED231A00EEC10A9FED221A00EEC10A2F
:103E9000B1E79FED211A9FED210A10F0020F00EE0D
:103EA000810A9FED1F1A00EE801AB7EE000A00EE9D
:103EB000810A18BFB1EE400A08BD00F073FC9AE712
:103EC00010EE100A4000B0F17F4F3CBFB7EE000A81
:103ED00008BD07D14FF0010000F01EFDBDE808400D
:103EE00000F048BCBDE8084000F03EBCB61F927E22
:103EF000336D4CB9DA82083CA0AA2ABE490E494665
:103F000083F9223F0000004B0000C93F00A0FD39AB
:103F10000020A2331A61342CB93AB2BACA9F2A3DA2
:103F2000DDFFFFBE10B510EE100A2DED068BB7EECB
:103F3000001A10EE901AB0EE418A0022A0F5000C93
:103F4000DFEDFE9A4FF00073BCF1FE4F4FF07F445F
:103F500003EB410C80F0B481BCF1804FC0F02082B3
:103F6000F74901449FEDF73AB1F5005F40F2D48282
:103F700000F58021CB0C03F00F0101EE901AC3F382
:103F800007137F3BA0EBC350B8EEE12A00EE100A06
:103F90001A44DFEDED2AF0EE411A42EE221AF0EE5D
:103FA000613A70EE232A30EE632A12EE900A00F591
:103FB00000606FF30B0001EE900A73EEE13A33EE0E
:103FC000804AC1EE223A22EE230A10EE100A00F5D2
:103FD00000606FF30B0000EE100A00EE612A00EEA5
:103FE000442A62EE232A70EE221A21EEA12ADFED86
:103FF000D73A02EE233A23EE023A20EE012A22EECD
:10400000811A03EE211A32EE010A10EE100A00F5B1
:1040100000606FF30B0000EE100A72EE401A31EEF2
:10402000812A9FEDCB1A60EE011A9FEDCA1A20EE8D
:10403000011A9FEDC90A02EE001A31EE810A10EE54
:10404000100A00F500606FF30B0000EE100AC34881
:1040500071EEC01A31EE812A784400EBC10090ED78
:10406000003AD0ED011A100101EE100AF8EEC12A53
:1040700032EE211A31EE001A31EE031A31EE221A15
:1040800011EE100A00F500606FF30B0009EE100A44
:1040900039EE621A31EE431A31EE400A30EE610A0F
:1040A00032EE40AA10EE900A002100F500606FF396
:1040B0000B0008EE900A084670EEE8AAECF76DF9DE
:1040C00029EE280A00F00C01F0EEC00A10EE900A6A
:1040D000B0F18B4F0DDD10EE900AB4EB400F08D31A
:1040E00010EE100A4FF08B4262F31E0008EE900AA9
:1040F00013E069EE2A0A38EEAA1A4AEE010A30EEF7
:10410000201A11EE100A00F500606FF30B0008EEA4
:10411000900A30EE680A70EE209A0C20ECF73DF918
:1041200038EEA90AB5EEC00AF1EE10FA34BFFEEE81
:10413000000AF6EE000A30EE800ABDEEC00A10EE6C
:10414000100A011100EE101AF8EEC00A00EE100A73
:10415000B8EEC00A38EEC00A30EE290ADFED801A48
:104160009FED801A00EE211ADFED7F1A7F4900F0E3
:104170000F0040EE011A21EE800A794401EB800124
:1041800091ED001A7A49794401EB8001D1ED001AD2
:10419000784901EE801A794401EB8000764990ED70
:1041A000000A31EE001AB0EEE00A10EE100A884262
:1041B00015DA10EE100AB4EB400F10D39FED6F0A22
:1041C00030EE800ADFED6E0A20EE200A68EE010A6A
:1041D000BDEC068BBCEEC00A20EE200A10BD10EE2E
:1041E000100A6849884243DA10EE100AB4EB400F17
:1041F0003ED3BDEEE00A68EE010A10EE100A00EBB5
:10420000D0725110C90501F17E5100EE101AA0EBD9
:104210006200C00560EE200A00F17E5000EE100A38
:1042200060EE808A18EE900AB4EB400F0FD10220A6
:1042300000F072FB00F0A6FA10EE101A18EE100A49
:10424000BDEC068B61F31E0000EE100A10BD18EEE7
:10425000900A400011D018EE900AFFF7BCFB04282A
:1042600008BF00F097FAB0EE680ABDEC068B10BDEF
:10427000F5EEC00AF1EE10FA0FD2022000F04CFB6E
:1042800000F088FA10EE101A18EE100ABDEC068B3A
:1042900061F31E0000EE100A10BD022000F03CFB8E
:1042A00000F070FA10EE101AB0EE480A10EE100A84
:1042B000BDEC068B61F31E0000EE100A10BD00BFBE
:1042C000BCF1804F6CD300BF00F1FF43B3F1FE4F50
:1042D00024D200BFB0EEC00A10EE100AC1F3C753DB
:1042E0007F2B0DDB972BBFF63BAEC3F196034FF050
:1042F000010C0CFA03F3A3F1010C1CEA010F08D026
:10430000012000F009FBBDEC068BBDE8104000F079
:1043100031BA0B4218BFBFEE008A21E643001CBF32
:104320004FF08073B3EB400F34D96FF01A02DFED1A
:10433000161A20EE210A10EE100A27E000000000F5
:10434000001080C0ABAAAA3E0000803D7EE24C3E39
:1043500000B03842D49AB8BB3BAA384208090000E2
:10436000FC596337C9FF753A1872313DA608000041
:10437000DA0800004A0800000000FC420000FE428B
:104380000000004B000040430000004D10F0004FC3
:10439000A0D1E5E5A0F50003B3F1FE4F21D2DFE5A2
:1043A00003EB4103B3F1007F11D3F5EEC00AF1EE48
:1043B00010FA05D1430018BFB4EB400F76D883E75D
:1043C00001F0004141F0FC5100EE901A7CE7B3F19E
:1043D000807F06D210EE903AA3F5000300EE903AEB
:1043E00072E720F000426FF0FF4C604C02EB0C03D0
:1043F000A34210D321F000439C44A4450BD3B0F159
:104400007E5F18BF5FEA410C50D0B2F1FF4F98BFFA
:10441000B3F1FF4F05D9BDEC068BBDE8104000F0AD
:10442000A6B9B0F1FF4F0FD0C1F3C7527F2A09DB05
:10443000972A11DAC2F19602012303FA02F2531EFF
:104440000B4205D0002208E011F0004F55D128E0C2
:104450000A4218BF012200D1022210F5000F13D02A
:1044600028B3B0F1004F26D010F1814F4FD04FF05C
:10447000FE42B2EB400F94BF01200020012202EB6C
:10448000E171884239D10CE011F0004F02D0012ACD
:1044900038D032E0012A02BF9FED350ABDEC068B11
:1044A00010BD9FED340ABDEC068B10BD2FE011F05E
:1044B000004F0CD121E0B1F1FF4F1ED011F5000FDC
:1044C00005D011F0004F15D00AB1012A08D0022002
:1044D00000F022FABDEC068BBDE8104000F03AB9BE
:1044E000022000F019FA00F035F9BDEC068BB1EEB0
:1044F000400A10BD0AB1012A04D0B0EE690ABDEC31
:10450000068B10BDBDEC068B9FED1B0A10BDBDECEC
:10451000068BB7EE000A10BD30EE410AB5EE001A68
:104520009FED172A00EE413AB6EE001A60EE001A2F
:1045300000EE431A61EEC11A9FED101A20EE011A27
:1045400020EE020A9FED0F2A01EE820A71EE001A98
:1045500011EE900A00F500606FF30B0009EE100AEF
:1045600031EE491A31EE00AA9CE50000FFFF3F0042
:10457000000080FF0000807F0000008000B0B84194
:10458000D49A38BB3BAAB84100B510EE101A2DEDF5
:10459000028B81B0524A6846B2EB410F2ED94FF0E0
:1045A000E640B0EB410F94BF00204FF0FF30009089
:1045B0000098B0EE408A00286ADB10F0010F4BD063
:1045C00068EE080A9FED471A9FED470A00EE810A40
:1045D0009FED461A10F0020F00EE801AB7EE000AA7
:1045E00000EE810A02BF01B0BDEC028B00BD00BF2E
:1045F00001B0B1EE400ABDEC028B00BD3C4B21F096
:104600000042934241D911F0004FDFED3A0A20EE0B
:10461000201ADFED390A19BF31EE601A71EE200A57
:1046200031EE201A71EE600ABDEEE01A11EE100AAA
:104630009FED321A00F0030000EEC10A9FED301A20
:10464000009000EEC10A9FED2F1A00EEC10A9FED07
:104650002E1A00EEC10AABE728EE080A9FED2B1ACE
:10466000DFED2B0A10F0020F40EE010A9FED291A30
:1046700000EE201A61EE000AB0EE480A08EE200AA9
:10468000B6D101B0BDEC028B00BD00F08BF88FE716
:1046900018EE100A4000B0F17F4F0DD218EE100A4C
:1046A000FFF799F9042808BF00F074F8B0EE480A43
:1046B00001B0BDEC028B00BD09D1012000F02CF946
:1046C00001B0BDEC028B5DF804EB00F053B801B013
:1046D000B0EE480ABDEC028B5DF804EB00F044B884
:1046E000B61F927EB93AB2BACA9F2A3DDDFFFFBE1D
:1046F000490E494683F9223F0000004B0000C93FA4
:1047000000A0FD390020A2331A61342C336D4CB95E
:10471000DA82083CA0AA2ABE10B52DED028BB1EEBC
:10472000C08A18EE100A20F00040C0F1FF40C00F10
:104730000AD010EE100A20F00040C0F1FF40C00F78
:1047400004BF012000F0E8F8B0EE480ABDEC028B8F
:1047500010BD0000DFED030AB7EE001A81EE200A5B
:10476000704700000000000030EE000A704730EE95
:10477000200A7047DFED020A80EEA00A70470000B1
:10478000000000009FED020A20EE000A70470000C2
:10479000000000709FED020A20EE000A7047000042
:1047A000000000102DE9F0014FF07F42B2EB410F05
:1047B0009FBF4FF0FF310160BDE8F00170474FF03F
:1047C000004242EA0123C1F3C752783A551112F070
:1047D0001F0C434CCCF120067C44C1F3C752A2F11C
:1047E00078024FEA621204EB820254F8254008BFB7
:1047F000D2E9015612D0556804FA0CF425FA06F7EE
:104800003C43976805FA0CF527FA06F8D26807FAD0
:104810000CFCF24045EA08054CEA0206A4FB034CF6
:10482000A5FB0352A6FB03631D449D4234BF012632
:1048300000261319334416B1934202D903E0934280
:1048400001D2012200E00022624402F1200C920613
:10485000DC0C42EA443200EE102A5B03DFED210A51
:10486000F8EEC01A00EE103A4FEA9C1C11F0004F0F
:10487000B8EE400AC0F800C020EE201A00EE105A30
:10488000DFED190AB8EE400A20EE200A71EE810A27
:1048900070EE800A10EE902A02F500626FF30B02B0
:1048A00000EE902A70EEE11A31EEC11ADFED101A17
:1048B00030EE411A9FED0D0A20EE800A01EE210A2A
:1048C0009FED0C1A00EE810A04BFBDE8F0017047AD
:1048D000CCF180510160BDE8F001B1EE400A7047B3
:1048E000C8020000000000360000802C22AAFD292A
:1048F000DB0FC92F0000C92F02E008C8121F08C132
:10490000002AFAD170477047002001E001C1121F50
:10491000002AFBD170470000014908607047000081
:104920000000002010B500EE100A2DED028BB1EE54
:10493000C08A18EE100A20F00040C0F1FF40C00FFE
:104940000AD010EE100A20F00040C0F1FF40C00F66
:1049500004BF0120FFF7E0FF18EE100ABDEC028B48
:1049600010BD000000000000000000000000B33F88
:10497000B2BE7D3A00002E40DFCF513800007E40AD
:10498000BF51FABA00E0A44019DAC3BA00E0C84047
:10499000C2ED8AB90040EB40CD1F2CBA0010064191
:1049A0002AFFFABA00C01541DFCFD13700D0244129
:1049B0009A97703A0050334189478E360040414102
:1049C000E75B9D3800B04E41C00A98B900A05B413A
:1049D000558F943A00306841DA92C0BA0040744171
:1049E00062B3C63A0000803F00A0853F00908B3F35
:1049F00000C0913F0030983F00F09E3F00F0A53F7F
:104A00000050AD3F0000B53F0000BD3F0060C53F16
:104A10000020CE3F0040D73F00C0E03F00C0EA3F4B
:104A20000020F53F000000007D36AC397D3C383970
:104A3000EBDCF438320A7E39124C26399B6AED39A8
:104A4000A4EE83397F661E39F6398A392B426539DF
:104A5000A48211395B991F39C3EECD39DDE7C63722
:104A6000A5A22F390000803FC3AA853FC2958B3F86
:104A7000D3C3913FF037983F32F59E3FD7FEA53F15
:104A80003F58AD3FF304B53FA408BD3F2A67C53F7B
:104A90008C24CE3FFD44D73FDFCCE03FC7C0EA3F88
:104AA0007D25F53F000000006E83F9A22915444ED4
:104AB000D15727FCC0DD34F5999562DB4190433C2A
:104AC000AB6351FE0000000000000000010203047F
:104AD00006070809000000000102030400010203A8
:104AE00004050607080C10141820304000000000D0
:104AF0000000003F000000000000B4420000B4428B
:104B0000000000000000803F0000000000000000E6
:104B100000000000000080BF000000000000000056
:104B200000000000000080BF00000000000080BF07
:104B3000000000000000000000000000000080BF36
:104B40000000803F00000000000000000804020494
:104B50000801010101010103070100000100020039
:104B60000400060008000A000C00100020004000AD
:104B700080000001000000000000003F00008044B1
:104B80000000204100000000F4010000494D5544A0
:104B9000415441004C454400464443414E00494D78
:104BA0005555706461746100566F69636500556E98
:104BB0006E616D65645461736B004261726F6D6507
:104BC000746572004C6F77506F776572000000005B
:104BD000F04B010800000020A0020000D0030008F4
:104BE000A84C0108A0020020A04E000008490108BE
:104BF000610F12803F6F12833A0411042690D00394
:104C0000EB803F115904591C4904CB01021013E8F1
:104C10000912203510024208280875350108ED34C4
:104C2000010B511BC8081C140402424A101C9A5163
:104C30001C2A583811191C1962E91C2A38381C081A
:104C400002423791480FA5360108C13301081931D6
:104C50000108252E2C8BB1323441DA35102B700728
:104C6000642113CC0C1B20240401201A01641A8136
:104C7000645119D411022A40F93C19D809333C0572
:104C80002B04024204E93C0A36103C1A08B402160E
:104C9000011A4928011C13580B42204B1C020829F9
:084CA0004769880000000000D4
:040000050800024DA0
:00000001FF
