:020000040800F2
:100000003075002061020008C5060108D1F500081E
:10001000C1060108191300083D34010873020008E5
:10002000000000000000000000000000D5110108E1
:100030009D3300080000000099070108DD15010844
:100040007D0200087D0200087D0200087D02000894
:100050007D0200087D0200087D0200087D02000884
:100060007D0200087D0200087D0200087D02000874
:100070007D0200087D0200087D0200086D3D000839
:100080007D0200087D0200087D0200087D02000854
:100090007D0200087D0200087D0200087D02000844
:1000A0007D0200087D0200087D0200087D02000834
:1000B0007D020008D93F00087D0200087D0200088B
:1000C0007D0200087D0200087D0200087D02000814
:1000D000000000007D0200087D020008813D00084C
:1000E000913D00087D0200087D0200087D020008A5
:1000F0007D0200087D0200087D0200087D020008E4
:100100007D0200087D0200083D1B01087D020008F9
:100110007D0200087D0200087D0200087D020008C3
:100120007D0200087D020008A13301087D0200085D
:100130007D0200087D0200087D0200087D020008A3
:100140007D0200087D0200087D0200087D02000893
:100150007D0200087D0200087D0200087D02000883
:100160007D0200087D0200087D0200087D02000873
:100170007D0200087D0200087D0200087D02000863
:100180007D0200087D0200087D0200087D02000853
:100190007D0200087D0200087D0200087D02000843
:1001A0007D0200087D0200087D0200087D02000833
:1001B0007D0200087D0200087D0200087D02000823
:1001C0007D0200087D0200087D0200087D02000813
:1001D0007D0200087D0200087D0200087D02000803
:1001E0007D0200087D0200087D0200087D020008F3
:1001F0007D0200087D0200087D0200087D020008E3
:100200007D0200087D0200087D0200080000000059
:10021000000000007D020008000000007D020008D0
:100220007D0200087D0200087D0200087D020008B2
:100230007D0200087D0200087D0200087D020008A2
:100240007D0200087D0200087D020008DFF80CD066
:1002500000F094FA00480047FD3E01083075002088
:100260000748804707480047FEE7FEE7FEE7FEE74E
:10027000FEE7FEE7FEE7FEE7FEE7FEE7FEE700003B
:10028000051A01084D0200082DE9F05F054600201F
:1002900092469B4688460646814640241BE02846F7
:1002A00041464746224600F09FF853465A46C01A38
:1002B000914110D311461846224600F086F82D1AB7
:1002C00067EB01084F4622460120002100F07DF82F
:1002D00017EB00094E41201EA4F10104DFDC484663
:1002E00031462A464346BDE8F09F40EA01039B079A
:1002F00003D009E008C9121F08C0042AFAD203E09B
:1003000011F8013B00F8013B521EF9D27047D2B2FE
:1003100001E000F8012B491EFBD270470022F6E7EE
:1003200010B513460A4604461946FFF7F0FF20466B
:1003300010BD10B5044604E00B7800F8013B03B192
:10034000491C521EF8D2204610BD10B5002200E014
:10035000521C835C8C5CA34201D1002BF8D1D8B233
:10036000E1B2401A10BD034611F8012B00F8012B31
:10037000002AF9D11846704700F0004230F00040E2
:100380000AD0C10D01F56071C0F3160042EA0151B7
:10039000C20840071143704700200146704730B53E
:1003A0000B46014600202022012409E021FA02F533
:1003B0009D4205D303FA02F5491B04FA02F52844CD
:1003C000151EA2F10102F1DC30BD202A04DB203A27
:1003D00000FA02F1002070479140C2F1200320FA98
:1003E00003F3194390407047202A04DB203A21FA96
:1003F00002F00021704721FA02F3D040C2F120023E
:1004000091400843194670472DE9FE4F804681EA26
:100410000300C00F0C46009021F0004123F000457E
:10042000B8EB0200A94105D24046214690461C4641
:100430000B46024623F00040104347D0270DC7F378
:100440000A00C3F30A510290401A019040286BDA67
:10045000C3F3130040F4801B0098924620B10023A0
:10046000D2EB030A63EB0B0B01985946C0F1400233
:100470005046FFF7AAFF06460D4650465946019AD8
:1004800000F094F910EB08006141002487EA115252
:1004900084EAE7731A4340D0009A62B3019A012AB2
:1004A0004FEA075215DC001B61EB02014FF00042DE
:1004B00002EA0752CDE90042001C41F580113246A4
:1004C0002B4600F094F903B0BDE8F08F404621467A
:1004D000F9E7001B61EB0201001C41F580130018D5
:1004E0005B412018A2F5001747EB030140EAD570E5
:1004F000B6196D4111E06D084FEA360645EAC07540
:100500004FEA0752001B61EB0201001C41F580110C
:1005100049084FEA30000019514132462B4603B0DA
:10052000BDE8F04F00F054B90098012240000023CC
:10053000D0EB020263EBE073009821464FEAE074CF
:10054000B8EB000061EB0401E9E783F000435BE7EF
:1005500081F0004158E72DE9FE4F81EA030404F0E1
:10056000004421F0004100944FF0000B23F00043C1
:1005700050EA01045ED052EA03045BD0C3F30A548C
:10058000C1F30A552C44A4F2F3340194A0FB0254A5
:10059000C1F3130141F48011C3F3130343F4801337
:1005A00001FB024400FB034E840A970A44EA81548B
:1005B00047EA8357A4FB076802958D0A05FB078568
:1005C0004FEA932C04FB0C542705029D4FEA065872
:1005D00047EA1637B5EB08056EEB070C870E920E4F
:1005E00047EA811742EA8312A7FB0201B6EB0B012F
:1005F00064EB00042B0D43EA0C335E1844EB1C50F3
:10060000DA465146E7FB0201C5F313044FEA0B3308
:1006100043EA14534FEA0432019C43EA0603A4F16F
:100620000C040294009CCDE900B400F0E0F803B0A3
:10063000BDE8F08F00200146F9E72DE9F04D81EA91
:10064000030404F0004B21F0004514464FF0000A6B
:1006500023F0004150EA050220D054EA01021DD0E7
:10066000C5F30A570246C5F31303C1F31300C1F3E0
:100670000A5640F4801543F48013A7EB0608101BBC
:10068000D64608F2FD3873EB050002D308F10108E5
:1006900001E092185B41B8F1000F03DA0020014637
:1006A000BDE8F08D00204FF48011064684460EE030
:1006B000171B73EB050705D3121B63EB05030643FA
:1006C0004CEA010C49084FEA300092185B4150EAAD
:1006D0000107EDD152EA030012D082EA040083EA56
:1006E0000501084305D0101BAB4106D201220023AF
:1006F00006E000224FF0004302E06FF001025310C9
:100700001AEB06004CEB085110EB0A0041EB0B0111
:10071000BDE8F04D00F05CB8C1F30A52C1F313011B
:1007200040F2FF3341F480119A4202DA0020014680
:10073000704740F233439A42A2F2334202DC524203
:10074000FFF752BEFFF741BE30B5041E71F1000441
:1007500004DB4FF00044404264EB0101141E73F1CE
:10076000000405DB1C464FF00043524263EB0403D8
:10077000994208BF904230BD002070471CB509481F
:100780000090094801900546009C06E0E06840F0B2
:10079000010394E8070098471034AC42F6D3FFF702
:1007A00059FD0000F487010814880108202A06DB9F
:1007B000CB17203A41FA02F043EAE07306E041FA2F
:1007C00002F3D040C2F1200291400843194670471D
:1007D00010B5141E73F1000408DA401C41F1000149
:1007E00092185B411A4301D120F0010010BD2DE9A0
:1007F000F04D92469B4611B1B1FA81F202E0B0FA97
:1008000080F220329046FFF7E0FD04460F4640EAB2
:100810000A0041EA0B0153465A46084313D01146D9
:1008200053EA010019D0C8F140025046FFF7DCFD41
:1008300005460E46504659464246FFF7C6FD084358
:1008400005D0012004E020463946BDE8F08D0020A7
:10085000054346EAE0762C4337430A986305E40AE9
:10086000A0EB08000022FD0A44EA47540A3002D5F2
:1008700000200146E9E7010510196941DDE9084555
:1008800000196941BDE8F04DA2E770B58C1810F869
:10089000015B15F0070301D110F8013B2A1106D1C5
:1008A00010F8012B03E010F8016B01F8016B5B1EDF
:1008B000F9D12B0705D40023521E0DD401F8013BBA
:1008C000FAE710F8013BCB1A921C03E013F8015B26
:1008D00001F8015B521EF9D5A142D8D3002070BDAA
:1008E00080B588B0ADF81E0000208DF81D00BDF861
:1008F0001E0008B9FFE7FBE00DF11D0002F050FDFE
:1009000040B1FFE741F2E801C2F20001086901309D
:100910000861EDE09DF81D0008B9FFE7E8E00DF182
:10092000170002F0E5FD40B1FFE741F2E801C2F235
:100930000001086901300861DAE09DF817109DF8A0
:1009400018209DF81900000440EA02200844049091
:100950009DF812000006002805D5FFE7049800F175
:100960007F400490FFE79DF81A109DF81B209DF82A
:100970001C00000440EA022008440390039840B998
:10098000FFE741F2E801C2F20001086901300861A5
:10099000AEE09DED040AB8EEC00A9FED561A20EEB7
:1009A000010A40F2EC20C2F2000080ED010A9DED48
:1009B000030AB8EE400A9FED501A80EE010A8DED51
:1009C000020A40F2D420C2F20000007868B9FFE7C2
:1009D000029840F2D021C2F20001086040F2D42116
:1009E000C2F200010120087034E040F21000C2F2AF
:1009F000000090ED000A9FED411A30EE010A80EDF3
:100A0000000A90ED000AB5EE001A30EE011A80EEF1
:100A1000010A8DED010A9DED010A9DED022A40F2C9
:100A2000D021C2F2000191ED001A32EE412A20EEEF
:100A3000020A30EE010A81ED000A9DED011AB7EEBF
:100A4000000A30EE411A90ED000A20EE010A80ED16
:100A5000000AFFE740F2D020C2F20000016840F235
:100A6000EC20C2F200000090016090ED000A9FEDC2
:100A7000241A80EE010ADFED230A16F05BF90098D4
:100A8000B0EE401AB7EE000A30EE410A9FED1E1A92
:100A900020EE010A80ED020A40F2DC20C2F20000E2
:100AA000007888B9FFE740F2EC20C2F200008068CD
:100AB00040F2D821C2F20001086040F2DC21C2F20B
:100AC000000101200870FFE740F2EC21C2F20001B2
:100AD00091ED020A40F2D820C2F2000090ED001A17
:100AE00030EE410A81ED030A086901300861FFE731
:100AF00008B080BD000080370000C8450AD7233CFD
:100B000000507D44B1DC423E002A2D4780B586B0BE
:100B10000490039140F2D052C2F2000201920020F0
:100B200050611061D06090605060106021211170A0
:100B300004995170039A022112F03AFE0290029831
:100B400018B1FFE7029805900EE0039A01200221F8
:100B500012F02EFE0290029818B1FFE7029805905D
:100B600002E000200590FFE7059806B080BD000078
:100B700080B586B0049040F2D052C2F2000200204C
:100B800050611061D0609060506010602C21117035
:100B9000049A0121019112F00BFE01990390049A2D
:100BA000084612F005FE0290039818B1FFE703987B
:100BB000059008E0029818B1FFE70298059002E05E
:100BC00000200590FFE7059806B080BD80B582B093
:100BD00013F074F80190019802B080BD80B584B024
:100BE000ADF80A0001918DF80320BDF80A0040F22B
:100BF000FE71884207DCFFE7019820B1FFE79DF80E
:100C0000030020B9FFE76FF00100039008E0BDF892
:100C10000A0001999DF8032013F0EAF80390FFE71A
:100C2000039804B080BD000080B584B0ADF80E001C
:100C300013F0DAF840F20850C2F2000012F05CFF44
:100C40000190019818B9FFE712F00EFC0DE0019831
:100C5000B0F1FF3F08DCFFE741F2E801C2F200011A
:100C6000C8690130C861FFE7FFE740F23850C2F2BF
:100C7000000012F063FF40B1FFE741F2E801C2F269
:100C80000001086A01300862FFE740F26850C2F2D2
:100C9000000012F0A1FF40B1FFE741F2E801C2F20B
:100CA0000001486A01304862FFE712F021FC40F27F
:100CB0007C00C2F20000007838B9FFE740F2E02182
:100CC000C2F200010020086047E041F24410C2F285
:100CD0000000407990B9FFE741F24410C2F20000F1
:100CE000C07858B9FFE741F24410C2F20000007921
:100CF00020B9FFE76420ADF8020003E00520ADF85D
:100D00000200FFE7BDF80E2040F2E020C2F2000032
:100D10000168114401600068BDF8021088421CD3CC
:100D2000FFE740F2E021C2F200010020086005F078
:100D3000ADFECDF80A0040F202300DF10A010422A6
:100D400013F056F840B1FFE741F2E801C2F20001AA
:100D5000886901308861FFE7FFE704B080BD0000CB
:100D600080B58AB0ADF8260040F2A800C2F20000BB
:100D700005A90C2202F066FD9DF814009DF81510DF
:100D800040EA0120ADF80E009DF816009DF81710FE
:100D900040EA0120ADF810009DF818009DF81910E8
:100DA00040EA0120ADF812009DF81A009DF81B10D2
:100DB00040EA0120ADF808009DF81C009DF81D10C8
:100DC00040EA0120ADF80A009DF81E009DF81F10B2
:100DD00040EA0120ADF80C0000208DF80700FFE785
:100DE0009DF80700022832D8FFE79DF807100DF1A3
:100DF0000E0030F9110000EE100AB8EEC00A9FEDA7
:100E0000531A20EE010A40F27C40C2F2000000EBCF
:100E1000810080ED000A9DF8071002A830F911004A
:100E200000EE100AB8EEC00A9FED491A20EE010A42
:100E300040F21060C2F2000000EB810080ED000A79
:100E4000FFE79DF8070001308DF80700C8E740F282
:100E50000440C2F200000078002874D0FFE740F29E
:100E6000C400C2F2000005A90C2202F0EBFC9DF8C0
:100E700014009DF8151040EA0120ADF80E009DF811
:100E800016009DF8171040EA0120ADF810009DF8FB
:100E900018009DF8191040EA0120ADF812009DF8E5
:100EA0001A009DF81B1040EA0120ADF808009DF8DB
:100EB0001C009DF81D1040EA0120ADF80A009DF8C5
:100EC0001E009DF81F1040EA0120ADF80C00002024
:100ED0008DF80600FFE79DF80600022832D8FFE7EC
:100EE0009DF806100DF10E0030F9110000EE100A09
:100EF000B8EEC00A9FED151A20EE010A40F28840B4
:100F0000C2F2000000EB810080ED000A9DF806109F
:100F100002A830F9110000EE100AB8EEC00A9FEDE9
:100F20000C1A20EE010A40F21C60C2F2000000EB35
:100F3000810080ED000AFFE79DF8060001308DF882
:100F40000600C8E7FFE70AB080BD00BF0000803997
:100F50000000003D80B582B040F2A800C2F200005F
:100F600000F0BEF80090009818B1FFE700980190DB
:100F7000B2E040F2C400C2F2000000F0B1F800900C
:100F8000009838B9FFE740F20441C2F200010120A5
:100F90000870FFE740F2A800C2F2000002F0B4FBC4
:100FA0000090009818B1FFE70098019094E040F29B
:100FB0000440C2F20000007890B1FFE740F2C400A4
:100FC000C2F2000002F0A0FB0090009838B1FFE7E9
:100FD00040F20441C2F2000100200870FFE7FFE781
:100FE00040F2DC5004F06AFB40F2A800C2F20000BC
:100FF00002F056FB0090009818B1FFE700980190AE
:101000006AE00A2004F05AFB40F2A800C2F2000095
:1010100002F056FB0090009818B1FFE7009801908D
:101020005AE040F20440C2F20000007838B3FFE713
:1010300040F2C400C2F2000002F032FB00900098BF
:1010400038B1FFE740F20441C2F20001002008700D
:1010500014E00A2004F032FB40F2C400C2F20000A7
:1010600002F02EFB0090009838B1FFE740F20441F7
:10107000C2F2000100200870FFE7FFE7FFE740F23F
:10108000A800C2F2000002F07FFB0090009818B1A7
:10109000FFE7009801901FE040F20440C2F2000018
:1010A000007890B1FFE740F2C400C2F2000002F005
:1010B0006BFB0090009838B1FFE740F20441C2F2A8
:1010C000000100200870FFE7FFE74FF4967004F07E
:1010D000F5FA00200190FFE7019802B080BD000002
:1010E00080B584B00290029802F0C8FB019001988C
:1010F00018B1FFE70198039041E0029802F0F6FB77
:101100000190019818B1FFE70198039037E0029829
:1011100002F06AFB0190019818B1FFE70198039073
:101120002DE0029802F000FB0190019818B1FFE752
:101130000198039023E00298202102F06FFC0190B7
:10114000019818B1FFE70198039018E00298602118
:1011500002F092FC0190019818B1FFE7019803900A
:101160000DE00298062102F003FC0190019818B1ED
:10117000FFE70198039002E000200390FFE7039847
:1011800004B080BD80B582B0ADF80600BDF80600A1
:1011900040B1FFE740F27D00C2F200000078022873
:1011A00001D0FFE70BE002F05DFA40B1FFE741F24A
:1011B000E801C2F20001486D01304865FFE702B066
:1011C00080BD000080B540F29851C2F200010020BD
:1011D000087002F07FFC80BD80B582B0ADF80600DB
:1011E00040F29850C2F200000078F0B9FFE741F2F7
:1011F0004410C2F20000C078B0B1FFE741F24410E1
:10120000C2F20000007978B1FFE712F033FD20B19F
:10121000FFE712F041FD38B9FFE740F29851C2F202
:10122000000101200870FFE714E00DF1050002F055
:1012300055FC40B1FFE741F2E801C2F20001086B42
:101240000130086306E09DF8050018B9FFE712F0C9
:101250002DFBFFE702B080BD80B584B08DF80B0098
:101260009DF80B00652804D3FFE76FF001000390A1
:1012700014E09DF80B0018B9FFE76A20019003E025
:101280009DF80B000190FFE701988DF80A009DF88A
:101290000A10002015F03EFA0390FFE7039804B00F
:1012A00080BD000080B582B0ADF8060041F2441068
:1012B000C2F200008079012807D0FFE740F2E42164
:1012C000C2F200010020087024E040F2E420C2F2E3
:1012D0000000007870B9FFE705F0D8FB40F2E82184
:1012E000C2F20001086040F2E421C2F200010120D4
:1012F00008700FE005F0CAFB40F2E821C2F20001DD
:101300000968401A00097C2801D8FFE702E012F0C2
:101310005DFBFFE702B080BDFFE7FEE784B002900F
:101320000191009202980199884203DAFFE701983F
:1013300003900AE002980099884203DDFFE70098D5
:10134000039002E002980390FFE7039804B070470F
:1013500085B004900498006A03900498006840697E
:1013600020F4430003990843049909684861049BE9
:101370001A6958699969DB69184310430843039057
:101380000498016801205022C4F2020291420290A6
:1013900000F06781FFE70498016801205022C5F240
:1013A00002029142029000F05C81FFE7049801681C
:1013B0000120D022C4F202029142029000F0518139
:1013C000FFE7049801680120D022C5F20202914291
:1013D000029000F04681FFE704980168012040F286
:1013E0005012C4F202029142029000F03A81FFE7EB
:1013F00004980168012040F25012C5F202029142A5
:10140000029000F02E81FFE704980168012040F26D
:10141000D012C4F202029142029000F02281FFE752
:1014200004980168012040F2D012C5F202029142F4
:10143000029000F01681FFE704980168012040F255
:101440005022C4F202029142029000F00A81FFE7AA
:1014500004980168012040F25022C5F20202914234
:10146000029000F0FE80FFE704980168012040F23E
:10147000D022C4F202029142029000F0F280FFE713
:1014800004980168012040F2D022C5F20202914284
:10149000029000F0E680FFE704980168012040F226
:1014A0005032C4F202029142029000F0DA80FFE76B
:1014B00004980168012040F25032C5F202029142C4
:1014C000029000F0CE80FFE704980168012040F20E
:1014D000D032C4F202029142029000F0C280FFE7D3
:1014E00004980168012040F2D032C5F20202914214
:1014F000029000F0B680FFE704980168012041F2F5
:101500005002C4F202029142029000F0AA80FFE76A
:1015100004980168012041F25002C5F20202914292
:10152000029000F09E80FFE704980168012041F2DC
:10153000D002C4F202029142029000F09280FFE7D2
:1015400004980168012041F2D002C5F202029142E2
:10155000029000F08680FFE704980168012041F2C4
:101560005012C4F20202914202907AD0FFE704982E
:101570000168012041F25012C5F20202914202902C
:101580006FD0FFE704980168012041F2D012C4F245
:1015900002029142029064D0FFE7049801680120A2
:1015A00041F2D012C5F202029142029059D0FFE7F7
:1015B00004980168012041F25022C4F202029142D3
:1015C00002904ED0FFE704980168012041F25022BA
:1015D000C5F202029142029043D0FFE704980168ED
:1015E000012041F2D022C4F202029142029038D08E
:1015F000FFE704980168012041F2D022C5F20202FF
:10160000914202902DD0FFE704980168012041F239
:101610005032C4F202029142029022D0FFE70498B5
:101620000168012041F25032C5F20202914202905B
:1016300017D0FFE704980168012041F2D032C4F2CC
:101640000202914202900CD0FFE7049800684EF627
:101650003041CAF6FD710844B0FA80F040090290AA
:10166000FFE70298C007B8B1FFE70498426A836AAF
:10167000C06A0021CFF6F07101EB035101F07C71DB
:1016800008436FF00F0101EB021101F47C7101437B
:10169000039808430390FFE704980068006C00F08B
:1016A00080200399084304990968086404998868AC
:1016B0000A791043096B084303900498C068B0F599
:1016C000806F40F07C81FFE7049801680120502280
:1016D000C4F202029142019000F06781FFE7049892
:1016E000016801205022C5F202029142019000F0EF
:1016F0005C81FFE7049801680120D022C4F2020255
:101700009142019000F05181FFE7049801680120A7
:10171000D022C5F202029142019000F04681FFE71B
:1017200004980168012040F25012C4F20202914272
:10173000019000F03A81FFE704980168012040F22F
:101740005012C5F202029142019000F02E81FFE793
:1017500004980168012040F2D012C4F202029142C2
:10176000019000F02281FFE704980168012040F217
:10177000D012C5F202029142019000F01681FFE7FB
:1017800004980168012040F25022C4F20202914202
:10179000019000F00A81FFE704980168012040F2FF
:1017A0005022C5F202029142019000F0FE80FFE754
:1017B00004980168012040F2D022C4F20202914252
:1017C000019000F0F280FFE704980168012040F2E8
:1017D000D022C5F202029142019000F0E680FFE7BC
:1017E00004980168012040F25032C4F20202914292
:1017F000019000F0DA80FFE704980168012040F2D0
:101800005032C5F202029142019000F0CE80FFE713
:1018100004980168012040F2D032C4F202029142E1
:10182000019000F0C280FFE704980168012040F2B7
:10183000D032C5F202029142019000F0B680FFE77B
:1018400004980168012041F25002C4F20202914260
:10185000019000F0AA80FFE704980168012041F29E
:101860005002C5F202029142019000F09E80FFE713
:1018700004980168012041F2D002C4F202029142B0
:10188000019000F09280FFE704980168012041F286
:10189000D002C5F202029142019000F08680FFE77B
:1018A00004980168012041F25012C4F202029142F0
:1018B00001907AD0FFE704980168012041F25012AC
:1018C000C5F20202914201906FD0FFE704980168CF
:1018D000012041F2D012C4F202029142019064D080
:1018E000FFE704980168012041F2D012C5F202021C
:1018F0009142019059D0FFE704980168012041F21C
:101900005022C4F20202914201904ED0FFE70498A7
:101910000168012041F25022C5F202029142019079
:1019200043D0FFE704980168012041F2D022C4F2BD
:1019300002029142019038D0FFE70498016801202B
:1019400041F2D022C5F20202914201902DD0FFE770
:1019500004980168012041F25032C4F2020291421F
:10196000019022D0FFE704980168012041F2503233
:10197000C5F202029142019017D0FFE70498016876
:10198000012041F2D032C4F20202914201900CD007
:10199000FFE7049800684EF63041CAF6FD7108442E
:1019A000B0FA80F040090190FFE70198C00728B124
:1019B000FFE7039840F480600390FFE70CE0049891
:1019C000C068B0F5007F05D1FFE7039840F40070D0
:1019D000039000E0FFE7FFE70498416B039808439A
:1019E000039004980068406C42F20011C3F6C041B5
:1019F00008400399084304990968486404980168F9
:101A00000020886404980168012040F25032C4F23A
:101A10000202914200904ED0FFE704980168012035
:101A200040F25032C5F202029142009043D0FFE7EB
:101A300004980168012040F2D032C4F202029142BF
:101A4000009038D0FFE704980168012040F2D032BE
:101A5000C5F20202914200902DD0FFE70498016880
:101A6000012041F25032C4F202029142009022D091
:101A7000FFE704980168012041F25032C5F20202EA
:101A80009142009017D0FFE704980168012041F2CD
:101A9000D032C4F20202914200900CD0FFE70498C9
:101AA00000684EF63041CAF6FD710844B0FA80F085
:101AB00040090090FFE70098C00740B1FFE7049895
:101AC000016800204865049909688865FFE7049863
:101AD00001680020C86705B07047000085B001901C
:101AE000019890ED062A90ED070A90ED085A90EDC6
:101AF000094A22EE021ABEEE003A31EE036A20EEE7
:101B0000001A31EE061A90ED0A7A62EE040A20EE0F
:101B1000056A36EE606AD0ED0B0A26EE206A21EEE9
:101B2000071A31EE061A22EE052A20EE040A30EEDC
:101B3000020A90ED0C2A20EE020A30EE010A30EE85
:101B4000000A8DED020A019890ED062A90ED075AE1
:101B500090ED081A90ED094A22EE046A25EE010A7A
:101B600030EE060A90ED0A7A22EE026A76EE030A59
:101B700021EE016A36EE206AD0ED0B0A26EE206ACD
:101B800020EE070A30EE060A22EE052A21EE041A9C
:101B900031EE421A90ED0C2A21EE021A30EE010AC3
:101BA00030EE000A8DED030A019890ED062A90EDC3
:101BB000076A90ED081A90ED090A22EE015A26EE06
:101BC000004A34EE454A90ED0A5A22EE066A21EEAA
:101BD000001A31EE061A90ED0B6A21EE061A24EE79
:101BE000054A31EE041A22EE022A32EE032A20EED2
:101BF000000A30EE020A90ED0C2A20EE020A30EEC6
:101C0000010A30EE000A8DED040A019800780146C1
:101C10000091022804D3FFE70098022809D011E0C0
:101C20009DED040ABFEE001A30EE010A8DED040AA4
:101C300008E09DED040AB7EE001A30EE010A8DEDC2
:101C4000040AFFE79DED020ADDED030A9DED041A8B
:101C500005B0704785B00090009B9869D9691A6AF1
:101C60005B6A04930392029101909DED010ADDED00
:101C7000020A9DED031ADDED041A05B0704700005D
:101C800080B582B00190019848F26C21C0F6010144
:101C900000F0D8F8019800F003F802B080BD000011
:101CA00080B58EB00D900D9A4FF07E5009900020B7
:101CB0000A900B900C9009990A9BDDF82CC0DDF876
:101CC00030E0C2F824E0C2F820C0D36191610D9ADF
:101CD0000690079008900699079BDDF820C0C2F88F
:101CE00030C0D36291620D9A012182F834100D9AAE
:101CF0000021C4F2201191630D9981F840000D9AE2
:101D00000390049005900399049BDDF814C0C2F879
:101D10004CC0936451640D9A009001900290009918
:101D2000019BDDF808C0C2F858C0536511650D99D4
:101D300081F85C000D9908660D9A516951660D99FC
:101D400081F868000D99C8660D99486908670EB05A
:101D500080BD000080B590B00F908DED0E0A0F98F9
:101D600090ED060A90ED073A90ED081A90ED092AD9
:101D700023EE013A20EE020A30EE030A21EE013A88
:101D8000B6EE001A8DED011A31EE431A22EE022A48
:101D900071EE420A14F0D0FD8DED0D0A9DED0D0A95
:101DA0008DED020A9DED0E0A00F0C0FC9DED011ABA
:101DB000B0EE402A9DED020A30EE420A20EE010A02
:101DC0008DED0C0A9DED0C0A14F00CFF8DED080A48
:101DD000002009900A909DED0C0A15F0DDFAB0EE96
:101DE000401A9FED170A30EE410A8DED0B0A0F984D
:101DF00003909DED080ADDED090A9DED0A1ADDED5F
:101E00000B1A90ED062AD0ED072A90ED083AD0ED96
:101E1000093A00F07FFE0399CDED071A8DED061A01
:101E2000CDED050A8DED040A0498059A069BDDF8B0
:101E30001CC0C1F824C00B62CA61886110B080BDAB
:101E40000000008080B586B0059004910498007869
:101E5000059908700498406805994860049890EDC9
:101E6000020AB5EE400AF1EE10FA05D1FFE79FED48
:101E70004C0A8DED030A09E0049890ED020A9FEDEB
:101E8000471A20EE010A8DED030AFFE79DED030AD4
:101E9000059880ED020A049890ED030AB5EE400A19
:101EA000F1EE10FA05D1FFE79FED3D0A8DED020A34
:101EB00011E0049890ED030A00F038FC15F06CFA7C
:101EC000B6EE001A20EE010AF0EE000A14F032FF1E
:101ED0008DED020AFFE79DED020A059880ED030AE9
:101EE000049890ED040AB5EE400AF1EE10FA05D11F
:101EF000FFE79FED2B0A8DED010A11E0049890EDAC
:101F0000040A00F013FC15F047FAB6EE001A20EEB2
:101F1000010AF0EE000A14F00DFF8DED010AFFE753
:101F20009DED010A059880ED040A04984069059921
:101F300048610599486948660599486908670498A1
:101F400090ED010AB5EE400AF1EE10FA04D0FFE779
:101F50000498406948B9FFE705994FF6FF70C7F646
:101F60007F70C86005990861FFE7059890F8340014
:101F7000C00720B9FFE7059948688863FFE705981F
:101F800090ED011AB2EE040A30EE410AB0EE081AE2
:101F900080EE010A80ED0F0A06B080BD48E17A3F6D
:101FA000FFFF7F7F80B5CAB08DED491ACDED480A9D
:101FB0008DED470ACDED462A8DED452ACDED441A2B
:101FC0008DED434ACDED423A8DED413A4090CDED55
:101FD0003F4A40994498459A469B0B63CA6288627F
:101FE0009DED470AB0EEC00A409890ED021AB4EE9B
:101FF000410AF1EE10FA1ADCFFE79DED480AB0EE57
:10200000C00A409890ED021AB4EE410AF1EE10FABF
:102010000DDCFFE79DED490AB0EEC00A409890ED57
:10202000021AB4EE410AF1EE10FA1CDDFFE7409B04
:102030009869D9691A6A5B6A3E933D923C913B90DC
:102040004098FFF72DFE40993B983C9A3D9BDDF868
:10205000F8C0C1F824C00B62CA61886140990120B0
:1020600081F84000FFE7409890F83400C00768B35B
:10207000FFE7409890ED0E0A90ED0F1A9DED3F2A74
:1020800021EE021A30EE410A80ED0E0A409890EDE2
:10209000011A90ED0E0AB4EE410AF1EE10FA09DBD6
:1020A000FFE7409890ED010AB5EE400AF1EE10FA14
:1020B0000BD1FFE74099486888634099002081F878
:1020C0003400409981F84000FFE7FFE740980DF0A9
:1020D00033F98DED3A1ACDED390A8DED380A00202D
:1020E0003790369035904099012081F85C009DED45
:1020F000440ADDED450A9DED461A01F00FF800286F
:1021000079D1FFE7409804909DED440ADDED450A42
:102110009DED461A01F054F88DED311ACDED300ADF
:102120008DED2F0A9DED2F0ADDED300A9DED311A60
:10213000DDED381A9DED392ADDED3A2A01F0EAFE8F
:1021400004998DED341ACDED330A8DED320A3298B3
:10215000339A349BCB648A644864409890F8340086
:10216000C00790B9FFE7409890ED110AD0ED120A30
:1021700090ED131A00F0FEFF409890ED031AB4EEB4
:10218000410AF1EE10FA09DCFFE74099002081F8DE
:102190005C004099086E0938086604E04099086EB2
:1021A00001300866FFE74099086E496E884207DDF6
:1021B000FFE7409900204866409981F85C0003E001
:1021C000409948694866FFE740984269006E0021DF
:1021D000FFF7A4F840990866409890F85C00C007A3
:1021E00040B9FFE7409A506C916CD26C37923691AF
:1021F0003590FFE7FFE700202E902D902C9040991E
:10220000012081F868009DED410ADDED420A9DED57
:10221000431A00F083FF002840F09780FFE74098C2
:102220000DF012F98DED2B1ACDED2A0A8DED290A4C
:10223000409803909DED380ADDED390A9DED3A1A7C
:10224000DDED411A9DED422ADDED432A00F098FEB6
:102250008DED221ACDED210A8DED200A9DED200A8B
:10226000DDED210A9DED221A00F0AAFF8DED251A61
:10227000CDED240A8DED230A9DED230ADDED240A20
:102280009DED251ADDED291A9DED2A2ADDED2B2A7B
:1022900001F040FE03998DED281ACDED270A8DED52
:1022A000260A2698279A289B8B654A6508654098D8
:1022B00090F83400C00790B9FFE7409890ED140AF9
:1022C000D0ED150A90ED161A00F054FF409890EDED
:1022D000041AB4EE410AF1EE10FA09DCFFE7409966
:1022E000002081F868004099C86E0938C86604E08B
:1022F0004099C86E0130C866FFE74099C86E096F03
:10230000884207DDFFE7409900200867409981F87F
:10231000680003E0409948690867FFE74098426910
:10232000C06E0021FEF7FAFF4099C866409890F809
:102330006800C00740B9FFE7409A106D516D926D7B
:102340002E922D912C90FFE7FFE7B6EE000A00F0E9
:10235000EDF9F0EE401A9DED470ADDED480A9DEDDE
:10236000491A00F057FF8DED1F1ACDED1E0A8DEDB5
:102370001D0A9DED350ADDED360A9DED371ADDEDBE
:102380002C1A9DED2D2ADDED2E2A00F09DFD8DED00
:10239000161ACDED150A8DED140A4098D0ED0E1ADF
:1023A0009DED140ADDED150A9DED161A00F032FFC1
:1023B0008DED191ACDED180A8DED170A9DED1D0A48
:1023C000DDED1E0A9DED1F1ADDED171A9DED182A91
:1023D000DDED192A00F078FD8DED1C1ACDED1B0AFC
:1023E0008DED1A0A40980190DDED3F1A9DED1A0A15
:1023F000DDED1B0A9DED1C1A00F00CFF01988DED20
:102400000B1ACDED0A0A8DED090A90ED060AD0ED02
:10241000070A90ED081AD0ED091A9DED092ADDEDA5
:102420000A2A9DED0B3A00F0C7FC0198CDED0F1A7A
:102430008DED0E1ACDED0D0A8DED0C0A90ED060A0C
:10244000D0ED070A90ED081AD0ED091A9DED0C2A7F
:10245000DDED0D2A9DED0E3ADDED0F3A00F07EFA2E
:102460000199CDED131A8DED121ACDED110A8DEDF6
:10247000100A1098119A129BDDF84CC0C1F824C0C4
:102480000B62CA6188614098029090ED060AD0ED17
:10249000070A90ED081AD0ED091A00F007FB02991F
:1024A000CDED081A8DED071ACDED060A8DED050A62
:1024B0000598069A079BDDF820C0C1F824C00B627E
:1024C000CA6188614AB080BD80B58CB08DED0B1AB1
:1024D000CDED0A0A8DED090ACDED082A8DED072A0A
:1024E000CDED061A05908DED043A05980021019175
:1024F00002910391DDED044A9DED090ADDED0A0A22
:102500009DED0B1ADDED061A9DED072ADDED082A7B
:102510009DED013ADDED023A9DED034AFFF742FDE4
:10252000059890F83400C00730B1FFE705989FED9B
:10253000030AFFF70FFCFFE70CB080BD00000000AE
:1025400080B582B08DED000A9DED000ABFEE001A45
:10255000B4EE410AF1EE10FA06DCFFE740F6DB705C
:10256000CBF6C970019016E09DED000AB7EE001A97
:10257000B4EE410AF1EE10FA06DBFFE740F6DB703D
:10258000C3F6C970019006E09DED000A14F03EF913
:102590008DED010AFFE79DED010A02B080BD00004C
:1025A00085B0049003919DED030AB8EE401AB7EE92
:1025B000000A80EE010A9FED0C1A20EE010A049831
:1025C00080ED000A0398049948600499002088600F
:1025D00004990090019002900098019A029B4B612F
:1025E0000A61C86005B07047FDAD003E80B592B08D
:1025F0008DED0E1ACDED0D0A8DED0C0A0B900B989A
:102600009DED0C0ADDED0D0A9DED0E1AD0ED031ABD
:1026100090ED042AD0ED052A00F07EFE8DED0A1A19
:10262000CDED090A8DED080A089809990A9A0E92CB
:102630000D910C909DED0C0AB0EEC00AB0EE081A98
:10264000B4EE410AF1EE10FA18DCFFE79DED0D0A39
:10265000B0EEC00AB0EE081AB4EE410AF1EE10FA7C
:102660000CDCFFE79DED0E0AB0EEC00AB0EE081AD2
:10267000B4EE410AF1EE10FA0ADDFFE70B990020F3
:1026800088600C980D990E9A119210910F9045E068
:102690000B984168806888420BD2FFE70B998868E5
:1026A000013088600C980D990E9A119210910F903C
:1026B00034E00B980190D0ED001A9DED0C0ADDED91
:1026C0000D0A9DED0E1A00F0CFFD01988DED041A54
:1026D000CDED030A8DED020A90ED030AD0ED040A58
:1026E00090ED051ADDED021A9DED032ADDED042AB9
:1026F00000F018FC01998DED071ACDED060A8DED5D
:10270000050A0598069A079B4B610A61C8600C98F8
:102710000D990E9A119210910F90FFE79DED0F0AFF
:10272000DDED100A9DED111A12B080BD81B08DED66
:10273000000A9DED000A9FED031A20EE010A01B088
:10274000704700BF35FA8E3C82B08DED010A0198CA
:102750000090009941F21240C5F61F70A0EB610095
:1027600000909DED000A9DED011A9FED082A21EED3
:10277000021A21EE001A21EE001A9FED052A31EE11
:10278000021A20EE010A02B0704700BF12D336BF12
:10279000FF51D83FF0B58FB0189E179D169CDDF8FD
:1027A00054E0DDF850C00B960A950994CDF820E06E
:1027B000CDF81CC006930592049103908DED021A8A
:1027C000CDED010A8DED000A9DED031A9DED043A51
:1027D0009DED050A9DED004A9DED015A9DED022AF1
:1027E00023EE053A21EE041A31EE031A20EE020A16
:1027F00030EE010A8DED0C0A9DED061A9DED073AAB
:102800009DED080A9DED004A9DED015A9DED022ABD
:1028100023EE053A21EE041A31EE031A20EE020AE5
:1028200030EE010A8DED0D0A9DED091A9DED0A3A73
:102830009DED0B0A9DED004A9DED015A9DED022A8A
:1028400023EE053A21EE041A31EE031A20EE020AB5
:1028500030EE010A8DED0E0A9DED0C0ADDED0D0A3C
:102860009DED0E1A0FB0F0BDF0B5A1B02A9E299DC6
:10287000289CDDF89CE0DDF898C08DED1D1ACDEDAB
:102880001C0A8DED1B0A1A9619951894CDF85CE078
:10289000CDF858C01593149213911290CDED112AD2
:1028A0008DED102ACDED0F1A8DED0E4ACDED0D3ABE
:1028B0008DED0C3A9DED1B0ADDED1C0A9DED1D1AF8
:1028C000DDED0C1A9DED0D2ADDED0E2A00F0F6FC73
:1028D0008DED081ACDED070A8DED060A9DED060A6D
:1028E000DDED070A9DED081ADDED0F1A9DED102AAA
:1028F000DDED112A00F0B6FB8DED0B1ACDED0A0AC5
:102900008DED090A12981399149A159BDDF858C099
:10291000179C189D199E1A9F9DED090ADDED0A0A64
:102920009DED0B1AEE46CEF81070CEF80C60CEF886
:102930000850CEF80440CEF800C0FFF72BFF8DED15
:10294000201ACDED1F0A8DED1E0A9DED1E0ADDED4C
:102950001F0A9DED201A21B0F0BD00008CB0CDED16
:10296000071A8DED061ACDED050A8DED040ACDEDA1
:10297000033A8DED023ACDED012A8DED002A9DED51
:10298000040A9DED001A30EE010A8DED080A9DED56
:10299000050A9DED011A30EE010A8DED090A9DED43
:1029A000060A9DED021A30EE010A8DED0A0A9DED30
:1029B000070A9DED031A30EE010A8DED0B0A9DED1D
:1029C000080ADDED090A9DED0A1ADDED0B1A0CB0BF
:1029D000704700008CB0CDED071A8DED061ACDEDD5
:1029E000050A8DED040ACDED033A8DED023ACDEDE9
:1029F000012A8DED002A9DED040A9DED001A20EEBE
:102A0000010A8DED080A9DED050A9DED011A20EEE3
:102A1000010A8DED090A9DED060A9DED021A20EED0
:102A2000010A8DED0A0A9DED070A9DED031A20EEBD
:102A3000010A8DED0B0A9DED080ADDED090A9DEDF9
:102A40000A1ADDED0B1A0CB07047000080B588B093
:102A5000CDED071A8DED061ACDED050A8DED040AB0
:102A60009DED042ADDED052A9DED063ADDED073AE0
:102A7000B0EE420AF0EE620AB0EE431AF0EE631ACC
:102A8000FFF7A8FFCDED031A8DED021ACDED010A77
:102A90008DED000A9DED000ADDED010A9DED021AA3
:102AA000DDED031A00F008F908B080BD80B588B0EC
:102AB000CDED031A8DED021ACDED010A8DED000A60
:102AC0009DED000ADDED010A9DED021ADDED031A10
:102AD000FFF7BCFFFFF738FEB0EE402A9DED000A7D
:102AE000DDED010A9DED021ADDED031A00F0AEF8EE
:102AF000CDED071A8DED061ACDED050A8DED040A10
:102B00009DED040ADDED050A9DED061ADDED071ABF
:102B100008B080BD8CB0CDED071A8DED061ACDED55
:102B2000050A8DED040ACDED033A8DED023ACDEDA7
:102B3000012A8DED002A9DED040A9DED055A9DEDBB
:102B4000063A9DED071A9DED006A9DED017A9DED17
:102B5000024A9DED032A25EE075A20EE060A30EEC2
:102B6000450A23EE043A30EE430A21EE021A30EE13
:102B7000410A8DED080A9DED007A9DED016A9DEDFB
:102B8000022A9DED034A9DED043A9DED055A9DED07
:102B9000060A9DED071A25EE075A23EE063A33EE94
:102BA000053A20EE040A30EE030A21EE021A30EE56
:102BB000410A8DED090A9DED004A9DED012A9DED2A
:102BC000026A9DED037A9DED043A9DED055A9DED57
:102BD000061A9DED070A25EE075A23EE063A33EE54
:102BE000453A21EE041A31EE031A20EE020A30EEC5
:102BF000010A8DED0A0A9DED002A9DED014A9DED29
:102C0000027A9DED036A9DED041A9DED055A9DED36
:102C1000063A9DED070A25EE075A21EE061A31EE17
:102C2000051A23EE043A31EE431A20EE020A30EE82
:102C3000010A8DED0B0A9DED080ADDED090A9DEDF7
:102C40000A1ADDED0B1A0CB07047000089B0CDED0B
:102C5000041A8DED031ACDED020A8DED010A8DEDFA
:102C6000002A9DED010A9DED001A20EE010A8DED6E
:102C7000050A9DED020A9DED001A20EE010A8DED78
:102C8000060A9DED030A9DED001A20EE010A8DED66
:102C9000070A9DED040A9DED001A20EE010A8DED54
:102CA000080A9DED050ADDED060A9DED071ADDED2A
:102CB000081A09B07047000084B0CDED031A8DEDFD
:102CC000021ACDED010A8DED000A9DED000A9DED81
:102CD000013A9DED022A9DED031A30EE030A30EE13
:102CE000020A30EE010A04B07047000080B588B0D7
:102CF000CDED041A8DED031ACDED020A8DED010A1A
:102D00009DED011A9DED023A9DED030A9DED042A09
:102D100021EE033A20EE020A30EE030A22EE022AE6
:102D200021EE011A31EE021AB6EE002A8DED002ACC
:102D300071EE420A13F000FE00F0B8F88DED050ABE
:102D40009DED010A9DED021A9DED032A9DED043AC9
:102D500021EE031A20EE020A30EE410A30EE000A9C
:102D6000FFF7EEFB00F0A2F89DED002A8DED060ABC
:102D70009DED011A9DED023A9DED030A9DED044A79
:102D800021EE044A23EE000A30EE040A23EE033A51
:102D900021EE011A31EE031A71EE420A13F0CCFD56
:102DA00000F084F88DED070A9DED050ADDED060AB9
:102DB0009DED071A08B080BD8BB0CDED061A8DEDE4
:102DC000051ACDED040A8DED030A8DED023ACDED25
:102DD000012A8DED002A9DED043A9DED050A9DED39
:102DE000061A9DED004A9DED015A9DED022A20EE46
:102DF000450A23EE043A30EE430A21EE021A30EE81
:102E0000410A8DED070A9DED004A9DED012A9DEDD9
:102E1000025A9DED030A9DED053A9DED061A23EE3B
:102E2000053A20EE040A30EE030A21EE021A30EED3
:102E3000410A8DED080A9DED002A9DED014A9DEDA8
:102E4000025A9DED031A9DED043A9DED060A23EE0C
:102E5000053A21EE041A31EE431A20EE020A30EE52
:102E6000010A8DED090A9DED002A9DED015A9DEDA7
:102E7000024A9DED030A9DED043A9DED051A23EEED
:102E8000053A20EE040A30EE030A21EE021A30EE73
:102E9000410A8DED0A0A9DED070ADDED080A9DED58
:102EA000091ADDED0A1A0BB07047000081B08DEDF4
:102EB000000A9DED000A9FED031A20EE010A01B001
:102EC000704700BFE02E654289B08DED051ACDED4B
:102ED000040A8DED030ACDED022A8DED012ACDED18
:102EE000001A9DED030A9DED001A30EE010A8DEDEA
:102EF000060A9DED040A9DED011A30EE010A8DEDE2
:102F0000070A9DED050A9DED021A30EE010A8DEDCE
:102F1000080A9DED060ADDED070A9DED081A09B0C5
:102F20007047000089B08DED051ACDED040A8DEDD6
:102F3000030ACDED022A8DED012ACDED001A9DED9B
:102F4000030A9DED001A30EE010A8DED060A9DED93
:102F5000040A9DED011A30EE010A8DED070A9DED80
:102F6000050A9DED021A30EE010A8DED080A9DED6D
:102F7000060ADDED070A9DED081A09B0704700004A
:102F800089B08DED051ACDED040A8DED030ACDED66
:102F9000022A8DED012ACDED001A9DED013A9DED3D
:102FA000022A9DED040A9DED051A21EE031A20EE7A
:102FB000020A30EE410A8DED060A9DED031A9DEDE1
:102FC000050A9DED002A9DED023A21EE031A20EE3E
:102FD000020A30EE410A8DED070A9DED003A9DEDA3
:102FE000012A9DED030A9DED041A21EE031A20EE3D
:102FF000020A30EE410A8DED080A9DED060ADDED6C
:10300000070A9DED081A09B07047000080B58AB024
:103010008DED091ACDED080A8DED070ACDED062AD2
:103020008DED052ACDED041A9DED070ADDED080AA8
:103030009DED091ADDED041A9DED052ADDED062A48
:1030400000F03EF88DED031ACDED020A8DED010A78
:103050009DED010ADDED020A9DED031A00F08AF9EB
:103060000AB080BD89B08DED051ACDED040A8DED55
:10307000030ACDED022A8DED012ACDED001A9DED5A
:10308000030A9DED001A20EE010A8DED060A9DED62
:10309000040A9DED011A20EE010A8DED070A9DED4F
:1030A000050A9DED021A20EE010A8DED080A9DED3C
:1030B000060ADDED070A9DED081A09B07047000009
:1030C00089B08DED051ACDED040A8DED030ACDED25
:1030D000022A8DED012ACDED001A9DED030A9DED2A
:1030E000001A20EE010A8DED060A9DED040A9DED01
:1030F000011A20EE010A8DED070A9DED050A9DEDEE
:10310000021A20EE010A8DED080A9DED060ADDED9A
:10311000070A9DED081A09B07047000084B08DEDD4
:10312000031ACDED020A8DED010A9DED010A002082
:10313000B5EE400AF1EE10FA009015D1FFE79DEDD3
:10314000020A0020B5EE400AF1EE10FA00900BD111
:10315000FFE79DED030A0020B5EE400AF1EE10FAFC
:1031600008BF01200090FFE7009800F0010004B0C4
:103170007047000080B586B08DED051ACDED040ACC
:103180008DED030ADDED031A9DED042ADDED052A20
:10319000B0EE610AF0EE420AB0EE621AFFF790FF5D
:1031A0008DED021ACDED010A8DED000A9DED000AAC
:1031B000DDED010A9DED021A00F0DCF806B080BDDD
:1031C00080B586B08DED021ACDED010A8DED000AB5
:1031D0009DED000ADDED010A9DED021AFFF7CAFF21
:1031E000FFF7B2FAF0EE401A9DED000ADDED010A9C
:1031F0009DED021A00F00EF88DED051ACDED040AD2
:103200008DED030A9DED030ADDED040A9DED051A1F
:1032100006B080BD87B08DED031ACDED020A8DEDAD
:10322000010ACDED001A9DED010A9DED001A20EE78
:10323000010A8DED040A9DED020A9DED001A20EEB3
:10324000010A8DED050A9DED030A9DED001A20EEA1
:10325000010A8DED060A9DED040ADDED050A9DEDDE
:10326000061A07B07047000087B08DED031ACDED48
:10327000020A8DED010ACDED001A9DED010A9DEDCA
:10328000001A20EE010A8DED040A9DED020A9DED63
:10329000001A20EE010A8DED050A9DED030A9DED51
:1032A000001A20EE010A8DED060A9DED040ADDEDFF
:1032B000050A9DED061A07B07047000089B08DED34
:1032C000051ACDED040A8DED030ACDED022A8DED30
:1032D000012ACDED001A9DED030A9DED001A30EE96
:1032E000410A8DED060A9DED040A9DED011A30EEAE
:1032F000410A8DED070A9DED050A9DED021A30EE9B
:10330000410A8DED080A9DED060ADDED070A9DEDE7
:10331000081A09B07047000089B08DED051ACDED8F
:10332000040A8DED030ACDED022A8DED012ACDEDC3
:10333000001A9DED030A9DED001A30EE410A8DED55
:10334000060A9DED040A9DED011A30EE410A8DED4D
:10335000070A9DED050A9DED021A30EE410A8DED3A
:10336000080A9DED060ADDED070A9DED081A09B071
:103370007047000083B08DED021ACDED010A8DED8E
:10338000000A9DED000A9DED012A9DED021A30EE26
:10339000020A30EE010A03B07047000070470000D7
:1033A00080B584B0029000208DF8070040F28C00B8
:1033B000C2F20000D0F810C027210DF1070201234E
:1033C000E0470090009818B1FFE70098039008E0EC
:1033D0009DF8070000F0010002990870002003909A
:1033E000FFE7039804B080BD80B584B040F28C0044
:1033F000C2F2000002900298D0F810C00DF1030252
:1034000001231946E0470190019818B1FFE70198A0
:10341000039069E0012002F051F900F079F8019081
:10342000019818B1FFE7019803905DE0322000F0A9
:10343000ADF80190019818B1FFE70198039053E0AF
:103440000298D0F810C027210DF103020123E047B4
:103450000190019818B1FFE70198039044E0DC2047
:103460008DF803000298D0F80CC037210DF103024B
:103470000123E0470190019818B1FFE701980390FC
:1034800032E0052002F01AF940208DF8030002987E
:10349000D0F80CC036210DF103020123E047019062
:1034A000019818B1FFE7019803901DE001238DF802
:1034B00003300298D0F80CC015210DF10302E0474B
:1034C0000190019818B1FFE7019803900CE0DD200E
:1034D0008DF803000298D0F80CC037210DF10302DB
:1034E0000123E0470390FFE7039804B080BD00008C
:1034F00080B582B0019040F28C00C2F20000D0F89A
:1035000010C0019A1D210623E04702B080BD0000D3
:1035100080B584B040F28C00C2F20000D0F810C038
:103520000DF1070201231946E0470290029818B1F5
:10353000FFE70298039026E09DF80700502804D08A
:10354000FFE74FF0FF3003901DE040F28C00C2F225
:103550000000D0F810C002210DF106020123E0475F
:103560000290029818B1FFE7029803900BE09DF8D3
:103570000600322804D0FFE74FF0FF30039002E04E
:1035800000200390FFE7039804B080BD80B586B0AB
:10359000049000208DF80F000190FFE70198049936
:1035A00088422DD2FFE740F28C00C2F20000D0F832
:1035B00010C028210DF10F020123E047029002986C
:1035C00018B1FFE7029805901EE09DF80F00400734
:1035D000002804D5FFE74FF0FF30059014E09DF878
:1035E0000F008007002803D5FFE7002005900BE0BF
:1035F000012002F063F8FFE7019801300190CDE768
:103600006FF002000590FFE7059806B080BD00004E
:1036100080B582B08DF8070040F23810C2F2000089
:10362000026A9DF80710904702B080BD80B582B055
:103630008DF8070040F27410C2F20000026A9DF893
:103640000710904702B080BD80B582B08DF80700AA
:1036500040F2B010C2F20000026A9DF807109047D5
:1036600002B080BD80B582B040F2EC10C2F2000022
:10367000426A6946904720B1FFE74FF0FF30019062
:103680000BE040F2EC10C2F20000026A0099B1FABD
:1036900081F1490990470190FFE7019802B080BD90
:1036A00080B584B0039000208DF807000398D0F80F
:1036B0000CC00A210DF107020123E04704B080BDD0
:1036C00080B584B00290FF208DF803000298D0F8F6
:1036D00010C046210DF103020123E047019001983B
:1036E00018B1FFE7019803900AE09DF8030020B1AC
:1036F000FFE74FF0FF30039002E000200390FFE768
:10370000039804B080BD000080B584B00390A2206F
:103710008DF807000398D0F80CC00A210DF10702BC
:103720000123E04704B080BD80B584B002900298C8
:10373000D0F810C008210DF103020123E0470190E9
:10374000019818B1FFE7019803901AE09DF8030073
:1037500000F0FC008DF803000298D0F80CC008219E
:103760000DF103020123E0470190019818B1FFE732
:103770000198039005E0022001F0A0FF00200390D3
:10378000FFE7039804B080BD80B584B00290029832
:10379000D0F810C008210DF103020123E047019089
:1037A000019818B1FFE7019803901AE09DF8030013
:1037B00040F003008DF803000298D0F80CC00821F7
:1037C0000DF103020123E0470190019818B1FFE7D2
:1037D0000198039005E0022001F070FF00200390A3
:1037E000FFE7039804B080BD80B584B002900298D2
:1037F000D0F810C002210DF103020123E04701902F
:10380000019818B1FFE70198039017E09DF80300B5
:1038100040F040008DF803000298D0F80CC002215F
:103820000DF103020123E0470190019818B1FFE771
:103830000198039002E000200390FFE7039804B092
:1038400080BD000080B586B004900391ADF80A20D9
:103850000498D0F810C0039ABDF80A303521E0472B
:103860000190019818B1FFE70198059002E000204F
:103870000590FFE7059806B080BD000080B584B0D4
:1038800002900298D0F810C000210DF1030201232C
:10389000E0470190019818B1FFE70198039021E0FB
:1038A0009DF80300052803D0FFE70120039019E0ED
:1038B0000298D0F810C00DF1020201231946E0472A
:1038C0000190019818B1FFE7019803900AE09DF874
:1038D00002007C2803D0FFE70120039002E00020D3
:1038E0000390FFE7039804B080BD000080B586B068
:1038F0000490B0208DF80B000498D0F80CC0602123
:103900000DF10B020123E04703900A2001F0D6FEDF
:1039100000200190FFE70198B0F5FA7F20DAFFE779
:103920000120009001F0CAFE009B0498D0F810C05E
:103930004D210DF10B02E0470390039818B1FFE70A
:103940000398059010E09DF80B00802803D1FFE755
:103950000020059008E0FFE7019801300190DAE7C8
:103960006FF002000590FFE7059806B080BD0000EB
:1039700080B586B004908DF80F109DF80F008DF87B
:1039800005000498D0F810C003210DF107020123AF
:10399000E0470290029818B1FFE70298059039E0DD
:1039A0000498D0F810C004210DF106020123E0476D
:1039B0000290029818B1FFE7029805902AE09DF85E
:1039C000070000F0F0009DF8051008438DF807008F
:1039D0009DF8060000F0F0009DF8051008438DF8F2
:1039E00006000498D0F80CC003210DF10702012352
:1039F000E0470290029818B1FFE70298059009E0AD
:103A00000498D0F80CC004210DF106020123E04710
:103A10000590FFE7059806B080BD000080B586B030
:103A200004908DF80F109DF80F008DF80600049893
:103A3000D0F810C003210DF107020123E0470290E6
:103A4000029818B1FFE70298059012E09DF8070070
:103A500000F08F009DF8061008438DF807000498C9
:103A6000D0F80CC003210DF107020123E0470590B7
:103A7000FFE7059806B080BD80B586B004908DF84C
:103A80000F109DF80F008DF806000498D0F810C0B4
:103A900004210DF107020123E0470290029818B1BA
:103AA000FFE70298059012E09DF8070000F08F00F4
:103AB0009DF8061008438DF807000498D0F80CC054
:103AC00004210DF107020123E0470590FFE7059867
:103AD00006B080BD80B50CF0F3FE80BD80B582B02D
:103AE000019001980CF01EFF02B080BD80B586B039
:103AF000FF208DF80F004CF20F00ADF80C000023F2
:103B00008DF80A3040F2E000C2F20000D0F814C094
:103B100069460B600DF10F010122E04720B1FFE77C
:103B20006FF00A0005904AE0012001F0C7FDFFE7B1
:103B300040F2E000C2F20000D0F818C06A4601214D
:103B4000116003A902220DF10B03E04704900498D1
:103B5000B0F1FF3F03DCFFE7049805902FE0012060
:103B600001F0ACFD9DF80A0001308DF80A00C0B2EA
:103B7000642804DBFFE76FF0020005901FE0FFE719
:103B80009DF80B00C0070028D2D1FFE700F01AF81B
:103B900004900498B0F1FF3F03DCFFE70498059020
:103BA0000DE000F041F804900498B0F1FF3F03DC11
:103BB000FFE70498059002E000200590FFE70598D4
:103BC00006B080BD80B584B09F20ADF80A0000200B
:103BD000ADF8080040F2E000C2F20000D0F818C0D2
:103BE000694602220A600DF10A0102ABE04701902A
:103BF0000198B0F1FF3F03DCFFE70198039010E06C
:103C00009DF808005E2805D1FFE79DF80900C1284E
:103C100004D0FFE74FF0FF30039002E00020039054
:103C2000FFE7039804B080BD80B584B04AF21F005E
:103C3000ADF80A0000208DF8090040F2E000C2F261
:103C40000000D0F814C06A46012111600DF10A018C
:103C500002220DF10903E0470190019818B1FFE736
:103C60000198039025E00F208DF80A00FF208DF8C1
:103C7000090040F2E000C2F20000D0F818C06A4625
:103C8000012111600DF10A0102220DF10903E04743
:103C90000190019818B1FFE70198039009E09DF8A1
:103CA000090000F03800002818BF4FF0FF300390E3
:103CB000FFE7039804B080BD80B586B005900491FD
:103CC000039200200290FFE7029802284CDCFFE7F5
:103CD0000598029A00EB820090ED000A40F2043051
:103CE000C2F2000000EB820040F21401C2F20001B7
:103CF000009101EB82010FF05BFB0498029A00EB4C
:103D0000820090ED000A40F21030C2F2000000EB99
:103D1000820040F22001C2F20001019101EB820118
:103D20000FF046FB009A0198059B029903EB810373
:103D300093ED000A02EB8102D2ED000A049A02EB35
:103D4000810292ED001A00EB8100D0ED001A0CF018
:103D5000F1FC0398029900EB810080ED000AFFE777
:103D6000029801300290AFE706B080BD80B5102008
:103D700002F0B0FC80BD000072B6FFE7FEE7000075
:103D800080B540F2AC70C2F2000002F069F880BD6C
:103D900080B540F2AC70C2F2000002F061F880BD64
:103DA00083B002904AF60040C4F2000000900298EE
:103DB00000684AF60001C4F20001884205D1FFE71D
:103DC000009800F554700090FFE70098029908648D
:103DD00002980068D0F8800020F4F810029A116868
:103DE000526B40EA0240C1F880000098703002999E
:103DF000486402980068D0F8800020F07060029A51
:103E00001168926B40EA0260C1F880000098B030FF
:103E100002998864009800F5C4700299C8640098FB
:103E200000F5187002990865009800F51E70029957
:103E3000486500980190FFE70198009901F55471D9
:103E4000884208D2FFE7019900200860FFE7019847
:103E500004300190F0E703B07047000088B007908D
:103E60000691059204930698406848B9FFE70698C2
:103E7000016882680069104340EA8140039009E0CC
:103E800006980168826800691043084340F080404A
:103E90000390FFE70698D0F820C0C16842698369A3
:103EA000C06940EA0C601843104340EA01400290A8
:103EB0000798406D049901EBC10100EBC10001902E
:103EC00003980199086001980430019002980199C3
:103ED000086001980430019000200090FFE70098EE
:103EE0000699CA6848F25C21C0F60101895C8842E3
:103EF0000DD2FFE705980099405801990860019894
:103F000004300190FFE7009804300090E7E708B024
:103F10007047000080B58CB08DED081ACDED070A12
:103F20008DED060ACDED052A8DED042ACDED031A9F
:103F30009DED060ADDED070A9DED081ADDED031A79
:103F40009DED042ADDED052AFFF760F8B5EE400A85
:103F5000F1EE10FA23DAFFE79DED060ADDED070A20
:103F60009DED081ADDED031A9DED042ADDED052A0D
:103F7000FFF706F88DED021ACDED010A8DED000A6E
:103F80009DED000ADDED010A9DED021AFFF718F91B
:103F90008DED0B1ACDED0A0A8DED090A14E09DEDA9
:103FA000060ADDED070A9DED081ADDED031A9DED09
:103FB000042ADDED052AFEF7E3FF8DED0B1ACDEDAA
:103FC0000A0A8DED090AFFE79DED090ADDED0A0AEF
:103FD0009DED0B1A0CB080BD80B540F21070C2F29E
:103FE000000001F021F880BD40F2CC50C2F2000088
:103FF0000068704780B5C0B020901F9100208DF8F8
:104000007B001B901F98C0680021C4F27F0188428A
:1040100001D0FFE700E0FFE7FFE7209890F85400A9
:10402000012804D1FFE702208DF88700FDE32099E5
:10403000012081F85400FFE7FFE7209800680BF0AB
:104040006BFE002840F0DD83FFE71F980068012821
:1040500010D0FFE71F9800680221C0F2304188426B
:104060000DD1FFE71F98C0680021C4F27F0188428C
:1040700005D1FFE7209800680BF0EEFDFFE72098E0
:1040800000681F990A6849680BF04EFE2098006886
:104090000BF042FE1A90209800680BF01DFE19905C
:1040A0001A98002840F0B881FFE71998002840F0DE
:1040B000B381FFE71F988068B0F1004F0ED1FFE792
:1040C000209800681F99096800220BF04BFE209889
:1040D00000684FF000410BF0F1FE0CE02098006802
:1040E0001F9A116892680BF03DFE2098006800212D
:1040F0000BF0E4FEFFE71F98406920990968C96842
:1041000001F01801890888401D901F980069042853
:104110001CD0FFE7209800681F990A6809691D9B59
:104120000BF072FE209800681F9A116992690BF0DB
:104130009DFE209800681F9A1169127F013AB2FA19
:1041400082F2520952060BF07DFE64E1209800686D
:1041500000210BF0B1FD000348B9FFE7209800688B
:1041600000210BF0A9FDC0F38460189018E020989E
:10417000006800210BF0A0FD90FAA0F03E903E9860
:1041800020B9FFE720208DF8FF0005E03E98B0FA47
:1041900080F08DF8FF00FFE79DF8FF001890FFE723
:1041A000189817901F980068000330B9FFE71F9810
:1041B0000068C0F38460169015E01F98006890FABC
:1041C000A0F03C903C9820B9FFE720208DF8F70044
:1041D00005E03C98B0FA80F08DF8F700FFE79DF815
:1041E000F7001690FFE717981699884207D1FFE766
:1041F00020980068002211460BF04CFEFFE7209843
:10420000006801210BF058FD000348B9FFE7209832
:10421000006801210BF050FDC0F38460159018E098
:104220002098006801210BF047FD90FAA0F03A9029
:104230003A9820B9FFE720208DF8EF0005E03A9882
:10424000B0FA80F08DF8EF00FFE79DF8EF001590D1
:10425000FFE7159814901F980068000330B9FFE736
:104260001F980068C0F38460139015E01F980068E1
:1042700090FAA0F03890389820B9FFE720208DF808
:10428000E70005E03898B0FA80F08DF8E700FFE726
:104290009DF8E7001390FFE714981399884207D11F
:1042A000FFE720980068012100220BF0F3FDFFE7F3
:1042B0002098006802210BF0FFFC000348B9FFE7DB
:1042C0002098006802210BF0F7FCC0F38460129084
:1042D00018E02098006802210BF0EEFC90FAA0F0A4
:1042E0003690369820B9FFE720208DF8DF0005E0F2
:1042F0003698B0FA80F08DF8DF00FFE79DF8DF0018
:104300001290FFE7129811901F980068000330B9CF
:10431000FFE71F980068C0F38460109015E01F98B5
:10432000006890FAA0F03490349820B9FFE720207C
:104330008DF8D70005E03498B0FA80F08DF8D700FA
:10434000FFE79DF8D7001090FFE711981099884279
:1043500007D1FFE720980068022100220BF09AFDA8
:10436000FFE72098006803210BF0A6FC000348B982
:10437000FFE72098006803210BF09EFCC0F38460E7
:104380000F9018E02098006803210BF095FC90FA3C
:10439000A0F03290329820B9FFE720208DF8CF00AE
:1043A00005E03298B0FA80F08DF8CF00FFE79DF875
:1043B000CF000F90FFE70F980E901F980068000342
:1043C00030B9FFE71F980068C0F384600D9015E0D6
:1043D0001F98006890FAA0F03090309820B9FFE75D
:1043E00020208DF8C70005E03098B0FA80F08DF8F5
:1043F000C700FFE79DF8C7000D90FFE70E980D99E5
:10440000884207D1FFE720980068032100220BF0C3
:1044100041FDFFE7FFE7FFE7209800680BF06CFC29
:10442000002840F04481FFE7209800681F9A116837
:10443000D2680BF0B3FC1F98C0680021C4F27F0162
:10444000884240F03381FFE7209800680C901F9865
:104450000068000330B9FFE71F980068C0F384606C
:104460000B9015E01F98006890FAA0F02E902E98FF
:1044700020B9FFE720208DF8BF0005E02E98B0FAA4
:1044800080F08DF8BF00FFE79DF8BF000B90FFE7BD
:104490000B98013000F01F0009287DD8FFE71F9816
:1044A0000068000330B9FFE71F980068C0F384601C
:1044B0000A9015E01F98006890FAA0F02C902C98B4
:1044C00020B9FFE720208DF8B70005E02C98B0FA5E
:1044D00080F08DF8B700FFE79DF8B7000A90FFE77E
:1044E0000A98013000F01F00800609901F980068AC
:1044F000000330B9FFE71F980068C0F3846008909C
:1045000015E01F98006890FAA0F02A902A9820B928
:10451000FFE720208DF8AF0005E02A98B0FA80F080
:104520008DF8AF00FFE79DF8AF000890FFE709980E
:104530000899013101F01F020121914008430790C1
:104540001F980068000330B9FFE71F980068C0F3A8
:104550008460069015E01F98006890FAA0F02890FB
:10456000289820B9FFE720208DF8A70005E02898BB
:10457000B0FA80F08DF8A700FFE79DF8A70006903D
:10458000FFE707980699013101F01F0101EB410196
:1045900040EA0150059082E01F980068000330B99E
:1045A000FFE71F980068C0F38460049015E01F982F
:1045B000006890FAA0F02690269820B9FFE7202006
:1045C0008DF89F0005E02698B0FA80F08DF89F00E6
:1045D000FFE79DF89F000490FFE70498013000F08A
:1045E0001F00800603901F980068000330B9FFE7A2
:1045F0001F980068C0F38460029015E01F9800685F
:1046000090FAA0F02490249820B9FFE720208DF89C
:10461000970005E02498B0FA80F08DF89700FFE746
:104620009DF897000290FFE703980299013101F08D
:104630001F0201219140084301901F980068000368
:1046400030B9FFE71F980068C0F38460009015E060
:104650001F98006890FAA0F02290229820B9FFE7F6
:1046600020208DF88F0005E02298B0FA80F08DF8B8
:104670008F00FFE79DF88F000090FFE701990098F9
:10468000013000F01F0000EB40020020CFF6206058
:1046900000EB0250084340F000700590FFE70C98D3
:1046A00005991F9A92680BF05DFBFFE7FFE71F98E3
:1046B000408848F20801084200F0A280FFE748F273
:1046C0000030C4F202200BF0EFFA1C901F98006833
:1046D0000021CCF22131884233D1FFE79DF87200EE
:1046E000000600282DD4FFE72098006848F200015A
:1046F000C4F20221884223D1FFE71C9840F4000154
:1047000048F20030C4F202200BF070FB40F22C00A3
:10471000C2F200000068800942F66351C0F23E51C7
:10472000A0FB01108109022000EB41001B90FFE774
:104730001B9820B1FFE71B9801381B90F8E7FFE7B3
:104740005DE01F9800680021C4F22931884219D128
:10475000FFE79DF87300C007A0B9FFE72098006845
:1047600048F20011C4F2022188420AD1FFE71C98E6
:1047700040F0807148F20030C4F202200BF036FBAA
:10478000FFE73BE01F9800680021CCF2527188429D
:104790001AD1FFE79DF872004006002814D4FFE705
:1047A0002098006848F20001C4F2022188420AD130
:1047B000FFE71C9840F4800148F20030C4F2022068
:1047C0000BF014FBFFE718E01F9800680021C4F20B
:1047D0005A7188420FD1FFE72098006848F2000123
:1047E000C4F20221884205D0FFE7209800680BF050
:1047F0003FFAFFE700E0FFE7FFE7FFE7FFE7FFE73C
:1048000008E02099886D40F02000886501208DF82F
:104810007B00FFE7FFE72099002081F85400FFE7C5
:104820009DF87B008DF88700FFE79DF8870040B07A
:1048300080BD000080B588B0069000208DF817007C
:104840000190069820B9FFE701208DF81F004FE185
:104850000698006940B1FFE7069890F8200001280B
:1048600001D1FFE7FFE7FFE70698806D50B9FFE74A
:10487000069800F041F906990020C865069981F86C
:104880005400FFE7069800680BF02EFA28B1FFE706
:10489000069800680BF0D4F9FFE7069800680BF063
:1048A00033FAF0B9FFE7069800680BF0EDF940F233
:1048B0002C00C2F200000068800942F66351C0F289
:1048C0003E51A0FB01108109022000EB4100019044
:1048D000FFE7019820B1FFE7019801380190F8E760
:1048E000FFE7069800680BF00FFA70B9FFE706992A
:1048F000886D40F0100088650699C86D40F0010091
:10490000C86501208DF81700FFE7069800680BF0D6
:1049100003FA03900698806DC006002800F1DA8043
:10492000FFE70398002840F0D580FFE70698806DE8
:1049300040F0020020F480700699886506980068AF
:104940000BF0DAF9E0B9FFE748F20000C4F2022008
:104950000BF0D2F9009048F20010C4F202200BF0E4
:10496000CBF901460098084348B9FFE7069841682B
:1049700048F20030C4F202200BF02AFAFFE7FFE70A
:1049800006994A7E886B40EA42308A68CB681843B1
:10499000104391F8201040EA01400490069890F8E6
:1049A000200001280BD1FFE70698416A0020CFF6CE
:1049B000FE7000EB4141049808430490FFE706981D
:1049C000806A50B1FFE70699886AC96A00F4787076
:1049D0000143049808430490FFE706980068C06804
:1049E00044F20701CFF6F071084004990843069994
:1049F0000968C86006980068006920F04060069A5F
:104A00001168126B10430861069800680BF064F996
:104A100002900398E8BBFFE70298D0BBFFE7069936
:104A2000087E91F83410800340EA41000490069813
:104A30000068C06844F2020188430499084306995B
:104A40000968C860069890F83C00012819D1FFE772
:104A500006980068006940F2FD7120EA0102069B99
:104A60001968186CD3F844E0D3F848C040EA0E0047
:104A700040EA0C00DB6C1843104340F00100086171
:104A800006E006980168086920F001000861FFE768
:104A9000FFE70698006901280CD1FFE70698006837
:104AA000006B20F00F00069A1168D269013A10439A
:104AB000086306E006980168086B20F00F000863A1
:104AC000FFE70698806D40F0010020F00200069993
:104AD000886508E00699886D40F01000886501201F
:104AE0008DF81700FFE79DF817008DF81F00FFE70E
:104AF0009DF81F0008B080BD80B5CCB04B90002061
:104B00004A90499048904790469004A84FF4847189
:104B1000FBF704FC4B98006848F20001C4F2022144
:104B2000884245D1FFE7002005904FF40011049121
:104B3000399004A805F072FA18B1FFE7FFF71CF9E5
:104B4000FFE740F22830C2F2000001680131016045
:104B50000068012810D1FFE7FFE740F68C40C4F25F
:104B60000240016841F480610160006800F48060E7
:104B700003900398FFE7FFE7FFE740F68C40C4F29D
:104B80000240016841F001010160006800F001008D
:104B900002900298FFE702204690032047900020F1
:104BA00048900020C4F2022046A901F0CBFD4EE05F
:104BB0004B98006848F20011C4F20221884245D1A6
:104BC000FFE7002005904FF400110491399004A8EC
:104BD00005F024FA18B1FFE7FFF7CEF8FFE740F23F
:104BE0002830C2F20000016801310160006801282C
:104BF00010D1FFE7FFE740F68C40C4F202400168A5
:104C000041F480610160006800F4806001900198C7
:104C1000FFE7FFE7FFE740F68C40C4F2024001687F
:104C200041F001010160006800F00100009000986F
:104C3000FFE708204690032047900020489000207E
:104C4000C4F2022046A901F07DFDFFE7FFE74CB06A
:104C500080BD000087B006900591049200208DF879
:104C60000F001F2002909DF81400C00720B9FFE735
:104C700001208DF80F004BE0FFE70299481E0290DB
:104C80000020019051B1FFE70598029901F01F0142
:104C900020FA01F1012088430190FFE70198C00745
:104CA00008B1FFE7E9E70498009018282BD800998D
:104CB000DFE801F028292929292929291F2929295B
:104CC0002929292916292929292929290D00029864
:104CD000072804D3FFE701208DF80F00FFE716E057
:104CE0000298082804D3FFE701208DF80F00FFE7A2
:104CF0000DE00298102804D3FFE701208DF80F0083
:104D0000FFE704E003E001208DF80F00FFE7FFE775
:104D10009DF80F0078B9FFE7059806990968486182
:104D200006980068806820F01800049908430699E6
:104D300009688860FFE79DF80F0007B07047000022
:104D400080B582B00090009820B9FFE701208DF86F
:104D5000070057E00098407F38B9FFE7009900202E
:104D60000877009800F052F8FFE700990220487792
:104D70000098007980B9FFE70098016841F6B750C4
:104D8000C0F2C140486100980068806820F01800B7
:104D90000099096888600BE000988168C268FFF795
:104DA00059FF20B1FFE701208DF807002AE0FFE757
:104DB0000098407930B9FFE7009801684FF0FF3064
:104DC000086104E00098016800690861FFE7009845
:104DD0000068806820F06000009A116852691043F2
:104DE000886000980068806820F08000009A116850
:104DF00092691043886000990120487700208DF85F
:104E00000700FFE79DF8070002B080BD82B0019067
:104E10000198006843F20001C4F20201884210D1F7
:104E2000FFE7FFE740F68840C4F20240016841F422
:104E300080510160006800F4805000900098FFE706
:104E4000FFE702B07047000080B584B0029001F027
:104E50001DFE0190029820B9FFE701208DF80F0098
:104E600079E0029890F8540002280DD0FFE70299EB
:104E700020208865FFE70299002081F84C00FFE7B9
:104E800001208DF80F0066E002980168486940F043
:104E9000040048610299052081F85400FFE7029858
:104EA000006800698004002827D4FFE701F0EEFDC8
:104EB0000199401A06281FD3FFE70299886D40F038
:104EC000100088650299032081F85400029890F838
:104ED00050000006002805D5FFE70298416F012029
:104EE0000873FFE7FFE70299002081F84C00FFE715
:104EF00001208DF80F002EE0D1E702980168486983
:104F000040F0020048610299042081F854000298A0
:104F100001684FF4FE40C8600299012081F85400F6
:104F2000029890F850000006002809D5FFE7029883
:104F3000416F012008730298016800208864FFE730
:104F4000FFE70299002081F84C00FFE7FFE700200F
:104F50008DF80F00FFE79DF80F0004B080BD000042
:104F600082B00090009820B9FFE701208DF807007B
:104F70001CE0009890F85400022807D0FFE7009941
:104F80002020886501208DF807000FE0009904209B
:104F900081F8540000980168486942F20402104305
:104FA0004861FFE700208DF80700FFE79DF8070044
:104FB00002B0704785B003900291039820B9FFE7D3
:104FC00001208DF813002AE00398006840F6FF7175
:104FD00088430190039800685038C0F3C411012041
:104FE000884000909DF80800C006002813D5FFE710
:104FF000029800F01100112806D1FFE7009A0199EC
:1050000048681043486005E0009A01994868904359
:105010004860FFE7FFE700208DF81300FFE79DF8E9
:10502000130005B07047000080B584B0039003986A
:10503000006840F6FF71884302900398006850387A
:10504000C0F3C4110120884001900298C068019902
:1050500008400090009808B9FFE74DE10398006808
:1050600000694005002813D5FFE7039800684069F0
:10507000400500280BD5FFE7039801684FF48060D6
:10508000C8600399886D40F001008865FFE7FFE77D
:105090000398006800690005002813D5FFE703980E
:1050A00000684069000500280BD5FFE703980168F8
:1050B0004FF40060C8600399886D40F00200886575
:1050C000FFE7FFE7039800680069C004002813D5D4
:1050D000FFE7039800684069C00400280BD5FFE78C
:1050E000039801684FF48050C8600399886D40F0C0
:1050F00004008865FFE7FFE7039800680069400443
:10510000002813D5FFE70398006840694004002891
:105110000BD5FFE7039801684FF48040C8600399FE
:10512000886D40F008008865FFE7FFE70398006896
:1051300000698005002816D5FFE7039800684069DC
:10514000800500280ED5FFE7039801684FF4007032
:10515000C8600398406E20B1FFE70398416E88470E
:10516000FFE7FFE7FFE70398006800698004002875
:1051700050D5FFE70398006840698004002848D5AF
:10518000FFE7039801684FF40050C860039890F857
:10519000540004282FD1FFE703980168486920F4E0
:1051A0000050486103980168486940F00200486176
:1051B0000399012081F85400039890F850000006EC
:1051C000002809D5FFE70398416F01200873039871
:1051D000016800208864FFE7FFE70399002081F859
:1051E0004C00FFE70398C06E20B1FFE70398C16E43
:1051F0008847FFE780E00399052081F85400039871
:10520000006F20B1FFE70398016F8847FFE7FFE7D2
:10521000FFE7FFE7039800680069C005002842D552
:10522000FFE7039800684069C00500283AD5FFE70A
:10523000039890F850000006002814D5FFE7039863
:105240000068C06F70B9FFE703980068806C40B9D0
:10525000FFE70399012081F854000399496F08730F
:10526000FFE7FFE70AE003980068806C28B9FFE7D2
:105270000399012081F85400FFE7FFE703980168D4
:105280004FF44070C860FFE70399002081F84C009C
:10529000FFE70398006E20B1FFE70398016E88478F
:1052A000FFE7FFE7FFE70398806D28B3FFE7039868
:1052B0000168486940F0020048610399012081F8C3
:1052C0005400039890F850000006002805D5FFE729
:1052D0000398416F01200873FFE7FFE7039900205F
:1052E00081F84C00FFE70398806E20B1FFE7039838
:1052F000816E8847FFE7FFE704B080BD80B584B0CA
:10530000029001F0C3FB0190029820B9FFE7012051
:105310008DF80F00CEE10298C068B0F5007F01D093
:10532000FFE7FFE70298406BB0F5805F01D1FFE730
:10533000FFE70298016801205022C4F20202914264
:10534000009000F06781FFE7029801680120502279
:10535000C5F202029142009000F05C81FFE70298E2
:1053600001680120D022C4F202029142009000F0B4
:105370005181FFE7029801680120D022C5F20202A4
:105380009142009000F04681FFE7029801680120F9
:1053900040F25012C4F202029142009000F03A81B1
:1053A000FFE702980168012040F25012C5F20202A4
:1053B0009142009000F02E81FFE7029801680120E1
:1053C00040F2D012C4F202029142009000F0228119
:1053D000FFE702980168012040F2D012C5F20202F4
:1053E0009142009000F01681FFE7029801680120C9
:1053F00040F25022C4F202029142009000F00A8171
:10540000FFE702980168012040F25022C5F2020233
:105410009142009000F0FE80FFE7029801680120B1
:1054200040F2D022C4F202029142009000F0F280D9
:10543000FFE702980168012040F2D022C5F2020283
:105440009142009000F0E680FFE702980168012099
:1054500040F25032C4F202029142009000F0DA8031
:10546000FFE702980168012040F25032C5F20202C3
:105470009142009000F0CE80FFE702980168012081
:1054800040F2D032C4F202029142009000F0C28099
:10549000FFE702980168012040F2D032C5F2020213
:1054A0009142009000F0B680FFE702980168012069
:1054B00041F25002C4F202029142009000F0AA8030
:1054C000FFE702980168012041F25002C5F2020292
:1054D0009142009000F09E80FFE702980168012051
:1054E00041F2D002C4F202029142009000F0928098
:1054F000FFE702980168012041F2D002C5F20202E2
:105500009142009000F08680FFE702980168012038
:1055100041F25012C4F20202914200907AD0FFE7A9
:1055200002980168012041F25012C5F20202914234
:1055300000906FD0FFE702980168012041F2D0127D
:10554000C4F202029142009064D0FFE70298016821
:10555000012041F2D012C5F202029142009059D0CE
:10556000FFE702980168012041F25022C4F20202D2
:10557000914200904ED0FFE702980168012041F26D
:105580005022C5F202029142009043D0FFE70298F8
:105590000168012041F2D022C4F20202914200903F
:1055A00038D0FFE702980168012041F2D022C5F20D
:1055B0000202914200902DD0FFE70298016801207D
:1055C00041F25032C4F202029142009022D0FFE731
:1055D00002980168012041F25032C5F20202914264
:1055E000009017D0FFE702980168012041F2D03205
:1055F000C4F20202914200900CD0FFE702980068CA
:105600004EF63041CAF6FD710844B0FA80F0400908
:105610000090FFE70098C00708B1FFE7FFE7FFE74A
:105620000299002081F84C00FFE7029890F854009E
:1056300060B9FFE70299002008660299486602995E
:1056400088660299C86602990867FFE702990220F6
:1056500081F8540002980168486940F006004861EA
:10566000FFE7029800684069C00798B1FFE701F0C2
:105670000DFA0199401A06280BD3FFE70299102072
:1056800088650299032081F8540001208DF80F00ED
:1056900010E0E6E70298FBF75BFE0299486B0865AD
:1056A000029900208865029A012182F854108DF831
:1056B0000F00FFE79DF80F0004B080BD80B584B0F7
:1056C000039001F0E3F902900398019001980130F2
:1056D00048B1FFE740F2C420C2F20000017801980F
:1056E00008440190FFE7FFE701F0D0F90299401A62
:1056F0000199884201D2FFE7F6E704B080BD0000BF
:1057000086B0049003910292049890F85C008DF8A2
:105710000700BDF80C0010F4C07F01D0FFE7FFE7E1
:105720009DF80700012806D0FFE79DF80700022832
:1057300040F0DE80FFE704980068806D00909DF8DF
:105740000C00400730B1FFE79DF80000C0070028BB
:1057500047D0FFE79DF80C0010F0380F06D0FFE7A8
:105760009DF80000800700283BD5FFE7BDF80C003E
:1057700010F4E07F06D0FFE79DF800004007002806
:105780002FD5FFE79DF80D0010F01E0F06D0FFE7A4
:105790009DF800000007002823D5FFE79DF80D00C5
:1057A00010F0E00F06D0FFE79DF80000C0060028CB
:1057B00017D5FFE79DF80E00800730B1FFE79DF891
:1057C0000000800600280CD5FFE79DF80E0010F0C1
:1057D000FC0F0DD0FFE79DF800004006002807D41D
:1057E000FFE704980168C86D40F00100C865FFE755
:1057F0009DF80C00400730B1FFE79DF80000C0079E
:10580000002847D1FFE79DF80C0010F0380F06D0B4
:10581000FFE79DF80000800700283BD4FFE7BDF8B4
:105820000C0010F4E07F06D0FFE79DF80000400771
:1058300000282FD4FFE79DF80D0010F01E0F06D0B2
:10584000FFE79DF800000007002823D4FFE79DF83C
:105850000D0010F0E00F06D0FFE79DF80000C00635
:10586000002817D4FFE79DF80E00800730B1FFE74E
:105870009DF80000800600280CD4FFE79DF80E007C
:1058800010F0FC0F0DD0FFE79DF800004006002847
:1058900007D5FFE704980168C86D40F00200C865AD
:1058A000FFE79DF80C000006002809D5FFE7029AE3
:1058B00004980168D1F8DC001043C1F8DC00FFE770
:1058C0009DF80D00C00748B1FFE7029A04980168EF
:1058D000D1F8E0001043C1F8E000FFE7039A049814
:1058E0000168486D1043486500208DF8170008E0F6
:1058F0000499086E40F00200086601208DF8170038
:10590000FFE79DF8170006B07047000080B586B02D
:105910000490039102920398406808B9FFE700E001
:10592000FFE7049890F85C0002282FD1FFE7049865
:105930000068D0F8C4008002002809D5FFE7049968
:10594000086E40F40070086601208DF8170026E00C
:1059500004980068D0F8C400C0F301400190049896
:105960000399029A019BFEF779FA0199012000FA46
:1059700001F1049A1268C2F8CC1001998840049988
:105980008865FFE700208DF8170008E00499086E8D
:1059900040F00800086601208DF81700FFE79DF829
:1059A000170006B080BD000087B0059004910598EF
:1059B00090F85C008DF803009DF80300012805D0E5
:1059C000FFE79DF8030002283CD1FFE70498006838
:1059D000B8B9FFE704998868CB680A694969800704
:1059E00040EAC36040EA0240084303900598006C17
:1059F0000499496800EB81000190039801990860BF
:105A00001CE00498C168006940EA41700390049862
:105A10008168406940EA817002900598406C049961
:105A2000496800EBC1000190039801990860019852
:105A300004300190029801990860FFE700208DF87A
:105A40001B0008E00599086E40F00200086601207E
:105A50008DF81B00FFE79DF81B0007B070470000A2
:105A600085B0DDF814C00390029101920093039871
:105A700090F85C00012819D1FFE703980068D0F87E
:105A8000800020F03F0002990901019A41EA820159
:105A9000009A41EA4201059A1143084303990968B3
:105AA000C1F8800000208DF8130008E00399086E0B
:105AB00040F00400086601208DF81300FFE79DF810
:105AC000130005B07047000085B003900291019269
:105AD000039890F85C008DF803009DF803000128FE
:105AE00005D0FFE79DF80300022816D1FFE70198D3
:105AF000012807D1FFE7029A03980168886D904357
:105B0000886506E0029A03980168886D10438865ED
:105B1000FFE700208DF8130008E00399086E40F0BD
:105B20000200086601208DF81300FFE79DF81300BE
:105B300005B0704781B0009001B0704782B001900D
:105B40000091019840F2AC71C2F2000188420DD17F
:105B5000FFE79DF802000007002807D5FFE740F6A1
:105B60000451C2F2000101200870FFE702B0704743
:105B700083B00290019102980068406C00900098F8
:105B800000F00700019908600098C0F30220019915
:105B90004860009800F01800019988600098C0F3F0
:105BA00040100199C8600098C0F380100199086105
:105BB0009DF80000C009019948610098C0F3C02019
:105BC000019988610098C0F300300199C86100987C
:105BD000C0F34030019908620098C0F38030019909
:105BE00048620098C0F3064001998862002003B023
:105BF0007047000083B0029001910198402808D1BD
:105C0000FFE702980068D0F8900000F00F000090C5
:105C100007E002980068D0F8980000F00F000090AC
:105C2000FFE7009803B070478AB00890079106928A
:105C3000059300200190089890F85C008DF803000F
:105C40009DF80300022840F0FA80FFE707984028FB
:105C50003ED1FFE708980068D0F89000000748B9E7
:105C6000FFE70899086E40F48070086601208DF8FF
:105C70002700EDE008980068D0F8900000F08071EF
:105C80000120B0EB116F0FD1FFE708980068D0F842
:105C9000800000F400710120B0EB512F03D1FFE729
:105CA00001200190FFE7FFE708980068D0F8900016
:105CB00000F44071019800EB112001900898806C6D
:105CC000019901EBC10100EBC1000490FFE73DE049
:105CD00008980068D0F89800000748B9FFE70899CD
:105CE000086E40F48070086601208DF82700AFE050
:105CF00008980068D0F8980000F080710120B0EB9F
:105D0000116F0FD1FFE708980068D0F8800000F409
:105D100080710120B0EB112F03D1FFE7012001902A
:105D2000FFE7FFE708980068D0F8980000F440719A
:105D3000019800EB112001900898C06C019901EBCB
:105D4000C10100EBC1000490FFE7FFE70498006881
:105D500000F08040069948600698406838B9FFE72F
:105D600004980068C0F38A400699086006E0049829
:105D7000006820F0604006990860FFE7049800681A
:105D800000F00050069988600498006800F0004018
:105D900006990861049804300490049800880699D4
:105DA000C86104980068C0F303400699C86004986D
:105DB000006800F48010069948610498006800F4B7
:105DC00000100699886104980068C0F3066006997F
:105DD000086204980068C00F06994862049804306D
:105DE00004900498039000200290FFE7029806991F
:105DF000CA6848F25C21C0F60101895C88420AD277
:105E0000FFE70398029A805C05998854FFE702989F
:105E100001300290EAE70798402806D1FFE7019891
:105E200008990968C1F8940005E001980899096883
:105E3000C1F89C00FFE700208DF8270008E00899D2
:105E4000086E40F00800086601208DF82700FFE783
:105E50009DF827000AB0704781B0009001B07047EC
:105E600080B58AB0099009980068006D00F4E05090
:105E7000089009980068416D0898084008900998B2
:105E80000068006D00F00700079009980068416DF8
:105E900007980840079009980068006D00F03800E6
:105EA000069009980068416D069808400690099888
:105EB0000068006D00F47100059009980068416D5C
:105EC00005980840059009980068006D00F460206E
:105ED000049009980068416D04980840049009985E
:105EE0000068406D019009980068006D00909DF871
:105EF000000000F040010020B0EB911F12D0FFE73E
:105F00009DF8040000F040010020B0EB911F08D084
:105F1000FFE709980168402008650998FFF79CFF92
:105F2000FFE7FFE79DF80100C007E0B1FFE79DF83C
:105F30000500C007B0B1FFE709980068D0F8D800A5
:105F4000029009980068D0F8E0100298084002908A
:105F5000099801684FF4807008650998029900F06B
:105F60009DFBFFE7FFE7089848B1FFE7089809990C
:105F7000096808650998089900F09CFBFFE70798F5
:105F800048B1FFE7079809990968086509980799D2
:105F900000F0D0FAFFE7069848B1FFE706980999A4
:105FA000096808650998069900F0D6FAFFE79DF898
:105FB000010000F002010020B0EB510F13D0FFE709
:105FC0009DF8050000F002010020B0EB510F09D050
:105FD000FFE7099801684FF400700865099800F020
:105FE0006FFBFFE7FFE79DF800100020B0EBD11F2B
:105FF0001DD0FFE79DF804100020B0EBD11F15D095
:10600000FFE709980068D0F8D40003900998006869
:10601000D0F8DC10039808400390099801688020AC
:1060200008650998039900F03FFBFFE7FFE79DF83B
:10603000010000F020010020B0EB511F13D0FFE75A
:106040009DF8050000F020010020B0EB511F09D0A1
:10605000FFE7099801684FF400500865099800F0BF
:1060600019FBFFE7FFE79DF801100020B0EBD11FFF
:1060700011D0FFE79DF805100020B0EBD11F09D02B
:10608000FFE7099801684FF400400865099800F09F
:10609000FDFAFFE7FFE79DF8010000F04001002056
:1060A000B0EB911F15D0FFE79DF8050000F040010F
:1060B0000020B0EB911F0BD0FFE7099801684FF467
:1060C000804008650999086E40F080000866FFE787
:1060D000FFE7049848B1FFE7049809990968086543
:1060E00009980499FFF72AFDFFE7059850B1FFE7EB
:1060F0000598099909680865059A0999086E104379
:106100000866FFE70998006E20B1FFE70998FFF7DE
:1061100011FDFFE70AB080BD80B584B002900298FF
:1061200020B9FFE701208DF80F0057E102980068C1
:106130004AF20041C4F20001884201D1FFE7FFE7C3
:1061400002988068B0F5407F01D1FFE7FFE7029831
:1061500090F85C0040B9FFE70299002081F85D00EB
:10616000029800F03FF9FFE702980168886920F083
:106170001000886100F08AFC0190FFE70298006837
:1061800080690007002815D5FFE700F07FFC019922
:10619000401A0B280DD3FFE70299086E40F001006A
:1061A00008660299032081F85C0001208DF80F0039
:1061B00014E1E3E702980168886940F00100886112
:1061C00000F064FC0190FFE7029800688069C00756
:1061D000A8B9FFE700F05AFC0199401A0B280DD32B
:1061E000FFE70299086E40F001000866029903205B
:1061F00081F85C0001208DF80F00EFE0E4E70298E1
:106200000168886940F002008861029800684AF2DB
:106210000041C4F20001884208D1FFE702984068BB
:106220004AF20051C4F200010860FFE70298007CC6
:10623000012807D1FFE702980168886920F0400033
:10624000886106E002980168886940F04000886132
:10625000FFE70298407C012807D1FFE70298016818
:10626000886940F48040886106E002980168886986
:1062700020F480408861FFE70298807C012807D1E4
:10628000FFE702980168886920F48050886106E081
:1062900002980168886940F480508861FFE702989D
:1062A0000068806920F44070029A11689268104377
:1062B000886102980168886920F0A40088610298CA
:1062C0000168086920F0100008610298C068012880
:1062D00007D1FFE702980168886940F004008861EF
:1062E0002BE00298C06830B3FFE70298C06802282C
:1062F00019D0FFE702980168886940F08000886142
:1063000002980168086940F0100008610298C068AE
:10631000032807D1FFE702980168886940F0200050
:106320008861FFE706E002980168886940F0200074
:106330008861FFE700E0FFE7FFE7029A1168536911
:106340009069D2F81CE0A0F1010C6FF0FF0000EBA7
:106350000E2040EA4C60126A013A10430022CFF648
:10636000FF7202EB03421043C86102988068B0F5E7
:10637000407F1CD1FFE7029A1168536A906AD2F8F5
:106380002CE001386FF0FF0C0CEB0E2C40EA0C00F7
:10639000D2F830C06FF00F0202EB0C121043002253
:1063A000CFF6FF7202EB03421043C860FFE702988A
:1063B0000168C26BD1F8C0001043C1F8C000029858
:1063C000FDF7EEFC02990020886502990866029AA2
:1063D000012182F85C108DF80F00FFE79DF80F0097
:1063E00004B080BD80B58EB00D9000200C900B9055
:1063F0000A90099008900D9800684AF20041C4F292
:10640000000188424ED1FFE740F22C30C2F200007A
:106410000168013101600068012810D1FFE7FFE742
:1064200040F6A040C4F20240016841F400710160EE
:10643000006800F4007007900798FFE7FFE7FFE7A8
:1064400040F68C40C4F20240016841F00101016055
:10645000006800F0010006900698FFE74FF4C05076
:10646000089002200990002102910A910B900920C6
:106470000C900020C4F2022008A900F063F9029AEF
:1064800027200190114600F009FC019800F0FCFB68
:10649000029A28200390114600F000FC039800F0B7
:1064A000F3FB44E00D9800684AF60001C4F20001D5
:1064B00088423BD1FFE740F22C30C2F20000016875
:1064C000013101600068012810D1FFE7FFE740F6C5
:1064D000A040C4F20240016841F40071016000680C
:1064E00000F4007005900598FFE7FFE7FFE740F62E
:1064F0008C40C4F20240016841F002010160006872
:1065000000F0020004900498FFE760200890022049
:10651000099000200A900B9009200C9040F2004056
:10652000C4F2022008A900F00DF9FFE7FFE70EB062
:1065300080BD000080B582B0019000910198006894
:106540004AF20041C4F20001884203D1FFE70DF096
:10655000CDFBFFE702B080BD82B00190009102B098
:106560007047000082B00090009890F85C0001280D
:1065700010D1FFE70099022081F85C0000980168C3
:10658000886920F0010088610099002008668DF874
:10659000070008E00099086E40F00400086601203A
:1065A0008DF80700FFE79DF8070002B07047000074
:1065B00083B0019000200090019890F85C000228C0
:1065C00057D1FFE701980168886940F001008861B0
:1065D000FFE7019800688069C007A8B9FFE7009845
:1065E0000B280DD3FFE70199086E40F00100086603
:1065F0000199032081F85C0001208DF80B0041E037
:10660000009801300090E4E70020009001980168B4
:10661000886920F010008861FFE7019800688069B0
:106620000007002815D5FFE700980B280DD3FFE7DA
:106630000199086E40F0010008660199032081F875
:106640005C0001208DF80B001CE0009801300090E8
:10665000E3E701980168886940F0020088610199C8
:1066600000208865019A012182F85C108DF80B00EA
:1066700008E00199086E40F00800086601208DF8D6
:106680000B00FFE79DF80B0003B0704781B000904E
:1066900001B0704781B0009001B0704782B00190A6
:1066A000009102B07047000082B00190009102B0EA
:1066B0007047000082B00190009102B07047000066
:1066C00081B0009001B0704781B0ADF8020001B018
:1066D0007047000080B582B0ADF8060042F20C00B1
:1066E000C4F202400068BDF8061008420CD0FFE773
:1066F000BDF8060042F20C01C4F202410860BDF888
:10670000060000F019F8FFE742F21000C4F2024060
:106710000068BDF8061008420CD0FFE7BDF806007F
:1067200042F21001C4F202410860BDF80600FFF712
:10673000CBFFFFE702B080BD81B0ADF8020001B031
:106740007047000085B00490039100200090FFE79F
:10675000039800680099C840002800F06681FFE7B0
:1067600003980068009A0121914008400190019827
:10677000002800F05681FFE703984068022805D002
:10678000FFE703984068122828D1FFE70498009992
:106790006FF0030202EA51010844006A0290009877
:1067A00000F0070081000F2000FA01F102988843F1
:1067B00002900398006900F00F00009901F00701B2
:1067C000890000FA01F102980843029002980499A6
:1067D000009B02EA530211440862FFE70498006834
:1067E000029000984100032000FA01F102988843CA
:1067F00002900398406800F003000099490000FAF5
:1068000001F10298084302900298049908600398E5
:10681000406801280FD0FFE70398406802280AD09B
:10682000FFE703984068112805D0FFE70398406808
:1068300012282FD1FFE70498806802900098410049
:10684000032000FA01F10298884302900398C0687F
:106850000099490000FA01F1029808430290029859
:10686000049988600498406802900099012000FA19
:1068700001F102988843029003984068C0F3001029
:10688000009900FA01F102980843029002980499D5
:106890004860FFE70398406800F0030003280CD12C
:1068A000FFE70398406800F0030003281DD1FFE7CD
:1068B00003988068012818D0FFE70498C068029008
:1068C00000984100032000FA01F1029888430290E9
:1068D000039880680099490000FA01F10298084382
:1068E000029002980499C860FFE70398C079C00637
:1068F000002840F19580FFE7009820F0030042F265
:106900006002C4F2024280580290009800F0030036
:10691000C1000F2000FA01F1029888430290049808
:106920004FF60041CBF6FD510840800A009901F076
:106930000301C90000FA01F102980843029002988D
:10694000009921F00301885042F20000C4F2024095
:106950000068029001990298884302900398807918
:10696000C006002805D5FFE7019902980843029068
:10697000FFE7029842F20001C4F20241086042F2CD
:106980000400C4F202400068029001990298884312
:106990000290039880798006002805D5FFE70199C9
:1069A000029808430290FFE7029842F20401C4F201
:1069B0000241086042F28400C4F202400068029082
:1069C00001990298884302900398807980070028F3
:1069D00005D5FFE70199029808430290FFE7029866
:1069E00042F28401C4F20241086042F28000C4F223
:1069F000024000680290019902988843029003982F
:106A00008079C00728B1FFE70199029808430290F6
:106A1000FFE7029842F28001C4F202410860FFE7FA
:106A2000FFE700980130009092E605B07047000043
:106A300082B00190ADF8021001980069BDF8021013
:106A4000084204D0FFE701208DF8010003E0002098
:106A50008DF80100FFE79DF8010002B070470000CB
:106A600082B00190ADF802108DF801209DF8010070
:106A700028B1FFE7BDF802000199886104E0BDF884
:106A8000020001998862FFE702B0704741F2681086
:106A9000C2F200000068704782B0019000208DF8BB
:106AA000030040F20040C4F203000068C00720B1B8
:106AB000FFE701208DF803000AE040F20041C4F234
:106AC0000301086820F00400019A10430860FFE702
:106AD0009DF8030002B0704740F20041C4F2030188
:106AE000086840F0010008600020704740F2C420B0
:106AF000C2F20000027841F26811C2F20001086897
:106B0000104408607047000080B582B0032000F098
:106B1000DDF805F09BF940F62041C4F20241096816
:106B200001F00F0248F24421C0F60101895CC8401F
:106B300040F22C01C2F200010860042007F04CF979
:106B4000002000F011F820B1FFE701208DF80700C8
:106B500005E000F093F800208DF80700FFE79DF8AE
:106B6000070002B080BD000080B586B00490002010
:106B7000039040F2C420C2F20000007820B9FFE781
:106B800001208DF8170075E04EF21000CEF20000E3
:106B900000684007002812D5FFE740F22C00C2F23F
:106BA0000000006840F2C421C2F200010A784FF4EC
:106BB0007A71B1FBF2F1B0FBF1F0039040E007F025
:106BC0007FF902900298019040B1FFE701980128F7
:106BD00016D0FFE70198022821D02FE040F22C00C8
:106BE000C2F20000006840F2C421C2F200010A783B
:106BF0004FF4FA51B1FBF2F1B0FBF1F003901EE05B
:106C000040F2C420C2F2000001784FF47A70B0FB69
:106C1000F1F14FF4FA40B0FBF1F003900FE040F2D5
:106C2000C420C2F2000001784FF47A70B0FBF1F199
:106C30004FF40040B0FBF1F0039000E0FFE7FFE706
:106C4000039807F017F920B1FFE701208DF817002E
:106C500010E004994FF0FF300022009200F01EF87F
:106C60000098049940F2C822C2F2000211608DF827
:106C70001700FFE79DF8170006B080BD80B505201E
:106C800000F024F880BD000080B582B0ADF80600A9
:106C9000BDF906000CF018FD02B080BD80B586B0CD
:106CA000ADF81600049103920CF026FD0290BDF998
:106CB0001600019002980499039A09F005FD014617
:106CC00001980CF021FD06B080BD000080B582B0B7
:106CD000019001980CF03AFD02B080BD81B00090A7
:106CE00000996FF0FF0060EA010240F64801C4F22B
:106CF000024108681040086001B0704792B00990E6
:106D00004FF440300690099908680490496805914D
:106D100090FAA0F01090109820B9FFE720208DF88D
:106D2000470005E01098B0FA80F08DF84700FFE7C3
:106D3000049805999DF84720083202F01F029140FF
:106D400008430290099908688968039190FAA0F0B5
:106D50000E900E9820B9FFE720208DF83F0005E047
:106D60000E98B0FA80F08DF83F00FFE70298039983
:106D70009DF83F30102202EB430202F01E029140C8
:106D80000843089009980068019090FAA0F00C90D0
:106D90000C9820B9FFE720208DF8370005E00C980B
:106DA000B0FA80F08DF83700FFE701989DF83710B2
:106DB00001F01F024FF48071914008430090099840
:106DC000006890FAA0F00A900A9820B9FFE7202006
:106DD0008DF82F0005E00A98B0FA80F08DF82F00AA
:106DE000FFE700989DF82F201E2101EA42024FF490
:106DF000403191400843079040F64801C4F20241F7
:106E00000868079A9043089A1043086012B07047C8
:106E100040F60001C4F20241086840F00100086039
:106E20004EF61051CEF20001086840F004000860F0
:106E3000BFF34F8FBFF36F8F30BF704789B008909B
:106E400040F63440C4F2024000686FF35F200590C2
:106E500040F62840C4F20240016801F003010791A6
:106E60000168C1F3052106910068C0F30010049089
:106E7000049840F63841C4F20241096889B2C90851
:106E800000FB01F000EE100AB8EE400A8DED020A98
:106E90000698002800F03D81FFE707980090012840
:106EA00008D0FFE70098022830D0FFE700980328B9
:106EB00049D065E040F60040C4F202400068C0F3EB
:106EC000C10149F20000C0F2D030C84003909DEDEE
:106ED000030AB8EE400A9DED061AB8EE411A80EE9C
:106EE000010A9DED051AB8EE411A9DED022A9FEDAB
:106EF0008F3A22EE032A31EE021AB7EE002A31EE63
:106F0000021A20EE010A8DED010A65E09DED060AE8
:106F1000B8EE401A9FED860A80EE010A9DED051A33
:106F2000B8EE411A9DED022A9FED803A22EE032A27
:106F300031EE021AB7EE002A31EE021A20EE010AF3
:106F40008DED010A48E09DED060AB8EE401A9FED6E
:106F5000760A80EE010A9DED051AB8EE411A9DED04
:106F6000022A9FED723A22EE032A31EE021AB7EEA0
:106F7000002A31EE021A20EE010A8DED010A2BE003
:106F800040F60040C4F202400068C0F3C10149F27B
:106F90000000C0F2D030C84003909DED030AB8EE67
:106FA000400A9DED061AB8EE411A80EE010A9DEDE9
:106FB000051AB8EE411A9DED022A9FED5C3A22EEC9
:106FC000032A31EE021AB7EE002A31EE021A20EE41
:106FD000010A8DED010AFFE740F60040C4F20240CD
:106FE00000688001002827D5FFE740F62840C4F25A
:106FF00002400068C003002819D5FFE79DED010A93
:1070000040F63440C4F20240006880B2400A01EE0B
:10701000100AB8EE411AB7EE002A31EE021A80EEDD
:10702000010A0898BCEEC00A80ED000A03E0089946
:1070300000200860FFE703E0089900200860FFE7F0
:1070400040F60040C4F2024000688001002827D5C5
:10705000FFE740F62840C4F20240006880030028A1
:1070600019D5FFE79DED010A40F63440C4F2024015
:107070000068C0F3064001EE100AB8EE411AB7EE00
:10708000002A31EE021A80EE010A0898BCEEC00A0E
:1070900080ED010A03E0089900204860FFE703E063
:1070A000089900204860FFE740F60040C4F2024023
:1070B00000688001002827D5FFE740F62840C4F289
:1070C000024000684003002819D5FFE79DED010A42
:1070D00040F63440C4F202400068C0F3066001EE9E
:1070E000100AB8EE411AB7EE002A31EE021A80EE0D
:1070F000010A0898BCEEC00A80ED020A03E0089974
:1071000000208860FFE703E0089900208860FFE71F
:1071100007E008990020086008994860089988608D
:10712000FFE709B0704700BF20BCBE4B000000392C
:107130000024744A89B0089040F63C40C4F20240F2
:1071400000686FF35F20059040F62C40C4F20240C7
:10715000016801F0030107910168C1F3052106915F
:107160000068C0F300100490049840F64041C4F257
:107170000241096889B2C90800FB01F000EE100A5B
:10718000B8EE400A8DED020A0698002800F03D8115
:10719000FFE707980090012808D0FFE70098022831
:1071A00030D0FFE70098032849D065E040F6004062
:1071B000C4F202400068C0F3C10149F20000C0F20D
:1071C000D030C84003909DED030AB8EE400A9DED13
:1071D000061AB8EE411A80EE010A9DED051AB8EEC6
:1071E000411A9DED022A9FED8F3A22EE032A31EEDD
:1071F000021AB7EE002A31EE021A20EE010A8DEDD6
:10720000010A65E09DED060AB8EE401A9FED860A78
:1072100080EE010A9DED051AB8EE411A9DED022A95
:107220009FED803A22EE032A31EE021AB7EE002AD1
:1072300031EE021A20EE010A8DED010A48E09DEDC3
:10724000060AB8EE401A9FED760A80EE010A9DED1F
:10725000051AB8EE411A9DED022A9FED723A22EE10
:10726000032A31EE021AB7EE002A31EE021A20EE9E
:10727000010A8DED010A2BE040F60040C4F2024005
:107280000068C0F3C10149F20000C0F2D030C8402C
:1072900003909DED030AB8EE400A9DED061AB8EE84
:1072A000411A80EE010A9DED051AB8EE411A9DEDD6
:1072B000022A9FED5C3A22EE032A31EE021AB7EE63
:1072C000002A31EE021A20EE010A8DED010AFFE7D5
:1072D00040F60040C4F2024000680001002827D5B3
:1072E000FFE740F62C40C4F202400068C0030028CB
:1072F00019D5FFE79DED010A40F63C40C4F202407B
:10730000006880B2400A01EE100AB8EE411AB7EEEA
:10731000002A31EE021A80EE010A0898BCEEC00A7B
:1073200080ED000A03E0089900200860FFE703E011
:10733000089900200860FFE740F60040C4F20240D0
:1073400000680001002827D5FFE740F62C40C4F272
:10735000024000688003002819D5FFE79DED010A6F
:1073600040F63C40C4F202400068C0F3064001EE23
:10737000100AB8EE411AB7EE002A31EE021A80EE7A
:10738000010A0898BCEEC00A80ED010A03E00899E2
:1073900000204860FFE703E0089900204860FFE70D
:1073A00040F60040C4F2024000680001002827D5E2
:1073B000FFE740F62C40C4F202400068400300287A
:1073C00019D5FFE79DED010A40F63C40C4F20240AA
:1073D0000068C0F3066001EE100AB8EE411AB7EE7D
:1073E000002A31EE021A80EE010A0898BCEEC00AAB
:1073F00080ED020A03E0089900208860FFE703E0BF
:10740000089900208860FFE707E0089900200860DD
:107410000899486008998860FFE709B0704700BF85
:1074200020BCBE4B000000390024744A89B008908B
:1074300040F64440C4F2024000686FF35F200590BC
:1074400040F63040C4F20240016801F003010791A8
:107450000168C1F3052106910068C0F30010049093
:10746000049840F64841C4F20241096889B2C9084B
:1074700000FB01F000EE100AB8EE400A8DED020AA2
:107480000698002800F03D81FFE70798009001284A
:1074900008D0FFE70098022830D0FFE700980328C3
:1074A00049D065E040F60040C4F202400068C0F3F5
:1074B000C10149F20000C0F2D030C84003909DEDF8
:1074C000030AB8EE400A9DED061AB8EE411A80EEA6
:1074D000010A9DED051AB8EE411A9DED022A9FEDB5
:1074E0008F3A22EE032A31EE021AB7EE002A31EE6D
:1074F000021A20EE010A8DED010A65E09DED060AF3
:10750000B8EE401A9FED860A80EE010A9DED051A3D
:10751000B8EE411A9DED022A9FED803A22EE032A31
:1075200031EE021AB7EE002A31EE021A20EE010AFD
:107530008DED010A48E09DED060AB8EE401A9FED78
:10754000760A80EE010A9DED051AB8EE411A9DED0E
:10755000022A9FED723A22EE032A31EE021AB7EEAA
:10756000002A31EE021A20EE010A8DED010A2BE00D
:1075700040F60040C4F202400068C0F3C10149F285
:107580000000C0F2D030C84003909DED030AB8EE71
:10759000400A9DED061AB8EE411A80EE010A9DEDF3
:1075A000051AB8EE411A9DED022A9FED5C3A22EED3
:1075B000032A31EE021AB7EE002A31EE021A20EE4B
:1075C000010A8DED010AFFE740F60040C4F20240D7
:1075D00000688000002827D5FFE740F63040C4F25D
:1075E00002400068C003002819D5FFE79DED010A9D
:1075F00040F64440C4F20240006880B2400A01EE06
:10760000100AB8EE411AB7EE002A31EE021A80EEE7
:10761000010A0898BCEEC00A80ED000A03E0089950
:1076200000200860FFE703E0089900200860FFE7FA
:1076300040F60040C4F2024000688000002827D5D0
:10764000FFE740F63040C4F20240006880030028A3
:1076500019D5FFE79DED010A40F64440C4F202400F
:107660000068C0F3064001EE100AB8EE411AB7EE0A
:10767000002A31EE021A80EE010A0898BCEEC00A18
:1076800080ED010A03E0089900204860FFE703E06D
:10769000089900204860FFE740F60040C4F202402D
:1076A00000688000002827D5FFE740F63040C4F28C
:1076B000024000684003002819D5FFE79DED010A4C
:1076C00040F64440C4F202400068C0F3066001EE98
:1076D000100AB8EE411AB7EE002A31EE021A80EE17
:1076E000010A0898BCEEC00A80ED020A03E008997E
:1076F00000208860FFE703E0089900208860FFE72A
:1077000007E0089900200860089948600899886097
:10771000FFE709B0704700BF20BCBE4B0000003936
:107720000024744A80B59CB01B911A901A981B993A
:1077300080F00070084300285BD1FFE740F6F0407E
:10774000C4F20240016801F440710E9100688007A4
:10775000002809D5FFE70E98B0F5807F04D1FFE738
:107760004FF40040109042E040F6F040C4F2024076
:1077700000680001002809D5FFE70E98B0F5007FEA
:1077800004D1FFE74FF4FA4010902FE040F600409C
:10779000C4F2024000688003002823D5FFE70E985A
:1077A000B0F5407F1ED1FFE740F61C40C4F2024016
:1077B000006800F47C50B0F5007F0FD3FFE740F67F
:1077C0001C40C4F202400068C0F3052147F64000A7
:1077D000C0F27D10B0FBF1F0109002E0002010909C
:1077E000FFE702E000201090FFE7FFE7FFE702F06D
:1077F00012BC1A980C901B990D9180F0010008435F
:10780000002800F0C682FFE70D990C9880F0020076
:107810000843002800F03B83FFE70D990C9880F0A7
:1078200004000843002800F0A783FFE70D990C9897
:1078300080F008000843002800F01E84FFE70D993F
:107840000C9880F010000843002800F09884FFE7AF
:107850000D990C9880F020000843002800F0128554
:10786000FFE70D990C9880F040000843002800F0D5
:107870008C85FFE70D990C9880F080000843002864
:1078800000F00686FFE70D990C9880F4807008439D
:10789000002800F08086FFE70D990C9880F40070B6
:1078A0000843002800F0FA86FFE70D990C9880F451
:1078B00080600843002800F07487FFE70D990C985A
:1078C00080F400600843002800F0E987FFE70D9985
:1078D0000C9880F480500843002801F05E80FFE798
:1078E0000D990C9880F400500843002801F0618144
:1078F000FFE70D990C9880F480400843002801F0C0
:10790000AA81FFE70D990C9880F4004008430028F5
:1079100001F0F381FFE70D990C9880F48030084363
:10792000002801F08E82FFE70D990C9880F400305A
:107930000843002801F0C282FFE70D990C9880F4FB
:1079400080200843002801F06583FFE70D990C981B
:1079500080F400200843002800F0BF80FFE70D9965
:107960000C9880F480100843002800F04381FFE762
:107970000D990C9880F400100843002801F07E80D7
:10798000FFE70D990C9880F480000843002800F070
:10799000BE81FFE70D990C9880F400000843002891
:1079A00000F0D681FFE70D990C9880F080600843C5
:1079B000002802F09882FFE70D990C9880F0006093
:1079C0000843002801F0B986FFE70D990C9880F074
:1079D00080500843002801F02F87FFE70D990C988D
:1079E00080F000500843002801F0B387FFE70D99AD
:1079F0000C9880F080400843002802F03380FFE7B5
:107A00000D990C9880F000400843002802F0AE80E9
:107A1000FFE70C980D9981F001010843002802F05E
:107A20002981FFE70C980D9981F002010843002895
:107A300002F0A481FFE70C980D9981F0040108433E
:107A4000002801F04386FFE70C980D9981F00801AA
:107A50000843002802F00782FFE70C980D9981F097
:107A600010010843002802F09482FFE70C980D995A
:107A700081F020010843002801F07883FFE70C988B
:107A80000D9981F040010843002801F01B84FFE7B5
:107A90000C980D9981F080010843002801F0BE8404
:107AA000FFE70C980D9981F480710843002801F0DC
:107AB0006185FFE70C980D9981F400710843002857
:107AC00001F04880FFE70C980D9981F4806108432C
:107AD000002801F0648102F09ABA40F6E840C4F24E
:107AE0000240006800F4E0200E900E980B90A0B1C8
:107AF000FFE70B98B0F5803F15D0FFE70B98B0F586
:107B0000003F16D0FFE70B98B0F5403F17D0FFE7D6
:107B10000B98B0F5802F18D067E017A8FFF78EF903
:107B20001898109064E014A8FFF704FB14981090C4
:107B30005EE011A8FFF77AFC1198109058E048F227
:107B40000000C0F2BB00109052E040F6E840C4F2E2
:107B50000240006800F040400F9040F60040C4F240
:107B6000024000688007002811D5FFE70F9870B920
:107B7000FFE740F60040C4F202400068C0F3C101D4
:107B800049F20000C0F2D030C84010902CE040F61E
:107B90000040C4F202400068800500280BD5FFE7D2
:107BA0000F98B0F1804F06D1FFE740F60010C0F209
:107BB0003D00109017E040F60040C4F2024000681B
:107BC000800300280BD5FFE70F98B0F1004F06D1D6
:107BD000FFE747F64000C0F27D10109002E0002061
:107BE0001090FFE7FFE7FFE702E000201090FFE7BB
:107BF00002F010BA40F6E840C4F20240006800F417
:107C000060100E900E980A90A0B1FFE70A98B0F5A8
:107C1000002F15D0FFE70A98B0F5801F16D0FFE7B8
:107C20000A98B0F5C01F17D0FFE70A98B0F5001FFB
:107C300018D067E017A8FFF701F91898109064E0D2
:107C400014A8FFF777FA149810905EE011A8FFF7D8
:107C5000EDFB1198109058E048F20000C0F2BB0014
:107C6000109052E040F6E840C4F20240006800F094
:107C700040400F9040F60040C4F202400068800788
:107C8000002811D5FFE70F9870B9FFE740F60040D4
:107C9000C4F202400068C0F3C10149F20000C0F222
:107CA000D030C84010902CE040F60040C4F20240B2
:107CB0000068800500280BD5FFE70F98B0F1804FD2
:107CC00006D1FFE740F60010C0F23D00109017E02B
:107CD00040F60040C4F202400068800300280BD543
:107CE000FFE70F98B0F1004F06D1FFE747F64000DD
:107CF000C0F27D10109002E000201090FFE7FFE737
:107D0000FFE702E000201090FFE702F083B940F6A1
:107D1000E440C4F20240006800F040000E900E986B
:107D200030B9FFE717A8FFF789F8189810900DE011
:107D30000E98402806D1FFE714A8FFF7FBF9169824
:107D4000109002E000201090FFE7FFE702F062B918
:107D500040F6E440C4F20240006800F080000E905B
:107D60000E9830B9FFE717A8FFF768F81898109039
:107D70000DE00E98802806D1FFE714A8FFF7DAF986
:107D80001698109002E000201090FFE7FFE702F045
:107D900041B940F6D840C4F20240006800F0070044
:107DA0000E900E9820B9FFE704F028F810906CE0D0
:107DB00040F60040C4F202400068000100280AD5E5
:107DC000FFE70E98012806D1FFE714A8FFF7B2F9E4
:107DD0001598109058E040F60040C4F20240006848
:107DE000800000280AD5FFE70E98022806D1FFE799
:107DF00011A8FFF71BFB1298109044E040F60040DA
:107E0000C4F2024000688007002812D5FFE70E98F0
:107E100003280ED1FFE740F60040C4F2024000689C
:107E2000C0F3C10149F20000C0F2D030C840109048
:107E300028E040F60040C4F20240006880050028B7
:107E40000AD5FFE70E98042806D1FFE740F6001098
:107E5000C0F23D00109014E040F6F040C4F2024041
:107E600000688007002808D5FFE70E98052804D190
:107E7000FFE74FF40040109002E000201090FFE771
:107E8000FFE7FFE7FFE7FFE7FFE702F0C3B840F6D1
:107E9000D840C4F20240006800F038000E900E98FE
:107EA00020B9FFE703F096FF109063E040F6004032
:107EB000C4F202400068000100280AD5FFE70E98CE
:107EC000082806D1FFE714A8FFF734F91598109099
:107ED0004FE00E98102806D1FFE711A8FFF7A6FA89
:107EE0001298109044E040F60040C4F2024000684E
:107EF0008007002812D5FFE70E9818280ED1FFE75B
:107F000040F60040C4F202400068C0F3C10149F2EB
:107F10000000C0F2D030C840109028E040F6004089
:107F2000C4F202400068800500280AD5FFE70E98D9
:107F3000202806D1FFE740F60010C0F23D00109067
:107F400014E040F6F040C4F20240006880070028C8
:107F500008D5FFE70E98282804D1FFE74FF400402A
:107F6000109002E000201090FFE7FFE7FFE7FFE737
:107F7000FFE7FFE702F04EB840F6D840C4F20240F7
:107F8000006800F4E0700E900E9820B9FFE703F04F
:107F900021FF10906EE040F60040C4F202400068FD
:107FA000000100280AD5FFE70E98402806D1FFE718
:107FB00014A8FFF7BFF8159810905AE040F600405B
:107FC000C4F202400068800000280AD5FFE70E983E
:107FD000802806D1FFE711A8FFF728FA1298109021
:107FE00046E040F60040C4F20240006880070028E6
:107FF00012D5FFE70E98C0280ED1FFE740F60040EB
:10800000C4F202400068C0F3C10149F20000C0F2AE
:10801000D030C84010902AE040F60040C4F2024040
:108020000068800500280BD5FFE70E98B0F5807F2B
:1080300006D1FFE740F60010C0F23D00109015E0B9
:1080400040F6F040C4F2024000688007002809D5DD
:10805000FFE70E98B0F5A07F04D1FFE74FF4004092
:10806000109002E000201090FFE7FFE7FFE7FFE736
:10807000FFE7FFE701F0CEBF40F6D840C4F2024070
:10808000006800F460600E900E9820B9FFE703F0DE
:10809000A1FE109071E040F60040C4F2024000687A
:1080A000000100280BD5FFE70E98B0F5007F06D140
:1080B000FFE714A8FFF73EF8159810905CE040F633
:1080C0000040C4F202400068800000280BD5FFE7A2
:1080D0000E98B0F5806F06D1FFE711A8FFF7A6F95B
:1080E0001298109047E040F60040C4F20240006849
:1080F0008007002813D5FFE70E98B0F5C06F0ED1AA
:10810000FFE740F60040C4F202400068C0F3C1013E
:1081100049F20000C0F2D030C84010902AE040F68A
:108120000040C4F202400068800500280BD5FFE73C
:108130000E98B0F5006F06D1FFE740F60010C0F2D0
:108140003D00109015E040F6F040C4F20240006897
:108150008007002809D5FFE70E98B0F5206F04D1FD
:10816000FFE74FF40040109002E000201090FFE77E
:10817000FFE7FFE7FFE7FFE7FFE701F04BBF40F650
:10818000D840C4F20240006800F4E0400E900E981F
:1081900020B9FFE703F01EFE109071E040F60040AA
:1081A000C4F202400068000100280BD5FFE70E98DA
:1081B000B0F5805F06D1FFE714A8FEF7BBFF159866
:1081C00010905CE040F60040C4F20240006880007D
:1081D00000280BD5FFE70E98B0F5005F06D1FFE74A
:1081E00011A8FFF723F91298109047E040F60040DD
:1081F000C4F2024000688007002813D5FFE70E98FC
:10820000B0F5405F0ED1FFE740F60040C4F20240F7
:108210000068C0F3C10149F20000C0F2D030C8408C
:1082200010902AE040F60040C4F202400068800549
:1082300000280BD5FFE70E98B0F5804F06D1FFE779
:1082400040F60010C0F23D00109015E040F6F040FE
:10825000C4F2024000688007002809D5FFE70E98A5
:10826000B0F5A04F04D1FFE74FF40040109002E0BA
:1082700000201090FFE7FFE7FFE7FFE7FFE7FFE7DA
:1082800001F0C8BE40F6D840C4F20240006800F4D5
:1082900060300E900E9820B9FFE703F09BFD109020
:1082A00071E040F60040C4F202400068000100287E
:1082B0000BD5FFE70E98B0F5004F06D1FFE714A8E5
:1082C000FEF738FF159810905CE040F60040C4F2CD
:1082D00002400068800000280BD5FFE70E98B0F53B
:1082E000803F06D1FFE711A8FFF7A0F81298109081
:1082F00047E040F60040C4F20240006880070028D2
:1083000013D5FFE70E98B0F5C03F0ED1FFE740F65A
:108310000040C4F202400068C0F3C10149F200000D
:10832000C0F2D030C84010902AE040F60040C4F2BD
:1083300002400068800500280BD5FFE70E98B0F5D5
:10834000003F06D1FFE740F60010C0F23D0010905C
:1083500015E040F6F040C4F20240006880070028B3
:1083600009D5FFE70E98B0F5203F04D1FFE74FF4A1
:108370000040109002E000201090FFE7FFE7FFE7C9
:10838000FFE7FFE7FFE701F045BE40F6D840C4F243
:108390000240006800F4E0100E900E9820B9FFE74C
:1083A00003F018FD109071E040F60040C4F2024066
:1083B0000068000100280BD5FFE70E98B0F5802F6C
:1083C00006D1FFE714A8FEF7B5FE159810905CE003
:1083D00040F60040C4F202400068800000280BD53F
:1083E000FFE70E98B0F5002F06D1FFE711A8FFF7C1
:1083F0001DF81298109047E040F60040C4F2024089
:1084000000688007002813D5FFE70E98B0F5402FCD
:108410000ED1FFE740F60040C4F202400068C0F30E
:10842000C10149F20000C0F2D030C84010902AE0EB
:1084300040F60040C4F202400068800500280BD5D9
:10844000FFE70E98B0F5801F06D1FFE740F6001059
:10845000C0F23D00109015E040F6F040C4F202403A
:1084600000688007002809D5FFE70E98B0F5A01F27
:1084700004D1FFE74FF40040109002E0002010907C
:10848000FFE7FFE7FFE7FFE7FFE7FFE701F0C2BD18
:1084900040F6D840C4F20240006800F460000E903C
:1084A0000E9820B9FFE703F095FC109071E040F6BC
:1084B0000040C4F202400068000100280BD5FFE72D
:1084C0000E98B0F5001F06D1FFE714A8FEF732FEA4
:1084D000159810905CE040F60040C4F2024000683D
:1084E000800000280BD5FFE70E98B0F5800F06D16D
:1084F000FFE711A8FEF79AFF1298109047E040F6A8
:108500000040C4F2024000688007002813D5FFE74E
:108510000E98B0F5C00F0ED1FFE740F60040C4F250
:1085200002400068C0F3C10149F20000C0F2D0303F
:10853000C84010902AE040F60040C4F202400068B3
:10854000800500280BD5FFE70E98B0F5000F06D187
:10855000FFE740F60010C0F23D00109015E040F635
:10856000F040C4F2024000688007002809D5FFE708
:108570000E98B0F5200F04D1FFE74FF400401090A3
:1085800002E000201090FFE7FFE7FFE7FFE7FFE7CB
:10859000FFE701F03FBD40F6D840C4F2024000685A
:1085A00000F0E0600E900E9820B9FFE703F012FC97
:1085B000109071E040F60040C4F2024000680001F3
:1085C00000280BD5FFE70E98B0F1807F06D1FFE7BA
:1085D00014A8FEF7AFFD159810905CE040F600403F
:1085E000C4F202400068800000280BD5FFE70E9817
:1085F000B0F1007F06D1FFE711A8FEF717FF129830
:10860000109047E040F60040C4F202400068800746
:10861000002813D5FFE70E98B0F1407F0ED1FFE799
:1086200040F60040C4F202400068C0F3C10149F2C4
:108630000000C0F2D030C84010902AE040F6004060
:10864000C4F202400068800500280BD5FFE70E98B1
:10865000B0F1806F06D1FFE740F60010C0F23D0098
:10866000109015E040F6F040C4F202400068800728
:10867000002809D5FFE70E98B0F1A06F04D1FFE7FD
:108680004FF40040109002E000201090FFE7FFE759
:10869000FFE7FFE7FFE7FFE701F0BCBC40F6D8408B
:1086A000C4F20240006800F060500E900E9820B9AD
:1086B000FFE703F08FFB109071E040F60040C4F23A
:1086C00002400068000100280BD5FFE70E98B0F1CA
:1086D000006F06D1FFE714A8FEF72CFD1598109047
:1086E0005CE040F60040C4F20240006880000028D0
:1086F0000BD5FFE70E98B0F1805F06D1FFE711A818
:10870000FEF794FE1298109047E040F60040C4F245
:10871000024000688007002813D5FFE70E98B0F1EB
:10872000C05F0ED1FFE740F60040C4F2024000688F
:10873000C0F3C10149F20000C0F2D030C84010902F
:108740002AE040F60040C4F202400068800500289C
:108750000BD5FFE70E98B0F1005F06D1FFE740F6BA
:108760000010C0F23D00109015E040F6F040C4F259
:10877000024000688007002809D5FFE70E98B0F195
:10878000205F04D1FFE74FF40040109002E000208A
:108790001090FFE7FFE7FFE7FFE7FFE7FFE701F0E4
:1087A00039BC40F6DC40C4F20240006800F007002B
:1087B0000E900E9820B9FFE703F00CFB10906CE0D0
:1087C00040F60040C4F202400068000100280AD5CB
:1087D000FFE70E98012806D1FFE714A8FEF7AAFCD0
:1087E0001598109058E040F60040C4F2024000682E
:1087F000800000280AD5FFE70E98022806D1FFE77F
:1088000011A8FEF713FE1298109044E040F60040C5
:10881000C4F2024000688007002812D5FFE70E98D6
:1088200003280ED1FFE740F60040C4F20240006882
:10883000C0F3C10149F20000C0F2D030C84010902E
:1088400028E040F60040C4F202400068800500289D
:108850000AD5FFE70E98042806D1FFE740F600107E
:10886000C0F23D00109014E040F6F040C4F2024027
:1088700000688007002808D5FFE70E98052804D176
:10888000FFE74FF40040109002E000201090FFE757
:10889000FFE7FFE7FFE7FFE7FFE701F0BBBB40F6BD
:1088A000DC40C4F20240006800F070000E900E98A8
:1088B00020B9FFE703F08EFA10906CE040F600401C
:1088C000C4F202400068000100280AD5FFE70E98B4
:1088D000102806D1FFE714A8FEF72CFC159810907D
:1088E00058E040F60040C4F20240006880000028D2
:1088F0000AD5FFE70E98202806D1FFE711A8FEF75A
:1089000095FD1298109044E040F60040C4F20240F9
:1089100000688007002812D5FFE70E9830280ED196
:10892000FFE740F60040C4F202400068C0F3C10116
:1089300049F20000C0F2D030C840109028E040F664
:108940000040C4F202400068800500280AD5FFE715
:108950000E98402806D1FFE740F60010C0F23D0017
:10896000109014E040F6F040C4F202400068800726
:10897000002808D5FFE70E98502804D1FFE74FF4F0
:108980000040109002E000201090FFE7FFE7FFE7B3
:10899000FFE7FFE7FFE701F03DBB40F6E040C4F230
:1089A0000240006800F0E0600E900E9820B9FFE7EA
:1089B00003F038FA10905FE00E98B0F1807F06D196
:1089C000FFE714A8FEF7B6FB1598109053E00E9839
:1089D000B0F1007F06D1FFE711A8FEF727FD12983E
:1089E000109047E040F60040C4F202400068800763
:1089F000002813D5FFE70E98B0F1407F0ED1FFE7B6
:108A000040F60040C4F202400068C0F3C10149F2E0
:108A10000000C0F2D030C84010902AE040F600407C
:108A2000C4F202400068800500280BD5FFE70E98CD
:108A3000B0F1806F06D1FFE740F60010C0F23D00B4
:108A4000109015E040F6F040C4F202400068800744
:108A5000002809D5FFE70E98B0F1A06F04D1FFE719
:108A60004FF40040109002E000201090FFE7FFE775
:108A7000FFE7FFE7FFE7FFE701F0CCBA40F6E84089
:108A8000C4F20240006800F007000E900E9820B972
:108A9000FFE703F085F910905AE00E98012804D101
:108AA000FFE703F0D3F9109051E00E98022806D1A9
:108AB000FFE714A8FEF73EFB1698109046E040F63C
:108AC0000040C4F202400068800300280AD5FFE796
:108AD0000E98032806D1FFE747F64000C0F27D104C
:108AE000109032E040F60040C4F202400068800777
:108AF000002812D5FFE70E9804280ED1FFE740F6B4
:108B00000040C4F202400068C0F3C10149F2000015
:108B1000C0F2D030C840109016E040F60040C4F2D9
:108B200002400068800500280AD5FFE70E98052856
:108B300006D1FFE740F60010C0F23D00109002E0C1
:108B400000201090FFE7FFE7FFE7FFE7FFE7FFE701
:108B500001F060BA40F6E840C4F20240006800F05C
:108B600008000E9040F6F040C4F202400068800712
:108B7000002807D5FFE70E9820B9FFE74FF4004023
:108B8000109014E040F6F040C4F20240006800018A
:108B9000002808D5FFE70E98082804D1FFE74FF416
:108BA000FA40109002E000201090FFE7FFE701F08C
:108BB00031BA40F6E440C4F20240006800F44030AC
:108BC0000E900E9820B9FFE703F004F9109040E0F2
:108BD0000E98B0F5803F06D1FFE711A8FEF726FCFE
:108BE0001398109034E040F60040C4F20240006850
:108BF0008007002813D5FFE70E98B0F5003F0ED18F
:108C0000FFE740F60040C4F202400068C0F3C10133
:108C100049F20000C0F2D030C840109017E040F692
:108C20000040C4F202400068800500280BD5FFE731
:108C30000E98B0F5403F06D1FFE740F60010C0F2B5
:108C40003D00109002E000201090FFE7FFE7FFE7F3
:108C5000FFE701F0DFB940F6E440C4F202400068EB
:108C600000F440200E900E9820B9FFE703F0B2F810
:108C7000109040E00E98B0F5802F06D1FFE711A8C4
:108C8000FEF7D4FB1398109034E040F60040C4F295
:108C9000024000688007002813D5FFE70E98B0F562
:108CA000002F0ED1FFE740F60040C4F202400068FA
:108CB000C0F3C10149F20000C0F2D030C8401090AA
:108CC00017E040F60040C4F202400068800500282A
:108CD0000BD5FFE70E98B0F5402F06D1FFE740F621
:108CE0000010C0F23D00109002E000201090FFE75D
:108CF000FFE7FFE7FFE701F08DB940F6E440C4F27B
:108D00000240006800F440100E900E9820B9FFE772
:108D100003F088F8109040E00E98B0F5801F06D15F
:108D2000FFE711A8FEF782FB1398109034E040F69D
:108D30000040C4F2024000688007002813D5FFE716
:108D40000E98B0F5001F0ED1FFE740F60040C4F2C8
:108D500002400068C0F3C10149F20000C0F2D03007
:108D6000C840109017E040F60040C4F2024000688E
:108D7000800500280BD5FFE70E98B0F5401F06D1FF
:108D8000FFE740F60010C0F23D00109002E0002026
:108D90001090FFE7FFE7FFE7FFE701F03BB940F680
:108DA000E440C4F20240006800F440000E900E98C7
:108DB00020B9FFE703F036F8109040E00E98B0F5C8
:108DC000800F06D1FFE711A8FEF730FB1398109033
:108DD00034E040F60040C4F20240006880070028FA
:108DE00013D5FFE70E98B0F5000F0ED1FFE740F660
:108DF0000040C4F202400068C0F3C10149F2000023
:108E0000C0F2D030C840109017E040F60040C4F2E5
:108E100002400068800500280BD5FFE70E98B0F5EA
:108E2000400F06D1FFE740F60010C0F23D00109061
:108E300002E000201090FFE7FFE7FFE7FFE701F007
:108E4000E9B840F6E440C4F20240006800F0407027
:108E50000E900E9820B9FFE702F0BCFF10902BE0B7
:108E60000E98B0F1807F06D1FFE711A8FEF7DEFA79
:108E7000139810901FE040F60040C4F202400068D2
:108E80008007002813D5FFE70E98B0F1007F0ED1C0
:108E9000FFE740F60040C4F202400068C0F3C101A1
:108EA00049F20000C0F2D030C840109002E000202B
:108EB0001090FFE7FFE7FFE701F0ACB840F6DC40B9
:108EC000C4F20240006800F4E0600E900E98099031
:108ED000C8B1FFE70998B0F5807F18D0FFE709987F
:108EE000B0F5007F19D0FFE70998B0F5407F1AD0A0
:108EF000FFE70998B0F5806F26D0FFE70998B0F535
:108F0000A06F32D081E002F08DFF109080E014A8B5
:108F1000FEF710F9149810907AE011A8FEF786FA7F
:108F20001398109074E040F6F040C4F202400068DC
:108F30008007002804D5FFE74FF40040109002E0BE
:108F400000201090FFE763E040F6F040C4F20240DA
:108F500000680001002804D5FFE74FF4FA401090A4
:108F600002E000201090FFE752E040F6E840C4F233
:108F70000240006800F040400F9040F60040C4F20C
:108F8000024000688007002811D5FFE70F9870B9EC
:108F9000FFE740F60040C4F202400068C0F3C101A0
:108FA00049F20000C0F2D030C84010902CE040F6EA
:108FB0000040C4F202400068800500280BD5FFE79E
:108FC0000F98B0F1804F06D1FFE740F60010C0F2D5
:108FD0003D00109017E040F60040C4F202400068E7
:108FE000800300280BD5FFE70F98B0F1004F06D1A2
:108FF000FFE747F64000C0F27D10109002E000202D
:109000001090FFE7FFE7FFE702E000201090FFE786
:1090100001F000B840F6DC40C4F20240006800F401
:10902000E0400E900E980890C8B1FFE70898B0F5A0
:10903000805F18D0FFE70898B0F5005F19D0FFE710
:109040000898B0F5405F1AD0FFE70898B0F5804F58
:1090500026D0FFE70898B0F5A04F32D081E002F0AB
:10906000B9FE109080E014A8FEF764F814981090F0
:109070007AE011A8FEF7DAF91398109074E040F640
:10908000F040C4F2024000688007002804D5FFE7E2
:109090004FF40040109002E000201090FFE763E0E2
:1090A00040F6F040C4F2024000680001002804D5F8
:1090B000FFE74FF4FA40109002E000201090FFE725
:1090C00052E040F6E840C4F20240006800F0404040
:1090D0000F9040F60040C4F202400068800700286C
:1090E00011D5FFE70F9870B9FFE740F60040C4F2D2
:1090F00002400068C0F3C10149F20000C0F2D03064
:10910000C84010902CE040F60040C4F202400068D5
:10911000800500280BD5FFE70F98B0F1804F06D1EE
:10912000FFE740F60010C0F23D00109017E040F657
:109130000040C4F202400068800300280BD5FFE71E
:109140000F98B0F1004F06D1FFE747F64000C0F29C
:109150007D10109002E000201090FFE7FFE7FFE78E
:1091600002E000201090FFE700F054BF40F6DC4022
:10917000C4F20240006800F4E0200E900E980790C0
:10918000C8B1FFE70798B0F5803F18D0FFE7079810
:10919000B0F5003F19D0FFE70798B0F5403F1AD06F
:1091A000FFE70798B0F5802F26D0FFE70798B0F5C6
:1091B000A02F32D081E002F035FE109080E014A89C
:1091C000FDF7B8FF149810907AE011A8FEF72EF979
:1091D0001398109074E040F6F040C4F2024000682A
:1091E0008007002804D5FFE74FF40040109002E00C
:1091F00000201090FFE763E040F6F040C4F2024028
:1092000000680001002804D5FFE74FF4FA401090F1
:1092100002E000201090FFE752E040F6E840C4F280
:109220000240006800F040400F9040F60040C4F259
:10923000024000688007002811D5FFE70F9870B939
:10924000FFE740F60040C4F202400068C0F3C101ED
:1092500049F20000C0F2D030C84010902CE040F637
:109260000040C4F202400068800500280BD5FFE7EB
:109270000F98B0F1804F06D1FFE740F60010C0F222
:109280003D00109017E040F60040C4F20240006834
:10929000800300280BD5FFE70F98B0F1004F06D1EF
:1092A000FFE747F64000C0F27D10109002E000207A
:1092B0001090FFE7FFE7FFE702E000201090FFE7D4
:1092C00000F0A8BE40F6DC40C4F20240006800F4A2
:1092D000E0000E900E980690C8B1FFE70698B0F532
:1092E000801F18D0FFE70698B0F5001F19D0FFE7E0
:1092F0000698B0F5401F1AD0FFE70698B0F5800F2A
:1093000026D0FFE70698B0F5A00F32D081E002F03A
:1093100089FD109080E014A8FDF70CFF14981090C0
:109320007AE011A8FEF782F81398109074E040F6E6
:10933000F040C4F2024000688007002804D5FFE72F
:109340004FF40040109002E000201090FFE763E02F
:1093500040F6F040C4F2024000680001002804D545
:10936000FFE74FF4FA40109002E000201090FFE772
:1093700052E040F6E840C4F20240006800F040408D
:109380000F9040F60040C4F20240006880070028B9
:1093900011D5FFE70F9870B9FFE740F60040C4F21F
:1093A00002400068C0F3C10149F20000C0F2D030B1
:1093B000C84010902CE040F60040C4F20240006823
:1093C000800500280BD5FFE70F98B0F1804F06D13C
:1093D000FFE740F60010C0F23D00109017E040F6A5
:1093E0000040C4F202400068800300280BD5FFE76C
:1093F0000F98B0F1004F06D1FFE747F64000C0F2EA
:109400007D10109002E000201090FFE7FFE7FFE7DB
:1094100002E000201090FFE700F0FCBD40F6DC40C9
:10942000C4F20240006800F0E0600E900E980590D3
:10943000C8B1FFE70598B0F1807F18D0FFE7059825
:10944000B0F1007F19D0FFE70598B0F1407F1AD046
:10945000FFE70598B0F1806F26D0FFE70598B0F1DF
:10946000A06F32D081E002F0DDFC109080E014A803
:10947000FDF760FE149810907AE011A8FDF7D6FF72
:109480001398109074E040F6F040C4F20240006877
:109490008007002804D5FFE74FF40040109002E059
:1094A00000201090FFE763E040F6F040C4F2024075
:1094B00000680001002804D5FFE74FF4FA4010903F
:1094C00002E000201090FFE752E040F6E840C4F2CE
:1094D0000240006800F040400F9040F60040C4F2A7
:1094E000024000688007002811D5FFE70F9870B987
:1094F000FFE740F60040C4F202400068C0F3C1013B
:1095000049F20000C0F2D030C84010902CE040F684
:109510000040C4F202400068800500280BD5FFE738
:109520000F98B0F1804F06D1FFE740F60010C0F26F
:109530003D00109017E040F60040C4F20240006881
:10954000800300280BD5FFE70F98B0F1004F06D13C
:10955000FFE747F64000C0F27D10109002E00020C7
:109560001090FFE7FFE7FFE702E000201090FFE721
:1095700000F050BD40F6DC40C4F20240006800F04C
:10958000E0400E900E980490C8B1FFE70498B0F147
:10959000805F18D0FFE70498B0F1005F19D0FFE7B3
:1095A0000498B0F1405F1AD0FFE70498B0F1804F03
:1095B00026D0FFE70498B0F1A04F32D081E002F04E
:1095C00031FC109080E014A8FDF7B4FD14981090C1
:1095D0007AE011A8FDF72AFF1398109074E040F686
:1095E000F040C4F2024000688007002804D5FFE77D
:1095F0004FF40040109002E000201090FFE763E07D
:1096000040F6F040C4F2024000680001002804D592
:10961000FFE74FF4FA40109002E000201090FFE7BF
:1096200052E040F6E840C4F20240006800F04040DA
:109630000F9040F60040C4F2024000688007002806
:1096400011D5FFE70F9870B9FFE740F60040C4F26C
:1096500002400068C0F3C10149F20000C0F2D030FE
:10966000C84010902CE040F60040C4F20240006870
:10967000800500280BD5FFE70F98B0F1804F06D189
:10968000FFE740F60010C0F23D00109017E040F6F2
:109690000040C4F202400068800300280BD5FFE7B9
:1096A0000F98B0F1004F06D1FFE747F64000C0F237
:1096B0007D10109002E000201090FFE7FFE7FFE729
:1096C00002E000201090FFE700F0A4BC40F6E84064
:1096D000C4F20240006800F440700E9040F6004072
:1096E000C4F2024000688003002809D5FFE70E9805
:1096F00030B9FFE747F64000C0F27D1010901AE045
:109700000E98B0F5807F06D1FFE717A8FDF796FB0E
:10971000189810900EE00E98B0F5007F06D1FFE784
:1097200014A8FDF707FD1598109002E00020109096
:10973000FFE7FFE7FFE700F06DBC40F6E040C4F252
:109740000240006800F007000E900E980390042875
:109750006DD80399DFE801F003090F151B0017A866
:10976000FDF76CFB1898109064E014A8FDF7E2FC7C
:10977000149810905EE011A8FDF758FE1198109013
:1097800058E048F20000C0F2BB00109052E040F6F2
:10979000E840C4F20240006800F040400F9040F6FC
:1097A0000040C4F2024000688007002811D5FFE79E
:1097B0000F9870B9FFE740F60040C4F2024000681D
:1097C000C0F3C10149F20000C0F2D030C84010908F
:1097D0002CE040F60040C4F20240006880050028FA
:1097E0000BD5FFE70F98B0F1804F06D1FFE740F6A9
:1097F0000010C0F23D00109017E040F60040C4F2A7
:1098000002400068800300280BD5FFE70F98B0F1F5
:10981000004F06D1FFE747F64000C0F27D101090E0
:1098200002E000201090FFE7FFE7FFE702E00020E2
:109830001090FFE700F0EEBB40F6E040C4F20240BB
:10984000006800F038000E900E980290202800F278
:109850007C800299DFE801F0117979797979797959
:1098600017797979797979791D7979797979797926
:109870002379797979797979290017A8FDF7DEFAC2
:109880001898109064E014A8FDF754FC14981090F8
:109890005EE011A8FDF7CAFD1198109058E048F25B
:1098A0000000C0F2BB00109052E040F6E840C4F265
:1098B0000240006800F040400F9040F60040C4F2C3
:1098C000024000688007002811D5FFE70F9870B9A3
:1098D000FFE740F60040C4F202400068C0F3C10157
:1098E00049F20000C0F2D030C84010902CE040F6A1
:1098F0000040C4F202400068800500280BD5FFE755
:109900000F98B0F1804F06D1FFE740F60010C0F28B
:109910003D00109017E040F60040C4F2024000689D
:10992000800300280BD5FFE70F98B0F1004F06D158
:10993000FFE747F64000C0F27D10109002E00020E3
:109940001090FFE7FFE7FFE702E000201090FFE73D
:1099500060E340F6E040C4F20240006800F4E070CA
:109960000E900E98019088B1FFE70198402813D01F
:10997000FFE70198802815D0FFE70198C02817D08D
:10998000FFE70198B0F5807F18D067E017A8FDF7D2
:1099900055FA1898109064E014A8FDF7CBFB1498C2
:1099A00010905EE011A8FDF741FD1198109058E06D
:1099B00048F20000C0F2BB00109052E040F6E840D0
:1099C000C4F20240006800F040400F9040F60040B2
:1099D000C4F2024000688007002811D5FFE70F9805
:1099E00070B9FFE740F60040C4F202400068C0F3DF
:1099F000C10149F20000C0F2D030C84010902CE004
:109A000040F60040C4F202400068800500280BD5F3
:109A1000FFE70F98B0F1804F06D1FFE740F6001046
:109A2000C0F23D00109017E040F60040C4F2024042
:109A30000068800300280BD5FFE70F98B0F1004FB6
:109A400006D1FFE747F64000C0F27D10109002E01B
:109A500000201090FFE7FFE7FFE702E000201090F2
:109A6000FFE7D7E240F6E040C4F20240006800F4AD
:109A700060600E900E9820B9FFE702F0BFF91090D9
:109A800073E040F60040C4F2024000680001002884
:109A90000BD5FFE70E98B0F5007F06D1FFE714A8BD
:109AA000FDF748FB159810905EE040F60040C4F2C8
:109AB00002400068800000280BD5FFE70E98B0F543
:109AC000806F06D1FFE711A8FDF7B0FC1298109047
:109AD00049E040F60040C4F20240006880070028D8
:109AE00013D5FFE70E98B0F5C06F0ED1FFE740F633
:109AF0000040C4F202400068C0F3C10149F2000016
:109B0000C0F2D030C84010902CE040F60040C4F2C3
:109B100002400068800500280BD5FFE70E98B0F5DD
:109B2000006F06D1FFE740F60010C0F23D00109034
:109B300017E040F60040C4F20240006880030028AD
:109B40000BD5FFE70E98B0F5206F06D1FFE747F67B
:109B50004000C0F27D10109002E000201090FFE75E
:109B6000FFE7FFE7FFE7FFE7FFE753E240F6E040EC
:109B7000C4F20240006800F4E0400E900E9820B954
:109B8000FFE702F04FF9109073E040F60040C4F296
:109B900002400068000100280BD5FFE70E98B0F5E1
:109BA000805F06D1FFE714A8FDF7C4FA159810905E
:109BB0005EE040F60040C4F20240006880000028E9
:109BC0000BD5FFE70E98B0F5005F06D1FFE711A8AF
:109BD000FDF72CFC1298109049E040F60040C4F2CA
:109BE000024000688007002813D5FFE70E98B0F503
:109BF000405F0ED1FFE740F60040C4F2024000682B
:109C0000C0F3C10149F20000C0F2D030C84010904A
:109C10002CE040F60040C4F20240006880050028B5
:109C20000BD5FFE70E98B0F5804F06D1FFE740F661
:109C30000010C0F23D00109017E040F60040C4F262
:109C400002400068800300280BD5FFE70E98B0F5AE
:109C5000A04F06D1FFE747F64000C0F27D101090FC
:109C600002E000201090FFE7FFE7FFE7FFE7FFE7D4
:109C7000FFE7CFE140F6E040C4F20240006800F4A4
:109C800060300E900E9820B9FFE702F0B7F8109000
:109C900073E040F60040C4F2024000680001002872
:109CA0000BD5FFE70E98B0F5004F06D1FFE714A8DB
:109CB000FDF740FA159810905EE040F60040C4F2BF
:109CC00002400068800000280BD5FFE70E98B0F531
:109CD000803F06D1FFE711A8FDF7A8FB129810906E
:109CE00049E040F60040C4F20240006880070028C6
:109CF00013D5FFE70E98B0F5C03F0ED1FFE740F651
:109D00000040C4F202400068C0F3C10149F2000003
:109D1000C0F2D030C84010902CE040F60040C4F2B1
:109D200002400068800500280BD5FFE70E98B0F5CB
:109D3000003F06D1FFE740F60010C0F23D00109052
:109D400017E040F60040C4F202400068800300289B
:109D50000BD5FFE70E98B0F5203F06D1FFE747F699
:109D60004000C0F27D10109002E000201090FFE74C
:109D7000FFE7FFE7FFE7FFE7FFE74BE140F6E440DF
:109D8000C4F20240006800F003000E900E980090AC
:109D9000032864D80099DFE801F002060C1201F0F4
:109DA000FFFF10905EE017A8FDF748F81898109094
:109DB00058E014A8FDF7BEF91698109052E040F64E
:109DC000E840C4F20240006800F040400F9040F6C6
:109DD0000040C4F2024000688007002811D5FFE768
:109DE0000F9870B9FFE740F60040C4F202400068E7
:109DF000C0F3C10149F20000C0F2D030C840109059
:109E00002CE040F60040C4F20240006880050028C3
:109E10000BD5FFE70F98B0F1804F06D1FFE740F672
:109E20000010C0F23D00109017E040F60040C4F270
:109E300002400068800300280BD5FFE70F98B0F1BF
:109E4000004F06D1FFE747F64000C0F27D101090AA
:109E500002E000201090FFE7FFE7FFE702E00020AC
:109E60001090FFE7D6E040F6E840C4F202400068F8
:109E700000F0C0000E9040F6F040C4F202400068CE
:109E80008007002807D5FFE70E9820B9FFE74FF4B9
:109E90000040109026E040F6F040C4F20240006816
:109EA0000001002808D5FFE70E98402804D1FFE7FD
:109EB0004FF4FA40109014E040F60040C4F2024023
:109EC00000688005002808D5FFE70E98802804D197
:109ED000FFE748F21200109002E000201090FFE728
:109EE000FFE7FFE796E040F6E840C4F20240006872
:109EF00000F030000E9040F60040C4F202400068CE
:109F00008004002809D5FFE70E9830B9FFE746F630
:109F10000040C0F2DC2010903AE040F60040C4F26D
:109F200002400068800100280AD5FFE70E9810283B
:109F300006D1FFE717A8FCF781FF1898109026E0DC
:109F400040F6F040C4F2024000688007002808D5BF
:109F5000FFE70E98202804D1FFE74FF4004010904F
:109F600014E040F6F040C4F202400068000100280E
:109F700008D5FFE70E98302804D1FFE74FF4FA40E8
:109F8000109002E000201090FFE7FFE7FFE7FFE7F7
:109F900040E040F6E440C4F20240006800F03000C7
:109FA0000E900E98102806D1FFE717A8FCF746FF81
:109FB000189810902EE040F60040C4F2024000686D
:109FC000800000280AD5FFE70E98202806D1FFE779
:109FD00011A8FDF72BFA1298109016E040F60040F9
:109FE000C4F202400068800400280AD5FFE70E98FA
:109FF000302806D1FFE746F60040C0F2DC20109082
:10A0000002E000201090FFE7FFE7FFE702E00020FA
:10A010001090FFE7FFE710981CB080BD80B5ACB092
:10A020002B9000208DF8A3008DF8A2002B98C0780B
:10A03000C00760B1FFE740F6E841C4F2024108689A
:10A0400020F040402B9A926D10430860FFE72B9858
:10A050000068C007002837D0FFE72B98C06D279015
:10A06000052817D82799DFE801F003040B12131411
:10A0700014E02B98083006F0AFFC8DF8A3000DE03B
:10A080002B98303006F05EFD8DF8A30006E005E069
:10A0900004E003E001208DF8A300FFE79DF8A30092
:10A0A00060B9FFE740F6D841C4F20241086820F0E9
:10A0B00007002B9AD26D1043086004E09DF8A300BE
:10A0C0008DF8A200FFE7FFE72B98007880070028B3
:10A0D00040F14A80FFE72B98006E2690282829D867
:10A0E0002699DFE801F01527272727272727162796
:10A0F0002727272727271D272727272727272427FD
:10A100002727272727272527272727272727260009
:10A1100014E02B98083006F05FFC8DF8A3000DE0EA
:10A120002B98303006F00EFD8DF8A30006E005E018
:10A1300004E003E001208DF8A300FFE79DF8A300F1
:10A1400060B9FFE740F6D841C4F20241086820F048
:10A1500038002B9A126E1043086004E09DF8A300AB
:10A160008DF8A200FFE7FFE72B9800784007002852
:10A1700047D5FFE72B98406E2590B0B1FFE72598B3
:10A18000402813D0FFE72598802816D0FFE72598B0
:10A19000C02819D0FFE72598B0F5807F15D0FFE7DC
:10A1A0002598B0F5A07F11D011E014E02B9808306D
:10A1B00006F012FC8DF8A3000DE02B98303006F06D
:10A1C000C1FC8DF8A30006E005E004E003E00120F7
:10A1D0008DF8A300FFE79DF8A30060B9FFE740F604
:10A1E000D841C4F20241086820F4E0702B9A526E04
:10A1F0001043086004E09DF8A3008DF8A200FFE77B
:10A20000FFE72B980078000700284AD5FFE72B9836
:10A21000806E2490C8B1FFE72498B0F5007F15D078
:10A22000FFE72498B0F5806F17D0FFE72498B0F5CA
:10A23000C06F19D0FFE72498B0F5006F15D0FFE785
:10A240002498B0F5206F11D011E014E02B9808305D
:10A2500006F0C2FB8DF8A3000DE02B98303006F01D
:10A2600071FC8DF8A30006E005E004E003E00120A6
:10A270008DF8A300FFE79DF8A30060B9FFE740F663
:10A28000D841C4F20241086820F460602B9A926EB3
:10A290001043086004E09DF8A3008DF8A200FFE7DA
:10A2A000FFE72B980078C00600284AD5FFE72B98D7
:10A2B000C06E2390C8B1FFE72398B0F5805F15D03A
:10A2C000FFE72398B0F5005F17D0FFE72398B0F5BC
:10A2D000405F19D0FFE72398B0F5804F15D0FFE716
:10A2E0002398B0F5A04F11D011E014E02B9808305E
:10A2F00006F072FB8DF8A3000DE02B98303006F0CD
:10A3000021FC8DF8A30006E005E004E003E0012055
:10A310008DF8A300FFE79DF8A30060B9FFE740F6C2
:10A32000D841C4F20241086820F4E0402B9AD26E72
:10A330001043086004E09DF8A3008DF8A200FFE739
:10A34000FFE72B980078800600284AD5FFE72B9876
:10A35000006F2290C8B1FFE72298B0F5004F15D0EA
:10A36000FFE72298B0F5803F17D0FFE72298B0F5BD
:10A37000C03F19D0FFE72298B0F5003F15D0FFE7A6
:10A380002298B0F5203F11D011E014E02B9808304E
:10A3900006F022FB8DF8A3000DE02B98303006F07C
:10A3A000D1FB8DF8A30006E005E004E003E0012006
:10A3B0008DF8A300FFE79DF8A30060B9FFE740F622
:10A3C000D841C4F20241086820F460302B9A126F21
:10A3D0001043086004E09DF8A3008DF8A200FFE799
:10A3E000FFE72B980078400600284AD5FFE72B9816
:10A3F000406F2190C8B1FFE72198B0F5802F15D0AC
:10A40000FFE72198B0F5002F17D0FFE72198B0F5AE
:10A41000402F19D0FFE72198B0F5801F15D0FFE736
:10A420002198B0F5A01F11D011E014E02B9808304E
:10A4300006F0D2FA8DF8A3000DE02B98303006F02C
:10A4400081FB8DF8A30006E005E004E003E00120B5
:10A450008DF8A300FFE79DF8A30060B9FFE740F681
:10A46000D841C4F20241086820F4E0102B9A526FE0
:10A470001043086004E09DF8A3008DF8A200FFE7F8
:10A48000FFE72B980078000600284AD5FFE72B98B5
:10A49000806F2090C8B1FFE72098B0F5001F15D05D
:10A4A000FFE72098B0F5800F17D0FFE72098B0F5B0
:10A4B000C00F19D0FFE72098B0F5000F15D0FFE7C7
:10A4C0002098B0F5200F11D011E014E02B9808303F
:10A4D00006F082FA8DF8A3000DE02B98303006F0DC
:10A4E00031FB8DF8A30006E005E004E003E0012065
:10A4F0008DF8A300FFE79DF8A30060B9FFE740F6E1
:10A50000D841C4F20241086820F460002B9A926F8F
:10A510001043086004E09DF8A3008DF8A200FFE757
:10A52000FFE72B984078C00700284AD0FFE72B9818
:10A53000C06F1F90C8B1FFE71F98B0F1807F15D0A2
:10A54000FFE71F98B0F1007F17D0FFE71F98B0F129
:10A55000407F19D0FFE71F98B0F1806F15D0FFE75B
:10A560001F98B0F1A06F11D011E014E02B980830C3
:10A5700006F032FA8DF8A3000DE02B98303006F08B
:10A58000E1FA8DF8A30006E005E004E003E0012015
:10A590008DF8A300FFE79DF8A30060B9FFE740F640
:10A5A000D841C4F20241086820F0E0602B9AD26FD3
:10A5B0001043086004E09DF8A3008DF8A200FFE7B7
:10A5C000FFE72B984078800700284CD5FFE72B98B1
:10A5D000D0F880001E90C8B1FFE71E98B0F1006F60
:10A5E00015D0FFE71E98B0F1805F17D0FFE71E98E7
:10A5F000B0F1C05F19D0FFE71E98B0F1005F15D031
:10A60000FFE71E98B0F1205F11D011E014E02B9805
:10A61000083006F0E1F98DF8A3000DE02B983030FA
:10A6200006F090FA8DF8A30006E005E004E003E0F0
:10A6300001208DF8A300FFE79DF8A30068B9FFE7AC
:10A6400040F6D841C4F20241086820F060502B9ACD
:10A65000D2F880201043086004E09DF8A3008DF834
:10A66000A200FFE7FFE72B9840784007002839D584
:10A67000FFE72B98D0F884001D90052817D81D9966
:10A68000DFE801F003040B12131414E02B980830D8
:10A6900006F0A2F98DF8A3000DE02B98303006F0FB
:10A6A00051FA8DF8A30006E005E004E003E0012084
:10A6B0008DF8A300FFE79DF8A30068B9FFE740F617
:10A6C000DC41C4F20241086820F007002B9AD2F85E
:10A6D00084201043086004E09DF8A3008DF8A200D8
:10A6E000FFE7FFE72B9840780007002847D5FFE7F2
:10A6F0002B98D0F888001C90A0B1FFE71C98102878
:10A7000011D0FFE71C98202814D0FFE71C983028B0
:10A7100017D0FFE71C98402814D0FFE71C9850285A
:10A7200011D011E014E02B98083006F055F98DF89F
:10A73000A3000DE02B98303006F004FA8DF8A3004A
:10A7400006E005E004E003E001208DF8A300FFE748
:10A750009DF8A30068B9FFE740F6DC41C4F202416E
:10A76000086820F070002B9AD2F888201043086007
:10A7700004E09DF8A3008DF8A200FFE7FFE72B9807
:10A780004078C00600284CD5FFE72B98D0F88C0005
:10A790001B90C8B1FFE71B98B0F1807F15D0FFE791
:10A7A0001B98B0F1007F17D0FFE71B98B0F1407FF6
:10A7B00019D0FFE71B98B0F1806F15D0FFE71B9809
:10A7C000B0F1A06F11D011E014E02B98083006F022
:10A7D00003F98DF8A3000DE02B98303006F0B2F9A4
:10A7E0008DF8A30006E005E004E003E001208DF809
:10A7F000A300FFE79DF8A30068B9FFE740F6E0413A
:10A80000C4F20241086820F0E0602B9AD2F88C2054
:10A810001043086004E09DF8A3008DF8A200FFE754
:10A82000FFE72B984078800600283AD5FFE72B9861
:10A83000D0F890001A9078B1FFE71A98B0F5803FF1
:10A840000BD0FFE71A98B0F5003F0DD0FFE71A983C
:10A85000B0F5403F09D009E00CE02B98303006F00D
:10A8600071F98DF8A30005E004E003E001208DF804
:10A87000A300FFE79DF8A30068B9FFE740F6E441B5
:10A88000C4F20241086820F440302B9AD2F890209C
:10A890001043086004E09DF8A3008DF8A200FFE7D4
:10A8A000FFE72B984078400600283AD5FFE72B9821
:10A8B000D0F89400199078B1FFE71998B0F5802F7F
:10A8C0000BD0FFE71998B0F5002F0DD0FFE71998CE
:10A8D000B0F5402F09D009E00CE02B98303006F09D
:10A8E00031F98DF8A30005E004E003E001208DF8C4
:10A8F000A300FFE79DF8A30068B9FFE740F6E44135
:10A90000C4F20241086820F440202B9AD2F8942027
:10A910001043086004E09DF8A3008DF8A200FFE753
:10A92000FFE72B984078000600283AD5FFE72B98E0
:10A93000D0F89800189078B1FFE71898B0F5801F0C
:10A940000BD0FFE71898B0F5001F0DD0FFE718985F
:10A95000B0F5401F09D009E00CE02B98303006F02C
:10A96000F1F88DF8A30005E004E003E001208DF884
:10A97000A300FFE79DF8A30068B9FFE740F6E441B4
:10A98000C4F20241086820F440102B9AD2F89820B3
:10A990001043086004E09DF8A3008DF8A200FFE7D3
:10A9A000FFE72B984079400700283AD5FFE72B981E
:10A9B000D0F89C00179078B1FFE71798B0F5800F9A
:10A9C0000BD0FFE71798B0F5000F0DD0FFE71798F1
:10A9D000B0F5400F09D009E00CE02B98303006F0BC
:10A9E000B1F88DF8A30005E004E003E001208DF844
:10A9F000A300FFE79DF8A30068B9FFE740F6E44134
:10AA0000C4F20241086820F440002B9AD2F89C203E
:10AA10001043086004E09DF8A3008DF8A200FFE752
:10AA2000FFE72B988078C007A0B3FFE72B98D0F8FA
:10AA3000A000169050B1FFE71698B0F1807F06D0C5
:10AA4000FFE71698B0F1007F08D008E00BE02B98E4
:10AA5000303006F077F88DF8A30004E003E0012021
:10AA60008DF8A300FFE79DF8A30068B9FFE740F663
:10AA7000E441C4F20241086820F040702B9AD2F8F9
:10AA8000A0201043086004E09DF8A3008DF8A20008
:10AA9000FFE7FFE72B9840790007002811D5FFE773
:10AAA000FFE740F61C41C4F20241086820F4004070
:10AAB00008602B98D0F80421086810430860FFE76D
:10AAC000FFE72B988078800700284CD5FFE72B986C
:10AAD000D0F8A4001590C8B1FFE71598B0F5807FB5
:10AAE00015D0FFE71598B0F5007F17D0FFE7159850
:10AAF000B0F5407F19D0FFE71598B0F5806F15D0FD
:10AB0000FFE71598B0F5A06F11D011E014E02B9875
:10AB1000083005F061FF8DF8A3000DE02B98303070
:10AB200006F010F88DF8A30006E005E004E003E06D
:10AB300001208DF8A300FFE79DF8A30068B9FFE7A7
:10AB400040F6DC41C4F20241086820F4E0602B9A30
:10AB5000D2F8A4201043086004E09DF8A3008DF80B
:10AB6000A200FFE7FFE72B988078400700284CD52C
:10AB7000FFE72B98D0F8A8001490C8B1FFE714980D
:10AB8000B0F5805F15D0FFE71498B0F5005F17D0DF
:10AB9000FFE71498B0F5405F19D0FFE71498B0F5BF
:10ABA000804F15D0FFE71498B0F5A04F11D011E0F9
:10ABB00014E02B98083005F00FFF8DF8A3000DE08E
:10ABC0002B98303005F0BEFF8DF8A30006E005E0BD
:10ABD00004E003E001208DF8A300FFE79DF8A30047
:10ABE00068B9FFE740F6DC41C4F20241086820F48E
:10ABF000E0402B9AD2F8A8201043086004E09DF8AA
:10AC0000A3008DF8A200FFE7FFE72B9800798006EC
:10AC100000284CD5FFE72B98D0F8AC001390C8B1B2
:10AC2000FFE71398B0F5803F15D0FFE71398B0F514
:10AC3000003F17D0FFE71398B0F5403F19D0FFE76A
:10AC40001398B0F5802F15D0FFE71398B0F5A02F1B
:10AC500011D011E014E02B98083005F0BDFE8DF8FE
:10AC6000A3000DE02B98303005F06CFF8DF8A300A9
:10AC700006E005E004E003E001208DF8A300FFE713
:10AC80009DF8A30068B9FFE740F6DC41C4F2024139
:10AC9000086820F4E0202B9AD2F8AC20104308601A
:10ACA00004E09DF8A3008DF8A200FFE7FFE72B98D2
:10ACB0000079400600284CD5FFE72B98D0F8B0006B
:10ACC0001290C8B1FFE71298B0F5801F15D0FFE7CA
:10ACD0001298B0F5001F17D0FFE71298B0F5401F8B
:10ACE00019D0FFE71298B0F5800F15D0FFE7129842
:10ACF000B0F5A00F11D011E014E02B98083005F04A
:10AD00006BFE8DF8A3000DE02B98303005F01AFF94
:10AD10008DF8A30006E005E004E003E001208DF8D3
:10AD2000A300FFE79DF8A30068B9FFE740F6DC4108
:10AD3000C4F20241086820F4E0002B9AD2F8B02057
:10AD40001043086004E09DF8A3008DF8A200FFE71F
:10AD5000FFE72B980079000600284CD5FFE72B98D9
:10AD6000D0F8B4001190C8B1FFE71198B0F1807F1E
:10AD700015D0FFE71198B0F1007F17D0FFE71198C9
:10AD8000B0F1407F19D0FFE71198B0F1806F15D076
:10AD9000FFE71198B0F1A06F11D011E014E02B98EB
:10ADA000083005F019FE8DF8A3000DE02B98303027
:10ADB00005F0C8FE8DF8A30006E005E004E003E01E
:10ADC00001208DF8A300FFE79DF8A30068B9FFE715
:10ADD00040F6DC41C4F20241086820F0E0602B9AA2
:10ADE000D2F8B4201043086004E09DF8A3008DF869
:10ADF000A200FFE7FFE72B984079C00700284CD05E
:10AE0000FFE72B98D0F8B8001090C8B1FFE7109872
:10AE1000B0F1805F15D0FFE71098B0F1005F17D058
:10AE2000FFE71098B0F1405F19D0FFE71098B0F13C
:10AE3000804F15D0FFE71098B0F1A04F11D011E06E
:10AE400014E02B98083005F0C7FD8DF8A3000DE045
:10AE50002B98303005F076FE8DF8A30006E005E073
:10AE600004E003E001208DF8A300FFE79DF8A300B4
:10AE700068B9FFE740F6DC41C4F20241086820F0FF
:10AE8000E0402B9AD2F8B8201043086004E09DF807
:10AE9000A3008DF8A200FFE7FFE72B98807800075A
:10AEA00000284ED5FFE72B98D0F8C0000F90A0B136
:10AEB000FFE70F98B0F5803F18D0FFE70F98B0F587
:10AEC000003F1AD0FFE70F98B0F5403F1CD0FFE7D6
:10AED0000F98B0F5802F18D018E040F62841C4F242
:10AEE0000241086840F40030086013E02B980830F5
:10AEF00005F072FD8DF8A3000CE02B98303005F0C2
:10AF000021FE8DF8A30005E004E003E001208DF8A8
:10AF1000A300FFE79DF8A30068B9FFE740F6E8410A
:10AF2000C4F20241086820F4E0202B9AD2F8C02035
:10AF30001043086004E09DF8A3008DF8A200FFE72D
:10AF4000FFE72B988078C00600284DD5FFE72B98A7
:10AF5000D0F8C4000E90A0B1FFE70E98B0F5002F16
:10AF600018D0FFE70E98B0F5801F1AD0FFE70E98B3
:10AF7000B0F5C01F1CD0FFE70E98B0F5001F17D02A
:10AF800017E040F62841C4F20241086840F400305E
:10AF9000086012E02B98083005F01EFD8DF8A30024
:10AFA0000BE02B98303005F0CDFD8DF8A30004E0C8
:10AFB00003E001208DF8A300FFE79DF8A30068B926
:10AFC000FFE740F6E841C4F20241086820F460104F
:10AFD0002B9AD2F8C4201043086004E09DF8A30027
:10AFE0008DF8A200FFE7FFE72B9880788006002805
:10AFF00034D5FFE72B98D0F8D4000D90022809D360
:10B00000FFE70D98022806D0FFE70D9803380328C4
:10B0100008D308E00BE02B98083005F0DDFC8DF834
:10B02000A30004E003E001208DF8A300FFE79DF8F2
:10B03000A30068B9FFE740F6E841C4F2024108689E
:10B0400020F007002B9AD2F8D4201043086004E0C7
:10B050009DF8A3008DF8A200FFE7FFE72B98407949
:10B060008007002827D5FFE72B98D0F8D8000C9050
:10B0700020B1FFE70C98082801D001E004E003E0CC
:10B0800001208DF8A300FFE79DF8A30068B9FFE752
:10B0900040F6E841C4F20241086820F008002B9A0B
:10B0A000D2F8D8201043086004E09DF8A3008DF882
:10B0B000A200FFE7FFE72B98C0788007002840F147
:10B0C000B580FFE740F62401C4F20241086840F071
:10B0D00001000860FBF7DAFC2990FFE740F6240046
:10B0E000C4F202400068C00760B9FFE7FBF7CEFC7E
:10B0F0002999401A032804D3FFE703208DF8A30001
:10B1000000E0EBE79DF8A300002840F08980FFE70E
:10B1100040F6F040C4F20240006800F440702A900B
:10B120002A98D0B1FFE72A982B99D1F8F8108842D5
:10B1300013D0FFE740F6F041C4F20241086820F462
:10B1400040702A90086840F480300860086820F455
:10B15000803008602A980860FFE79DF8A800C007C3
:10B16000E0B1FFE7FBF792FC2990FFE740F6F040E3
:10B17000C4F202400068800700280ED4FFE7FBF706
:10B1800085FC2999401A41F28931884204D3FFE7AE
:10B1900003208DF8A30000E0E8E7FFE79DF8A30097
:10B1A000C0BBFFE7FFE72B98D0F8F80000F4407031
:10B1B000B0F5407F13D1FFE740F61C41C4F20241D5
:10B1C000086820F47C502B9AD2F8F8204FF6F04310
:10B1D000C0F6FF731A4040EA1210086008E040F61B
:10B1E0001C41C4F20241086820F47C500860FFE76B
:10B1F00040F6F041C4F20241086820F44070086053
:10B200002B98D0F8F8206FF31F32086810430860BD
:10B21000FFE704E09DF8A3008DF8A200FFE704E03B
:10B220009DF8A3008DF8A200FFE7FFE72B98C078F8
:10B230004007002839D5FFE72B98D0F8C8000B90BD
:10B2400060B1FFE70B98102809D0FFE70B98202882
:10B250000ED0FFE70B9830280BD00BE00EE040F645
:10B260002841C4F20241086840F40030086005E05B
:10B2700004E003E001208DF8A300FFE79DF8A300A0
:10B2800068B9FFE740F6E841C4F20241086820F0DF
:10B2900030002B9AD2F8C8201043086004E09DF8D3
:10B2A000A3008DF8A200FFE7FFE72B988078400607
:10B2B000002835D5FFE72B98D0F8CC000A9020B1B4
:10B2C000FFE70A98402809D00FE040F62841C4F271
:10B2D0000241086840F4003008600AE02B9808300A
:10B2E00005F07AFB8DF8A30003E001208DF8A300A0
:10B2F000FFE79DF8A30068B9FFE740F6E441C4F218
:10B300000241086820F040002B9AD2F8CC2010436C
:10B31000086004E09DF8A3008DF8A200FFE7FFE7B6
:10B320002B9880780006002835D5FFE72B98D0F8B9
:10B33000D000099020B1FFE70998802809D00FE0DC
:10B3400040F62841C4F20241086840F40030086029
:10B350000AE02B98083005F03FFB8DF8A30003E0CE
:10B3600001208DF8A300FFE79DF8A30068B9FFE76F
:10B3700040F6E441C4F20241086820F080002B9AB4
:10B38000D2F8D0201043086004E09DF8A3008DF8A7
:10B39000A200FFE7FFE72B98C0780007002840D500
:10B3A000FFE72B98D0F8E000089004281ED80899F1
:10B3B000DFE801F0030C131A1B0040F62841C4F229
:10B3C0000241086840F40030086013E02B98083010
:10B3D00005F002FB8DF8A3000CE02B98303005F04F
:10B3E000B1FB8DF8A30005E004E003E001208DF837
:10B3F000A300FFE79DF8A30068B9FFE740F6E0412E
:10B40000C4F20241086820F007002B9AD2F8E0202D
:10B410001043086004E09DF8A3008DF8A200FFE748
:10B42000FFE72B98C078C006002840F14F80FFE767
:10B430002B98D0F8E400079020282CD80799DFE853
:10B4400001F0112A2A2A2A2A2A2A1A2A2A2A2A2AE8
:10B450002A2A212A2A2A2A2A2A2A282A2A2A2A2A57
:10B460002A2A290040F62841C4F20241086840F423
:10B470000030086013E02B98083005F0ADFA8DF825
:10B48000A3000CE02B98303005F05CFB8DF8A30096
:10B4900005E004E003E001208DF8A300FFE79DF83C
:10B4A000A30068B9FFE740F6E041C4F20241086832
:10B4B00020F038002B9AD2F8E4201043086004E012
:10B4C0009DF8A3008DF8A200FFE7FFE72B98C07856
:10B4D000800600284BD5FFE72B98D0F8E8000690AF
:10B4E00088B1FFE70698402816D0FFE70698802825
:10B4F00019D0FFE70698C0281CD0FFE70698B0F5E2
:10B50000807F18D018E040F62841C4F20241086854
:10B5100040F40030086013E02B98083005F05CFA26
:10B520008DF8A3000CE02B98303005F00BFB8DF864
:10B53000A30005E004E003E001208DF8A300FFE78D
:10B540009DF8A30068B9FFE740F6E041C4F202416C
:10B55000086820F4E0702B9AD2F8E82010430860C5
:10B5600004E09DF8A3008DF8A200FFE7FFE72B9809
:10B57000C078400600284CD5FFE72B98D0F8EC00A7
:10B580000590C8B1FFE70598B0F5007F15D0FFE73B
:10B590000598B0F5806F17D0FFE70598B0F5C06F3C
:10B5A00019D0FFE70598B0F5006F15D0FFE70598B3
:10B5B000B0F5206F11D011E014E02B98083005F0A1
:10B5C0000BFA8DF8A3000DE02B98303005F0BAFA95
:10B5D0008DF8A30006E005E004E003E001208DF80B
:10B5E000A300FFE79DF8A30068B9FFE740F6E0413C
:10B5F000C4F20241086820F460602B9AD2F8EC2073
:10B600001043086004E09DF8A3008DF8A200FFE756
:10B61000FFE72B98C078000600284CD5FFE72B9851
:10B62000D0F8F0000490C8B1FFE70498B0F5805F4F
:10B6300015D0FFE70498B0F5005F17D0FFE7049836
:10B64000B0F5405F19D0FFE70498B0F5804F15D0F2
:10B65000FFE70498B0F5A04F11D011E014E02B984B
:10B66000083005F0B9F98DF8A3000DE02B983030C3
:10B6700005F068FA8DF8A30006E005E004E003E0B9
:10B6800001208DF8A300FFE79DF8A30068B9FFE74C
:10B6900040F6E041C4F20241086820F4E0402B9AF1
:10B6A000D2F8F0201043086004E09DF8A3008DF864
:10B6B000A200FFE7FFE72B980079C00700284CD0D5
:10B6C000FFE72B98D0F8F4000390C8B1FFE7039888
:10B6D000B0F5004F15D0FFE70398B0F5803F17D0C5
:10B6E000FFE70398B0F5C03F19D0FFE70398B0F526
:10B6F000003F15D0FFE70398B0F5203F11D011E0CF
:10B7000014E02B98083005F067F98DF8A3000DE0E0
:10B710002B98303005F016FA8DF8A30006E005E00E
:10B7200004E003E001208DF8A300FFE79DF8A300EB
:10B7300068B9FFE740F6E041C4F20241086820F42E
:10B7400060302B9AD2F8F4201043086004E09DF892
:10B75000A3008DF8A200FFE7FFE72B980079800790
:10B76000002838D5FFE72B98D0F8DC00029003289A
:10B7700016D80299DFE801F002030C1314E040F63A
:10B780002841C4F20241086840F4003008600BE030
:10B790002B98083005F020F98DF8A30004E003E0B1
:10B7A00001208DF8A300FFE79DF8A30068B9FFE72B
:10B7B00040F6E441C4F20241086820F003002B9AED
:10B7C000D2F8DC201043086004E09DF8A3008DF857
:10B7D000A200FFE7FFE72B980079400700283CD53F
:10B7E000FFE72B98D0F8BC00019050B1FFE701981B
:10B7F000B0F5807F06D0FFE70198B0F5007F0AD052
:10B8000010E013E040F62841C4F20241086840F419
:10B81000003008600AE02B98083005F0DDF88DF85C
:10B82000A30003E001208DF8A300FFE79DF8A3002B
:10B8300068B9FFE740F6E841C4F20241086820F425
:10B8400040702B9AD2F8BC201043086004E09DF8A9
:10B85000A3008DF8A200FFE7FFE72B980079C00650
:10B8600000283BD5FFE72B98D0F800010090102866
:10B8700008D0FFE7009820280DD0FFE70098302877
:10B8800010D010E040F62841C4F20241086840F4AC
:10B89000003008600BE02B98303005F053F98DF83C
:10B8A000A30004E003E001208DF8A300FFE79DF86A
:10B8B000A30068B9FFE740F6E441C4F2024108681A
:10B8C00020F030002B9AD2F800211043086004E0E9
:10B8D0009DF8A3008DF8A200FFE7FFE72B98007901
:10B8E000000700280DD5FFE740F6E841C4F2024109
:10B8F000086820F0C0002B9AD2F8FC2010430860A2
:10B90000FFE79DF8A2002CB080BD000080B586B096
:10B9100004900391049820B9FFE701208DF81700E7
:10B920003AE2039842F20001C4F20201096801F010
:10B930000F01884216D9FFE742F20000C4F202006C
:10B94000016821F00F01039A11430160006800F0C3
:10B950000F000399884204D0FFE701208DF81700FB
:10B960001AE2FFE704980078C00600281BD5FFE71D
:10B970000498406940F62041C4F20241096801F48C
:10B98000E041B0EB112F0DD9FFE740F62041C4F2A2
:10B990000241086820F4E040049A526940EA02201B
:10B9A0000860FFE7FFE704980078000700281BD530
:10B9B000FFE70498006940F62041C4F2024109689B
:10B9C00001F4E061B0EB111F0DD9FFE740F6204113
:10B9D000C4F20241086820F4E060049A126940EA67
:10B9E00002100860FFE7FFE704980078400700288E
:10B9F00019D5FFE70498C06840F62041C4F202411F
:10BA0000096801F0700188420CD9FFE740F6204137
:10BA1000C4F20241086820F07000049AD268104312
:10BA20000860FFE7FFE7049800788007002819D531
:10BA3000FFE70498806840F62041C4F2024109689B
:10BA400001F00F0188420CD9FFE740F62041C4F213
:10BA50000241086820F00F00049A926810430860C1
:10BA6000FFE7FFE704980078C007002800F0D180C6
:10BA7000FFE70498406803280ED1FFE740F6004036
:10BA8000C4F2024000688001002804D4FFE70120CE
:10BA90008DF8170080E135E00498406802280ED147
:10BAA000FFE740F60040C4F202400068800300282F
:10BAB00004D4FFE701208DF817006DE121E0049820
:10BAC000406801280ED1FFE740F60040C4F2024072
:10BAD00000688005002804D4FFE701208DF81700D6
:10BAE0005AE10DE040F60040C4F2024000688007D1
:10BAF000002804D4FFE701208DF817004CE1FFE790
:10BB0000FFE7FFE740F61C41C4F20241086820F05D
:10BB10000300049A526810430860FAF7B7FF0190D7
:10BB20000498406803281AD1FFE7FFE740F61C405D
:10BB3000C4F20240006800F0180018280ED0FFE799
:10BB4000FAF7A4FF0199401A41F28931884204D3DF
:10BB5000FFE703208DF817001EE1E7E758E004989F
:10BB6000406802281AD1FFE7FFE740F61C40C4F204
:10BB70000240006800F0180010280ED0FFE7FAF726
:10BB800085FF0199401A41F28931884204D3FFE7C9
:10BB900003208DF81700FFE0E7E738E004984068DD
:10BBA00001281AD1FFE7FFE740F61C40C4F202402B
:10BBB000006800F0180008280ED0FFE7FAF766FFCB
:10BBC0000199401A41F28931884204D3FFE70320EA
:10BBD0008DF81700E0E0E7E718E0FFE740F61C40CB
:10BBE000C4F20240006810F0180F0ED0FFE7FAF719
:10BBF0004DFF0199401A41F28931884204D3FFE791
:10BC000003208DF81700C7E0E8E7FFE7FFE7FFE74D
:10BC1000FFE7049800788007002819D5FFE704980B
:10BC2000806840F62041C4F20241096801F00F012A
:10BC300088420CD2FFE740F62041C4F20241086876
:10BC400020F00F00049A926810430860FFE7FFE7B6
:10BC5000039842F20001C4F20201096801F00F01E9
:10BC6000884216D2FFE742F20000C4F202000168E7
:10BC700021F00F01039A11430160006800F00F00EA
:10BC80000399884204D0FFE701208DF8170083E074
:10BC9000FFE7049800784007002819D5FFE70498CB
:10BCA000C06840F62041C4F20241096801F0700109
:10BCB00088420CD2FFE740F62041C4F202410868F6
:10BCC00020F07000049AD26810430860FFE7FFE795
:10BCD00004980078000700281BD5FFE70498006946
:10BCE00040F62041C4F20241096801F4E061B0EB82
:10BCF000111F0DD2FFE740F62041C4F2024108684F
:10BD000020F4E060049A126940EA02100860FFE73C
:10BD1000FFE704980078C00600281BD5FFE70498C9
:10BD2000406940F62041C4F20241096801F4E04153
:10BD3000B0EB112F0DD2FFE740F62041C4F20241D3
:10BD4000086820F4E040049A526940EA0220086042
:10BD5000FFE7FFE700F07AF840F62041C4F2024125
:10BD6000096801F00F0248F24421C0F60101895C24
:10BD7000C84040F22C01C2F20001086040F2C82025
:10BD8000C2F200000068FAF7EFFE8DF80B009DF894
:10BD90000B008DF81700FFE79DF8170006B080BD77
:10BDA00080B500F053F840F62041C4F20241096822
:10BDB00001F00F0248F24421C0F60101895C01F054
:10BDC0001F0120FA01F140F22C00C2F200000160D4
:10BDD000006880BD80B5FFF7E3FF40F62041C4F264
:10BDE00002410968C1F3021248F25421C0F6010170
:10BDF000895C01F01F01C84080BD000080B5FFF7DD
:10BE0000CFFF40F62041C4F202410968C1F302228B
:10BE100048F25421C0F60101895C01F01F01C840BD
:10BE200080BD000080B5FFF7BBFF40F62041C4F2A3
:10BE300002410968C1F3023248F25421C0F60101FF
:10BE4000895C01F01F01C84080BD000089B040F648
:10BE50001C40C4F20240006800F01800082806D117
:10BE6000FFE740F60010C0F23D00049048E140F6C4
:10BE70001C40C4F20240006810F0180F21D1FFE707
:10BE800040F60040C4F20240006800F020010020AB
:10BE9000B0EB511F0ED0FFE740F60040C4F2024065
:10BEA0000068C0F3C10149F20000C0F2D030C840C0
:10BEB000049005E049F20000C0F2D0300490FFE7A2
:10BEC0001DE140F61C40C4F20240006800F018007A
:10BED000102806D1FFE747F64000C0F27D1004901D
:10BEE0000CE140F61C40C4F20240006800F018006B
:10BEF000182840F0FC80FFE740F62840C4F20240DA
:10BF0000016801F0030108910168C1F30521069160
:10BF10000068C0F300100590059840F63841C4F25F
:10BF20000241096889B2C90800FB01F000EE100A5D
:10BF3000B8EE400A8DED020A0698002800F0D38082
:10BF4000FFE708980090012809D0FFE70098022831
:10BF500000F08D80FFE70098032864D088E040F669
:10BF60000040C4F20240006800F020010020B0EB65
:10BF7000511F33D0FFE740F60040C4F20240006892
:10BF8000C0F3C10149F20000C0F2D030C8400390B4
:10BF90009DED030AB8EE400A9DED061AB8EE411A6F
:10BFA00080EE010A40F63440C4F2024000686FF3AC
:10BFB0005F2001EE100AB8EE411A9DED022A9FEDB6
:10BFC000533A22EE032A31EE021AB7EE002A31EE7E
:10BFD000021A20EE010A8DED010A23E09DED060A0A
:10BFE000B8EE401A9FED4A0A80EE010A40F634404E
:10BFF000C4F2024000686FF35F2001EE100AB8EE51
:10C00000411A9DED022A9FED413A22EE032A31EEBC
:10C01000021AB7EE002A31EE021A20EE010A8DED67
:10C02000010AFFE748E09DED060AB8EE401A9FEDD1
:10C03000360A80EE010A40F63440C4F2024000683D
:10C040006FF35F2001EE100AB8EE411A9DED022A4F
:10C050009FED2E3A22EE032A31EE021AB7EE002AA5
:10C0600031EE021A20EE010A8DED010A24E0FFE70D
:10C070009DED060AB8EE401A9FED260A80EE010AF1
:10C0800040F63440C4F2024000686FF35F2001EED6
:10C09000100AB8EE411A9DED022A9FED1C3A22EEDD
:10C0A000032A31EE021AB7EE002A31EE021A20EE10
:10C0B000010A8DED010AFFE740F63440C4F2024068
:10C0C000006881B2012000EB512007909DED010A2C
:10C0D0009DED071AB8EE411A80EE010ABCEEC00AC7
:10C0E0008DED040A02E000200490FFE705E049F22C
:10C0F0000000C0F2D0300490FFE7FFE7FFE7FFE762
:10C10000049809B0704700BF20BCBE4B0000003946
:10C110000024744C0024744A80B588B006900698B8
:10C1200028B9FFE701208DF81F0000F0EFBC40F6B2
:10C130001C40C4F20240006800F01800049040F671
:10C140002840C4F20240006800F003000390069803
:10C150000078C006002840F18080FFE70498082896
:10C1600008D0FFE7049818281DD1FFE7039802289C
:10C1700019D1FFE70698C06928B9FFE701208DF8BB
:10C180001F0000F0C3BCFFE740F61841C4F20241B3
:10C19000086820F47C10069A126A40EA024008609F
:10C1A000FFE7FFE758E00698C06988B3FFE740F66D
:10C1B0000041C4F20241086840F480700860FAF758
:10C1C00065FC0590FFE740F60040C4F202400068BD
:10C1D000800500280DD4FFE7FAF758FC0599401AAE
:10C1E000032805D3FFE703208DF81F0000F08EBC65
:10C1F000E9E7FFE740F61841C4F20241086820F47D
:10C200007C10069A126A40EA02400860FFE722E0CA
:10C2100040F60041C4F20241086820F480700860D2
:10C22000FAF734FC0590FFE740F60040C4F2024004
:10C230000068800500280DD5FFE7FAF727FC05996F
:10C24000401A032805D3FFE703208DF81F0000F0F4
:10C250005DBCE9E7FFE7FFE7FFE706980078C00766
:10C26000002800F0B980FFE70498102808D0FFE705
:10C27000049818280ED1FFE7039803280AD1FFE796
:10C280000698406828B9FFE701208DF81F0000F0EC
:10C290003DBCA0E0FFE706984068B0F5803F09D1BB
:10C2A000FFE740F60041C4F20241086840F48030E4
:10C2B000086056E00698406888B9FFE740F60041FC
:10C2C000C4F20241086820F480300860086820F455
:10C2D00080100860086820F48020086040E006981C
:10C2E0004068B0F5A02F11D1FFE740F60041C4F23D
:10C2F0000241086840F480200860086820F480103B
:10C300000860086840F48030086028E006984068BB
:10C31000B0F5A81F11D1FFE740F60041C4F2024179
:10C32000086840F480200860086840F480100860C5
:10C33000086840F48030086010E040F60041C4F224
:10C340000241086820F480300860086820F48020EA
:10C350000860086820F480100860FFE7FFE7FFE747
:10C36000FFE7FFE706984068D0B1FFE7FAF78EFBDA
:10C370000590FFE740F60040C4F2024000688003E9
:10C3800000280CD4FFE7FAF781FB0599401A6528CD
:10C3900004D3FFE703208DF81F00B7E3EAE719E0B5
:10C3A000FAF774FB0590FFE740F60040C4F2024044
:10C3B0000068800300280CD5FFE7FAF767FB0599B2
:10C3C000401A652804D3FFE703208DF81F009DE382
:10C3D000EAE7FFE7FFE7FFE7069800788007002815
:10C3E00040F1C380FFE7049840B1FFE704981828A4
:10C3F0005ED1FFE7039801285AD1FFE70698C0688D
:10C4000020B9FFE701208DF81F007FE3049840BBAF
:10C41000FFE740F60040C4F20240006800F0180058
:10C420000699096988421BD0FFE740F60041C4F233
:10C430000241086820F01800069A1269104308604B
:10C44000FFF7AEFC40F2C820C2F200000068FAF725
:10C450008BFB20B1FFE701208DF81F0056E3FFE7BB
:10C46000FFE7FAF713FB0590FFE740F60040C4F240
:10C4700002400068800700280CD4FFE7FAF706FBAB
:10C480000599401A032804D3FFE703208DF81F0005
:10C490003CE3EAE740F61041C4F20241086820F4A8
:10C4A000FE00069A526940EA02400860FFE75BE03E
:10C4B0000698C068A8B3FFE740F60041C4F2024105
:10C4C000086820F01800069A12691043086008688E
:10C4D00040F001000860FAF7D9FA0590FFE740F64E
:10C4E0000040C4F202400068800700280CD4FFE737
:10C4F000FAF7CCFA0599401A032804D3FFE7032082
:10C500008DF81F0002E3EAE740F61041C4F2024151
:10C51000086820F4FE00069A526940EA024008606A
:10C5200021E040F60041C4F20241086820F0010019
:10C530000860FAF7ABFA0590FFE740F60040C4F256
:10C5400002400068800700280CD5FFE7FAF79EFA42
:10C550000599401A032804D3FFE703208DF81F0034
:10C56000D4E2EAE7FFE7FFE7FFE706980078000775
:10C57000002849D5FFE70698806910B3FFE740F629
:10C58000F041C4F20241086840F080600860FAF7A8
:10C590007DFA0590FFE740F6F040C4F202400068E3
:10C5A000000100280CD4FFE7FAF770FA0599401A49
:10C5B000032804D3FFE703208DF81F00A6E2EAE773
:10C5C00021E040F6F041C4F20241086820F08060AA
:10C5D0000860FAF75BFA0590FFE740F6F040C4F216
:10C5E00002400068000100280CD5FFE7FAF74EFA78
:10C5F0000599401A032804D3FFE703208DF81F0094
:10C6000084E2EAE7FFE7FFE70698007840070028A2
:10C6100040F1CC80FFE740F62400C4F202400068FD
:10C62000C00708BBFFE740F62401C4F202410868D6
:10C6300040F001000860FAF729FA0590FFE740F69C
:10C640002400C4F202400068C00760B9FFE7FAF7AF
:10C650001DFA0599401A032804D3FFE703208DF83B
:10C660001F0053E2EBE7FFE7FFE706988068012829
:10C6700009D1FFE740F6F041C4F20241086840F0FA
:10C680000100086054E00698806888B9FFE740F62A
:10C69000F041C4F20241086820F001000860086817
:10C6A00020F080000860086820F0040008603EE088
:10C6B00006988068052811D1FFE740F6F041C4F2E2
:10C6C0000241086840F004000860086820F080001B
:10C6D0000860086840F00100086027E0069880685C
:10C6E000852811D1FFE740F6F041C4F20241086805
:10C6F00040F004000860086840F0800008600868A6
:10C7000040F00100086010E040F6F041C4F2024140
:10C71000086820F001000860086820F00400086044
:10C72000086820F080000860FFE7FFE7FFE7FFE709
:10C73000FFE706988068E0B1FFE7FAF7A7F90590F0
:10C74000FFE740F6F040C4F202400068800700288E
:10C750000ED4FFE7FAF79AF90599401A41F28931A8
:10C76000884204D3FFE703208DF81F00CEE1E8E7FD
:10C770001BE0FAF78BF90590FFE740F6F040C4F2B2
:10C7800002400068800700280ED5FFE7FAF77EF91F
:10C790000599401A41F28931884204D3FFE703200A
:10C7A0008DF81F00B2E1E8E7FFE7FFE706980078A1
:10C7B0008006002849D5FFE70698406A10B3FFE7D6
:10C7C00040F60041C4F20241086840F4805008601D
:10C7D000FAF75CF90590FFE740F60040C4F202402A
:10C7E0000068800400280CD4FFE7FAF74FF9059998
:10C7F000401A032804D3FFE703208DF81F0085E1CA
:10C80000EAE721E040F60041C4F20241086820F462
:10C8100080500860FAF73AF90590FFE740F60040CB
:10C82000C4F202400068800400280CD5FFE7FAF744
:10C830002DF90599401A032804D3FFE703208DF84A
:10C840001F0063E1EAE7FFE7FFE70698806A002838
:10C8500000F05881FFE70498182800F0D580FFE722
:10C860000698806A022840F0A180FFE740F6004168
:10C87000C4F20241086820F080700860FAF706F9F7
:10C880000590FFE740F60040C4F2024000688001D6
:10C8900000280CD5FFE7FAF7F9F80599401A0328A4
:10C8A00004D3FFE703208DF81F002FE1EAE7FFE73D
:10C8B00040F62841C4F20241086843F603729043EF
:10C8C000069BDA6A1B6B42EA032210430860069952
:10C8D000486BD1F838C0CB6B0A6C01386FF35F201E
:10C8E0004FF60061CFF6FF7101EB4C2189B208448D
:10C8F0000021CFF6FF7101EB034101F4FE01084472
:10C900004FF07F4101EB026101F0FE41084440F627
:10C910003441C4F202410860FFE740F62841C4F206
:10C9200002410091086820F0100008600698C06C71
:10C93000C00040F63842C4F202421060086840F07D
:10C9400010000860086820F00C00069A526C104332
:10C950000860086820F02000069A926C1043086076
:10C96000086840F48030086040F60041C4F202419B
:10C97000086840F080700860FAF788F80590FFE7D3
:10C9800040F60040C4F202400068800100280CD448
:10C99000FFE7FAF77BF80599401A032804D3FFE76D
:10C9A00003208DF81F00B1E0EAE72CE040F60041DB
:10C9B000C4F20241086820F080700860FAF766F857
:10C9C0000590FFE740F60040C4F202400068800195
:10C9D00000280CD5FFE7FAF759F80599401A032803
:10C9E00004D3FFE703208DF81F008FE0EAE740F64D
:10C9F0002841C4F2024108684FF6FC72CFF6F87283
:10CA000010400860FFE77CE040F62840C4F2024096
:10CA10000068029040F63440C4F202400068019081
:10CA20000698806A012837D0FFE7029800F00300DB
:10CA30000699C96A88422FD1FFE7029800F47C5119
:10CA40000698006BB0EB112F26D1FFE701986FF32A
:10CA50005F200699496B013988421DD1FFE7BDF877
:10CA600004100698806B0138B0EB512F14D1FFE70A
:10CA7000019800F4FE010698C06B0138B0EB114F2D
:10CA80000AD1FFE7019800F0FE410698006C0138DA
:10CA9000B0EB116F04D0FFE701208DF81F0035E0E7
:10CAA00040F63840C4F20240006881B20698C06C7B
:10CAB000B0EBD10F24D0FFE740F62841C4F2024189
:10CAC000086820F010000860F9F7E0FF0590FFE724
:10CAD000F9F7DCFF0599401A08B9FFE7F8E706986F
:10CAE000C06CC00040F63841C4F20241086040F614
:10CAF0002841C4F20241086840F010000860FFE7D6
:10CB0000FFE7FFE700208DF81F00FFE79DF81F00FB
:10CB100008B080BD80B586B00490049820B9FFE7C6
:10CB200001208DF81700B5E10498006844F6004133
:10CB3000C4F2010188422DD0FFE70498006844F652
:10CB40000041C5F20101884224D0FFE70498006843
:10CB500042F20001C4F2004188421BD0FFE7049872
:10CB6000006842F20001C5F20041884212D0FFE79E
:10CB70000498006845F20001C4F20101884209D01E
:10CB8000FFE70498006845F20001C5F20101884200
:10CB900001D1FFE700E0FFE70498406A08B9FFE72A
:10CBA000FFE70499002088620498006844F6004179
:10CBB000C4F2010188422DD0FFE70498006844F6D2
:10CBC0000041C5F20101884224D0FFE704980068C3
:10CBD00042F20001C4F2004188421BD0FFE70498F2
:10CBE000006842F20001C5F20041884212D0FFE71E
:10CBF0000498006845F20001C4F20101884209D09E
:10CC0000FFE70498006845F20001C5F2010188427F
:10CC100009D1FFE70498C068102804D3FFE701207A
:10CC20008DF8170036E1049804F08AFA029004980F
:10CC3000006844F60041C4F2010188422DD0FFE7AC
:10CC40000498006844F60041C5F20101884224D0EE
:10CC5000FFE70498006842F20001C4F200418842F4
:10CC60001BD0FFE70498006842F20001C5F20041C2
:10CC7000884212D0FFE70498006845F20001C4F230
:10CC80000101884209D0FFE70498006845F20001DD
:10CC9000C5F20101884204D1FFE7029808283AD87A
:10CCA000FFE70498006843F20001C4F201018842E2
:10CCB0002DD0FFE70498006843F20001C5F201019E
:10CCC000884224D0FFE70498006843F60001C4F2CC
:10CCD000000188421BD0FFE70498006843F600017A
:10CCE000C5F20001884212D0FFE70498006843F6BD
:10CCF0000041C4F20001884209D0FFE704980068AF
:10CD000043F60041C5F20001884208D1FFE70298CE
:10CD1000112804D3FFE701208DF81700BAE004982A
:10CD200090F8890040B9FFE70499002081F8880055
:10CD3000049800F0B3F8FFE70499022081F8890015
:10CD400004980168086820F00100086004980068F1
:10CD5000806800F4F810039004988069B0F1806F47
:10CD60001BD1FFE704984068B0F5800F04D1FFE7BE
:10CD70000498806B50B1FFE70498406868B9FFE7FA
:10CD80000498806BB0F1805F07D1FFE704980168D9
:10CD9000086840F480500860FFE7049880794006F6
:10CDA000002810D5FFE70498C06807280BD3FFE7D9
:10CDB00004980068006820F48070049A1168126D6D
:10CDC0001043086006E004980168086820F4807049
:10CDD0000860FFE7049B1968DA68D869D3F828C0AF
:10CDE00040EA0C00DDF80CC040EA0C00DB6B184395
:10CDF00010438860049A0192506B516A0843916B0A
:10CE00000843916908431168D2F804C09368D2F8C6
:10CE100010E040EA0E00D2F814E040EA0E00D2F82A
:10CE200020E040EA0E0040EA0C00D2F84CC040EA94
:10CE30000C001843936C1843936D1843D36D18433B
:10CE4000126E1043C8600498406808B9FFE7FFE716
:10CE500004980168086D20F0010008650498807945
:10CE6000400600280BD5FFE704980068C06820F052
:10CE70000040049A1168526D1043C860FFE704999E
:10CE80000020C1F88C00049A012182F889108DF8E5
:10CE90001700FFE79DF8170006B080BD80B5D4B03D
:10CEA000539000205290519050904F904E900CA86B
:10CEB0004FF48471F3F732FA5398006843F200019B
:10CEC000C4F2010188423CD1FFE700200D904FF0F1
:10CED00000610C9144900CA8FDF7A0F818B1FFE791
:10CEE000F6F74AFFFFE7FFE740F6A440C4F202402E
:10CEF000016841F480510160006800F480500B909B
:10CF00000B98FFE7FFE740F68C40C4F2024001684F
:10CF100041F001010160006800F001000A900A98E8
:10CF2000FFE7E0204E9002204F900020509051905B
:10CF3000052052900020C4F202204EA9F9F702FC0D
:10CF4000DCE05398006843F60001C4F20001884217
:10CF50003ED1FFE700200D904FF080510C9145909D
:10CF60000CA8FDF75BF818B1FFE7F6F705FFFFE740
:10CF7000FFE740F69C40C4F20240016841F4804162
:10CF80000160006800F4804009900998FFE7FFE71E
:10CF900040F68C40C4F20240016841F00201016099
:10CFA000006800F0020008900898FFE74FF4604026
:10CFB0004E9002204F9001205090519005205290A9
:10CFC00040F20040C4F202204EA9F9F7BBFB94E006
:10CFD0005398006843F60041C4F20001884252D1E0
:10CFE000FFE700200D904FF000510C9146900CA8E7
:10CFF000FDF714F818B1FFE7F6F7BEFEFFE7FFE70D
:10D0000040F69C40C4F20240016841F400410160D6
:10D01000006800F4004007900798FFE7FFE740F63C
:10D020008C40C4F20240016841F0040101600068D4
:10D0300000F0040006900698FFE74FF440604E9021
:10D04000022000904F900120509003205190062024
:10D050000190529040F60000C4F2022002904EA9C6
:10D060000391F9F76FFB009B019A029803994FF423
:10D07000805CCDF838C14F93002350935193529266
:10D08000F9F760FB38E05398006844F60041C4F2B9
:10D09000010188422FD1FFE7FFE740F6A440C4F228
:10D0A0000240016841F400210160006800F40020A2
:10D0B00005900598FFE7FFE740F68C40C4F2024078
:10D0C000016841F010010160006800F01000049058
:10D0D0000498FFE764204E9002204F90002050906B
:10D0E00051900520529041F20000C4F202204EA956
:10D0F000F9F728FBFFE7FFE7FFE7FFE754B080BD44
:10D1000080B588B006900591ADF81220039306987B
:10D110000068203002900698006844F60041C4F28E
:10D12000010188422DD0FFE70698006844F60041CF
:10D13000C5F20101884224D0FFE70698006842F258
:10D140000001C4F2004188421BD0FFE70698006846
:10D1500042F20001C5F20041884212D0FFE7069872
:10D16000006845F20001C4F20101884209D0FFE7DE
:10D170000698006845F20001C5F20101884201D11C
:10D18000FFE700E0FFE7F9F781FC0190069890F8CF
:10D190008900012804D0FFE702208DF81F000BE270
:10D1A000059820B1FFE7BDF8120020B9FFE7012084
:10D1B0008DF81F0000E2FFE7069890F8880001282C
:10D1C00004D1FFE702208DF81F00F5E10699012048
:10D1D00081F88800FFE7FFE70699032081F88900BE
:10D1E00006990020C1F88C000599069A5166BDF891
:10D1F0001210069AA2F86810BDF81210069AA2F84A
:10D200006A100699C8660699A1F870000699A1F8F7
:10D2100072000699C8670699886706988068B0F515
:10D22000C02F07D1FFE706980168086840F4006046
:10D23000086009E006980068C068012161F3524067
:10D2400006990968C860FFE70698006840684FF6CD
:10D25000FF718843BDF812100844069909684860B8
:10D2600006980168086840F0010008600698406868
:10D27000B0F5800F07D1FFE706980168086840F411
:10D2800000700860FFE70698C06810287ED3FFE7AB
:10D290000698006843F20001C4F2010188422DD0D3
:10D2A000FFE70698006843F20001C5F201018842D9
:10D2B00024D0FFE70698006843F60001C4F200019D
:10D2C00088421BD0FFE70698006843F60001C5F2CC
:10D2D0000001884212D0FFE70698006843F600413B
:10D2E000C4F20001884209D0FFE70698006843F6BF
:10D2F0000041C5F20001884248D1FFE7FFE70698E8
:10D30000B0F86A00002840D0FFE70698006840693E
:10D310008007002810D5FFE706980168406E006876
:10D3200008620699486E043048660699B1F86A00AA
:10D330000138A1F86A0027E0F9F7A8FB0199401A23
:10D340000399884204D3FFE70398013018B9FFE737
:10D350000398C0B9FFE7069803F066FE0699D1F876
:10D360008C0040F48070C1F88C000699012081F88F
:10D370008900FFE70699002081F88800FFE7032075
:10D380008DF81F0018E1FFE7B9E7E8E00698C068EC
:10D39000082863D3FFE7FFE70698B0F86A00002883
:10D3A0005BD0FFE7069800684069800700282BD50E
:10D3B000FFE70698B0F86A00022814D3FFE7069842
:10D3C000C06B80B1FFE706980168406E0068086294
:10D3D0000699486E043048660699B1F86A0002382A
:10D3E000A1F86A000FE00698406E00880299088054
:10D3F0000699486E023048660699B1F86A0001380D
:10D40000A1F86A00FFE727E0F9F740FB0199401A0D
:10D410000399884204D3FFE70398013018B9FFE766
:10D420000398C0B9FFE7069803F0FEFD0699D1F80E
:10D430008C0040F48070C1F88C000699012081F8BE
:10D440008900FFE70699002081F88800FFE70320A4
:10D450008DF81F00B0E0FFE79EE77FE0FFE706984A
:10D46000B0F86A00002878D0FFE7069800684069A5
:10D470008007002848D5FFE70698B0F86A0004281E
:10D4800015D3FFE70698C06B412810D3FFE7069835
:10D490000168406E006808620699486E043048666C
:10D4A0000699B1F86A000438A1F86A002BE00698E2
:10D4B000B0F86A00022814D3FFE70698C06B80B169
:10D4C000FFE70698406E0088029908800699486E2A
:10D4D000023048660699B1F86A000238A1F86A007D
:10D4E00010E006980168406E007881F820000699E7
:10D4F000486E013048660699B1F86A000138A1F813
:10D500006A00FFE7FFE727E0F9F7C0FA0199401A40
:10D510000399884204D3FFE70398013018B9FFE765
:10D520000398C0B9FFE7069803F07EFD0699D1F88D
:10D530008C0040F48070C1F88C000699012081F8BD
:10D540008900FFE70699002081F88800FFE70320A3
:10D550008DF81F0030E0FFE781E7FFE7FFE706985F
:10D56000039B01996A4611600821002203F0FEFD29
:10D5700040B1FFE70699D1F88C0040F02000C1F8D7
:10D580008C00FFE7069803F04FFD0699012081F813
:10D590008900FFE70699002081F88800FFE70698D8
:10D5A000D0F88C0020B1FFE701208DF81F0003E0C8
:10D5B00000208DF81F00FFE79DF81F0008B080BD18
:10D5C00080B590B0DDF848C00E900D910C92ADF88A
:10D5D0002E300E98006820300A900E980068303087
:10D5E00009900E98C16B012000EB5110ADF81200AC
:10D5F0000E98006844F60041C4F2010188422DD023
:10D60000FFE70E98006844F60041C5F20101884228
:10D6100024D0FFE70E98006842F20001C4F20041F6
:10D6200088421BD0FFE70E98006842F20001C5F265
:10D630000041884212D0FFE70E98006845F20001D1
:10D64000C4F20101884209D0FFE70E98006845F254
:10D650000001C5F20101884201D1FFE700E0FFE7C8
:10D66000F9F714FA0890BDF82E00ADF81600BDF8D1
:10D670002E00ADF814000E9890F88900012804D00F
:10D68000FFE702208DF83F00A2E30D9838B1FFE7D5
:10D690000C9820B1FFE7BDF82E0020B9FFE701206C
:10D6A0008DF83F0094E3FFE70E9890F8880001287A
:10D6B00004D1FFE702208DF83F0089E30E99012095
:10D6C00081F88800FFE7FFE70E99052081F88900BF
:10D6D0000E990020C1F88C000C990E9AD166BDF805
:10D6E0002E100E9AA2F87210BDF82E100E9AA2F803
:10D6F00070100D990E9A5166BDF82E100E9AA2F870
:10D700006A10BDF82E100E9AA2F868100E9988675C
:10D710000E99C8670E980068C06820F4C0200E9962
:10D720000968C8600E98006843F20001C4F2010164
:10D7300088422DD0FFE70E98006843F20001C5F241
:10D740000101884224D0FFE70E98006843F60001EB
:10D75000C4F2000188421BD0FFE70E98006843F630
:10D760000001C5F20001884212D0FFE70E98006860
:10D7700043F60041C4F20001884209D0FFE70E9849
:10D78000006843F60041C5F20001884203D1FFE77B
:10D790001020079002E008200790FFE70E9800682D
:10D7A00040684FF6FF718843BDF82E1008440E996B
:10D7B000096848600E980168086840F00100086038
:10D7C0000E984068B0F5800F07D1FFE70E9801680A
:10D7D000086840F400700860FFE70E98C0681028E1
:10D7E000C0F0EC80FFE70E98006843F20001C4F23D
:10D7F000010188422ED0FFE70E98006843F2000135
:10D80000C5F20101884225D0FFE70E98006843F673
:10D810000001C4F2000188421CD0FFE70E980068A6
:10D8200043F60001C5F20001884213D0FFE70E98CD
:10D83000006843F60041C4F2000188420AD0FFE7C5
:10D840000E98006843F60041C5F20001884240F09E
:10D85000B580FFE7079880080790FFE7BDF816102E
:10D860000120039039B9FFE7BDF81400002818BF64
:10D8700001200390FFE70398C007002800F09D8077
:10D88000FFE70E98006840698007002822D5FFE76F
:10D89000BDF81600F0B1FFE7BDF81400BDF8161092
:10D8A000079A1144884215D2FFE70E980168406E2E
:10D8B000006808620E99486E043048660E99B1F807
:10D8C0006A000138A1F86A000E98B0F86A00ADF855
:10D8D0001600FFE70E98006840690690BDF8140036
:10D8E000002869D0FFE70E9800684069C007B0B112
:10D8F000FFE70E980068006B0E99C96E08600E99DC
:10D90000C86E0430C8660E99B1F872000138A1F8EB
:10D9100072000E98B0F87200ADF814004BE0BDF83C
:10D920001400BDF8121088421CDAFFE79DF81900B8
:10D930000006002816D5FFE70E980068006B0E99C8
:10D94000C96E08600E99C86E0430C8660E99B1F8A9
:10D9500072000138A1F872000E98B0F87200ADF8AC
:10D96000140027E0F9F792F80899401A12998842B2
:10D9700004D3FFE71298013018B9FFE71298C0B935
:10D98000FFE70E9803F050FB0E99D1F88C0040F49D
:10D990008070C1F88C000E99012081F88900FFE7A2
:10D9A0000E99002081F88800FFE703208DF83F00E2
:10D9B0000EE2FFE7FFE7FFE750E7DCE10E98C06803
:10D9C0000828C0F0DE80FFE7079840080790FFE7CF
:10D9D000BDF816100120029039B9FFE7BDF8140018
:10D9E000002818BF01200290FFE70298C007002816
:10D9F00000F0C680FFE70E980068406980070028A5
:10DA000022D5FFE7BDF81600F0B1FFE7BDF814001E
:10DA1000BDF81610079A1144884215D2FFE70E98F8
:10DA2000406E00880A9908800E99486E0230486658
:10DA30000E99B1F86A000138A1F86A000E98B0F8A2
:10DA40006A00ADF81600FFE70E980068406906907E
:10DA5000BDF81400002800F09280FFE70E980068DF
:10DA60004069C007A8B1FFE7099800880E99C96E00
:10DA700008800E99C86E0230C8660E99B1F872001F
:10DA80000138A1F872000E98B0F87200ADF81400D9
:10DA900074E0BDF81400BDF81210884224DAFFE7E4
:10DAA0009DF81900000600281ED5FFE70998008898
:10DAB0000E99C96E08800E99C86E0230C866099822
:10DAC00000880E99C96E08800E99C86E0230C8662B
:10DAD0000E99B1F872000238A1F872000E98B0F8F1
:10DAE0007200ADF8140048E0BDF8140001281BD105
:10DAF000FFE79DF819008006002815D5FFE7099873
:10DB000000880E99C96E08800E99C86E0230C866EA
:10DB10000E99B1F872000138A1F872000E98B0F8B1
:10DB20007200ADF8140027E0F8F7B0FF0899401A2A
:10DB30001299884204D3FFE71298013018B9FFE721
:10DB40001298C0B9FFE70E9803F06EFA0E99D1F85B
:10DB50008C0040F48070C1F88C000E99012081F88F
:10DB60008900FFE70E99002081F88800FFE7032075
:10DB70008DF83F002CE1FFE7FFE7FFE7FFE727E72E
:10DB8000F8E0FFE7BDF816100120019039B9FFE772
:10DB9000BDF81400002818BF01200190FFE701988C
:10DBA000C007002800F0E580FFE70E980068406994
:10DBB0008007002823D5FFE7BDF81600F8B1FFE77E
:10DBC000BDF81400BDF81610079A1144884216D209
:10DBD000FFE70E980168406E007881F820000E99EA
:10DBE000486E013048660E99B1F86A000138A1F814
:10DBF0006A000E98B0F86A00ADF81600FFE70E98BC
:10DC0000006840690690BDF81400002800F0B0805C
:10DC1000FFE70E9800684069C007B8B1FFE70E98AB
:10DC2000006890F830000E99C96E08700E99C86EA1
:10DC30000130C8660E99B1F872000138A1F872007F
:10DC40000E98B0F87200ADF8140090E0BDF8140022
:10DC5000BDF8121088423EDAFFE79DF81900000671
:10DC6000002838D5FFE70E98006890F830000E992C
:10DC7000C96E08700E99C86E0130C8660E980068AB
:10DC800090F830000E99C96E08700E99C86E013078
:10DC9000C8660E98006890F830000E99C96E08703A
:10DCA0000E99C86E0130C8660E98006890F8300072
:10DCB0000E99C96E08700E99C86E0130C8660E992B
:10DCC000B1F872000438A1F872000E98B0F8720032
:10DCD000ADF814004AE0BDF8140003281DD8FFE792
:10DCE0009DF8190010F0600F17D0FFE70E9800683C
:10DCF00090F830000E99C96E08700E99C86E013008
:10DD0000C8660E99B1F872000138A1F872000E9839
:10DD1000B0F87200ADF8140027E0F8F7B7FE0899E4
:10DD2000401A1299884204D3FFE71298013018B9BB
:10DD3000FFE71298C0B9FFE70E9803F075F90E9946
:10DD4000D1F88C0040F48070C1F88C000E9901204D
:10DD500081F88900FFE70E99002081F88800FFE72D
:10DD600003208DF83F0033E0FFE7FFE7FFE7FFE721
:10DD700008E7FFE7FFE70E98129B08996A461160D3
:10DD80000821002203F0F2F940B1FFE70E99D1F823
:10DD90008C0040F02000C1F88C00FFE70E9803F0E3
:10DDA00043F90E99012081F88900FFE70E990020C0
:10DDB00081F88800FFE70E98D0F88C0020B1FFE7CB
:10DDC00001208DF83F0003E000208DF83F00FFE7C1
:10DDD0009DF83F0010B080BD82B001900198009086
:10DDE000042843D80099DFE801F00C1D2F410300FF
:10DDF0004EF21001CEF20001086840F00400086005
:10DE000035E04EF21001CEF20001086820F0040067
:10DE1000086040F6E441C4F20241086820F00C00BA
:10DE2000086024E04EF21001CEF20001086820F0F4
:10DE30000400086040F6E441C4F20241086801228F
:10DE400062F38300086012E04EF21001CEF200018E
:10DE5000086820F00400086040F6E441C4F2024182
:10DE60000868022262F38300086000E0FFE702B066
:10DE70007047000082B0009000980138B0F1807FB8
:10DE800003D3FFE70120019016E0009801384EF21D
:10DE90001401CEF2000108604EF21801CEF200012A
:10DEA000002008604EF21002CEF20002116841F02C
:10DEB000030111600190FFE7019802B07047000074
:10DEC00083B04EF21000CEF2000000684007002838
:10DED00003D5FFE70420029020E040F6E440C4F2BE
:10DEE0000240006800F00C0001900198009040B1E1
:10DEF000FFE70098042807D0FFE70098082806D01D
:10DF000008E00020029008E00120029005E00220D5
:10DF1000029002E000200290FFE7FFE7029803B0C2
:10DF20007047000081B0009001B0704781B0009050
:10DF300001B0704781B0009001B0704781B000908F
:10DF400001B0704781B0009001B0704781B000907F
:10DF500001B0704785B003900291FFE7039890F8F5
:10DF60003C00012804D1FFE702208DF81300F6E001
:10DF70000399012081F83C00FFE7FFE703990220A5
:10DF800081F83D000398006840680190039800689C
:10DF9000806800900398006842F60041C4F20101D5
:10DFA00088421BD0FFE70398006842F60041C5F2A3
:10DFB0000101884212D0FFE70398006843F2004154
:10DFC000C4F20101884209D0FFE70398006843F2D8
:10DFD0000041C5F2010188420AD1FFE7019820F40F
:10DFE0007000019002984168019808430190FFE792
:10DFF00001984FF68F71CFF6FF51084001900298BB
:10E0000001680198084301900198039909684860E4
:10E010000398006842F60041C4F20101884200F012
:10E020008280FFE70398006842F60041C5F20101D3
:10E03000884278D0FFE703980068B0F1804F72D033
:10E04000FFE703980068B0F1A04F6CD0FFE703989A
:10E05000006840F20041C4F20001884263D0FFE74B
:10E060000398006840F20041C5F2000188425AD08E
:10E07000FFE70398006840F60001C4F200018842FF
:10E0800051D0FFE70398006840F60001C5F2000197
:10E09000884248D0FFE70398006840F60041C4F288
:10E0A000000188423FD0FFE70398006840F6004136
:10E0B000C5F20001884236D0FFE70398006843F2BA
:10E0C0000041C4F2010188422DD0FFE703980068A7
:10E0D00043F20041C5F20101884224D0FFE70398D2
:10E0E000006841F60001C4F2000188421BD0FFE73E
:10E0F0000398006841F60001C5F20001884212D081
:10E10000FFE70398006844F20001C4F2010188426D
:10E1100009D0FFE70398006844F20001C5F201014D
:10E1200088420ED1FFE7009820F08000009002980E
:10E1300081680098084300900098039909688860F6
:10E14000FFE70399012081F83D00FFE703990020D4
:10E1500081F83C00FFE700208DF81300FFE79DF8F1
:10E16000130005B07047000081B0009001B0704707
:10E1700080B582B00090009820B9FFE701208DF8AB
:10E18000070045E0009890F83D0040B9FFE700998E
:10E19000002081F83C00009800F03EF8FFE700996D
:10E1A000022081F83D00009951F8040B03F0CEFCE9
:10E1B0000099012081F84800FFE70099012081F8CB
:10E1C0003E00009981F83F00009981F840000099D5
:10E1D00081F84100009981F84200009981F84300DC
:10E1E000FFE7FFE70099012081F84400009981F8DA
:10E1F0004500009981F84600009981F84700FFE743
:10E200000099012081F83D0000208DF80700FFE70C
:10E210009DF8070002B080BD80B584B003900398DC
:10E22000006841F20041C4F20001884219D1FFE7C1
:10E23000FFE740F69C40C4F20240016841F0200133
:10E240000160006800F0200002900298FFE7322091
:10E25000019003221146F8F721FD0198F8F714FD0B
:10E26000FFE704B080BD000083B00190019890F8F2
:10E270003D00012804D0FFE701208DF80B00B8E035
:10E280000199022081F83D0001980168C86840F0BA
:10E290000100C8600198006842F60041C4F2010123
:10E2A000884200F08280FFE70198006842F6004152
:10E2B000C5F20101884278D0FFE701980068B0F10B
:10E2C000804F72D0FFE701980068B0F1A04F6CD08A
:10E2D000FFE70198006840F20041C4F20001884263
:10E2E00063D0FFE70198006840F20041C5F20001E9
:10E2F00088425AD0FFE70198006840F60001C4F256
:10E300000001884251D0FFE70198006840F6000103
:10E31000C5F20001884248D0FFE70198006840F646
:10E320000041C4F2000188423FD0FFE70198006835
:10E3300040F60041C5F20001884236D0FFE701985F
:10E34000006843F20041C4F2010188422DD0FFE78A
:10E350000198006843F20041C5F20101884224D0CF
:10E36000FFE70198006841F60001C4F2000188420D
:10E370001BD0FFE70198006841F60001C5F20001DB
:10E38000884212D0FFE70198006844F20001C4F20D
:10E390000101884209D0FFE70198006844F20001BA
:10E3A000C5F20101884219D1FFE701980068806831
:10E3B0000721C0F2010108400090009806280CD007
:10E3C000FFE70098B0F5803F07D0FFE701980168AC
:10E3D000086840F001000860FFE706E00198016866
:10E3E000086840F001000860FFE700208DF80B008E
:10E3F000FFE79DF80B0003B07047000081B000906C
:10E4000001B0704780B584B0039003980068C0687D
:10E41000029003980068006901909DF8040080074D
:10E42000002824D5FFE79DF80800800700281DD5A7
:10E43000FFE7039801686FF002000861039901206B
:10E440000877039800688069800720B1FFE7039888
:10E45000FFF7D4FF06E0039800F054F9039800F0AA
:10E4600055F9FFE7039900200877FFE7FFE79DF8DC
:10E4700004004007002825D5FFE79DF80800400765
:10E4800000281ED5FFE7039801686FF004000861BB
:10E4900003990220087703980068806910F4407F90
:10E4A00004D0FFE70398FFF7A9FF06E0039800F008
:10E4B00029F9039800F02AF9FFE70399002008776B
:10E4C000FFE7FFE79DF804000007002824D5FFE7D9
:10E4D0009DF80800000700281DD5FFE70398016894
:10E4E0006FF008000861039904200877039800681A
:10E4F000C069800720B1FFE70398FFF77FFF06E0C0
:10E50000039800F0FFF8039800F000F9FFE7039983
:10E5100000200877FFE7FFE79DF80400C006002809
:10E5200025D5FFE79DF80800C00600281ED5FFE7A7
:10E53000039801686FF010000861039908200877BC
:10E5400003980068C06910F4407F04D0FFE7039887
:10E55000FFF754FF06E0039800F0D4F8039800F0AA
:10E56000D5F8FFE7039900200877FFE7FFE79DF85C
:10E570000400C00778B1FFE79DF80800C00748B164
:10E58000FFE7039801686FF001000861039800F04D
:10E59000C1F8FFE7FFE7019800F08000802806D06F
:10E5A000FFE79DF805008006002810D5FFE79DF8DD
:10E5B00008000006002809D5FFE7039801686FF4FA
:10E5C000025008610398FFF7B1FCFFE7FFE79DF8F1
:10E5D0000500C00780B1FFE79DF80800000600288D
:10E5E00009D5FFE7039801686FF48070086103980C
:10E5F000FFF798FCFFE7FFE79DF8040040060028BE
:10E6000010D5FFE79DF808004006002809D5FFE770
:10E61000039801686FF040000861039800F092F8D9
:10E62000FFE7FFE79DF804008006002810D5FFE70C
:10E630009DF808008006002809D5FFE703980168C7
:10E640006FF0200008610398FFF774FCFFE7FFE715
:10E650009DF80600C006002810D5FFE79DF80A00C7
:10E66000C006002809D5FFE7039801686FF4801001
:10E6700008610398FFF766FCFFE7FFE79DF80600D7
:10E680008006002810D5FFE79DF80A0080060028C4
:10E6900009D5FFE7039801686FF40010086103983B
:10E6A000FFF74CFCFFE7FFE79DF806004006002857
:10E6B00010D5FFE79DF80A004006002809D5FFE7BE
:10E6C000039801686FF4800008610398FFF73EFC2F
:10E6D000FFE7FFE79DF806000006002810D5FFE7DA
:10E6E0009DF80A000006002809D5FFE70398016895
:10E6F0006FF4000008610398FFF736FDFFE7FFE7BE
:10E7000004B080BD81B0009001B0704781B000902E
:10E7100001B0704780B582B001900198006841F265
:10E720000041C4F2000188420AD1FFE740F2CC5117
:10E73000C2F2000108680130086002F0F5FEFFE750
:10E7400002B080BD81B0009001B0704783B00190ED
:10E75000FFE7019890F88400012804D1FFE7022028
:10E760008DF80B002CE00199012081F88400FFE76F
:10E77000FFE701992420C1F888000198006800682B
:10E78000009001980168086820F001000860009876
:10E7900020F00050009001990020486600980199EF
:10E7A0000968086001992020C1F88800FFE70199F5
:10E7B000002081F88400FFE700208DF80B00FFE7C0
:10E7C0009DF80B0003B0704782B00190ADF80210C5
:10E7D00002B0704781B0009001B0704780B584B03E
:10E7E00002900191FFE7029890F88400012804D17B
:10E7F000FFE702208DF80F0032E00299012081F836
:10E800008400FFE7FFE702992420C1F888000298FE
:10E8100000680068009002980168086820F0010014
:10E82000086002980068806820F0606001990843E1
:10E83000029909688860029803F04EFB00980299DB
:10E840000968086002992020C1F88800FFE7029952
:10E85000002081F88400FFE700208DF80F00FFE71B
:10E860009DF80F0004B080BD80B584B00290019186
:10E87000FFE7029890F88400012804D1FFE7022006
:10E880008DF80F0032E00299012081F88400FFE743
:10E89000FFE702992420C1F8880002980068006808
:10E8A000009002980168086820F001000860029852
:10E8B0000068806820F06040019908430299096867
:10E8C0008860029803F008FB0098029909680860C4
:10E8D00002992020C1F88800FFE70299002081F802
:10E8E0008400FFE700208DF80F00FFE79DF80F0080
:10E8F00004B080BD81B0009001B0704781B000903D
:10E9000001B0704781B0009001B0704780B58EB003
:10E910000D900D980068C0690C900D980068006813
:10E920000B900D98006880680A900C9840F60F01D3
:10E93000084009900998E0B9FFE79DF8300080068B
:10E94000002815D5FFE79DF82C008006002806D486
:10E95000FFE79DF82B00C006002809D5FFE70D98BA
:10E96000406F20B1FFE70D98416F8847FFE76CE2E9
:10E97000FFE70998002800F0F980FFE70A980121D5
:10E98000C1F20001084209D1FFE70B9840F22011C3
:10E99000C0F20041084200F0E980FFE79DF8300036
:10E9A000C00788B1FFE79DF82D00C00760B1FFE701
:10E9B0000D980168012008620D99D1F8900040F08F
:10E9C0000100C1F89000FFE79DF8300080070028A3
:10E9D00011D5FFE79DF82800C00760B1FFE70D984B
:10E9E0000168022008620D99D1F8900040F00400FF
:10E9F000C1F89000FFE79DF830004007002811D5CE
:10EA0000FFE79DF82800C00760B1FFE70D98016897
:10EA1000042008620D99D1F8900040F00200C1F87E
:10EA20009000FFE79DF830000007002819D5FFE7A8
:10EA30009DF82C008006002807D4FFE70A980121E2
:10EA4000C1F2000108420CD0FFE70D9801680820D0
:10EA500008620D99D1F8900040F00800C1F89000CC
:10EA6000FFE79DF831000007002813D5FFE79DF868
:10EA70002F00400700280DD5FFE70D9801684FF4DF
:10EA8000006008620D99D1F8900040F02000C1F8B4
:10EA90009000FFE70D98D0F89000002865D0FFE7C0
:10EAA0009DF830008006002815D5FFE79DF82C0062
:10EAB0008006002806D4FFE79DF82B00C00600283A
:10EAC00009D5FFE70D98406F20B1FFE70D98416F22
:10EAD0008847FFE7FFE70D98D0F8900008900D9861
:10EAE0000068806800F04000402806D0FFE79DF8ED
:10EAF000200010F0280F2FD0FFE70D9803F08AFBBD
:10EB00000D98006880684006002820D5FFE70D9822
:10EB1000D0F88000B0B1FFE70D98D0F8801042F235
:10EB2000F510C0F60100C8660D98D0F88000F6F721
:10EB300017FA30B1FFE70D98D0F88000C16E884712
:10EB4000FFE703E00D98FFF7DDFEFFE703E00D9818
:10EB5000FFF7D8FEFFE707E00D98FFF7D3FE0D990A
:10EB60000020C1F89000FFE7FFE76EE10D98C06E4E
:10EB7000012840F00B81FFE79DF83000C006002817
:10EB800040F10481FFE79DF82C00C006002840F109
:10EB9000FD80FFE70D980168102008620D9800685D
:10EBA00080684006002840F18F80FFE70D98D0F87C
:10EBB00080000068806CADF81E00BDF81E000028C3
:10EBC00067D0FFE7BDF81E000D99B1F85C108842D0
:10EBD0005FDAFFE7BDF81E000D99A1F85E000D9801
:10EBE000D0F88000006D812846D0FFE7FFE7FFE7FF
:10EBF0000D98006850E8000F20F480700690FFE741
:10EC000006990D98026842E800100028F0D1FFE74D
:10EC1000FFE7FFE7FFE70D98006850E8020F20F0DC
:10EC200001000590FFE705990D98026842E802107F
:10EC30000028F0D1FFE7FFE70D992020C1F88C00F4
:10EC40000D990020C866FFE7FFE70D98006850E8BF
:10EC5000000F20F010000490FFE704990D9802685F
:10EC600042E800100028F0D1FFE7FFE70D98D0F848
:10EC70008000F6F7E9F8FFE70D99022008670D9884
:10EC8000B0F85C10B0F85E20891A89B2FFF79CFDDD
:10EC900019E0BDF81E000D99B1F85C10884211D141
:10ECA000FFE70D98D0F88000006D812809D1FFE7BB
:10ECB0000D99022008670D98B0F85C10FFF784FDED
:10ECC000FFE7FFE7FFE7C0E00D99B1F85C00B1F89E
:10ECD0005E10401AADF80E000D98B0F85E000028E6
:10ECE00053D0FFE7BDF80E0000284ED0FFE7FFE746
:10ECF000FFE70D98006850E8000F20F49070029034
:10ED0000FFE702990D98026842E800100028F0D150
:10ED1000FFE7FFE7FFE7FFE70D98006850E8020F05
:10ED20004FF6FE71CEF6FF7108400190FFE70199A2
:10ED30000D98026842E802100028EDD1FFE7FFE7D6
:10ED40000D992020C1F88C000D990020C8660D99FE
:10ED50004867FFE7FFE70D98006850E8000F20F0D4
:10ED600010000090FFE700990D98026842E800103B
:10ED70000028F0D1FFE7FFE70D99022008670D9802
:10ED8000BDF80E10FFF720FDFFE75EE09DF83200B2
:10ED9000C00600280FD5FFE79DF82A00400600288E
:10EDA00009D5FFE70D9801684FF4801008620D98AF
:10EDB000FFF7A4FD49E09DF830000006002815D5B6
:10EDC000FFE79DF82C000006002806D4FFE79DF819
:10EDD0002A000006002809D5FFE70D98806F20B1B2
:10EDE000FFE70D98816F8847FFE72EE09DF8300020
:10EDF000400600280AD5FFE79DF82C0040060028B1
:10EE000004D5FFE70D9803F055FA1EE09DF8320097
:10EE1000000600280AD5FFE79DF82F0040060028CD
:10EE200004D5FFE70D98FFF765FD0EE09DF8330070
:10EE3000C00750B1FFE79DF82F000006002804D559
:10EE4000FFE70D98FFF7C6FCFFE70EB080BD00009E
:10EE500080B582B00090009820B9FFE701208DF8BE
:10EE6000070046E00098806908B1FFE700E0FFE78F
:10EE70000098D0F8880040B9FFE70099002081F899
:10EE80008400009800F03AF8FFE700992420C1F8C8
:10EE9000880000980168086820F001000860009868
:10EEA000806A20B1FFE7009803F05CF8FFE7009864
:10EEB00003F0D2FE012804D1FFE701208DF80700FE
:10EEC00017E000980168486820F490404860009876
:10EED0000168886820F02A00886000980168086846
:10EEE00040F001000860009803F0E0F88DF807009A
:10EEF000FFE79DF8070002B080BD000080B5D0B0EC
:10EF00004F9000204E904D904C904B904A9008A806
:10EF10004FF48471F1F702FA4F98006843F600014C
:10EF2000C4F20101884240F08380FFE7002009908D
:10EF3000012108911F9008A8FBF770F818B1FFE7AE
:10EF4000F4F71AFFFFE7FFE740F6A440C4F20240DF
:10EF5000016841F480410160006800F4804007903E
:10EF60000798FFE7FFE740F68C40C4F202400168D3
:10EF700041F001010160006800F001000690069870
:10EF8000FFE74FF4C0604A9002204B9001200190AF
:10EF90004C90002002904D9007204E900020C4F22B
:10EFA00002204AA9F7F7CEFB019A029940F21070AD
:10EFB000C2F20000039040F25013C4F20203036057
:10EFC0001623436081604FF48063C36008230361AC
:10EFD00041618161C161016242628262C162016319
:10EFE0004163F6F78BF918B1FFE7F4F7C5FEFFE7C9
:10EFF000FFE74F9840F21071C2F20001C1674F98CD
:10F00000C865FFE740F21070C2F200001021F5F76A
:10F01000D1FF18B1FFE7F4F7AFFEFFE73A20009009
:10F0200000221146F7F73AFE0098F7F72DFE46E06A
:10F030004F98006846F20041C4F2000188423DD179
:10F04000FFE70020099020210891249008A8FAF7F2
:10F05000E5FF18B1FFE7F4F78FFEFFE7FFE740F6A3
:10F060009C40C4F20240016841F0007101600068F8
:10F0700000F0007005900598FFE7FFE740F68C4030
:10F08000C4F20240016841F004010160006800F030
:10F09000040004900498FFE7C0204A9002204B909F
:10F0A00001204C9000204D9007204E9040F600002B
:10F0B000C4F202204AA9F7F745FBFFE7FFE750B08B
:10F0C00080BD000080B586B004900391ADF80A20A1
:10F0D0000498D0F88C00202853D1FFE7039820B182
:10F0E000FFE7BDF80A0020B9FFE701208DF81700FF
:10F0F0004BE004990020C8660498006880684006C8
:10F10000002807D5FFE704980168886820F04000D0
:10F110008860FFE70498006842F20041C4F20041B1
:10F12000884225D0FFE70498006842F20041C5F20A
:10F13000004188421CD0FFE7049800684068000244
:10F14000002814D5FFE7FFE7FFE70498006850E8C0
:10F15000000F40F080600190FFE701990498026879
:10F1600042E800100028F0D1FFE7FFE7FFE7FFE7E4
:10F1700004980399BDF80A2003F07AFF8DF8170070
:10F1800003E002208DF81700FFE79DF8170006B096
:10F1900080BD000080B582B001900198006843F600
:10F1A0000001C4F20101884215D1FFE741F24B1082
:10F1B000C2F200000090017841F25810C2F2000043
:10F1C00005F00EFD009940F60030C2F20000012269
:10F1D000FFF778FFFFE702B080BD000080B58AB07E
:10F1E00008900791ADF81A2005930898D0F8880088
:10F1F000202840F09580FFE7079820B1FFE7BDF891
:10F200001A0020B9FFE701208DF827008CE008984C
:10F21000006880680006002807D5FFE708980168A5
:10F22000886820F080008860FFE708990020C1F816
:10F23000900008992120C1F88800F7F727FC029078
:10F24000BDF81A000899A1F85400BDF81A000899F1
:10F25000A1F8560008988068B0F5805F09D1FFE7F3
:10F260000898006928B9FFE70020049007980390E8
:10F2700004E00798049000200390FFE7FFE7089858
:10F28000B0F8560088B3FFE70898029B05996A46D4
:10F2900011608021002203F0FDFF40B1FFE70899D3
:10F2A0002020C1F8880003208DF827003CE0049856
:10F2B00058B9FFE7039800886FF35F200899096841
:10F2C000886203980230039008E004980078089957
:10F2D00009688862049801300490FFE70899B1F842
:10F2E00056000138A1F85600C9E70898029B059915
:10F2F0006A4611604021002203F0CCFF40B1FFE7D5
:10F3000008992020C1F8880003208DF827000BE021
:10F3100008992020C1F8880000208DF8270003E01C
:10F3200002208DF82700FFE79DF827000AB080BD76
:10F3300081B0009001B0704785B0019001980078CD
:10F3400001460091022804D3FFE70098022834D038
:10F350006BE0019890ED061A90ED070A90ED083ADF
:10F3600090ED092A21EE031A20EE020A30EE410A3E
:10F370008DED020A019890ED061A90ED073A90ED96
:10F38000080A90ED092A21EE031A20EE020A30EE57
:10F39000010A8DED030A019890ED061A90ED090A15
:10F3A00021EE011ABEEE002A31EE021A20EE000A0A
:10F3B00030EE010A8DED040A3CE0019890ED060A5A
:10F3C00090ED071A90ED082A90ED093A21EE031A04
:10F3D00020EE020A30EE410A8DED020A019890ED0E
:10F3E000061A90ED073A90ED080A90ED092A21EEF1
:10F3F000031A20EE020A30EE011A9FED120A30EED7
:10F40000410A8DED030A019890ED060A90ED091A64
:10F4100020EE002AB6EE000A30EE420A21EE011A72
:10F4200030EE410A8DED040A04E0002002900390C2
:10F430000490FFE79DED020ADDED030A9DED041A3D
:10F4400005B070470000008085B0019001980078F9
:10F450000146009140B1FFE70098012838D0FFE74E
:10F46000009802286CD0A3E0019890ED061A90ED68
:10F47000070A90ED082A90ED093A21EE031A20EED2
:10F48000020A30EE010A8DED020A019890ED061A8B
:10F4900090ED080A21EE011ABEEE002A31EE021AA2
:10F4A00020EE000A30EE010A8DED030A019890ED7E
:10F4B000061A90ED073A90ED080A90ED092A21EE20
:10F4C000031A20EE020A30EE410A8DED040A74E0C0
:10F4D000019890ED060A90ED071A20EE002AB6EE8C
:10F4E000000A30EE420A21EE011A30EE410A8DED9B
:10F4F000020A019890ED060A90ED071A90ED083A7D
:10F5000090ED092A21EE031A20EE020A30EE410A9C
:10F510008DED030A019890ED061A90ED070A90ED23
:10F52000083A90ED092A21EE031A20EE020A30EE85
:10F53000011A9FED260A30EE410A8DED040A3CE0E7
:10F54000019890ED061A90ED070A90ED082A90EDCB
:10F55000093A21EE031A20EE020A30EE011A9FED5D
:10F560001B0A30EE410A8DED020A019890ED060A61
:10F5700090ED081A20EE002AB6EE000A30EE420A9C
:10F5800021EE011A30EE410A8DED030A019890ED4B
:10F59000060A90ED072A90ED081A90ED093A21EE3F
:10F5A000031A20EE020A30EE410A8DED040A04E04F
:10F5B0000020029003900490FFE79DED020ADDED2C
:10F5C000030A9DED041A05B0704700BF00000080DB
:10F5D000FFE7FEE784B0039002918DED010ACDEDC7
:10F5E000000A039908684A688B6840F23831C2F211
:10F5F00000018B604A600860029B18685A689B682B
:10F600004B610A61C860019888610098C86104B0C4
:10F610007047000083B0029001918DED000A0299BD
:10F6200008684A688B6840F23831C2F200018B6288
:10F630004A620862019B18685A689B684B630A63B8
:10F64000C8620098C86303B07047000080B584B0FA
:10F6500040F62841C2F200010020087040F63A410D
:10F66000C2F20001087040F63841C2F20001088081
:10F6700040F63C41C2F2000108604860886040F6F4
:10F680002C41C2F2000108604860886041F24411D8
:10F69000C2F20001087040F29C50C2F200000190DA
:10F6A00064210291F2F77CFF019802991830F2F779
:10F6B00077FF40F29440C2F200000390F2F7E0FAC4
:10F6C000039848F2F421C0F60101F2F7BBFB04B045
:10F6D00080BD0000F0B5A3B08DF88B0040F238304B
:10F6E000C2F20000099090ED070A0C30002101F0F1
:10F6F000DFFA0998C1681F91016920914169219140
:10F7000001681C9141681D9180681E909DED1F0A43
:10F71000DDED200A9DED211A48F2842EC0F6010E7F
:10F72000CDF820E0DEF80000DEF80410DEF8082056
:10F73000DEF80C30DEF810C0DEF81440DEF81850A9
:10F74000DEF81C60DEF8207040F2800EC2F2000E7F
:10F75000DEED001A9EED012ADEED022A40F2286E4F
:10F76000C2F2000E9EED003ADEED013A9EED024A35
:10F77000EE46CEF81070CEF80C60CEF80850CEF8F9
:10F780000440CEF800C0F3F76FF8DDF820E08DED0F
:10F790001B1ACDED1A0A8DED190A19981A991B9AA0
:10F7A000219220911F909DED1C0ADDED1D0A9DED1B
:10F7B0001E1ADEF80000DEF80410DEF80820DEF87D
:10F7C0000C30DEF810C0DEF81440DEF81850DEF819
:10F7D0001C60DEF8207040F2700EC2F2000EDEED0A
:10F7E000001A9EED012ADEED022A40F2640EC2F2FA
:10F7F000000E9EED003ADEED013A9EED024AEE4625
:10F80000CEF81070CEF80C60CEF80850CEF8044058
:10F81000CEF800C0F3F728F88DED181ACDED170AD1
:10F820008DED160A16981799189A1E921D911C9024
:10F830009DED1F0ADDED200A9DED211A40F29C503E
:10F84000C2F20000F2F7D2FE09988DED151ACDED47
:10F85000140A8DED130A1399149A159B2193209283
:10F860001F911F9A40F27831C2F20001CA60209ABB
:10F870000A61219A4A611C9A0A601D9A4A601E9A7E
:10F880008A60C069C8619DF88B00012840F09380B0
:10F89000FFE740F23830C2F20000059090ED0F0A09
:10F8A0002C30012101F004FA0598C16A1F91016B07
:10F8B0002091406B21909DED1F0ADDED200A9DED0A
:10F8C000211A48F2A82EC0F6010ECDF818E0DEF895
:10F8D0000000DEF80410DEF80820DEF80C30DEF858
:10F8E00010C0DEF81440DEF81850DEF81C60DEF8B8
:10F8F000207040F2800EC2F2000EDEED001A9EED86
:10F90000012ADEED022A40F2286EC2F2000E9EEDC0
:10F91000033ADEED043A9EED054AEE46CEF810704D
:10F92000CEF80C60CEF80850CEF80440CEF800C0F7
:10F93000F2F79AFF8DED121ACDED110A8DED100A36
:10F9400010981199129A219220911F909DED1F0AF3
:10F95000DDED200A9DED211A40F29C50C2F200001C
:10F960001830F2F743FE8DED0F1ACDED0E0A8DED36
:10F970000D0A0D980E990F9A219220911F901F98B1
:10F9800040F27831C2F2000141F82C0F0791209823
:10F99000486021988860A1F120000AAAF4F78CF948
:10F9A00007990A9841F8200C0B9841F81C0C0C9808
:10F9B00041F8180CFFE723B0F0BD000080B582B01D
:10F9C000ADF8060040F27C40C2F2000040F2106147
:10F9D000C2F200019FED140ADFED140AFFF7FAFDF1
:10F9E00040F20440C2F20000007868B1FFE740F244
:10F9F0008840C2F2000040F21C61C2F200019FED9B
:10FA00000B0AFFF707FEFFE740F20440C2F20000D6
:10FA10000078FFF75FFE40F27830C2F2000000F09D
:10FA200007F802B080BD00BF000000000AD7233CE9
:10FA300080B594B013901398C06810901398006923
:10FA40001190139840691290139800680D901398C4
:10FA500040680E90139880680F90139890ED073AC5
:10FA60009DED100ADDED110A9DED121ADDED0D1A66
:10FA70009DED0E2ADDED0F2A40F29440C2F2000007
:10FA80000190F2F721FD0198F2F7E4F8CDED091AA3
:10FA90008DED081ACDED070A8DED060A9DED060ADB
:10FAA000DDED070A9DED081ADDED091AF3F71EF9E1
:10FAB0008DED0C1ACDED0B0A8DED0A0A40F2E851DE
:10FAC000C2F200010A980B9A0C9B8B604A60086096
:10FAD00041F2E800C2F20000806880BBFFE740F21C
:10FAE000F450C2F20000007848B3FFE740F204404F
:10FAF000C2F20000007838B1FFE740F2F450C2F2E1
:10FB000000004078D8B1FFE740F62840C2F200007C
:10FB10000078092813D8FFE740F62842C2F2000215
:10FB20001078411CC8B211700A2807D1FFE741F2D2
:10FB30004411C2F2000101200870FFE7FFE740F224
:10FB40009440C2F20000F1F7C9FF8DED051ACDED2A
:10FB5000040A8DED030A9DED101A9DED112A9DED0D
:10FB6000120A22EE022A21EE011A31EE021A20EECA
:10FB7000000A30EE010A07F0D7FC8DED020A40F6CC
:10FB80003840C2F200000088632855D8FFE79DED99
:10FB9000020AB0EE081AB4EE410AF1EE10FA4BDA9E
:10FBA000FFE79DED031A40F63C40C2F2000090EDE5
:10FBB000000A30EE010A80ED000A9DED041A90ED76
:10FBC000010A30EE010A80ED010A9DED051A90ED63
:10FBD000020A30EE010A80ED020A40F63840C2F215
:10FBE00000000188013101800088642823D3FFE7E9
:10FBF00040F63C41C2F2000191ED000A9FED0F1A60
:10FC000080EE010A40F62C40C2F2000080ED000AAE
:10FC100091ED010A80EE010A80ED010A91ED020AE0
:10FC200080EE010A80ED020A40F63A41C2F200017C
:10FC300001200870FFE7FFE714B080BD0000C84254
:10FC400081B00090009988684FF6C072C5F6FF72C7
:10FC50001040886001B0704781B0009048F2C80140
:10FC6000C4F20221086840F00100086001B070474A
:10FC700081B000900099D1F8C80040F00100C1F8AF
:10FC8000C80001B07047000081B000900098806803
:10FC900040F080504FF6C071C7F6FF7108400099E0
:10FCA000886001B07047000081B0009000988068C3
:10FCB00000F0E07001B0704783B0029001910298AB
:10FCC000019900EB8100603000900098006800F01E
:10FCD000F84003B07047000081B000900098806841
:10FCE000C0F3C00001B0704781B0009000988068F8
:10FCF000C0F3407001B0704781B0009000988068F8
:10FD000000F0010001B0704781B000900098806859
:10FD1000C0F3007001B0704781B000900098806817
:10FD2000C0F3800001B0704784B00390029101924B
:10FD30000398029901F4407100EB9110303000906B
:10FD400000980068029901F01F021F21914088432A
:10FD50000199C1F38461914008430099086004B09F
:10FD60007047000084B003900291019203980299B9
:10FD700001F0007100EBD150143000900098006841
:10FD80000299C1F30452072191408843019991409F
:10FD900008430099086004B07047000083B00290E7
:10FDA000019100920298D0F8B00001996FF31F51B1
:10FDB0008843009A02F018034FF6FF72C0F20F0258
:10FDC000DA40114008440299C1F8B00003B070470E
:10FDD00082B0019000910198806820F47C10009915
:10FDE00008430199886002B07047000082B001901A
:10FDF00000910198806820F0E07000990843019913
:10FE0000886002B07047000085B0049003910292B0
:10FE100001930498039900EB8100603000900098F2
:10FE200000684FF20001C0F2FF310140029800F07B
:10FE3000F840019A1043084340F0004000990860E0
:10FE400005B0704784B00390029101920398029923
:10FE500000EB8100603000900098006820F0007096
:10FE6000019908430099086004B0704784B003907A
:10FE7000029101920398029900EB8100603000909A
:10FE80000098006820F0807001990843009908608C
:10FE900004B0704784B003900291019203980299D4
:10FEA00000EB8100603000900098006820F0004076
:10FEB000019908430099086004B0704782B001902E
:10FEC00000910198406920F0004000990843019991
:10FED000486102B07047000080B58AB000210091EF
:10FEE000099108910791069105910491039102915E
:10FEF00040F24060C2F20000019048F20002C4F2F9
:10FF0000022202604FF4002242608160C160016100
:10FF100004224261017641760122C26180F82010FC
:10FF20008162C16280F834100163816380F83C1003
:10FF3000F4F780FC18B1FFE7F3F71EFFFFE702209C
:10FF4000C0F23040029006200390002004907F21F0
:10FF5000059104210691079040F24060C2F2000032
:10FF600002A9F4F747F818B1FFE7F3F705FFFFE739
:10FF70000AB080BD80B58AB0002100910991089136
:10FF800007910691059104910391029140F2A860B6
:10FF9000C2F20000019048F20012C4F20222026094
:10FFA0004FF4002242608160C1600161042242611D
:10FFB000017641760122C26180F820108162C1621F
:10FFC00080F834100163816380F83C10F4F732FC50
:10FFD00018B1FFE7F3F7D0FEFFE748F20000C3F6E1
:10FFE000F060029006200390002004907F2105918C
:10FFF00004210691079040F2A860C2F2000002A915
:020000040801F1
:10000000F3F7F8FF18B1FFE7F3F7B6FEFFE70AB022
:1000100080BD000080B540F28870C2F2000043F25B
:100020000001C4F2020101600021017141714161CE
:10003000816101210162F4F783FE18B1FFE7F3F754
:100040009BFEFFE780BD000080B582B040F2AC703F
:10005000C2F2000001904AF20041C4F200010160C6
:10006000002141604FF440728260C16001744174AC
:10007000817405234361062282614FF00E0CC0F8A3
:100080001CC003620123436282621223C3620263C3
:100090000A2242638163C163F6F73EF818B1FFE7B5
:1000A000F3F76AFEFFE702B080BD000080B582B0C2
:1000B00040F61000C2F2000000904AF60001C4F2BF
:1000C000000101600021019141608160C160017403
:1000D000417481741022426101228261C261026214
:1000E00042628262C262026341638163C163F6F766
:1000F00013F818B1FFE7F3F73FFEFFE702B080BD4A
:1001000080B582B0FFE740F68840C4F20240016843
:1001100041F001010160006800F0010001900198C8
:10012000FFE71D20009000221146F6F7B7FD00986A
:10013000F6F7AAFD02B080BD80B59CB000201B90F0
:100140001A90199018901790FFE740F68C40C4F26F
:100150000240016841F010010160006800F01000E9
:1001600016901698FFE7FFE740F68C40C4F2024075
:10017000016841F004010160006800F0040015907E
:100180001598FFE7FFE740F68C40C4F20240016893
:1001900041F080010160006800F080001490149824
:1001A000FFE7FFE740F68C40C4F20240016841F0EF
:1001B00001010160006800F0010013901398FFE74F
:1001C000FFE740F68C40C4F20240016841F00201B2
:1001D0000160006800F0020012901298FFE7FFE74C
:1001E00040F68C40C4F20240016841F00801016011
:1001F000006800F0080011901198FFE741F200003C
:10020000C4F2022002904CF20801019100220F92E8
:10021000F6F726FC0F9A40F60000C4F202200A907E
:1002200030210391F6F71CFC0F9A40F20040C4F213
:100230000220069095210491F6F712FC06984FF4DF
:100240008051059101220B92F6F70AFC0F9A40F6B5
:100250000040C4F2022008904FF400410791F6F7E5
:10026000FFFB0F9A0020C4F202200C904FF4807123
:100270000991F6F7F5FB07990B9A0C98F6F7F0FB46
:10028000019B02980B9A0F991793189219911A9142
:1002900017A90D91F6F756FA02980D990F9A1023A7
:1002A00017930023C1F2210318931992F6F74AFA23
:1002B000DDF80CC00A980B9B0D990F9ACDF85CC025
:1002C000189319921A92F6F73DFADDF810C00698C5
:1002D0000B9B0D990F9ACDF85CC0189319921A9246
:1002E000F6F730FADDF814C006980B9B0D990F9ABB
:1002F000CDF85CC01893199202220E921A92F6F76A
:1003000021FADDF81CC008980B9B0D990F9ACDF8C7
:100310005CC0189319921A92F6F714FA099B0A987E
:100320000D990F9A179318921992F6F70BFA0B9BE7
:100330000C980D990F9A4FF4014CCDF85CC01893AE
:1003400019921A92F6F7FEF90E990F9A0F20109053
:10035000F6F7A4FC1098F6F797FC1CB080BD0000DF
:1003600080B50020F6F798FB18B1FFE7F3F704FD1E
:10037000FFE7F6F7B1FB18B1FFE7F3F7FDFCFFE786
:1003800080BD000080B582B040F67400C2F200006B
:10039000009043F20001C4F2010101604FF48001BA
:1003A00041600021019181600722C2604FF000731B
:1003B00003614FF0807343614FF0806383614FF0BE
:1003C0004053C361016241628162C26241638163E1
:1003D000C1638164C164016541658165C165016670
:1003E000FCF798FB18B1FFE7F3F7C6FCFFE702B094
:1003F00080BD000080B582B040F60410C2F200005B
:10040000009043F60001C4F2000101604FF4800146
:1004100041600021019181600722C2604FF00073AA
:1004200003614FF0807343614FF0806383614FF04D
:100430004053C361016241628162C2624163816370
:10044000C1638164C164016541658165C1650166FF
:10045000FCF760FB18B1FFE7F3F78EFCFFE702B093
:1004600080BD000080B582B040F69410C2F200005A
:10047000009043F60041C4F2000101604FF4800196
:1004800041600021019181600722C2604FF000733A
:1004900003614FF0807343614FF0806383614FF0DD
:1004A0004053C361016241628162C2624163816300
:1004B000C1638164C164016541658165C16501668F
:1004C000FCF728FB18B1FFE7F3F756FCFFE702B093
:1004D00080BD000080B582B040F62420C2F200004A
:1004E000009044F60041C4F2010101604FF4800124
:1004F00041600021019181600722C2604FF00073CA
:1005000003614FF0807343614FF0806383614FF06C
:100510004053C361016241628162C262416381638F
:10052000C1638164C164016541658165C16501661E
:10053000FCF7F0FA18B1FFE7F3F71EFCFFE702B093
:1005400080BD000080B584B000210391029101912B
:1005500040F6B420C2F2000041F20042C4F20002B0
:100560000260F9224260816040F2E732C26081613C
:10057000FDF7FEFD18B1FFE7F3F7FEFBFFE70020F4
:100580000190039040F6B420C2F2000001A9FDF7EB
:10059000E1FC18B1FFE7F3F7EFFBFFE704B080BD24
:1005A00080B582B040F60030C2F20000009043F601
:1005B0000001C4F2010101604FF46131416000218A
:1005C00001918160C16001610C2242618161C16160
:1005D000016241628162FEF73BFC18B1FFE7F3F76D
:1005E000CBFBFFE740F60030C2F200000021FEF72F
:1005F0003BF918B1FFE7F3F7BFFBFFE740F6003028
:10060000C2F200000021FEF7E9F818B1FFE7F3F7A6
:10061000B3FBFFE740F60030C2F20000FEF796F8A9
:1006200018B1FFE7F3F7A8FBFFE702B080BD0000B9
:1006300080B582B040F69430C2F20000009046F2DD
:100640000041C4F2000101604FF4165141600021E5
:1006500001918160C16001610C2242618161C161CF
:10066000016241628162FEF7F3FB18B1FFE7F3F725
:1006700083FBFFE740F69430C2F200000021FEF752
:10068000F3F818B1FFE7F3F777FBFFE740F6943094
:10069000C2F200000021FEF7A1F818B1FFE7F3F75E
:1006A0006BFBFFE740F69430C2F20000FEF74EF815
:1006B00018B1FFE7F3F760FBFFE702B080BD000071
:1006C000FFE7FEE7FFE7FEE788B007900691059297
:1006D000079800F0070004900498C0F1070005286F
:1006E00003D3FFE70420019004E00498C0F1070061
:1006F0000190FFE70198039004980430062803D87E
:10070000FFE70020009003E0049803380090FFE723
:100710000098029006980399012202FA01F101392A
:100720000840029B984005999A40013A11400843BD
:1007300008B0704787B08DED060ACDED050A8DED46
:10074000041ACDED031A9DED050A9DED031A30EE56
:10075000010A8DED020A9DED030A9DED021A80EE5D
:10076000010A8DED010A9DED050A9DED021A80EE4C
:10077000010A8DED000A9DED010A9DED062A9DED11
:10078000001A9DED043A21EE031A20EE020A30EE23
:10079000010A07B0704700007047000080B5C4B080
:1007A00002A801904FF48471EFF7B8FD019804217D
:1007B00003910021C4F2200102910321049102213E
:1007C0000591102206920791089109910C210A9136
:1007D00000210B910C914FF400310D914FF40071F9
:1007E00031913D91F9F71AFC18B1FFE7F3F7C4FA1C
:1007F000FFE744B080BD000080B58EB002A8019034
:100800002C21EFF78BFD019940F2AC70C2F2000091
:10081000F5F7AEF920B1FFE76FF005000D904BE062
:1008200040F60450C2F20000007830B9FFE70798A4
:1008300018B9FFE700200D903EE040F60451C2F2E7
:1008400000010020087040F2AC70C2F20000F5F721
:10085000AFFE50B1FFE740F60451C2F200010120A3
:1008600008706FF005000D9026E040F2AC70C2F207
:100870000000F5F777FE50B1FFE740F60451C2F2F1
:100880000001012008706FF005000D9014E040F2A7
:10089000AC70C2F2000003F0E9FB50B1FFE740F694
:1008A0000451C2F20001012008706FF005000D90A4
:1008B00002E000200D90FFE70D980EB080BD000013
:1008C00080B58AB0002004900990089007900690A7
:1008D0000590069002210091079108904FF4005076
:1008E000059040F60000C4F20220019005A9039192
:1008F000F5F728FF009A019803990592F5F722FF72
:100900000399012005900020C4F202200290F5F71F
:1009100019FF0298039904220592F5F713FF049832
:100920000AB080BD80B584B0029000208DF8070029
:10093000029820B9FFE76FF00100039049E040F60C
:100940000000C4F202204FF40051F6F771F80128BC
:1009500007D1FFE79DF8070040F001008DF8070080
:10096000FFE740F60000C4F202200221F6F760F82B
:10097000012807D1FFE79DF8070040F002008DF83D
:100980000700FFE70020C4F202200121F6F750F82B
:10099000012807D1FFE79DF8070040F004008DF81B
:1009A0000700FFE70020C4F202200421F6F740F818
:1009B000012807D1FFE79DF8070040F008008DF8F7
:1009C0000700FFE79DF807000299087000200390D8
:1009D000FFE7039804B080BD80B584B0029040F674
:1009E0000041C4F20241086820F080600860F6F718
:1009F0004DF80190FFE740F60040C4F20240006865
:100A000000F000610020B0EBD16F0CD0FFE7F6F7EB
:100A10003DF80199401A032804D3FFE703208DF81D
:100A20000F008BE0E7E7FFE740F62C41C4F20241FC
:100A3000086843F603729043029B1A685B6842EAB7
:100A400003221043086002998868D1F80CC00B6932
:100A50004A6901386FF35F204FF60061CFF6FF71EE
:100A600001EB4C2189B208440021CFF6FF7101EB64
:100A7000034101F4FE0108444FF07F4101EB0261A4
:100A800001F0FE41084440F63C41C4F202410860D6
:100A9000FFE740F62C41C4F202410091086820F0C3
:100AA0000C00029A926910430860086820F0200048
:100AB000029AD269104308600298426A086810439B
:100AC0000860086820F01000086040F64042C4F258
:100AD000024210684FF6F8739843029B1B6A40EA83
:100AE000C3001060086840F01000086040F6004144
:100AF000C4F20241086840F080600860F5F7C6FF64
:100B00000190FFE740F60040C4F20240006800F0A8
:100B100000610020B0EBD16F0CD1FFE7F5F7B6FF15
:100B20000199401A032804D3FFE703208DF80F0032
:100B300004E0E7E700208DF80F00FFE79DF80F00C5
:100B400004B080BD80B584B0029040F60041C4F28C
:100B50000241086820F080500860F5F797FF019087
:100B6000FFE740F60040C4F20240006800F0005188
:100B70000020B0EB517F0CD0FFE7F5F787FF01991C
:100B8000401A032804D3FFE703208DF80F008BE001
:100B9000E7E7FFE740F63041C4F20241086843F658
:100BA00003729043029B1A685B6842EA0322104377
:100BB000086002998868D1F80CC00B694A6901384D
:100BC0006FF35F204FF60061CFF6FF7101EB4C2110
:100BD00089B208440021CFF6FF7101EB034101F413
:100BE000FE0108444FF07F4101EB026101F0FE413C
:100BF000084440F64441C4F202410860FFE740F671
:100C00003041C4F202410091086820F00C00029AC1
:100C1000926910430860086820F02000029AD269A7
:100C2000104308600298426A086810430860086828
:100C300020F01000086040F64842C4F202421068FA
:100C40004FF6F8739843029B1B6A40EAC30010609A
:100C5000086840F01000086040F60041C4F202410C
:100C6000086840F080500860F5F710FF0190FFE73A
:100C700040F60040C4F20240006800F0005100203D
:100C8000B0EB517F0CD1FFE7F5F700FF0199401A57
:100C9000032804D3FFE703208DF80F0004E0E7E703
:100CA00000208DF80F00FFE79DF80F0004B080BD15
:100CB00080B588B007908DED060A8DF817109DF865
:100CC000171040F2F450C2F20000405C08B1FFE798
:100CD000A1E19DED060A9FEDD11A20EE010A8DEDEE
:100CE000040A9DED040AB7EE001AB4EE410AF1EED3
:100CF00010FA04DDFFE74FF07E500490FFE700207C
:100D000003900290FFE7029802285BDCFFE79DF862
:100D1000171040F2F830C2F20000405C88B9FFE7DB
:100D20000798029A50F822009DF8171001EB410332
:100D300040F2C031C2F2000101EB830141F8220010
:100D4000FFE79DED040A0798029A00EB820090ED00
:100D5000002A9DF8170000EB400140F2C030C2F2BB
:100D6000000000EB810101EB820191ED001A32EEEF
:100D7000412A20EE020A30EE010A81ED000A079AAC
:100D8000029902EB810292ED000A9DF8172002EB16
:100D9000420200EB820000EB810090ED001A30EE81
:100DA000410A8DED010A9DED010A9DED031A20EE29
:100DB000000A30EE010A8DED030AFFE702980130C8
:100DC0000290A0E79DF8172040F2F831C2F200012E
:100DD000012088549DED030A06F0A6FB8DED000A64
:100DE00000989DF8171001EB410240F64841C2F20D
:100DF000000141F822009DED000AB1EE041AB4EEA4
:100E0000410AF1EE10FA2ADDFFE79DF8172040F2C3
:100E1000F031C2F20001002041F822009DF81720B5
:100E200040F2FA31C2F2000121F812009DF81710C9
:100E300001EB410240F2D831C2F2000101EB820223
:100E400090609DF8172002EB420201EB8202506095
:100E50009DF8172002EB420241F8220014E09DEDBC
:100E6000060A9DF8171040F2F030C2F2000000EBC5
:100E7000810090ED001A9FED6A2A20EE020A30EE02
:100E8000010A80ED000AFFE79DF8171040F2F030EC
:100E9000C2F2000000EB810090ED000A9FED611AA4
:100EA000B4EE410AF1EE10FAC0F29680FFE707981F
:100EB00090ED001A9DF8170000EB400140F2D83089
:100EC000C2F2000000EB810191ED000A30EE010A50
:100ED00081ED000A079991ED011A9DF8171001EBB9
:100EE000410100EB810191ED010A30EE010A81ED33
:100EF000010A079991ED021A9DF8171001EB4101C3
:100F000000EB810090ED020A30EE010A80ED020A4A
:100F10009DF8172040F2FA30C2F2000030F81210AB
:100F2000013120F812109DF8171030F81100282810
:100F300051DBFFE79DF8170000EB400140F2D83C81
:100F4000C2F2000C0CEB810292ED000A40F2FA3280
:100F5000C2F2000232F8100001EE100AB8EEC11A17
:100F600080EE010A40F22860C2F2000000EB81012D
:100F700081ED000A9DF8173003EB43010CEB810E65
:100F80009EED010A32F8133001EE103AB8EEC11AA4
:100F900080EE010A00EB810181ED010A9DF8173016
:100FA00003EB43010CEB810C9CED020A32F8132099
:100FB00001EE102AB8EEC11A80EE010A00EB8100A2
:100FC00080ED020A9DF8172040F2F451C2F20001B0
:100FD00001208854FFE7FFE79DF8171040F2F0303A
:100FE000C2F2000050F8210001EB410240F64841F6
:100FF000C2F2000101EB820250609DF8172040F21E
:10100000FA30C2F2000030F8120002EB420201EBAB
:1010100082010881FFE708B080BD00BFDA0F4941B7
:1010200000007A440000484282B0019001980068B4
:101030004069009001980168886940F00800886163
:1010400001980168886940F0100088610198016882
:10105000086820F00100086001980168086940F202
:101060006F329043086101980168886820F440401D
:101070008860019890F88900042815D0FFE79DF852
:101080000000800600280ED5FFE70199D1F88C00FA
:1010900040F08000C1F88C0001980168886940F038
:1010A00020008861FFE7FFE7019890F88900032896
:1010B00015D0FFE79DF80000400600280ED5FFE799
:1010C0000199D1F88C0040F00400C1F88C0001981F
:1010D0000168886940F040008861FFE7FFE79DF8FC
:1010E0000100800700280ED5FFE70199D1F88C0098
:1010F00040F00100C1F88C0001980168886940F453
:1011000000708861FFE79DF80100C00770B1FFE73C
:101110000199D1F88C0040F00800C1F88C000198CA
:101120000168886940F480708861FFE701990020B8
:10113000A1F86A000199A1F8720002B0704700009E
:1011400083B002900298C16B012000EB5110019016
:101150000298C0680130009000980730C0080090E5
:101160000098019900FB01F003B0704780B586B08C
:10117000DDF820C0049003918DF80B200193FFE768
:1011800004980068406903990840401AB0FA80F05A
:1011900040099DF80B10884214D1FFE7F5F776FC63
:1011A0000899401A0199884204D3FFE70198013059
:1011B00018B9FFE7019820B9FFE703208DF8170061
:1011C00004E0DDE700208DF81700FFE79DF8170029
:1011D00006B080BD7047000010B588B0DDF828C0AB
:1011E00006900591ADF812208DF81130069848B19F
:1011F000FFE7BDF8120028B1FFE79DF81100202895
:1012000004D3FFE700208DF81F0030E003F036FC28
:101210000390039820B9FFE700208DF81F0026E017
:1012200003980699059ABDF812309DF811C0EE4654
:101230000224CEF80440CEF800C003F051FC03981D
:1012400003F0B2FB012807D0FFE70399002081F8E3
:1012500021008DF81F000AE00A9820B1FFE70398EB
:101260000A990860FFE701208DF81F00FFE79DF84D
:101270001F0008B010BD000010B588B0DDF828C010
:1012800006900591ADF812208DF81130069848B1FE
:10129000FFE7BDF8120028B1FFE79DF811002028F4
:1012A00004D3FFE700208DF81F0031E0302006F066
:1012B000C3FE0390039820B9FFE700208DF81F00BC
:1012C00026E003980699059ABDF812309DF811C0E2
:1012D000EE460124CEF80440CEF800C003F000FC36
:1012E000039803F061FB012807D0FFE7039806F09D
:1012F0007BFE00208DF81F000AE00A9820B1FFE76E
:1013000003980A990860FFE701208DF81F00FFE7A6
:101310009DF81F0008B010BD80B586B000F0CCF875
:1013200040F65471C2F20001029144F21900C0F675
:101330000100C1F8740144F24900C0F60100C1F88F
:10134000780141F25810C2F2000040F65451C2F246
:1013500000014FF4007203F00FFC029804F06EFEDF
:1013600040F60030C2F2000041F24B11C2F200011F
:1013700001220392FDF7A6FE40F20040C2F20000F7
:101380006946086046F2A160C0F6010048F2684173
:10139000C0F601010A2205920023FFF76DFF059AAE
:1013A00040F23030C2F200006946086040F66150F9
:1013B000C0F6000048F25C41C0F601010323FFF7CC
:1013C0000BFF059A40F23430C2F200006946086013
:1013D00041F6C160C0F6010048F27441C0F6010157
:1013E0000423FFF7F9FE039A40F20030C2F2000036
:1013F0006946086041F6A960C0F6010048F29041D4
:10140000C0F601010523FFF7E7FE039A40F21C3006
:10141000C2F200006946086040F62940C0F60000AC
:1014200048F26E41C0F6010115230493FFF7D4FE84
:10143000039A049B40F27440C2F2000069460860BF
:1014400041F2A520C0F6000048F27E41C0F601013D
:10145000FFF7C2FE049B40F2B830C2F200006946BA
:10146000086041F28510C0F6000048F26441C0F601
:1014700001014FF47A72FFF7AFFE059A40F2BC30DB
:10148000C2F200006946086041F2D910C0F60000BF
:1014900048F29A41C0F601011623FFF79DFE01288C
:1014A00008D0FFE741F2E801C2F20001C86A01304A
:1014B000C862FFE706B080BD80B582B040F65051EB
:1014C000C2F20001002008608DF80700FFE79DF8D8
:1014D0000700132826D8FFE79DF8070000EB40011E
:1014E00041F27010C2F20000009000EB01103021B8
:1014F000EEF714FF00999DF8070000EB400001EBA8
:101500000012002082F821009DF8072002EB420221
:1015100001EB02114862FFE79DF8070001308DF8EA
:101520000700D4E702B080BD80B586B040F65050C9
:10153000C2F2000000680590F2F756FD0490FFE744
:101540000598002845D0FFE7049805998969401A55
:10155000039003980599898A884236D3FFE7049857
:1015600005990022CA6188610598006860B3FFE7A9
:101570004EF21800CEF2000000900068029005982C
:101580000168808A88470098006801900198029954
:10159000884208D3FFE702984DF29001C0F20301A0
:1015A00008440290FFE702980199401A00EE100AE1
:1015B000B8EE400A9FED081A20EE010A0598BCEE2D
:1015C000C00A80ED0A0AFFE7FFE70598406A059028
:1015D000B6E706B080BD00BF6F12833B80B5F5F75C
:1015E00085FA80BD80B584B0ADF80A00BDF80A0068
:1015F00018B9FFE70020039041E04EF6FC50CEF210
:1016000000000068C001002808D5FFE741F2000093
:10161000CEF200000068C00720B9FFE76FF00600B7
:1016200003902CE040F22C00C2F200000268BDF8EA
:101630000AC0002344F23F20C0F20F001946E2FB2B
:101640000C0144F24022C0F20F02EEF71DFE0090A2
:1016500041F20400CEF2000000680190FFE741F281
:101660000400CEF2000000680199401A00998842F7
:1016700002D2FFE700BFF2E700200390FFE70398E4
:1016800004B080BD80B58CB0FF208DF82A0000200A
:101690000490099040F22031C2F200010591C1F896
:1016A00003000860012107910722069205F004F863
:1016B000049B059A069984460798C2F800C01371E6
:1016C00050719171F1F7B2FF40B1FFE741F2E801CB
:1016D000C2F20001086B01300863FFE70120F1F757
:1016E00097FF40B1FFE741F2E801C2F20001086B49
:1016F00001300863FFE70120F1F7A6FF40B1FFE7E3
:1017000041F2E801C2F20001086B01300863FFE713
:101710006420F3F7D3FF00F0DDF840F20441C2F299
:101720000001002003900870FDF790FF039841F23C
:101730004411C2F200014870F1F756FE40B1FFE7D4
:1017400041F2E801C2F20001C8680130C86006E059
:1017500041F24411C2F2000101204870FFE7EFF7A7
:10176000F9FB40B1FFE741F2E801C2F200018868ED
:1017700001308860FFE740F60000C4F2022020211B
:1017800001220292F5F76CF9029A40F20040C4F28D
:1017900002201146F5F764F9F2F7A8F940B1FFE726
:1017A00041F2E801C2F2000148690130486106E0F7
:1017B00041F24411C2F2000101208870FFE7EFF707
:1017C00005FA40B1FFE741F2E801C2F200014868C2
:1017D00001304860FFE7EFF7F5FC58B1FFE741F251
:1017E000E801C2F20001886A013088624FF0FF30E0
:1017F0000B906CE0FFF790FD40F6B420C2F20000C1
:10180000FCF732FD6420EFF7B3F940B1FFE741F296
:10181000E801C2F20001C86C0130C864FFE7F5F7C7
:1018200035F90890FFE741F24410C2F20000417917
:101830000020019059B9FFE7F5F728F90899411AF6
:101840000020B1F57A7F38BF01200190FFE70198B1
:10185000C00720B1FFE70120F3F730FFE3E741F2D3
:101860004410C2F200004079B8B1FFE70220F3F75C
:1018700025FF01F0F9FD40F21840C2F200000078A7
:10188000EFF7EAFC40B1FFE741F2E801C2F20001E4
:10189000886B01308863FFE7FFE7FFE741F2441000
:1018A000C2F200000078012804D0FFE70A20F3F715
:1018B00005FFF3E741F24411C2F2000101208871F3
:1018C00040F6B830F3F7FAFE00200B90FFE70B98D4
:1018D0000CB080BD81B04EF6FC51CEF2000108681C
:1018E00040F08070086041F20000CEF20000006815
:1018F0008001002804D5FFE76FF0070000901CE08E
:1019000041F20401CEF200010020086041F2000023
:10191000CEF20000016841F001010160BFF34F8F7A
:10192000BFF36F8F0068C00720B9FFE76FF00500B5
:10193000009002E000200090FFE7009801B070479F
:1019400080B59CB008A85021EEF7E8FC0020079075
:1019500006900590049003900290FFE740F6100077
:10196000C4F20240016841F030010160006800F0FB
:10197000300001900198FFE7FFE740F61400C4F241
:101980000240006800F00800082801D0FFE7F4E7F3
:10199000012008904FF4803009900220129003211A
:1019A00013911490282115911690042117911890E5
:1019B0000C20199000201A901B9008A8FAF7ACFB95
:1019C00018B1FFE7F2F7D8F9FFE71F2002900320D4
:1019D00003900020049005900690079002A805212E
:1019E000F9F794FF18B1FFE7F2F7C6F9FFE742F203
:1019F0000001C4F202010868022262F305100860C7
:101A00001CB080BD82B04EF68851CEF2000108684D
:101A100040F47000086040F60042C4F20242012027
:101A2000106040F61C41C4F20241002000900860A2
:101A300040F62041C4F20241086011684EF6E323EB
:101A4000CEF6E2231940116040F62841C4F202416B
:101A5000086040F62C41C4F20241086040F6304173
:101A6000C4F20241086040F63443C4F2024340F23B
:101A70008021C0F20111196040F63843C4F20243DC
:101A8000186040F63C43C4F20243196040F64043FC
:101A9000C4F20243186040F64443C4F202431960A2
:101AA00040F64841C4F202410860116821F48021E7
:101AB000116040F65041C4F2024108604EF60851F0
:101AC000CEF200014FF00060086042F21800C4F24C
:101AD0000200006800F0604001900198B0F1604F92
:101AE00005D0FFE70198B0F1404F24D1FFE742F263
:101AF0001C00C4F202000068C00778B1FFE742F2A0
:101B00000C01C4F2020142F63B20C0F61900086045
:101B100046F67F60C4F65D400860FFE742F21C01B4
:101B2000C4F20201086840F002000860086840F052
:101B300001000860FFE702B07047000080B540F682
:101B4000B420C2F20000FCF75DFC80BD83B00290BF
:101B50000191029800680090029842F60041C4F298
:101B60000101884252D0FFE7029842F60041C5F2D7
:101B7000010188424AD0FFE70298B0F1804F45D07A
:101B8000FFE70298B0F1A04F40D0FFE7029840F283
:101B90000041C4F20001884238D0FFE7029840F2C9
:101BA0000041C5F20001884230D0FFE7029840F6BC
:101BB0000001C4F20001884228D0FFE7029840F6F5
:101BC0000001C5F20001884220D0FFE7029840F6EC
:101BD0000041C4F20001884218D0FFE7029840F6A5
:101BE0000041C5F20001884210D0FFE7029843F29D
:101BF0000041C4F20101884208D0FFE7029843F295
:101C00000041C5F2010188420AD1FFE7009820F0A7
:101C10007000009001984168009808430090FFE729
:101C2000029842F60041C4F20101884200F0BA80F5
:101C3000FFE7029842F60041C5F20101884200F038
:101C4000B180FFE70298B0F1804F00F0AB80FFE772
:101C50000298B0F1A04F00F0A580FFE7029840F293
:101C60000041C4F20001884200F09C80FFE7029826
:101C700040F20041C5F20001884200F09380FFE786
:101C8000029840F60001C4F20001884200F08A8008
:101C9000FFE7029840F60001C5F20001884200F01B
:101CA0008180FFE7029840F60041C4F200018842BB
:101CB00078D0FFE7029840F60041C5F20001884263
:101CC00070D0FFE7029843F20041C4F2010188425C
:101CD00068D0FFE7029843F20041C5F20101884253
:101CE00060D0FFE7029841F60001C4F2000188428B
:101CF00058D0FFE7029841F60001C5F20001884282
:101D000050D0FFE7029841F60041C4F2000188423A
:101D100048D0FFE7029841F60041C5F20001884231
:101D200040D0FFE7029842F20001C4F2000188426D
:101D300038D0FFE7029842F20001C5F20001884264
:101D400030D0FFE7029844F20001C4F2010188425A
:101D500028D0FFE7029844F20001C5F20101884251
:101D600020D0FFE7029844F20041C4F2010188420A
:101D700018D0FFE7029844F20041C5F20101884201
:101D800010D0FFE7029844F60001C4F20101884236
:101D900008D0FFE7029844F60001C5F2010188422D
:101DA0000AD1FFE7009820F4407000900198C168C4
:101DB000009808430090FFE7009820F08000019908
:101DC000496908430090009802990860019880686A
:101DD0000299C8620198006802998862029842F6E6
:101DE0000041C4F20101884248D0FFE7029842F660
:101DF0000041C5F20101884240D0FFE7029843F25A
:101E00000041C4F20101884238D0FFE7029843F252
:101E10000041C5F20101884230D0FFE7029844F248
:101E20000001C4F20101884228D0FFE7029844F281
:101E30000001C5F20101884220D0FFE7029844F278
:101E40000041C4F20101884218D0FFE7029844F231
:101E50000041C5F20101884210D0FFE7029844F624
:101E60000001C4F20101884208D0FFE7029844F65D
:101E70000001C5F20101884205D1FFE70198006920
:101E800002990863FFE702990120486102980069FE
:101E9000C00730B1FFE70299086920F0010008612E
:101EA000FFE703B07047000080B582B0ADF80600D0
:101EB000BDF80600EEF714FD01F0C2FA02B080BDD5
:101EC00080B582B0ADF80600BDF80600FDF776FDDE
:101ED00001F0D6FA02B080BD82B001900198406E48
:101EE00040B9FFE701990120A1F86A000199A1F822
:101EF000680034E008208DF803008DF80200019896
:101F000000688068C0F342608DF8010001980068A5
:101F10008068400F8DF800009DF802009DF80020B9
:101F200048F2D423C0F60103995C00FB01F048F2AB
:101F3000CC21C0F601018A5CB0FBF2F0019AA2F854
:101F40006A009DF803009DF801209B5C00FB03F0F4
:101F5000895CB0FBF1F00199A1F86800FFE702B0DD
:101F60007047000081B00090009890F828000007AA
:101F700000280BD5FFE700980068406820F4004077
:101F8000009A1168926B10434860FFE7009890F840
:101F90002800C00758B1FFE700980068406820F4A7
:101FA0000030009A1168D26A10434860FFE7009839
:101FB00090F82800800700280BD5FFE700980068FC
:101FC000406820F48030009A1168126B104348601A
:101FD000FFE7009890F82800400700280BD5FFE79E
:101FE00000980068406820F48020009A1168526BC5
:101FF00010434860FFE7009890F82800C0060028CA
:102000000BD5FFE700980068806820F48050009AA4
:102010001168D26B10438860FFE7009890F82800A1
:10202000800600280BD5FFE700980068806820F440
:102030000050009A1168126C10438860FFE7009806
:1020400090F82800400600281CD5FFE7009800689B
:10205000406820F48010009A1168526C1043486068
:102060000098406CB0F5801F0BD1FFE70098006826
:10207000406820F4C000009A1168926C10434860D8
:10208000FFE7FFE7009890F82800000600280BD52E
:10209000FFE700980068406820F40020009A11686B
:1020A000D26C10434860FFE701B0704780B588B03C
:1020B000069006990020C1F89000F4F7E7FC05901F
:1020C000069800680068000700282FD5FFE70698EB
:1020D000059B6A466FF07E4111604FF400110022AB
:1020E00001F0D8F808B3FFE7FFE7FFE706980068BC
:1020F00050E8000F20F080000490FFE70499069854
:10210000026842E800100028F0D1FFE7FFE70699D7
:102110002020C1F88800FFE70699002081F884009C
:10212000FFE703208DF81F005FE0FFE706980068D7
:1021300000684007002842D5FFE70698059B6A46DD
:102140006FF07E4111604FF48001002201F0A2F88F
:10215000A0B3FFE7FFE7FFE70698006850E8000F2D
:1021600020F490700390FFE703990698026842E814
:1021700000100028F0D1FFE7FFE7FFE7FFE7069830
:10218000006850E8020F20F001000290FFE702997A
:102190000698026842E802100028F0D1FFE7FFE746
:1021A00006992020C1F88C00FFE70699002081F8ED
:1021B0008400FFE703208DF81F0016E0FFE7069973
:1021C0002020C1F888000699C1F88C0006990020EB
:1021D000C86606990867FFE70699002081F8840021
:1021E000FFE700208DF81F00FFE79DF81F0008B0F3
:1021F00080BD000080B582B001900198C06D009054
:1022000000990020A1F85E000098FCF77BFB02B06B
:1022100080BD000084B00390FFE7FFE703980068EB
:1022200050E8000F20F490700290FFE702990398A5
:10223000026842E800100028F0D1FFE7FFE7FFE75F
:10224000FFE70398006850E8020F4FF6FE71CEF6E4
:10225000FF7108400190FFE701990398026842E886
:1022600002100028EDD1FFE7FFE70398C06E0128B8
:1022700014D1FFE7FFE7FFE70398006850E8000F7D
:1022800020F010000090FFE700990398026842E8F0
:1022900000100028F0D1FFE7FFE7FFE703992020B7
:1022A000C1F88C0003990020C8660399486704B000
:1022B0007047000080B582B00190FFE7FFE701980A
:1022C000006850E8000F20F040000090FFE7009900
:1022D0000198026842E800100028F0D1FFE7FFE70C
:1022E00001992020C1F88800019900208867019891
:1022F000FDF71EF802B080BD80B588B00790079842
:10230000B0F86000ADF816000798D0F88C002228CD
:1023100040F0B480FFE707980068406AADF8140009
:102320000798806D0690BDF81400BDF8161008409F
:10233000069908800799886D023088650799B1F879
:102340005E000138A1F85E000798B0F85E00002832
:1023500040F09380FFE7FFE7FFE70798006850E849
:10236000000F20F490700490FFE70499079802682A
:1023700042E800100028F0D1FFE7FFE7FFE7FFE7A2
:102380000798006850E8020F20F001000390FFE773
:1023900003990798026842E802100028F0D1FFE78D
:1023A000FFE707992020C1F88C00079900204867B3
:1023B000079908670798006842F20041C4F200419B
:1023C000884225D0FFE70798006842F20041C5F235
:1023D000004188421CD0FFE707980068406800026F
:1023E000002814D5FFE7FFE7FFE70798006850E8EB
:1023F000000F20F080600290FFE7029907980268C2
:1024000042E800100028F0D1FFE7FFE7FFE7FFE711
:102410000798C06E01282BD1FFE707990020C866F6
:10242000FFE7FFE70798006850E8000F20F0100072
:102430000190FFE701990798026842E80010002820
:10244000F0D1FFE7FFE707980068C06900F01001CE
:102450000120B0EB111F05D1FFE70798016810209C
:102460000862FFE70798B0F85C10FCF7ADF903E0ED
:102470000798FCF78FFEFFE7FFE706E00798016883
:10248000886940F008008861FFE708B080BD00005F
:1024900080B58EB00D900D98B0F86000ADF82E00AC
:1024A0000D980068C06909900D9800680068089050
:1024B0000D980068806807900D98D0F88C0022284D
:1024C00040F06A81FFE70D98B0F86800ADF82A0087
:1024D000FFE7BDF82A100020009031B1FFE79DF81A
:1024E0002400C0F340100090FFE70098C0070028C8
:1024F00000F01381FFE70D980068406AADF82C00EA
:102500000D98806D0C90BDF82C00BDF82E10084081
:102510000C9908800D99886D023088650D99B1F885
:102520005E000138A1F85E000D980068C06909904E
:102530009DF824004007002852D0FFE79DF82400B2
:10254000C00788B1FFE79DF82100C00760B1FFE731
:102550000D980168012008620D99D1F8900040F0B3
:102560000100C1F89000FFE79DF8240080070028D3
:1025700011D5FFE79DF81C00C00760B1FFE70D987B
:102580000168022008620D99D1F8900040F0040023
:10259000C1F89000FFE79DF824004007002811D5FE
:1025A000FFE79DF81C00C00760B1FFE70D980168C8
:1025B000042008620D99D1F8900040F00200C1F8A3
:1025C0009000FFE70D98D0F8900040B1FFE70D981C
:1025D000FCF798F90D990020C1F89000FFE7FFE79C
:1025E0000D98B0F85E00002840F09680FFE7FFE706
:1025F000FFE70D98006850E8000F20F48070069007
:10260000FFE706990D98026842E800100028F0D113
:10261000FFE7FFE7FFE7FFE70D98006850E8020FCC
:102620004FF6FE71CEF6FF7108400590FFE7059961
:102630000D98026842E802100028EDD1FFE7FFE79D
:102640000D992020C1F88C000D99002048670D9944
:1026500008670D98006842F20041C4F200418842C8
:1026600025D0FFE70D98006842F20041C5F2004115
:1026700088421CD0FFE70D980068406800020028DF
:1026800014D5FFE7FFE7FFE70D98006850E8000F5B
:1026900020F080600490FFE704990D98026842E8FA
:1026A00000100028F0D1FFE7FFE7FFE7FFE70D98F4
:1026B000C06E01282BD1FFE70D990020C866FFE707
:1026C000FFE70D98006850E8000F20F0100003901D
:1026D000FFE703990D98026842E800100028F0D146
:1026E000FFE7FFE70D980068C06900F010010120C6
:1026F000B0EB111F05D1FFE70D98016810200862AB
:10270000FFE70D98B0F85C10FCF75EF803E00D9859
:10271000FCF740FDFFE700E0DBE60D98B0F85E0057
:10272000ADF82800BDF82800A8B3FFE7BDF82800E1
:102730000D99B1F8681088422DDAFFE7FFE7FFE74F
:102740000D98006850E8020F20F080500290FFE7DB
:1027500002990D98026842E802100028F0D1FFE7C4
:10276000FFE70D9942F2F920C0F601004867FFE744
:10277000FFE70D98006850E8000F40F0200001903E
:10278000FFE701990D98026842E800100028F0D197
:10279000FFE7FFE7FFE706E00D980168886940F072
:1027A00008008861FFE70EB080BD000080B586B0EC
:1027B00005900598B0F86000ADF812000598D0F8C3
:1027C0008C00222840F0B280FFE705980068406A3C
:1027D000ADF81000BDF810009DF8121008400599E2
:1027E000896D08700599886D013088650599B1F883
:1027F0005E000138A1F85E000598B0F85E00002880
:1028000040F09380FFE7FFE7FFE70598006850E896
:10281000000F20F490700390FFE703990598026879
:1028200042E800100028F0D1FFE7FFE7FFE7FFE7ED
:102830000598006850E8020F20F001000290FFE7C1
:1028400002990598026842E802100028F0D1FFE7DB
:10285000FFE705992020C1F88C0005990020486702
:10286000059908670598006842F20041C4F20041EA
:10287000884225D0FFE70598006842F20041C5F282
:10288000004188421CD0FFE70598006840680002BC
:10289000002814D5FFE7FFE7FFE70598006850E838
:1028A000000F20F080600190FFE701990598026811
:1028B00042E800100028F0D1FFE7FFE7FFE7FFE75D
:1028C0000598C06E01282BD1FFE705990020C86646
:1028D000FFE7FFE70598006850E8000F20F01000C0
:1028E0000090FFE700990598026842E80010002870
:1028F000F0D1FFE7FFE705980068C06900F010011C
:102900000120B0EB111F05D1FFE7059801681020E9
:102910000862FFE70598B0F85C10FBF755FF03E08D
:102920000598FCF737FCFFE7FFE706E0059801682C
:10293000886940F008008861FFE706B080BD0000AC
:1029400080B58EB00D900D98B0F86000ADF83200F3
:102950000D980068C0690A900D9800680068099099
:102960000D980068806808900D98D0F88C00222897
:1029700040F06881FFE70D98B0F86800ADF82E00D0
:10298000FFE7BDF82E100020019031B1FFE79DF860
:102990002800C0F340100190FFE70198C00700280D
:1029A00000F01181FFE70D980068406AADF8300033
:1029B000BDF830009DF8321008400D99896D0870FF
:1029C0000D99886D013088650D99B1F85E00013868
:1029D000A1F85E000D980068C0690A909DF8280073
:1029E0004007002852D0FFE79DF82800C00788B1B3
:1029F000FFE79DF82500C00760B1FFE70D9801686B
:102A0000012008620D99D1F8900040F00100C1F852
:102A10009000FFE79DF828008007002811D5FFE708
:102A20009DF82000C00760B1FFE70D980168022003
:102A300008620D99D1F8900040F00400C1F89000B0
:102A4000FFE79DF828004007002811D5FFE79DF813
:102A50002000C00760B1FFE70D98016804200862FC
:102A60000D99D1F8900040F00200C1F89000FFE706
:102A70000D98D0F8900040B1FFE70D98FBF742FFAA
:102A80000D990020C1F89000FFE7FFE70D98B0F81E
:102A90005E00002840F09680FFE7FFE7FFE70D9813
:102AA000006850E8000F20F480700790FFE7079956
:102AB0000D98026842E800100028F0D1FFE7FFE718
:102AC000FFE7FFE70D98006850E8020F4FF6FE7130
:102AD000CEF6FF7108400690FFE706990D98026850
:102AE00042E802100028EDD1FFE7FFE70D99202012
:102AF000C1F88C000D99002048670D9908670D9862
:102B0000006842F20041C4F20041884225D0FFE74C
:102B10000D98006842F20041C5F2004188421CD085
:102B2000FFE70D98006840680002002814D5FFE711
:102B3000FFE7FFE70D98006850E8000F20F0806085
:102B40000590FFE705990D98026842E800100028FB
:102B5000F0D1FFE7FFE7FFE7FFE70D98C06E012820
:102B60002BD1FFE70D990020C866FFE7FFE70D981E
:102B7000006850E8000F20F010000490FFE704996F
:102B80000D98026842E800100028F0D1FFE7FFE747
:102B90000D980068C06900F010010120B0EB111F12
:102BA00005D1FFE70D98016810200862FFE70D9836
:102BB000B0F85C10FBF708FE03E00D98FCF7EAFAAA
:102BC000FFE700E0DDE60D98B0F85E00ADF82C0000
:102BD000BDF82C00A8B3FFE7BDF82C000D99B1F8A3
:102BE000681088422DDAFFE7FFE7FFE70D980068DD
:102BF00050E8020F20F080500390FFE703990D98F2
:102C0000026842E802100028F0D1FFE7FFE70D99C3
:102C100042F2AD70C0F601004867FFE7FFE70D988C
:102C2000006850E8000F40F020000290FFE7029992
:102C30000D98026842E800100028F0D1FFE7FFE796
:102C4000FFE706E00D980168886940F00800886198
:102C5000FFE70EB080BD000080B58AB0099000206B
:102C60008DF813000998006842F20041C4F2004157
:102C7000884209D0FFE70998006842F20041C5F296
:102C80000041884201D1FFE700E0FFE70999886829
:102C90000B694A69C96918431043084308900998A9
:102CA0000068006846F6F311CCF6FF7108400899F9
:102CB000084309990968086009980068406820F489
:102CC0004050099A1168D268104348600998806999
:102CD00008900998006842F20041C4F2004188421D
:102CE0000FD0FFE70998006842F20041C5F20041A9
:102CF000884206D0FFE70998016A089808430890BF
:102D0000FFE70998006880684FF2FF41C1F2FF11A8
:102D1000084008990843099909688860099800687B
:102D2000C06A20F00F00099A1168526A1043C86205
:102D3000FFE70998006843F60001C4F201018842E8
:102D400003D1FFE701200690A3E00998006844F250
:102D50000041C4F20001884203D1FFE7022006903F
:102D600096E00998006844F60001C4F20001884228
:102D700003D1FFE70420069089E00998006844F633
:102D80000041C4F20001884203D1FFE70820069009
:102D90007CE00998006845F20001C4F20001884215
:102DA00003D1FFE7102006906FE00998006846F213
:102DB0000041C4F20001884203D1FFE720200690C1
:102DC00062E00998006847F60001C4F200018842F9
:102DD00003D1FFE74020069055E00998006847F6C8
:102DE0000041C4F20001884203D1FFE78020069031
:102DF00048E00998006848F20001C4F200018842E6
:102E000004D1FFE74FF4807006903AE0099800681B
:102E100046F60001C4F20001884204D1FFE74FF4F6
:102E2000007006902CE00998006846F60041C4F254
:102E30000001884204D1FFE74FF4806006901EE055
:102E40000998006848F20041C4F20001884204D1A8
:102E5000FFE74FF40060069010E00998006842F226
:102E60000041C4F20041884204D1FFE74FF4805092
:102E7000069002E000200690FFE7FFE7FFE7FFE78C
:102E8000FFE7FFE7FFE7FFE7FFE7FFE7FFE7FFE712
:102E9000FFE7FFE70998006842F20041C4F20041F1
:102EA000884209D0FFE70998006842F20041C5F264
:102EB000004188425CD1FFE706980021F4F732FC1C
:102EC00002900298002852D0FFE7029809994A6AB6
:102ED00048F2DC21C0F6010131F81210B0FBF1F02C
:102EE000039003980999496801EB4101884207D38F
:102EF000FFE7039809994968B0EB013F04D9FFE760
:102F000001208DF8130031E0029809994A68009277
:102F10004A6A48F2DC21C0F6010131F81220002390
:102F200001931946EDF7B0F9009A019B090241EAB5
:102F30001061000210EB520041F10001EDF7A4F91D
:102F400005900598B0F5407F0BD3FFE70599002069
:102F5000B0EB115F05D1FFE7059809990968C860D2
:102F600003E001208DF81300FFE7FFE7FFE76FE0C4
:102F70000998C069B0F5004F3CD1FFE706980021E1
:102F8000F4F7D0FB0290029898B3FFE70298099AF1
:102F90005168536A48F2DC22C0F6010232F813206D
:102FA000B0FBF2F0400000EB5100B0FBF1F00590F7
:102FB0000598102818D3FFE7BDF81600A0B9FFE761
:102FC000059820F00F00ADF81E00059800F00E01E6
:102FD000BDF81E0040EA5100ADF81E00BDF81E000D
:102FE00009990968C86003E001208DF81300FFE724
:102FF000FFE72CE006980021F4F794FB029002987A
:1030000020B3FFE70298099A5168536A48F2DC221C
:10301000C0F6010232F81320B0FBF2F000EB5100D1
:10302000B0FBF1F00590059810280AD3FFE7BDF832
:10303000160030B9FFE7BDF8140009990968C860A7
:1030400003E001208DF81300FFE7FFE7FFE7FFE74C
:1030500009990120A1F86A000999A1F86800099965
:1030600000204867099988679DF813000AB080BD61
:1030700088B007900691ADF81620069807998865E4
:10308000BDF816000799A1F85C00BDF81600079975
:10309000A1F85E00079900204867FFE7079880685D
:1030A000B0F5805F10D1FFE70798006930B9FFE7FE
:1030B000079940F2FF10A1F8600004E00799FF2093
:1030C000A1F86000FFE72EE00798806878B9FFE775
:1030D0000798006928B9FFE70799FF20A1F8600069
:1030E00004E007997F20A1F86000FFE71AE0079845
:1030F0008068B0F1805F0FD1FFE70798006928B9B9
:10310000FFE707997F20A1F8600004E007993F20BE
:10311000A1F86000FFE704E007990020A1F8600033
:10312000FFE7FFE7FFE7FFE707990020C1F89000FE
:1031300007992220C1F88C00FFE7FFE70798006895
:1031400050E8020F40F001000490FFE7049907984F
:10315000026842E802100028F0D1FFE7FFE7079875
:10316000406EB0F1005F4CD1FFE7BDF81600079943
:10317000B1F86810884244DBFFE707988068B0F533
:10318000805F0BD1FFE70798006938B9FFE707991F
:1031900042F29140C0F60100486706E0079942F606
:1031A0004110C0F601004867FFE707980069A0B129
:1031B000FFE7FFE7FFE70798006850E8000F40F4DB
:1031C00080700390FFE703990798026842E80010B7
:1031D0000028F0D1FFE7FFE7FFE7FFE7FFE70798E9
:1031E000006850E8020F40F080500290FFE702991B
:1031F0000798026842E802100028F0D1FFE7FFE7D5
:1032000044E007988068B0F5805F0BD1FFE707982E
:10321000006938B9FFE7079942F2F920C0F60100CA
:10322000486706E0079942F2AD70C0F601004867B2
:10323000FFE707980069A0B1FFE7FFE7FFE70798FE
:10324000006850E8000F40F490700190FFE701998A
:103250000798026842E800100028F0D1FFE7FFE776
:1032600013E0FFE7FFE70798006850E8000F40F021
:1032700020000090FFE700990798026842E80010DC
:103280000028F0D1FFE7FFE7FFE7FFE7002008B0E5
:103290007047000080B586B0DDF820C0049003912F
:1032A0008DF80B200193FFE704980068C06903992B
:1032B0000840401AB0FA80F040099DF80B1088428F
:1032C00066D1FFE708980130002860D0FFE7F3F7E8
:1032D000DDFB0199401A0899884203D8FFE7089856
:1032E00020B9FFE703208DF8170055E00498006827
:1032F00000684007002849D5FFE70398802845D09B
:10330000FFE70398402841D0FFE704980068C069B0
:1033100000F008010120B0EBD10F16D1FFE70498AF
:1033200001680820009008620498FEF773FF009877
:103330000499C1F89000FFE70499002081F8840007
:10334000FFE701208DF8170026E004980068C069A7
:1033500000F400610120B0EBD12F16D1FFE70498F3
:1033600001684FF4006008620498FEF753FF049967
:103370002020C1F89000FFE70499002081F8840024
:10338000FFE703208DF8170006E0FFE7FFE78BE774
:1033900000208DF81700FFE79DF8170006B080BDEC
:1033A00080B540F60030C2F20000FBF7AFFA80BDF6
:1033B00084B08DED030A029001919DED030A0298FD
:1033C00090ED001A30EE410A8DED000A9DED001AD5
:1033D000029890ED002A9FED160A21EE001A31EEB8
:1033E000021A80ED001A019890ED001A9DED002A56
:1033F00022EE000A20EE020A30EE010A9FED0D1ABD
:1034000020EE010A80ED000A019890ED000A9FED80
:103410000A1AB4EE410AF1EE10FA07DAFFE7019951
:1034200041F26F20C3F683200860FFE704B07047C5
:10343000CDCC4C3D3333733F6F12833AFFE7FEE749
:1034400040F2EC20C2F20000026840F20841C2F2F1
:1034500000010A60C2684A6042688A600069002808
:1034600018BF01200873704740F20850C2F20000F4
:10347000007C40F21841C2F2000108707047000061
:1034800080B584B040F29440C2F20000EEF7E2FB57
:10349000CDED031A8DED021ACDED010A8DED000A76
:1034A00040F27830C2F20000C26840F23001C2F24D
:1034B00000010A6002694A6042698A600268CA6063
:1034C00042680A618068486140F2E850C2F2000038
:1034D00002688A614268CA6180680862009848622E
:1034E000019888620298C8620398086304B080BD9E
:1034F00080B584B040F23850C2F20000008840F23B
:103500001C41C2F200010391088000F0B3FB039953
:10351000887041F24410C2F20000C07850B1FFE759
:1035200000F084FB00F078F840F21C41C2F2000188
:10353000C870FFE700F01CFB00F096F840F21C4159
:10354000C2F200010291087140F23850C2F200004C
:103550000190D0F805208A60D0F80920CA60D0F820
:103560000D200A61D0F811204A61D0F815208A6137
:10357000D0F81920CA61D0F81D200A62D0F82120A5
:103580004A62D0F82500886240F26850C2F200001A
:103590000088888500F080FB029981F82E0041F2B6
:1035A0004410C2F20000007958B1FFE700F050FB70
:1035B00000F032F840F21C41C2F2000181F82F0005
:1035C000FFE700F023FB00F04FF840F21C41C2F28D
:1035D000000181F8300040F26850C2F20000D0F8DB
:1035E00005204A63D0F809208A63D0F80D20CA6309
:1035F000D0F811200A64D0F815204A64D0F81920B8
:103600008A64D0F81D20CA64D0F821200A65D0F859
:103610002500486504B080BD82B08DF806009DF895
:10362000060001460091052815D80099DFE801F051
:10363000031307130B0F02208DF807000FE0032080
:103640008DF807000BE004208DF8070007E001204B
:103650008DF8070003E000208DF80700FFE79DF8D4
:10366000070002B07047000082B0ADF80400BDF85A
:1036700004000146009119280CD0FFE70098322879
:103680000CD0FFE700984B280CD0FFE70098642887
:103690000CD00FE001208DF807000FE002208DF81C
:1036A00007000BE003208DF8070007E004208DF8E9
:1036B000070003E000208DF80700FFE79DF80700F2
:1036C00002B07047FFE7FEE781B0ADF80200BDF938
:1036D000020000280ED4FFE7BDF9021001F01F021E
:1036E000012090404A094EF20011CEF2000141F84B
:1036F0002200FFE701B070474EF60C50CEF20000FA
:103700000068C0F30220704782B0ADF80600009157
:10371000BDF9060000280AD4FFE700980001BDF9B2
:1037200006104EF20042CEF2000288540BE00098E0
:103730000001BDF8061001F00F014EF61452CEF252
:1037400000028854FFE702B07047000083B0029087
:10375000029800F0070000904EF60C51CEF20001E6
:103760000868019001984FF6FF02104001900198FF
:10377000009A40EA02200022C0F2FA52104301905F
:103780000198086003B07047BFF34F8F4EF60C519D
:10379000CEF20001086800F4E0600422C0F2FA52A0
:1037A00010430860BFF34F8FFFE700BFFDE7000045
:1037B00080B584B08DF80B008DF80A1001929DF849
:1037C0000B0048B1FFE79DF80B00012804D0FFE78C
:1037D0006FF00100039037E09DF80B00012100F02D
:1037E0002BFB9DF80B009DF80A1000F031F848B152
:1037F000FFE79DF80B00002100F01EFB4FF0FF30AB
:10380000039021E0F3F742F90090FFE79DF80B00E9
:1038100000F0BEF9012814D1FFE7F3F737F900995A
:10382000401A0199884204D3FFE70198013018B982
:10383000FFE7019820B9FFE76FF00200039003E073
:10384000E4E700200390FFE7039804B080BD000088
:1038500080B582B08DF803008DF802109DF803004A
:1038600028B9FFE74FF44470ADF800000EE09DF872
:103870000300012805D1FFE740F21130ADF8000048
:1038800003E06FF0010001900CE0FFE7BDF80000DD
:103890009DF8022040F2D051C2F20001EDF79EF9EE
:1038A0000190FFE7019802B080BD000080B58AB0AA
:1038B0000020089007900690F0F70CF958B1FFE748
:1038C00041F2E801C2F20001086B013008634FF0D9
:1038D000FF30099077E001200090F3F7FFF9022014
:1038E0000190F3F7FBF908200290F3F7F7F9202095
:1038F0000390F3F7F3F90098019940F64003C4F2FE
:1039000002431A6842F0FF021A6040F60003C4F254
:1039100002431A6842F080021A6000220592079260
:103920000891069006A80490F3F7E8F90199049825
:103930000691F3F7E3F9029904980691F3F7DEF99B
:10394000039904980691F3F7D9F90598EFF77CFEEF
:1039500040B1FFE741F2E801C2F20001086B01301B
:103960000863FFE70020EFF761FE40B1FFE741F297
:10397000E801C2F20001086B01300863FFE7002094
:10398000EFF746FE40B1FFE741F2E801C2F2000165
:10399000086B01300863FFE740F64001C4F20241C2
:1039A000086840F0FF00086072B6F3F731FA62B6BB
:1039B00041F2E801C2F20001486B013048634FF068
:1039C000FF300990FFE709980AB080BD80B502F08A
:1039D0008BFE08B9FFE734E040F20560C2F2000058
:1039E000007840F20661C2F200010978884228D0CE
:1039F000FFE740F20560C2F20000017840F2F650A5
:103A0000C2F20000415C002002F084FE40B1FFE7FA
:103A100041F2E801C2F20001886B0130886310E0D6
:103A200040F20561C2F200010878013041F2121241
:103A3000C1F21112A0FB0232C2EB0212801A08700E
:103A4000FFE780BD83B00190019800900F284AD80D
:103A50000099DFE801F0080C1014181C2024282C11
:103A60003034383C404400208DF80B003FE001200A
:103A70008DF80B003BE002208DF80B0037E00320AF
:103A80008DF80B0033E004208DF80B002FE00520AB
:103A90008DF80B002BE006208DF80B0027E00720A7
:103AA0008DF80B0023E008208DF80B001FE00C20A0
:103AB0008DF80B001BE010208DF80B0017E0142090
:103AC0008DF80B0013E018208DF80B000FE020207C
:103AD0008DF80B000BE030208DF80B0007E0402044
:103AE0008DF80B0003E000208DF80B00FFE79DF838
:103AF0000B0003B07047000080B582B000900098C2
:103B000020B9FFE76FF00100019014E041F244108A
:103B1000C2F20000407918B9FFE7052001900AE0E1
:103B2000009840F66041C2F200013022ECF7DDFB64
:103B300000200190FFE7019802B080BD80B582B0FF
:103B40000090009820B9FFE76FF0010001900BE0B2
:103B5000009840F66041C2F2000130313022ECF7AB
:103B6000C4FB00200190FFE7019802B080BD000077
:103B700080B58CB040F66040C2F2000000F1300128
:103B800068463022ECF7B1FBBDF803000CB080BDF5
:103B900082B08DF803009DF8030040B9FFE740F6BE
:103BA0006040C2F2000090F8A200019011E09DF880
:103BB0000300012808D1FFE740F66040C2F2000090
:103BC00090F8A300019004E0FFE76FF0010001907E
:103BD000FFE7019802B0704780B582B0009000986E
:103BE00020B9FFE76FF0010001900BE0009840F66C
:103BF0006041C2F2000160313022ECF776FB002018
:103C00000190FFE7019802B080BD000080B58CB044
:103C100040F66040C2F2000000F1600168463022C8
:103C2000ECF763FBBDF803000CB080BD80B58CB031
:103C300040F66040C2F2000000F1300168463022D8
:103C4000ECF753FB9DF8020000F00F000CB080BDB4
:103C500080B58CB040F66040C2F2000000F1600117
:103C600068463022ECF741FB9DF8020000F00F009F
:103C70000CB080BD80B58CB040F66040C2F2000050
:103C800000F1300168463022ECF72FFB9DF802006E
:103C900000090CB080BD000080B58CB040F66040DB
:103CA000C2F2000000F1600168463022ECF71DFB13
:103CB0009DF8020000090CB080BD000080B582B004
:103CC00040F2FC00C2F20000006820B9FFE74FF0AC
:103CD000FF30019007E040F2FC00C2F200000168F2
:103CE00088470190FFE7019802B080BD80B582B09F
:103CF00040F2FC00C2F20000406820B9FFE74FF03C
:103D0000FF30019007E040F2FC00C2F20000416881
:103D100088470190FFE7019802B080BD83B08DF81D
:103D200007009DF8070001460091402800F25480EA
:103D30000099DFE801F02124272A2D30333639514C
:103D400051513C5151513F515151425151514551A5
:103D5000515151515151485151515151515151515C
:103D60005151515151514B51515151515151515149
:103D70005151515151514E000020029030E001202C
:103D800002902DE0022002902AE00320029027E01A
:103D90000420029024E00520029021E006200290F9
:103DA0001EE0072002901BE00820029018E0092086
:103DB000029015E00A20029012E00B2002900FE022
:103DC0000C2002900CE00D20029009E00E200290E1
:103DD00006E00F20029003E04FF0FF300290FFE773
:103DE000029803B07047000080B5FCF705FD80BD68
:103DF00080B584B0ADF80A0001918DF8032040F23F
:103E0000FC00C2F20000C06820B9FFE74FF0FF30AD
:103E100003900DE040F2FC00C2F20000D0F80CC0AC
:103E2000BDF80A10019A9DF80330E0470390FFE7C0
:103E3000039804B080BD000081B08DF803008DF8B8
:103E400002109DF8030048B9FFE79DF8020040F614
:103E50006041C2F2000181F8A200FFE79DF8030073
:103E6000012809D1FFE79DF8020040F66041C2F247
:103E7000000181F8A300FFE701B0704782B0019014
:103E80000091FFE743F61C00C4F201000068000641
:103E9000002801D4FFE7F5E79DF8040043F6280168
:103EA000C4F201010860019802B0704780B582B089
:103EB00040F65050C2F200000068019048F2A34062
:103EC000C0F6010002F07EFCFFE70198A0B1FFE719
:103ED0000198006860B1FFE70198011D90F820206B
:103EE000836A48F23750C0F6010002F06BFCFFE72E
:103EF0000198406A0190E8E702B080BD80B582B0C9
:103F000000200190F2F700FEFDF71AFDFCF746FCD9
:103F1000FCF712F9FCF7F4F8FCF7A4FAFCF77AF8CE
:103F2000FCF768FAFCF71CFAFCF78EF8FCF70AFBC2
:103F3000FCF736FBFCF77CFBFCF724FAFBF7CCFF25
:103F4000FCF7B4F8FCF7C6FAFCF714F8FDF79AFB97
:103F500040B1FFE741F2E801C2F200010868013018
:103F6000086002E0FFF7AEFBFFE7FFE7FEE70000B7
:103F700080B586B0049004980090032824D8009956
:103F8000DFE801F0020A121A0520039048F25F50A0
:103F9000C0F60100029021E00020039048F2575043
:103FA000C0F60100029019E00220039048F2505040
:103FB000C0F60100029011E00420039048F248503E
:103FC000C0F60100029009E048F2CC40C0F60100C2
:103FD00002F0F8FB4FF0FF3005901AE003986421DF
:103FE000ECF794FD0190019840B9FFE7029948F27F
:103FF0002150C0F6010002F0E5FB07E0019948F20C
:10400000E440C0F6010002F0DDFBFFE701980590F7
:10401000FFE7059806B080BD80B582B0009000999A
:1040200041F25810C2F2000000F0B8FD20B9FFE7DD
:1040300000208DF8070003E0FF208DF80700FFE760
:104040009DF9070002B080BD80B582B08DF80700F1
:1040500040F60030C2F200000DF1070101224FF4DA
:104060007A73FBF7BBF802B080BD000080B582B068
:104070000090009820B9FFE76FF00100019019E06F
:10408000009801210022F1F73BFB20B1FFE76FF020
:10409000050001900EE000984FF400210022F1F796
:1040A0002FFB20B1FFE76FF00500019002E0002038
:1040B0000190FFE7019802B080BD0000B0B58EB05E
:1040C0000C900C980B900B9820B9FFE76FF0010053
:1040D0000D9044E10B98406B0A900B98806B09900F
:1040E000FFE70B98C06A4021F1F784FD002800F03B
:1040F0003381FFE70A984021ECF710F90B98D0F8CC
:104100001CC00A9A02F1440102F14003E04720B1C9
:10411000FFE76FF005000D9021E10A98406C0790D1
:10412000002845D0FFE70798012800F09180FFE7BD
:104130000798022800F0DE80FFE70798032800F0C8
:10414000F180FFE7079840F20331884240F0028196
:10415000FFE709983021ECF7E1F8099905910A9CED
:10416000069420686268A368D4F80CC0D4F810E004
:1041700065694D61C1F810E0C1F80CC08B604A6000
:104180000860A069E269236AD4F824C0D4F828E062
:10419000E46ACC62C1F828E0C1F824C00B62CA61AD
:1041A000886141F24411C2F2000101204871D2E05D
:1041B0000A98B0F84000302849D1FFE7F2F766FCD2
:1041C00008900998D0F8900040B1FFE70898099945
:1041D000D1F89020801AC1F8980004E009990020D5
:1041E000C1F89800FFE708980999C1F8900009986C
:1041F00030303021ECF792F8099903910A9C04942D
:1042000020686268A368D4F80CC0D4F810E065692F
:104210004D64C1F840E0C1F83CC08B634A63086359
:10422000A069E269236AD4F824C0D4F828E0E46ADB
:10423000CC65C1F858E0C1F854C00B65CA64886405
:1042400041F24411C2F200010120C870FFE782E090
:104250000A98B0F8400030284BD1FFE7F2F716FC7F
:1042600008900998D0F8940040B1FFE708980999A0
:10427000D1F89420801AC1F89C0004E0099900202C
:10428000C1F89C00FFE708980999C1F894000998C3
:1042900060303021ECF742F8099901910A9C0294B0
:1042A00020686268A368D4F80CC0D4F810E065698F
:1042B0004D67C1F870E0C1F86CC08B664A6608664D
:1042C000A069E269236AD4F824C0D4F828E0E46A3B
:1042D000C1F88C40C1F888E0C1F884C0C1F88030D2
:1042E000CA67886741F24411C2F2000101200871D7
:1042F000FFE730E00A98B0F8400050B1FFE70A98B5
:104300000078099981F8A0000999002081F8A2009D
:1043100007E00999002081F8A000099981F8A2001E
:10432000FFE718E00A98B0F8400050B1FFE70A989C
:104330000078099981F8A1000999002081F8A3006B
:1043400007E00999002081F8A100099981F8A300EC
:10435000FFE700E0FFE7C4E600200D90FFE70D98BF
:104360000EB0B0BD80B582B00090009820B9FFE7D4
:104370006FF00100019018E0009801221146F1F75A
:10438000A3FB20B1FFE76FF0050001900DE000985E
:1043900040210222F1F798FB20B1FFE76FF0050002
:1043A000019002E000200190FFE7019802B080BD7B
:1043B00080B58AB008900898079000200690059074
:1043C0000490039002900190079820B9FFE76FF0E6
:1043D0000100099076E00798406B4821EBF79EFFBB
:1043E0000798806BA421EBF799FF002001900290C1
:1043F000022003900120049040F20330059040F623
:10440000FF7006900798C06A01A9F1F7CDFA20B1B4
:10441000FFE76FF00500099054E0012002900020B2
:1044200005904FF4706006900798C06A01A9F1F7F3
:10443000BBFA20B1FFE76FF00500099042E00220CF
:1044400002904FF4806005904FF4706006900798DA
:10445000C06A01A9F1F7A8FA20B1FFE76FF00500E3
:1044600009902FE00798C06A694601230B60022279
:104470001146F1F7F5FA20B1FFE76FF0050009905A
:1044800020E00798C06AFFF76DFF20B1FFE76FF0EB
:104490000500099016E00798C06AF2F763F820B1AA
:1044A000FFE76FF0050009900CE00798C06AFFF77E
:1044B000DDFD20B1FFE76FF00500099002E000206C
:1044C0000990FFE709980AB080BD000080B592B05E
:1044D00010900F910E920D9303A82821EBF71EFF69
:1044E000109802900E980190029848B1FFE70F983B
:1044F00030B1FFE70E9818B1FFE70D9820B9FFE73C
:104500006FF0010011901CE0019840210091EBF741
:1045100005FF00990298C06A019B03AAF1F784FB8A
:1045200020B1FFE76FF0050011900AE00698FFF751
:1045300089FA0D99088003980F990860002011905E
:10454000FFE7119812B080BD80B592B010900F9126
:104550000E92ADF8363004A82421EBF7DFFE109858
:1045600003900E980290039890B1FFE70E9820B93F
:10457000FFE7BDF8360058B9FFE70F990020B0EB10
:10458000D12F05D1FFE7BDF83600412804D3FFE75E
:104590006FF0010011902BE09DF83600FFF7BEFB95
:1045A00001900198013020B9FFE76FF001001190F0
:1045B0001EE00F9804900020059006900199079145
:1045C00008904FF4801109914FF400110A910B905B
:1045D0000C900398C06A029A04A9F1F797F920B1E8
:1045E000FFE76FF00500119002E000201190FFE757
:1045F000119812B080BD000080B584B0039003987C
:1046000002900298406B01900198426A6946904777
:104610009DF8000004B080BD80B586B00490039181
:10462000049802900298C06A0190019818B1FFE7BF
:10463000039820B9FFE76FF00100059009E00198A9
:104640000299098EF2F7F4F90399086000200590A9
:10465000FFE7059806B080BD80B5ADF6680D8446CD
:10466000DDF87008CDF864C8CDF86018ADF85E28A4
:10467000CDF85838ADF856080DF1160003904FF4F8
:104680000461EBF74BFEFF208DF81600DDF864188F
:104690004868098900220492F2F7E2F9DDF864081B
:1046A0000068DDF86018BDF85E2864230293F8F70F
:1046B00027FDDDF808C00399DDF864080068DDF81F
:1046C0005828BDF85638EE46CEF800C0F8F778FF07
:1046D000DDF86418486809890122F2F7C1F90498E5
:1046E0000DF6680D80BD000080B58CB00A908DF885
:1046F00027100892ADF81E30002006900590FF208C
:1047000004900A98006820B1FFE70A98406820B931
:10471000FFE76FF004000B9031E09DF8270040F0B8
:1047200080008DF827000A994868098900220392C1
:10473000F2F796F901200290FCF754FF029A0A98CA
:1047400000680DF1270164230193F8F7D9FC019962
:104750000A980068089ABDF81E30EC46CCF80010A4
:1047600004A9F8F72DFF0298FCF73CFF029A0A997A
:1047700048680989F2F774F903980B90FFE70B98E2
:104780000CB080BD80B592B011908DF843100F929F
:10479000ADF83A30002204928DF830200B920A9244
:1047A00009928DF820200792069205929DF8430009
:1047B00040F080008DF82400119948680989F2F7CB
:1047C0004FF901200290FCF70DFF11980068BDF829
:1047D0003A1001316B4664221A608BB209A905AA0E
:1047E0000392F8F7EDFE0298FCF7FCFE029A11998D
:1047F00048680989F2F734F903990F980131BDF837
:104800003A20EBF772FD049812B080BD80B588B0F5
:1048100006908DF817100492ADF80E3006980068D7
:1048200020B1FFE70698406820B9FFE76FF0040069
:1048300007902DE09DF8170000F07F008DF817001D
:1048400006994868098900220292F2F709F90120C5
:104850000190FCF7C7FE019A069800680DF1170158
:1048600064230093F8F74CFC009B069800680499B9
:10487000BDF80E20F8F744FC0198FCF7B3FE019A4E
:10488000069948680989F2F7EBF802980790FFE764
:10489000079808B080BD000080B586B004900391F1
:1048A000049802900298C06A0190019820B9FFE72D
:1048B0006FF0010005900FE00398002818BF012059
:1048C0008DF8030001980299098E9DF80320F2F7F4
:1048D000C7F800200590FFE7059806B080BD0000EE
:1048E00080B588B0069005910492ADF80E30069818
:1048F000029004980190029838B1FFE7049820B123
:10490000FFE7BDF80E0020B9FFE76FF00100079048
:1049100011E00298C06A0199BDF80E204FF0FF33F4
:10492000FAF75CFC20B1FFE76FF00500079002E0AA
:1049300000200790FFE7079808B080BD80B588B0D9
:1049400084460A98CDF81CC00691ADF81620049351
:10495000ADF80E0007994868098900220292F2F723
:104960007FF8079800680699BDF816206423019324
:10497000F8F7C6FB019B079800680499BDF80E2064
:10498000F8F7BEFB0799486809890122F2F768F831
:10499000029808B080BD000082B00190009101989B
:1049A0000099084402B0704783B00190019820B983
:1049B000FFE700208DF80B005BE040F65050C2F29C
:1049C0000000006868B9FFE7019840F65051C2F254
:1049D0000001086001990020486201208DF80B0059
:1049E00047E0019890F8200040F65051C2F20001D3
:1049F000096891F8201088420DDAFFE740F650511F
:104A0000C2F200010868019A506201980860012012
:104A10008DF80B002DE040F65050C2F20000006807
:104A20000090FFE70098406AC8B1FFE7019890F84E
:104A300020000099496A91F8201088420BDAFFE7BC
:104A40000098406A019948620198009948620120E3
:104A50008DF80B000DE00098406A0090E2E70198A5
:104A60000099486201990020486201208DF80B00EE
:104A7000FFE79DF80B0003B07047000082B00020F4
:104A80008DF80300FFE79DF80300132821D8FFE706
:104A90009DF8030000EB400141F27010C2F20000EB
:104AA00000EB011090F8210060B9FFE79DF80300CA
:104AB00000EB400141F27010C2F2000000EB011067
:104AC000019009E0FFE79DF8030001308DF8030035
:104AD000D9E700200190FFE7019802B0704700007D
:104AE00010B584B08C46864607980699CDF80CE040
:104AF000CDF808C00192ADF802308DF801108DF8A4
:104B00000000029803990860BDF8020003998882AA
:104B10009DF80100039981F82000EFF765FA01463E
:104B2000039A0020D0619161039988629DF800008A
:104B3000039981F82100019870B1FFE7019800788E
:104B400050B1FFE70398043001990F22EBF7F1FB16
:104B500003990020C87408E00398043048F28441A7
:104B6000C0F60101EBF7FFFBFFE703990020486265
:104B700004B010BDFEF708FE83B0029001910092D0
:104B800001980299C86000980299886002990020F3
:104B900008600299486003B07047000083B001903C
:104BA0000091019908684968884204D1FFE76FF0D5
:104BB0000200029011E001980168C068405C009911
:104BC0000870019908688A68431CB3FBF2F000FB87
:104BD0001230086000200290FFE7029803B070478F
:104BE00083B001908DF80310019A116850689268A3
:104BF000431CB3FBF2F000FB1230884204D1FFE704
:104C00006FF00100029011E09DF8030001994A68DD
:104C1000C9688854019948688A68431CB3FBF2F05C
:104C200000FB1230486000200290FFE7029803B0BA
:104C30007047000080B584B002900191029848F25C
:104C40007C41C0F60101EBF780FB58B1FFE7029908
:104C500048F2FE40C0F6010001F0B4FD4FF0FF3015
:104C6000039017E001980090009940F27840C2F25A
:104C7000000001600068EBF77FFB41EC100B53EC88
:104C8000102B48F21850C0F6010001F09BFD0020E7
:104C90000390FFE7039804B080BD000082B001904C
:104CA0000020ADF80200FFE7BDF9020004281BDC7C
:104CB000FFE7BDF9021041F2D400C2F2000050F843
:104CC000210050B9FFE70198BDF9022041F2D4015B
:104CD000C2F2000141F8220006E0FFE7BDF8020041
:104CE0000130ADF80200DFE702B0704780B584B054
:104CF00003908DF80B10039890F8720100F00300F8
:104D000001460191012844D0FFE70198022857D1BC
:104D1000FFE79DF80B0041380146009103282FD88A
:104D20000099DFE801F002070C1E0398002101F052
:104D3000B1F826E00398012101F0ACF821E00399D5
:104D4000088FC98E88420BDAFFE70398018F014470
:104D5000097900F049F90399088F01300887FFE7C6
:104D60000FE00398008F012809DBFFE70398082173
:104D700000F03AF90399088F01380887FFE700E04F
:104D8000FFE7039991F8720100F0FC0081F87201CD
:104D900017E09DF80B005B2809D1FFE7039991F814
:104DA000720100F0FC00023081F8720107E0039903
:104DB00091F8720100F0FC0081F87201FFE700E059
:104DC000FFE704B080BD000081B00090009991F829
:104DD000720100F0FC00013081F8720101B07047EF
:104DE00080B584B003900398C08E08B9FFE781E0D6
:104DF0000399088FC98E884212D1FFE70399C88EA4
:104E00000138C8860399088F013808870398C18E36
:104E10000144002008710398012100F0A1F869E025
:104E20000398008F012864DBFFE70020ADF80A003B
:104E3000FFE7BDF90A00039AD18E128F891A8842C2
:104E40000FDAFFE70398018FBDF90A2011440144EE
:104E50000879C870FFE7BDF80A000130ADF80A0014
:104E6000E7E70399C88E0138C8860399088F01388F
:104E700008870398C18E0144002008710398082117
:104E800000F0B2F80398008FADF80800FFE7BDF915
:104E900008000399C98E88420EDAFFE70398BDF92E
:104EA00008100144097900F09FF8FFE7BDF80800F9
:104EB0000130ADF80800EAE70398202100F094F8EB
:104EC0000399C88E098F401A0130ADF80600FFE73C
:104ED000BDF9060001280BDBFFE70398082100F06D
:104EE00083F8FFE7BDF806000138ADF80600EFE7EC
:104EF000FFE7FFE704B080BD80B582B000F0DEFDC3
:104F00000190019808B9FFE707E0019848F2E071C5
:104F1000C0F6010100F03CF8FFE702B080BD0000E0
:104F200080B582B001900199C88E098F401AADF802
:104F30000200FFE7BDF9020001280BDBFFE7019843
:104F4000202100F051F8FFE7BDF802000138ADF86C
:104F50000200EFE70198C18E00F002F802B080BDB8
:104F600080B582B00190ADF80210FFE7BDF80200F5
:104F7000411EADF8021040B1FFE7019848F26451BC
:104F8000C0F6010100F004F8F0E702B080BD0000B7
:104F900080B584B0029001910020ADF80200029823
:104FA000D0F8780120B9FFE70020ADF80E0017E037
:104FB000FFE70198007870B1FFE70298D0F8781108
:104FC0000198421C019200788847BDF80200013028
:104FD000ADF80200EDE7BDF80200ADF80E00FFE706
:104FE000BDF80E0004B080BD80B582B001908DF890
:104FF00003100198D0F8780108B9FFE706E001989E
:10500000D0F878119DF803008847FFE702B080BD13
:1050100080B584B00390ADF80A100398D0F85C0115
:10502000019003980199BDF80A2012018958FFF7F1
:10503000AFFFC0F11600ADF80800BDF90800012867
:1050400004DBFFE7BDF90800009002E004200090B7
:10505000FFE70098ADF80800FFE7039848F2A77152
:10506000C0F60101FFF794FFFFE7BDF80800013823
:10507000ADF8080000040028EFD1FFE7039848F2DC
:10508000B671C0F60101FFF783FF03980199BDF8DF
:105090000A2001EB02118968FFF77AFF039848F2B2
:1050A0004551C0F60101FFF773FF04B080BD000059
:1050B00080B588B00790069143F23000C0F230000E
:1050C000CDF813004FF03030049003900698029012
:1050D0000A208DF807000698B0F1FF3F0BDCFFE7D0
:1050E000079848F2B771C0F60101FFF751FF029827
:1050F00040420290FFE7FFE70298E0B1FFE7029825
:105100004CF6CD41CCF6CC41A0FB0132D20802EBEB
:105110008202A0EB420040F030009DF80720013AE7
:105120008DF80720D3B203AAD0540298A0FB011037
:10513000C0080290E0E707989DF8072003A91144F2
:10514000069B4A1E002B08BF1146FFF721FF069859
:1051500002900698B0F1FF3F03DCFFE7069802904B
:10516000FFE708208DF8070000208DF81400FFE706
:10517000029808B3FFE7029800F00F008DF80600D0
:105180009DF806000A2805DBFFE79DF8060057306A
:10519000009004E09DF8060030300090FFE7009892
:1051A0009DF8071001398DF80710CAB203A9885479
:1051B000029800090290DBE7079848F2EE71C0F60A
:1051C0000101FFF7E5FE079803A9FFF7E1FE079845
:1051D00048F24551C0F60101FFF7DAFE08B080BD84
:1051E00080B586B0059004910598039004980078E6
:1051F000242804D1FFE704980130029002E00498CB
:105200000290FFE703980299FFF7C2FE059848F263
:10521000A571C0F60101FFF7BBFE05980190049946
:1052200000F086FC01460198FFF742FF06B080BD02
:1052300080B588B0079000208DF81B008DF81A000B
:1052400001218DF819108DF813000798C08E28B928
:10525000FFE707980168FFF79BFE1FE1079AD08ED2
:1052600011180130D086002001900871079800F0D5
:10527000A1FE0198ADF80A00FFE7BDF80A00079902
:10528000C98E884270DAFFE79DF81A00C0B9FFE7BF
:105290000798BDF80A1008440079202853D0FFE78A
:1052A0000798BDF80A100844007909284BD0FFE799
:1052B0000798BDF80A10084400792C2843D0FFE76E
:1052C0000798BDF80A1008440079E0B3FFE7079893
:1052D000BDF80A1008440079222808D1FFE79DF89C
:1052E0001A00B0FA80F040098DF81A00FFE79DF827
:1052F0001900012811D1FFE70799BDF80A000844F9
:1053000004309DF81B2001EB820101328DF81B2037
:10531000C86300208DF81900FFE70798BDF80A1050
:10532000084400795C280DD1FFE70798BDF80A1002
:105330000844407930B1FFE7BDF80A000130ADF80C
:105340000A00FFE709E00798BDF80A1001440020B1
:10535000087101208DF81900FFE7FFE7BDF80A008A
:105360000130ADF80A0088E707990020C886079940
:1053700008879DF81B0028B9FFE707980168FFF729
:1053800007FE8BE0079848F24551C0F60101FFF790
:10539000FFFD0798D0F85C0105900798C06B48F2B4
:1053A000E971C0F60101EAF7D0FFC8B9FFE7079934
:1053B00091F8720140F0040081F872019DF81B0021
:1053C00007993C3100F0C2FC079991F8720100F096
:1053D000FB0081F8720107980168FFF7D9FD5DE0D5
:1053E0000798C06B0078242809D1FFE70798C16BA4
:1053F000FFF7F6FE07980168FFF7CAFD4EE00020B0
:10540000ADF80800FFE7BDF808000799B1F8601192
:10541000884231DAFFE70798C06B0599BDF808208C
:1054200012018958EAF791FFF8B9FFE701208DF8DA
:105430001300079991F8720140F0040081F872019D
:105440000598BDF8081000EB011040689DF81B108E
:10545000079A3C3200F0FCF90390079991F8720129
:1054600000F0FB0081F8720106E0FFE7BDF80800DC
:105470000130ADF80800C6E79DF8130048B9FFE712
:10548000079840F2A021C2F200018969FFF780FD70
:10549000FFE707980168FFF77BFDFFE708B080BDD5
:1054A00083B002900298019000208DF803000198CB
:1054B000007830280ED1FFE701984078782805D091
:1054C000FFE701984078582804D1FFE703208DF8C2
:1054D00003001DE00198007830280ED1FFE7019805
:1054E0004078622805D0FFE701984078422804D12F
:1054F000FFE701208DF8030009E0019800783028CB
:1055000004D1FFE702208DF80300FFE7FFE7FFE784
:10551000FFE70198411C0191007870B1FFE7019805
:1055200000782E2808D1FFE70198407820B1FFE7E6
:1055300004208DF8030000E0EBE79DF8030003B0C2
:105540007047000084B0039003980130029000205F
:105550008DF80700029800785C2831D1FFE70298A7
:10556000407801460091302820D0FFE7009862285B
:105570000CD0FFE700986E2810D0FFE70098722843
:1055800008D0FFE7009874280CD013E008208DF8AD
:10559000070014E00D208DF8070010E00A208DF8B8
:1055A00007000CE009208DF8070008E000208DF8C6
:1055B000070004E0029840788DF80700FFE704E058
:1055C000029800788DF80700FFE79DF8070004B007
:1055D0007047000080B58CB00A9000208DF827003D
:1055E0000A218DF826100A9908918DF81F000121D3
:1055F0008DF81E100690059004900A9800782D28CA
:1056000004D1FFE7FF208DF81E00FFE70A989DF9FF
:105610001E104A1C411C002A08BF0846FFF740FF25
:105620008DF827009DF8270001460391012816D028
:10563000FFE7039802280BD0FFE70398032814D153
:10564000FFE710208DF8260002208DF81F000DE0E6
:1056500008208DF8260001208DF81F0006E00220AA
:105660008DF826008DF81F0000E0FFE70A989DF8EE
:105670001F1008449DF91E20411C0132002A08BF5A
:1056800008460890FFE70898007818B3FFE70898E5
:1056900000782E2806D1FFE70120049008980130F9
:1056A0000890F0E7069802909DF82600019008986F
:1056B000007800F0C7F901990246029800FB01202A
:1056C0000690049800EB8000400004900898013098
:1056D0000890D8E79DF8270004281AD1FFE704981E
:1056E000B8B1FFE79DED060AB8EE400A9DED041A39
:1056F000B8EE411A80EE010A9DF91E0001EE100A73
:10570000B8EEC11A20EE010A8DED050A05980B903E
:1057100006E006989DF91E1000FB01F00B90FFE7D4
:105720000B980CB080BD000080B582B0009000984E
:105730000078272809D1FFE70098407828B1FFE7D3
:105740000098FFF7FFFE019032E0009800782D28C6
:105750000AD0FFE70098007830280ADBFFE70098BE
:105760000078392805DCFFE70098FFF733FF019048
:105770001EE00098007824280BD1FFE700984078BD
:1057800038B1FFE700F09AF9009900F0D1F90190E3
:105790000EE00098007828B1FFE7009800F00CF8C0
:1057A000019005E0FFE7FFE7FFE700200190FFE73A
:1057B000019802B080BD000080B584B003900398CA
:1057C00002900020ADF8060003980078222805D149
:1057D000FFE70398013003900290FFE7FFE702988C
:1057E000007868B3FFE7029800785C280CD1FFE7E7
:1057F00002980138FFF7A6FE0399BDF806208854E9
:1058000002980130029012E002980078222806D116
:10581000FFE70399BDF806200020885406E00298AF
:1058200000780399BDF806208854FFE7FFE7029847
:1058300001300290BDF806000130ADF80600CEE759
:105840000399BDF8062000208854039804B080BD59
:1058500070B5A4B022902191209221980138014680
:105860001F91072800F2E6801F99DFE801F0040885
:1058700012233A587FAE229880472390DEE0229888
:105880001E9020984068FFF74FFF1E99884723908D
:10589000D4E022981C9020984068FFF745FF1D90A7
:1058A00020988068FFF740FF1C9A01461D9890479A
:1058B0002390C3E022981A9020984068FFF734FFA5
:1058C0001B9020988068FFF72FFF19902098C068E0
:1058D000FFF72AFF19991A9B02461B9898472390B5
:1058E000ACE02298179020984068FFF71DFF1890B1
:1058F00020988068FFF718FF15902098C068FFF780
:1059000013FF169020980069FFF70EFF1599169A5D
:10591000DDF85CC003461898E04723908EE022989B
:10592000139020984068FFF7FFFE1490209880683D
:10593000FFF7FAFE10902098C068FFF7F5FE11906F
:1059400020980069FFF7F0FE129020984069FFF759
:10595000EBFE1099119A129BDDF84CC08646149804
:105960006C46C4F800E0E047239067E022980D9071
:1059700020984068FFF7D8FE0F9020988068FFF7C6
:10598000D3FE0A902098C068FFF7CEFE0B902098B7
:105990000069FFF7C9FE0C9020984069FFF7C4FE2C
:1059A0000E9020988069FFF7BFFE0A990B9A0C9B16
:1059B000DDF834C0DDF838E005460F986C466560C8
:1059C000C4F800E0E047239038E022980790209840
:1059D0004068FFF7A9FE099020988068FFF7A4FEB1
:1059E00004902098C068FFF79FFE059020980069FA
:1059F000FFF79AFE069020984069FFF795FE089001
:105A000020988069FFF790FE05462098C069FFF74F
:105A10008BFE0499059A069BDDF81CC0DDF820E09A
:105A2000064609986C46A6606560C4F800E0E04749
:105A3000239003E04FF0FF302390FFE7239824B03A
:105A400070BD000081B08DF802009DF80200302882
:105A50000BDBFFE79DF80200392806DCFFE79DF825
:105A6000020030388DF8030023E09DF80200612821
:105A70000BDBFFE79DF80200662806DCFFE79DF8D8
:105A8000020057388DF8030013E09DF8020041280A
:105A90000BDBFFE79DF80200462806DCFFE79DF8D8
:105AA000020037388DF8030003E000208DF8030072
:105AB000FFE79DF8030001B07047000082B00020AE
:105AC000ADF80200FFE7BDF90200042829DCFFE77A
:105AD000BDF9021041F2D400C2F2000050F82100DA
:105AE000C0B1FFE7BDF9021041F2D400C2F20000DC
:105AF00050F8210090F872018008C00750B1FFE70C
:105B0000BDF9021041F2D400C2F2000050F82100A9
:105B1000019009E0FFE7BDF802000130ADF8020096
:105B2000D1E700200190FFE7019802B07047000024
:105B300080B586B0059004910598D0F86401039073
:105B40000020029004980078242804D1FFE70498EC
:105B500001300490FFE70020ADF80600FFE7BDF933
:105B600006000599B1F86811884247DAFFE7049802
:105B70000399BDF9062012018958EAF7E6FB0028CF
:105B800035D1FFE70398BDF9061000EB0110C0689E
:105B90000090042829D80099DFE801F0030C161FB3
:105BA0001F000398BDF9061000EB01104068006863
:105BB00002901BE00398BDF9061000EB011040684D
:105BC000B0F90000029011E00398BDF9061000EB57
:105BD000011040680078029008E00398BDF90610B3
:105BE00000EB011040680290FFE7FFE7FFE7FFE7E7
:105BF000BDF806000130ADF80600B0E7029806B027
:105C000080BD000080B584B003908DF80B10039820
:105C100090F872018007002840F08180FFE70020A3
:105C20008DF80A000399D1F86C110191ADF80200CA
:105C3000FFE7BDF902000399B1F87011884226DA36
:105C4000FFE70198BDF9021010F831009DF80B1024
:105C5000884215D1FFE70198BDF9021000EBC100A1
:105C6000406848B1FFE70198BDF9021000EBC100A0
:105C7000416803988847FFE701208DF80A00FFE795
:105C8000FFE7BDF802000130ADF80200D1E79DF852
:105C90000A00C8BBFFE70020ADF80000FFE7BDF930
:105CA000000005282FD8FFE7BDF9001048F23C306E
:105CB000C0F6010010F831009DF80B1088421BD18E
:105CC000FFE7BDF9001048F23C30C0F6010000EBE0
:105CD000C100406860B1FFE7BDF9001048F23C30F8
:105CE000C0F6010000EBC100416803988847FFE758
:105CF00001208DF80A00FFE7FFE7BDF80000013042
:105D0000ADF80000CBE7FFE79DF80A0030B9FFE7E8
:105D100003989DF80B1000F05DFAFFE705E003988B
:105D20009DF80B10FEF7E2FFFFE79DF80B00093826
:105D3000B0FA80F04209039991F8720100F0F7007F
:105D400040EAC20081F8720104B080BD80B586B01F
:105D500005900491FFF7B2FE0390039808B9FFE79E
:105D600095E00598012821D1FFE7039840F2A02192
:105D7000C2F200010969FFF70BF90020ADF80A0033
:105D8000FFE7BDF80A000399B1F8601188420CDA08
:105D9000FFE70398BDF80A10FFF73AF9FFE7BDF8EF
:105DA0000A000130ADF80A00EBE770E00598022820
:105DB0006CD1FFE70398D0F85C01019000208DF8CA
:105DC0000300FFE79DF803000399B1F860118842D2
:105DD00053DAFFE70498406801999DF80320120107
:105DE0008958EAF7B2FA002840D1FFE7039848F251
:105DF000A971C0F60101FFF7CBF8039801999DF84E
:105E0000032012018958FFF7C3F8039848F2CC51D8
:105E1000C0F60101FFF7BCF8039801999DF8032033
:105E200001EB02118968FFF7B3F8039848F2455176
:105E3000C0F60101FFF7ACF801989DF8031000EBE4
:105E40000110C06888B1FFE7039801999DF803200D
:105E500001EB0211C968FFF79BF8039848F245511E
:105E6000C0F60101FFF794F8FFE710E0FFE79DF8A7
:105E7000030001308DF80300A4E7039840F2A0214D
:105E8000C2F200018969FFF783F8FFE7FFE706B078
:105E900080BD000080B586B005908DF813109DF888
:105EA0001300C0BBFFE7059AB2F95A01411EA2F8E0
:105EB0005A1103900599B1F85601B1F95811884269
:105EC00005DDFFE70598B0F85601029004E005985B
:105ED000B0F958010290FFE70398029949428842BD
:105EE00018DCFFE70599B1F85601B1F9581188425D
:105EF00005DDFFE70598B0F85601019004E005982C
:105F0000B0F958010190FFE7019840420599A1F8C6
:105F10005A01FFE716E09DF81300012810D1FFE7B2
:105F20000599B1F85A010130A1F85A0100B20128CF
:105F300005DBFFE705990020A1F85A0138E000E0F1
:105F400036E0FFE70598FEF7EBFF0598B0F95A0138
:105F500030B9FFE705990020C8860599088727E032
:105F6000059B181DB3F95811B3F95A211144053195
:105F700046F26762C6F2666251FB02FC4FEA5C02BF
:105F800002EBDC7202EB8202891A322201FB02313F
:105F90005C3100F06DFA0599C88608B9FFE707E0A3
:105FA0000599C88E08870598011DFEF7F1FFFFE7E8
:105FB00006B080BD80B582B0019001990020A1F8A3
:105FC0005A010199B1F95801322210FB02102A300E
:105FD0000431EAF7BAF908B9FFE72CE00199B1F901
:105FE0005801322210FB02105C30043100F040FAFC
:105FF00038B1FFE70199B1F858010130A1F8580113
:10600000FFE70199B1F856010130A1F8560180B2BD
:10601000062805DBFFE701990520A1F85601FFE7F7
:106020000198B0F95801052805DBFFE70199002028
:10603000A1F85801FFE702B080BD000080B582B032
:10604000019001990020C886019908870199A1F85B
:1060500056010199A1F858010199A1F85A01019935
:1060600091F8720100F0FC0081F87201019991F839
:10607000720100F0FB0081F87201019991F8720140
:1060800000F0F70081F87201019948F2D270C0F671
:10609000010008600198FEF701FE019840F2A0217E
:1060A000C2F200010968FEF773FF01980168FEF76C
:1060B0006FFF019848F61401C0F60101C0F85C11A9
:1060C00048F6A400C0F60100401A00090199A1F8A1
:1060D0006001019848F6A401C0F60101C0F86411FE
:1060E00048F6B400C0F60100401A00090199A1F871
:1060F000680102B080BD000080B584B0FFF7DEFC0F
:106100000390039808B9FFE762E00398D0F86401B0
:106110000290039840F2A021C2F200014969FEF703
:1061200037FF0020ADF80400FFE7BDF90400039934
:10613000B1F8681188424BDAFFE703980299BDF97C
:10614000042012018958FEF723FFC0F11600ADF8B4
:106150000600BDF80600012804DBFFE7BDF80600D5
:10616000009002E004200090FFE70098ADF80600E0
:10617000FFE7039848F2A771C0F60101FEF708FF98
:10618000FFE7BDF806000138ADF80600000400285E
:10619000EFD1FFE7039848F2B671C0F60101FEF7B0
:1061A000F7FE03980299BDF9042001EB02118968FA
:1061B000FEF7EEFE039848F24551C0F60101FEF7E6
:1061C000E7FEFFE7BDF804000130ADF80400ACE7DE
:1061D00004B080BD80B584B003908DF80B109DF89D
:1061E0000B0008B9FFE78FE00398C08E302877DCFA
:1061F000FFE70399C88E098F884212D1FFE79DF807
:106200000B00039BDA8E99180132DA860871039924
:10621000088F0130088703989DF80B10FEF7E4FE05
:106220005DE00399C88E098F401AADF80800FFE7BA
:10623000BDF9080001280FDBFFE70398018FBDF9C6
:10624000082011440144C8780871FFE7BDF8080030
:106250000138ADF80800EBE79DF80B00039B1A8F9F
:10626000991801321A870871039AD08E013012FAF8
:1062700080F1D086002008710398008F0138ADF8B6
:106280000600FFE7BDF906000399C98E88420EDAC1
:10629000FFE70398BDF9061001440979FEF7A4FE53
:1062A000FFE7BDF806000130ADF80600EAE7039904
:1062B000C88E098F401AADF80400FFE7BDF904004D
:1062C00001280BDBFFE703980821FEF78DFEFFE7AF
:1062D000BDF804000138ADF80400EFE7FFE713E074
:1062E000039840F2A021C2F20001C969FEF750FEF6
:1062F00003980168FEF74CFE0398011DFEF748FE67
:106300000399C88E0887FFE704B080BD80B588B0C8
:1063100007900691FFF7D2FB059000208DF813003F
:10632000059808B9FFE769E00598D0F86401039083
:106330000020ADF80A00FFE7BDF90A000599B1F8A1
:106340006811884249DAFFE707980399BDF90A20E6
:1063500012018958E9F7F9FF002837D1FFE70398C0
:10636000BDF90A1000EB0110C0680190042828D87C
:106370000199DFE801F0030C15261E000698039929
:10638000BDF90A2001EB0211496808601AE006987D
:106390000399BDF90A2001EB02114968088011E058
:1063A00006980399BDF90A2001EB021149680870AB
:1063B00008E0059848F23861C0F60101FEF7E8FDF3
:1063C00000E0FFE701208DF81300FFE7FFE7BDF8CD
:1063D0000A000130ADF80A00AEE79DF8130040B99D
:1063E000FFE7059848F20861C0F60101FEF7D0FD0D
:1063F00004E005980799FEF7F3FEFFE708B080BDBB
:1064000084B0039002910020ADF80600ADF80400BE
:10641000FFE70398BDF80410415C0020009049B1EB
:10642000FFE70298BDF80410405C002818BF012067
:106430000090FFE70098C007A8B1FFE70398BDF8F8
:106440000420805C0299895C884201D0FFE70AE061
:10645000BDF806000130ADF80600BDF804000130BB
:10646000ADF80400D5E7BDF8060004B070470000A1
:1064700083B0029001910020ADF80200FFE701987F
:10648000BDF80210405C60B1FFE70198BDF8022042
:10649000805C02998854BDF802000130ADF802001A
:1064A000EDE70299BDF8022000208854BDF80200F3
:1064B00003B0704780B586B005903220ADF8120069
:1064C0000020ADF81000ADF80E000598D0F85C0182
:1064D00002900598C08E002800F0A480FFE7059880
:1064E000C18E014400200871ADF80600FFE7BDF938
:1064F00006000599B1F86011884255DAFFE7059862
:1065000004300299BDF9062012018958FFF778FF7F
:106510000599C98E884240D1FFE7BDF80E0090B3BF
:10652000FFE7BDF80E00012808D1FFE7059848F203
:106530004551C0F60101FEF72BFDFFE70598BDF8B8
:106540001010FEF765FD0299BDF810000001085813
:10655000BDF9062012018958FFF752FFADF80C0073
:10656000BDF81200BDF80C10884204DDFFE7BDF84D
:106570000C00009003E0BDF812000090FFE70098C7
:10658000ADF81200FFE7BDF80600ADF81000BDF849
:106590000E000130ADF80E00FFE7FFE7BDF8060082
:1065A0000130ADF80600A2E7BDF80E0008B9FFE71C
:1065B0004FE0BDF80E00012804D1FFE70598FEF773
:1065C000AFFCFFE7BDF80E0060B1FFE705980430AF
:1065D0000299BDF8102012018958FFF749FF05996B
:1065E000C886FFE7BDF80E0002280EDBFFE705981E
:1065F000BDF81010FEF70CFD05980168FEF7C8FC09
:10660000BDF812000599C886FFE70598C18E0144C0
:10661000002008710599C88E08870598011DFEF7AE
:10662000B7FC16E0059991F8720140F0040081F87A
:10663000720101200021FFF789FB059991F8720191
:1066400000F0FB0081F8720105980168FEF7A0FCDC
:10665000FFE706B080BD000080B584B003900398CA
:1066600002900298D0F8740150B9FFE7029840F206
:10667000A021C2F20001096AFEF78AFCFFE7FEE7EB
:106680000298D0F874110DF10700884730B9FFE780
:1066900002989DF80710FFF7B5FAFFE704B080BD38
:1066A00080B582B0ADF8060040F65470C2F200002A
:1066B000FFF7D2FF02B080BD82B0ADF80600ADF8A2
:1066C0000410ADF80220BDF806008005BDF80410E6
:1066D0006FF39F2140EA0130BDF802106FF31F31C4
:1066E000084402B07047000080B582B040F26420D8
:1066F000C2F20000FDF780FF20B1FFE700208DF817
:10670000070003E001208DF80700FFE79DF8070070
:1067100002B080BD80B584B08DF80B008DF80A10F2
:106720009DF80A0020B9FFE76FF00100039021E017
:1067300040F20760C2F2000001907E210170052145
:106740004170412181709DF80B10C1709DF80A10B5
:106750000171417890F802C0C378027981EA0C0196
:10676000594051404171EF218171072100F006F835
:106770000390FFE7039804B080BD000080B584B0AB
:106780000290ADF8061040F26420C2F20000C0682A
:1067900018B1FFE7029820B9FFE76FF001000390FE
:1067A0000CE040F26420C2F20000D0F80CC0029A63
:1067B000BDF806300021E0470390FFE7039804B0DE
:1067C00080BD00000FB4054B10B503A9044A029820
:1067D00001F072F810BC5DF814FB00007D3E01086A
:1067E000000000204100080218BF04200A0E18BF54
:1067F00040F001004FF07F4232EA010108BF40F053
:106800000200012808BF05207047000010B54FF0B6
:106810000E402DED028BB0EE408A18EE104A00EBD0
:106820004400B0F1506F4AD84FF0FC40B0EB440F39
:1068300022D2B0EEC80AF7EE000A30EEC00AF6EE39
:10684000000A60EE208A18EE900A01F02BFC01EE9F
:10685000100A14F0004F1DBFDFED2D0A9FED2D0A29
:10686000B1EE411ADFED2C0A08BF9FED2C0AF8EEBD
:10687000001A21EE218A05E0DFED290A68EE088A78
:10688000B0EE600A9FED271ADFED271A30EE080AF6
:1068900048EE811A9FED251A08EEA11ADFED241AA1
:1068A00048EE811A9FED231A08EEA11A68EE281A05
:1068B000BDEC028B01EE810A30EE200A10BD4FF0D4
:1068C000E440B0EB440F0CD918EE100AFFF78AFF32
:1068D000042808BF00F066FEB0EE480ABDEC028B4B
:1068E00010BD4FF07F40B0EB440F07D2B0EE480A26
:1068F000BDEC028BBDE8104000F03EBE012000F070
:1069000013FFBDEC028BBDE8104000F03BBE000061
:106910000000C9BF22AAFDB90000C93F22AAFD3963
:106920000000000024FE1C3DC78AD83C1E67383D8D
:106930001B93993DAFAA2A3E70B54FF068422DEDEA
:10694000048BF0EE408A18EE900AB0EE608A18EEE2
:10695000101A02EB4003B3F1654F3CBF02EB41025A
:10696000B2F1654F7DD200BFC0F3C753C1F3C75228
:106970009A1A1B2A09DD10F0004F14BF9FED830AFD
:106980009FED830ABDEC048B70BD12F11A0F36DA4D
:1069900011F0004F09D010F0004F0CBF9FED7D0AA1
:1069A0009FED7D0ABDEC048B70BD88EE889A19EED0
:1069B000100AFFF717FF042808BF00F0F3FD18EED8
:1069C000900AFFF70FFF054618EE100AFFF70AFFBF
:1069D000044619EE100AFFF705FF042D18BF052D18
:1069E00008D1042C18BF052C04D1002804BF0220B4
:1069F00000F09AFEB0EE490ABDEC048B70BD420077
:106A0000B2EB410F3AD910F0004F19BFDFED630A26
:106A10009FED630ADFED630A9FED630AB0EE481A4B
:106A20000A46B1EE688A80F00041F0EE418A1046D5
:106A30000A1A5200B2F1807F34D2484010F0004F61
:106A4000DFED5A1A9FED5A2A1DBFBEEE001A70EEF6
:106A5000E10A30EE420AB6EE001A08BF70EEA10A53
:106A600000E040E008BF30EE020AB0EE682A01EE16
:106A7000482A08EE818AC2EE081A15E011F0004F8C
:106A800004BF9FED4C0AF0EE400AD1D010F0004F49
:106A900019BFDFED490A9FED490ADFED490A9FED75
:106AA000490AC5E7C8EE881A21EEA11A9FED462AC9
:106AB000DFED462A41EE022A9FED452A01EE222A09
:106AC000DFED442A41EE022A9FED432ABDEC048B00
:106AD00001EE222A21EE811A01EE020A30EE210A8D
:106AE00030EE200A70BD4FF07F42B2EB400F28BF5E
:106AF000B2EB410F09D2F0EE480AB0EE680ABDECE5
:106B0000048BBDE8704000F03ABD40EA01035B0031
:106B100008BF41F0FF410BD0B2EB400F08BFB2EB12
:106B2000410F08D120F0804008EE900A21F080410A
:106B300008EE101A18E7B2EB400F12BF5FEA4103EC
:106B400040F0FF4001F000413FF40EAFB2EB410FC7
:106B500012BF5FEA400200F0004041F0FF413FF405
:106B600003AF4A0092EA40033FF5FEAE002AACBFF5
:106B70009FED1A0A9FED1A0A68EE808A28EE008AB5
:106B800018EE900A18EE101AEEE60000DB0FC9BFEF
:106B9000DB0FC93FDB0F4940DB0F49C00000C9BF15
:106BA00022AAFDB90000C93F22AAFD390060ED3ECE
:106BB000C30ACE3700000000000049C022AA7DBAF7
:106BC0000000494022AA7D3A2DAD65BD8FB8D53D64
:106BD0000FB511BE61C84C3EA8AAAABE0000804FE6
:106BE0000000802F10EE101A08B5444A6846B2EB38
:106BF000410F28D94FF0E640B0EB410F94BF002081
:106C00004FF0FF3000900098002861DB60EE000A32
:106C100010F0010F45D010F0020FDFED391A9FED93
:106C2000391A00EEA11ADFED381A40EE811A21EE72
:106C3000A01AF0EE400A40EE010A08BFF1EE600A29
:106C4000B0EE600A08BD314B21F0004293423CD9BE
:106C500011F0004FDFED2E0A20EE201ADFED2D0A95
:106C600019BF31EE601A71EE200A31EE201A71EE72
:106C7000600ABDEEE01A11EE100A9FED271A00F02F
:106C8000030000EEC10A9FED251A009000EEC10A34
:106C90009FED231A00EEC10A9FED221A00EEC10AF1
:106CA000B1E79FED211A9FED210A10F0020F00EECF
:106CB000810A9FED1F1A00EE801AB7EE000A00EE5F
:106CC000810A18BFB1EE400A08BD00F073FC9AE7D4
:106CD00010EE100A4000B0F17F4F3CBFB7EE000A43
:106CE00008BD07D14FF0010000F01EFDBDE80840CF
:106CF00000F048BCBDE8084000F03EBCB61F927EE4
:106D0000336D4CB9DA82083CA0AA2ABE490E494626
:106D100083F9223F0000004B0000C93F00A0FD396D
:106D20000020A2331A61342CB93AB2BACA9F2A3D64
:106D3000DDFFFFBE10B510EE100A2DED068BB7EE8D
:106D4000001A10EE901AB0EE418A0022A0F5000C55
:106D5000DFEDFE9A4FF00073BCF1FE4F4FF07F4421
:106D600003EB410C80F0B481BCF1804FC0F0208275
:106D7000F74901449FEDF73AB1F5005F40F2D48244
:106D800000F58021CB0C03F00F0101EE901AC3F344
:106D900007137F3BA0EBC350B8EEE12A00EE100AC8
:106DA0001A44DFEDED2AF0EE411A42EE221AF0EE1F
:106DB000613A70EE232A30EE632A12EE900A00F553
:106DC00000606FF30B0001EE900A73EEE13A33EED0
:106DD000804AC1EE223A22EE230A10EE100A00F594
:106DE00000606FF30B0000EE100A00EE612A00EE67
:106DF000442A62EE232A70EE221A21EEA12ADFED48
:106E0000D73A02EE233A23EE023A20EE012A22EE8E
:106E1000811A03EE211A32EE010A10EE100A00F573
:106E200000606FF30B0000EE100A72EE401A31EEB4
:106E3000812A9FEDCB1A60EE011A9FEDCA1A20EE4F
:106E4000011A9FEDC90A02EE001A31EE810A10EE16
:106E5000100A00F500606FF30B0000EE100AC34843
:106E600071EEC01A31EE812A784400EBC10090ED3A
:106E7000003AD0ED011A100101EE100AF8EEC12A15
:106E800032EE211A31EE001A31EE031A31EE221AD7
:106E900011EE100A00F500606FF30B0009EE100A06
:106EA00039EE621A31EE431A31EE400A30EE610AD1
:106EB00032EE40AA10EE900A002100F500606FF358
:106EC0000B0008EE900A084670EEE8AAE9F754FCB9
:106ED00029EE280A00F00C01F0EEC00A10EE900A2C
:106EE000B0F18B4F0DDD10EE900AB4EB400F08D3DC
:106EF00010EE100A4FF08B4262F31E0008EE900A6B
:106F000013E069EE2A0A38EEAA1A4AEE010A30EEB8
:106F1000201A11EE100A00F500606FF30B0008EE66
:106F2000900A30EE680A70EE209A0C20E9F724FCF3
:106F300038EEA90AB5EEC00AF1EE10FA34BFFEEE43
:106F4000000AF6EE000A30EE800ABDEEC00A10EE2E
:106F5000100A011100EE101AF8EEC00A00EE100A35
:106F6000B8EEC00A38EEC00A30EE290ADFED801A0A
:106F70009FED801A00EE211ADFED7F1A7F4900F0A5
:106F80000F0040EE011A21EE800A794401EB8001E6
:106F900091ED001A7A49794401EB8001D1ED001A94
:106FA000784901EE801A794401EB8000764990ED32
:106FB000000A31EE001AB0EEE00A10EE100A884224
:106FC00015DA10EE100AB4EB400F10D39FED6F0AE4
:106FD00030EE800ADFED6E0A20EE200A68EE010A2C
:106FE000BDEC068BBCEEC00A20EE200A10BD10EEF0
:106FF000100A6849884243DA10EE100AB4EB400FD9
:107000003ED3BDEEE00A68EE010A10EE100A00EB76
:10701000D0725110C90501F17E5100EE101AA0EB9B
:107020006200C00560EE200A00F17E5000EE100AFA
:1070300060EE808A18EE900AB4EB400F0FD1022068
:1070400000F072FB00F0A6FA10EE101A18EE100A0B
:10705000BDEC068B61F31E0000EE100A10BD18EEA9
:10706000900A400011D018EE900AFFF7BBFB0428ED
:1070700008BF00F097FAB0EE680ABDEC068B10BDB1
:10708000F5EEC00AF1EE10FA0FD2022000F04CFB30
:1070900000F088FA10EE101A18EE100ABDEC068BFC
:1070A00061F31E0000EE100A10BD022000F03CFB50
:1070B00000F070FA10EE101AB0EE480A10EE100A46
:1070C000BDEC068B61F31E0000EE100A10BD00BF80
:1070D000BCF1804F6CD300BF00F1FF43B3F1FE4F12
:1070E00024D200BFB0EEC00A10EE100AC1F3C7539D
:1070F0007F2B0DDB972BBFF63BAEC3F196034FF012
:10710000010C0CFA03F3A3F1010C1CEA010F08D0E7
:10711000012000F009FBBDEC068BBDE8104000F03B
:1071200031BA0B4218BFBFEE008A21E643001CBFF4
:107130004FF08073B3EB400F34D96FF01A02DFEDDC
:10714000161A20EE210A10EE100A27E000000000B7
:10715000001080C0ABAAAA3E0000803D7EE24C3EFB
:1071600000B03842D49AB8BB3BAA3842781200002B
:10717000FC596337C9FF753A1872313D1612000089
:107180004A120000BA1100000000FC420000FE425A
:107190000000004B000040430000004D10F0004F85
:1071A000A0D1E5E5A0F50003B3F1FE4F21D2DFE564
:1071B00003EB4103B3F1007F11D3F5EEC00AF1EE0A
:1071C00010FA05D1430018BFB4EB400F76D883E71F
:1071D00001F0004141F0FC5100EE901A7CE7B3F160
:1071E000807F06D210EE903AA3F5000300EE903AAD
:1071F00072E720F000426FF0FF4C604C02EB0C0392
:10720000A34210D321F000439C44A4450BD3B0F11A
:107210007E5F18BF5FEA410C50D0B2F1FF4F98BFBC
:10722000B3F1FF4F05D9BDEC068BBDE8104000F06F
:10723000A6B9B0F1FF4F0FD0C1F3C7527F2A09DBC7
:10724000972A11DAC2F19602012303FA02F2531EC1
:107250000B4205D0002208E011F0004F55D128E084
:107260000A4218BF012200D1022210F5000F13D0EC
:1072700028B3B0F1004F26D010F1814F4FD04FF01E
:10728000FE42B2EB400F94BF01200020012202EB2E
:10729000E171884239D10CE011F0004F02D0012A8F
:1072A00038D032E0012A02BF9FED350ABDEC068BD3
:1072B00010BD9FED340ABDEC068B10BD2FE011F020
:1072C000004F0CD121E0B1F1FF4F1ED011F5000F9E
:1072D00005D011F0004F15D00AB1012A08D00220C4
:1072E00000F022FABDEC068BBDE8104000F03AB980
:1072F000022000F019FA00F035F9BDEC068BB1EE72
:10730000400A10BD0AB1012A04D0B0EE690ABDECF2
:10731000068B10BDBDEC068B9FED1B0A10BDBDECAE
:10732000068BB7EE000A10BD30EE410AB5EE001A2A
:107330009FED172A00EE413AB6EE001A60EE001AF1
:1073400000EE431A61EEC11A9FED101A20EE011AE9
:1073500020EE020A9FED0F2A01EE820A71EE001A5A
:1073600011EE900A00F500606FF30B0009EE100AB1
:1073700031EE491A31EE00AA9CE50000FFFF3F0004
:10738000000080FF0000807F0000008000B0B84156
:10739000D49A38BB3BAAB84100B510EE101A2DEDB7
:1073A000028B81B0524A6846B2EB410F2ED94FF0A2
:1073B000E640B0EB410F94BF00204FF0FF3000904B
:1073C0000098B0EE408A00286ADB10F0010F4BD025
:1073D00068EE080A9FED471A9FED470A00EE810A02
:1073E0009FED461A10F0020F00EE801AB7EE000A69
:1073F00000EE810A02BF01B0BDEC028B00BD00BFF0
:1074000001B0B1EE400ABDEC028B00BD3C4B21F057
:107410000042934241D911F0004FDFED3A0A20EECD
:10742000201ADFED390A19BF31EE601A71EE200A19
:1074300031EE201A71EE600ABDEEE01A11EE100A6C
:107440009FED321A00F0030000EEC10A9FED301AE2
:10745000009000EEC10A9FED2F1A00EEC10A9FEDC9
:107460002E1A00EEC10AABE728EE080A9FED2B1A90
:10747000DFED2B0A10F0020F40EE010A9FED291AF2
:1074800000EE201A61EE000AB0EE480A08EE200A6B
:10749000B6D101B0BDEC028B00BD00F08BF88FE7D8
:1074A00018EE100A4000B0F17F4F0DD218EE100A0E
:1074B000FFF798F9042808BF00F074F8B0EE480A06
:1074C00001B0BDEC028B00BD09D1012000F02CF908
:1074D00001B0BDEC028B5DF804EB00F053B801B0D5
:1074E000B0EE480ABDEC028B5DF804EB00F044B846
:1074F000B61F927EB93AB2BACA9F2A3DDDFFFFBEDF
:10750000490E494683F9223F0000004B0000C93F65
:1075100000A0FD390020A2331A61342C336D4CB920
:10752000DA82083CA0AA2ABE10B52DED028BB1EE7E
:10753000C08A18EE100A20F00040C0F1FF40C00FD2
:107540000AD010EE100A20F00040C0F1FF40C00F3A
:1075500004BF012000F0E8F8B0EE480ABDEC028B51
:1075600010BD0000DFED030AB7EE001A81EE200A1D
:10757000704700000000000030EE000A704730EE57
:10758000200A7047DFED020A80EEA00A7047000073
:10759000000000009FED020A20EE000A7047000084
:1075A000000000709FED020A20EE000A7047000004
:1075B000000000102DE9F0014FF07F42B2EB410FC7
:1075C0009FBF4FF0FF310160BDE8F00170474FF001
:1075D000004242EA0123C1F3C752783A551112F032
:1075E0001F0C434CCCF120067C44C1F3C752A2F1DE
:1075F00078024FEA621204EB820254F8254008BF79
:10760000D2E9015612D0556804FA0CF425FA06F7AF
:107610003C43976805FA0CF527FA06F8D26807FA92
:107620000CFCF24045EA08054CEA0206A4FB034CB8
:10763000A5FB0352A6FB03631D449D4234BF0126F4
:1076400000261319334416B1934202D903E0934242
:1076500001D2012200E00022624402F1200C9206D5
:10766000DC0C42EA443200EE102A5B03DFED210A13
:10767000F8EEC01A00EE103A4FEA9C1C11F0004FD1
:10768000B8EE400AC0F800C020EE201A00EE105AF2
:10769000DFED190AB8EE400A20EE200A71EE810AE9
:1076A00070EE800A10EE902A02F500626FF30B0272
:1076B00000EE902A70EEE11A31EEC11ADFED101AD9
:1076C00030EE411A9FED0D0A20EE800A01EE210AEC
:1076D0009FED0C1A00EE810A04BFBDE8F00170476F
:1076E000CCF180510160BDE8F001B1EE400A704775
:1076F000380C0000000000360000802C22AAFD2972
:10770000DB0FC92F0000C92F02E008C8121F08C1F3
:10771000002AFAD170477047002001E001C1121F12
:10772000002AFBD170470000014908607047000043
:107730000C0000202DE9FF5F82B00021DDE904305C
:10774000020DDDF840B0034318D044F61050A2F209
:10775000FF3242431514119801281FD0A5EB0B00EE
:10776000401C5FEA000A4FF000064E4FDFF83891E8
:10777000B046504615D5CAF1000413E01198012413
:107780004AA3012801D16FEA0B010298119AC0E9BE
:107790000031C0E9024206B0BDE8F09FCBF1000025
:1077A000DFE704460021404A491842EB0450CDE986
:1077B000001012E0E00707D032463B4640464946FB
:1077C000E8F7C9FE8046894632463B4610461946D0
:1077D000E8F7C1FE06460F466410002CEAD1DDE949
:1077E0000401DDE90023BAF1000F06DAE8F7B3FE81
:1077F00042464B46E8F7AFFE05E0E8F71EFF42467B
:107800004B46E8F71AFF04460E460022284BE8F7DD
:107810009BFF03D84FF0FF30014607E00022254BC5
:1078200020463146E8F7F0FDE8F776FF102409E03E
:10783000002C0ADB0A220023E8F726FD039B3032E6
:107840001A55641E50EA0102F2D1641C039AC4F175
:1078500011031444119A012A03D0012208430DD1C7
:107860000AE0084304D000204FF0110B119072E79A
:10787000A3EB0B056D1E0DE05B4504DD4FF0000230
:1078800005F1010504E003DA4FF00002A5F101055E
:10789000002AECD002981199C0E90231C0E90045F4
:1078A00079E70000000014400000F03F30000000C5
:1078B0000000F0430000E03F2DE9FF4F95B09B46EC
:1078C0008946064600250FE2252877D10024274661
:1078D000F84A0121059400E0044316F8013F203BDB
:1078E00001FA03F01042F7D130782A2811D06FF056
:1078F0002F033078A0F13002092A16D8059A44F0F7
:10790000020402EB820203EB42021044761C059053
:10791000EFE759F8042B0592002A03DA504244F4A9
:107920000054059044F00204761C30782E2816D1BD
:1079300016F8010F44F004042A280DD06FF02F022E
:107940003078A0F13003092B09D807EB870302EB4D
:107950004303C718761CF3E759F8047B761C30788C
:107960006C280FD006DC4C2817D068280DD06A2868
:1079700014D104E0742810D07A280FD10DE044F41B
:1079800000140AE044F4801401E044F440147278D6
:10799000824202D104F58014761C761C3078662869
:1079A0000BD013DC582877D009DC002875D0452887
:1079B000F6D04628F4D047281AD19DE118E0632874
:1079C00035D0642879D0652812D195E1702873D01C
:1079D00008DC6728F1D069286FD06E280DD06F2899
:1079E00006D1B5E073282CD0752875D0782874D0CE
:1079F0005A46179990476D1C75E1C4F3025002284E
:107A000009D003280DD0D9F8001004280DD00D603E
:107A100009F1040967E1D9F80010EA17C1E9005239
:107A2000F6E7D9F800100D80F2E70D70F0E719F8CD
:107A3000041B8DF8001000208DF80100EA4601209B
:107A400003E059F804AB4FF0FF3061074FF000013D
:107A500002D40DE008F101018846B9420FDA8045F1
:107A6000F8DB1AF808100029F4D108E008F1010148
:107A700088468142FADB1AF808100029F6D10598E9
:107A80005B46A0EB080721463846179A00F094FAA7
:107A9000284400EB080507E04DE029E10DE01AF865
:107AA000010B5A4617999047B8F10108F7D25B4687
:107AB00021463846179A13E142E00A220092C4F3A5
:107AC00002524FF0000A022A08D059F804CB032AC8
:107AD0004FEAEC710AD00DE029E02AE009F1070134
:107AE00021F00702F2E802C1914609E00FFA8CFC8E
:107AF0004FEAEC71042A03D14FFA8CFC4FEAEC7187
:107B0000002907DA0A460021DCF1000C61EB0201D2
:107B10002D2202E0220504D52B228DF8042001221B
:107B200003E0E20701D02022F7E7904659E00A215E
:107B300002E010220DE010214FF0000A00910BE04E
:107B400010224FF0000A44F004040827009203E0DA
:107B500008224FF0000A0092C4F30252022A05D014
:107B600059F804CB0021032A08D009E009F10701E4
:107B700021F00702F2E802C1914605E01FFA8CFCF1
:107B8000042A01D10CF0FF0C4FF00008220728D581
:107B9000702806D0009B83F0100353EA0A0305D037
:107BA0000EE040228DF80420012208E05CEA010288
:107BB00006D030228DF804208DF805000222904670
:107BC000009B83F0080353EA0A030AD15CEA01022E
:107BD00001D1620705D530228DF804204FF001084D
:107BE0007F1E582804D034A003900EA802900DE008
:107BF00036A0F9E753466046009AE8F745FB84460D
:107C00000398825C0298401E029002705CEA0100B8
:107C1000F0D1029806A9081A00F1200A600702D5DF
:107C200024F4803400E00127574502DDA7EB0A0069
:107C300000E0002000EB0A01009005984144401A42
:107C40000590E00306D45B462146179A059800F09C
:107C5000B3F90544002706E001A85A46C05D17990C
:107C600090476D1C7F1C4745F6DBE0030CD55B4657
:107C70002146179A059800F09FF9054404E030204A
:107C80005A46179990476D1C0099481E009000298C
:107C9000F5DC08E0029802995A460078491C0291E6
:107CA000179990476D1CBAF10001AAF1010AF1DCA5
:107CB00065E10000092801003031323334353637B0
:107CC0003839616263646566000000003031323328
:107CD00034353637383941424344454600000000C8
:107CE00000F058F90544761C307800287FF4ECAD9C
:107CF00019B02846BDE8F08F620700D4062709F1C5
:107D0000070222F0070CFCE80223E14603F00048DA
:107D10005FEA080C02D00FF2702C0DE05FEA045C01
:107D200002D50FF2682C07E05FEAC47C02D00FF2A4
:107D3000602C01E0AFF2700C4FF0FF3823F00043ED
:107D4000CDF850C065280CD006DC452809D046285F
:107D50001DD047283DD13DE0662818D067287ED148
:107D600038E00021112F01DB112000E0781CCDE963
:107D7000000106A90EA8FFF7DDFCDDE90F010E9A50
:107D800003910021009207F1010A04914DE04FF0A8
:107D900000400097CDE9011006A90EA8FFF7CAFC24
:107DA000DDE90F0203920E9B11990022DDF80CA071
:107DB0000093049211B9791C00EB010AB7EB0A0099
:107DC00004D4C0F1FF3007F1010A0490AAEB0700C8
:107DD000019044E0012F00DA01270021112F01DD7D
:107DE000112000E03846CDE9000106A90EA8FFF7F2
:107DF000A1FCDDE90F010E9A03910021049100928C
:107E0000BA4621070CD40399514500DA8A46BAF1E3
:107E1000010F05DD009AAAF10101515C302908D05B
:107E2000B84202DA10F1040F06DA0121CDE901109F
:107E300015E0AAF10101E9E7002805DC04990144F5
:107E40000491AAEB000102E0411C514500DD8A4685
:107E50000499401A401C01904FF000400290200706
:107E600004D40198504501DBCDF8048000208DF842
:107E70004F0002980DF14F07B0F1004F25D02B2095
:107E80000E9002984FF0020800280CDA404202904F
:107E90002D200E9007E00A210298E8F780FA303191
:107EA000029007F8011DB8F10001A8F10108F2DC09
:107EB00002980028EFD1791E0E980870307800F0F3
:107EC000200040F0450007F8020D12A8C01B00F189
:107ED00007081498007800B1012000EB0A0101980E
:107EE00001EBE07105984144401A401E0590E00303
:107EF00006D45B462146179A059800F05DF80544C4
:107F00001498007818B15A46179990476D1CE003F1
:107F100024D55B462146179A059800F04DF8054494
:107F20001CE00498002807DBDDE90301884203DD3B
:107F30000098405C179901E0179930205A46904705
:107F4000049805F10105401C04900198401E019021
:107F500004D12E205A46179990476D1CBAF10001A2
:107F6000AAF1010ADDDC05E017F8010B5A46179962
:107F700090476D1CB8F10001A8F10108F4DC5B46E4
:107F80002146179A0598ABE62D0000002B00000053
:107F9000200000002DE9F041044600251E4617464A
:107FA000880404D405E039462020B0476D1C641EC7
:107FB000F9D52846BDE8F0812DE9F04104460025B9
:107FC0001E469046C80301D5302700E020278804CC
:107FD00004D505E041463846B0476D1C641EF9D50E
:107FE0002846BDE8F081000010B5002821D0114BD3
:107FF0000022001F196803E0814203D80A4649683D
:108000000029F9D152B11368841A9C4204D1006846
:1080100018441060104602E0506000E0186039B16A
:1080200002680B1A934203D10B681A440260496834
:10803000416010BD04000020F0B50B30154D20F05C
:1080400007010024144A0FE003688B420BD38B42D4
:1080500005D95E1A43184768C3E9006700E0436822
:10806000136002C004E0021D10680028ECD1204615
:10807000002802D1286808B10020F0BD064A074850
:108080001060074A121A22F00702C0E900240120FA
:108090002860D7E7080000200400002034150020E5
:1080A0003035002010B500EE100A2DED028BB1EE38
:1080B000C08A18EE100A20F00040C0F1FF40C00F47
:1080C0000AD010EE100A20F00040C0F1FF40C00FAF
:1080D00004BF0120FFF728FB18EE100ABDEC028B4D
:1080E00010BD000000000000000000000000B33FD1
:1080F000B2BE7D3A00002E40DFCF513800007E40F6
:10810000BF51FABA00E0A44019DAC3BA00E0C8408F
:10811000C2ED8AB90040EB40CD1F2CBA00100641D9
:108120002AFFFABA00C01541DFCFD13700D0244171
:108130009A97703A0050334189478E36004041414A
:10814000E75B9D3800B04E41C00A98B900A05B4182
:10815000558F943A00306841DA92C0BA00407441B9
:1081600062B3C63A0000803F00A0853F00908B3F7D
:1081700000C0913F0030983F00F09E3F00F0A53FC7
:108180000050AD3F0000B53F0000BD3F0060C53F5F
:108190000020CE3F0040D73F00C0E03F00C0EA3F94
:1081A0000020F53F000000007D36AC397D3C3839B9
:1081B000EBDCF438320A7E39124C26399B6AED39F1
:1081C000A4EE83397F661E39F6398A392B42653928
:1081D000A48211395B991F39C3EECD39DDE7C6376B
:1081E000A5A22F390000803FC3AA853FC2958B3FCF
:1081F000D3C3913FF037983F32F59E3FD7FEA53F5E
:108200003F58AD3FF304B53FA408BD3F2A67C53FC3
:108210008C24CE3FFD44D73FDFCCE03FC7C0EA3FD0
:108220007D25F53F000000006E83F9A22915444E1C
:10823000D15727FCC0DD34F5999562DB4190433C72
:10824000AB6351FE000000000000000001020304C7
:1082500006070809000000000102030400010203F0
:1082600004050607080C1014182030400000000018
:108270000000003F000000000000B4420000B442D3
:10828000000000000000803F00000000000000002F
:1082900000000000000080BF00000000000000009F
:1082A00000000000000080BF00000000000080BF50
:1082B000000000000000000000000000000080BF7F
:1082C0000000803F000000000000000008040204DD
:1082D0000801010101010103070100000100020082
:1082E0000400060008000A000C00100020004000F6
:1082F00080000001000000000000003F00008044FA
:108300000000204100000000F4010000636C7300D5
:1083100068656C70006C73006D6F646500706C75DF
:1083200073007265626F6F740073657400736574B7
:108330005661720076617273000000000A0000004E
:10834000315201080D0000003152010809000000FF
:10835000B564010808000000E14D01087F0000003D
:10836000E14D01081B000000C94D0108636C656107
:108370007220636F6D6D616E64206C696E65006361
:108380006F6D6D616E642068656C7000566965770D
:10839000207363686564756C6572206C6973740022
:1083A0007377697463682073797374656D206D6F7A
:1083B000646500706C7573007265626F6F74207411
:1083C0006865206D63750073657420666C6F6174F9
:1083D000207661726961626C6500736574207661F4
:1083E000720076617220666F722074657374007318
:1083F000686F7720766172730068656C70205B63CC
:108400006F6D6D616E645D202D2D73686F772068D0
:10841000656C7020696E666F206F6620636F6D6D8E
:10842000616E64006D6F6465203C307C317C327C11
:10843000333E007365742061203C76616C75653E47
:108440000073657456617220245B7661725D205BF7
:1084500076616C75655D007661723100494D5544F9
:10846000415441004C4544005348454C4C0046445F
:1084700043414E00494D5555706461746100566F1B
:1084800069636500556E6E616D65645461736B0060
:108490004261726F6D65746572004C6F77506F77D3
:1084A0006572004E616D6520202020202020202054
:1084B000202020205072696F7269747920205275D3
:1084C0006E74696D65287573290D0A0055736167AF
:1084D000653A206D6F6465203C307C317C327C33A2
:1084E0003E0D0A004D6F64652073776974636820E0
:1084F0006661696C65643A20256C640D0A005661FA
:10850000726961626C652027257327206E6F742065
:10851000666F756E640D0A0061203D2025660D0AA8
:10852000004D6F64652073776974636865642074B7
:108530006F2025730D0A00252D31367320252D3926
:108540007520256C750D0A0064616D70696E670099
:1085500073706F72747300636F6D666F7274007204
:1085600065737400082008000D0A434F4D4D414EBD
:1085700044204C4953543A0D0A0D0A000D0A564145
:10858000524941424C45204C4953543A0D0A0D0A78
:10859000000D0A70617373776F726420636F6E668B
:1085A00069726D206661696C65642E0D0A000D0AA2
:1085B00070617373776F726420636F6E6669726D3A
:1085C00020737563636573732E0D0A003A0D0A00FC
:1085D0006572726F723A207368656C6C2E72656199
:1085E00064206D75737420626520646566696E65CC
:1085F000640D0A00436F6D6D616E64206E6F7420B0
:10860000666F756E640D0A00766172206E6F74205D
:10861000666F756E640D0A000D0A5761726E6967A8
:108620003A20436F6D6D616E6420697320746F6FC3
:10863000206C6F6E670D0A0063616E27742073658E
:10864000742076616C0D0A000D0A0D0A0D0A205F78
:108650002020202020202020205F2020205F20209C
:10866000202020202020202020202020202020200A
:108670005F202020202020202020205F205F200D50
:108680000A7C207C202020205F5F5F7C207C5F7C38
:10869000207C5F205F5F5F205F205F5F2020205F86
:1086A0005F5F7C207C5F5F2020205F5F5F7C207CA1
:1086B000207C0D0A7C207C2020202F205F205C2045
:1086C0005F5F7C205F5F2F205F205C20275F5F7CE7
:1086D000202F205F5F7C20275F205C202F205F20E1
:1086E0005C207C207C0D0A7C207C5F5F7C20205FEE
:1086F0005F2F207C5F7C207C7C20205F5F2F207C94
:10870000202020205C5F5F205C207C207C207C205F
:10871000205F5F2F207C207C0D0A7C5F5F5F5F5FA6
:108720005C5F5F5F7C5C5F5F7C5C5F5F5C5F5F5F2B
:108730007C5F7C202020207C5F5F5F2F5F7C207C23
:108740005F7C5C5F5F5F7C5F7C5F7C0D0A0D0A4233
:1087500075696C643A202020202020204F6374200B
:10876000203420323032362031353A35393A3334FC
:108770000D0A56657273696F6E3A202020202032F0
:108780002E302E380D0A436F707972696768743A1B
:108790002020202863292032303230204C65747428
:1087A00065720D0A00203D2000636F6D6D616E647F
:1087B0002068656C70202D2D000D0A506C6561736A
:1087C0006520696E7075742070617373776F726461
:1087D0003A000D0A406C696E677975616E3E3E0025
:1087E0001B5B324A1B5B31480068656C70002C20B3
:1087F00030780000B888010800000020D002000096
:108800008A08000890890108D002002060720000E8
:108810001877010822830108754B0108B883010805
:10882000000000001D83010899490108B383010875
:108830000000000015830108AD3E01088C8301088B
:108840000000000018830108713F0108A08301089F
:108850002484010829830108354C0108C7830108D5
:10886000338401082D8301080D630108DA830108B0
:108870004184010834830108F9600108EF8301088D
:1088800000000000108301084D5D01087F8301088E
:10889000F98301080C830108F94E01086C83010873
:1088A0000000000057840108CC020020E283010888
:1088B000000000000000000001120F12803F6F1244
:1088C000833A0411042690D003EB803F11590459D8
:1088D0001C4904CB01021013240A12203510024255
:1088E0000828080D4801088547010B511B04091C85
:1088F000140402424A101C8BE9461C2A941C1119CC
:108900001C1962E91C1B74081C1C08024237911ECA
:108910003D49010859244FB1430108BD402C8B4902
:10892000453441CBCD44102BAC07642113080D4CCA
:1089300020600C0C011C1A99886A198819D411023C
:108940002A40F93C19D809333C052B04024204E9BA
:108950003C0A36103C1A08B40216011AE128011C20
:1089600013940B42204B280208180E48860108B9C0
:10897000870108AE85010891041A68041A7C041A5C
:10898000F4041A181C1AD008296B29AC327B000099
:040000050800024DA0
:00000001FF
