:020000040800F2
:10000000B852002061020008D1FF0008D1E60008C4
:10001000CDFF000851090008851F01087302000880
:100020000000000000000000000000008D0A010830
:100030005D28000800000000A5000108B10D0108BE
:100040007D0200087D0200087D0200087D02000894
:100050007D0200087D0200087D0200087D02000884
:100060007D0200087D0200087D0200087D02000874
:100070007D0200087D0200087D020008BD290008FD
:100080007D0200087D0200087D0200087D02000854
:100090007D0200087D0200087D0200087D02000844
:1000A0007D0200087D0200087D0200087D02000834
:1000B0007D020008292C00087D0200087D0200084E
:1000C0007D0200087D0200087D0200087D02000814
:1000D000000000007D0200087D020008D129000810
:1000E000E12900087D0200087D0200087D02000869
:1000F0007D0200087D0200087D0200087D020008E4
:100100007D0200087D020008391201087D02000806
:100110007D0200087D0200087D0200087D020008C3
:100120007D0200087D020008E91E01087D0200082A
:100130007D0200087D0200087D0200087D020008A3
:100140007D0200087D0200087D0200087D02000893
:100150007D0200087D0200087D0200087D02000883
:100160007D0200087D0200087D0200087D02000873
:100170007D0200087D0200087D0200087D02000863
:100180007D0200087D0200087D0200087D02000853
:100190007D0200087D0200087D0200087D02000843
:1001A0007D0200087D0200087D0200087D02000833
:1001B0007D0200087D0200087D0200087D02000823
:1001C0007D0200087D0200087D0200087D02000813
:1001D0007D0200087D0200087D0200087D02000803
:1001E0007D0200087D0200087D0200087D020008F3
:1001F0007D0200087D0200087D0200087D020008E3
:100200007D0200087D0200087D0200080000000059
:10021000000000007D020008000000007D020008D0
:100220007D0200087D0200087D0200087D020008B2
:100230007D0200087D0200087D0200087D020008A2
:100240007D0200087D0200087D020008DFF80CD066
:1002500000F0A6F8004800477D440108B85200208D
:100260000748804707480047FEE7FEE7FEE7FEE74E
:10027000FEE7FEE7FEE7FEE7FEE7FEE7FEE700003B
:10028000011101084D0200082DE9F05F054600202C
:1002900092469B4688460646814640241BE02846F7
:1002A00041464746224600F068F853465A46C01A6F
:1002B000914110D311461846224600F04FF82D1AEE
:1002C00067EB01084F4622460120002100F046F866
:1002D00017EB00094E41201EA4F10104DFDC484663
:1002E00031462A464346BDE8F09F40EA01039B079A
:1002F00003D009E008C9121F08C0042AFAD203E09B
:1003000011F8013B00F8013B521EF9D27047D2B2FE
:1003100001E000F8012B491EFBD270470022F6E7EE
:1003200010B513460A4604461946FFF7F0FF20466B
:1003300010BD10B5044604E00B7800F8013B03B192
:10034000491C521EF8D2204610BD034611F8012B5D
:1003500000F8012B002AF9D118467047202A04DB47
:10036000203A00FA02F1002070479140C2F12003C8
:1003700020FA03F3194390407047202A04DB203A07
:1003800021FA02F00021704721FA02F3D040C2F1B5
:100390002002914008431946704700207047000032
:1003A0001CB509480090094801900546009C06E0EC
:1003B000E06840F0010394E8070098471034AC422D
:1003C000F6D3FFF747FF00003864010858640108BE
:1003D00070B58C1810F8015B15F0070301D110F807
:1003E000013B2A1106D110F8012B03E010F8016B34
:1003F00001F8016B5B1EF9D12B0705D40023521EB7
:100400000DD401F8013BFAE710F8013BCB1A921C1E
:1004100003E013F8015B01F8015B521EF9D5A1421C
:10042000D8D3002070BD000080B582B08DF80700E1
:10043000009140F21470C2F200000021416101619C
:10044000C160816041600160012101709DF8070079
:10045000009A12F017F902B080BD000080B582B09A
:100460008DF807008DF80610009240F21471C2F268
:100470000001002048610861C86088604860086029
:1004800008709DF8060048709DF80700009A022148
:1004900012F0F8F802B080BD80B582B08DF8070088
:1004A0008DED000A40F21471C2F200010020486193
:1004B0000861C86088604860086003200870009880
:1004C000C1F801009DF80700052112F02BF902B0D8
:1004D00080BD000080B586B0049040F21472C2F274
:1004E0000002002050611061D06090605060106088
:1004F0002C211170049A0121019112F0C3F8019985
:100500000390049A084612F0BDF80290039818B1BF
:10051000FFE70398059008E0029818B1FFE70298FA
:10052000059002E000200590FFE7059806B080BD29
:1005300080B582B012F082FB0190019802B080BDBC
:1005400080B584B0ADF80A0001918DF80320BDF8A4
:100550000A0040F2FE71884207DCFFE7019820B1F3
:10056000FFE79DF8030020B9FFE76FF0010003905B
:1005700008E0BDF80A0001999DF8032012F0F8FB8D
:100580000390FFE7039804B080BD000080B584B0FD
:10059000ADF80E0012F0E8FB40F24060C2F200003D
:1005A00012F06AFA0190019818B9FFE711F00AFDFC
:1005B0000DE00198B0F1FF3F08DCFFE740F68861ED
:1005C000C2F20001886901308861FFE7FFE740F26D
:1005D0007060C2F2000012F071FA40B1FFE740F61D
:1005E0008861C2F20001C8690130C861FFE740F2CA
:1005F000A060C2F2000012F0AFFA40B1FFE740F68F
:100600008861C2F20001086A01300862FFE711F058
:100610001DFD40F26C00C2F20000007838B9FFE71F
:1006200040F22841C2F200010020086047E040F695
:10063000E060C2F20000407990B9FFE740F6E06068
:10064000C2F20000C07858B9FFE740F6E060C2F29D
:100650000000007920B9FFE76420ADF8020003E054
:100660000520ADF80200FFE7BDF80E2040F228405B
:10067000C2F200000168114401600068BDF8021078
:1006800088421CD3FFE740F22841C2F2000100205B
:10069000086005F02FF8CDF80A0040F202300DF1A5
:1006A0000A01042212F064FB40B1FFE740F68861C2
:1006B000C2F20001486901304861FFE7FFE704B07A
:1006C00080BD000080B582B0ADF80600BDF8060020
:1006D00040B1FFE740F26D00C2F20000007802284E
:1006E00001D0FFE70BE002F0E5F840B1FFE740F68C
:1006F0008861C2F20001086D01300865FFE702B0B1
:1007000080BD000080B584B040F60400C4F2024011
:10071000006800F040010020B0EB911F04D1FFE71A
:1007200012F074F8039065E002F0E2F820B1FFE700
:100730004FF0FF3003905DE00DF1070002F0DCF8B0
:1007400020B1FFE74FF0FF30039053E09DF8070022
:1007500020B9FFE712F05AF803904BE09DF807002C
:100760008DF8060004F0C6FF0290FFE704F0C2FF18
:100770000299401AC0087C281DD8FFE70DF1070038
:1007800002F0BAF820B1FFE74FF0FF30039031E0FC
:100790009DF807109DF8060008408DF806009DF8AA
:1007A000060020B9FFE712F031F8039022E00A209A
:1007B00003F0ACFDDAE7012005F0C4F8022005F0F3
:1007C000C1F8082005F0BEF8202005F0BBF840F67F
:1007D0004001C4F20241086840F0FF00086040F6A2
:1007E0000001C4F20241086840F080000860002067
:1007F0000390FFE7039804B080BD000080B540F28D
:10080000D061C2F200010020087002F071F880BDD2
:1008100080B582B0ADF8060040F2D060C2F20000B0
:100820000078F0B9FFE740F6E060C2F20000C0785F
:10083000B0B1FFE740F6E060C2F20000007978B1A5
:10084000FFE712F0D7F920B1FFE712F0E5F938B968
:10085000FFE740F2D061C2F2000101200870FFE71B
:1008600014E00DF1050002F047F840B1FFE740F653
:100870008861C2F20001C86A0130C86206E09DF8D2
:10088000050018B9FFE711F0C1FFFFE702B080BD16
:1008900080B584B08DF80B009DF80B00652804D35B
:1008A000FFE76FF00100039014E09DF80B0018B90A
:1008B000FFE76A20019003E09DF80B000190FFE73D
:1008C00001988DF80A009DF80A10002014F082FBB0
:1008D0000390FFE7039804B080BD000080B582B0AC
:1008E000ADF8060040F6E060C2F200008079012811
:1008F00007D0FFE740F22C41C2F20001002008704F
:1009000024E040F22C40C2F20000007870B9FFE70A
:1009100004F0F0FE40F23041C2F20001086040F203
:100920002C41C2F20001012008700FE004F0E2FE49
:1009300040F23041C2F200010968401A00097C28E7
:1009400001D8FFE702E011F0F1FFFFE702B080BD40
:10095000FFE7FEE784B002900191009202980199AE
:10096000884203DAFFE7019803900AE002980099B1
:10097000884203DDFFE70098039002E002980390AD
:10098000FFE7039804B0704785B004900498006AAC
:10099000039004980068406920F4430003990843D9
:1009A000049909684861049B1A6958699969DB6967
:1009B0001843104308430390049801680120502213
:1009C000C4F202029142029000F06781FFE70498AE
:1009D000016801205022C5F202029142029000F00B
:1009E0005C81FFE7049801680120D022C4F2020272
:1009F0009142029000F05181FFE7049801680120C4
:100A0000D022C5F202029142029000F04681FFE737
:100A100004980168012040F25012C4F2020291428F
:100A2000029000F03A81FFE704980168012040F24B
:100A30005012C5F202029142029000F02E81FFE7AF
:100A400004980168012040F2D012C4F202029142DF
:100A5000029000F02281FFE704980168012040F233
:100A6000D012C5F202029142029000F01681FFE717
:100A700004980168012040F25022C4F2020291421F
:100A8000029000F00A81FFE704980168012040F21B
:100A90005022C5F202029142029000F0FE80FFE770
:100AA00004980168012040F2D022C4F2020291426F
:100AB000029000F0F280FFE704980168012040F204
:100AC000D022C5F202029142029000F0E680FFE7D8
:100AD00004980168012040F25032C4F202029142AF
:100AE000029000F0DA80FFE704980168012040F2EC
:100AF0005032C5F202029142029000F0CE80FFE730
:100B000004980168012040F2D032C4F202029142FE
:100B1000029000F0C280FFE704980168012040F2D3
:100B2000D032C5F202029142029000F0B680FFE797
:100B300004980168012041F25002C4F2020291427D
:100B4000029000F0AA80FFE704980168012041F2BA
:100B50005002C5F202029142029000F09E80FFE72F
:100B600004980168012041F2D002C4F202029142CD
:100B7000029000F09280FFE704980168012041F2A2
:100B8000D002C5F202029142029000F08680FFE797
:100B900004980168012041F25012C4F2020291420D
:100BA00002907AD0FFE704980168012041F25012C8
:100BB000C5F20202914202906FD0FFE704980168EB
:100BC000012041F2D012C4F202029142029064D09C
:100BD000FFE704980168012041F2D012C5F2020239
:100BE0009142029059D0FFE704980168012041F238
:100BF0005022C4F20202914202904ED0FFE70498C4
:100C00000168012041F25022C5F202029142029095
:100C100043D0FFE704980168012041F2D022C4F2DA
:100C200002029142029038D0FFE704980168012047
:100C300041F2D022C5F20202914202902DD0FFE78C
:100C400004980168012041F25032C4F2020291423C
:100C5000029022D0FFE704980168012041F250324F
:100C6000C5F202029142029017D0FFE70498016892
:100C7000012041F2D032C4F20202914202900CD023
:100C8000FFE7049800684EF63041CAF6FD7108444B
:100C9000B0FA80F040090290FFE70298C007B8B1AF
:100CA000FFE70498426A836AC06A0021CFF6F071B8
:100CB00001EB035101F07C7108436FF00F0101EB70
:100CC000021101F47C710143039808430390FFE78C
:100CD00004980068006C00F0802003990843049990
:100CE00009680864049988680A791043096B084305
:100CF00003900498C068B0F5806F40F07C81FFE7F6
:100D00000498016801205022C4F20202914201902D
:100D100000F06781FFE70498016801205022C5F2C6
:100D200002029142019000F05C81FFE704980168A3
:100D30000120D022C4F202029142019000F05181C0
:100D4000FFE7049801680120D022C5F20202914217
:100D5000019000F04681FFE704980168012040F20D
:100D60005012C4F202029142019000F03A81FFE772
:100D700004980168012040F25012C5F2020291422B
:100D8000019000F02E81FFE704980168012040F2F5
:100D9000D012C4F202029142019000F02281FFE7DA
:100DA00004980168012040F2D012C5F2020291427B
:100DB000019000F01681FFE704980168012040F2DD
:100DC0005022C4F202029142019000F00A81FFE732
:100DD00004980168012040F25022C5F202029142BB
:100DE000019000F0FE80FFE704980168012040F2C6
:100DF000D022C4F202029142019000F0F280FFE79B
:100E000004980168012040F2D022C5F2020291420A
:100E1000019000F0E680FFE704980168012040F2AD
:100E20005032C4F202029142019000F0DA80FFE7F2
:100E300004980168012040F25032C5F2020291424A
:100E4000019000F0CE80FFE704980168012040F295
:100E5000D032C4F202029142019000F0C280FFE75A
:100E600004980168012040F2D032C5F2020291429A
:100E7000019000F0B680FFE704980168012041F27C
:100E80005002C4F202029142019000F0AA80FFE7F2
:100E900004980168012041F25002C5F20202914219
:100EA000019000F09E80FFE704980168012041F264
:100EB000D002C4F202029142019000F09280FFE75A
:100EC00004980168012041F2D002C5F20202914269
:100ED000019000F08680FFE704980168012041F24C
:100EE0005012C4F20202914201907AD0FFE70498B6
:100EF0000168012041F25012C5F2020291420190B4
:100F00006FD0FFE704980168012041F2D012C4F2CB
:100F100002029142019064D0FFE704980168012029
:100F200041F2D012C5F202029142019059D0FFE77E
:100F300004980168012041F25022C4F20202914259
:100F400001904ED0FFE704980168012041F2502241
:100F5000C5F202029142019043D0FFE70498016874
:100F6000012041F2D022C4F202029142019038D015
:100F7000FFE704980168012041F2D022C5F2020285
:100F8000914201902DD0FFE704980168012041F2C1
:100F90005032C4F202029142019022D0FFE704983D
:100FA0000168012041F25032C5F2020291420190E3
:100FB00017D0FFE704980168012041F2D032C4F253
:100FC0000202914201900CD0FFE7049800684EF6AF
:100FD0003041CAF6FD710844B0FA80F04009019032
:100FE000FFE70198C00728B1FFE7039840F480604D
:100FF0000390FFE70CE00498C068B0F5007F05D1CE
:10100000FFE7039840F40070039000E0FFE7FFE77C
:101010000498416B03980843039004980068406C5F
:1010200042F20011C3F6C0410840039908430499F5
:10103000096848640498016800208864049801687D
:10104000012040F25032C4F20202914200904ED090
:10105000FFE704980168012040F25032C5F2020215
:101060009142009043D0FFE704980168012040F2CC
:10107000D032C4F202029142009038D0FFE70498C7
:101080000168012040F2D032C5F202029142009084
:101090002DD0FFE704980168012041F25032C4F2DC
:1010A00002029142009022D0FFE7049801680120DB
:1010B00041F25032C5F202029142009017D0FFE790
:1010C00004980168012041F2D032C4F20202914238
:1010D00000900CD0FFE7049800684EF63041CAF645
:1010E000FD710844B0FA80F040090090FFE70098D5
:1010F000C00740B1FFE704980168002048650499E3
:1011000009688865FFE7049801680020C86705B092
:101110007047000085B00090009B9869D9691A6AF1
:101120005B6A04930392029101909DED010ADDED4B
:10113000020A9DED031ADDED041A05B070470000A8
:1011400080B582B00190019846F24C31C0F60101A1
:1011500000F0D8F8019800F003F802B080BD00005C
:1011600080B58EB00D900D9A4FF07E500990002002
:101170000A900B900C9009990A9BDDF82CC0DDF8C1
:1011800030E0C2F824E0C2F820C0D36191610D9A2A
:101190000690079008900699079BDDF820C0C2F8DA
:1011A00030C0D36291620D9A012182F834100D9AF9
:1011B0000021C4F2201191630D9981F840000D9A2D
:1011C0000390049005900399049BDDF814C0C2F8C5
:1011D0004CC0936451640D9A009001900290009964
:1011E000019BDDF808C0C2F858C0536511650D9920
:1011F00081F85C000D9908660D9A516951660D9948
:1012000081F868000D99C8660D99486908670EB0A5
:1012100080BD000080B590B00F908DED0E0A0F9844
:1012200090ED060A90ED073A90ED081A90ED092A24
:1012300023EE013A20EE020A30EE030A21EE013AD3
:10124000B6EE001A8DED011A31EE431A22EE022A93
:1012500071EE420A14F098F88DED0D0A9DED0D0A1D
:101260008DED020A9DED0E0A00F0C0FC9DED011A05
:10127000B0EE402A9DED020A30EE420A20EE010A4D
:101280008DED0C0A9DED0C0A14F0D4F98DED080AD1
:10129000002009900A909DED0C0A14F0A5FDB0EE17
:1012A000401A9FED170A30EE410A8DED0B0A0F9898
:1012B00003909DED080ADDED090A9DED0A1ADDEDAA
:1012C0000B1A90ED062AD0ED072A90ED083AD0EDE2
:1012D000093A00F07FFE0399CDED071A8DED061A4D
:1012E000CDED050A8DED040A0498059A069BDDF8FC
:1012F0001CC0C1F824C00B62CA61886110B080BDF7
:101300000000008080B586B00590049104980078B4
:10131000059908700498406805994860049890ED14
:10132000020AB5EE400AF1EE10FA05D1FFE79FED93
:101330004C0A8DED030A09E0049890ED020A9FED36
:10134000471A20EE010A8DED030AFFE79DED030A1F
:10135000059880ED020A049890ED030AB5EE400A64
:10136000F1EE10FA05D1FFE79FED3D0A8DED020A7F
:1013700011E0049890ED030A00F038FC14F034FDFD
:10138000B6EE001A20EE010AF0EE000A14F0FAF9A7
:101390008DED020AFFE79DED020A059880ED030A34
:1013A000049890ED040AB5EE400AF1EE10FA05D16A
:1013B000FFE79FED2B0A8DED010A11E0049890EDF7
:1013C000040A00F013FC14F00FFDB6EE001A20EE34
:1013D000010AF0EE000A14F0D5F98DED010AFFE7DD
:1013E0009DED010A059880ED040A0498406905996D
:1013F00048610599486948660599486908670498ED
:1014000090ED010AB5EE400AF1EE10FA04D0FFE7C4
:101410000498406948B9FFE705994FF6FF70C7F691
:101420007F70C86005990861FFE7059890F834005F
:10143000C00720B9FFE7059948688863FFE705986A
:1014400090ED011AB2EE040A30EE410AB0EE081A2D
:1014500080EE010A80ED0F0A06B080BD48E17A3FB8
:10146000FFFF7F7F80B5CAB08DED491ACDED480AE8
:101470008DED470ACDED462A8DED452ACDED441A76
:101480008DED434ACDED423A8DED413A4090CDEDA0
:101490003F4A40994498459A469B0B63CA628862CA
:1014A0009DED470AB0EEC00A409890ED021AB4EEE6
:1014B000410AF1EE10FA1ADCFFE79DED480AB0EEA2
:1014C000C00A409890ED021AB4EE410AF1EE10FA0B
:1014D0000DDCFFE79DED490AB0EEC00A409890EDA3
:1014E000021AB4EE410AF1EE10FA1CDDFFE7409B50
:1014F0009869D9691A6A5B6A3E933D923C913B9028
:101500004098FFF72DFE40993B983C9A3D9BDDF8B3
:10151000F8C0C1F824C00B62CA61886140990120FB
:1015200081F84000FFE7409890F83400C00768B3A6
:10153000FFE7409890ED0E0A90ED0F1A9DED3F2ABF
:1015400021EE021A30EE410A80ED0E0A409890ED2D
:10155000011A90ED0E0AB4EE410AF1EE10FA09DB21
:10156000FFE7409890ED010AB5EE400AF1EE10FA5F
:101570000BD1FFE74099486888634099002081F8C3
:101580003400409981F84000FFE7FFE740980CF0F5
:1015900053FF8DED3A1ACDED390A8DED380A002052
:1015A0003790369035904099012081F85C009DED90
:1015B000440ADDED450A9DED461A01F00FF80028BA
:1015C00079D1FFE7409804909DED440ADDED450A8E
:1015D0009DED461A01F054F88DED311ACDED300A2B
:1015E0008DED2F0A9DED2F0ADDED300A9DED311AAC
:1015F000DDED381A9DED392ADDED3A2A01F0B2FA17
:1016000004998DED341ACDED330A8DED320A3298FE
:10161000339A349BCB648A644864409890F83400D1
:10162000C00790B9FFE7409890ED110AD0ED120A7B
:1016300090ED131A00F0FEFF409890ED031AB4EEFF
:10164000410AF1EE10FA09DCFFE74099002081F829
:101650005C004099086E0938086604E04099086EFD
:1016600001300866FFE74099086E496E884207DD41
:10167000FFE7409900204866409981F85C0003E04C
:10168000409948694866FFE740984269006E00212A
:10169000FFF760F940990866409890F85C00C00731
:1016A00040B9FFE7409A506C916CD26C37923691FA
:1016B0003590FFE7FFE700202E902D902C90409969
:1016C000012081F868009DED410ADDED420A9DEDA3
:1016D000431A00F083FF002840F09780FFE740980E
:1016E0000CF032FF8DED2B1ACDED2A0A8DED290A73
:1016F000409803909DED380ADDED390A9DED3A1AC8
:10170000DDED411A9DED422ADDED432A00F098FE01
:101710008DED221ACDED210A8DED200A9DED200AD6
:10172000DDED210A9DED221A00F0AAFF8DED251AAC
:10173000CDED240A8DED230A9DED230ADDED240A6B
:101740009DED251ADDED291A9DED2A2ADDED2B2AC6
:1017500001F008FA03998DED281ACDED270A8DEDD9
:10176000260A2698279A289B8B654A650865409823
:1017700090F83400C00790B9FFE7409890ED140A44
:10178000D0ED150A90ED161A00F054FF409890ED38
:10179000041AB4EE410AF1EE10FA09DCFFE74099B1
:1017A000002081F868004099C86E0938C86604E0D6
:1017B0004099C86E0130C866FFE74099C86E096F4E
:1017C000884207DDFFE7409900200867409981F8CB
:1017D000680003E0409948690867FFE7409842695C
:1017E000C06E0021FFF7B6F84099C866409890F89F
:1017F0006800C00740B9FFE7409A106D516D926DC7
:101800002E922D912C90FFE7FFE7B6EE000A00F034
:10181000EDF9F0EE401A9DED470ADDED480A9DED29
:10182000491A00F057FF8DED1F1ACDED1E0A8DED00
:101830001D0A9DED350ADDED360A9DED371ADDED09
:101840002C1A9DED2D2ADDED2E2A00F09DFD8DED4B
:10185000161ACDED150A8DED140A4098D0ED0E1A2A
:101860009DED140ADDED150A9DED161A00F032FF0C
:101870008DED191ACDED180A8DED170A9DED1D0A93
:10188000DDED1E0A9DED1F1ADDED171A9DED182ADC
:10189000DDED192A00F078FD8DED1C1ACDED1B0A47
:1018A0008DED1A0A40980190DDED3F1A9DED1A0A60
:1018B000DDED1B0A9DED1C1A00F00CFF01988DED6B
:1018C0000B1ACDED0A0A8DED090A90ED060AD0ED4E
:1018D000070A90ED081AD0ED091A9DED092ADDEDF1
:1018E0000A2A9DED0B3A00F0C7FC0198CDED0F1AC6
:1018F0008DED0E1ACDED0D0A8DED0C0A90ED060A58
:10190000D0ED070A90ED081AD0ED091A9DED0C2ACA
:10191000DDED0D2A9DED0E3ADDED0F3A00F07EFA79
:101920000199CDED131A8DED121ACDED110A8DED41
:10193000100A1098119A129BDDF84CC0C1F824C00F
:101940000B62CA6188614098029090ED060AD0ED62
:10195000070A90ED081AD0ED091A00F007FB02996A
:10196000CDED081A8DED071ACDED060A8DED050AAD
:101970000598069A079BDDF820C0C1F824C00B62C9
:10198000CA6188614AB080BD80B58CB08DED0B1AFC
:10199000CDED0A0A8DED090ACDED082A8DED072A55
:1019A000CDED061A05908DED043A059800210191C0
:1019B00002910391DDED044A9DED090ADDED0A0A6D
:1019C0009DED0B1ADDED061A9DED072ADDED082AC7
:1019D0009DED013ADDED023A9DED034AFFF742FD30
:1019E000059890F83400C00730B1FFE705989FEDE7
:1019F000030AFFF70FFCFFE70CB080BD00000000FA
:101A000080B582B08DED000A9DED000ABFEE001A90
:101A1000B4EE410AF1EE10FA06DCFFE740F6DB70A7
:101A2000CBF6C970019016E09DED000AB7EE001AE2
:101A3000B4EE410AF1EE10FA06DBFFE740F6DB7088
:101A4000C3F6C970019006E09DED000A13F006FC94
:101A50008DED010AFFE79DED010A02B080BD000097
:101A600085B0049003919DED030AB8EE401AB7EEDD
:101A7000000A80EE010A9FED0C1A20EE010A04987C
:101A800080ED000A0398049948600499002088605A
:101A900004990090019002900098019A029B4B617A
:101AA0000A61C86005B07047FDAD003E80B592B0D8
:101AB0008DED0E1ACDED0D0A8DED0C0A0B900B98E5
:101AC0009DED0C0ADDED0D0A9DED0E1AD0ED031A09
:101AD00090ED042AD0ED052A00F07EFE8DED0A1A65
:101AE000CDED090A8DED080A089809990A9A0E9217
:101AF0000D910C909DED0C0AB0EEC00AB0EE081AE4
:101B0000B4EE410AF1EE10FA18DCFFE79DED0D0A84
:101B1000B0EEC00AB0EE081AB4EE410AF1EE10FAC7
:101B20000CDCFFE79DED0E0AB0EEC00AB0EE081A1D
:101B3000B4EE410AF1EE10FA0ADDFFE70B9900203E
:101B400088600C980D990E9A119210910F9045E0B3
:101B50000B984168806888420BD2FFE70B99886830
:101B6000013088600C980D990E9A119210910F9087
:101B700034E00B980190D0ED001A9DED0C0ADDEDDC
:101B80000D0A9DED0E1A00F0CFFD01988DED041A9F
:101B9000CDED030A8DED020A90ED030AD0ED040AA3
:101BA00090ED051ADDED021A9DED032ADDED042A04
:101BB00000F018FC01998DED071ACDED060A8DEDA8
:101BC000050A0598069A079B4B610A61C8600C9844
:101BD0000D990E9A119210910F90FFE79DED0F0A4B
:101BE000DDED100A9DED111A12B080BD81B08DEDB2
:101BF000000A9DED000A9FED031A20EE010A01B0D4
:101C0000704700BF35FA8E3C82B08DED010A019815
:101C10000090009941F21240C5F61F70A0EB6100E0
:101C200000909DED000A9DED011A9FED082A21EE1E
:101C3000021A21EE001A21EE001A9FED052A31EE5C
:101C4000021A20EE010A02B0704700BF12D336BF5D
:101C5000FF51D83FF0B58FB0189E179D169CDDF848
:101C600054E0DDF850C00B960A950994CDF820E0B9
:101C7000CDF81CC006930592049103908DED021AD5
:101C8000CDED010A8DED000A9DED031A9DED043A9C
:101C90009DED050A9DED004A9DED015A9DED022A3C
:101CA00023EE053A21EE041A31EE031A20EE020A61
:101CB00030EE010A8DED0C0A9DED061A9DED073AF6
:101CC0009DED080A9DED004A9DED015A9DED022A09
:101CD00023EE053A21EE041A31EE031A20EE020A31
:101CE00030EE010A8DED0D0A9DED091A9DED0A3ABF
:101CF0009DED0B0A9DED004A9DED015A9DED022AD6
:101D000023EE053A21EE041A31EE031A20EE020A00
:101D100030EE010A8DED0E0A9DED0C0ADDED0D0A87
:101D20009DED0E1A0FB0F0BDF0B5A1B02A9E299D11
:101D3000289CDDF89CE0DDF898C08DED1D1ACDEDF6
:101D40001C0A8DED1B0A1A9619951894CDF85CE0C3
:101D5000CDF858C01593149213911290CDED112A1D
:101D60008DED102ACDED0F1A8DED0E4ACDED0D3A09
:101D70008DED0C3A9DED1B0ADDED1C0A9DED1D1A43
:101D8000DDED0C1A9DED0D2ADDED0E2A00F0F6FCBE
:101D90008DED081ACDED070A8DED060A9DED060AB8
:101DA000DDED070A9DED081ADDED0F1A9DED102AF5
:101DB000DDED112A00F0B6FB8DED0B1ACDED0A0A10
:101DC0008DED090A12981399149A159BDDF858C0E5
:101DD000179C189D199E1A9F9DED090ADDED0A0AB0
:101DE0009DED0B1AEE46CEF81070CEF80C60CEF8D2
:101DF0000850CEF80440CEF800C0FFF72BFF8DED61
:101E0000201ACDED1F0A8DED1E0A9DED1E0ADDED97
:101E10001F0A9DED201A21B0F0BD00008CB0CDED61
:101E2000071A8DED061ACDED050A8DED040ACDEDEC
:101E3000033A8DED023ACDED012A8DED002A9DED9C
:101E4000040A9DED001A30EE010A8DED080A9DEDA1
:101E5000050A9DED011A30EE010A8DED090A9DED8E
:101E6000060A9DED021A30EE010A8DED0A0A9DED7B
:101E7000070A9DED031A30EE010A8DED0B0A9DED68
:101E8000080ADDED090A9DED0A1ADDED0B1A0CB00A
:101E9000704700008CB0CDED071A8DED061ACDED20
:101EA000050A8DED040ACDED033A8DED023ACDED34
:101EB000012A8DED002A9DED040A9DED001A20EE09
:101EC000010A8DED080A9DED050A9DED011A20EE2F
:101ED000010A8DED090A9DED060A9DED021A20EE1C
:101EE000010A8DED0A0A9DED070A9DED031A20EE09
:101EF000010A8DED0B0A9DED080ADDED090A9DED45
:101F00000A1ADDED0B1A0CB07047000080B588B0DE
:101F1000CDED071A8DED061ACDED050A8DED040AFB
:101F20009DED042ADDED052A9DED063ADDED073A2B
:101F3000B0EE420AF0EE620AB0EE431AF0EE631A17
:101F4000FFF7A8FFCDED031A8DED021ACDED010AC2
:101F50008DED000A9DED000ADDED010A9DED021AEE
:101F6000DDED031A00F008F908B080BD80B588B037
:101F7000CDED031A8DED021ACDED010A8DED000AAB
:101F80009DED000ADDED010A9DED021ADDED031A5B
:101F9000FFF7BCFFFFF738FEB0EE402A9DED000AC8
:101FA000DDED010A9DED021ADDED031A00F0AEF839
:101FB000CDED071A8DED061ACDED050A8DED040A5B
:101FC0009DED040ADDED050A9DED061ADDED071A0B
:101FD00008B080BD8CB0CDED071A8DED061ACDEDA1
:101FE000050A8DED040ACDED033A8DED023ACDEDF3
:101FF000012A8DED002A9DED040A9DED055A9DED07
:10200000063A9DED071A9DED006A9DED017A9DED62
:10201000024A9DED032A25EE075A20EE060A30EE0D
:10202000450A23EE043A30EE430A21EE021A30EE5E
:10203000410A8DED080A9DED007A9DED016A9DED46
:10204000022A9DED034A9DED043A9DED055A9DED52
:10205000060A9DED071A25EE075A23EE063A33EEDF
:10206000053A20EE040A30EE030A21EE021A30EEA1
:10207000410A8DED090A9DED004A9DED012A9DED75
:10208000026A9DED037A9DED043A9DED055A9DEDA2
:10209000061A9DED070A25EE075A23EE063A33EE9F
:1020A000453A21EE041A31EE031A20EE020A30EE10
:1020B000010A8DED0A0A9DED002A9DED014A9DED74
:1020C000027A9DED036A9DED041A9DED055A9DED82
:1020D000063A9DED070A25EE075A21EE061A31EE63
:1020E000051A23EE043A31EE431A20EE020A30EECE
:1020F000010A8DED0B0A9DED080ADDED090A9DED43
:102100000A1ADDED0B1A0CB07047000089B0CDED56
:10211000041A8DED031ACDED020A8DED010A8DED45
:10212000002A9DED010A9DED001A20EE010A8DEDB9
:10213000050A9DED020A9DED001A20EE010A8DEDC3
:10214000060A9DED030A9DED001A20EE010A8DEDB1
:10215000070A9DED040A9DED001A20EE010A8DED9F
:10216000080A9DED050ADDED060A9DED071ADDED75
:10217000081A09B07047000084B0CDED031A8DED48
:10218000021ACDED010A8DED000A9DED000A9DEDCC
:10219000013A9DED022A9DED031A30EE030A30EE5E
:1021A000020A30EE010A04B07047000080B588B022
:1021B000CDED041A8DED031ACDED020A8DED010A65
:1021C0009DED011A9DED023A9DED030A9DED042A55
:1021D00021EE033A20EE020A30EE030A22EE022A32
:1021E00021EE011A31EE021AB6EE002A8DED002A18
:1021F00071EE420A13F0C8F800F0B8F88DED050A48
:102200009DED010A9DED021A9DED032A9DED043A14
:1022100021EE031A20EE020A30EE410A30EE000AE7
:10222000FFF7EEFB00F0A2F89DED002A8DED060A07
:102230009DED011A9DED023A9DED030A9DED044AC4
:1022400021EE044A23EE000A30EE040A23EE033A9C
:1022500021EE011A31EE031A71EE420A13F094F8DE
:1022600000F084F88DED070A9DED050ADDED060A04
:102270009DED071A08B080BD8BB0CDED061A8DED2F
:10228000051ACDED040A8DED030A8DED023ACDED70
:10229000012A8DED002A9DED043A9DED050A9DED84
:1022A000061A9DED004A9DED015A9DED022A20EE91
:1022B000450A23EE043A30EE430A21EE021A30EECC
:1022C000410A8DED070A9DED004A9DED012A9DED25
:1022D000025A9DED030A9DED053A9DED061A23EE87
:1022E000053A20EE040A30EE030A21EE021A30EE1F
:1022F000410A8DED080A9DED002A9DED014A9DEDF4
:10230000025A9DED031A9DED043A9DED060A23EE57
:10231000053A21EE041A31EE431A20EE020A30EE9D
:10232000010A8DED090A9DED002A9DED015A9DEDF2
:10233000024A9DED030A9DED043A9DED051A23EE38
:10234000053A20EE040A30EE030A21EE021A30EEBE
:10235000410A8DED0A0A9DED070ADDED080A9DEDA3
:10236000091ADDED0A1A0BB07047000081B08DED3F
:10237000000A9DED000A9FED031A20EE010A01B04C
:10238000704700BFE02E654289B08DED051ACDED96
:10239000040A8DED030ACDED022A8DED012ACDED63
:1023A000001A9DED030A9DED001A30EE010A8DED35
:1023B000060A9DED040A9DED011A30EE010A8DED2D
:1023C000070A9DED050A9DED021A30EE010A8DED1A
:1023D000080A9DED060ADDED070A9DED081A09B011
:1023E0007047000089B08DED051ACDED040A8DED22
:1023F000030ACDED022A8DED012ACDED001A9DEDE7
:10240000030A9DED001A30EE010A8DED060A9DEDDE
:10241000040A9DED011A30EE010A8DED070A9DEDCB
:10242000050A9DED021A30EE010A8DED080A9DEDB8
:10243000060ADDED070A9DED081A09B07047000095
:1024400089B08DED051ACDED040A8DED030ACDEDB1
:10245000022A8DED012ACDED001A9DED013A9DED88
:10246000022A9DED040A9DED051A21EE031A20EEC5
:10247000020A30EE410A8DED060A9DED031A9DED2C
:10248000050A9DED002A9DED023A21EE031A20EE89
:10249000020A30EE410A8DED070A9DED003A9DEDEE
:1024A000012A9DED030A9DED041A21EE031A20EE88
:1024B000020A30EE410A8DED080A9DED060ADDEDB7
:1024C000070A9DED081A09B07047000080B58AB070
:1024D0008DED091ACDED080A8DED070ACDED062A1E
:1024E0008DED052ACDED041A9DED070ADDED080AF4
:1024F0009DED091ADDED041A9DED052ADDED062A94
:1025000000F03EF88DED031ACDED020A8DED010AC3
:102510009DED010ADDED020A9DED031A00F08AF936
:102520000AB080BD89B08DED051ACDED040A8DEDA0
:10253000030ACDED022A8DED012ACDED001A9DEDA5
:10254000030A9DED001A20EE010A8DED060A9DEDAD
:10255000040A9DED011A20EE010A8DED070A9DED9A
:10256000050A9DED021A20EE010A8DED080A9DED87
:10257000060ADDED070A9DED081A09B07047000054
:1025800089B08DED051ACDED040A8DED030ACDED70
:10259000022A8DED012ACDED001A9DED030A9DED75
:1025A000001A20EE010A8DED060A9DED040A9DED4C
:1025B000011A20EE010A8DED070A9DED050A9DED39
:1025C000021A20EE010A8DED080A9DED060ADDEDE6
:1025D000070A9DED081A09B07047000084B08DED20
:1025E000031ACDED020A8DED010A9DED010A0020CE
:1025F000B5EE400AF1EE10FA009015D1FFE79DED1F
:10260000020A0020B5EE400AF1EE10FA00900BD15C
:10261000FFE79DED030A0020B5EE400AF1EE10FA47
:1026200008BF01200090FFE7009800F0010004B00F
:102630007047000080B586B08DED051ACDED040A17
:102640008DED030ADDED031A9DED042ADDED052A6B
:10265000B0EE610AF0EE420AB0EE621AFFF790FFA8
:102660008DED021ACDED010A8DED000A9DED000AF7
:10267000DDED010A9DED021A00F0DCF806B080BD28
:1026800080B586B08DED021ACDED010A8DED000A00
:102690009DED000ADDED010A9DED021AFFF7CAFF6C
:1026A000FFF7B2FAF0EE401A9DED000ADDED010AE7
:1026B0009DED021A00F00EF88DED051ACDED040A1D
:1026C0008DED030A9DED030ADDED040A9DED051A6B
:1026D00006B080BD87B08DED031ACDED020A8DEDF9
:1026E000010ACDED001A9DED010A9DED001A20EEC4
:1026F000010A8DED040A9DED020A9DED001A20EEFF
:10270000010A8DED050A9DED030A9DED001A20EEEC
:10271000010A8DED060A9DED040ADDED050A9DED29
:10272000061A07B07047000087B08DED031ACDED93
:10273000020A8DED010ACDED001A9DED010A9DED15
:10274000001A20EE010A8DED040A9DED020A9DEDAE
:10275000001A20EE010A8DED050A9DED030A9DED9C
:10276000001A20EE010A8DED060A9DED040ADDED4A
:10277000050A9DED061A07B07047000089B08DED7F
:10278000051ACDED040A8DED030ACDED022A8DED7B
:10279000012ACDED001A9DED030A9DED001A30EEE1
:1027A000410A8DED060A9DED040A9DED011A30EEF9
:1027B000410A8DED070A9DED050A9DED021A30EEE6
:1027C000410A8DED080A9DED060ADDED070A9DED33
:1027D000081A09B07047000089B08DED051ACDEDDB
:1027E000040A8DED030ACDED022A8DED012ACDED0F
:1027F000001A9DED030A9DED001A30EE410A8DEDA1
:10280000060A9DED040A9DED011A30EE410A8DED98
:10281000070A9DED050A9DED021A30EE410A8DED85
:10282000080A9DED060ADDED070A9DED081A09B0BC
:102830007047000083B08DED021ACDED010A8DEDD9
:10284000000A9DED000A9DED012A9DED021A30EE71
:10285000020A30EE010A03B0704700007047000022
:1028600080B582B08DF8070040F2B800C2F20000D7
:10287000026A9DF80710904702B080BD80B582B013
:102880008DF8070040F2F400C2F20000026A9DF8E1
:102890000710904702B080BD80B582B08DF8070068
:1028A00040F23010C2F20000026A9DF80710904713
:1028B00002B080BD80B582B040F25C20C2F2000060
:1028C000426A6946904720B1FFE74FF0FF30019020
:1028D0000BE040F25C20C2F20000026A0099B1FAFB
:1028E00081F1490990470190FFE7019802B080BD4E
:1028F00080B50DF06BFC80BD80B582B00190019871
:102900000DF096FC02B080BD80B586B005900491B4
:10291000039200200290FFE7029802284CDCFFE7B8
:102920000598029A00EB820090ED000A40F23840D0
:10293000C2F2000000EB820040F20401C2F200018A
:10294000009101EB82010FF0D7FA0498029A00EB94
:10295000820090ED000A40F24440C2F2000000EB19
:10296000820040F21001C2F20001019101EB8201EC
:102970000FF0C2FA009A0198059B029903EB8103BC
:1029800093ED000A02EB8102D2ED000A049A02EBF9
:10299000810292ED001A00EB8100D0ED001A0DF0DB
:1029A0004FFB0398029900EB810080ED000AFFE7DE
:1029B000029801300290AFE706B080BD80B51020CC
:1029C00002F0BCFC80BD000072B6FFE7FEE700002D
:1029D00080B540F6F000C2F2000002F069F880BD58
:1029E00080B540F6F000C2F2000002F061F880BD50
:1029F00083B002904AF60040C4F2000000900298B2
:102A000000684AF60001C4F20001884205D1FFE7E0
:102A1000009800F554700090FFE700980299086450
:102A200002980068D0F8800020F4F810029A11682B
:102A3000526B40EA0240C1F8800000987030029961
:102A4000486402980068D0F8800020F07060029A14
:102A50001168926B40EA0260C1F880000098B030C3
:102A600002998864009800F5C4700299C8640098BF
:102A700000F5187002990865009800F51E7002991B
:102A8000486500980190FFE70198009901F554719D
:102A9000884208D2FFE7019900200860FFE701980B
:102AA00004300190F0E703B07047000088B0079051
:102AB0000691059204930698406848B9FFE7069886
:102AC000016882680069104340EA8140039009E090
:102AD00006980168826800691043084340F080400E
:102AE0000390FFE70698D0F820C0C1684269836967
:102AF000C06940EA0C601843104340EA014002906C
:102B00000798406D049901EBC10100EBC1000190F1
:102B10000398019908600198043001900298019986
:102B2000086001980430019000200090FFE70098B1
:102B30000699CA6846F23C31C0F60101895C8842B8
:102B40000DD2FFE705980099405801990860019857
:102B500004300190FFE7009804300090E7E708B0E8
:102B60007047000080B58CB08DED081ACDED070AD6
:102B70008DED060ACDED052A8DED042ACDED031A63
:102B80009DED060ADDED070A9DED081ADDED031A3D
:102B90009DED042ADDED052AFFF798FCB5EE400A0D
:102BA000F1EE10FA23DAFFE79DED060ADDED070AE4
:102BB0009DED081ADDED031A9DED042ADDED052AD1
:102BC000FFF73EFC8DED021ACDED010A8DED000AF6
:102BD0009DED000ADDED010A9DED021AFFF750FDA3
:102BE0008DED0B1ACDED0A0A8DED090A14E09DED6D
:102BF000060ADDED070A9DED081ADDED031A9DEDCD
:102C0000042ADDED052AFFF71BFC8DED0B1ACDED37
:102C10000A0A8DED090AFFE79DED090ADDED0A0AB2
:102C20009DED0B1A0CB080BD80B540F65400C2F289
:102C3000000001F021F880BD40F21070C2F20000E7
:102C40000068704780B5C0B020901F9100208DF8BB
:102C50007B001B901F98C0680021C4F27F0188424E
:102C600001D0FFE700E0FFE7FFE7209890F854006D
:102C7000012804D1FFE702208DF88700FDE32099A9
:102C8000012081F85400FFE7FFE7209800680CF06E
:102C90005DFA002840F0DD83FFE71F9800680128F7
:102CA00010D0FFE71F9800680221C0F2304188422F
:102CB0000DD1FFE71F98C0680021C4F27F01884250
:102CC00005D1FFE7209800680CF0E0F9FFE72098B5
:102CD00000681F990A6849680CF040FA209800685B
:102CE0000CF034FA1A90209800680CF00FFA199042
:102CF0001A98002840F0B881FFE71998002840F0A2
:102D0000B381FFE71F988068B0F1004F0ED1FFE755
:102D1000209800681F99096800220CF03DFA20985D
:102D200000684FF000410CF0E3FA0CE020980068D6
:102D30001F9A116892680CF02FFA20980068002101
:102D40000CF0D6FAFFE71F98406920990968C96816
:102D500001F01801890888401D901F980069042817
:102D60001CD0FFE7209800681F990A6809691D9B1D
:102D70000CF064FA209800681F9A116992690CF0AF
:102D80008FFA209800681F9A1169127F013AB2FAEF
:102D900082F2520952060CF06FFA64E12098006842
:102DA00000210CF0A3F9000348B9FFE72098006860
:102DB00000210CF09BF9C0F38460189018E0209873
:102DC000006800210CF092F990FAA0F03E903E9835
:102DD00020B9FFE720208DF8FF0005E03E98B0FA0B
:102DE00080F08DF8FF00FFE79DF8FF001890FFE7E7
:102DF000189817901F980068000330B9FFE71F98D4
:102E00000068C0F38460169015E01F98006890FA7F
:102E1000A0F03C903C9820B9FFE720208DF8F70007
:102E200005E03C98B0FA80F08DF8F700FFE79DF8D8
:102E3000F7001690FFE717981699884207D1FFE729
:102E400020980068002211460CF03EFAFFE7209817
:102E5000006801210CF04AF9000348B9FFE7209807
:102E6000006801210CF042F9C0F38460159018E06D
:102E70002098006801210CF039F990FAA0F03A90FE
:102E80003A9820B9FFE720208DF8EF0005E03A9846
:102E9000B0FA80F08DF8EF00FFE79DF8EF00159095
:102EA000FFE7159814901F980068000330B9FFE7FA
:102EB0001F980068C0F38460139015E01F980068A5
:102EC00090FAA0F03890389820B9FFE720208DF8CC
:102ED000E70005E03898B0FA80F08DF8E700FFE7EA
:102EE0009DF8E7001390FFE714981399884207D1E3
:102EF000FFE720980068012100220CF0E5F9FFE7C8
:102F00002098006802210CF0F1F8000348B9FFE7AF
:102F10002098006802210CF0E9F8C0F38460129058
:102F200018E02098006802210CF0E0F890FAA0F078
:102F30003690369820B9FFE720208DF8DF0005E0B5
:102F40003698B0FA80F08DF8DF00FFE79DF8DF00DB
:102F50001290FFE7129811901F980068000330B993
:102F6000FFE71F980068C0F38460109015E01F9879
:102F7000006890FAA0F03490349820B9FFE7202040
:102F80008DF8D70005E03498B0FA80F08DF8D700BE
:102F9000FFE79DF8D7001090FFE71198109988423D
:102FA00007D1FFE720980068022100220CF08CF97D
:102FB000FFE72098006803210CF098F8000348B957
:102FC000FFE72098006803210CF090F8C0F38460BC
:102FD0000F9018E02098006803210CF087F890FA11
:102FE000A0F03290329820B9FFE720208DF8CF0072
:102FF00005E03298B0FA80F08DF8CF00FFE79DF839
:10300000CF000F90FFE70F980E901F980068000305
:1030100030B9FFE71F980068C0F384600D9015E099
:103020001F98006890FAA0F03090309820B9FFE720
:1030300020208DF8C70005E03098B0FA80F08DF8B8
:10304000C700FFE79DF8C7000D90FFE70E980D99A8
:10305000884207D1FFE720980068032100220CF086
:1030600033F9FFE7FFE7FFE7209800680CF05EF810
:10307000002840F04481FFE7209800681F9A1168FB
:10308000D2680CF0A5F81F98C0680021C4F27F0137
:10309000884240F03381FFE7209800680C901F9829
:1030A0000068000330B9FFE71F980068C0F3846030
:1030B0000B9015E01F98006890FAA0F02E902E98C3
:1030C00020B9FFE720208DF8BF0005E02E98B0FA68
:1030D00080F08DF8BF00FFE79DF8BF000B90FFE781
:1030E0000B98013000F01F0009287DD8FFE71F98DA
:1030F0000068000330B9FFE71F980068C0F38460E0
:103100000A9015E01F98006890FAA0F02C902C9877
:1031100020B9FFE720208DF8B70005E02C98B0FA21
:1031200080F08DF8B700FFE79DF8B7000A90FFE741
:103130000A98013000F01F00800609901F9800686F
:10314000000330B9FFE71F980068C0F3846008905F
:1031500015E01F98006890FAA0F02A902A9820B9EC
:10316000FFE720208DF8AF0005E02A98B0FA80F044
:103170008DF8AF00FFE79DF8AF000890FFE70998D2
:103180000899013101F01F02012191400843079085
:103190001F980068000330B9FFE71F980068C0F36C
:1031A0008460069015E01F98006890FAA0F02890BF
:1031B000289820B9FFE720208DF8A70005E028987F
:1031C000B0FA80F08DF8A700FFE79DF8A700069001
:1031D000FFE707980699013101F01F0101EB41015A
:1031E00040EA0150059082E01F980068000330B962
:1031F000FFE71F980068C0F38460049015E01F98F3
:10320000006890FAA0F02690269820B9FFE72020C9
:103210008DF89F0005E02698B0FA80F08DF89F00A9
:10322000FFE79DF89F000490FFE70498013000F04D
:103230001F00800603901F980068000330B9FFE765
:103240001F980068C0F38460029015E01F98006822
:1032500090FAA0F02490249820B9FFE720208DF860
:10326000970005E02498B0FA80F08DF89700FFE70A
:103270009DF897000290FFE703980299013101F051
:103280001F0201219140084301901F98006800032C
:1032900030B9FFE71F980068C0F38460009015E024
:1032A0001F98006890FAA0F02290229820B9FFE7BA
:1032B00020208DF88F0005E02298B0FA80F08DF87C
:1032C0008F00FFE79DF88F000090FFE701990098BD
:1032D000013000F01F0000EB40020020CFF620601C
:1032E00000EB0250084340F000700590FFE70C9897
:1032F00005991F9A92680BF04FFFFFE7FFE71F98B1
:10330000408848F20801084200F0A280FFE748F236
:103310000030C4F202200BF0E1FE1C901F98006800
:103320000021CCF22131884233D1FFE79DF87200B1
:10333000000600282DD4FFE72098006848F200011D
:10334000C4F20221884223D1FFE71C9840F4000117
:1033500048F20030C4F202200BF062FF40F21C0081
:10336000C2F200000068800942F66351C0F23E518B
:10337000A0FB01108109022000EB41001B90FFE738
:103380001B9820B1FFE71B9801381B90F8E7FFE777
:103390005DE01F9800680021C4F22931884219D1EC
:1033A000FFE79DF87300C007A0B9FFE72098006809
:1033B00048F20011C4F2022188420AD1FFE71C98AA
:1033C00040F0807148F20030C4F202200BF028FF78
:1033D000FFE73BE01F9800680021CCF25271884261
:1033E0001AD1FFE79DF872004006002814D4FFE7C9
:1033F0002098006848F20001C4F2022188420AD1F4
:10340000FFE71C9840F4800148F20030C4F202202B
:103410000BF006FFFFE718E01F9800680021C4F2D8
:103420005A7188420FD1FFE72098006848F20001E6
:10343000C4F20221884205D0FFE7209800680BF013
:1034400031FEFFE700E0FFE7FFE7FFE7FFE7FFE709
:1034500008E02099886D40F02000886501208DF8F3
:103460007B00FFE7FFE72099002081F85400FFE789
:103470009DF87B008DF88700FFE79DF8870040B03E
:1034800080BD000080B588B0069000208DF8170040
:103490000190069820B9FFE701208DF81F004FE149
:1034A0000698006940B1FFE7069890F820000128CF
:1034B00001D1FFE7FFE7FFE70698806D50B9FFE70E
:1034C000069800F041F906990020C865069981F830
:1034D0005400FFE7069800680BF020FE28B1FFE7D4
:1034E000069800680BF0C6FDFFE7069800680BF031
:1034F00025FEF0B9FFE7069800680BF0DFFD40F20B
:103500001C00C2F200000068800942F66351C0F25C
:103510003E51A0FB01108109022000EB4100019007
:10352000FFE7019820B1FFE7019801380190F8E723
:10353000FFE7069800680BF001FE70B9FFE70699F7
:10354000886D40F0100088650699C86D40F0010054
:10355000C86501208DF81700FFE7069800680BF09A
:10356000F5FD03900698806DC006002800F1DA8012
:10357000FFE70398002840F0D580FFE70698806DAC
:1035800040F0020020F48070069988650698006873
:103590000BF0CCFDE0B9FFE748F20000C4F20220D6
:1035A0000BF0C4FD009048F20010C4F202200BF0B2
:1035B000BDFD01460098084348B9FFE706984168F9
:1035C00048F20030C4F202200BF01CFEFFE7FFE7D8
:1035D00006994A7E886B40EA42308A68CB68184375
:1035E000104391F8201040EA01400490069890F8AA
:1035F000200001280BD1FFE70698416A0020CFF692
:10360000FE7000EB4141049808430490FFE70698E0
:10361000806A50B1FFE70699886AC96A00F4787039
:103620000143049808430490FFE706980068C068C7
:1036300044F20701CFF6F071084004990843069957
:103640000968C86006980068006920F04060069A22
:103650001168126B10430861069800680BF056FD64
:1036600002900398E8BBFFE70298D0BBFFE70699FA
:10367000087E91F83410800340EA410004900698D7
:103680000068C06844F2020188430499084306991F
:103690000968C860069890F83C00012819D1FFE736
:1036A00006980068006940F2FD7120EA0102069B5D
:1036B0001968186CD3F844E0D3F848C040EA0E000B
:1036C00040EA0C00DB6C1843104340F00100086135
:1036D00006E006980168086920F001000861FFE72C
:1036E000FFE70698006901280CD1FFE706980068FB
:1036F000006B20F00F00069A1168D269013A10435E
:10370000086306E006980168086B20F00F00086364
:10371000FFE70698806D40F0010020F00200069956
:10372000886508E00699886D40F0100088650120E2
:103730008DF81700FFE79DF817008DF81F00FFE7D1
:103740009DF81F0008B080BD80B5CCB04B90002024
:103750004A90499048904790469004A84FF484714D
:10376000FCF7DCFD4B98006848F20001C4F202212E
:10377000884245D1FFE7002005904FF400110491E5
:10378000399004A805F07EFA18B1FFE7FFF71CF99D
:10379000FFE740F27440C2F20000016801310160AD
:1037A0000068012810D1FFE7FFE740F68C40C4F223
:1037B0000240016841F480610160006800F48060AB
:1037C00003900398FFE7FFE7FFE740F68C40C4F261
:1037D0000240016841F001010160006800F0010051
:1037E00002900298FFE702204690032047900020B5
:1037F00048900020C4F2022046A901F0D7FD4EE017
:103800004B98006848F20011C4F20221884245D169
:10381000FFE7002005904FF400110491399004A8AF
:1038200005F030FA18B1FFE7FFF7CEF8FFE740F2F6
:103830007440C2F200000168013101600068012893
:1038400010D1FFE7FFE740F68C40C4F20240016868
:1038500041F480610160006800F48060019001988B
:10386000FFE7FFE7FFE740F68C40C4F20240016843
:1038700041F001010160006800F001000090009833
:10388000FFE7082046900320479000204890002042
:10389000C4F2022046A901F089FDFFE7FFE74CB022
:1038A00080BD000087B006900591049200208DF83D
:1038B0000F001F2002909DF81400C00720B9FFE7F9
:1038C00001208DF80F004BE0FFE70299481E02909F
:1038D0000020019051B1FFE70598029901F01F0106
:1038E00020FA01F1012088430190FFE70198C00709
:1038F00008B1FFE7E9E70498009018282BD8009951
:10390000DFE801F028292929292929291F2929291E
:103910002929292916292929292929290D00029827
:10392000072804D3FFE701208DF80F00FFE716E01A
:103930000298082804D3FFE701208DF80F00FFE765
:103940000DE00298102804D3FFE701208DF80F0046
:10395000FFE704E003E001208DF80F00FFE7FFE739
:103960009DF80F0078B9FFE7059806990968486146
:1039700006980068806820F01800049908430699AA
:1039800009688860FFE79DF80F0007B070470000E6
:1039900080B582B00090009820B9FFE701208DF833
:1039A000070057E00098407F38B9FFE700990020F2
:1039B0000877009800F052F8FFE700990220487756
:1039C0000098007980B9FFE70098016841F6B75088
:1039D000C0F2C140486100980068806820F018007B
:1039E0000099096888600BE000988168C268FFF759
:1039F00059FF20B1FFE701208DF807002AE0FFE71B
:103A00000098407930B9FFE7009801684FF0FF3027
:103A1000086104E00098016800690861FFE7009808
:103A20000068806820F06000009A116852691043B5
:103A3000886000980068806820F08000009A116813
:103A400092691043886000990120487700208DF822
:103A50000700FFE79DF8070002B080BD82B001902B
:103A60000198006843F20001C4F20201884210D1BB
:103A7000FFE7FFE740F68840C4F20240016841F4E6
:103A800080510160006800F4805000900098FFE7CA
:103A9000FFE702B07047000080B584B0029001F0EB
:103AA00029FE0190029820B9FFE701208DF80F0050
:103AB00079E0029890F8540002280DD0FFE70299AF
:103AC00020208865FFE70299002081F84C00FFE77D
:103AD00001208DF80F0066E002980168486940F007
:103AE000040048610299052081F85400FFE702981C
:103AF000006800698004002827D4FFE701F0FAFD80
:103B00000199401A06281FD3FFE70299886D40F0FB
:103B1000100088650299032081F85400029890F8FB
:103B200050000006002805D5FFE70298416F0120EC
:103B30000873FFE7FFE70299002081F84C00FFE7D8
:103B400001208DF80F002EE0D1E702980168486946
:103B500040F0020048610299042081F85400029864
:103B600001684FF4FE40C8600299012081F85400BA
:103B7000029890F850000006002809D5FFE7029847
:103B8000416F012008730298016800208864FFE7F4
:103B9000FFE70299002081F84C00FFE7FFE70020D3
:103BA0008DF80F00FFE79DF80F0004B080BD000006
:103BB00082B00090009820B9FFE701208DF807003F
:103BC0001CE0009890F85400022807D0FFE7009905
:103BD0002020886501208DF807000FE0009904205F
:103BE00081F8540000980168486942F204021043C9
:103BF0004861FFE700208DF80700FFE79DF8070008
:103C000002B0704785B003900291039820B9FFE796
:103C100001208DF813002AE00398006840F6FF7138
:103C200088430190039800685038C0F3C411012004
:103C3000884000909DF80800C006002813D5FFE7D3
:103C4000029800F01100112806D1FFE7009A0199AF
:103C500048681043486005E0009A0199486890431D
:103C60004860FFE7FFE700208DF81300FFE79DF8AD
:103C7000130005B07047000080B584B0039003982E
:103C8000006840F6FF71884302900398006850383E
:103C9000C0F3C4110120884001900298C0680199C6
:103CA00008400090009808B9FFE74DE103980068CC
:103CB00000694005002813D5FFE7039800684069B4
:103CC000400500280BD5FFE7039801684FF480609A
:103CD000C8600399886D40F001008865FFE7FFE741
:103CE0000398006800690005002813D5FFE70398D2
:103CF00000684069000500280BD5FFE703980168BC
:103D00004FF40060C8600399886D40F00200886538
:103D1000FFE7FFE7039800680069C004002813D597
:103D2000FFE7039800684069C00400280BD5FFE74F
:103D3000039801684FF48050C8600399886D40F083
:103D400004008865FFE7FFE7039800680069400406
:103D5000002813D5FFE70398006840694004002855
:103D60000BD5FFE7039801684FF48040C8600399C2
:103D7000886D40F008008865FFE7FFE7039800685A
:103D800000698005002816D5FFE7039800684069A0
:103D9000800500280ED5FFE7039801684FF40070F6
:103DA000C8600398406E20B1FFE70398416E8847D2
:103DB000FFE7FFE7FFE70398006800698004002839
:103DC00050D5FFE70398006840698004002848D573
:103DD000FFE7039801684FF40050C860039890F81B
:103DE000540004282FD1FFE703980168486920F4A4
:103DF0000050486103980168486940F0020048613A
:103E00000399012081F85400039890F850000006AF
:103E1000002809D5FFE70398416F01200873039834
:103E2000016800208864FFE7FFE70399002081F81C
:103E30004C00FFE70398C06E20B1FFE70398C16E06
:103E40008847FFE780E00399052081F85400039834
:103E5000006F20B1FFE70398016F8847FFE7FFE796
:103E6000FFE7FFE7039800680069C005002842D516
:103E7000FFE7039800684069C00500283AD5FFE7CE
:103E8000039890F850000006002814D5FFE7039827
:103E90000068C06F70B9FFE703980068806C40B994
:103EA000FFE70399012081F854000399496F0873D3
:103EB000FFE7FFE70AE003980068806C28B9FFE796
:103EC0000399012081F85400FFE7FFE70398016898
:103ED0004FF44070C860FFE70399002081F84C0060
:103EE000FFE70398006E20B1FFE70398016E884753
:103EF000FFE7FFE7FFE70398806D28B3FFE703982C
:103F00000168486940F0020048610399012081F886
:103F10005400039890F850000006002805D5FFE7EC
:103F20000398416F01200873FFE7FFE70399002022
:103F300081F84C00FFE70398806E20B1FFE70398FB
:103F4000816E8847FFE7FFE704B080BD80B584B08D
:103F5000029001F0CFFB0190029820B9FFE7012009
:103F60008DF80F00CEE10298C068B0F5007F01D057
:103F7000FFE7FFE70298406BB0F5805F01D1FFE7F4
:103F8000FFE70298016801205022C4F20202914228
:103F9000009000F06781FFE702980168012050223D
:103FA000C5F202029142009000F05C81FFE70298A6
:103FB00001680120D022C4F202029142009000F078
:103FC0005181FFE7029801680120D022C5F2020268
:103FD0009142009000F04681FFE7029801680120BD
:103FE00040F25012C4F202029142009000F03A8175
:103FF000FFE702980168012040F25012C5F2020268
:104000009142009000F02E81FFE7029801680120A4
:1040100040F2D012C4F202029142009000F02281DC
:10402000FFE702980168012040F2D012C5F20202B7
:104030009142009000F01681FFE70298016801208C
:1040400040F25022C4F202029142009000F00A8134
:10405000FFE702980168012040F25022C5F20202F7
:104060009142009000F0FE80FFE702980168012075
:1040700040F2D022C4F202029142009000F0F2809D
:10408000FFE702980168012040F2D022C5F2020247
:104090009142009000F0E680FFE70298016801205D
:1040A00040F25032C4F202029142009000F0DA80F5
:1040B000FFE702980168012040F25032C5F2020287
:1040C0009142009000F0CE80FFE702980168012045
:1040D00040F2D032C4F202029142009000F0C2805D
:1040E000FFE702980168012040F2D032C5F20202D7
:1040F0009142009000F0B680FFE70298016801202D
:1041000041F25002C4F202029142009000F0AA80F3
:10411000FFE702980168012041F25002C5F2020255
:104120009142009000F09E80FFE702980168012014
:1041300041F2D002C4F202029142009000F092805B
:10414000FFE702980168012041F2D002C5F20202A5
:104150009142009000F08680FFE7029801680120FC
:1041600041F25012C4F20202914200907AD0FFE76D
:1041700002980168012041F25012C5F202029142F8
:1041800000906FD0FFE702980168012041F2D01241
:10419000C4F202029142009064D0FFE702980168E5
:1041A000012041F2D012C5F202029142009059D092
:1041B000FFE702980168012041F25022C4F2020296
:1041C000914200904ED0FFE702980168012041F231
:1041D0005022C5F202029142009043D0FFE70298BC
:1041E0000168012041F2D022C4F202029142009003
:1041F00038D0FFE702980168012041F2D022C5F2D1
:104200000202914200902DD0FFE702980168012040
:1042100041F25032C4F202029142009022D0FFE7F4
:1042200002980168012041F25032C5F20202914227
:10423000009017D0FFE702980168012041F2D032C8
:10424000C4F20202914200900CD0FFE7029800688D
:104250004EF63041CAF6FD710844B0FA80F04009CC
:104260000090FFE70098C00708B1FFE7FFE7FFE70E
:104270000299002081F84C00FFE7029890F8540062
:1042800060B9FFE702990020086602994866029922
:1042900088660299C86602990867FFE702990220BA
:1042A00081F8540002980168486940F006004861AE
:1042B000FFE7029800684069C00798B1FFE701F086
:1042C00019FA0199401A06280BD3FFE7029910202A
:1042D00088650299032081F8540001208DF80F00B1
:1042E00010E0E6E70298FCF74FFB0299486B08657F
:1042F000029900208865029A012182F854108DF8F5
:104300000F00FFE79DF80F0004B080BD80B584B0BA
:10431000039001F0EFF902900398019001980130A9
:1043200048B1FFE740F20440C2F200000178019872
:1043300008440190FFE7FFE701F0DCF90299401A19
:104340000199884201D2FFE7F6E704B080BD000082
:1043500086B0049003910292049890F85C008DF866
:104360000700BDF80C0010F4C07F01D0FFE7FFE7A5
:104370009DF80700012806D0FFE79DF807000228F6
:1043800040F0DE80FFE704980068806D00909DF8A3
:104390000C00400730B1FFE79DF80000C00700287F
:1043A00047D0FFE79DF80C0010F0380F06D0FFE76C
:1043B0009DF80000800700283BD5FFE7BDF80C0002
:1043C00010F4E07F06D0FFE79DF8000040070028CA
:1043D0002FD5FFE79DF80D0010F01E0F06D0FFE768
:1043E0009DF800000007002823D5FFE79DF80D0089
:1043F00010F0E00F06D0FFE79DF80000C00600288F
:1044000017D5FFE79DF80E00800730B1FFE79DF854
:104410000000800600280CD5FFE79DF80E0010F084
:10442000FC0F0DD0FFE79DF800004006002807D4E0
:10443000FFE704980168C86D40F00100C865FFE718
:104440009DF80C00400730B1FFE79DF80000C00761
:10445000002847D1FFE79DF80C0010F0380F06D078
:10446000FFE79DF80000800700283BD4FFE7BDF878
:104470000C0010F4E07F06D0FFE79DF80000400735
:1044800000282FD4FFE79DF80D0010F01E0F06D076
:10449000FFE79DF800000007002823D4FFE79DF800
:1044A0000D0010F0E00F06D0FFE79DF80000C006F9
:1044B000002817D4FFE79DF80E00800730B1FFE712
:1044C0009DF80000800600280CD4FFE79DF80E0040
:1044D00010F0FC0F0DD0FFE79DF80000400600280B
:1044E00007D5FFE704980168C86D40F00200C86571
:1044F000FFE79DF80C000006002809D5FFE7029AA7
:1045000004980168D1F8DC001043C1F8DC00FFE733
:104510009DF80D00C00748B1FFE7029A04980168B2
:10452000D1F8E0001043C1F8E000FFE7039A0498D7
:104530000168486D1043486500208DF8170008E0B9
:104540000499086E40F00200086601208DF81700FB
:10455000FFE79DF8170006B07047000080B586B0F1
:104560000490039102920398406808B9FFE700E0C5
:10457000FFE7049890F85C0002282FD1FFE7049829
:104580000068D0F8C4008002002809D5FFE704992C
:10459000086E40F40070086601208DF8170026E0D0
:1045A00004980068D0F8C400C0F30140019004985A
:1045B0000399029A019BFEF779FA0199012000FA0A
:1045C00001F1049A1268C2F8CC100199884004994C
:1045D0008865FFE700208DF8170008E00499086E51
:1045E00040F00800086601208DF81700FFE79DF8ED
:1045F000170006B080BD000087B0059004910598B3
:1046000090F85C008DF803009DF80300012805D0A8
:10461000FFE79DF8030002283CD1FFE704980068FB
:10462000B8B9FFE704998868CB680A6949698007C7
:1046300040EAC36040EA0240084303900598006CDA
:104640000499496800EB8100019003980199086082
:104650001CE00498C168006940EA41700390049826
:104660008168406940EA817002900598406C049925
:10467000496800EBC1000190039801990860019816
:1046800004300190029801990860FFE700208DF83E
:104690001B0008E00599086E40F002000866012042
:1046A0008DF81B00FFE79DF81B0007B07047000066
:1046B00085B0DDF814C00390029101920093039835
:1046C00090F85C00012819D1FFE703980068D0F842
:1046D000800020F03F0002990901019A41EA82011D
:1046E000009A41EA4201059A114308430399096877
:1046F000C1F8800000208DF8130008E00399086ECF
:1047000040F00400086601208DF81300FFE79DF8D3
:10471000130005B07047000085B00390029101922C
:10472000039890F85C008DF803009DF803000128C1
:1047300005D0FFE79DF80300022816D1FFE7019896
:10474000012807D1FFE7029A03980168886D90431A
:10475000886506E0029A03980168886D10438865B1
:10476000FFE700208DF8130008E00399086E40F081
:104770000200086601208DF81300FFE79DF8130082
:1047800005B0704781B0009001B0704782B00190D1
:104790000091019840F6F001C2F2000188420DD16B
:1047A000FFE79DF802000007002807D5FFE740F665
:1047B0001461C2F2000101200870FFE702B07047E7
:1047C00083B00290019102980068406C00900098BC
:1047D00000F00700019908600098C0F302200199D9
:1047E0004860009800F01800019988600098C0F3B4
:1047F00040100199C8600098C0F3801001990861C9
:104800009DF80000C009019948610098C0F3C020DC
:10481000019988610098C0F300300199C86100983F
:10482000C0F34030019908620098C0F380300199CC
:1048300048620098C0F3064001998862002003B0E6
:104840007047000083B0029001910198402808D180
:10485000FFE702980068D0F8900000F00F00009089
:1048600007E002980068D0F8980000F00F00009070
:10487000FFE7009803B070478AB00890079106924E
:10488000059300200190089890F85C008DF80300D3
:104890009DF80300022840F0FA80FFE707984028BF
:1048A0003ED1FFE708980068D0F89000000748B9AB
:1048B000FFE70899086E40F48070086601208DF8C3
:1048C0002700EDE008980068D0F8900000F08071B3
:1048D0000120B0EB116F0FD1FFE708980068D0F806
:1048E000800000F400710120B0EB512F03D1FFE7ED
:1048F00001200190FFE7FFE708980068D0F89000DA
:1049000000F44071019800EB112001900898806C30
:10491000019901EBC10100EBC1000490FFE73DE00C
:1049200008980068D0F89800000748B9FFE7089990
:10493000086E40F48070086601208DF82700AFE013
:1049400008980068D0F8980000F080710120B0EB62
:10495000116F0FD1FFE708980068D0F8800000F4CD
:1049600080710120B0EB112F03D1FFE701200190EE
:10497000FFE7FFE708980068D0F8980000F440715E
:10498000019800EB112001900898C06C019901EB8F
:10499000C10100EBC1000490FFE7FFE70498006845
:1049A00000F08040069948600698406838B9FFE7F3
:1049B00004980068C0F38A400699086006E00498ED
:1049C000006820F0604006990860FFE704980068DE
:1049D00000F00050069988600498006800F00040DC
:1049E0000699086104980430049004980088069998
:1049F000C86104980068C0F303400699C860049831
:104A0000006800F48010069948610498006800F47A
:104A100000100699886104980068C0F30660069942
:104A2000086204980068C00F069948620498043030
:104A300004900498039000200290FFE702980699E2
:104A4000CA6846F23C31C0F60101895C88420AD24C
:104A5000FFE70398029A805C05998854FFE7029863
:104A600001300290EAE70798402806D1FFE7019855
:104A700008990968C1F8940005E001980899096847
:104A8000C1F89C00FFE700208DF8270008E0089996
:104A9000086E40F00800086601208DF82700FFE747
:104AA0009DF827000AB0704781B0009001B07047B0
:104AB00080B58AB0099009980068006D00F4E05054
:104AC000089009980068416D089808400890099876
:104AD0000068006D00F00700079009980068416DBC
:104AE00007980840079009980068006D00F03800AA
:104AF000069009980068416D06980840069009984C
:104B00000068006D00F47100059009980068416D1F
:104B100005980840059009980068006D00F4602031
:104B2000049009980068416D049808400490099821
:104B30000068406D019009980068006D00909DF834
:104B4000000000F040010020B0EB911F12D0FFE701
:104B50009DF8040000F040010020B0EB911F08D048
:104B6000FFE709980168402008650998FFF79CFF56
:104B7000FFE7FFE79DF80100C007E0B1FFE79DF800
:104B80000500C007B0B1FFE709980068D0F8D80069
:104B9000029009980068D0F8E0100298084002904E
:104BA000099801684FF4807008650998029900F02F
:104BB0009DFBFFE7FFE7089848B1FFE708980999D0
:104BC000096808650998089900F09CFBFFE70798B9
:104BD00048B1FFE707980999096808650998079996
:104BE00000F0D0FAFFE7069848B1FFE70698099968
:104BF000096808650998069900F0D6FAFFE79DF85C
:104C0000010000F002010020B0EB510F13D0FFE7CC
:104C10009DF8050000F002010020B0EB510F09D013
:104C2000FFE7099801684FF400700865099800F0E3
:104C30006FFBFFE7FFE79DF800100020B0EBD11FEE
:104C40001DD0FFE79DF804100020B0EBD11F15D058
:104C5000FFE709980068D0F8D4000390099800682D
:104C6000D0F8DC1003980840039009980168802070
:104C700008650998039900F03FFBFFE7FFE79DF8FF
:104C8000010000F020010020B0EB511F13D0FFE71E
:104C90009DF8050000F020010020B0EB511F09D065
:104CA000FFE7099801684FF400500865099800F083
:104CB00019FBFFE7FFE79DF801100020B0EBD11FC3
:104CC00011D0FFE79DF805100020B0EBD11F09D0EF
:104CD000FFE7099801684FF400400865099800F063
:104CE000FDFAFFE7FFE79DF8010000F0400100201A
:104CF000B0EB911F15D0FFE79DF8050000F04001D3
:104D00000020B0EB911F0BD0FFE7099801684FF42A
:104D1000804008650999086E40F080000866FFE74A
:104D2000FFE7049848B1FFE7049809990968086506
:104D300009980499FFF72AFDFFE7059850B1FFE7AE
:104D40000598099909680865059A0999086E10433C
:104D50000866FFE70998006E20B1FFE70998FFF7A2
:104D600011FDFFE70AB080BD80B584B002900298C3
:104D700020B9FFE701208DF80F0057E10298006885
:104D80004AF20041C4F20001884201D1FFE7FFE787
:104D900002988068B0F5407F01D1FFE7FFE70298F5
:104DA00090F85C0040B9FFE70299002081F85D00AF
:104DB000029800F03FF9FFE702980168886920F047
:104DC0001000886100F096FC0190FFE702980068EF
:104DD00080690007002815D5FFE700F08BFC0199DA
:104DE000401A0B280DD3FFE70299086E40F001002E
:104DF00008660299032081F85C0001208DF80F00FD
:104E000014E1E3E702980168886940F001008861D5
:104E100000F070FC0190FFE7029800688069C0070D
:104E2000A8B9FFE700F066FC0199401A0B280DD3E2
:104E3000FFE70299086E40F001000866029903201E
:104E400081F85C0001208DF80F00EFE0E4E70298A4
:104E50000168886940F002008861029800684AF29F
:104E60000041C4F20001884208D1FFE7029840687F
:104E70004AF20051C4F200010860FFE70298007C8A
:104E8000012807D1FFE702980168886920F04000F7
:104E9000886106E002980168886940F040008861F6
:104EA000FFE70298407C012807D1FFE702980168DC
:104EB000886940F48040886106E00298016888694A
:104EC00020F480408861FFE70298807C012807D1A8
:104ED000FFE702980168886920F48050886106E045
:104EE00002980168886940F480508861FFE7029861
:104EF0000068806920F44070029A1168926810433B
:104F0000886102980168886920F0A400886102988D
:104F10000168086920F0100008610298C068012843
:104F200007D1FFE702980168886940F004008861B2
:104F30002BE00298C06830B3FFE70298C0680228EF
:104F400019D0FFE702980168886940F08000886105
:104F500002980168086940F0100008610298C06872
:104F6000032807D1FFE702980168886940F0200014
:104F70008861FFE706E002980168886940F0200038
:104F80008861FFE700E0FFE7FFE7029A11685369D5
:104F90009069D2F81CE0A0F1010C6FF0FF0000EB6B
:104FA0000E2040EA4C60126A013A10430022CFF60C
:104FB000FF7202EB03421043C86102988068B0F5AB
:104FC000407F1CD1FFE7029A1168536A906AD2F8B9
:104FD0002CE001386FF0FF0C0CEB0E2C40EA0C00BB
:104FE000D2F830C06FF00F0202EB0C121043002217
:104FF000CFF6FF7202EB03421043C860FFE702984E
:105000000168C26BD1F8C0001043C1F8C00002981B
:10501000FDF7EEFC02990020886502990866029A65
:10502000012182F85C108DF80F00FFE79DF80F005A
:1050300004B080BD80B58EB00D9000200C900B9018
:105040000A90099008900D9800684AF20041C4F255
:10505000000188424ED1FFE740F27840C2F20000E2
:105060000168013101600068012810D1FFE7FFE706
:1050700040F6A040C4F20240016841F400710160B2
:10508000006800F4007007900798FFE7FFE7FFE76C
:1050900040F68C40C4F20240016841F00101016019
:1050A000006800F0010006900698FFE74FF4C0503A
:1050B000089002200990002102910A910B9009208A
:1050C0000C900020C4F2022008A900F06FF9029AA7
:1050D00027200190114600F015FC019800F008FC13
:1050E000029A28200390114600F00CFC039800F06F
:1050F000FFFB44E00D9800684AF60001C4F200018D
:1051000088423BD1FFE740F27840C2F200000168DC
:10511000013101600068012810D1FFE7FFE740F688
:10512000A040C4F20240016841F4007101600068CF
:1051300000F4007005900598FFE7FFE7FFE740F6F1
:105140008C40C4F20240016841F002010160006835
:1051500000F0020004900498FFE76020089002200D
:10516000099000200A900B9009200C9040F200401A
:10517000C4F2022008A900F019F9FFE7FFE70EB01A
:1051800080BD000080B582B0019000910198006858
:105190004AF20041C4F20001884203D1FFE70DF05A
:1051A00065FDFFE702B080BD82B00190009102B0C2
:1051B0007047000082B00090009890F85C000128D1
:1051C00010D1FFE70099022081F85C000098016887
:1051D000886920F0010088610099002008668DF838
:1051E000070008E00099086E40F0040008660120FE
:1051F0008DF80700FFE79DF8070002B07047000038
:1052000083B0019000200090019890F85C00022883
:1052100057D1FFE701980168886940F00100886173
:10522000FFE7019800688069C007A8B9FFE7009808
:105230000B280DD3FFE70199086E40F001000866C6
:105240000199032081F85C0001208DF80B0041E0FA
:10525000009801300090E4E7002000900198016878
:10526000886920F010008861FFE701980068806974
:105270000007002815D5FFE700980B280DD3FFE79E
:105280000199086E40F0010008660199032081F839
:105290005C0001208DF80B001CE0009801300090AC
:1052A000E3E701980168886940F00200886101998C
:1052B00000208865019A012182F85C108DF80B00AE
:1052C00008E00199086E40F00800086601208DF89A
:1052D0000B00FFE79DF80B0003B0704781B0009012
:1052E00001B0704781B0009001B0704782B001906A
:1052F000009102B07047000082B00190009102B0AE
:105300007047000082B00190009102B07047000029
:1053100081B0009001B0704781B0ADF80200BDF8D7
:105320000200102807D1FFE740F24A71C2F20001E3
:1053300001200870FFE701B07047000080B582B01F
:10534000ADF8060042F20C00C4F202400068BDF85D
:10535000061008420CD0FFE7BDF8060042F20C012F
:10536000C4F202410860BDF8060000F019F8FFE73A
:1053700042F21000C4F202400068BDF80610084274
:105380000CD0FFE7BDF8060042F21001C4F2024162
:105390000860BDF80600FFF7BFFFFFE702B080BD61
:1053A00081B0ADF8020001B07047000085B00490F4
:1053B000039100200090FFE7039800680099C8401F
:1053C000002800F06681FFE703980068009A012139
:1053D0009140084001900198002800F05681FFE7B5
:1053E00003984068022805D0FFE703984068122818
:1053F00028D1FFE7049800996FF0030202EA5101F7
:105400000844006A0290009800F0070081000F2015
:1054100000FA01F10298884302900398006900F0B5
:105420000F00009901F00701890000FA01F10298CC
:105430000843029002980499009B02EA5302114427
:105440000862FFE70498006802900098410003207A
:1054500000FA01F10298884302900398406800F036
:1054600003000099490000FA01F1029808430290F4
:105470000298049908600398406801280FD0FFE75C
:105480000398406802280AD0FFE703984068112873
:1054900005D0FFE70398406812282FD1FFE7049852
:1054A0008068029000984100032000FA01F1029800
:1054B000884302900398C0680099490000FA01F1FE
:1054C0000298084302900298049988600498406802
:1054D00002900099012000FA01F10298884302909D
:1054E00003984068C0F30010009900FA01F1029897
:1054F00008430290029804994860FFE703984068C7
:1055000000F0030003280CD1FFE70398406800F087
:10551000030003281DD1FFE703988068012818D0F5
:10552000FFE70498C068029000984100032000FA49
:1055300001F102988843029003988068009949001D
:1055400000FA01F102980843029002980499C86099
:10555000FFE70398C079C006002840F19580FFE777
:10556000009820F0030042F26002C4F20242805828
:105570000290009800F00300C1000F2000FA01F132
:1055800002988843029004984FF60041CBF6FD51F3
:105590000840800A009901F00301C90000FA01F1F6
:1055A0000298084302900298009921F00301885064
:1055B00042F20000C4F20240006802900199029891
:1055C0008843029003988079C006002805D5FFE73C
:1055D0000199029808430290FFE7029842F2000105
:1055E000C4F20241086042F20400C4F202400068C2
:1055F000029001990298884302900398807980066E
:10560000002805D5FFE70199029808430290FFE7BB
:10561000029842F20401C4F20241086042F284009E
:10562000C4F20240006802900199029888430290F7
:10563000039880798007002805D5FFE70199029833
:1056400008430290FFE7029842F28401C4F202414B
:10565000086042F28000C4F20240006802900199A2
:1056600002988843029003988079C00728B1FFE729
:105670000199029808430290FFE7029842F28001E4
:10568000C4F202410860FFE7FFE700980130009094
:1056900092E605B07047000082B00190ADF80210AC
:1056A00001980069BDF80210084204D0FFE701200C
:1056B0008DF8010003E000208DF80100FFE79DF860
:1056C000010002B07047000082B00190ADF80210F6
:1056D0008DF801209DF8010028B1FFE7BDF8020018
:1056E0000199886104E0BDF8020001998862FFE732
:1056F00002B0704740F6EC60C2F2000000687047EC
:1057000082B0019000208DF8030040F20040C4F206
:1057100003000068C00720B1FFE701208DF80300F7
:105720000AE040F20041C4F20301086820F00400DE
:10573000019A10430860FFE79DF8030002B070472C
:1057400040F20041C4F20301086840F00100086023
:105750000020704740F20440C2F20000027840F698
:10576000EC61C2F200010868104408607047000054
:1057700080B582B0032000F0DDF805F09BF940F61B
:105780002041C4F20241096801F00F0246F22431BF
:10579000C0F60101895CC84040F21C01C2F2000160
:1057A0000860042007F024FC002000F011F820B16C
:1057B000FFE701208DF8070005E000F093F80020D6
:1057C0008DF80700FFE79DF8070002B080BD0000DC
:1057D00080B586B004900020039040F20440C2F2ED
:1057E0000000007820B9FFE701208DF8170075E070
:1057F0004EF21000CEF2000000684007002812D5DB
:10580000FFE740F21C00C2F20000006840F20441D1
:10581000C2F200010A784FF47A71B1FBF2F1B0FBE9
:10582000F1F0039040E007F057FC029002980190DD
:1058300040B1FFE70198012816D0FFE70198022840
:1058400021D02FE040F21C00C2F20000006840F2BC
:105850000441C2F200010A784FF4FA51B1FBF2F1AF
:10586000B0FBF1F003901EE040F20440C2F20000F1
:1058700001784FF47A70B0FBF1F14FF4FA40B0FBCD
:10588000F1F003900FE040F20440C2F20000017812
:105890004FF47A70B0FBF1F14FF40040B0FBF1F03F
:1058A000039000E0FFE7FFE7039807F0EFFB20B16C
:1058B000FFE701208DF8170010E004994FF0FF304A
:1058C0000022009200F01EF80098049940F208426D
:1058D000C2F2000211608DF81700FFE79DF8170073
:1058E00006B080BD80B5052000F024F880BD000022
:1058F00080B582B0ADF80600BDF906000CF00EFED2
:1059000002B080BD80B586B0ADF816000491039258
:105910000CF01CFE0290BDF916000190029804994B
:10592000039A0AF057FB014601980CF017FE06B0E7
:1059300080BD000080B582B0019001980CF030FE6F
:1059400002B080BD81B0009000996FF0FF0060EA66
:10595000010240F64801C4F20241086810400860A4
:1059600001B0704792B009904FF440300690099909
:10597000086804904968059190FAA0F0109010987A
:1059800020B9FFE720208DF8470005E01098B0FA15
:1059900080F08DF84700FFE7049805999DF84720AF
:1059A000083202F01F0291400843029009990868EA
:1059B0008968039190FAA0F00E900E9820B9FFE745
:1059C00020208DF83F0005E00E98B0FA80F08DF8A9
:1059D0003F00FFE7029803999DF83F30102202EB49
:1059E000430202F01E0291400843089009980068A3
:1059F000019090FAA0F00C900C9820B9FFE72020BD
:105A00008DF8370005E00C98B0FA80F08DF837007B
:105A1000FFE701989DF8371001F01F024FF48071E5
:105A20009140084300900998006890FAA0F00A900D
:105A30000A9820B9FFE720208DF82F0005E00A988A
:105A4000B0FA80F08DF82F00FFE700989DF82F2026
:105A50001E2101EA42024FF4403191400843079071
:105A600040F64801C4F202410868079A9043089A38
:105A70001043086012B0704740F60001C4F20241C2
:105A8000086840F0010008604EF61051CEF20001A7
:105A9000086840F004000860BFF34F8FBFF36F8FBA
:105AA00030BF704789B0089040F63440C4F20240DD
:105AB00000686FF35F20059040F62840C4F2024072
:105AC000016801F0030107910168C1F30521069106
:105AD0000068C0F300100490049840F63841C4F206
:105AE0000241096889B2C90800FB01F000EE100A02
:105AF000B8EE400A8DED020A0698002800F03D81BC
:105B0000FFE707980090012808D0FFE700980228D7
:105B100030D0FFE70098032849D065E040F6004008
:105B2000C4F202400068C0F3C10149F20000C0F2B3
:105B3000D030C84003909DED030AB8EE400A9DEDB9
:105B4000061AB8EE411A80EE010A9DED051AB8EE6C
:105B5000411A9DED022A9FED8F3A22EE032A31EE83
:105B6000021AB7EE002A31EE021A20EE010A8DED7C
:105B7000010A65E09DED060AB8EE401A9FED860A1F
:105B800080EE010A9DED051AB8EE411A9DED022A3C
:105B90009FED803A22EE032A31EE021AB7EE002A78
:105BA00031EE021A20EE010A8DED010A48E09DED6A
:105BB000060AB8EE401A9FED760A80EE010A9DEDC6
:105BC000051AB8EE411A9DED022A9FED723A22EEB7
:105BD000032A31EE021AB7EE002A31EE021A20EE45
:105BE000010A8DED010A2BE040F60040C4F20240AC
:105BF0000068C0F3C10149F20000C0F2D030C840D3
:105C000003909DED030AB8EE400A9DED061AB8EE2A
:105C1000411A80EE010A9DED051AB8EE411A9DED7C
:105C2000022A9FED5C3A22EE032A31EE021AB7EE09
:105C3000002A31EE021A20EE010A8DED010AFFE77B
:105C400040F60040C4F2024000688001002827D5D9
:105C5000FFE740F62840C4F202400068C003002875
:105C600019D5FFE79DED010A40F63440C4F2024029
:105C7000006880B2400A01EE100AB8EE411AB7EE91
:105C8000002A31EE021A80EE010A0898BCEEC00A22
:105C900080ED000A03E0089900200860FFE703E0B8
:105CA000089900200860FFE740F60040C4F2024077
:105CB00000688001002827D5FFE740F62840C4F29D
:105CC000024000688003002819D5FFE79DED010A16
:105CD00040F63440C4F202400068C0F3064001EED2
:105CE000100AB8EE411AB7EE002A31EE021A80EE21
:105CF000010A0898BCEEC00A80ED010A03E0089989
:105D000000204860FFE703E0089900204860FFE7B3
:105D100040F60040C4F2024000688001002827D508
:105D2000FFE740F62840C4F2024000684003002824
:105D300019D5FFE79DED010A40F63440C4F2024058
:105D40000068C0F3066001EE100AB8EE411AB7EE23
:105D5000002A31EE021A80EE010A0898BCEEC00A51
:105D600080ED020A03E0089900208860FFE703E065
:105D7000089900208860FFE707E008990020086084
:105D80000899486008998860FFE709B0704700BF2C
:105D900020BCBE4B000000390024744A89B0089032
:105DA00040F63C40C4F2024000686FF35F2005906B
:105DB00040F62C40C4F20240016801F00301079153
:105DC0000168C1F3052106910068C0F3001004903A
:105DD000049840F64041C4F20241096889B2C908FA
:105DE00000FB01F000EE100AB8EE400A8DED020A49
:105DF0000698002800F03D81FFE7079800900128F1
:105E000008D0FFE70098022830D0FFE70098032869
:105E100049D065E040F60040C4F202400068C0F39B
:105E2000C10149F20000C0F2D030C84003909DED9E
:105E3000030AB8EE400A9DED061AB8EE411A80EE4C
:105E4000010A9DED051AB8EE411A9DED022A9FED5B
:105E50008F3A22EE032A31EE021AB7EE002A31EE13
:105E6000021A20EE010A8DED010A65E09DED060A99
:105E7000B8EE401A9FED860A80EE010A9DED051AE4
:105E8000B8EE411A9DED022A9FED803A22EE032AD8
:105E900031EE021AB7EE002A31EE021A20EE010AA4
:105EA0008DED010A48E09DED060AB8EE401A9FED1F
:105EB000760A80EE010A9DED051AB8EE411A9DEDB5
:105EC000022A9FED723A22EE032A31EE021AB7EE51
:105ED000002A31EE021A20EE010A8DED010A2BE0B4
:105EE00040F60040C4F202400068C0F3C10149F22C
:105EF0000000C0F2D030C84003909DED030AB8EE18
:105F0000400A9DED061AB8EE411A80EE010A9DED99
:105F1000051AB8EE411A9DED022A9FED5C3A22EE79
:105F2000032A31EE021AB7EE002A31EE021A20EEF1
:105F3000010A8DED010AFFE740F60040C4F202407D
:105F400000680001002827D5FFE740F62C40C4F286
:105F500002400068C003002819D5FFE79DED010A43
:105F600040F63C40C4F20240006880B2400A01EEB4
:105F7000100AB8EE411AB7EE002A31EE021A80EE8E
:105F8000010A0898BCEEC00A80ED000A03E00899F7
:105F900000200860FFE703E0089900200860FFE7A1
:105FA00040F60040C4F2024000680001002827D5F6
:105FB000FFE740F62C40C4F202400068800300284E
:105FC00019D5FFE79DED010A40F63C40C4F20240BE
:105FD0000068C0F3064001EE100AB8EE411AB7EEB1
:105FE000002A31EE021A80EE010A0898BCEEC00ABF
:105FF00080ED010A03E0089900204860FFE703E014
:10600000089900204860FFE740F60040C4F20240D3
:1060100000680001002827D5FFE740F62C40C4F2B5
:10602000024000684003002819D5FFE79DED010AF2
:1060300040F63C40C4F202400068C0F3066001EE46
:10604000100AB8EE411AB7EE002A31EE021A80EEBD
:10605000010A0898BCEEC00A80ED020A03E0089924
:1060600000208860FFE703E0089900208860FFE7D0
:1060700007E008990020086008994860089988603E
:10608000FFE709B0704700BF20BCBE4B00000039DD
:106090000024744A89B0089040F64440C4F202409B
:1060A00000686FF35F20059040F63040C4F2024074
:1060B000016801F0030107910168C1F30521069110
:1060C0000068C0F300100490049840F64841C4F200
:1060D0000241096889B2C90800FB01F000EE100A0C
:1060E000B8EE400A8DED020A0698002800F03D81C6
:1060F000FFE707980090012808D0FFE700980228E2
:1061000030D0FFE70098032849D065E040F6004012
:10611000C4F202400068C0F3C10149F20000C0F2BD
:10612000D030C84003909DED030AB8EE400A9DEDC3
:10613000061AB8EE411A80EE010A9DED051AB8EE76
:10614000411A9DED022A9FED8F3A22EE032A31EE8D
:10615000021AB7EE002A31EE021A20EE010A8DED86
:10616000010A65E09DED060AB8EE401A9FED860A29
:1061700080EE010A9DED051AB8EE411A9DED022A46
:106180009FED803A22EE032A31EE021AB7EE002A82
:1061900031EE021A20EE010A8DED010A48E09DED74
:1061A000060AB8EE401A9FED760A80EE010A9DEDD0
:1061B000051AB8EE411A9DED022A9FED723A22EEC1
:1061C000032A31EE021AB7EE002A31EE021A20EE4F
:1061D000010A8DED010A2BE040F60040C4F20240B6
:1061E0000068C0F3C10149F20000C0F2D030C840DD
:1061F00003909DED030AB8EE400A9DED061AB8EE35
:10620000411A80EE010A9DED051AB8EE411A9DED86
:10621000022A9FED5C3A22EE032A31EE021AB7EE13
:10622000002A31EE021A20EE010A8DED010AFFE785
:1062300040F60040C4F2024000688000002827D5E4
:10624000FFE740F63040C4F202400068C003002877
:1062500019D5FFE79DED010A40F64440C4F2024023
:10626000006880B2400A01EE100AB8EE411AB7EE9B
:10627000002A31EE021A80EE010A0898BCEEC00A2C
:1062800080ED000A03E0089900200860FFE703E0C2
:10629000089900200860FFE740F60040C4F2024081
:1062A00000688000002827D5FFE740F63040C4F2A0
:1062B000024000688003002819D5FFE79DED010A20
:1062C00040F64440C4F202400068C0F3064001EECC
:1062D000100AB8EE411AB7EE002A31EE021A80EE2B
:1062E000010A0898BCEEC00A80ED010A03E0089993
:1062F00000204860FFE703E0089900204860FFE7BE
:1063000040F60040C4F2024000688000002827D513
:10631000FFE740F63040C4F2024000684003002826
:1063200019D5FFE79DED010A40F64440C4F2024052
:106330000068C0F3066001EE100AB8EE411AB7EE2D
:10634000002A31EE021A80EE010A0898BCEEC00A5B
:1063500080ED020A03E0089900208860FFE703E06F
:10636000089900208860FFE707E00899002008608E
:106370000899486008998860FFE709B0704700BF36
:1063800020BCBE4B000000390024744A80B59CB08C
:106390001B911A901A981B9980F0007008430028EE
:1063A0005BD1FFE740F6F040C4F20240016801F41F
:1063B00040710E9100688007002809D5FFE70E980C
:1063C000B0F5807F04D1FFE74FF40040109042E029
:1063D00040F6F040C4F2024000680001002809D5F0
:1063E000FFE70E98B0F5007F04D1FFE74FF4FA40C5
:1063F00010902FE040F60040C4F202400068800395
:10640000002823D5FFE70E98B0F5407F1ED1FFE7A7
:1064100040F61C40C4F20240006800F47C50B0F525
:10642000007F0FD3FFE740F61C40C4F20240006833
:10643000C0F3052147F64000C0F27D10B0FBF1F03B
:10644000109002E000201090FFE702E00020109082
:10645000FFE7FFE7FFE702F012BC1A980C901B99C8
:106460000D9180F001000843002800F0C682FFE78C
:106470000D990C9880F002000843002800F03B833F
:10648000FFE70D990C9880F004000843002800F005
:10649000A783FFE70D990C9880F0080008430028B7
:1064A00000F01E84FFE70D990C9880F0100008435F
:1064B000002800F09884FFE70D990C9880F02000E8
:1064C0000843002800F01285FFE70D990C9880F032
:1064D00040000843002800F08C85FFE70D990C98D8
:1064E00080F080000843002800F00686FFE70D9941
:1064F0000C9880F480700843002800F08086FFE745
:106500000D990C9880F400700843002800F0FA867A
:10651000FFE70D990C9880F480600843002800F094
:106520007487FFE70D990C9880F4006008430028F9
:1065300000F0E987FFE70D990C9880F4805008433C
:10654000002801F05E80FFE70D990C9880F4005060
:106550000843002801F06181FFE70D990C9880F451
:1065600080400843002801F0AA81FFE70D990C98AC
:1065700080F400400843002801F0F381FFE70D9903
:106580000C9880F480300843002801F08E82FFE7E9
:106590000D990C9880F400300843002801F0C28265
:1065A000FFE70D990C9880F480200843002801F043
:1065B0006583FFE70D990C9880F4002008430028BC
:1065C00000F0BF80FFE70D990C9880F4801008431D
:1065D000002800F04381FFE70D990C9880F400102B
:1065E0000843002801F07E80FFE70D990C9880F4A5
:1065F00080000843002800F0BE81FFE70D990C9849
:1066000080F400000843002800F0D681FFE70D99D0
:106610000C9880F080600843002802F09882FFE721
:106620000D990C9880F000600843002801F0B986AD
:10663000FFE70D990C9880F080500843002801F086
:106640002F87FFE70D990C9880F000500843002831
:1066500001F0B387FFE70D990C9880F08040084364
:10666000002802F03380FFE70D990C9880F000407D
:106670000843002802F0AE80FFE70C980D9981F0E6
:1066800001010843002802F02981FFE70C980D99C9
:1066900081F002010843002802F0A481FFE70C9872
:1066A0000D9981F004010843002801F04386FFE7BB
:1066B0000C980D9981F008010843002802F0078228
:1066C000FFE70C980D9981F010010843002802F0B3
:1066D0009482FFE70C980D9981F02001084300286F
:1066E00001F07883FFE70C980D9981F04001084391
:1066F000002801F01B84FFE70C980D9981F08001C0
:106700000843002801F0BE84FFE70C980D9981F43E
:1067100080710843002801F06185FFE70C980D990E
:1067200081F400710843002801F04880FFE70C98CD
:106730000D9981F480610843002801F0648102F022
:106740009ABA40F6E840C4F20240006800F4E02043
:106750000E900E980B90A0B1FFE70B98B0F5803F1C
:1067600015D0FFE70B98B0F5003F16D0FFE70B9868
:10677000B0F5403F17D0FFE70B98B0F5802F18D049
:1067800067E017A8FFF78EF91898109064E014A836
:10679000FFF704FB149810905EE011A8FFF77AFC55
:1067A0001198109058E048F20000C0F2BB00109021
:1067B00052E040F6E840C4F20240006800F0404079
:1067C0000F9040F60040C4F20240006880070028A5
:1067D00011D5FFE70F9870B9FFE740F60040C4F20B
:1067E00002400068C0F3C10149F20000C0F2D0309D
:1067F000C84010902CE040F60040C4F2024000680F
:10680000800500280BD5FFE70F98B0F1804F06D127
:10681000FFE740F60010C0F23D00109017E040F690
:106820000040C4F202400068800300280BD5FFE757
:106830000F98B0F1004F06D1FFE747F64000C0F2D5
:106840007D10109002E000201090FFE7FFE7FFE7C7
:1068500002E000201090FFE702F010BA40F6E84096
:10686000C4F20240006800F460100E900E980A9086
:10687000A0B1FFE70A98B0F5002F15D0FFE70A98FE
:10688000B0F5801F16D0FFE70A98B0F5C01F17D0EB
:10689000FFE70A98B0F5001F18D067E017A8FFF7C8
:1068A00001F91898109064E014A8FFF777FA14988B
:1068B00010905EE011A8FFF7EDFB1198109058E0E2
:1068C00048F20000C0F2BB00109052E040F6E840F1
:1068D000C4F20240006800F040400F9040F60040D3
:1068E000C4F2024000688007002811D5FFE70F9826
:1068F00070B9FFE740F60040C4F202400068C0F300
:10690000C10149F20000C0F2D030C84010902CE024
:1069100040F60040C4F202400068800500280BD514
:10692000FFE70F98B0F1804F06D1FFE740F6001067
:10693000C0F23D00109017E040F60040C4F2024063
:106940000068800300280BD5FFE70F98B0F1004FD7
:1069500006D1FFE747F64000C0F27D10109002E03C
:1069600000201090FFE7FFE7FFE702E00020109013
:10697000FFE702F083B940F6E440C4F20240006849
:1069800000F040000E900E9830B9FFE717A8FFF70F
:1069900089F8189810900DE00E98402806D1FFE76E
:1069A00014A8FFF7FBF91698109002E00020109051
:1069B000FFE7FFE702F062B940F6E440C4F20240AC
:1069C000006800F080000E900E9830B9FFE717A81D
:1069D000FFF768F8189810900DE00E98802806D1FF
:1069E000FFE714A8FFF7DAF91698109002E00020EC
:1069F0001090FFE7FFE702F041B940F6D840C4F23B
:106A00000240006800F007000E900E9820B9FFE7E2
:106A100004F028F810906CE040F60040C4F2024008
:106A20000068000100280AD5FFE70E98012806D16A
:106A3000FFE714A8FFF7B2F91598109058E040F658
:106A40000040C4F202400068800000280AD5FFE739
:106A50000E98022806D1FFE711A8FFF71BFB12983A
:106A6000109044E040F60040C4F202400068800705
:106A7000002812D5FFE70E9803280ED1FFE740F655
:106A80000040C4F202400068C0F3C10149F20000B6
:106A9000C0F2D030C840109028E040F60040C4F268
:106AA00002400068800500280AD5FFE70E980428F8
:106AB00006D1FFE740F60010C0F23D00109014E050
:106AC00040F6F040C4F2024000688007002808D574
:106AD000FFE70E98052804D1FFE74FF4004010901F
:106AE00002E000201090FFE7FFE7FFE7FFE7FFE786
:106AF000FFE702F0C3B840F6D840C4F20240006895
:106B000000F038000E900E9820B9FFE703F096FFD2
:106B1000109063E040F60040C4F2024000680001BB
:106B200000280AD5FFE70E98082806D1FFE714A829
:106B3000FFF734F9159810904FE00E98102806D101
:106B4000FFE711A8FFF7A6FA1298109044E040F66C
:106B50000040C4F2024000688007002812D5FFE719
:106B60000E9818280ED1FFE740F60040C4F202400C
:106B70000068C0F3C10149F20000C0F2D030C84043
:106B8000109028E040F60040C4F202400068800502
:106B900000280AD5FFE70E98202806D1FFE740F627
:106BA0000010C0F23D00109014E040F6F040C4F236
:106BB000024000688007002808D5FFE70E982828C3
:106BC00004D1FFE74FF40040109002E00020109045
:106BD000FFE7FFE7FFE7FFE7FFE7FFE702F04EB859
:106BE00040F6D840C4F20240006800F4E0700E9015
:106BF0000E9820B9FFE703F021FF10906EE040F6F9
:106C00000040C4F202400068000100280AD5FFE7F6
:106C10000E98402806D1FFE714A8FFF7BFF8159893
:106C200010905AE040F60040C4F202400068800034
:106C300000280AD5FFE70E98802806D1FFE711A8A3
:106C4000FFF728FA1298109046E040F60040C4F290
:106C5000024000688007002812D5FFE70E98C02880
:106C60000ED1FFE740F60040C4F202400068C0F3D6
:106C7000C10149F20000C0F2D030C84010902AE0B3
:106C800040F60040C4F202400068800500280BD5A1
:106C9000FFE70E98B0F5807F06D1FFE740F60010C1
:106CA000C0F23D00109015E040F6F040C4F2024002
:106CB00000688007002809D5FFE70E98B0F5A07F8F
:106CC00004D1FFE74FF40040109002E00020109044
:106CD000FFE7FFE7FFE7FFE7FFE7FFE701F0CEBFD2
:106CE00040F6D840C4F20240006800F460600E90A4
:106CF0000E9820B9FFE703F0A1FE109071E040F676
:106D00000040C4F202400068000100280BD5FFE7F4
:106D10000E98B0F5007F06D1FFE714A8FFF73EF804
:106D2000159810905CE040F60040C4F20240006804
:106D3000800000280BD5FFE70E98B0F5806F06D1D4
:106D4000FFE711A8FFF7A6F91298109047E040F668
:106D50000040C4F2024000688007002813D5FFE716
:106D60000E98B0F5C06F0ED1FFE740F60040C4F2B8
:106D700002400068C0F3C10149F20000C0F2D03007
:106D8000C84010902AE040F60040C4F2024000687B
:106D9000800500280BD5FFE70E98B0F5006F06D1EF
:106DA000FFE740F60010C0F23D00109015E040F6FD
:106DB000F040C4F2024000688007002809D5FFE7D0
:106DC0000E98B0F5206F04D1FFE74FF4004010900B
:106DD00002E000201090FFE7FFE7FFE7FFE7FFE793
:106DE000FFE701F04BBF40F6D840C4F20240006814
:106DF00000F4E0400E900E9820B9FFE703F01EFE6D
:106E0000109071E040F60040C4F2024000680001BA
:106E100000280BD5FFE70E98B0F5805F06D1FFE79D
:106E200014A8FEF7BBFF159810905CE040F60040F8
:106E3000C4F202400068800000280BD5FFE70E98DE
:106E4000B0F5005F06D1FFE711A8FFF723F912980C
:106E5000109047E040F60040C4F20240006880070E
:106E6000002813D5FFE70E98B0F5405F0ED1FFE77D
:106E700040F60040C4F202400068C0F3C10149F28C
:106E80000000C0F2D030C84010902AE040F6004028
:106E9000C4F202400068800500280BD5FFE70E9879
:106EA000B0F5804F06D1FFE740F60010C0F23D007C
:106EB000109015E040F6F040C4F2024000688007F0
:106EC000002809D5FFE70E98B0F5A04F04D1FFE7E1
:106ED0004FF40040109002E000201090FFE7FFE721
:106EE000FFE7FFE7FFE7FFE701F0C8BE40F6D84045
:106EF000C4F20240006800F460300E900E9820B991
:106F0000FFE703F09BFD109071E040F60040C4F2F3
:106F100002400068000100280BD5FFE70E98B0F58D
:106F2000004F06D1FFE714A8FEF738FF1598109020
:106F30005CE040F60040C4F2024000688000002897
:106F40000BD5FFE70E98B0F5803F06D1FFE711A8FB
:106F5000FFF7A0F81298109047E040F60040C4F206
:106F6000024000688007002813D5FFE70E98B0F5AF
:106F7000C03F0ED1FFE740F60040C4F20240006877
:106F8000C0F3C10149F20000C0F2D030C8401090F7
:106F90002AE040F60040C4F2024000688005002864
:106FA0000BD5FFE70E98B0F5003F06D1FFE740F69E
:106FB0000010C0F23D00109015E040F6F040C4F221
:106FC000024000688007002809D5FFE70E98B0F559
:106FD000203F04D1FFE74FF40040109002E0002072
:106FE0001090FFE7FFE7FFE7FFE7FFE7FFE701F0AC
:106FF00045BE40F6D840C4F20240006800F4E010FC
:107000000E900E9820B9FFE703F018FD109071E084
:1070100040F60040C4F202400068000100280BD591
:10702000FFE70E98B0F5802F06D1FFE714A8FEF712
:10703000B5FE159810905CE040F60040C4F20240A6
:107040000068800000280BD5FFE70E98B0F5002FF0
:1070500006D1FFE711A8FFF71DF81298109047E03E
:1070600040F60040C4F2024000688007002813D5B3
:10707000FFE70E98B0F5402F0ED1FFE740F6004035
:10708000C4F202400068C0F3C10149F20000C0F23E
:10709000D030C84010902AE040F60040C4F20240D0
:1070A0000068800500280BD5FFE70E98B0F5801F1B
:1070B00006D1FFE740F60010C0F23D00109015E049
:1070C00040F6F040C4F2024000688007002809D56D
:1070D000FFE70E98B0F5A01F04D1FFE74FF4004082
:1070E000109002E000201090FFE7FFE7FFE7FFE7C6
:1070F000FFE7FFE701F0C2BD40F6D840C4F202400E
:10710000006800F460000E900E9820B9FFE703F0CD
:1071100095FC109071E040F60040C4F20240006817
:10712000000100280BD5FFE70E98B0F5001F06D12F
:10713000FFE714A8FEF732FE159810905CE040F6C9
:107140000040C4F202400068800000280BD5FFE731
:107150000E98B0F5800F06D1FFE711A8FEF79AFF51
:107160001298109047E040F60040C4F202400068D8
:107170008007002813D5FFE70E98B0F5C00F0ED199
:10718000FFE740F60040C4F202400068C0F3C101CE
:1071900049F20000C0F2D030C84010902AE040F61A
:1071A0000040C4F202400068800500280BD5FFE7CC
:1071B0000E98B0F5000F06D1FFE740F60010C0F2C0
:1071C0003D00109015E040F6F040C4F20240006827
:1071D0008007002809D5FFE70E98B0F5200F04D1ED
:1071E000FFE74FF40040109002E000201090FFE70E
:1071F000FFE7FFE7FFE7FFE7FFE701F03FBD40F6EE
:10720000D840C4F20240006800F0E0600E900E9892
:1072100020B9FFE703F012FC109071E040F6004047
:10722000C4F202400068000100280BD5FFE70E9869
:10723000B0F1807F06D1FFE714A8FEF7AFFD1598E7
:1072400010905CE040F60040C4F20240006880000C
:1072500000280BD5FFE70E98B0F1007F06D1FFE7BD
:1072600011A8FEF717FF1298109047E040F6004073
:10727000C4F2024000688007002813D5FFE70E988B
:10728000B0F1407F0ED1FFE740F60040C4F202406B
:107290000068C0F3C10149F20000C0F2D030C8401C
:1072A00010902AE040F60040C4F2024000688005D9
:1072B00000280BD5FFE70E98B0F1806F06D1FFE7ED
:1072C00040F60010C0F23D00109015E040F6F0408E
:1072D000C4F2024000688007002809D5FFE70E9835
:1072E000B0F1A06F04D1FFE74FF40040109002E02E
:1072F00000201090FFE7FFE7FFE7FFE7FFE7FFE76A
:1073000001F0BCBC40F6D840C4F20240006800F076
:1073100060500E900E9820B9FFE703F08FFB10909D
:1073200071E040F60040C4F202400068000100280D
:107330000BD5FFE70E98B0F1006F06D1FFE714A858
:10734000FEF72CFD159810905CE040F60040C4F26A
:1073500002400068800000280BD5FFE70E98B0F1CE
:10736000805F06D1FFE711A8FEF794FE12981090F7
:1073700047E040F60040C4F2024000688007002861
:1073800013D5FFE70E98B0F1C05F0ED1FFE740F6CE
:107390000040C4F202400068C0F3C10149F200009D
:1073A000C0F2D030C84010902AE040F60040C4F24D
:1073B00002400068800500280BD5FFE70E98B0F169
:1073C000005F06D1FFE740F60010C0F23D001090CC
:1073D00015E040F6F040C4F2024000688007002843
:1073E00009D5FFE70E98B0F1205F04D1FFE74FF415
:1073F0000040109002E000201090FFE7FFE7FFE759
:10740000FFE7FFE7FFE701F039BC40F6DC40C4F2DC
:107410000240006800F007000E900E9820B9FFE7C8
:1074200003F00CFB10906CE040F60040C4F2024008
:107430000068000100280AD5FFE70E98012806D150
:10744000FFE714A8FEF7AAFC1598109058E040F644
:107450000040C4F202400068800000280AD5FFE71F
:107460000E98022806D1FFE711A8FEF713FE129826
:10747000109044E040F60040C4F2024000688007EB
:10748000002812D5FFE70E9803280ED1FFE740F63B
:107490000040C4F202400068C0F3C10149F200009C
:1074A000C0F2D030C840109028E040F60040C4F24E
:1074B00002400068800500280AD5FFE70E980428DE
:1074C00006D1FFE740F60010C0F23D00109014E036
:1074D00040F6F040C4F2024000688007002808D55A
:1074E000FFE70E98052804D1FFE74FF40040109005
:1074F00002E000201090FFE7FFE7FFE7FFE7FFE76C
:10750000FFE701F0BBBB40F6DC40C4F2024000687C
:1075100000F070000E900E9820B9FFE703F08EFA8D
:1075200010906CE040F60040C4F202400068000198
:1075300000280AD5FFE70E98102806D1FFE714A807
:10754000FEF72CFC1598109058E040F60040C4F26D
:1075500002400068800000280AD5FFE70E98202826
:1075600006D1FFE711A8FEF795FD1298109044E0B0
:1075700040F60040C4F2024000688007002812D59F
:10758000FFE70E9830280ED1FFE740F60040C4F226
:1075900002400068C0F3C10149F20000C0F2D030DF
:1075A000C840109028E040F60040C4F20240006855
:1075B000800500280AD5FFE70E98402806D1FFE78E
:1075C00040F60010C0F23D00109014E040F6F0408C
:1075D000C4F2024000688007002808D5FFE70E9833
:1075E000502804D1FFE74FF40040109002E0002043
:1075F0001090FFE7FFE7FFE7FFE7FFE7FFE701F096
:107600003DBB40F6E040C4F20240006800F0E0609C
:107610000E900E9820B9FFE703F038FA10905FE063
:107620000E98B0F1807F06D1FFE714A8FEF7B6FBF5
:107630001598109053E00E98B0F1007F06D1FFE747
:1076400011A8FEF727FD1298109047E040F6004081
:10765000C4F2024000688007002813D5FFE70E98A7
:10766000B0F1407F0ED1FFE740F60040C4F2024087
:107670000068C0F3C10149F20000C0F2D030C84038
:1076800010902AE040F60040C4F2024000688005F5
:1076900000280BD5FFE70E98B0F1806F06D1FFE709
:1076A00040F60010C0F23D00109015E040F6F040AA
:1076B000C4F2024000688007002809D5FFE70E9851
:1076C000B0F1A06F04D1FFE74FF40040109002E04A
:1076D00000201090FFE7FFE7FFE7FFE7FFE7FFE786
:1076E00001F0CCBA40F6E840C4F20240006800F075
:1076F00007000E900E9820B9FFE703F085F910906F
:107700005AE00E98012804D1FFE703F0D3F9109056
:1077100051E00E98022806D1FFE714A8FEF73EFBC1
:107720001698109046E040F60040C4F2024000680F
:10773000800300280AD5FFE70E98032806D1FFE74B
:1077400047F64000C0F27D10109032E040F6004055
:10775000C4F2024000688007002812D5FFE70E98A7
:1077600004280ED1FFE740F60040C4F20240006852
:10777000C0F3C10149F20000C0F2D030C8401090FF
:1077800016E040F60040C4F2024000688005002880
:107790000AD5FFE70E98052806D1FFE740F600104E
:1077A000C0F23D00109002E000201090FFE7FFE7DC
:1077B000FFE7FFE7FFE7FFE701F060BA40F6E840C8
:1077C000C4F20240006800F008000E9040F6F0405D
:1077D000C4F2024000688007002807D5FFE70E9832
:1077E00020B9FFE74FF40040109014E040F6F0405D
:1077F000C4F2024000680001002808D5FFE70E9897
:10780000082804D1FFE74FF4FA40109002E000206E
:107810001090FFE7FFE701F031BA40F6E440C4F210
:107820000240006800F440300E900E9820B9FFE747
:1078300003F004F9109040E00E98B0F5803F06D1B7
:10784000FFE711A8FEF726FC1398109034E040F6ED
:107850000040C4F2024000688007002813D5FFE70B
:107860000E98B0F5003F0ED1FFE740F60040C4F29D
:1078700002400068C0F3C10149F20000C0F2D030FC
:10788000C840109017E040F60040C4F20240006883
:10789000800500280BD5FFE70E98B0F5403F06D1D4
:1078A000FFE740F60010C0F23D00109002E000201B
:1078B0001090FFE7FFE7FFE7FFE701F0DFB940F6D1
:1078C000E440C4F20240006800F440200E900E989C
:1078D00020B9FFE703F0B2F8109040E00E98B0F541
:1078E000802F06D1FFE711A8FEF7D4FB1398109064
:1078F00034E040F60040C4F20240006880070028EF
:1079000013D5FFE70E98B0F5002F0ED1FFE740F634
:107910000040C4F202400068C0F3C10149F2000017
:10792000C0F2D030C840109017E040F60040C4F2DA
:1079300002400068800500280BD5FFE70E98B0F5DF
:10794000402F06D1FFE740F60010C0F23D00109036
:1079500002E000201090FFE7FFE7FFE7FFE701F0FC
:107960008DB940F6E440C4F20240006800F44010D3
:107970000E900E9820B9FFE703F088F8109040E0D1
:107980000E98B0F5801F06D1FFE711A8FEF782FB25
:107990001398109034E040F60040C4F202400068B2
:1079A0008007002813D5FFE70E98B0F5001F0ED111
:1079B000FFE740F60040C4F202400068C0F3C10196
:1079C00049F20000C0F2D030C840109017E040F6F5
:1079D0000040C4F202400068800500280BD5FFE794
:1079E0000E98B0F5401F06D1FFE740F60010C0F238
:1079F0003D00109002E000201090FFE7FFE7FFE756
:107A0000FFE701F03BB940F6E440C4F202400068F1
:107A100000F440000E900E9820B9FFE703F036F80E
:107A2000109040E00E98B0F5800F06D1FFE711A846
:107A3000FEF730FB1398109034E040F60040C4F29B
:107A4000024000688007002813D5FFE70E98B0F5C4
:107A5000000F0ED1FFE740F60040C4F2024000687C
:107A6000C0F3C10149F20000C0F2D030C84010900C
:107A700017E040F60040C4F202400068800500288C
:107A80000BD5FFE70E98B0F5400F06D1FFE740F6A3
:107A90000010C0F23D00109002E000201090FFE7BF
:107AA000FFE7FFE7FFE701F0E9B840F6E440C4F282
:107AB0000240006800F040700E900E9820B9FFE779
:107AC00002F0BCFF10902BE00E98B0F1807F06D141
:107AD000FFE711A8FEF7DEFA139810901FE040F6BA
:107AE0000040C4F2024000688007002813D5FFE779
:107AF0000E98B0F1007F0ED1FFE740F60040C4F2CF
:107B000002400068C0F3C10149F20000C0F2D03069
:107B1000C840109002E000201090FFE7FFE7FFE769
:107B200001F0ACB840F6DC40C4F20240006800F45A
:107B3000E0600E900E980990C8B1FFE70998B0F583
:107B4000807F18D0FFE70998B0F5007F19D0FFE7D4
:107B50000998B0F5407F1AD0FFE70998B0F5806F1B
:107B600026D0FFE70998B0F5A06F32D081E002F08F
:107B70008DFF109080E014A8FEF710F91498109073
:107B80007AE011A8FEF786FA1398109074E040F698
:107B9000F040C4F2024000688007002804D5FFE7E7
:107BA0004FF40040109002E000201090FFE763E0E7
:107BB00040F6F040C4F2024000680001002804D5FD
:107BC000FFE74FF4FA40109002E000201090FFE72A
:107BD00052E040F6E840C4F20240006800F0404045
:107BE0000F9040F60040C4F2024000688007002871
:107BF00011D5FFE70F9870B9FFE740F60040C4F2D7
:107C000002400068C0F3C10149F20000C0F2D03068
:107C1000C84010902CE040F60040C4F202400068DA
:107C2000800500280BD5FFE70F98B0F1804F06D1F3
:107C3000FFE740F60010C0F23D00109017E040F65C
:107C40000040C4F202400068800300280BD5FFE723
:107C50000F98B0F1004F06D1FFE747F64000C0F2A1
:107C60007D10109002E000201090FFE7FFE7FFE793
:107C700002E000201090FFE701F000B840F6DC4081
:107C8000C4F20240006800F4E0400E900E980890A4
:107C9000C8B1FFE70898B0F5805F18D0FFE70898F3
:107CA000B0F5005F19D0FFE70898B0F5405F1AD033
:107CB000FFE70898B0F5804F26D0FFE70898B0F5A9
:107CC000A04F32D081E002F0B9FE109080E014A8FD
:107CD000FEF764F8149810907AE011A8FEF7DAF92C
:107CE0001398109074E040F6F040C4F2024000682F
:107CF0008007002804D5FFE74FF40040109002E011
:107D000000201090FFE763E040F6F040C4F202402C
:107D100000680001002804D5FFE74FF4FA401090F6
:107D200002E000201090FFE752E040F6E840C4F285
:107D30000240006800F040400F9040F60040C4F25E
:107D4000024000688007002811D5FFE70F9870B93E
:107D5000FFE740F60040C4F202400068C0F3C101F2
:107D600049F20000C0F2D030C84010902CE040F63C
:107D70000040C4F202400068800500280BD5FFE7F0
:107D80000F98B0F1804F06D1FFE740F60010C0F227
:107D90003D00109017E040F60040C4F20240006839
:107DA000800300280BD5FFE70F98B0F1004F06D1F4
:107DB000FFE747F64000C0F27D10109002E000207F
:107DC0001090FFE7FFE7FFE702E000201090FFE7D9
:107DD00000F054BF40F6DC40C4F20240006800F4FA
:107DE000E0200E900E980790C8B1FFE70798B0F515
:107DF000803F18D0FFE70798B0F5003F19D0FFE7A4
:107E00000798B0F5403F1AD0FFE70798B0F5802FEC
:107E100026D0FFE70798B0F5A02F32D081E002F01E
:107E200035FE109080E014A8FDF7B8FF149810906C
:107E30007AE011A8FEF72EF91398109074E040F63E
:107E4000F040C4F2024000688007002804D5FFE734
:107E50004FF40040109002E000201090FFE763E034
:107E600040F6F040C4F2024000680001002804D54A
:107E7000FFE74FF4FA40109002E000201090FFE777
:107E800052E040F6E840C4F20240006800F0404092
:107E90000F9040F60040C4F20240006880070028BE
:107EA00011D5FFE70F9870B9FFE740F60040C4F224
:107EB00002400068C0F3C10149F20000C0F2D030B6
:107EC000C84010902CE040F60040C4F20240006828
:107ED000800500280BD5FFE70F98B0F1804F06D141
:107EE000FFE740F60010C0F23D00109017E040F6AA
:107EF0000040C4F202400068800300280BD5FFE771
:107F00000F98B0F1004F06D1FFE747F64000C0F2EE
:107F10007D10109002E000201090FFE7FFE7FFE7E0
:107F200002E000201090FFE700F0A8BE40F6DC4021
:107F3000C4F20240006800F4E0000E900E98069033
:107F4000C8B1FFE70698B0F5801F18D0FFE7069884
:107F5000B0F5001F19D0FFE70698B0F5401F1AD002
:107F6000FFE70698B0F5800F26D0FFE70698B0F53A
:107F7000A00F32D081E002F089FD109080E014A8BB
:107F8000FDF70CFF149810907AE011A8FEF782F824
:107F90001398109074E040F6F040C4F2024000687C
:107FA0008007002804D5FFE74FF40040109002E05E
:107FB00000201090FFE763E040F6F040C4F202407A
:107FC00000680001002804D5FFE74FF4FA40109044
:107FD00002E000201090FFE752E040F6E840C4F2D3
:107FE0000240006800F040400F9040F60040C4F2AC
:107FF000024000688007002811D5FFE70F9870B98C
:10800000FFE740F60040C4F202400068C0F3C1013F
:1080100049F20000C0F2D030C84010902CE040F689
:108020000040C4F202400068800500280BD5FFE73D
:108030000F98B0F1804F06D1FFE740F60010C0F274
:108040003D00109017E040F60040C4F20240006886
:10805000800300280BD5FFE70F98B0F1004F06D141
:10806000FFE747F64000C0F27D10109002E00020CC
:108070001090FFE7FFE7FFE702E000201090FFE726
:1080800000F0FCBD40F6DC40C4F20240006800F0A5
:10809000E0600E900E980590C8B1FFE70598B0F12A
:1080A000807F18D0FFE70598B0F1007F19D0FFE777
:1080B0000598B0F1407F1AD0FFE70598B0F1806FC6
:1080C00026D0FFE70598B0F1A06F32D081E002F032
:1080D000DDFC109080E014A8FDF760FE149810906D
:1080E0007AE011A8FDF7D6FF1398109074E040F6DF
:1080F000F040C4F2024000688007002804D5FFE782
:108100004FF40040109002E000201090FFE763E081
:1081100040F6F040C4F2024000680001002804D597
:10812000FFE74FF4FA40109002E000201090FFE7C4
:1081300052E040F6E840C4F20240006800F04040DF
:108140000F9040F60040C4F202400068800700280B
:1081500011D5FFE70F9870B9FFE740F60040C4F271
:1081600002400068C0F3C10149F20000C0F2D03003
:10817000C84010902CE040F60040C4F20240006875
:10818000800500280BD5FFE70F98B0F1804F06D18E
:10819000FFE740F60010C0F23D00109017E040F6F7
:1081A0000040C4F202400068800300280BD5FFE7BE
:1081B0000F98B0F1004F06D1FFE747F64000C0F23C
:1081C0007D10109002E000201090FFE7FFE7FFE72E
:1081D00002E000201090FFE700F050BD40F6DC40C8
:1081E000C4F20240006800F0E0400E900E98049047
:1081F000C8B1FFE70498B0F1805F18D0FFE704989A
:10820000B0F1005F19D0FFE70498B0F1405F1AD0D9
:10821000FFE70498B0F1804F26D0FFE70498B0F153
:10822000A04F32D081E002F031FC109080E014A821
:10823000FDF7B4FD149810907AE011A8FDF72AFF1D
:108240001398109074E040F6F040C4F202400068C9
:108250008007002804D5FFE74FF40040109002E0AB
:1082600000201090FFE763E040F6F040C4F20240C7
:1082700000680001002804D5FFE74FF4FA40109091
:1082800002E000201090FFE752E040F6E840C4F220
:108290000240006800F040400F9040F60040C4F2F9
:1082A000024000688007002811D5FFE70F9870B9D9
:1082B000FFE740F60040C4F202400068C0F3C1018D
:1082C00049F20000C0F2D030C84010902CE040F6D7
:1082D0000040C4F202400068800500280BD5FFE78B
:1082E0000F98B0F1804F06D1FFE740F60010C0F2C2
:1082F0003D00109017E040F60040C4F202400068D4
:10830000800300280BD5FFE70F98B0F1004F06D18E
:10831000FFE747F64000C0F27D10109002E0002019
:108320001090FFE7FFE7FFE702E000201090FFE773
:1083300000F0A4BC40F6E840C4F20240006800F43B
:1083400040700E9040F60040C4F202400068800386
:10835000002809D5FFE70E9830B9FFE747F640003F
:10836000C0F27D1010901AE00E98B0F5807F06D113
:10837000FFE717A8FDF796FB189810900EE00E98EF
:10838000B0F5007F06D1FFE714A8FDF707FD1598AB
:10839000109002E000201090FFE7FFE7FFE700F0F9
:1083A0006DBC40F6E040C4F20240006800F00700F7
:1083B0000E900E98039004286DD80399DFE801F021
:1083C00003090F151B0017A8FDF76CFB18981090F8
:1083D00064E014A8FDF7E2FC149810905EE011A888
:1083E000FDF758FE1198109058E048F20000C0F2D6
:1083F000BB00109052E040F6E840C4F20240006832
:1084000000F040400F9040F60040C4F20240006887
:108410008007002811D5FFE70F9870B9FFE740F6F5
:108420000040C4F202400068C0F3C10149F20000FC
:10843000C0F2D030C84010902CE040F60040C4F2AA
:1084400002400068800500280BD5FFE70F98B0F1C7
:10845000804F06D1FFE740F60010C0F23D001090BB
:1084600017E040F60040C4F2024000688003002894
:108470000BD5FFE70F98B0F1004F06D1FFE747F6A5
:108480004000C0F27D10109002E000201090FFE745
:10849000FFE7FFE702E000201090FFE700F0EEBBEF
:1084A00040F6E040C4F20240006800F038000E9050
:1084B0000E980290202800F27C800299DFE801F0FB
:1084C00011797979797979791779797979797979E6
:1084D0001D797979797979792379797979797979BE
:1084E000290017A8FDF7DEFA1898109064E014A888
:1084F000FDF754FC149810905EE011A8FDF7CAFD3A
:108500001198109058E048F20000C0F2BB001090A3
:1085100052E040F6E840C4F20240006800F04040FB
:108520000F9040F60040C4F2024000688007002827
:1085300011D5FFE70F9870B9FFE740F60040C4F28D
:1085400002400068C0F3C10149F20000C0F2D0301F
:10855000C84010902CE040F60040C4F20240006891
:10856000800500280BD5FFE70F98B0F1804F06D1AA
:10857000FFE740F60010C0F23D00109017E040F613
:108580000040C4F202400068800300280BD5FFE7DA
:108590000F98B0F1004F06D1FFE747F64000C0F258
:1085A0007D10109002E000201090FFE7FFE7FFE74A
:1085B00002E000201090FFE760E340F6E040C4F2E4
:1085C0000240006800F4E0700E900E98019088B1AF
:1085D000FFE70198402813D0FFE70198802815D0C5
:1085E000FFE70198C02817D0FFE70198B0F5807F1A
:1085F00018D067E017A8FDF755FA1898109064E0B6
:1086000014A8FDF7CBFB149810905EE011A8FDF7BD
:1086100041FD1198109058E048F20000C0F2BB00F4
:10862000109052E040F6E840C4F20240006800F0CA
:1086300040400F9040F60040C4F2024000688007BE
:10864000002811D5FFE70F9870B9FFE740F600400A
:10865000C4F202400068C0F3C10149F20000C0F258
:10866000D030C84010902CE040F60040C4F20240E8
:108670000068800500280BD5FFE70F98B0F1804F08
:1086800006D1FFE740F60010C0F23D00109017E061
:1086900040F60040C4F202400068800300280BD579
:1086A000FFE70F98B0F1004F06D1FFE747F6400013
:1086B000C0F27D10109002E000201090FFE7FFE76D
:1086C000FFE702E000201090FFE7D7E240F6E0402D
:1086D000C4F20240006800F460600E900E9820B969
:1086E000FFE702F0BFF9109073E040F60040C4F2DB
:1086F00002400068000100280BD5FFE70E98B0F596
:10870000007F06D1FFE714A8FDF748FB15981090ED
:108710005EE040F60040C4F202400068800000289D
:108720000BD5FFE70E98B0F5806F06D1FFE711A8D3
:10873000FDF7B0FC1298109049E040F60040C4F2FA
:10874000024000688007002813D5FFE70E98B0F5B7
:10875000C06F0ED1FFE740F60040C4F2024000684F
:10876000C0F3C10149F20000C0F2D030C8401090FF
:108770002CE040F60040C4F202400068800500286A
:108780000BD5FFE70E98B0F5006F06D1FFE740F676
:108790000010C0F23D00109017E040F60040C4F217
:1087A00002400068800300280BD5FFE70E98B0F563
:1087B000206F06D1FFE747F64000C0F27D10109011
:1087C00002E000201090FFE7FFE7FFE7FFE7FFE789
:1087D000FFE753E240F6E040C4F20240006800F4D4
:1087E000E0400E900E9820B9FFE702F04FF910908C
:1087F00073E040F60040C4F2024000680001002827
:108800000BD5FFE70E98B0F5805F06D1FFE714A8FF
:10881000FDF7C4FA159810905EE040F60040C4F2EF
:1088200002400068800000280BD5FFE70E98B0F5E5
:10883000005F06D1FFE711A8FDF72CFC12981090FD
:1088400049E040F60040C4F202400068800700287A
:1088500013D5FFE70E98B0F5405F0ED1FFE740F665
:108860000040C4F202400068C0F3C10149F20000B8
:10887000C0F2D030C84010902CE040F60040C4F266
:1088800002400068800500280BD5FFE70E98B0F580
:10889000804F06D1FFE740F60010C0F23D00109077
:1088A00017E040F60040C4F2024000688003002850
:1088B0000BD5FFE70E98B0F5A04F06D1FFE747F6BE
:1088C0004000C0F27D10109002E000201090FFE701
:1088D000FFE7FFE7FFE7FFE7FFE7CFE140F6E04014
:1088E000C4F20240006800F460300E900E9820B987
:1088F000FFE702F0B7F8109073E040F60040C4F2D2
:1089000002400068000100280BD5FFE70E98B0F583
:10891000004F06D1FFE714A8FDF740FA1598109014
:108920005EE040F60040C4F202400068800000288B
:108930000BD5FFE70E98B0F5803F06D1FFE711A8F1
:10894000FDF7A8FB1298109049E040F60040C4F2F1
:10895000024000688007002813D5FFE70E98B0F5A5
:10896000C03F0ED1FFE740F60040C4F2024000686D
:10897000C0F3C10149F20000C0F2D030C8401090ED
:108980002CE040F60040C4F2024000688005002858
:108990000BD5FFE70E98B0F5003F06D1FFE740F694
:1089A0000010C0F23D00109017E040F60040C4F205
:1089B00002400068800300280BD5FFE70E98B0F551
:1089C000203F06D1FFE747F64000C0F27D1010902F
:1089D00002E000201090FFE7FFE7FFE7FFE7FFE777
:1089E000FFE74BE140F6E440C4F20240006800F0CB
:1089F00003000E900E980090032864D80099DFE8D9
:108A000001F002060C1201F0FFFF10905EE017A8C3
:108A1000FDF748F81898109058E014A8FDF7BEF933
:108A20001698109052E040F6E840C4F20240006808
:108A300000F040400F9040F60040C4F20240006851
:108A40008007002811D5FFE70F9870B9FFE740F6BF
:108A50000040C4F202400068C0F3C10149F20000C6
:108A6000C0F2D030C84010902CE040F60040C4F274
:108A700002400068800500280BD5FFE70F98B0F191
:108A8000804F06D1FFE740F60010C0F23D00109085
:108A900017E040F60040C4F202400068800300285E
:108AA0000BD5FFE70F98B0F1004F06D1FFE747F66F
:108AB0004000C0F27D10109002E000201090FFE70F
:108AC000FFE7FFE702E000201090FFE7D6E040F666
:108AD000E840C4F20240006800F0C0000E9040F68A
:108AE000F040C4F2024000688007002807D5FFE785
:108AF0000E9820B9FFE74FF40040109026E040F6B2
:108B0000F040C4F2024000680001002808D5FFE7E9
:108B10000E98402804D1FFE74FF4FA40109014E07B
:108B200040F60040C4F2024000688005002808D5E5
:108B3000FFE70E98802804D1FFE748F2120010905A
:108B400002E000201090FFE7FFE7FFE796E040F625
:108B5000E840C4F20240006800F030000E9040F699
:108B60000040C4F2024000688004002809D5FFE7F5
:108B70000E9830B9FFE746F60040C0F2DC201090B6
:108B80003AE040F60040C4F202400068800100284C
:108B90000AD5FFE70E98102806D1FFE717A8FCF7C3
:108BA00081FF1898109026E040F6F040C4F2024091
:108BB00000688007002808D5FFE70E98202804D118
:108BC000FFE74FF40040109014E040F6F040C4F28C
:108BD000024000680001002808D5FFE70E98302801
:108BE00004D1FFE74FF4FA40109002E0002010900B
:108BF000FFE7FFE7FFE7FFE740E040F6E440C4F2AD
:108C00000240006800F030000E900E98102806D147
:108C1000FFE717A8FCF746FF189810902EE040F6E3
:108C20000040C4F202400068800000280AD5FFE737
:108C30000E98202806D1FFE711A8FDF72BFA12980D
:108C4000109016E040F60040C4F202400068800434
:108C500000280AD5FFE70E98302806D1FFE746F630
:108C60000040C0F2DC20109002E000201090FFE7EE
:108C7000FFE7FFE702E000201090FFE7FFE7109812
:108C80001CB080BD80B5ACB02B9000208DF8A30047
:108C90008DF8A2002B98C078C00760B1FFE740F6BE
:108CA000E841C4F20241086820F040402B9A926DDE
:108CB00010430860FFE72B980068C007002837D0F2
:108CC000FFE72B98C06D2790052817D82799DFE874
:108CD00001F003040B12131414E02B98083007F072
:108CE00001FB8DF8A3000DE02B98303007F0B0FBAE
:108CF0008DF8A30006E005E004E003E001208DF814
:108D0000A300FFE79DF8A30060B9FFE740F6D84154
:108D1000C4F20241086820F007002B9AD26D10437C
:108D2000086004E09DF8A3008DF8A200FFE7FFE7CC
:108D30002B9800788007002840F14A80FFE72B98A5
:108D4000006E2690282829D82699DFE801F01527FB
:108D500027272727272716272727272727271D27BE
:108D60002727272727272427272727272727252798
:108D7000272727272727260014E02B98083007F0FD
:108D8000B1FA8DF8A3000DE02B98303007F060FBAE
:108D90008DF8A30006E005E004E003E001208DF873
:108DA000A300FFE79DF8A30060B9FFE740F6D841B4
:108DB000C4F20241086820F038002B9A126E10436A
:108DC000086004E09DF8A3008DF8A200FFE7FFE72C
:108DD0002B9800784007002847D5FFE72B98406E76
:108DE0002590B0B1FFE72598402813D0FFE72598DC
:108DF000802816D0FFE72598C02819D0FFE72598CE
:108E0000B0F5807F15D0FFE72598B0F5A07F11D091
:108E100011E014E02B98083007F064FA8DF8A300F5
:108E20000DE02B98303007F013FB8DF8A30006E01F
:108E300005E004E003E001208DF8A300FFE79DF8C2
:108E4000A30060B9FFE740F6D841C4F202410868C8
:108E500020F4E0702B9A526E1043086004E09DF8F5
:108E6000A3008DF8A200FFE7FFE72B98007800072A
:108E700000284AD5FFE72B98806E2490C8B1FFE701
:108E80002498B0F5007F15D0FFE72498B0F5806FE7
:108E900017D0FFE72498B0F5C06F19D0FFE72498EA
:108EA000B0F5006F15D0FFE72498B0F5206F11D012
:108EB00011E014E02B98083007F014FA8DF8A300A5
:108EC0000DE02B98303007F0C3FA8DF8A30006E0D0
:108ED00005E004E003E001208DF8A300FFE79DF822
:108EE000A30060B9FFE740F6D841C4F20241086828
:108EF00020F460602B9A926E1043086004E09DF8A5
:108F0000A3008DF8A200FFE7FFE72B980078C006CA
:108F100000284AD5FFE72B98C06E2390C8B1FFE721
:108F20002398B0F5805F15D0FFE72398B0F5005F78
:108F300017D0FFE72398B0F5405F19D0FFE72398DB
:108F4000B0F5804F15D0FFE72398B0F5A04F11D0B2
:108F500011E014E02B98083007F0C4F98DF8A30055
:108F60000DE02B98303007F073FA8DF8A30006E07F
:108F700005E004E003E001208DF8A300FFE79DF881
:108F8000A30060B9FFE740F6D841C4F20241086887
:108F900020F4E0402B9AD26E1043086004E09DF864
:108FA000A3008DF8A200FFE7FFE72B98007880066A
:108FB00000284AD5FFE72B98006F2290C8B1FFE741
:108FC0002298B0F5004F15D0FFE72298B0F5803F0A
:108FD00017D0FFE72298B0F5C03F19D0FFE72298DD
:108FE000B0F5003F15D0FFE72298B0F5203F11D033
:108FF00011E014E02B98083007F074F98DF8A30005
:109000000DE02B98303007F023FA8DF8A30006E02E
:1090100005E004E003E001208DF8A300FFE79DF8E0
:10902000A30060B9FFE740F6D841C4F202410868E6
:1090300020F460302B9A126F1043086004E09DF812
:10904000A3008DF8A200FFE7FFE72B980078400609
:1090500000284AD5FFE72B98406F2190C8B1FFE761
:109060002198B0F5802F15D0FFE72198B0F5002F9B
:1090700017D0FFE72198B0F5402F19D0FFE72198CE
:10908000B0F5801F15D0FFE72198B0F5A01F11D0D3
:1090900011E014E02B98083007F024F98DF8A300B4
:1090A0000DE02B98303007F0D3F98DF8A30006E0DF
:1090B00005E004E003E001208DF8A300FFE79DF840
:1090C000A30060B9FFE740F6D841C4F20241086846
:1090D00020F4E0102B9A526F1043086004E09DF8D2
:1090E000A3008DF8A200FFE7FFE72B9800780006A9
:1090F00000284AD5FFE72B98806F2090C8B1FFE782
:109100002098B0F5001F15D0FFE72098B0F5800F2C
:1091100017D0FFE72098B0F5C00F19D0FFE72098CF
:10912000B0F5000F15D0FFE72098B0F5200F11D053
:1091300011E014E02B98083007F0D4F88DF8A30064
:109140000DE02B98303007F083F98DF8A30006E08E
:1091500005E004E003E001208DF8A300FFE79DF89F
:10916000A30060B9FFE740F6D841C4F202410868A5
:1091700020F460002B9A926F1043086004E09DF881
:10918000A3008DF8A200FFE7FFE72B984078C00707
:1091900000284AD0FFE72B98C06F1F90C8B1FFE7A7
:1091A0001F98B0F1807F15D0FFE71F98B0F1007FC6
:1091B00017D0FFE71F98B0F1407F19D0FFE71F9845
:1091C000B0F1806F15D0FFE71F98B0F1A06F11D0FC
:1091D00011E014E02B98083007F084F88DF8A30014
:1091E0000DE02B98303007F033F98DF8A30006E03E
:1091F00005E004E003E001208DF8A300FFE79DF8FF
:10920000A30060B9FFE740F6D841C4F20241086804
:1092100020F0E0602B9AD26F1043086004E09DF8C4
:10922000A3008DF8A200FFE7FFE72B9840788007A6
:1092300000284CD5FFE72B98D0F880001E90C8B1CD
:10924000FFE71E98B0F1006F15D0FFE71E98B0F150
:10925000805F17D0FFE71E98B0F1C05F19D0FFE71D
:109260001E98B0F1005F15D0FFE71E98B0F1205FA7
:1092700011D011E014E02B98083007F033F88DF886
:10928000A3000DE02B98303007F0E2F88DF8A30032
:1092900006E005E004E003E001208DF8A300FFE70D
:1092A0009DF8A30068B9FFE740F6D841C4F2024137
:1092B000086820F060502B9AD2F880201043086094
:1092C00004E09DF8A3008DF8A200FFE7FFE72B98CC
:1092D00040784007002839D5FFE72B98D0F8840064
:1092E0001D90052817D81D99DFE801F003040B1223
:1092F000131414E02B98083006F0F4FF8DF8A30047
:109300000DE02B98303007F0A3F88DF8A30006E0AD
:1093100005E004E003E001208DF8A300FFE79DF8DD
:10932000A30068B9FFE740F6DC41C4F202410868D7
:1093300020F007002B9AD2F884201043086004E044
:109340009DF8A3008DF8A200FFE7FFE72B98407877
:109350000007002847D5FFE72B98D0F888001C901D
:10936000A0B1FFE71C98102811D0FFE71C98202817
:1093700014D0FFE71C98302817D0FFE71C9840282E
:1093800014D0FFE71C98502811D011E014E02B985E
:10939000083006F0A7FF8DF8A3000DE02B983030C1
:1093A00007F056F88DF8A30006E005E004E003E0BE
:1093B00001208DF8A300FFE79DF8A30068B9FFE73F
:1093C00040F6DC41C4F20241086820F070002B9A9C
:1093D000D2F888201043086004E09DF8A3008DF8BF
:1093E000A200FFE7FFE72B984078C00600284CD585
:1093F000FFE72B98D0F88C001B90C8B1FFE71B98B3
:10940000B0F1807F15D0FFE71B98B0F1007F17D037
:10941000FFE71B98B0F1407F19D0FFE71B98B0F130
:10942000806F15D0FFE71B98B0F1A06F11D011E04D
:1094300014E02B98083006F055FF8DF8A3000DE0DE
:109440002B98303007F004F88DF8A30006E005E013
:1094500004E003E001208DF8A300FFE79DF8A300DE
:1094600068B9FFE740F6E041C4F20241086820F025
:10947000E0602B9AD2F88C201043086004E09DF83D
:10948000A3008DF8A200FFE7FFE72B984078800645
:1094900000283AD5FFE72B98D0F890001A9078B1C1
:1094A000FFE71A98B0F5803F0BD0FFE71A98B0F5A8
:1094B000003F0DD0FFE71A98B0F5403F09D009E012
:1094C0000CE02B98303006F0C3FF8DF8A30005E0C8
:1094D00004E003E001208DF8A300FFE79DF8A3005E
:1094E00068B9FFE740F6E441C4F20241086820F49D
:1094F00040302B9AD2F890201043086004E09DF889
:10950000A3008DF8A200FFE7FFE72B984078400604
:1095100000283AD5FFE72B98D0F89400199078B13D
:10952000FFE71998B0F5802F0BD0FFE71998B0F539
:10953000002F0DD0FFE71998B0F5402F09D009E0B2
:109540000CE02B98303006F083FF8DF8A30005E087
:1095500004E003E001208DF8A300FFE79DF8A300DD
:1095600068B9FFE740F6E441C4F20241086820F41C
:1095700040202B9AD2F894201043086004E09DF814
:10958000A3008DF8A200FFE7FFE72B9840780006C4
:1095900000283AD5FFE72B98D0F89800189078B1BA
:1095A000FFE71898B0F5801F0BD0FFE71898B0F5CB
:1095B000001F0DD0FFE71898B0F5401F09D009E053
:1095C0000CE02B98303006F043FF8DF8A30005E047
:1095D00004E003E001208DF8A300FFE79DF8A3005D
:1095E00068B9FFE740F6E441C4F20241086820F49C
:1095F00040102B9AD2F898201043086004E09DF8A0
:10960000A3008DF8A200FFE7FFE72B984079400701
:1096100000283AD5FFE72B98D0F89C00179078B136
:10962000FFE71798B0F5800F0BD0FFE71798B0F55C
:10963000000F0DD0FFE71798B0F5400F09D009E0F3
:109640000CE02B98303006F003FF8DF8A30005E006
:1096500004E003E001208DF8A300FFE79DF8A300DC
:1096600068B9FFE740F6E441C4F20241086820F41B
:1096700040002B9AD2F89C201043086004E09DF82B
:10968000A3008DF8A200FFE7FFE72B988078C007C2
:10969000A0B3FFE72B98D0F8A000169050B1FFE7D9
:1096A0001698B0F1807F06D0FFE71698B0F1007FE2
:1096B00008D008E00BE02B98303006F0C9FE8DF89A
:1096C000A30004E003E001208DF8A300FFE79DF86C
:1096D000A30068B9FFE740F6E441C4F2024108681C
:1096E00020F040702B9AD2F8A0201043086004E0CC
:1096F0009DF8A3008DF8A200FFE7FFE72B984079C3
:109700000007002811D5FFE7FFE740F61C41C4F22F
:109710000241086820F4004008602B98D0F804212A
:10972000086810430860FFE7FFE72B988078800700
:1097300000284CD5FFE72B98D0F8A4001590C8B1AD
:10974000FFE71598B0F5807F15D0FFE71598B0F5C5
:10975000007F17D0FFE71598B0F5407F19D0FFE7DD
:109760001598B0F5806F15D0FFE71598B0F5A06F8C
:1097700011D011E014E02B98083006F0B3FD8DF8FD
:10978000A3000DE02B98303006F062FE8DF8A300A8
:1097900006E005E004E003E001208DF8A300FFE708
:1097A0009DF8A30068B9FFE740F6DC41C4F202412E
:1097B000086820F4E0602B9AD2F8A42010430860D7
:1097C00004E09DF8A3008DF8A200FFE7FFE72B98C7
:1097D0008078400700284CD5FFE72B98D0F8A800E8
:1097E0001490C8B1FFE71498B0F5805F15D0FFE77B
:1097F0001498B0F5005F17D0FFE71498B0F5405FFC
:1098000019D0FFE71498B0F5804F15D0FFE71498F2
:10981000B0F5A04F11D011E014E02B98083006F0FD
:1098200061FD8DF8A3000DE02B98303006F010FE9E
:109830008DF8A30006E005E004E003E001208DF8C8
:10984000A300FFE79DF8A30068B9FFE740F6DC41FD
:10985000C4F20241086820F4E0402B9AD2F8A82014
:109860001043086004E09DF8A3008DF8A200FFE714
:10987000FFE72B980079800600284CD5FFE72B984E
:10988000D0F8AC001390C8B1FFE71398B0F5803F53
:1098900015D0FFE71398B0F5003F17D0FFE71398F6
:1098A000B0F5403F19D0FFE71398B0F5802F15D0E1
:1098B000FFE71398B0F5A02F11D011E014E02B981A
:1098C000083006F00FFD8DF8A3000DE02B98303026
:1098D00006F0BEFD8DF8A30006E005E004E003E01D
:1098E00001208DF8A300FFE79DF8A30068B9FFE70A
:1098F00040F6DC41C4F20241086820F4E0202B9AD3
:10990000D2F8AC201043086004E09DF8A3008DF865
:10991000A200FFE7FFE72B980079400600284CD50E
:10992000FFE72B98D0F8B0001290C8B1FFE712986B
:10993000B0F5801F15D0FFE71298B0F5001F17D0C3
:10994000FFE71298B0F5401F19D0FFE71298B0F565
:10995000800F15D0FFE71298B0F5A00F11D011E0DD
:1099600014E02B98083006F0BDFC8DF8A3000DE044
:109970002B98303006F06CFD8DF8A30006E005E072
:1099800004E003E001208DF8A300FFE79DF8A300A9
:1099900068B9FFE740F6DC41C4F20241086820F4F0
:1099A000E0002B9AD2F8B0201043086004E09DF844
:1099B000A3008DF8A200FFE7FFE72B9800790006CF
:1099C00000284CD5FFE72B98D0F8B4001190C8B10F
:1099D000FFE71198B0F1807F15D0FFE71198B0F143
:1099E000007F17D0FFE71198B0F1407F19D0FFE753
:1099F0001198B0F1806F15D0FFE71198B0F1A06F0A
:109A000011D011E014E02B98083006F06BFC8DF8B3
:109A1000A3000DE02B98303006F01AFD8DF8A3005E
:109A200006E005E004E003E001208DF8A300FFE775
:109A30009DF8A30068B9FFE740F6DC41C4F202419B
:109A4000086820F0E0602B9AD2F8B4201043086038
:109A500004E09DF8A3008DF8A200FFE7FFE72B9834
:109A60004079C00700284CD0FFE72B98D0F8B80009
:109A70001090C8B1FFE71098B0F1805F15D0FFE7F4
:109A80001098B0F1005F17D0FFE71098B0F1405F79
:109A900019D0FFE71098B0F1804F15D0FFE710986C
:109AA000B0F1A04F11D011E014E02B98083006F06F
:109AB00019FC8DF8A3000DE02B98303006F0C8FC9F
:109AC0008DF8A30006E005E004E003E001208DF836
:109AD000A300FFE79DF8A30068B9FFE740F6DC416B
:109AE000C4F20241086820F0E0402B9AD2F8B82076
:109AF0001043086004E09DF8A3008DF8A200FFE782
:109B0000FFE72B988078000700284ED5FFE72B98B9
:109B1000D0F8C0000F90A0B1FFE70F98B0F5803FDC
:109B200018D0FFE70F98B0F5003F1AD0FFE70F9865
:109B3000B0F5403F1CD0FFE70F98B0F5802F18D04C
:109B400018E040F62841C4F20241086840F40030B1
:109B5000086013E02B98083006F0C4FB8DF8A300D2
:109B60000CE02B98303006F073FC8DF8A30005E074
:109B700004E003E001208DF8A300FFE79DF8A300B7
:109B800068B9FFE740F6E841C4F20241086820F4F2
:109B9000E0202B9AD2F8C0201043086004E09DF822
:109BA000A3008DF8A200FFE7FFE72B988078C0069E
:109BB00000284DD5FFE72B98D0F8C4000E90A0B137
:109BC000FFE70E98B0F5002F18D0FFE70E98B0F51C
:109BD000801F1AD0FFE70E98B0F5C01F1CD0FFE71A
:109BE0000E98B0F5001F17D017E040F62841C4F2D8
:109BF0000241086840F40030086012E02B980830F9
:109C000006F070FB8DF8A3000BE02B98303006F0C7
:109C10001FFC8DF8A30004E003E001208DF8A300F1
:109C2000FFE79DF8A30068B9FFE740F6E841C4F2FA
:109C30000241086820F460102B9AD2F8C420104327
:109C4000086004E09DF8A3008DF8A200FFE7FFE79D
:109C50002B9880788006002834D5FFE72B98D0F821
:109C6000D4000D90022809D3FFE70D98022806D0F2
:109C7000FFE70D980338032808D308E00BE02B9882
:109C8000083006F02FFB8DF8A30004E003E001206C
:109C90008DF8A300FFE79DF8A30068B9FFE740F641
:109CA000E841C4F20241086820F007002B9AD2F87C
:109CB000D4201043086004E09DF8A3008DF8A200B2
:109CC000FFE7FFE72B9840798007002827D5FFE7BB
:109CD0002B98D0F8D8000C9020B1FFE70C980828FA
:109CE00001D001E004E003E001208DF8A300FFE7CC
:109CF0009DF8A30068B9FFE740F6E841C4F20241CD
:109D0000086820F008002B9AD2F8D8201043086089
:109D100004E09DF8A3008DF8A200FFE7FFE72B9871
:109D2000C0788007002840F1B580FFE740F62401A5
:109D3000C4F20241086840F001000860FBF7DAFC59
:109D40002990FFE740F62400C4F202400068C007F3
:109D500060B9FFE7FBF7CEFC2999401A032804D32A
:109D6000FFE703208DF8A30000E0EBE79DF8A300D8
:109D7000002840F08980FFE740F6F040C4F202403E
:109D8000006800F440702A902A98D0B1FFE72A9822
:109D90002B99D1F8F810884213D0FFE740F6F04134
:109DA000C4F20241086820F440702A90086840F428
:109DB00080300860086820F4803008602A980860C5
:109DC000FFE79DF8A800C007E0B1FFE7FBF792FCB2
:109DD0002990FFE740F6F040C4F202400068800797
:109DE00000280ED4FFE7FBF785FC2999401A41F2C1
:109DF0008931884204D3FFE703208DF8A30000E0F7
:109E0000E8E7FFE79DF8A300C0BBFFE7FFE72B985B
:109E1000D0F8F80000F44070B0F5407F13D1FFE7B0
:109E200040F61C41C4F20241086820F47C502B9A91
:109E3000D2F8F8204FF6F043C0F6FF731A4040EA1C
:109E40001210086008E040F61C41C4F202410868A4
:109E500020F47C500860FFE740F6F041C4F2024174
:109E6000086820F4407008602B98D0F8F8206FF351
:109E70001F32086810430860FFE704E09DF8A30064
:109E80008DF8A200FFE704E09DF8A3008DF8A20082
:109E9000FFE7FFE72B98C0784007002839D5FFE798
:109EA0002B98D0F8C8000B9060B1FFE70B981028F2
:109EB00009D0FFE70B9820280ED0FFE70B98302839
:109EC0000BD00BE00EE040F62841C4F202410868D6
:109ED00040F40030086005E004E003E001208DF864
:109EE000A300FFE79DF8A30068B9FFE740F6E8414B
:109EF000C4F20241086820F030002B9AD2F8C82042
:109F00001043086004E09DF8A3008DF8A200FFE76D
:109F1000FFE72B9880784006002835D5FFE72B987F
:109F2000D0F8CC000A9020B1FFE70A98402809D069
:109F30000FE040F62841C4F20241086840F40030C6
:109F400008600AE02B98083006F0CCF98DF8A300E1
:109F500003E001208DF8A300FFE79DF8A30068B996
:109F6000FFE740F6E441C4F20241086820F04000F7
:109F70002B9AD2F8CC201043086004E09DF8A3008F
:109F80008DF8A200FFE7FFE72B98807800060028F5
:109F900035D5FFE72B98D0F8D000099020B1FFE726
:109FA0000998802809D00FE040F62841C4F2024108
:109FB000086840F4003008600AE02B98083006F08A
:109FC00091F98DF8A30003E001208DF8A300FFE7CD
:109FD0009DF8A30068B9FFE740F6E441C4F20241EE
:109FE000086820F080002B9AD2F8D0201043086037
:109FF00004E09DF8A3008DF8A200FFE7FFE72B988F
:10A00000C0780007002840D5FFE72B98D0F8E00083
:10A01000089004281ED80899DFE801F0030C131AF1
:10A020001B0040F62841C4F20241086840F40030A9
:10A03000086013E02B98083006F054F98DF8A3005F
:10A040000CE02B98303006F003FA8DF8A30005E001
:10A0500004E003E001208DF8A300FFE79DF8A300D2
:10A0600068B9FFE740F6E041C4F20241086820F019
:10A0700007002B9AD2F8E0201043086004E09DF816
:10A08000A3008DF8A200FFE7FFE72B98C078C00679
:10A09000002840F14F80FFE72B98D0F8E4000790AC
:10A0A00020282CD80799DFE801F0112A2A2A2A2A29
:10A0B0002A2A1A2A2A2A2A2A2A2A212A2A2A2A2A19
:10A0C0002A2A282A2A2A2A2A2A2A290040F6284126
:10A0D000C4F20241086840F40030086013E02B9895
:10A0E000083006F0FFF88DF8A3000CE02B98303014
:10A0F00006F0AEF98DF8A30005E004E003E00120CE
:10A100008DF8A300FFE79DF8A30068B9FFE740F6CC
:10A11000E041C4F20241086820F038002B9AD2F8DE
:10A12000E4201043086004E09DF8A3008DF8A2002D
:10A13000FFE7FFE72B98C078800600284BD5FFE7A4
:10A140002B98D0F8E800069088B1FFE706984028E1
:10A1500016D0FFE70698802819D0FFE70698C02898
:10A160001CD0FFE70698B0F5807F18D018E040F6C5
:10A170002841C4F20241086840F40030086013E04E
:10A180002B98083006F0AEF88DF8A3000CE02B9861
:10A19000303006F05DF98DF8A30005E004E003E03F
:10A1A00001208DF8A300FFE79DF8A30068B9FFE741
:10A1B00040F6E041C4F20241086820F4E0702B9AB6
:10A1C000D2F8E8201043086004E09DF8A3008DF861
:10A1D000A200FFE7FFE72B98C078400600284CD587
:10A1E000FFE72B98D0F8EC000590C8B1FFE7059881
:10A1F000B0F5007F15D0FFE70598B0F5806F17D058
:10A20000FFE70598B0F5C06F19D0FFE70598B0F5E6
:10A21000006F15D0FFE70598B0F5206F11D011E061
:10A2200014E02B98083006F05DF88DF8A3000DE0DF
:10A230002B98303006F00CF98DF8A30006E005E00D
:10A2400004E003E001208DF8A300FFE79DF8A300E0
:10A2500068B9FFE740F6E041C4F20241086820F423
:10A2600060602B9AD2F8EC201043086004E09DF85F
:10A27000A3008DF8A200FFE7FFE72B98C078000647
:10A2800000284CD5FFE72B98D0F8F0000490C8B117
:10A29000FFE70498B0F5805F15D0FFE70498B0F5AC
:10A2A000005F17D0FFE70498B0F5405F19D0FFE7D3
:10A2B0000498B0F5804F15D0FFE70498B0F5A04F93
:10A2C00011D011E014E02B98083006F00BF88DF84F
:10A2D000A3000DE02B98303006F0BAF88DF8A300FB
:10A2E00006E005E004E003E001208DF8A300FFE7AD
:10A2F0009DF8A30068B9FFE740F6E041C4F20241CF
:10A30000086820F4E0402B9AD2F8F020104308604F
:10A3100004E09DF8A3008DF8A200FFE7FFE72B986B
:10A320000079C00700284CD0FFE72B98D0F8F40044
:10A330000390C8B1FFE70398B0F5004F15D0FFE7D1
:10A340000398B0F5803F17D0FFE70398B0F5C03F02
:10A3500019D0FFE70398B0F5003F15D0FFE7039849
:10A36000B0F5203F11D011E014E02B98083005F033
:10A37000B9FF8DF8A3000DE02B98303006F068F897
:10A380008DF8A30006E005E004E003E001208DF86D
:10A39000A300FFE79DF8A30068B9FFE740F6E0419E
:10A3A000C4F20241086820F460302B9AD2F8F420FD
:10A3B0001043086004E09DF8A3008DF8A200FFE7B9
:10A3C000FFE72B9800798007002838D5FFE72B9806
:10A3D000D0F8DC000290032816D80299DFE801F0DB
:10A3E00002030C1314E040F62841C4F2024108684D
:10A3F00040F4003008600BE02B98083005F072FF45
:10A400008DF8A30004E003E001208DF8A300FFE72E
:10A410009DF8A30068B9FFE740F6E441C4F20241A9
:10A42000086820F003002B9AD2F8DC201043086063
:10A4300004E09DF8A3008DF8A200FFE7FFE72B984A
:10A440000079400700283CD5FFE72B98D0F8BC00E6
:10A45000019050B1FFE70198B0F5807F06D0FFE78B
:10A460000198B0F5007F0AD010E013E040F62841D3
:10A47000C4F20241086840F4003008600AE02B98FA
:10A48000083005F02FFF8DF8A30003E001208DF8C0
:10A49000A300FFE79DF8A30068B9FFE740F6E84195
:10A4A000C4F20241086820F440702B9AD2F8BC2014
:10A4B0001043086004E09DF8A3008DF8A200FFE7B8
:10A4C000FFE72B980079C00600283BD5FFE72B98C3
:10A4D000D0F800010090102808D0FFE7009820284D
:10A4E0000DD0FFE70098302810D010E040F628414A
:10A4F000C4F20241086840F4003008600BE02B9879
:10A50000303005F0A5FF8DF8A30004E003E0012042
:10A510008DF8A300FFE79DF8A30068B9FFE740F6B8
:10A52000E441C4F20241086820F030002B9AD2F8CE
:10A5300000211043086004E09DF8A3008DF8A200FC
:10A54000FFE7FFE72B980079000700280DD5FFE70C
:10A5500040F6E841C4F20241086820F0C0002B9A9E
:10A56000D2F8FC2010430860FFE79DF8A2002CB051
:10A5700080BD000080B586B004900391049820B996
:10A58000FFE701208DF817003AE2039842F200013C
:10A59000C4F20201096801F00F01884216D9FFE7F1
:10A5A00042F20000C4F20200016821F00F01039A98
:10A5B00011430160006800F00F000399884204D045
:10A5C000FFE701208DF817001AE2FFE704980078F2
:10A5D000C00600281BD5FFE70498406940F62041DB
:10A5E000C4F20241096801F4E041B0EB112F0DD92A
:10A5F000FFE740F62041C4F20241086820F4E04041
:10A60000049A526940EA02200860FFE7FFE70498D5
:10A610000078000700281BD5FFE70498006940F682
:10A620002041C4F20241096801F4E061B0EB111F5E
:10A630000DD9FFE740F62041C4F20241086820F43A
:10A64000E060049A126940EA02100860FFE7FFE741
:10A65000049800784007002819D5FFE70498C068DF
:10A6600040F62041C4F20241096801F070018842BD
:10A670000CD9FFE740F62041C4F20241086820F0FF
:10A680007000049AD26810430860FFE7FFE704985F
:10A6900000788007002819D5FFE70498806840F605
:10A6A0002041C4F20241096801F00F0188420CD92F
:10A6B000FFE740F62041C4F20241086820F00F0095
:10A6C000049A926810430860FFE7FFE70498007857
:10A6D000C007002800F0D180FFE7049840680328F5
:10A6E0000ED1FFE740F60040C4F20240006880014E
:10A6F000002804D4FFE701208DF8170080E135E041
:10A700000498406802280ED1FFE740F60040C4F2EA
:10A71000024000688003002804D4FFE701208DF880
:10A7200017006DE121E00498406801280ED1FFE791
:10A7300040F60040C4F2024000688005002804D4BE
:10A74000FFE701208DF817005AE10DE040F60040C8
:10A75000C4F2024000688007002804D4FFE701200B
:10A760008DF817004CE1FFE7FFE7FFE740F61C41DB
:10A77000C4F20241086820F00300049A52681043B2
:10A780000860FAF7B7FF01900498406803281AD1CF
:10A79000FFE7FFE740F61C40C4F20240006800F00B
:10A7A000180018280ED0FFE7FAF7A4FF0199401A05
:10A7B00041F28931884204D3FFE703208DF8170066
:10A7C0001EE1E7E758E00498406802281AD1FFE745
:10A7D000FFE740F61C40C4F20240006800F0180099
:10A7E00010280ED0FFE7FAF785FF0199401A41F2D1
:10A7F0008931884204D3FFE703208DF81700FFE07A
:10A80000E7E738E00498406801281AD1FFE7FFE73E
:10A8100040F61C40C4F20240006800F0180008280E
:10A820000ED0FFE7FAF766FF0199401A41F289312D
:10A83000884204D3FFE703208DF81700E0E0E7E744
:10A8400018E0FFE740F61C40C4F20240006810F038
:10A85000180F0ED0FFE7FAF74DFF0199401A41F2A9
:10A860008931884204D3FFE703208DF81700C7E041
:10A87000E8E7FFE7FFE7FFE7FFE7049800788007D6
:10A88000002819D5FFE70498806840F62041C4F2FB
:10A890000241096801F00F0188420CD2FFE740F63F
:10A8A0002041C4F20241086820F00F00049A926827
:10A8B00010430860FFE7FFE7039842F20001C4F28B
:10A8C0000201096801F00F01884216D2FFE742F247
:10A8D0000000C4F20200016821F00F01039A114345
:10A8E0000160006800F00F000399884204D0FFE780
:10A8F00001208DF8170083E0FFE7049800784007F7
:10A90000002819D5FFE70498C06840F62041C4F23A
:10A910000241096801F0700188420CD2FFE740F65D
:10A920002041C4F20241086820F07000049AD26805
:10A9300010430860FFE7FFE704980078000700284D
:10A940001BD5FFE70498006940F62041C4F202419C
:10A95000096801F4E061B0EB111F0DD2FFE740F68A
:10A960002041C4F20241086820F4E060049A1269B0
:10A9700040EA02100860FFE7FFE704980078C0068D
:10A9800000281BD5FFE70498406940F62041C4F237
:10A990000241096801F4E041B0EB112F0DD2FFE74D
:10A9A00040F62041C4F20241086820F4E040049AD5
:10A9B000526940EA02200860FFE7FFE700F07AF8FA
:10A9C00040F62041C4F20241096801F00F0246F24C
:10A9D0002431C0F60101895CC84040F21C01C2F27A
:10A9E0000001086040F20840C2F200000068FAF777
:10A9F000EFFE8DF80B009DF80B008DF81700FFE7B8
:10AA00009DF8170006B080BD80B500F053F840F601
:10AA10002041C4F20241096801F00F0246F22431DC
:10AA2000C0F60101895C01F01F0120FA01F140F23A
:10AA30001C00C2F200000160006880BD80B5FFF715
:10AA4000E3FF40F62041C4F202410968C1F302125B
:10AA500046F23431C0F60101895C01F01F01C840A3
:10AA600080BD000080B5FFF7CFFF40F62041C4F263
:10AA700002410968C1F3022246F23431C0F60101F5
:10AA8000895C01F01F01C84080BD000080B5FFF760
:10AA9000BBFF40F62041C4F202410968C1F3023213
:10AAA00046F23431C0F60101895C01F01F01C84053
:10AAB00080BD000089B040F61C40C4F2024000682E
:10AAC00000F01800082806D1FFE740F60010C0F299
:10AAD0003D00049048E140F61C40C4F2024000688A
:10AAE00010F0180F21D1FFE740F60040C4F20240F9
:10AAF000006800F020010020B0EB511F0ED0FFE7EE
:10AB000040F60040C4F202400068C0F3C10149F2BF
:10AB10000000C0F2D030C840049005E049F20000C7
:10AB2000C0F2D0300490FFE71DE140F61C40C4F2B3
:10AB30000240006800F01800102806D1FFE747F631
:10AB40004000C0F27D1004900CE140F61C40C4F2BD
:10AB50000240006800F01800182840F0FC80FFE771
:10AB600040F62840C4F20240016801F00301089158
:10AB70000168C1F3052106910068C0F3001005903B
:10AB8000059840F63841C4F20241096889B2C90803
:10AB900000FB01F000EE100AB8EE400A8DED020A4B
:10ABA0000698002800F0D380FFE70898009001285D
:10ABB00009D0FFE70098022800F08D80FFE7009899
:10ABC000032864D088E040F60040C4F202400068E8
:10ABD00000F020010020B0EB511F33D0FFE740F61A
:10ABE0000040C4F202400068C0F3C10149F2000015
:10ABF000C0F2D030C84003909DED030AB8EE400A81
:10AC00009DED061AB8EE411A80EE010A40F6344076
:10AC1000C4F2024000686FF35F2001EE100AB8EE44
:10AC2000411A9DED022A9FED533A22EE032A31EE9E
:10AC3000021AB7EE002A31EE021A20EE010A8DED5B
:10AC4000010A23E09DED060AB8EE401A9FED4A0A7C
:10AC500080EE010A40F63440C4F2024000686FF30F
:10AC60005F2001EE100AB8EE411A9DED022A9FED19
:10AC7000413A22EE032A31EE021AB7EE002A31EEF3
:10AC8000021A20EE010A8DED010AFFE748E09DED72
:10AC9000060AB8EE401A9FED360A80EE010A40F629
:10ACA0003440C4F2024000686FF35F2001EE100AE6
:10ACB000B8EE411A9DED022A9FED2E3A22EE032AAC
:10ACC00031EE021AB7EE002A31EE021A20EE010A26
:10ACD0008DED010A24E0FFE79DED060AB8EE401A6B
:10ACE0009FED260A80EE010A40F63440C4F202408D
:10ACF00000686FF35F2001EE100AB8EE411A9DED77
:10AD0000022A9FED1C3A22EE032A31EE021AB7EE18
:10AD1000002A31EE021A20EE010A8DED010AFFE74A
:10AD200040F63440C4F20240006881B2012000EBDA
:10AD3000512007909DED010A9DED071AB8EE411ACA
:10AD400080EE010ABCEEC00A8DED040A02E000208C
:10AD50000490FFE705E049F20000C0F2D030049013
:10AD6000FFE7FFE7FFE7FFE7049809B0704700BF80
:10AD700020BCBE4B000000390024744C0024744AEF
:10AD800080B588B00690069828B9FFE701208DF8B5
:10AD90001F0000F0EFBC40F61C40C4F20240006807
:10ADA00000F01800049040F62840C4F20240006809
:10ADB00000F00300039006980078C006002840F1D8
:10ADC0008080FFE70498082808D0FFE70498182837
:10ADD0001DD1FFE70398022819D1FFE70698C06943
:10ADE00028B9FFE701208DF81F0000F0C3BCFFE782
:10ADF00040F61841C4F20241086820F47C10069A1B
:10AE0000126A40EA02400860FFE7FFE758E0069850
:10AE1000C06988B3FFE740F60041C4F20241086808
:10AE200040F480700860FAF765FC0590FFE740F693
:10AE30000040C4F202400068800500280DD4FFE7FE
:10AE4000FAF758FC0599401A032805D3FFE70320B9
:10AE50008DF81F0000F08EBCE9E7FFE740F61841CF
:10AE6000C4F20241086820F47C10069A126A40EA93
:10AE700002400860FFE722E040F60041C4F20241D0
:10AE8000086820F480700860FAF734FC0590FFE74A
:10AE900040F60040C4F202400068800500280DD54D
:10AEA000FFE7FAF727FC0599401A032805D3FFE7C7
:10AEB00003208DF81F0000F05DBCE9E7FFE7FFE726
:10AEC000FFE706980078C007002800F0B980FFE788
:10AED0000498102808D0FFE7049818280ED1FFE73F
:10AEE000039803280AD1FFE70698406828B9FFE7CE
:10AEF00001208DF81F0000F03DBCA0E0FFE70698A0
:10AF00004068B0F5803F09D1FFE740F60041C4F248
:10AF10000241086840F48030086056E006984068B6
:10AF200088B9FFE740F60041C4F20241086820F406
:10AF300080300860086820F480100860086820F4F9
:10AF40008020086040E006984068B0F5A02F11D13D
:10AF5000FFE740F60041C4F20241086840F4802057
:10AF60000860086820F480100860086840F48030A9
:10AF7000086028E006984068B0F5A81F11D1FFE7E7
:10AF800040F60041C4F20241086840F480200860A5
:10AF9000086840F480100860086840F48030086059
:10AFA00010E040F60041C4F20241086820F480300D
:10AFB0000860086820F480200860086820F4801089
:10AFC0000860FFE7FFE7FFE7FFE7FFE70698406855
:10AFD000D0B1FFE7FAF78EFB0590FFE740F600409F
:10AFE000C4F202400068800300280CD4FFE7FAF79F
:10AFF00081FB0599401A652804D3FFE703208DF8EB
:10B000001F00B7E3EAE719E0FAF774FB0590FFE7E2
:10B0100040F60040C4F202400068800300280CD5CE
:10B02000FFE7FAF767FB0599401A652804D3FFE7A5
:10B0300003208DF81F009DE3EAE7FFE7FFE7FFE746
:10B04000069800788007002840F1C380FFE7049845
:10B0500040B1FFE7049818285ED1FFE70398012864
:10B060005AD1FFE70698C06820B9FFE701208DF8A4
:10B070001F007FE3049840BBFFE740F60040C4F2A6
:10B080000240006800F018000699096988421BD048
:10B09000FFE740F60041C4F20241086820F01800C2
:10B0A000069A126910430860FFF7AEFC40F20840B0
:10B0B000C2F200000068FAF78BFB20B1FFE7012025
:10B0C0008DF81F0056E3FFE7FFE7FAF713FB059043
:10B0D000FFE740F60040C4F2024000688007002805
:10B0E0000CD4FFE7FAF706FB0599401A032804D3AE
:10B0F000FFE703208DF81F003CE3EAE740F610412C
:10B10000C4F20241086820F4FE00069A526940EA3F
:10B1100002400860FFE75BE00698C068A8B3FFE75D
:10B1200040F60041C4F20241086820F01800069A77
:10B13000126910430860086840F001000860FAF7DF
:10B14000D9FA0590FFE740F60040C4F202400068DB
:10B15000800700280CD4FFE7FAF7CCFA0599401ACB
:10B16000032804D3FFE703208DF81F0002E3EAE77A
:10B1700040F61041C4F20241086820F4FE00069A2D
:10B18000526940EA0240086021E040F60041C4F202
:10B190000241086820F001000860FAF7ABFA059058
:10B1A000FFE740F60040C4F2024000688007002834
:10B1B0000CD5FFE7FAF79EFA0599401A032804D345
:10B1C000FFE703208DF81F00D4E2EAE7FFE7FFE77F
:10B1D000FFE7069800780007002849D5FFE70698A2
:10B1E000806910B3FFE740F6F041C4F202410868FD
:10B1F00040F080600860FAF77DFA0590FFE740F6BE
:10B20000F040C4F202400068000100280CD4FFE7BF
:10B21000FAF770FA0599401A032804D3FFE70320D0
:10B220008DF81F00A6E2EAE721E040F6F041C4F203
:10B230000241086820F080600860FAF75BFA059028
:10B24000FFE740F6F040C4F2024000680001002829
:10B250000CD5FFE7FAF74EFA0599401A032804D3F4
:10B26000FFE703208DF81F0084E2EAE7FFE7FFE72E
:10B27000069800784007002840F1CC80FFE740F6B0
:10B280002400C4F202400068C00708BBFFE740F694
:10B290002401C4F20241086840F001000860FAF796
:10B2A00029FA0590FFE740F62400C4F20240006846
:10B2B000C00760B9FFE7FAF71DFA0599401A03289D
:10B2C00004D3FFE703208DF81F0053E2EBE7FFE70D
:10B2D000FFE706988068012809D1FFE740F6F041B2
:10B2E000C4F20241086840F00100086054E006988A
:10B2F000806888B9FFE740F6F041C4F2024108686F
:10B3000020F001000860086820F0800008600868EC
:10B3100020F0040008603EE006988068052811D1FE
:10B32000FFE740F6F041C4F20241086840F0040033
:10B330000860086820F080000860086840F001009C
:10B34000086027E006988068852811D1FFE740F65D
:10B35000F041C4F20241086840F004000860086847
:10B3600040F080000860086840F00100086010E0CC
:10B3700040F6F041C4F20241086820F00100086084
:10B38000086820F004000860086820F08000086069
:10B39000FFE7FFE7FFE7FFE7FFE706988068E0B118
:10B3A000FFE7FAF7A7F90590FFE740F6F040C4F28F
:10B3B00002400068800700280ED4FFE7FAF79AF9E8
:10B3C0000599401A41F28931884204D3FFE70320EE
:10B3D0008DF81F00CEE1E8E71BE0FAF78BF9059046
:10B3E000FFE740F6F040C4F2024000688007002802
:10B3F0000ED5FFE7FAF77EF90599401A41F2893137
:10B40000884204D3FFE703208DF81F00B2E1E8E78C
:10B41000FFE7FFE7069800788006002849D5FFE798
:10B420000698406A10B3FFE740F60041C4F20241BB
:10B43000086840F480500860FAF75CF90590FFE76F
:10B4400040F60040C4F202400068800400280CD49A
:10B45000FFE7FAF74FF90599401A032804D3FFE7ED
:10B4600003208DF81F0085E1EAE721E040F6004166
:10B47000C4F20241086820F480500860FAF73AF9F3
:10B480000590FFE740F60040C4F2024000688004E7
:10B4900000280CD5FFE7FAF72DF90599401A032883
:10B4A00004D3FFE703208DF81F0063E1EAE7FFE71D
:10B4B000FFE70698806A002800F05881FFE70498AB
:10B4C000182800F0D580FFE70698806A022840F02F
:10B4D000A180FFE740F60041C4F20241086820F075
:10B4E00080700860FAF706F90590FFE740F6004023
:10B4F000C4F202400068800100280CD5FFE7FAF78B
:10B50000F9F80599401A032804D3FFE703208DF8C2
:10B510001F002FE1EAE7FFE740F62841C4F20241AD
:10B52000086843F603729043069BDA6A1B6B42EA93
:10B530000322104308600699486BD1F838C0CB6BE2
:10B540000A6C01386FF35F204FF60061CFF6FF7190
:10B5500001EB4C2189B208440021CFF6FF7101EBC9
:10B56000034101F4FE0108444FF07F4101EB026109
:10B5700001F0FE41084440F63441C4F20241086043
:10B58000FFE740F62841C4F202410091086820F02C
:10B59000100008600698C06CC00040F63842C4F243
:10B5A00002421060086840F010000860086820F04F
:10B5B0000C00069A526C10430860086820F02000C6
:10B5C000069A926C10430860086840F48030086066
:10B5D00040F60041C4F20241086840F08070086003
:10B5E000FAF788F80590FFE740F60040C4F2024001
:10B5F0000068800100280CD4FFE7FAF77BF8059972
:10B60000401A032804D3FFE703208DF81F00B1E0A0
:10B61000EAE72CE040F60041C4F20241086820F05D
:10B6200080700860FAF766F80590FFE740F6004082
:10B63000C4F202400068800100280CD5FFE7FAF749
:10B6400059F80599401A032804D3FFE703208DF821
:10B650001F008FE0EAE740F62841C4F20241086883
:10B660004FF6FC72CFF6F87210400860FFE77CE0FE
:10B6700040F62840C4F202400068029040F6344090
:10B68000C4F20240006801900698806A012837D011
:10B69000FFE7029800F003000699C96A88422FD19B
:10B6A000FFE7029800F47C510698006BB0EB112F75
:10B6B00026D1FFE701986FF35F200699496B0139A6
:10B6C00088421DD1FFE7BDF804100698806B013851
:10B6D000B0EB512F14D1FFE7019800F4FE0106985A
:10B6E000C06B0138B0EB114F0AD1FFE7019800F0B1
:10B6F000FE410698006C0138B0EB116F04D0FFE7F3
:10B7000001208DF81F0035E040F63840C4F20240B9
:10B71000006881B20698C06CB0EBD10F24D0FFE76F
:10B7200040F62841C4F20241086820F01000086089
:10B73000F9F7E0FF0590FFE7F9F7DCFF0599401AFC
:10B7400008B9FFE7F8E70698C06CC00040F638413A
:10B75000C4F20241086040F62841C4F20241086880
:10B7600040F010000860FFE7FFE7FFE700208DF8DA
:10B770001F00FFE79DF81F0008B080BD80B586B0B0
:10B780000490049820B9FFE701208DF81700B5E177
:10B790000498006844F60041C4F2010188422DD0AB
:10B7A000FFE70498006844F60041C5F201018842B1
:10B7B00024D0FFE70498006842F20001C4F200417F
:10B7C00088421BD0FFE70498006842F20001C5F2EE
:10B7D0000041884212D0FFE70498006845F200015A
:10B7E000C4F20101884209D0FFE70498006845F2DD
:10B7F0000001C5F20101884201D1FFE700E0FFE747
:10B800000498406A08B9FFE7FFE7049900208862BE
:10B810000498006844F60041C4F2010188422DD02A
:10B82000FFE70498006844F60041C5F20101884230
:10B8300024D0FFE70498006842F20001C4F20041FE
:10B8400088421BD0FFE70498006842F20001C5F26D
:10B850000041884212D0FFE70498006845F20001D9
:10B86000C4F20101884209D0FFE70498006845F25C
:10B870000001C5F20101884209D1FFE70498C068C0
:10B88000102804D3FFE701208DF8170036E1049853
:10B8900005F0B2F802900498006844F60041C4F242
:10B8A000010188422DD0FFE70498006844F600416A
:10B8B000C5F20101884224D0FFE70498006842F2F3
:10B8C0000001C4F2004188421BD0FFE704980068E1
:10B8D00042F20001C5F20041884212D0FFE704980D
:10B8E000006845F20001C4F20101884209D0FFE777
:10B8F0000498006845F20001C5F20101884204D1B4
:10B90000FFE7029808283AD8FFE70498006843F256
:10B910000001C4F2010188422DD0FFE704980068BD
:10B9200043F20001C5F20101884224D0FFE70498E8
:10B93000006843F60001C4F2000188421BD0FFE713
:10B940000498006843F60001C5F20001884212D055
:10B95000FFE70498006843F60041C4F20001884202
:10B9600009D0FFE70498006843F60041C5F20001E2
:10B97000884208D1FFE70298112804D3FFE701208D
:10B980008DF81700BAE0049890F8890040B9FFE7F5
:10B990000499002081F88800049800F0B3F8FFE7CC
:10B9A0000499022081F8890004980168086820F051
:10B9B0000100086004980068806800F4F8100390A3
:10B9C00004988069B0F1806F1BD1FFE7049840684C
:10B9D000B0F5800F04D1FFE70498806B50B1FFE70A
:10B9E0000498406868B9FFE70498806BB0F1805F05
:10B9F00007D1FFE704980168086840F480500860A8
:10BA0000FFE7049880794006002810D5FFE70498E6
:10BA1000C06807280BD3FFE704980068006820F48B
:10BA20008070049A1168126D1043086006E0049853
:10BA30000168086820F480700860FFE7049B1968BB
:10BA4000DA68D869D3F828C040EA0C00DDF80CC0E9
:10BA500040EA0C00DB6B184310438860049A0192A3
:10BA6000506B516A0843916B084391690843116810
:10BA7000D2F804C09368D2F810E040EA0E00D2F881
:10BA800014E040EA0E00D2F820E040EA0E0040EA5E
:10BA90000C00D2F84CC040EA0C001843936C1843D9
:10BAA000936D1843D36D1843126E1043C860049809
:10BAB000406808B9FFE7FFE704980168086D20F0C7
:10BAC0000100086504988079400600280BD5FFE73F
:10BAD00004980068C06820F00040049A1168526D14
:10BAE0001043C860FFE704990020C1F88C00049A55
:10BAF000012182F889108DF81700FFE79DF81700E3
:10BB000006B080BD80B5D4B05390002052905190C3
:10BB100050904F904E900CA84FF48471F4F7FEFBB8
:10BB20005398006843F20001C4F2010188423CD1FD
:10BB3000FFE700200D904FF000610C9144900CA89D
:10BB4000FDF7A0F818B1FFE7F6F73EFFFFE7FFE7C4
:10BB500040F6A440C4F20240016841F48051016003
:10BB6000006800F480500B900B98FFE7FFE740F669
:10BB70008C40C4F20240016841F00101016000689C
:10BB800000F001000A900A98FFE7E0204E900220A2
:10BB90004F90002050905190052052900020C4F208
:10BBA00002204EA9F9F702FCDCE05398006843F646
:10BBB0000001C4F2000188423ED1FFE700200D9051
:10BBC0004FF080510C9145900CA8FDF75BF818B12F
:10BBD000FFE7F6F7F9FEFFE7FFE740F69C40C4F207
:10BBE0000240016841F480410160006800F4804037
:10BBF00009900998FFE7FFE740F68C40C4F2024045
:10BC0000016841F002010160006800F00200089044
:10BC10000898FFE74FF460404E9002204F900120BB
:10BC2000509051900520529040F20040C4F2022002
:10BC30004EA9F9F7BBFB94E05398006843F6004126
:10BC4000C4F20001884252D1FFE700200D904FF06E
:10BC500000510C9146900CA8FDF714F818B1FFE7BD
:10BC6000F6F7B2FEFFE7FFE740F69C40C4F2024061
:10BC7000016841F400410160006800F40040079051
:10BC80000798FFE7FFE740F68C40C4F202400168E6
:10BC900041F004010160006800F00400069006987D
:10BCA000FFE74FF440604E90022000904F9001203B
:10BCB00050900320519006200190529040F60000D1
:10BCC000C4F2022002904EA90391F9F76FFB009B8A
:10BCD000019A029803994FF4805CCDF838C14F93D4
:10BCE0000023509351935292F9F760FB38E0539838
:10BCF000006844F60041C4F2010188422FD1FFE7F9
:10BD0000FFE740F6A440C4F20240016841F400217C
:10BD10000160006800F4002005900598FFE7FFE748
:10BD200040F68C40C4F20240016841F0100101600D
:10BD3000006800F0100004900498FFE764204E9023
:10BD400002204F900020509051900520529041F2D7
:10BD50000000C4F202204EA9F9F728FBFFE7FFE735
:10BD6000FFE7FFE754B080BD80B58AB00890079127
:10BD7000ADF81A2005930898C16B012000EB511013
:10BD8000ADF80A0008980068303001900898006803
:10BD900044F60041C4F2010188422DD0FFE7089823
:10BDA000006844F60041C5F20101884224D0FFE753
:10BDB0000898006842F20001C4F2004188421BD09A
:10BDC000FFE70898006842F20001C5F2004188428E
:10BDD00012D0FFE70898006845F20001C4F20101A3
:10BDE000884209D0FFE70898006845F20001C5F2D3
:10BDF0000101884201D1FFE700E0FFE7F9F77AFC93
:10BE00000490089890F88900012804D0FFE70220E8
:10BE10008DF827007BE2079820B1FFE7BDF81A00F4
:10BE200020B9FFE701208DF8270070E2FFE70898AE
:10BE300090F88800012804D1FFE702208DF8270040
:10BE400065E20899012081F88800FFE7FFE708997B
:10BE5000042081F8890008990020C1F88C00079916
:10BE6000089AD166BDF81A10089AA2F87010BDF8A9
:10BE70001A10089AA2F87210089948660899A1F851
:10BE800068000899A1F86A00089988670899C86746
:10BE900008988068B0F5C02F07D1FFE708980168BF
:10BEA000086820F40060086009E008980068C0682D
:10BEB000022161F3524008990968C860FFE70898B9
:10BEC000006840684FF6FF718843BDF81A100844B7
:10BED00008990968486008980168086840F00100FE
:10BEE000086008984068B0F5800F07D1FFE7089810
:10BEF0000168086840F400700860FFE70898C068AF
:10BF00001028C0F0A380FFE70898006843F2000102
:10BF1000C4F2010188422DD0FFE70898006843F27F
:10BF20000001C5F20101884224D0FFE708980068AB
:10BF300043F60001C4F2000188421BD0FFE70898D5
:10BF4000006843F60001C5F20001884212D0FFE705
:10BF50000898006843F60041C4F20001884209D005
:10BF6000FFE70898006843F60041C5F200018842E7
:10BF70006CD1FFE7FFE70898B0F87200002864D0A2
:10BF8000FFE70898006840690390089800684069D6
:10BF9000C00788B1FFE708980068006B0899C96E70
:10BFA00008600899C86E0430C8660899B1F8720034
:10BFB0000138A1F8720047E00898B0F87200BDF8A7
:10BFC0000A10884217DAFFE79DF80D0000060028E6
:10BFD00011D5FFE708980068006B0899C96E0860E2
:10BFE0000899C86E0430C8660899B1F87200013823
:10BFF000A1F8720027E0F9F77DFB0499401A059932
:10C00000884204D3FFE70598013018B9FFE7059887
:10C01000C0B9FFE7089804F063FC0899D1F88C00D8
:10C0200040F48070C1F88C000899012081F88900E3
:10C03000FFE70899002081F88800FFE703208DF8CA
:10C04000270064E1FFE7FFE795E746E10898C0684D
:10C050000828C0F09280FFE7FFE70898B0F8720068
:10C06000002800F08980FFE7089800684069039085
:10C07000089800684069C00780B1FFE70198008810
:10C080000899C96E08800899C86E0230C866089978
:10C09000B1F872000138A1F872006CE00898B0F8AD
:10C0A0007200BDF80A1088421FDAFFE79DF80D0004
:10C0B0000006002819D5FFE7019800880899C96E85
:10C0C00008800899C86E0230C866019800880899EF
:10C0D000C96E08800899C86E0230C8660899B1F820
:10C0E00072000238A1F8720044E00898B0F87200BB
:10C0F000012816D1FFE79DF80D008006002810D515
:10C10000FFE7019800880899C96E08800899C86EF1
:10C110000230C8660899B1F872000138A1F87200BF
:10C1200027E0F9F7E7FA0499401A0599884204D301
:10C13000FFE70598013018B9FFE70598C0B9FFE798
:10C14000089804F0CDFB0899D1F88C0040F4807079
:10C15000C1F88C000899012081F88900FFE708994F
:10C16000002081F88800FFE703208DF82700CEE04B
:10C17000FFE7FFE7FFE770E7AEE0FFE70898B0F8FA
:10C180007200002800F0A780FFE708980068406967
:10C190000390089800684069C00790B1FFE70898CD
:10C1A000006890F830000899C96E08700899C86E48
:10C1B0000130C8660899B1F872000138A1F8720020
:10C1C00088E00898B0F87200BDF80A10884239DAA1
:10C1D000FFE79DF80D000006002833D5FFE708981B
:10C1E000006890F830000899C96E08700899C86E08
:10C1F0000130C8660898006890F830000899C96E48
:10C2000008700899C86E0130C8660898006890F8F0
:10C2100030000899C96E08700899C86E0130C86668
:10C220000898006890F830000899C96E087008995D
:10C23000C86E0130C8660899B1F872000438A1F8D8
:10C24000720046E00898B0F87200032818D8FFE79B
:10C250009DF80D0010F0600F12D0FFE708980068FD
:10C2600090F830000899C96E08700899C86E0130BE
:10C27000C8660899B1F872000138A1F8720027E089
:10C28000F9F738FA0499401A0599884204D3FFE770
:10C290000598013018B9FFE70598C0B9FFE708987D
:10C2A00004F01EFB0899D1F88C0040F48070C1F8AE
:10C2B0008C000899012081F88900FFE70899002087
:10C2C00081F88800FFE703208DF827001FE0FFE7D3
:10C2D000FFE7FFE752E7FFE7FFE7089804F000FBFE
:10C2E0000899012081F88900FFE70899002081F86A
:10C2F0008800FFE70898D0F88C0020B1FFE7012004
:10C300008DF8270003E000208DF82700FFE79DF857
:10C3100027000AB080BD000080B588B00690059166
:10C32000ADF812200393069800682030029006981A
:10C33000006844F60041C4F2010188422DD0FFE7B5
:10C340000698006844F60041C5F20101884224D0F5
:10C35000FFE70698006842F20001C4F200418842FB
:10C360001BD0FFE70698006842F20001C5F20041C9
:10C37000884212D0FFE70698006845F20001C4F237
:10C380000101884209D0FFE70698006845F20001E4
:10C39000C5F20101884201D1FFE700E0FFE7F9F7AC
:10C3A000A9F90190069890F88900012804D0FFE7C8
:10C3B00002208DF81F000BE2059820B1FFE7BDF8C1
:10C3C000120020B9FFE701208DF81F0000E2FFE70F
:10C3D000069890F88800012804D1FFE702208DF824
:10C3E0001F00F5E10699012081F88800FFE7FFE7CB
:10C3F0000699032081F8890006990020C1F88C0075
:10C400000599069A5166BDF81210069AA2F86810AE
:10C41000BDF81210069AA2F86A100699C866069925
:10C42000A1F870000699A1F872000699C8670699EC
:10C43000886706988068B0F5C02F07D1FFE7069897
:10C440000168086840F40060086009E00698006828
:10C45000C068012161F3524006990968C860FFE78E
:10C460000698006840684FF6FF718843BDF81210C7
:10C47000084406990968486006980168086840F011
:10C480000100086006984068B0F5800F07D1FFE70B
:10C4900006980168086840F400700860FFE7069895
:10C4A000C06810287ED3FFE70698006843F20001B9
:10C4B000C4F2010188422DD0FFE70698006843F2DC
:10C4C0000001C5F20101884224D0FFE70698006808
:10C4D00043F60001C4F2000188421BD0FFE7069832
:10C4E000006843F60001C5F20001884212D0FFE760
:10C4F0000698006843F60041C4F20001884209D062
:10C50000FFE70698006843F60041C5F20001884243
:10C5100048D1FFE7FFE70698B0F86A00002840D04E
:10C52000FFE70698006840698007002810D5FFE7FC
:10C5300006980168406E006808620699486E0430EB
:10C5400048660699B1F86A000138A1F86A0027E048
:10C55000F9F7D0F80199401A0399884204D3FFE70C
:10C560000398013018B9FFE70398C0B9FFE70698B0
:10C5700004F0B6F90699D1F88C0040F48070C1F847
:10C580008C000699012081F88900FFE706990020B8
:10C5900081F88800FFE703208DF81F0018E1FFE70E
:10C5A000B9E7E8E00698C068082863D3FFE7FFE72B
:10C5B0000698B0F86A0000285BD0FFE7069800688C
:10C5C0004069800700282BD5FFE70698B0F86A007D
:10C5D000022814D3FFE70698C06B80B1FFE70698E6
:10C5E0000168406E006808620699486E043048662B
:10C5F0000699B1F86A000238A1F86A000FE00698BF
:10C60000406E0088029908800699486E023048669C
:10C610000699B1F86A000138A1F86A00FFE727E03F
:10C62000F9F768F80199401A0399884204D3FFE7A3
:10C630000398013018B9FFE70398C0B9FFE70698DF
:10C6400004F04EF90699D1F88C0040F48070C1F8DE
:10C650008C000699012081F88900FFE706990020E7
:10C6600081F88800FFE703208DF81F00B0E0FFE7A6
:10C670009EE77FE0FFE70698B0F86A00002878D0D0
:10C68000FFE70698006840698007002848D5FFE763
:10C690000698B0F86A00042815D3FFE70698C06B27
:10C6A000412810D3FFE706980168406E00680862D1
:10C6B0000699486E043048660699B1F86A00043855
:10C6C000A1F86A002BE00698B0F86A00022814D39B
:10C6D000FFE70698C06B80B1FFE70698406E0088C0
:10C6E000029908800699486E023048660699B1F8AA
:10C6F0006A000238A1F86A0010E006980168406EEE
:10C70000007881F820000699486E01304866069945
:10C71000B1F86A000138A1F86A00FFE7FFE727E0F7
:10C72000F8F7E8FF0199401A0399884204D3FFE71C
:10C730000398013018B9FFE70398C0B9FFE70698DE
:10C7400004F0CEF80699D1F88C0040F48070C1F85E
:10C750008C000699012081F88900FFE706990020E6
:10C7600081F88800FFE703208DF81F0030E0FFE725
:10C7700081E7FFE7FFE70698039B01996A4611608E
:10C780000821002204F04EF940B1FFE70699D1F8E4
:10C790008C0040F02000C1F88C00FFE7069804F000
:10C7A0009FF80699012081F88900FFE7069900208B
:10C7B00081F88800FFE70698D0F88C0020B1FFE7E9
:10C7C00001208DF81F0003E000208DF81F00FFE717
:10C7D0009DF81F0008B080BD80B590B0DDF848C05E
:10C7E0000E900D910C92ADF82E300E98006820300E
:10C7F0000A900E980068303009900E98C16B0120A5
:10C8000000EB5110ADF812000E98006844F600419C
:10C81000C4F2010188422DD0FFE70E98006844F66B
:10C820000041C5F20101884224D0FFE70E9800685C
:10C8300042F20001C4F2004188421BD0FFE70E988B
:10C84000006842F20001C5F20041884212D0FFE7C1
:10C850000E98006845F20001C4F20101884209D037
:10C86000FFE70E98006845F20001C5F20101884219
:10C8700001D1FFE700E0FFE7F8F73CFF0890BDF8C3
:10C880002E00ADF81600BDF82E00ADF814000E987D
:10C8900090F88900012804D0FFE702208DF83F00BE
:10C8A000A2E30D9838B1FFE70C9820B1FFE7BDF87F
:10C8B0002E0020B9FFE701208DF83F0094E3FFE749
:10C8C0000E9890F88800012804D1FFE702208DF827
:10C8D0003F0089E30E99012081F88800FFE7FFE718
:10C8E0000E99052081F889000E990020C1F88C006E
:10C8F0000C990E9AD166BDF82E100E9AA2F87210FD
:10C90000BDF82E100E9AA2F870100D990E9A51666D
:10C91000BDF82E100E9AA2F86A10BDF82E100E9ACD
:10C92000A2F868100E9988670E99C8670E9800687B
:10C93000C06820F4C0200E990968C8600E9800688D
:10C9400043F20001C4F2010188422DD0FFE70E98A6
:10C95000006843F20001C5F20101884224D0FFE7DC
:10C960000E98006843F60001C4F2000188421BD013
:10C97000FFE70E98006843F60001C5F20001884207
:10C9800012D0FFE70E98006843F60041C4F20001A0
:10C99000884209D0FFE70E98006843F60041C5F2CF
:10C9A0000001884203D1FFE71020079002E0082031
:10C9B0000790FFE70E98006840684FF6FF718843C4
:10C9C000BDF82E1008440E99096848600E98016859
:10C9D000086840F0010008600E984068B0F5800FCC
:10C9E00007D1FFE70E980168086840F400700860FE
:10C9F000FFE70E98C0681028C0F0EC80FFE70E98A3
:10CA0000006843F20001C4F2010188422ED0FFE722
:10CA10000E98006843F20001C5F20101884225D05A
:10CA2000FFE70E98006843F60001C4F20001884257
:10CA30001CD0FFE70E98006843F60001C5F2000124
:10CA4000884213D0FFE70E98006843F60041C4F215
:10CA5000000188420AD0FFE70E98006843F60041C3
:10CA6000C5F20001884240F0B580FFE707988008D2
:10CA70000790FFE7BDF816100120039039B9FFE7D2
:10CA8000BDF81400002818BF01200390FFE70398A9
:10CA9000C007002800F09D80FFE70E9800684069FD
:10CAA0008007002822D5FFE7BDF81600F0B1FFE7A8
:10CAB000BDF81400BDF81610079A1144884215D22B
:10CAC000FFE70E980168406E006808620E99486E94
:10CAD000043048660E99B1F86A000138A1F86A007E
:10CAE0000E98B0F86A00ADF81600FFE70E980068DF
:10CAF00040690690BDF81400002869D0FFE70E9841
:10CB000000684069C007B0B1FFE70E980068006B8D
:10CB10000E99C96E08600E99C86E0430C8660E99E9
:10CB2000B1F872000138A1F872000E98B0F87200E6
:10CB3000ADF814004BE0BDF81400BDF812108842A7
:10CB40001CDAFFE79DF819000006002816D5FFE75C
:10CB50000E980068006B0E99C96E08600E99C86E39
:10CB60000430C8660E99B1F872000138A1F872005D
:10CB70000E98B0F87200ADF8140027E0F8F7BAFD8F
:10CB80000899401A1299884204D3FFE7129801309D
:10CB900018B9FFE71298C0B9FFE70E9803F0A0FE9E
:10CBA0000E99D1F88C0040F48070C1F88C000E9979
:10CBB000012081F88900FFE70E99002081F88800A4
:10CBC000FFE703208DF83F000EE2FFE7FFE7FFE7F6
:10CBD00050E7DCE10E98C0680828C0F0DE80FFE76F
:10CBE000079840080790FFE7BDF816100120029053
:10CBF00039B9FFE7BDF81400002818BF01200290E2
:10CC0000FFE70298C007002800F0C680FFE70E98F3
:10CC1000006840698007002822D5FFE7BDF81600AC
:10CC2000F0B1FFE7BDF81400BDF81610079A1144E3
:10CC3000884215D2FFE70E98406E00880A99088056
:10CC40000E99486E023048660E99B1F86A000138B4
:10CC5000A1F86A000E98B0F86A00ADF81600FFE778
:10CC60000E98006840690690BDF81400002800F096
:10CC70009280FFE70E9800684069C007A8B1FFE7FF
:10CC8000099800880E99C96E08800E99C86E023006
:10CC9000C8660E99B1F872000138A1F872000E98BA
:10CCA000B0F87200ADF8140074E0BDF81400BDF8DF
:10CCB0001210884224DAFFE79DF8190000060028C8
:10CCC0001ED5FFE7099800880E99C96E08800E9955
:10CCD000C86E0230C866099800880E99C96E08802F
:10CCE0000E99C86E0230C8660E99B1F8720002380B
:10CCF000A1F872000E98B0F87200ADF8140048E088
:10CD0000BDF8140001281BD1FFE79DF8190080062B
:10CD1000002815D5FFE7099800880E99C96E08808C
:10CD20000E99C86E0230C8660E99B1F872000138CB
:10CD3000A1F872000E98B0F87200ADF8140027E068
:10CD4000F8F7D8FC0899401A1299884204D3FFE7F3
:10CD50001298013018B9FFE71298C0B9FFE70E9892
:10CD600003F0BEFD0E99D1F88C0040F48070C1F83C
:10CD70008C000E99012081F88900FFE70E990020B0
:10CD800081F88800FFE703208DF83F002CE1FFE7E2
:10CD9000FFE7FFE7FFE727E7F8E0FFE7BDF816103A
:10CDA0000120019039B9FFE7BDF81400002818BF31
:10CDB00001200190FFE70198C007002800F0E580FE
:10CDC000FFE70E98006840698007002823D5FFE739
:10CDD000BDF81600F8B1FFE7BDF81400BDF8161055
:10CDE000079A1144884216D2FFE70E980168406EF8
:10CDF000007881F820000E99486E013048660E993F
:10CE0000B1F86A000138A1F86A000E98B0F86A001B
:10CE1000ADF81600FFE70E98006840690690BDF86F
:10CE20001400002800F0B080FFE70E980068406909
:10CE3000C007B8B1FFE70E98006890F830000E996F
:10CE4000C96E08700E99C86E0130C8660E99B1F8A7
:10CE500072000138A1F872000E98B0F87200ADF8B7
:10CE6000140090E0BDF81400BDF8121088423EDABC
:10CE7000FFE79DF819000006002838D5FFE70E9857
:10CE8000006890F830000E99C96E08700E99C86E4F
:10CE90000130C8660E98006890F830000E99C96E8F
:10CEA00008700E99C86E0130C8660E98006890F838
:10CEB00030000E99C96E08700E99C86E0130C866B0
:10CEC0000E98006890F830000E99C96E08700E999F
:10CED000C86E0130C8660E99B1F872000438A1F826
:10CEE00072000E98B0F87200ADF814004AE0BDF878
:10CEF000140003281DD8FFE79DF8190010F0600FFB
:10CF000017D0FFE70E98006890F830000E99C96EB0
:10CF100008700E99C86E0130C8660E99B1F872009B
:10CF20000138A1F872000E98B0F87200ADF8140044
:10CF300027E0F8F7DFFB0899401A1299884204D3DA
:10CF4000FFE71298013018B9FFE71298C0B9FFE760
:10CF50000E9803F0C5FC0E99D1F88C0040F4807057
:10CF6000C1F88C000E99012081F88900FFE70E9925
:10CF7000002081F88800FFE703208DF83F0033E0B0
:10CF8000FFE7FFE7FFE7FFE708E7FFE7FFE70E98A8
:10CF9000129B08996A4611600821002203F042FDA5
:10CFA00040B1FFE70E99D1F88C0040F02000C1F8A5
:10CFB0008C00FFE70E9803F093FC0E99012081F896
:10CFC0008900FFE70E99002081F88800FFE70E989E
:10CFD000D0F88C0020B1FFE701208DF83F0003E07E
:10CFE00000208DF83F00FFE79DF83F0010B080BDA6
:10CFF00082B0019001980090042843D80099DFE89E
:10D0000001F00C1D2F4103004EF21001CEF2000181
:10D01000086840F00400086035E04EF21001CEF2DE
:10D020000001086820F00400086040F6E441C4F202
:10D030000241086820F00C00086024E04EF2100164
:10D04000CEF20001086820F00400086040F6E441D8
:10D05000C4F202410868012262F38300086012E012
:10D060004EF21001CEF20001086820F004000860C2
:10D0700040F6E441C4F202410868022262F38300F0
:10D08000086000E0FFE702B07047000082B0009047
:10D0900000980138B0F1807F03D3FFE701200190B1
:10D0A00016E0009801384EF21401CEF2000108603B
:10D0B0004EF21801CEF20001002008604EF210027C
:10D0C000CEF20002116841F0030111600190FFE708
:10D0D000019802B07047000083B04EF21000CEF20B
:10D0E000000000684007002803D5FFE704200290F5
:10D0F00020E040F6E440C4F20240006800F00C007A
:10D1000001900198009040B1FFE70098042807D0F3
:10D11000FFE70098082806D008E00020029008E009
:10D120000120029005E00220029002E0002002901F
:10D13000FFE7FFE7029803B07047000081B000905E
:10D1400001B0704781B0009001B0704781B000908D
:10D1500001B0704781B0009001B0704781B000907D
:10D1600001B0704781B0009001B0704785B0039066
:10D170000291FFE7039890F83C00012804D1FFE7F3
:10D1800002208DF81300F6E00399012081F83C009D
:10D19000FFE7FFE70399022081F83D00039800684C
:10D1A00040680190039800688068009003980068C8
:10D1B00042F60041C4F2010188421BD0FFE7039808
:10D1C000006842F60041C5F20101884212D0FFE733
:10D1D0000398006843F20041C4F20101884209D07B
:10D1E000FFE70398006843F20041C5F2010188425D
:10D1F0000AD1FFE7019820F470000190029841687D
:10D20000019808430190FFE701984FF68F71CFF620
:10D21000FF5108400190029801680198084301906D
:10D2200001980399096848600398006842F6004134
:10D23000C4F20101884200F08280FFE70398006891
:10D2400042F60041C5F20101884278D0FFE7039819
:10D250000068B0F1804F72D0FFE703980068B0F12A
:10D26000A04F6CD0FFE70398006840F20041C4F281
:10D270000001884263D0FFE70398006840F2004154
:10D28000C5F2000188425AD0FFE70398006840F6D3
:10D290000001C4F20001884251D0FFE70398006802
:10D2A00040F60001C5F20001884248D0FFE703982C
:10D2B000006840F60041C4F2000188423FD0FFE719
:10D2C0000398006840F60041C5F20001884236D05C
:10D2D000FFE70398006843F20041C4F2010188426D
:10D2E0002DD0FFE70398006843F20041C5F2010129
:10D2F000884224D0FFE70398006841F60001C4F299
:10D30000000188421BD0FFE70398006841F6000146
:10D31000C5F20001884212D0FFE70398006844F28A
:10D320000001C4F20101884209D0FFE703980068B8
:10D3300044F20001C5F2010188420ED1FFE70098D6
:10D3400020F08000009002988168009808430090C7
:10D350000098039909688860FFE70399012081F824
:10D360003D00FFE70399002081F83C00FFE7002023
:10D370008DF81300FFE79DF8130005B0704700001B
:10D3800081B0009001B0704780B582B000900098E5
:10D3900020B9FFE701208DF8070045E0009890F8DC
:10D3A0003D0040B9FFE70099002081F83C0000985B
:10D3B00000F03EF8FFE70099022081F83D00009957
:10D3C00051F8040B03F040FF0099012081F8480058
:10D3D000FFE70099012081F83E00009981F83F00A5
:10D3E000009981F84000009981F84100009981F886
:10D3F0004200009981F84300FFE7FFE70099012010
:10D4000081F84400009981F84500009981F84600B0
:10D41000009981F84700FFE70099012081F83D005D
:10D4200000208DF80700FFE79DF8070002B080BDDF
:10D4300080B584B003900398006841F20041C4F2C3
:10D440000001884219D1FFE7FFE740F69C40C4F293
:10D450000240016841F020010160006800F02000F6
:10D4600002900298FFE73220019003221146F8F75C
:10D4700049FA0198F8F73CFAFFE704B080BD0000D4
:10D4800083B00190019890F83D00012804D0FFE797
:10D4900001208DF80B00B8E00199022081F83D00D1
:10D4A00001980168C86840F00100C86001980068F0
:10D4B00042F60041C4F20101884200F08280FFE799
:10D4C0000198006842F60041C5F20101884278D017
:10D4D000FFE701980068B0F1804F72D0FFE7019834
:10D4E0000068B0F1A04F6CD0FFE70198006840F2EF
:10D4F0000041C4F20001884263D0FFE70198006850
:10D5000040F20041C5F2000188425AD0FFE701987D
:10D51000006840F60001C4F20001884251D0FFE7E4
:10D520000198006840F60001C5F20001884248D029
:10D53000FFE70198006840F60041C4F2000188420C
:10D540003FD0FFE70198006840F60041C5F20001B6
:10D55000884236D0FFE70198006843F20041C4F2E8
:10D56000010188422DD0FFE70198006843F2004195
:10D57000C5F20101884224D0FFE70198006841F616
:10D580000001C4F2000188421BD0FFE70198006847
:10D5900041F60001C5F20001884212D0FFE7019870
:10D5A000006844F20001C4F20101884209D0FFE79B
:10D5B0000198006844F20001C5F20101884219D1C6
:10D5C000FFE70198006880680721C0F20101084068
:10D5D0000090009806280CD0FFE70098B0F5803F37
:10D5E00007D0FFE701980168086840F00100086073
:10D5F000FFE706E001980168086840F00100086054
:10D60000FFE700208DF80B00FFE79DF80B0003B04B
:10D610007047000081B0009001B0704780B584B0C1
:10D62000039003980068C06802900398006800693E
:10D6300001909DF804008007002824D5FFE79DF89D
:10D640000800800700281DD5FFE7039801686FF0E8
:10D650000200086103990120087703980068806937
:10D66000800720B1FFE70398FFF7D4FF06E0039897
:10D6700000F054F9039800F055F9FFE703990020F2
:10D680000877FFE7FFE79DF804004007002825D54D
:10D69000FFE79DF80800400700281ED5FFE7039824
:10D6A00001686FF00400086103990220087703986D
:10D6B0000068806910F4407F04D0FFE70398FFF70B
:10D6C000A9FF06E0039800F029F9039800F02AF971
:10D6D000FFE7039900200877FFE7FFE79DF80400C4
:10D6E0000007002824D5FFE79DF808000007002860
:10D6F0001DD5FFE7039801686FF0080008610399E2
:10D700000420087703980068C069800720B1FFE70C
:10D710000398FFF77FFF06E0039800F0FFF80398F7
:10D7200000F000F9FFE7039900200877FFE7FFE723
:10D730009DF80400C006002825D5FFE79DF80800E5
:10D74000C00600281ED5FFE7039801686FF010009F
:10D75000086103990820087703980068C06910F4ED
:10D76000407F04D0FFE70398FFF754FF06E00398DB
:10D7700000F0D4F8039800F0D5F8FFE703990020F3
:10D780000877FFE7FFE79DF80400C00778B1FFE7DF
:10D790009DF80800C00748B1FFE7039801686FF0E3
:10D7A00001000861039800F0C1F8FFE7FFE7019866
:10D7B00000F08000802806D0FFE79DF80500800675
:10D7C000002810D5FFE79DF808000006002809D5BD
:10D7D000FFE7039801686FF4025008610398FFF7B0
:10D7E000B1FCFFE7FFE79DF80500C00780B1FFE748
:10D7F0009DF808000006002809D5FFE70398016896
:10D800006FF4807008610398FFF798FCFFE7FFE76B
:10D810009DF804004006002810D5FFE79DF8080099
:10D820004006002809D5FFE7039801686FF0400023
:10D830000861039800F092F8FFE7FFE79DF8040005
:10D840008006002810D5FFE79DF808008006002814
:10D8500009D5FFE7039801686FF02000086103987D
:10D86000FFF774FCFFE7FFE79DF80600C0060028FD
:10D8700010D5FFE79DF80A00C006002809D5FFE78C
:10D88000039801686FF4801008610398FFF766FC45
:10D89000FFE7FFE79DF806008006002810D5FFE7A8
:10D8A0009DF80A008006002809D5FFE70398016863
:10D8B0006FF4001008610398FFF74CFCFFE7FFE7E7
:10D8C0009DF806004006002810D5FFE79DF80A00E5
:10D8D0004006002809D5FFE7039801686FF480002F
:10D8E00008610398FFF73EFCFFE7FFE79DF806009D
:10D8F0000006002810D5FFE79DF80A000006002862
:10D9000009D5FFE7039801686FF4000008610398E8
:10D91000FFF736FDFFE7FFE704B080BD81B0009060
:10D9200001B0704781B0009001B0704780B582B0FF
:10D9300001900198006841F20041C4F20001884260
:10D940000AD1FFE740F21071C2F20001086801300D
:10D95000086003F0D3F9FFE702B080BD81B000900A
:10D9600001B0704783B00190FFE7019890F8840000
:10D97000012804D1FFE702208DF80B002CE001996B
:10D98000012081F88400FFE7FFE701992420C1F816
:10D990008800019800680068009001980168086894
:10D9A00020F001000860009820F0005000900199DC
:10D9B00000204866009801990968086001992020B4
:10D9C000C1F88800FFE70199002081F88400FFE793
:10D9D00000208DF80B00FFE79DF80B0003B07047A7
:10D9E00082B00190ADF8021002B0704781B0009093
:10D9F00001B0704780B584B002900191FFE70298B2
:10DA000090F88400012804D1FFE702208DF80F0070
:10DA100032E00299012081F88400FFE7FFE70299D4
:10DA20002420C1F8880002980068006800900298DD
:10DA30000168086820F001000860029800688068AA
:10DA400020F0606001990843029909688860029893
:10DA500003F0A8FD00980299096808600299202047
:10DA6000C1F88800FFE70299002081F88400FFE7F1
:10DA700000208DF80F00FFE79DF80F0004B080BD77
:10DA800080B584B002900191FFE7029890F884007D
:10DA9000012804D1FFE702208DF80F0032E002993F
:10DAA000012081F88400FFE7FFE702992420C1F8F4
:10DAB0008800029800680068009002980168086871
:10DAC00020F00100086002980068806820F0604043
:10DAD00001990843029909688860029803F062FD81
:10DAE000009802990968086002992020C1F888000E
:10DAF000FFE70299002081F88400FFE700208DF8FD
:10DB00000F00FFE79DF80F0004B080BD81B00090CA
:10DB100001B0704781B0009001B0704781B00090B3
:10DB200001B0704780B58EB00D900D980068C06947
:10DB30000C900D98006800680B900D980068806844
:10DB40000A900C9840F60F01084009900998E0B936
:10DB5000FFE79DF830008006002815D5FFE79DF807
:10DB60002C008006002806D4FFE79DF82B00C00695
:10DB7000002809D5FFE70D98406F20B1FFE70D9809
:10DB8000416F8847FFE76CE2FFE70998002800F043
:10DB9000F980FFE70A980121C1F20001084209D18A
:10DBA000FFE70B9840F22011C0F20041084200F05C
:10DBB000E980FFE79DF83000C00788B1FFE79DF8D6
:10DBC0002D00C00760B1FFE70D98016801200862D1
:10DBD0000D99D1F8900040F00100C1F89000FFE7E6
:10DBE0009DF830008007002811D5FFE79DF8280038
:10DBF000C00760B1FFE70D980168022008620D9927
:10DC0000D1F8900040F00400C1F89000FFE79DF8C3
:10DC100030004007002811D5FFE79DF82800C00715
:10DC200060B1FFE70D980168042008620D99D1F8F2
:10DC3000900040F00200C1F89000FFE79DF830002E
:10DC40000007002819D5FFE79DF82C008006002862
:10DC500007D4FFE70A980121C1F2000108420CD065
:10DC6000FFE70D980168082008620D99D1F890002F
:10DC700040F00800C1F89000FFE79DF83100000770
:10DC8000002813D5FFE79DF82F00400700280DD589
:10DC9000FFE70D9801684FF4006008620D99D1F814
:10DCA000900040F02000C1F89000FFE70D98D0F8F8
:10DCB0009000002865D0FFE79DF83000800600281E
:10DCC00015D5FFE79DF82C008006002806D4FFE755
:10DCD0009DF82B00C006002809D5FFE70D98406F7E
:10DCE00020B1FFE70D98416F8847FFE7FFE70D98E8
:10DCF000D0F8900008900D980068806800F040000F
:10DD0000402806D0FFE79DF8200010F0280F2FD004
:10DD1000FFE70D9803F0E4FD0D9800688068400669
:10DD2000002820D5FFE70D98D0F88000B0B1FFE7BC
:10DD30000D98D0F8801041F6C100C0F60100C86609
:10DD40000D98D0F88000F5F733FF30B1FFE70D985C
:10DD5000D0F88000C16E8847FFE703E00D98FFF719
:10DD6000DDFEFFE703E00D98FFF7D8FEFFE707E0D1
:10DD70000D98FFF7D3FE0D990020C1F89000FFE742
:10DD8000FFE76EE10D98C06E012840F00B81FFE7C0
:10DD90009DF83000C006002840F10481FFE79DF89F
:10DDA0002C00C006002840F1FD80FFE70D980168B7
:10DDB000102008620D98006880684006002840F135
:10DDC0008F80FFE70D98D0F880000068806CADF878
:10DDD0001E00BDF81E00002867D0FFE7BDF81E003A
:10DDE0000D99B1F85C1088425FDAFFE7BDF81E00BC
:10DDF0000D99A1F85E000D98D0F88000006D812883
:10DE000046D0FFE7FFE7FFE70D98006850E8000FF6
:10DE100020F480700690FFE706990D98026842E8AA
:10DE200000100028F0D1FFE7FFE7FFE7FFE70D98BC
:10DE3000006850E8020F20F001000590FFE7059907
:10DE40000D98026842E802100028F0D1FFE7FFE7D2
:10DE50000D992020C1F88C000D990020C866FFE7BD
:10DE6000FFE70D98006850E8000F20F010000490C4
:10DE7000FFE704990D98026842E800100028F0D1ED
:10DE8000FFE7FFE70D98D0F88000F5F705FEFFE704
:10DE90000D99022008670D98B0F85C10B0F85E206C
:10DEA000891A89B2FFF79CFD19E0BDF81E000D9993
:10DEB000B1F85C10884211D1FFE70D98D0F88000CE
:10DEC000006D812809D1FFE70D99022008670D98A0
:10DED000B0F85C10FFF784FDFFE7FFE7FFE7C0E065
:10DEE0000D99B1F85C00B1F85E10401AADF80E0063
:10DEF0000D98B0F85E00002853D0FFE7BDF80E0083
:10DF000000284ED0FFE7FFE7FFE70D98006850E8D4
:10DF1000000F20F490700290FFE702990D980268BC
:10DF200042E800100028F0D1FFE7FFE7FFE7FFE736
:10DF30000D98006850E8020F4FF6FE71CEF6FF71A3
:10DF400008400190FFE701990D98026842E802102D
:10DF50000028EDD1FFE7FFE70D992020C1F88C00E4
:10DF60000D990020C8660D994867FFE7FFE70D98F7
:10DF7000006850E8000F20F010000090FFE70099C3
:10DF80000D98026842E800100028F0D1FFE7FFE793
:10DF90000D99022008670D98BDF80E10FFF720FDBF
:10DFA000FFE75EE09DF83200C00600280FD5FFE7CE
:10DFB0009DF82A004006002809D5FFE70D98016862
:10DFC0004FF4801008620D98FFF7A4FD49E09DF81A
:10DFD00030000006002815D5FFE79DF82C0000064C
:10DFE000002806D4FFE79DF82A000006002809D57E
:10DFF000FFE70D98806F20B1FFE70D98816F88478C
:10E00000FFE72EE09DF83000400600280AD5FFE724
:10E010009DF82C004006002804D5FFE70D9803F07A
:10E02000AFFC1EE09DF83200000600280AD5FFE78D
:10E030009DF82F004006002804D5FFE70D98FFF754
:10E0400065FD0EE09DF83300C00750B1FFE79DF875
:10E050002F000006002804D5FFE70D98FFF7C6FC47
:10E06000FFE70EB080BD000080B582B00090009840
:10E0700020B9FFE701208DF8070046E0009880698D
:10E0800008B1FFE700E0FFE70098D0F8880040B94A
:10E09000FFE70099002081F88400009800F03AF82A
:10E0A000FFE700992420C1F88800009801680868FB
:10E0B00020F0010008600098806A20B1FFE7009816
:10E0C00003F0B6FAFFE7009803F07CFC012804D1C6
:10E0D000FFE701208DF8070017E000980168486805
:10E0E00020F49040486000980168886820F02A0079
:10E0F000886000980168086840F001000860009896
:10E1000003F03AFB8DF80700FFE79DF8070002B027
:10E1100080BD000080B5D0B04F9000204E904D9053
:10E120004C904B904A9008A84FF48471F2F7F6F89F
:10E130004F98006843F60001C4F20101884240F0A4
:10E140008380FFE700200990012108911F9008A813
:10E15000FAF798FD18B1FFE7F4F736FCFFE7FFE7A1
:10E1600040F6A440C4F20240016841F480410160DD
:10E17000006800F4804007900798FFE7FFE740F64B
:10E180008C40C4F20240016841F001010160006866
:10E1900000F0010006900698FFE74FF4C0604A9037
:10E1A00002204B90012001904C90002002904D9055
:10E1B00007204E900020C4F202204AA9F7F7F6F893
:10E1C000019A029940F65400C2F20000039040F216
:10E1D0005013C4F2020303601623436081604FF4BE
:10E1E0008063C3600823036141618161C161016291
:10E1F00042628262C16201634163F5F7A7FE18B112
:10E20000FFE7F4F7E1FBFFE7FFE74F9840F6540123
:10E21000C2F20001C1674F98C865FFE740F654009D
:10E22000C2F200001021F5F7EDFC18B1FFE7F4F79A
:10E23000CBFBFFE73A20009000221146F7F762FB84
:10E240000098F7F755FB46E04F98006846F200410A
:10E25000C4F2000188423DD1FFE70020099020214F
:10E260000891249008A8FAF70DFD18B1FFE7F4F71C
:10E27000ABFBFFE7FFE740F69C40C4F202400168B9
:10E2800041F000710160006800F000700590059891
:10E29000FFE7FFE740F68C40C4F20240016841F01E
:10E2A00004010160006800F0040004900498FFE796
:10E2B000C0204A9002204B9001204C9000204D90AD
:10E2C00007204E9040F60000C4F202204AA9F7F75A
:10E2D0006DF8FFE7FFE750B080BD000080B58AB061
:10E2E00008900791ADF81A2005930898D0F8880097
:10E2F000202840F09580FFE7079820B1FFE7BDF8A0
:10E300001A0020B9FFE701208DF827008CE008985B
:10E31000006880680006002807D5FFE708980168B4
:10E32000886820F080008860FFE708990020C1F825
:10E33000900008992120C1F88800F7F7DBF90290D6
:10E34000BDF81A000899A1F85400BDF81A00089900
:10E35000A1F8560008988068B0F5805F09D1FFE702
:10E360000898006928B9FFE70020049007980390F7
:10E3700004E00798049000200390FFE7FFE7089867
:10E38000B0F8560088B3FFE70898029B05996A46E3
:10E3900011608021002203F021FD40B1FFE70899C0
:10E3A0002020C1F8880003208DF827003CE0049865
:10E3B00058B9FFE7039800886FF35F200899096850
:10E3C000886203980230039008E004980078089966
:10E3D00009688862049801300490FFE70899B1F851
:10E3E00056000138A1F85600C9E70898029B059924
:10E3F0006A4611604021002203F0F0FC40B1FFE7C3
:10E4000008992020C1F8880003208DF827000BE030
:10E4100008992020C1F8880000208DF8270003E02B
:10E4200002208DF82700FFE79DF827000AB080BD85
:10E4300081B0009001B0704785B0019001980078DC
:10E4400001460091022804D3FFE70098022834D047
:10E450006BE0019890ED061A90ED070A90ED083AEE
:10E4600090ED092A21EE031A20EE020A30EE410A4D
:10E470008DED020A019890ED061A90ED073A90EDA5
:10E48000080A90ED092A21EE031A20EE020A30EE66
:10E49000010A8DED030A019890ED061A90ED090A24
:10E4A00021EE011ABEEE002A31EE021A20EE000A19
:10E4B00030EE010A8DED040A3CE0019890ED060A69
:10E4C00090ED071A90ED082A90ED093A21EE031A13
:10E4D00020EE020A30EE410A8DED020A019890ED1D
:10E4E000061A90ED073A90ED080A90ED092A21EE00
:10E4F000031A20EE020A30EE011A9FED120A30EEE6
:10E50000410A8DED030A019890ED060A90ED091A73
:10E5100020EE002AB6EE000A30EE420A21EE011A81
:10E5200030EE410A8DED040A04E0002002900390D1
:10E530000490FFE79DED020ADDED030A9DED041A4C
:10E5400005B070470000008085B001900198007808
:10E550000146009140B1FFE70098012838D0FFE75D
:10E56000009802286CD0A3E0019890ED061A90ED77
:10E57000070A90ED082A90ED093A21EE031A20EEE1
:10E58000020A30EE010A8DED020A019890ED061A9A
:10E5900090ED080A21EE011ABEEE002A31EE021AB1
:10E5A00020EE000A30EE010A8DED030A019890ED8D
:10E5B000061A90ED073A90ED080A90ED092A21EE2F
:10E5C000031A20EE020A30EE410A8DED040A74E0CF
:10E5D000019890ED060A90ED071A20EE002AB6EE9B
:10E5E000000A30EE420A21EE011A30EE410A8DEDAA
:10E5F000020A019890ED060A90ED071A90ED083A8C
:10E6000090ED092A21EE031A20EE020A30EE410AAB
:10E610008DED030A019890ED061A90ED070A90ED32
:10E62000083A90ED092A21EE031A20EE020A30EE94
:10E63000011A9FED260A30EE410A8DED040A3CE0F6
:10E64000019890ED061A90ED070A90ED082A90EDDA
:10E65000093A21EE031A20EE020A30EE011A9FED6C
:10E660001B0A30EE410A8DED020A019890ED060A70
:10E6700090ED081A20EE002AB6EE000A30EE420AAB
:10E6800021EE011A30EE410A8DED030A019890ED5A
:10E69000060A90ED072A90ED081A90ED093A21EE4E
:10E6A000031A20EE020A30EE410A8DED040A04E05E
:10E6B0000020029003900490FFE79DED020ADDED3B
:10E6C000030A9DED041A05B0704700BF00000080EA
:10E6D000FFE7FEE784B0039002918DED010ACDEDD6
:10E6E000000A039908684A688B6840F28841C2F2C0
:10E6F00000018B604A600860029B18685A689B683A
:10E700004B610A61C860019888610098C86104B0D3
:10E710007047000083B0029001918DED000A0299CC
:10E7200008684A688B6840F28841C2F200018B6237
:10E730004A620862019B18685A689B684B630A63C7
:10E74000C8620098C86303B07047000080B584B009
:10E7500040F2DC60C2F20000019064210291F3F704
:10E760007FF9019802991830F3F77AF940F2C8500E
:10E77000C2F200000390F2F7E3FC039846F2D431B2
:10E78000C0F60101F2F7BEFD04B080BD80B588B0CF
:10E79000ADF81E0040F21030C2F200000DF11D0174
:10E7A00005F0F0FD9DF81D0080B3FFE70020ADF8F7
:10E7B0001800059040F21030C2F2000005A905F0E3
:10E7C00019F9BDF9140000EE100AB8EEC00A9FED69
:10E7D0004E1A20EE010A40F21C40C2F2000080ED09
:10E7E000000ABDF9161000EE101AB8EEC00A20EEAD
:10E7F000010A80ED010ABDF9181000EE101AB8EEFA
:10E80000C00A20EE010A80ED020AFFE740F2103054
:10E81000C2F200000DF11D0105F0F6FA9DF81D0091
:10E8200080B3FFE70020ADF81000039040F21030F5
:10E83000C2F2000003A905F00DF9BDF90C0000EECD
:10E84000100AB8EEC00A9FED311A20EE010A40F21C
:10E850006840C2F2000080ED000ABDF90E1000EE23
:10E86000101AB8EEC00A20EE010A80ED010ABDF9C7
:10E87000101000EE101AB8EEC00A20EE010A80ED6A
:10E88000020AFFE70020019040F21030C2F20000BF
:10E8900001A905F0EDFB40F26F00C2F20000007824
:10E8A000B0B1FFE7019840F25071C2F20001086078
:10E8B00040F26F01C2F200010020087040F2307196
:10E8C000C2F2000141F26F20C3F60330086018E085
:10E8D000019840F25071C2F200010A68801A00905B
:10E8E000019808609DED000AB8EE400A9FED081AF5
:10E8F00020EE010A40F23070C2F2000080ED000A02
:10E90000FFE708B080BD00BFD5FF7F38295C8F3D91
:10E9100017B7D13780B588B0ADF81E0040F2D420CB
:10E92000C2F200000DF11D0105F02CFD9DF81D0047
:10E9300080B3FFE70020ADF81800059040F2D42026
:10E94000C2F2000005A905F055F8BDF9140000EE6B
:10E95000100AB8EEC00A9FED5F1A20EE010A40F2DD
:10E960001040C2F2000080ED000ABDF9161000EE62
:10E97000101AB8EEC00A20EE010A80ED010ABDF9B6
:10E98000181000EE101AB8EEC00A20EE010A80ED51
:10E99000020AFFE740F2D420C2F200000DF11D018F
:10E9A00005F032FA9DF81D0080B3FFE70020ADF8B6
:10E9B0001000039040F2D420C2F2000003A905F039
:10E9C00049F8BDF90C0000EE100AB8EEC00A9FED40
:10E9D000421A20EE010A40F25C40C2F2000080EDD3
:10E9E000000ABDF90E1000EE101AB8EEC00A20EEB3
:10E9F000010A80ED010ABDF9101000EE101AB8EE00
:10EA0000C00A20EE010A80ED020AFFE740F2D4209E
:10EA1000C2F200000DF11D0105F0FAFA9DF81D008B
:10EA2000B0B1FFE70020ADF80A0040F2D420C2F2F6
:10EA300000000DF10A0105F001FBBDF90A0005F027
:10EA40006FF840F25450C2F2000080ED000AFFE778
:10EA50000020019040F2D420C2F2000001A905F08C
:10EA600007FB40F26E00C2F200000078B0B1FFE791
:10EA7000019840F24C71C2F20001086040F26E0150
:10EA8000C2F200010020087040F22C71C2F20001B5
:10EA900041F26F20C3F60330086018E0019840F29D
:10EAA0004C71C2F200010A68801A00900198086057
:10EAB0009DED000AB8EE400A9FED081A20EE010A0B
:10EAC00040F22C70C2F2000080ED000AFFE708B0AF
:10EAD00080BD00BFD5FF7F38295C8F3D17B7D13788
:10EAE000F0B5A3B08DF88B0040F28840C2F2000070
:10EAF000099090ED070A0C30002101F05FFD0998A4
:10EB0000C1681F91016920914169219101681C919F
:10EB100041681D9180681E909DED1F0ADDED200A61
:10EB20009DED211A46F2643EC0F6010ECDF820E0BC
:10EB3000DEF80000DEF80410DEF80820DEF80C3005
:10EB4000DEF810C0DEF81440DEF81850DEF81C6065
:10EB5000DEF8207040F2700EC2F2000EDEED001AF8
:10EB60009EED012ADEED022A40F26C7EC2F2000E1A
:10EB70009EED003ADEED013A9EED024AEE46CEF8F9
:10EB80001070CEF80C60CEF80850CEF80440CEF8E5
:10EB900000C0F3F7C9F8DDF820E08DED1B1ACDEDCC
:10EBA0001A0A8DED190A19981A991B9A2192209127
:10EBB0001F909DED1C0ADDED1D0A9DED1E1ADEF86D
:10EBC0000000DEF80410DEF80820DEF80C30DEF875
:10EBD00010C0DEF81440DEF81850DEF81C60DEF8D5
:10EBE000207040F2600EC2F2000EDEED001A9EEDC3
:10EBF000012ADEED022A40F2540EC2F2000E9EED12
:10EC0000003ADEED013A9EED024AEE46CEF8107073
:10EC1000CEF80C60CEF80850CEF80440CEF800C014
:10EC2000F3F782F88DED181ACDED170A8DED160A5F
:10EC300016981799189A1E921D911C909DED1F0A07
:10EC4000DDED200A9DED211A40F2DC60C2F20000E9
:10EC5000F2F72CFF09988DED151ACDED140A8DED04
:10EC6000130A1399149A159B219320921F911F9AAE
:10EC700040F2C841C2F20001CA60209A0A61219A9A
:10EC80004A611C9A0A601D9A4A601E9A8A60C0698D
:10EC9000C8619DF88B00012840F09380FFE740F2A7
:10ECA0008840C2F20000059090ED0F0A2C3001213F
:10ECB00001F084FC0598C16A1F91016B2091406BA3
:10ECC00021909DED1F0ADDED200A9DED211A46F2EF
:10ECD000883EC0F6010ECDF818E0DEF80000DEF840
:10ECE0000410DEF80820DEF80C30DEF810C0DEF884
:10ECF0001440DEF81850DEF81C60DEF8207040F298
:10ED0000700EC2F2000EDEED001A9EED012ADEED5D
:10ED1000022A40F26C7EC2F2000E9EED033ADEED56
:10ED2000043A9EED054AEE46CEF81070CEF80C601F
:10ED3000CEF80850CEF80440CEF800C0F2F7F4FF49
:10ED40008DED121ACDED110A8DED100A1098119962
:10ED5000129A219220911F909DED1F0ADDED200A4D
:10ED60009DED211A40F2DC60C2F200001830F2F78B
:10ED70009DFE8DED0F1ACDED0E0A8DED0D0A0D984D
:10ED80000E990F9A219220911F901F9840F2C8412E
:10ED9000C2F2000141F82C0F079120984860219899
:10EDA0008860A1F120000AAAF3F7AEFD07990A983E
:10EDB00041F8200C0B9841F81C0C0C9841F8180CE9
:10EDC000FFE723B0F0BD000080B582B0ADF80600CB
:10EDD00040F25450C2F2000090ED000A40F22C7054
:10EDE000C2F20000D0ED000A40F21040C2F2000072
:10EDF00040F25C41C2F20001FFF76CFC40F252505D
:10EE0000C2F20000007888B1FFE740F23070C2F231
:10EE1000000090ED000A40F21C40C2F2000040F2F7
:10EE20006841C2F20001FFF775FCFFE740F2525063
:10EE3000C2F200000078FFF753FE40F2C840C2F271
:10EE4000000000F005F803F0C9F802B080BD000032
:10EE500080B590B00F900F98C0680C900F98006923
:10EE60000D900F9840690E900F98006809900F98C8
:10EE700040680A900F9880680B900F9890ED073AC1
:10EE80009DED0C0ADDED0D0A9DED0E1ADDED091A62
:10EE90009DED0A2ADDED0B2A40F2C850C2F20000B7
:10EEA0000190F2F771FD0198F2F734F9CDED051AF2
:10EEB0008DED041ACDED030A8DED020A9DED020AD7
:10EEC000DDED030A9DED041ADDED051AF3F76EF989
:10EED0008DED081ACDED070A8DED060A40F23C7162
:10EEE000C2F200010698079A089B8B604A6008608E
:10EEF00010B080BD80B58AB003F070FC40F2D42021
:10EF0000C2F2000040F20A51C2F20001089104F07E
:10EF1000F9FD089800786C2805D0FFE74FF6FF70E0
:10EF2000ADF82600A1E040F2D420C2F20000012199
:10EF300005F046F8FFE740F2D420C2F2000040F2AC
:10EF40000851C2F2000105F025F8FFE740F2085031
:10EF5000C2F2000000780028EDD1FFE740F2D42093
:10EF6000C2F200000690802104F08CFF0698012177
:10EF7000059104F09FFD06980421049105F0DEF848
:10EF80000499069804F044FE0698002105F010FA52
:10EF90000698062104F04EFF0499069805F030FA11
:10EFA0000599069805F0C6F90599069805F088F8C0
:10EFB00040F21030C2F2000040F20B51C2F20001E8
:10EFC000079104F09FFD079800786C2804D0FFE7B4
:10EFD0000020ADF8260048E040F21030C2F20000F8
:10EFE000012104F0EDFFFFE740F21030C2F2000013
:10EFF00040F20951C2F2000104F0CCFFFFE740F2F9
:10F000000950C2F2000000780028EDD1FFE740F27D
:10F010001030C2F200000290802104F033FF029809
:10F020000121039104F046FD02980421019105F0AD
:10F0300085F80199029804F0EBFD0298002105F093
:10F04000B7F90298062104F0F5FE0199029805F03F
:10F05000D7F90399029805F06DF90399029805F024
:10F060002FF80398ADF82600FFE7BDF926000AB097
:10F0700080BD000081B00090009988684FF6C07292
:10F08000C5F6FF721040886001B0704781B00090F3
:10F0900048F2C801C4F20221086840F0010008608B
:10F0A00001B0704781B000900099D1F8C80040F0DD
:10F0B0000100C1F8C80001B07047000081B00090A5
:10F0C0000098806840F080504FF6C071C7F6FF711D
:10F0D00008400099886001B07047000081B000903E
:10F0E0000098806800F0E07001B0704783B0029033
:10F0F00001910298019900EB810060300090009826
:10F10000006800F0F84003B07047000081B0009044
:10F1100000988068C0F3C00001B0704781B00090D3
:10F1200000988068C0F3407001B0704781B00090D3
:10F130000098806800F0010001B0704781B0009035
:10F1400000988068C0F3007001B0704781B00090F3
:10F1500000988068C0F3800001B0704784B00390CD
:10F16000029101920398029901F4407100EB911011
:10F170003030009000980068029901F01F021F21B2
:10F18000914088430199C1F38461914008430099FB
:10F19000086004B07047000084B0039002910192AF
:10F1A0000398029901F0007100EBD15014300090E7
:10F1B000009800680299C1F30452072191408843E6
:10F1C0000199914008430099086004B0704700001D
:10F1D00083B00290019100920298D0F8B00001999A
:10F1E0006FF31F518843009A02F018034FF6FF7225
:10F1F000C0F20F02DA40114008440299C1F8B00091
:10F2000003B0704782B0019000910198806820F4AB
:10F210007C10009908430199886002B07047000093
:10F2200082B0019000910198806820F0E070009910
:10F2300008430199886002B07047000085B00490CF
:10F240000391029201930498039900EB81006030CE
:10F250000090009800684FF20001C0F2FF310140B9
:10F26000029800F0F840019A1043084340F0004033
:10F270000099086005B0704784B003900291019234
:10F280000398029900EB81006030009000980068BC
:10F2900020F00070019908430099086004B070479D
:10F2A00084B00390029101920398029900EB8100CF
:10F2B000603000900098006820F080700199084349
:10F2C0000099086004B0704784B0039002910192E5
:10F2D0000398029900EB810060300090009800686C
:10F2E00020F00040019908430099086004B070477D
:10F2F00082B0019000910198406920F0004000998F
:10F3000008430199486102B07047000080B586B09B
:10F31000ADF8160000208DF81500049003900290BF
:10F32000019040F24A70C2F20000007808B9FFE78D
:10F3300021E140F24A71C2F200010020087040F25F
:10F340004C30C2F200000DF1150103F057FD08B179
:10F35000FFE710E19DF81500C00738B9FFE79DF8F9
:10F3600015004008C00708B9FFE704E140F24C303F
:10F37000C2F2000001A903F033FE08B1FFE7FAE092
:10F380009DF81500C007002800F0DE80FFE7029816
:10F3900040F23471C2F200010860019840F66061E9
:10F3A000C2F20001086040F66E50C2F20000007820
:10F3B00000284BD1FFE740F23C61C2F2000100207F
:10F3C000086040F2D161C2F200010870F6F792F9CC
:10F3D00040F20C71C2F200010968401AB0F57A7F60
:10F3E00033D3FFE740F66060C2F2000090ED001AF0
:10F3F00040F66460C2F2000090ED000A30EE010AAF
:10F4000080ED000A40F66C50C2F200000188013124
:10F4100001800088282817D3FFE740F66460C2F215
:10F42000000090ED000A9FED581A80EE010A40F2AC
:10F430000040C2F2000080ED000A40F66E51C2F2B8
:10F44000000101200870FFE7FFE77CE040F2D9608F
:10F45000C2F20000007858B3FFE740F2D860C2F271
:10F460000000007820B3FFE7F6F744F940F2D461DA
:10F47000C2F200010968401A40F6B831884217D339
:10F48000FFE740F66060C2F2000090ED000A40F233
:10F490000040C2F2000090ED001A30EE410A9FEDEC
:10F4A000372A20EE020A30EE010A80ED000AFFE75B
:10F4B00040F20040C2F2000090ED000AB5EE400AB2
:10F4C000F1EE10FA2BDDFFE740F66060C2F20000BB
:10F4D00090ED000AB5EE400AF1EE10FA1FDDFFE7ED
:10F4E00040F66060C2F2000090ED000A40F2004079
:10F4F000C2F2000090ED001A80EE010ADFED200A52
:10F5000006F040F9B0EE401AB7EE000A30EE410ABC
:10F510009FED1C1A20EE010A8DED000A02E000208A
:10F520000090FFE79DED000A03F058F840F23C60C0
:10F53000C2F2000080ED000A40F2D161C2F2000187
:10F5400001200870FFE7FFE79DF815004008C0079D
:10F5500070B1FFE7BDF8100040F23871C2F200014F
:10F560000880039840F6E861C2F200010860FFE7F6
:10F5700002F00AFDFFE706B080BD00BF3D7FDA3A2A
:10F58000B1DC423E002A2D470000204280B588B001
:10F59000002002908DF81D008DF81C00ADF81A00B7
:10F5A0008DF81800ADF816008DF815008DF81400D0
:10F5B0008DF8130004F0BCF940F24C30C2F20000A8
:10F5C0000DF11D0103F074FD03909DF81D0040F640
:10F5D000F061C2F200010870039840B9FFE740F6FD
:10F5E000F060C2F200000078B42805D0FFE74FF6C3
:10F5F000FF70ADF81E00F0E040F24C30C2F20000A7
:10F60000012103F069FD0390039828B1FFE74FF64D
:10F61000FF70ADF81E00E0E040F24C30C2F2000096
:10F62000022103F059FD0390039828B1FFE74FF63C
:10F63000FF70ADF81E00D0E040F24C30C2F2000086
:10F64000002103F049FD0390039828B1FFE74FF62E
:10F65000FF70ADF81E00C0E000208DF81A008DF894
:10F660001B008DF81C0040F24C30C2F200000DF17E
:10F670001A0103F047FC0390039828B1FFE74FF607
:10F68000FF70ADF81E00A8E003208DF816000220E0
:10F690008DF8170001208DF8180040F24C30C2F2AE
:10F6A00000000DF1160103F0C1FE0390039828B18C
:10F6B000FFE74FF6FF70ADF81E008EE040F24C30D1
:10F6C000C2F200000DF1150103F00AFF0390039848
:10F6D00028B1FFE74FF6FF70ADF81E007DE09DF802
:10F6E000150040F001008DF8150040F24C30C2F2D8
:10F6F00000000DF1150103F04FFF0390039828B1AE
:10F70000FFE74FF6FF70ADF81E0066E040F24C30A8
:10F71000C2F2000005A903F0C7FD0390039828B1C9
:10F72000FFE74FF6FF70ADF81E0056E09DF814009D
:10F7300040F002008DF814009DF8140000F0FB006A
:10F740008DF8140040F24C30C2F2000005A903F01D
:10F75000FDFD0390039828B1FFE74FF6FF70ADF869
:10F760001E003AE040F24C30C2F200000DF11301ED
:10F7700003F082FF0390039828B1FFE74FF6FF7074
:10F78000ADF81E0029E09DF8130040F001008DF84F
:10F79000130040F24C30C2F200000DF1130103F0EF
:10F7A000ADFF0390039828B1FFE74FF6FF70ADF867
:10F7B0001E0012E040F24A71C2F2000100200190E6
:10F7C0000870F5F797FF0146019840F20C72C2F2FB
:10F7D00000021160ADF81E00FFE7BDF91E0008B081
:10F7E00080BD000080B58AB0002100910991089188
:10F7F00007910691059104910391029140F2847062
:10F80000C2F20000019048F20002C4F2022202603B
:10F810004FF4002242608160C160016104224261B4
:10F82000017641760122C26180F820108162C162B6
:10F8300080F834100163816380F83C10F3F722FEF6
:10F8400018B1FFE7F3F7C0F8FFE70220C0F230403D
:10F85000029006200390002004907F21059104214E
:10F860000691079040F28470C2F2000002A9F3F7FB
:10F87000E9F918B1FFE7F3F7A7F8FFE70AB080BD91
:10F8800080B58AB0002100910991089107910691F5
:10F89000059104910391029140F2EC70C2F20000D4
:10F8A000019048F20012C4F2022202604FF40022DA
:10F8B00042608160C160016104224261017641764B
:10F8C0000122C26180F820108162C16280F8341088
:10F8D0000163816380F83C10F3F7D4FD18B1FFE7B2
:10F8E000F3F772F8FFE748F20000C3F6F060029009
:10F8F00006200390002004907F21059104210691A9
:10F90000079040F2EC70C2F2000002A9F3F79AF9F6
:10F9100018B1FFE7F3F758F8FFE70AB080BD000021
:10F9200080B540F6CC00C2F2000043F20001C4F200
:10F930000201016000210171417141618161012178
:10F940000162F4F725F818B1FFE7F3F73DF8FFE798
:10F9500080BD000080B582B040F6F000C2F2000029
:10F9600001904AF20041C4F20001016000214160AF
:10F970004FF440728260C160017441748174052348
:10F980004361062282614FF00E0CC0F81CC0036276
:10F990000123436282621223C36202630A2242632A
:10F9A0008163C163F5F7E0F918B1FFE7F3F70CF8ED
:10F9B000FFE702B080BD000080B582B040F6541071
:10F9C000C2F2000000904AF60001C4F2000101609A
:10F9D0000021019141608160C160017441748174B2
:10F9E0001022426101228261C2610262426282622D
:10F9F000C262026341638163C163F5F7B5F918B16F
:10FA0000FFE7F2F7E1FFFFE702B080BD80B582B00B
:10FA1000FFE740F68840C4F20240016841F001016E
:10FA20000160006800F0010001900198FFE71D20CF
:10FA3000009000221146F5F765FF0098F5F758FF92
:10FA400002B080BD80B59CB000201B901A90199028
:10FA500018901790FFE740F68C40C4F2024001680E
:10FA600041F010010160006800F010001690169837
:10FA7000FFE7FFE740F68C40C4F20240016841F026
:10FA800004010160006800F0040015901598FFE77C
:10FA9000FFE740F68C40C4F20240016841F080016B
:10FAA0000160006800F0800014901498FFE7FFE701
:10FAB00040F68C40C4F20240016841F0010101604F
:10FAC000006800F0010013901398FFE7FFE740F68D
:10FAD0008C40C4F20240016841F0020101600068FC
:10FAE00000F0020012901298FFE7FFE740F68C400A
:10FAF000C4F20240016841F008010160006800F0B2
:10FB0000080011901198FFE741F20000C4F20220B2
:10FB100002904CF20801019100220F92F5F7D4FDFA
:10FB20000F9A40F60000C4F202200A90302103919F
:10FB3000F5F7CAFD0F9A40F20040C4F20220069089
:10FB400095210491F5F7C0FD06984FF48051059179
:10FB500001220B92F5F7B8FD0F9A40F60040C4F26F
:10FB6000022008904FF400410791F5F7ADFD0F9A80
:10FB70000020C4F202200C904FF480710991F5F737
:10FB8000A3FD07990B9A0C98F5F79EFD019B02982F
:10FB90000B9A0F991793189219911A9117A90D9111
:10FBA000F5F704FC02980D990F9A10231793002380
:10FBB000C1F2210318931992F5F7F8FBDDF80CC098
:10FBC0000A980B9B0D990F9ACDF85CC01893199267
:10FBD0001A92F5F7EBFBDDF810C006980B9B0D9918
:10FBE0000F9ACDF85CC0189319921A92F5F7DEFBC4
:10FBF000DDF814C006980B9B0D990F9ACDF85CC0E8
:10FC00001893199202220E921A92F5F7CFFBDDF8A3
:10FC10001CC008980B9B0D990F9ACDF85CC01893E7
:10FC200019921A92F5F7C2FB099B0A980D990F9A3F
:10FC3000179318921992F5F7B9FB0B9B0C980D9935
:10FC40000F9A4FF4014CCDF85CC0189319921A9298
:10FC5000F5F7ACFB0E990F9A0F201090F5F752FEB6
:10FC60001098F5F745FE1CB080BD000080B500205F
:10FC7000F5F746FD18B1FFE7F2F7A6FEFFE7F5F747
:10FC80005FFD18B1FFE7F2F79FFEFFE780BD0000C0
:10FC900080B582B040F6B810C2F20000009043F286
:10FCA0000001C4F2010101604FF4800141600021B4
:10FCB000019181600722C2604FF0007303614FF031
:10FCC000807343614FF0806383614FF04053C361A1
:10FCD000016241628162C26241638163C163816486
:10FCE000C164016541658165C1650166FBF746FD3B
:10FCF00018B1FFE7F2F768FEFFE702B080BD000031
:10FD000080B582B040F64820C2F20000009043F671
:10FD10000001C4F2000101604FF480014160002144
:10FD2000019181600722C2604FF0007303614FF0C0
:10FD3000807343614FF0806383614FF04053C36130
:10FD4000016241628162C26241638163C163816415
:10FD5000C164016541658165C1650166FBF70EFD02
:10FD600018B1FFE7F2F730FEFFE702B080BD0000F8
:10FD700080B582B040F6D820C2F20000009043F671
:10FD80000041C4F2000101604FF480014160002194
:10FD9000019181600722C2604FF0007303614FF050
:10FDA000807343614FF0806383614FF04053C361C0
:10FDB000016241628162C26241638163C1638164A5
:10FDC000C164016541658165C1650166FBF7D6FCCB
:10FDD00018B1FFE7F2F7F8FDFFE702B080BD0000C1
:10FDE00080B582B040F66830C2F20000009044F660
:10FDF0000041C4F2010101604FF480014160002123
:10FE0000019181600722C2604FF0007303614FF0DF
:10FE1000807343614FF0806383614FF04053C3614F
:10FE2000016241628162C26241638163C163816434
:10FE3000C164016541658165C1650166FBF79EFC92
:10FE400018B1FFE7F2F7C0FDFFE702B080BD000088
:10FE500080B584B0002103910291019140F6F83001
:10FE6000C2F2000041F20042C4F200020260F92234
:10FE70004260816040F2E732C2608161FDF784FA3E
:10FE800018B1FFE7F2F7A0FDFFE700200190039013
:10FE900040F6F830C2F2000001A9FDF767F918B189
:10FEA000FFE7F2F791FDFFE704B080BD80B582B0B7
:10FEB00040F64440C2F20000009043F60001C4F254
:10FEC000010101604FF461314160002101918160C5
:10FED000C16001610C2242618161C16101624162C4
:10FEE0008162FEF7C1F818B1FFE7F2F76DFDFFE799
:10FEF00040F64440C2F200000021FDF7C1FD18B1F8
:10FF0000FFE7F2F761FDFFE740F64440C2F2000070
:10FF10000021FDF76FFD18B1FFE7F2F755FDFFE790
:10FF200040F64440C2F20000FDF71CFD18B1FFE7A7
:10FF3000F2F74AFDFFE702B080BD000080B582B055
:10FF400040F6D840C2F20000009046F20041C4F2F0
:10FF5000000101604FF41651416000210191816060
:10FF6000C16001610C2242618161C1610162416233
:10FF70008162FEF779F818B1FFE7F2F725FDFFE798
:10FF800040F6D840C2F200000021FDF779FD18B11B
:10FF9000FFE7F2F719FDFFE740F6D840C2F2000094
:10FFA0000021FDF727FD18B1FFE7F2F70DFDFFE790
:10FFB00040F6D840C2F20000FDF7D4FC18B1FFE7CC
:10FFC000F2F702FDFFE702B080BD0000FFE7FEE7A9
:10FFD000FFE7FEE788B0079006910592079800F0CA
:10FFE000070004900498C0F10700052803D3FFE739
:10FFF0000420019004E00498C0F107000190FFE79D
:020000040801F1
:100000000198039004980430062803D8FFE70020E5
:10001000009003E0049803380090FFE700980290F6
:1000200006980399012202FA01F101390840029B66
:10003000984005999A40013A1140084308B070472A
:1000400087B08DED060ACDED050A8DED041ACDEDD4
:10005000031A9DED050A9DED031A30EE010A8DEDA0
:10006000020A9DED030A9DED021A80EE010A8DED54
:10007000010A9DED050A9DED021A80EE010A8DED43
:10008000000A9DED010A9DED062A9DED001A9DEDE9
:10009000043A21EE031A20EE020A30EE010A07B0FC
:1000A000704700007047000080B5C4B002A80190FE
:1000B0004FF48471F0F732F9019804210391002183
:1000C000C4F2200102910321049102210591102222
:1000D00006920791089109910C210A9100210B9138
:1000E0000C914FF400310D914FF4007131913D911D
:1000F000F8F7C8FD18B1FFE7F2F766FCFFE744B078
:1001000080BD000080B58EB002A801902C21F0F7D0
:1001100005F9019940F6F000C2F20000F4F750FB37
:1001200020B1FFE76FF005000D904BE040F6146042
:10013000C2F20000007830B9FFE7079818B9FFE76E
:1001400000200D903EE040F61461C2F20001002054
:10015000087040F6F000C2F20000F5F751F850B117
:10016000FFE740F61461C2F20001012008706FF051
:1001700005000D9026E040F6F000C2F20000F5F711
:1001800019F850B1FFE740F61461C2F200010120F6
:1001900008706FF005000D9014E040F6F000C2F218
:1001A000000004F0ADF950B1FFE740F61461C2F26F
:1001B0000001012008706FF005000D9002E00020A2
:1001C0000D90FFE70D980EB080BD000080B58AB09D
:1001D00000200490099008900790069005900690E2
:1001E00002210091079108904FF40050059040F6CD
:1001F0000000C4F20220019005A90391F5F7D6F89A
:10020000009A019803990592F5F7D0F80399012017
:1002100005900020C4F202200290F5F7C7F802987A
:10022000039904220592F5F7C1F804980AB080BD3D
:1002300080B584B0029000208DF80700029820B9A4
:10024000FFE76FF00100039049E040F60000C4F2C0
:1002500002204FF40051F5F71FFA012807D1FFE7FC
:100260009DF8070040F001008DF80700FFE740F619
:100270000000C4F202200221F5F70EFA012807D18E
:10028000FFE79DF8070040F002008DF80700FFE748
:100290000020C4F202200121F5F7FEF9012807D160
:1002A000FFE79DF8070040F004008DF80700FFE726
:1002B0000020C4F202200421F5F7EEF9012807D14D
:1002C000FFE79DF8070040F008008DF80700FFE702
:1002D0009DF807000299087000200390FFE703983B
:1002E00004B080BD80B584B0029040F60041C4F2F5
:1002F0000241086820F080600860F5F7FBF9019082
:10030000FFE740F60040C4F20240006800F00061E0
:100310000020B0EBD16F0CD0FFE7F5F7EBF90199B6
:10032000401A032804D3FFE703208DF80F008BE069
:10033000E7E7FFE740F62C41C4F20241086843F6C4
:1003400003729043029B1A685B6842EA03221043DF
:10035000086002998868D1F80CC00B694A690138B5
:100360006FF35F204FF60061CFF6FF7101EB4C2178
:1003700089B208440021CFF6FF7101EB034101F47B
:10038000FE0108444FF07F4101EB026101F0FE41A4
:10039000084440F63C41C4F202410860FFE740F6E1
:1003A0002C41C4F202410091086820F00C00029A2E
:1003B000926910430860086820F02000029AD26910
:1003C000104308600298426A086810430860086891
:1003D00020F01000086040F64042C4F2024210686B
:1003E0004FF6F8739843029B1B6A40EAC300106003
:1003F000086840F01000086040F60041C4F2024175
:10040000086840F080600860F5F774F90190FFE734
:1004100040F60040C4F20240006800F00061002095
:10042000B0EBD16F0CD1FFE7F5F764F90199401AF1
:10043000032804D3FFE703208DF80F0004E0E7E76B
:1004400000208DF80F00FFE79DF80F0004B080BD7D
:1004500080B584B0029040F60041C4F202410868C1
:1004600020F080500860F5F745F90190FFE740F66D
:100470000040C4F20240006800F000510020B0EBE0
:10048000517F0CD0FFE7F5F735F90199401A0328A1
:1004900004D3FFE703208DF80F008BE0E7E7FFE7C9
:1004A00040F63041C4F20241086843F603729043BB
:1004B000029B1A685B6842EA0322104308600299B3
:1004C0008868D1F80CC00B694A6901386FF35F2066
:1004D0004FF60061CFF6FF7101EB4C2189B2084461
:1004E0000021CFF6FF7101EB034101F4FE01084446
:1004F0004FF07F4101EB026101F0FE41084440F6FC
:100500004441C4F202410860FFE740F63041C4F2C2
:1005100002410091086820F00C00029A9269104391
:100520000860086820F02000029AD2691043086031
:100530000298426A086810430860086820F01000BA
:10054000086040F64842C4F2024210684FF6F87361
:100550009843029B1B6A40EAC3001060086840F0A1
:100560001000086040F60041C4F20241086840F003
:1005700080500860F5F7BEF80190FFE740F60040B4
:10058000C4F20240006800F000510020B0EB517F3F
:100590000CD1FFE7F5F7AEF80199401A032804D310
:1005A000FFE703208DF80F0004E0E7E700208DF857
:1005B0000F00FFE79DF80F0004B080BD80B588B044
:1005C00007908DED060A8DF817109DF8171040F270
:1005D0004870C2F20000405C08B1FFE777E19DED92
:1005E000060A9FEDBC1A20EE010A8DED040A9DED6E
:1005F000040AB7EE001AB4EE410AF1EE10FA04DD77
:10060000FFE74FF07E500490FFE700200390029038
:10061000FFE7029802285BDCFFE79DF8171040F225
:100620004C50C2F20000405C88B9FFE70798029A7C
:1006300050F822009DF8171001EB410340F21451CD
:10064000C2F2000101EB830141F82200FFE79DEDBA
:10065000040A0798029A00EB820090ED002A9DF8A8
:10066000170000EB400140F21450C2F2000000EB12
:10067000810101EB820191ED001A32EE412A20EE58
:10068000020A30EE010A81ED000A079A029902EB94
:10069000810292ED000A9DF8172002EB420200EB66
:1006A000820000EB810090ED001A30EE410A8DEDE2
:1006B000010A9DED010A9DED031A20EE000A30EEBD
:1006C000010A8DED030AFFE7029801300290A0E7CE
:1006D0009DF8172040F24C51C2F2000101208854CD
:1006E0009DED030A05F048FC8DED000A9DED000A22
:1006F000B6EE001AB4EE410AF1EE10FA2ADDFFE779
:100700009DF8172040F24451C2F20001002041F848
:1007100022009DF8172040F24E51C2F2000121F84C
:1007200012009DF8171001EB410240F22C51C2F269
:10073000000101EB820290609DF8172002EB42025B
:1007400001EB820250609DF8172002EB420241F853
:10075000220014E09DED060A9DF8171040F2445067
:10076000C2F2000000EB810090ED001A9FED5A2AC2
:1007700020EE020A30EE010A80ED000AFFE79DF844
:10078000171040F24450C2F2000000EB810090EDDF
:10079000000A9FED521AB4EE410AF1EE10FAC0F2CF
:1007A0009680FFE7079890ED001A9DF8170000EB80
:1007B000400140F22C50C2F2000000EB810191EDAB
:1007C000000A30EE010A81ED000A079991ED011A45
:1007D0009DF8171001EB410100EB810191ED010A39
:1007E00030EE010A81ED010A079991ED021A9DF898
:1007F000171001EB410100EB810090ED020A30EE91
:10080000010A80ED020A9DF8172040F24E50C2F214
:10081000000030F81210013120F812109DF8171066
:1008200030F81100642851DBFFE79DF8170000EB5A
:10083000400140F22C5CC2F2000C0CEB810292ED04
:10084000000A40F24E52C2F2000232F8100001EEED
:10085000100AB8EEC11A80EE010A40F26C70C2F2C2
:10086000000000EB810181ED000A9DF8173003EBD9
:1008700043010CEB810E9EED010A32F8133001EEBC
:10088000103AB8EEC11A80EE010A00EB810181ED49
:10089000010A9DF8173003EB43010CEB810C9CED32
:1008A000020A32F8132001EE102AB8EEC11A80EEC7
:1008B000010A00EB810080ED020A9DF8172040F24A
:1008C0004871C2F2000101208854FFE7FFE708B039
:1008D00080BD00BFDA0F494100007A440000484360
:1008E00082B0019001980068406900900198016809
:1008F000886940F00800886101980168886940F0C3
:100900001000886101980168086820F00100086003
:1009100001980168086940F26F32904308610198BC
:100920000168886820F440408860019890F8890048
:10093000042815D0FFE79DF80000800600280ED59A
:10094000FFE70199D1F88C0040F08000C1F88C00DD
:1009500001980168886940F020008861FFE7FFE79F
:10096000019890F88900032815D0FFE79DF8000052
:10097000400600280ED5FFE70199D1F88C0040F021
:100980000400C1F88C0001980168886940F04000BB
:100990008861FFE7FFE79DF80100800700280ED57A
:1009A000FFE70199D1F88C0040F00100C1F88C00FC
:1009B00001980168886940F400708861FFE79DF83C
:1009C0000100C00770B1FFE70199D1F88C0040F039
:1009D0000800C1F88C0001980168886940F48070B3
:1009E0008861FFE701990020A1F86A000199A1F848
:1009F000720002B07047000083B002900298C16B91
:100A0000012000EB511001900298C0680130009065
:100A100000980730C00800900098019900FB01F091
:100A200003B0704780B586B0DDF820C00490039114
:100A30008DF80B200193FFE7049800684069039943
:100A40000840401AB0FA80F040099DF80B10884227
:100A500014D1FFE7F4F74EFE0899401A0199884235
:100A600004D3FFE70198013018B9FFE7019820B9D6
:100A7000FFE703208DF8170004E0DDE700208DF884
:100A80001700FFE79DF8170006B080BD7047000013
:100A900010B588B0DDF828C006900591ADF8122099
:100AA0008DF81130069848B1FFE7BDF8120028B163
:100AB000FFE79DF81100202804D3FFE700208DF800
:100AC0001F0030E004F0DCF90390039820B9FFE741
:100AD00000208DF81F0026E003980699059ABDF8BE
:100AE00012309DF811C0EE460224CEF80440CEF834
:100AF00000C004F0F7F9039804F058F9012807D072
:100B0000FFE70399002081F821008DF81F000AE01B
:100B10000A9820B1FFE703980A990860FFE70120CF
:100B20008DF81F00FFE79DF81F0008B010BD000002
:100B300080B584B000F0AAF840F28040C2F2000014
:100B4000694608604EF61510C0F6000046F2F53111
:100B5000C0F601010A220323FFF79AFF40F2525028
:100B6000C2F20000007898B1FFE740F27C40C2F288
:100B70000000694608604EF28D70C0F6000046F233
:100B8000EC31C0F601010A220323FFF781FFFFE7E2
:100B900040F28440C2F20000694608604EF6C95037
:100BA000C0F6000046F20741C0F601010A22039296
:100BB0000423FFF76DFF40F23440C2F200006946A3
:100BC00008604FF20D30C0F6000046F22341C0F637
:100BD0000101012201920523FFF75AFF019A40F219
:100BE0005040C2F200006946086040F28D50C0F6E5
:100BF000000046F20141C0F6010115230293FFF700
:100C000047FF019A029B40F2C450C2F200006946BD
:100C1000086040F6DD00C0F6000046F21141C0F663
:100C20000101FFF735FF029B40F20C50C2F20000B9
:100C30006946086040F2C560C0F6000046F2FD312A
:100C4000C0F601014FF47A72FFF722FF039A40F2D7
:100C50001050C2F200006946086040F61100C0F66C
:100C6000000046F22D41C0F601011623FFF710FFE8
:100C7000012808D0FFE740F68861C2F20001886AC7
:100C800001308862FFE704B080BD000080B582B00B
:100C900040F66861C2F20001002008608DF807008C
:100CA000FFE79DF80700132826D8FFE79DF8070007
:100CB00000EB400140F6F860C2F20000009000EB4B
:100CC00001103021EFF72AFB00999DF8070000EB97
:100CD000400001EB0012002082F821009DF807205F
:100CE00002EB420201EB02114862FFE79DF80700A8
:100CF00001308DF80700D4E702B080BD80B586B022
:100D000040F66860C2F2000000680590F1F794FFB9
:100D10000490FFE70598002845D0FFE7049805995F
:100D20008969401A039003980599898A884236D3C5
:100D3000FFE7049805990022CA6188610598006858
:100D400060B3FFE74EF21800CEF20000009000689A
:100D5000029005980168808A884700980068019091
:100D600001980299884208D3FFE702984DF290015A
:100D7000C0F2030108440290FFE702980199401A6B
:100D800000EE100AB8EE400A9FED081A20EE010AA4
:100D90000598BCEEC00A80ED0A0AFFE7FFE7059858
:100DA000406A0590B6E706B080BD00BF6F12833B76
:100DB00080B5F4F7CFFC80BD80B58CB0FF208DF8F6
:100DC0002A0000200990EFF79DFC58B1FFE740F69C
:100DD0008861C2F20001486A013048624FF0FF307A
:100DE0000B9028E140F25441C2F20001049100202E
:100DF0000390C1F8030008600121069107220592C3
:100E000004F0BAF8039B049A059984460698C2F840
:100E100000C0137150719171F1F730FD40B1FFE7DF
:100E200040F68861C2F20001C86A0130C862FFE77B
:100E30000120F1F715FD40B1FFE740F68861C2F2ED
:100E40000001C86A0130C862FFE70120F1F724FD04
:100E500040B1FFE740F68861C2F20001C86A013084
:100E6000C862FFE76420F3F751FA00208DF81F00F5
:100E7000FDF76CFCFEF73EF88DF81F009DF91F0092
:100E800068B9FFE740F25251C2F200010020087039
:100E900040F6E061C2F200010120087019E09DF9FE
:100EA0001F0001280CD1FFE740F25251C2F20001AD
:100EB0000120087040F6E061C2F20001087007E00E
:100EC00040F68861C2F20001886801308860FFE75F
:100ED000FFE7FEF75BFB40B1FFE740F68861C2F237
:100EE0000001C8680130C86006E040F6E061C2F267
:100EF000000101204870FFE740F60000C4F2022024
:100F0000202101220292F4F7DFFB029A40F2004016
:100F1000C4F202201146F4F7D7FB01F085FA40B184
:100F2000FFE740F68861C2F20001086901300861FC
:100F300006E040F6E061C2F2000101208870FFE7A0
:100F4000EFF7F6FA40B1FFE740F68861C2F2000120
:100F5000486801304860FFE7EFF750FC58B1FFE701
:100F600040F68861C2F20001486A013048624FF0E1
:100F7000FF300B905FE0FFF7DBFD40F6B830F3F792
:100F8000C5F940F6F830C2F20000FCF779FA6420A7
:100F9000EFF7A0FA40B1FFE740F68861C2F2000126
:100FA000886C01308864FFE7F4F7A4FB0890FFE742
:100FB00040F6E060C2F2000041790020019059B98A
:100FC000FFE7F4F797FB0899411A0020B1F57A7F03
:100FD00038BF01200190FFE70198C00720B1FFE76B
:100FE0000120F3F793F9E3E740F6E060C2F2000076
:100FF0004079B8B1FFE70220F3F788F900F0E2FF8B
:1010000040F26850C2F200000078EFF741FC40B1B6
:10101000FFE740F68861C2F20001486B0130486387
:10102000FFE7FFE740F6E061C2F2000101208871AE
:1010300000200B90FFE70B980CB080BD80B59CB0F2
:1010400008A85021EFF76AF9002007900690059054
:10105000049003900290FFE740F61000C4F20240B3
:10106000016841F030010160006800F0300001903B
:101070000198FFE7FFE740F61400C4F20240006861
:1010800000F00800082801D0FFE7F4E701200890ED
:101090004FF4803009900220129003211391149094
:1010A0002821159116900421179118900C20199061
:1010B00000201A901B9008A8F9F762FE18B1FFE70C
:1010C000F1F782FCFFE71F2002900320039000202D
:1010D000049005900690079002A80521F9F74AFAB6
:1010E00018B1FFE7F1F770FCFFE742F20001C4F22C
:1010F00002010868022262F3051008601CB080BD7E
:1011000082B04EF68851CEF20001086840F47000BB
:10111000086040F60042C4F202420120106040F62E
:101120001C41C4F2024100200090086040F62041BA
:10113000C4F20241086011684EF6E323CEF6E223C2
:101140001940116040F62841C4F20241086040F69F
:101150002C41C4F20241086040F63041C4F2024121
:10116000086040F63443C4F2024340F28021C0F2EA
:101170000111196040F63843C4F20243186040F68A
:101180003C43C4F20243196040F64043C4F20243B8
:10119000186040F64443C4F20243196040F64841E7
:1011A000C4F202410860116821F48021116040F608
:1011B0005041C4F2024108604EF60851CEF20001DF
:1011C0004FF00060086042F21800C4F202000068AC
:1011D00000F0604001900198B0F1604F05D0FFE74A
:1011E0000198B0F1404F24D1FFE742F21C00C4F255
:1011F00002000068C00778B1FFE742F20C01C4F2B8
:10120000020142F63B20C0F61900086046F67F60F6
:10121000C4F65D400860FFE742F21C01C4F202011F
:10122000086840F002000860086840F001000860AB
:10123000FFE702B07047000080B540F6F830C2F218
:101240000000FCF7EBF980BD83B002900191029899
:1012500000680090029842F60041C4F20101884201
:1012600052D0FFE7029842F60041C5F201018842E0
:101270004AD0FFE70298B0F1804F45D0FFE70298CF
:10128000B0F1A04F40D0FFE7029840F20041C4F215
:101290000001884238D0FFE7029840F20041C5F2D1
:1012A0000001884230D0FFE7029840F60001C4F206
:1012B0000001884228D0FFE7029840F60001C5F2FD
:1012C0000001884220D0FFE7029840F60041C4F2B6
:1012D0000001884218D0FFE7029840F60041C5F2AD
:1012E0000001884210D0FFE7029843F20041C4F2A7
:1012F0000101884208D0FFE7029843F20041C5F29D
:10130000010188420AD1FFE7009820F070000090A8
:1013100001984168009808430090FFE7029842F660
:101320000041C4F20101884200F0BA80FFE7029850
:1013300042F60041C5F20101884200F0B180FFE7AA
:101340000298B0F1804F00F0AB80FFE70298B0F157
:10135000A04F00F0A580FFE7029840F20041C4F2E0
:101360000001884200F09C80FFE7029840F20041B3
:10137000C5F20001884200F09380FFE7029840F632
:101380000001C4F20001884200F08A80FFE7029861
:1013900040F60001C5F20001884200F08180FFE7BD
:1013A000029840F60041C4F20001884278D0FFE77D
:1013B000029840F60041C5F20001884270D0FFE774
:1013C000029843F20041C4F20101884268D0FFE76D
:1013D000029843F20041C5F20101884260D0FFE764
:1013E000029841F60001C4F20001884258D0FFE79C
:1013F000029841F60001C5F20001884250D0FFE793
:10140000029841F60041C4F20001884248D0FFE74B
:10141000029841F60041C5F20001884240D0FFE742
:10142000029842F20001C4F20001884238D0FFE77E
:10143000029842F20001C5F20001884230D0FFE775
:10144000029844F20001C4F20101884228D0FFE76B
:10145000029844F20001C5F20101884220D0FFE762
:10146000029844F20041C4F20101884218D0FFE71B
:10147000029844F20041C5F20101884210D0FFE712
:10148000029844F60001C4F20101884208D0FFE747
:10149000029844F60001C5F2010188420AD1FFE733
:1014A000009820F4407000900198C16800980843AB
:1014B0000090FFE7009820F08000019949690843F7
:1014C0000090009802990860019880680299C862AB
:1014D0000198006802998862029842F60041C4F2BD
:1014E0000101884248D0FFE7029842F60041C5F268
:1014F0000101884240D0FFE7029843F20041C4F264
:101500000101884238D0FFE7029843F20041C5F25A
:101510000101884230D0FFE7029844F20001C4F292
:101520000101884228D0FFE7029844F20001C5F289
:101530000101884220D0FFE7029844F20041C4F242
:101540000101884218D0FFE7029844F20041C5F239
:101550000101884210D0FFE7029844F60001C4F26E
:101560000101884208D0FFE7029844F60001C5F265
:101570000101884205D1FFE70198006902990863DB
:10158000FFE702990120486102980069C00730B165
:10159000FFE70299086920F001000861FFE703B046
:1015A0007047000082B001900198406E40B9FFE79B
:1015B00001990120A1F86A000199A1F8680034E0BE
:1015C00008208DF803008DF80200019800688068FB
:1015D000C0F342608DF80100019800688068400FF8
:1015E0008DF800009DF802009DF8002046F2B4330B
:1015F000C0F60103995C00FB01F046F2AC31C0F685
:1016000001018A5CB0FBF2F0019AA2F86A009DF831
:1016100003009DF801209B5C00FB03F0895CB0FB9C
:10162000F1F00199A1F86800FFE702B070470000EF
:1016300081B00090009890F82800000700280BD592
:10164000FFE700980068406820F40040009A1168A5
:10165000926B10434860FFE7009890F82800C0079D
:1016600058B1FFE700980068406820F40030009A05
:101670001168D26A10434860FFE7009890F828008C
:10168000800700280BD5FFE700980068406820F429
:101690008030009A1168126B10434860FFE7009891
:1016A00090F82800400700280BD5FFE70098006855
:1016B000406820F48020009A1168526B1043486003
:1016C000FFE7009890F82800C00600280BD5FFE738
:1016D00000980068806820F48050009A1168D26BEE
:1016E00010438860FFE7009890F8280080060028E3
:1016F0000BD5FFE700980068806820F40050009A3E
:101700001168126C10438860FFE7009890F8280079
:10171000400600281CD5FFE700980068406820F4C8
:101720008010009A1168526C104348600098406C19
:10173000B0F5801F0BD1FFE700980068406820F4E7
:10174000C000009A1168926C10434860FFE7FFE701
:10175000009890F82800000600280BD5FFE70098B5
:101760000068406820F40020009A1168D26C104391
:101770004860FFE701B0704780B588B006900699D1
:101780000020C1F89000F3F7B5FF059006980068B7
:101790000068000700282FD5FFE70698059B6A46DA
:1017A0006FF07E4111604FF40011002200F016FB33
:1017B00008B3FFE7FFE7FFE70698006850E8000F6F
:1017C00020F080000490FFE704990698026842E840
:1017D00000100028F0D1FFE7FFE706992020C1F8AC
:1017E0008800FFE70699002081F88400FFE70320C6
:1017F0008DF81F005FE0FFE706980068006840076B
:10180000002842D5FFE70698059B6A466FF07E41A7
:1018100011604FF48001002200F0E0FAA0B3FFE76E
:10182000FFE7FFE70698006850E8000F20F490708B
:101830000390FFE703990698026842E80010002829
:10184000F0D1FFE7FFE7FFE7FFE70698006850E801
:10185000020F20F001000290FFE70299069802684B
:1018600042E802100028F0D1FFE7FFE706992020A8
:10187000C1F88C00FFE70699002081F88400FFE79B
:1018800003208DF81F0016E0FFE706992020C1F81D
:1018900088000699C1F88C0006990020C866069950
:1018A0000867FFE70699002081F88400FFE7002021
:1018B0008DF81F00FFE79DF81F0008B080BD0000F5
:1018C00080B582B001900198C06D00900099002011
:1018D000A1F85E000098FCF721F902B080BD00007D
:1018E00084B00390FFE7FFE70398006850E8000F1B
:1018F00020F490700290FFE702990398026842E892
:1019000000100028F0D1FFE7FFE7FFE7FFE70398AB
:10191000006850E8020F4FF6FE71CEF6FF710840E6
:101920000190FFE701990398026842E8021000283D
:10193000EDD1FFE7FFE70398C06E012814D1FFE760
:10194000FFE7FFE70398006850E8000F20F0100061
:101950000090FFE700990398026842E80010002811
:10196000F0D1FFE7FFE7FFE703992020C1F88C00E3
:1019700003990020C8660399486704B070470000C7
:1019800080B582B00190FFE7FFE70198006850E85A
:10199000000F20F040000090FFE7009901980268D6
:1019A00042E800100028F0D1FFE7FFE7019920206E
:1019B000C1F888000199002088670198FCF738FD7C
:1019C00002B080BD80B58AB0099000208DF8130068
:1019D0000998006842F20041C4F20041884209D0EF
:1019E000FFE70998006842F20041C5F200418842D1
:1019F00001D1FFE700E0FFE7099988680B694A69B0
:101A0000C9691843104308430890099800680068A2
:101A100046F6F311CCF6FF7108400899084309997E
:101A20000968086009980068406820F44050099AE5
:101A30001168D26810434860099880690890099835
:101A4000006842F20041C4F2004188420FD0FFE733
:101A50000998006842F20041C5F20041884206D070
:101A6000FFE70998016A089808430890FFE709987A
:101A7000006880684FF2FF41C1F2FF1108400899E9
:101A8000084309990968886009980068C06A20F0CD
:101A90000F00099A1168526A1043C862FFE709985B
:101AA000006843F60001C4F20101884203D1FFE758
:101AB00001200690A3E00998006844F20041C4F2B6
:101AC0000001884203D1FFE70220069096E00998C2
:101AD000006844F60001C4F20001884203D1FFE728
:101AE0000420069089E00998006844F60041C4F299
:101AF0000001884203D1FFE7082006907CE00998A6
:101B0000006845F20001C4F20001884203D1FFE7FA
:101B1000102006906FE00998006846F20041C4F278
:101B20000001884203D1FFE72020069062E0099877
:101B3000006847F60001C4F20001884203D1FFE7C4
:101B40004020069055E00998006847F60041C4F22D
:101B50000001884203D1FFE78020069048E0099801
:101B6000006848F20001C4F20001884204D1FFE796
:101B70004FF4807006903AE00998006846F600013C
:101B8000C4F20001884204D1FFE74FF400700690D0
:101B90002CE00998006846F60041C4F20001884232
:101BA00004D1FFE74FF4806006901EE009980068BA
:101BB00048F20041C4F20001884204D1FFE74FF42B
:101BC0000060069010E00998006842F20041C4F2FB
:101BD0000041884204D1FFE74FF48050069002E0B4
:101BE00000200690FFE7FFE7FFE7FFE7FFE7FFE7DB
:101BF000FFE7FFE7FFE7FFE7FFE7FFE7FFE7FFE7B5
:101C00000998006842F20041C4F20041884209D0BC
:101C1000FFE70998006842F20041C5F2004188429E
:101C20005CD1FFE706980021F4F7B0FB0290029820
:101C3000002852D0FFE7029809994A6A46F2BC315F
:101C4000C0F6010131F81210B0FBF1F003900398D7
:101C50000999496801EB4101884207D3FFE70398DE
:101C600009994968B0EB013F04D9FFE701208DF8DD
:101C7000130031E0029809994A6800924A6A46F2D4
:101C8000BC31C0F6010131F812200023019319463E
:101C9000EEF7FAFA009A019B090241EA106100028C
:101CA00010EB520041F10001EEF7EEFA05900598B5
:101CB000B0F5407F0BD3FFE705990020B0EB115F33
:101CC00005D1FFE7059809990968C86003E001207C
:101CD0008DF81300FFE7FFE7FFE76FE00998C069A1
:101CE000B0F5004F3CD1FFE706980021F4F74EFB1A
:101CF0000290029898B3FFE70298099A5168536AD4
:101D000046F2BC32C0F6010232F81320B0FBF2F00A
:101D1000400000EB5100B0FBF1F005900598102851
:101D200018D3FFE7BDF81600A0B9FFE7059820F02B
:101D30000F00ADF81E00059800F00E01BDF81E0062
:101D400040EA5100ADF81E00BDF81E00099909686F
:101D5000C86003E001208DF81300FFE7FFE72CE0E7
:101D600006980021F4F712FB0290029820B3FFE7D7
:101D70000298099A5168536A46F2BC32C0F60102D1
:101D800032F81320B0FBF2F000EB5100B0FBF1F0A1
:101D90000590059810280AD3FFE7BDF8160030B962
:101DA000FFE7BDF8140009990968C86003E0012045
:101DB0008DF81300FFE7FFE7FFE7FFE70999012030
:101DC000A1F86A000999A1F86800099900204867FC
:101DD000099988679DF813000AB080BD80B586B068
:101DE000DDF820C0049003918DF80B200193FFE7EC
:101DF00004980068C06903990840401AB0FA80F05E
:101E000040099DF80B10884266D1FFE70898013021
:101E1000002860D0FFE7F3F76DFC0199401A08999C
:101E2000884203D8FFE7089820B9FFE703208DF820
:101E3000170055E00498006800684007002849D55D
:101E4000FFE70398802845D0FFE70398402841D05A
:101E5000FFE704980068C06900F008010120B0EBBA
:101E6000D10F16D1FFE7049801680820009008629E
:101E70000498FFF735FD00980499C1F89000FFE73A
:101E80000499002081F88400FFE701208DF81700F5
:101E900026E004980068C06900F400610120B0EBFE
:101EA000D12F16D1FFE7049801684FF40060086253
:101EB0000498FFF715FD04992020C1F89000FFE772
:101EC0000499002081F88400FFE703208DF81700B3
:101ED00006E0FFE7FFE78BE700208DF81700FFE73C
:101EE0009DF8170006B080BD80B540F64440C2F2B0
:101EF0000000FBF717FE80BD84B08DED030A029051
:101F000001919DED030A029890ED001A30EE410A0E
:101F10008DED000A9DED001A029890ED002A9FEDCC
:101F2000160A21EE001A31EE021A80ED001A01980D
:101F300090ED001A9DED002A22EE000A20EE020A22
:101F400030EE010A9FED0D1A20EE010A80ED000A25
:101F5000019890ED000A9FED0A1AB4EE410AF1EEE5
:101F600010FA07DAFFE7019941F26F20C3F68320E8
:101F70000860FFE704B07047CDCC4C3D3333733F6E
:101F80006F12833AFFE7FEE740F66060C2F200009E
:101F9000006840F25851C2F20001086040F23C6013
:101FA000C2F200000068486040F6E860C2F200003B
:101FB0000068886040F2D160C2F2000000780873C7
:101FC0007047000040F24060C2F20000007C40F226
:101FD0006851C2F2000108707047000080B584B0FB
:101FE00040F2C850C2F20000EFF794F8CDED031AAA
:101FF0008DED021ACDED010A8DED000A40F2C840C8
:10200000C2F20000C26840F22001C2F200010A6080
:1020100002694A6042698A600268CA6042680A616D
:102020008068486140F23C70C2F2000002688A6138
:102030004268CA61806808620098486201988862B4
:102040000298C8620398086304B080BD80B584B06C
:1020500040F27060C2F20000008840F26C51C2F29F
:1020600000010391088000F0C5FD0399887040F6D7
:10207000E060C2F20000C07850B1FFE700F096FDCA
:1020800000F004F940F26C51C2F20001C870FFE7A1
:1020900000F02EFD00F022F940F26C51C2F2000176
:1020A0000291087140F27060C2F200000190D0F815
:1020B00005208A60D0F80920CA60D0F80D200A6196
:1020C000D0F811204A61D0F815208A61D0F8192083
:1020D000CA61D0F81D200A62D0F821204A62D0F8E7
:1020E0002500886240F2A060C2F200000088888566
:1020F00000F092FD029981F82E0040F6E060C2F2F5
:102100000000007958B1FFE700F062FD00F0BEF872
:1021100040F26C51C2F2000181F82F00FFE700F09D
:1021200035FD00F0DBF840F26C51C2F2000181F89D
:10213000300040F2A060C2F20000D0F805204A63EF
:10214000D0F809208A63D0F80D20CA63D0F8112096
:102150000A64D0F815204A64D0F819208A64D0F8AF
:102160001D20CA64D0F821200A65D0F825004865F2
:1021700004B080BD80B584B08DF80B009DF80B00D5
:1021800080B1FFE79DF80B0001280BD0FFE740F678
:102190008861C2F20001886B013088636FF0010032
:1021A000039015E09DF80B006421EEF73DF90190D6
:1021B0000198B0F1FF3F08DCFFE740F68861C2F20A
:1021C0000001886B01308863FFE701980390FFE707
:1021D000039804B080BD000080B584B08DF80B007A
:1021E0008DF80A109DF80B0080B1FFE79DF80B00F9
:1021F00001280BD0FFE740F68861C2F20001086CAD
:10220000013008646FF0010003903CE09DF80A0083
:102210000146009140B1FFE70098012808D0FFE790
:102220000098022808D00BE000208DF8090012E089
:1022300001208DF809000EE002208DF809000AE067
:1022400040F68861C2F20001086C013008646FF04A
:102250000100039017E09DF80B009DF8091064221F
:10226000EEF7FCF801900198B0F1FF3F08DCFFE7C2
:1022700040F68861C2F20001086C01300864FFE793
:1022800001980390FFE7039804B080BD82B08DF8F9
:1022900006009DF8060001460091052815D8009912
:1022A000DFE801F0031307130B0F02208DF807007E
:1022B0000FE003208DF807000BE004208DF80700E5
:1022C00007E001208DF8070003E000208DF80700EB
:1022D000FFE79DF8070002B07047000082B0ADF83C
:1022E0000400BDF804000146009119280CD0FFE756
:1022F000009832280CD0FFE700984B280CD0FFE75D
:10230000009864280CD00FE001208DF807000FE042
:1023100002208DF807000BE003208DF8070007E08E
:1023200004208DF8070003E000208DF80700FFE788
:102330009DF8070002B0704780B584B08DF80B009F
:102340008DED010A9DF80B0080B1FFE79DF80B00B1
:1023500001280BD0FFE740F68861C2F20001486C0B
:10236000013048646FF00100039016E09DF80B0007
:102370009DED010AEEF790F800900098B0F1FF3F54
:1023800008DCFFE740F68861C2F20001486C0130CA
:102390004864FFE700980390FFE7039804B080BD0E
:1023A00080B584B0002102910846FFF715FF02981E
:1023B000FFF7E0FE029901200390FFF70DFF03985D
:1023C000FFF7D8FE3220F1F7A1FFFFE700209FEDD5
:1023D000070A8DED010AFFF7AFFF9DED010A01200D
:1023E000FFF7AAFF0A20F1F791FFEFE7CDCC4C3EB3
:1023F00080B582B002F0B0FE20B1FFE74FF0FF30B1
:1024000001900EE0A020002102F0EEFE20B1FFE7D7
:102410004FF0FF30019004E0002002F061FE0190D7
:10242000FFE7019802B080BD80B584B0FF208DF831
:102430000B0040F28830C2F20000D0F814C06946A8
:1024400000230B600DF10B010122E04720B1FFE7F3
:102450004FF0FF30039036E040F28830C2F20000C7
:10246000816A0120884702A800F030F820B1FFE718
:102470004FF0FF30039026E0BDF8090040BA01900C
:102480009DF80800EF2806D1FFE701984AF6216180
:10249000884204D0FFE74FF0FF30039013E00020A4
:1024A00002F01EFE20B1FFE74FF0FF3003900AE07C
:1024B000FFF79EFF20B1FFE74FF0FF30039002E0EF
:1024C00000200390FFE7039804B080BD80B584B07E
:1024D00002909F20ADF80600029820B9FFE74FF068
:1024E000FF30039016E040F28830C2F20000D0F8CE
:1024F00018C0029B6A46032111600DF106010222F9
:10250000E04720B1FFE74FF0FF30039002E00020EA
:102510000390FFE7039804B080BD000081B0ADF8E0
:102520000200BDF9020000280ED4FFE7BDF9021039
:1025300001F01F02012090404A094EF20011CEF234
:10254000000141F82200FFE701B070474EF60C5041
:10255000CEF200000068C0F30220704782B0ADF8F0
:1025600006000091BDF9060000280AD4FFE7009894
:102570000001BDF906104EF20042CEF2000288546E
:102580000BE000980001BDF8061001F00F014EF6B7
:102590001452CEF200028854FFE702B070470000E8
:1025A00083B00290029800F0070000904EF60C51A4
:1025B000CEF200010868019001984FF6FF0210402A
:1025C00001900198009A40EA02200022C0F2FA52DB
:1025D000104301900198086003B0704782B08DED00
:1025E000010A40F66C60C2F2000000900098407E44
:1025F000042813D8FFE7019800990A7E41F82200C9
:102600009DED011A009890ED050A30EE010A80ED6B
:10261000050A0099487E013048761AE00098017E4C
:1026200000EB810191ED001A90ED050A30EE410AB0
:1026300080ED050A019800990A7E41F822009DED7F
:10264000011A009890ED050A30EE010A80ED050AA6
:10265000FFE70099087E013008760098007E052883
:1026600004D3FFE7009900200876FFE7009890ED7B
:10267000050A407E01EE100AB8EE411A80EE010A0A
:1026800002B0704780B584B08DF80B008DF80A1049
:1026900001929DF80B0048B1FFE79DF80B0001285F
:1026A00004D0FFE76FF00100039037E09DF80B00C6
:1026B000012100F081FB9DF80B009DF80A1000F04D
:1026C0005FF848B1FFE79DF80B00002100F074FBB4
:1026D0004FF0FF30039021E0F3F70CF80090FFE794
:1026E0009DF80B0000F014FA012814D1FFE7F3F76E
:1026F00001F80099401A0199884204D3FFE7019834
:10270000013018B9FFE7019820B9FFE76FF0020028
:10271000039003E0E4E700200390FFE7039804B090
:1027200080BD000080B582B08DF803008DF80210E6
:102730009DF8030028B9FFE74FF44070ADF80000A2
:102740000EE09DF80300012805D1FFE740F20130BB
:10275000ADF8000003E06FF0010001900CE0FFE72E
:10276000BDF800009DF8022040F21471C2F2000191
:10277000EDF7E6FE0190FFE7019802B080BD000092
:1027800080B582B08DF803008DF802109DF803002B
:1027900028B9FFE74FF44470ADF800000EE09DF853
:1027A0000300012805D1FFE740F21130ADF8000029
:1027B00003E06FF0010001900CE0FFE7BDF80000BE
:1027C0009DF8022040F21471C2F20001EDF7B8FE4C
:1027D0000190FFE7019802B080BD000040F24C710B
:1027E000C2F200010020086040F25071C2F2000104
:1027F000086040F26E01C2F200010120087040F250
:102800006F01C2F2000108707047000080B58AB005
:102810000020089007900690F0F76AF858B1FFE79B
:1028200040F68861C2F20001C86A0130C8624FF008
:10283000FF30099077E001200090F3F783F8022041
:102840000190F3F77FF808200290F3F77BF820203F
:102850000390F3F777F80098019940F64003C4F22B
:1028600002431A6842F0FF021A6040F60003C4F205
:1028700002431A6842F080021A6000220592079211
:102880000891069006A80490F3F76CF80199049853
:102890000691F3F767F8029904980691F3F762F846
:1028A000039904980691F3F75DF80598EFF7F4FFA4
:1028B00040B1FFE740F68861C2F20001C86A01300A
:1028C000C862FFE70020EFF7D9FF40B1FFE740F60D
:1028D0008861C2F20001C86A0130C862FFE70020C7
:1028E000EFF7BEFF40B1FFE740F68861C2F200019A
:1028F000C86A0130C862FFE740F64001C4F20241F5
:10290000086840F0FF00086072B6F3F7B5F862B6E9
:1029100040F68861C2F20001086B013008634FF095
:10292000FF300990FFE709980AB080BD80B502F03A
:102930003BFB08B9FFE734E040F26370C2F20000ED
:10294000007840F26471C2F200010978884228D010
:10295000FFE740F26370C2F20000017840F2547069
:10296000C2F20000415C002002F034FB40B1FFE7FE
:1029700040F68861C2F20001486B0130486310E004
:1029800040F26371C2F200010878013041F2121284
:10299000C1F21112A0FB0232C2EB0212801A0870BF
:1029A000FFE780BD82B001900091019840B1FFE740
:1029B000009828B1FFE70098007801990870FFE7B8
:1029C00002B0704783B00190019800900F284AD858
:1029D0000099DFE801F0080C1014181C2024282CA2
:1029E0003034383C404400208DF80B003FE001209B
:1029F0008DF80B003BE002208DF80B0037E0032040
:102A00008DF80B0033E004208DF80B002FE005203B
:102A10008DF80B002BE006208DF80B0027E0072037
:102A20008DF80B0023E008208DF80B001FE00C2030
:102A30008DF80B001BE010208DF80B0017E0142020
:102A40008DF80B0013E018208DF80B000FE020200C
:102A50008DF80B000BE030208DF80B0007E04020D4
:102A60008DF80B0003E000208DF80B00FFE79DF8C8
:102A70000B0003B07047000080B582B00090009852
:102A800020B9FFE76FF00100019014E040F6E0602C
:102A9000C2F20000407918B9FFE7052001900AE072
:102AA000009840F67051C2F200013022EDF71DFC93
:102AB00000200190FFE7019802B080BD80B582B090
:102AC0000090009820B9FFE76FF0010001900BE043
:102AD000009840F67051C2F2000130313022EDF71B
:102AE00004FC00200190FFE7019802B080BD0000C7
:102AF00080B58CB040F67050C2F2000000F1300199
:102B000068463022EDF7F1FBBDF803000CB080BD44
:102B100082B08DF803009DF8030040B9FFE740F64E
:102B20007050C2F2000090F8A200019011E09DF8F0
:102B30000300012808D1FFE740F67050C2F2000000
:102B400090F8A300019004E0FFE76FF0010001900E
:102B5000FFE7019802B0704780B582B000900098FE
:102B600020B9FFE76FF0010001900BE0009840F6FC
:102B70007051C2F2000160313022EDF7B6FB002047
:102B80000190FFE7019802B080BD000080B58CB0D5
:102B900040F67050C2F2000000F160016846302239
:102BA000EDF7A3FBBDF803000CB080BD80B58CB081
:102BB00040F67050C2F2000000F130016846302249
:102BC000EDF793FB9DF8020000F00F000CB080BD04
:102BD00080B58CB040F67050C2F2000000F1600188
:102BE00068463022EDF781FB9DF8020000F00F00EF
:102BF0000CB080BD80B58CB040F67050C2F20000C1
:102C000000F1300168463022EDF76FFB9DF80200BD
:102C100000090CB080BD000080B58CB040F670504B
:102C2000C2F2000000F1600168463022EDF75DFB62
:102C30009DF8020000090CB080BD000080B582B094
:102C400040F27C00C2F20000006820B9FFE74FF0BC
:102C5000FF30019007E040F27C00C2F20000016802
:102C600088470190FFE7019802B080BD80B582B02F
:102C700040F27C00C2F20000406820B9FFE74FF04C
:102C8000FF30019007E040F27C00C2F20000416892
:102C900088470190FFE7019802B080BD83B08DF8AE
:102CA00007009DF8070001460091402800F254807B
:102CB0000099DFE801F02124272A2D3033363951DD
:102CC00051513C5151513F51515142515151455136
:102CD00051515151515148515151515151515151ED
:102CE0005151515151514B515151515151515151DA
:102CF0005151515151514E000020029030E00120BD
:102D000002902DE0022002902AE00320029027E0AA
:102D10000420029024E00520029021E00620029089
:102D20001EE0072002901BE00820029018E0092016
:102D3000029015E00A20029012E00B2002900FE0B2
:102D40000C2002900CE00D20029009E00E20029071
:102D500006E00F20029003E04FF0FF300290FFE703
:102D6000029803B07047000080B5FDF7CBF980BD35
:102D700080B584B0ADF80A0001918DF8032040F2CF
:102D80007C00C2F20000C06820B9FFE74FF0FF30BE
:102D900003900DE040F27C00C2F20000D0F80CC0BD
:102DA000BDF80A10019A9DF80330E0470390FFE751
:102DB000039804B080BD000081B08DF803008DF849
:102DC00002109DF8030048B9FFE79DF8020040F6A5
:102DD0007051C2F2000181F8A200FFE79DF80300E4
:102DE000012809D1FFE79DF8020040F67051C2F2B8
:102DF000000181F8A300FFE701B0704780B586B0FD
:102E000004900391049827210DF10902012300F099
:102E1000BFFC0190019848B9FFE7049824210DF107
:102E20000A02012300F0B4FC0190FFE7019848B9C1
:102E3000FFE7049826210DF10B02012300F0A8FC06
:102E40000190FFE7019818B1FFE70198059055E060
:102E50009DF8090000F001020399087800F0FE00D7
:102E6000104408709DF809200399087802F00202C6
:102E700000F0FD00104408709DF80A0000F0010207
:102E80000399087800F0FB0040EA820008709DF882
:102E90000A200399087802F0020200F0F70040EAE5
:102EA000820008709DF80A200399087802F0040255
:102EB00000F0EF0040EA820008709DF80B200399B3
:102EC000087802F0200200F0DF00104408709DF83E
:102ED0000B200399087802F0400200F0BF00104474
:102EE00008709DF80B200399087802F0800200F02A
:102EF0007F001044087001980590FFE7059806B020
:102F000080BD000080B584B00390029103980E212B
:102F10000DF10602012300F03BFC0090009868BB15
:102F2000FFE70298007800F002019DF8060000F02B
:102F3000BF0040EA41108DF80600029801789DF824
:102F4000060001F0040100F07F0040EA41108DF816
:102F500006000298007800F001019DF8060000F0DC
:102F6000DF0040EA41108DF8060003980E210DF1B4
:102F70000602012300F0BCFC0090FFE7009848B96E
:102F8000FFE7039819210DF10702012300F000FC6F
:102F90000090FFE7009800BBFFE70298407800F040
:102FA00001019DF8070000F0DF0040EA41108DF8B4
:102FB00007000298807800F003019DF8070000F0F8
:102FC000FC0008448DF80700039819210DF1070251
:102FD000012300F08DFC0090FFE7009804B080BD55
:102FE00080B586B004900391049828210DF1070262
:102FF000052300F0CDFB0090009818B1FFE7009882
:10300000059032E09DF809000399486003994A68E9
:103010009DF8080040EA0220486003994A689DF83C
:10302000070040EA022048600399486800024860AF
:103030000398406800F02EF8039880ED000A9DF890
:103040000B000399888103998A899DF80A0040EA58
:10305000022088810398B0F90C0000F009F8039869
:1030600080ED020A00980590FFE7059806B080BD44
:1030700081B0ADF80200BDF9020000EE100AB8EE12
:10308000C00A9FED031A80EE010A01B0704700BF2D
:103090000000C84281B000909DED000AB8EEC00A61
:1030A0009FED021A20EE010A01B070470000803542
:1030B00080B584B00390029103980F210DF10702AF
:1030C000012300F065FB00909DF80700029908704D
:1030D000009804B080BD000080B588B007908DF8DE
:1030E0001B1000208DF81400079811210DF1150216
:1030F000022300F04DFB04900498002840F0D0809B
:10310000FFE70DF11A000DF115010291FFF74AFCDE
:103110000298411C0DF11900FFF744FC9DF81B00BB
:1031200001460391002800F08A80FFE703980128F8
:1031300004D0FFE70398022842D0A1E09DF81A00CE
:1031400040F080008DF81A00079811210DF11A0245
:10315000012300F0CDFB0490049808B1FFE79EE046
:10316000FFE70798242106AA012300F011FB049031
:10317000049808B1FFE719E09DF818100020B0EBA3
:10318000D11F01D1FFE711E00798806A28B1FFE75E
:103190000798816A0A208847FFE7FFE79DF8140037
:1031A000411C8DF814100528DBD3FFE79DF81400AF
:1031B000052804D3FFE74FF0FF300490FFE76EE0EF
:1031C0009DF81A0040F004008DF81A0007981121AC
:1031D0000DF11A02012300F08BFB0490049808B152
:1031E000FFE75CE0FFE707980DF1170100F0F0FA48
:1031F0000490049808B1FFE717E09DF81700C00796
:1032000008B9FFE711E00798806A28B1FFE707983F
:10321000816A01208847FFE7FFE79DF81400411C01
:103220008DF814100528DED3FFE79DF8140005285B
:1032300004D3FFE74FF0FF300490FFE72FE09DF845
:103240001A0040F008008DF81A009DF8190040F0AF
:1032500001008DF819000DF1150001900DF11A0112
:10326000FFF7A0FB019801300DF11901FFF79AFB60
:10327000019A07981121022300F03AFB04900EE016
:103280009DF81A0040F004008DF81A0007981121EB
:103290000DF11A02012300F02BFB0490FFE7FFE77A
:1032A000049808B080BD000080B588B006900591F4
:1032B000069812210DF10F02022300F069FA029024
:1032C00006980B210DF11302012300F061FA01466B
:1032D000029808440290029818B1FFE702980790FC
:1032E00030E00DF112000DF10F010191FFF75AFBD3
:1032F0000198411C0DF11100FFF754FB9DF81230AD
:1033000005990878022202EA930200F0FD001044B9
:1033100008709DF8113005990878012222EA93126D
:1033200000F0FB0040EA820008709DF81300C0F333
:1033300080020599087800F0FE0010440870029899
:103340000790FFE7079808B080BD000080B58AB0FD
:1033500009900891099812210DF11B02022300F037
:1033600017FA05900598D0BBFFE70DF11E000190FC
:103370000DF11B010491FFF715FB0498411C02910C
:103380000DF11D000390FFF70DFB01990498089AB9
:1033900013789DF81E2003F0020302F0F70242EAC0
:1033A00083028DF81E20089A92F800C09DF81D2017
:1033B000012323EA9C0302F0BF0242EA83128DF844
:1033C0001D20FFF7EFFA02980399FFF7EBFA049A32
:1033D00009981221022300F08BFA0590FFE7099863
:1033E0000B210DF11F02012300F0D2F901460598CF
:1033F000084405900598A8B9FFE70898007800F000
:1034000001019DF81F0000F0FB0040EA81008DF8EB
:103410001F0009980B210DF11F02012300F068FA2B
:103420000590FFE705980AB080BD000080B588B020
:10343000079006910798102105AA022300F0A8F929
:1034400004900498002848D1FFE70DF11700009080
:1034500005A90391FFF7A6FA0398411C01910DF10C
:1034600016000290FFF79EFA00990398069A1378C7
:103470009DF8172003F00F0302F0870242EAC3020F
:103480008DF81720069A53789DF8172003F007034C
:1034900002F0F8021A448DF81720069A927802F08A
:1034A00001039DF8162002F0EF0242EA03128DF8A4
:1034B00016209DF8162002F0DF028DF81620FFF787
:1034C00071FA01980299FFF76DFA039A0798102193
:1034D000022300F00DFA0490FFE7049808B080BDC5
:1034E00080B586B00490039104980E210DF10A0274
:1034F000012300F04DF90190019848B9FFE70498C5
:1035000012210DF10B02012300F042F90190FFE7B7
:10351000019818B1FFE70198059039E09DF80A304D
:1035200003990878082202EA530200F0F7001044D9
:1035300008709DF80A3003990878012222EA5303A3
:1035400000F0EF0040EA031008709DF80A3003997C
:10355000087822EA930300F0FD0040EA4300087077
:103560009DF80AC003990878042303EA5C0300F07D
:10357000FB00184408709DF80B300399087822EA84
:10358000530200F0FE001044087001980590FFE718
:10359000059806B080BD000080B584B0039002910C
:1035A00003980E210DF10602012300F0F1F80090BE
:1035B0000098C8BBFFE7029801789DF80600012338
:1035C00023EA510100F0FB0040EA81008DF806007B
:1035D000029801789DF8060001F0040100F0F70060
:1035E00040EA41008DF80600029801789DF8060037
:1035F00001F0080100F0EF0040EA41008DF80600FC
:10360000029801789DF8060023EA111100F0FD00F0
:1036100040EA41008DF8060003980E210DF10602E4
:1036200000F066F90090FFE7009848B9FFE70398BB
:1036300012210DF10702012300F0AAF80090FFE724
:103640000098A8B9FFE7029801789DF807000123C8
:1036500023EA010100F0FD0040EA41008DF8070077
:10366000039812210DF1070200F042F90090FFE7E4
:10367000009804B080BD000080B586B0049003912E
:10368000049813210DF10B02012300F081F8019041
:10369000019818B1FFE7019805902CE09DF80B0008
:1036A000C0F340120399087800F0FE00104408703F
:1036B0009DF80B200399087802F0020200F0FD004B
:1036C000104408709DF80B0000F00102039908787F
:1036D00000F0FB0040EA820008709DF80B2003997F
:1036E000087802F0040200F0F70040EA4200087097
:1036F00001980590FFE7059806B080BD80B584B0BD
:1037000003900291039813210DF10702012300F0A9
:103710003FF800900098B8BBFFE70298007800F0EF
:1037200001019DF8070000F0DF0040EA41108DF82C
:103730000700029801789DF8070001F0020100F0EF
:10374000FD0008448DF8070002980078C0F380015E
:103750009DF8070000F0FE0008448DF8070002986D
:1037600002789DF80700042101EA520100F0FB00F5
:1037700008448DF80700039813210DF10702012377
:1037800000F0B6F80090FFE7009804B080BD00009C
:1037900080B586B004908DF80F100292ADF8063017
:1037A000049820B9FFE74FF0FF3005900CE0049833
:1037B000D0F810C09DF80F10029ABDF80630E0470F
:1037C000009000980590FFE7059806B080BD0000C6
:1037D00080B586B004900391049811210DF109027F
:1037E0000123FFF7D5FF0190019848B9FFE704983E
:1037F00024210DF10A020123FFF7CAFF0190FFE720
:10380000019840B9FFE70498272102AA0123FFF796
:10381000BFFF0190FFE7019848B9FFE704980B212B
:103820000DF10B020123FFF7B3FF0190FFE70198B1
:1038300018B1FFE70198059057E09DF80900C0F323
:1038400080020399087800F0FE00104408709DF88B
:103850000A3003990878022202EA931200F0FD0070
:10386000104408709DF8080000F0010203990878E0
:1038700000F0FB0040EA820008709DF808200399E0
:10388000087802F0020200F0F70040EA82000870B7
:103890009DF808200399087802F0100200F0EF006C
:1038A000104408709DF808200399087802F020025F
:1038B00000F0DF00104408709DF809300399087883
:1038C00001229A4300F0BF0040EA821008709DF880
:1038D0000B006FEA50120399087800F07F0040EA6D
:1038E000C210087001980590FFE7059806B080BDEA
:1038F00080B586B004908DF80F100292ADF80630B6
:10390000049820B9FFE74FF0FF3005900CE00498D1
:10391000D0F80CC09DF80F10029ABDF80630E047B1
:10392000009000980590FFE7059806B080BD000064
:1039300040F23471C2F200010020086040F2387198
:10394000C2F20001088040F66061C2F20001086026
:1039500040F6E861C2F20001086040F23C61C2F248
:103960000001086040F2D161C2F20001087040F627
:10397000F061C2F20001087040F24A71C2F2000127
:10398000087040F66C51C2F20001088040F6646194
:10399000C2F20001086040F20042C2F2000245F2A9
:1039A0000001C4F27D41116040F66E51C2F2000187
:1039B000087040F20C71C2F20001086040F2D96157
:1039C000C2F20001087040F2D861C2F20001087032
:1039D00040F2D461C2F20001086040F66C61C2F2AC
:1039E0000001886148610861C860886048600860BB
:1039F0007047000080B586B0059004910598282195
:103A00000DF10A02062300F0AFFA01909DF80B00B9
:103A10000499088004990A889DF80A0040EA022067
:103A200008809DF80D000499488004994A889DF803
:103A30000C0040EA022048809DF80F00049988801D
:103A400004998A889DF80E0040EA02208880019837
:103A500006B080BD80B586B00590049105982221FE
:103A60000DF10A02062300F07FFA01909DF80B0089
:103A70000499088004990A889DF80A0040EA022007
:103A800008809DF80D000499488004994A889DF8A3
:103A90000C0040EA022048809DF80F0004998880BD
:103AA00004998A889DF80E0040EA022088800198D7
:103AB00006B080BD80B584B003908DF80B100398DC
:103AC00012210DF10A02012300F04EFA0190019833
:103AD000A8B9FFE79DF80B109DF80A0001F001015D
:103AE00000F0BF0040EA81108DF80A00039812210F
:103AF0000DF10A02012300F00BFB0190FFE7019892
:103B000004B080BD80B584B0039002910398029AFE
:103B10000F21012300F028FA0190019804B080BD24
:103B200081B0ADF80200BDF9020000EE100AB8EE57
:103B3000C00A9FED051A20EE010AB3EE091A30EE15
:103B4000010A01B0704700BF0000803B80B586B01D
:103B5000059004910598022100F0E0F90290029886
:103B600048B9FFE705985F210DF10F02012300F02E
:103B7000FBF90290FFE7029838BBFFE79DF80F00C2
:103B8000C0F3C10001460191032814D80199DFE870
:103B900001F002060A0E0499002008700FE0049953
:103BA000012008700BE004990220087007E00499D6
:103BB0000320087003E0049900200870FFE70598CF
:103BC000002100F0ABF90290FFE7029806B080BD3B
:103BD00080B584B0039002910398022100F09EF911
:103BE0000190019840B9FFE70398029A4621022309
:103BF00000F0BAF90190FFE7019830B9FFE70398A8
:103C0000002100F08BF90190FFE7019804B080BD1E
:103C100080B586B005908DF813109DF813008DF8CF
:103C20001200059804A9FFF7D3FF0290029800281C
:103C300040F0C580FFE79DF810209DF8111001911C
:103C400042EA520040EA920040EAD20040EA1210F2
:103C500040EA521040EA921000F0010040EAD2100F
:103C600001F001021043C1F340021043C1F380028E
:103C70001043C1F3C0021043C1F300121043C1F35B
:103C800040121043C1F38012104340EAD110C0B279
:103C9000012840F09380FFE705980DF10F01FFF731
:103CA00055FF02900298002840F08780FFE79DF8BA
:103CB0000F0001460091032800F279800099DFE8A7
:103CC00001F00210284A9DF8130020B9FFE70120F7
:103CD0008DF8120004E09DF813008DF81200FFE744
:103CE0006AE09DF8130020B9FFE702208DF812006A
:103CF0000EE09DF81300012804D1FFE702208DF8A3
:103D0000120004E09DF813008DF81200FFE7FFE7B2
:103D100052E09DF8130020B9FFE703208DF8120050
:103D200018E09DF81300012804D1FFE703208DF867
:103D300012000EE09DF81300022804D1FFE70320D3
:103D40008DF8120004E09DF813008DF81200FFE7D3
:103D5000FFE7FFE730E09DF8130020B9FFE70420FC
:103D60008DF8120022E09DF81300012804D1FFE72E
:103D700004208DF8120018E09DF81300022804D1E9
:103D8000FFE704208DF812000EE09DF813000328D1
:103D900004D1FFE704208DF8120004E09DF8130021
:103DA0008DF81200FFE7FFE7FFE7FFE704E09DF86B
:103DB00013008DF81200FFE7FFE7FFE7FFE7029827
:103DC00048B9FFE7059811210DF10E02012300F01B
:103DD000CBF80290FFE7029898B9FFE79DF8121020
:103DE0009DF80E0000F00F0040EA01108DF80E0063
:103DF000059811210DF10E02012300F089F90290BE
:103E0000FFE7029806B080BD80B584B003900291B0
:103E100003981E210DF10702012300F0A5F8009080
:103E20009DF80700C0F3400002990870009804B0A4
:103E300080BD000080B584B003908DF80B1003980E
:103E400011210DF10A02012300F08EF80190019872
:103E5000A8B9FFE79DF80B109DF80A0001F00701D3
:103E600000F0F10040EA41008DF80A0003981121AA
:103E70000DF10A02012300F04BF90190FFE70198D0
:103E800004B080BD80B584B003908DF80B1003980A
:103E900018210DF10902012300F066F80190019844
:103EA000A8B9FFE79DF80B209DF80900022101EA5F
:103EB000921100F0FD0008448DF8090003981821C4
:103EC0000DF10902012300F023F90190FFE70198A9
:103ED00048B9FFE7039862210DF10A02012300F0BF
:103EE00043F80190FFE70198A8B9FFE79DF80B00A0
:103EF00000F003019DF80A0000F0E70040EAC1006D
:103F00008DF80A00039862210DF10A02012300F0E6
:103F1000FFF80190FFE7019804B080BD80B584B040
:103F200003908DF80B1003980DF10A020123194636
:103F300000F01AF80190019898B9FFE79DF80B106E
:103F40009DF80A0000F03F0040EA81108DF80A0059
:103F500003980DF10A020123194600F0D9F80190E7
:103F6000FFE7019804B080BD80B586B005908DF85C
:103F700013100392ADF80A300598D0F810C09DF8E0
:103F80001310039ABDF80A30E0470190019806B07B
:103F900080BD000080B584B0039002910398122187
:103FA0000DF107020123FFF7DFFF00909DF80700E6
:103FB00000F0010002990870009804B080BD000074
:103FC00080B584B003908DF80B10039812210DF189
:103FD0000A020123FFF7C8FF01900198A0B9FFE78B
:103FE0009DF80B109DF80A0001F0010100F0FE00A1
:103FF00008448DF80A00039812210DF10A020123EA
:1040000000F086F80190FFE7019804B080BD000041
:1040100080B584B00390029103981E210DF1070230
:104020000123FFF7A1FF00909DF80700C0F3800077
:1040300002990870009804B080BD000080B584B07B
:1040400003900291039820210DF106020223FFF74D
:104050008BFF00909DF807000299088002990A885A
:104060009DF8060040EA02200880009804B080BD58
:1040700080B584B0039002910398402101AA0423E3
:10408000FFF772FF00909DF80700029908600299FF
:104090000A689DF8060040EA0220086002990A6852
:1040A0009DF8050040EA0220086002990A689DF820
:1040B000040040EA02200860009804B080BD0000BF
:1040C00080B584B003908DF80B10039819210DF181
:1040D0000A020123FFF748FF01900198A8B9FFE702
:1040E0009DF80B109DF80A0001F0010100F0DF00BF
:1040F00040EA41108DF80A00039819210DF10A02D7
:10410000012300F005F80190FFE7019804B080BD9D
:1041100080B586B005908DF813100392ADF80A3083
:104120000598D0F80CC09DF81310039ABDF80A301A
:10413000E0470190019806B080BD000080B586B0D0
:1041400005908DF813109DF813008DF81200059856
:1041500004A9FFF73DFD02900298002840F0C580B9
:10416000FFE79DF810209DF81110019142EA5200DE
:1041700040EA920040EAD20040EA121040EA5210AF
:1041800040EA921000F0010040EAD21001F0010272
:104190001043C1F340021043C1F380021043C1F346
:1041A000C0021043C1F300121043C1F34012104388
:1041B000C1F38012104340EAD110C0B2012840F090
:1041C0009380FFE705980DF10F01FFF7BFFC029008
:1041D0000298002840F08780FFE79DF80F00014615
:1041E0000091032800F279800099DFE801F00210C5
:1041F000284A9DF8130020B9FFE701208DF812002E
:1042000004E09DF813008DF81200FFE76AE09DF8C6
:10421000130020B9FFE702208DF812000EE09DF890
:104220001300012804D1FFE702208DF8120004E0FA
:104230009DF813008DF81200FFE7FFE752E09DF8AC
:10424000130020B9FFE703208DF8120018E09DF855
:104250001300012804D1FFE703208DF812000EE0BF
:104260009DF81300022804D1FFE703208DF8120007
:1042700004E09DF813008DF81200FFE7FFE7FFE769
:1042800030E09DF8130020B9FFE704208DF81200FC
:1042900022E09DF81300012804D1FFE704208DF8E7
:1042A000120018E09DF81300022804D1FFE7042053
:1042B0008DF812000EE09DF81300032804D1FFE7EB
:1042C00004208DF8120004E09DF813008DF8120010
:1042D000FFE7FFE7FFE7FFE704E09DF813008DF835
:1042E0001200FFE7FFE7FFE7FFE7029848B9FFE7A3
:1042F000059810210DF10E020123FFF735FE029003
:10430000FFE7029898B9FFE79DF812109DF80E009C
:1043100000F00F0040EA01108DF80E000598102102
:104320000DF10E020123FFF7F3FE0290FFE7029862
:1043300006B080BD80B584B003908DF80B10039853
:1043400010210DF10A020123FFF70EFE01900198E2
:10435000A8B9FFE79DF80B109DF80A0001F00101D4
:1043600000F0FD0040EA41008DF80A00039810219A
:104370000DF10A020123FFF7CBFE0190FFE7019840
:1043800004B080BD80B584B00390029103981E21D3
:104390000DF107020123FFF7E7FD00909DF80700EC
:1043A00000F0010002990870009804B080BD000080
:1043B00080B584B003908DF80B10039810210DF197
:1043C0000A020123FFF7D0FD01900198A8B9FFE789
:1043D0009DF80B109DF80A0001F0030100F0F300B6
:1043E00040EA81008DF80A00039810210DF10A02BD
:1043F0000123FFF78DFE0190FFE7019804B080BD17
:1044000080B584B003908DF80B10039817210DF13F
:104410000A020123FFF7A8FD0190019858BBFFE7AE
:104420009DF80B0000F010019DF80A0000F0FB0061
:1044300040EA91008DF80A009DF80B0000F0200181
:104440009DF80A0000F0EF0040EA51008DF80A00E4
:104450009DF80B109DF80A0000F01F0040EA411083
:104460008DF80A00039817210DF10A020123FFF7C6
:104470004FFE0190FFE7019804B080BD80B582B087
:1044800000200190F1F774F9FCF7D8FDFBF70CFE62
:10449000FBF7D8FAFBF7BAFAFBF76AFCFBF740FA2E
:1044A000FBF72EFCFBF7E2FBFBF754FAFBF7D0FC23
:1044B000FBF7FCFCFBF742FDFBF7EAFBFBF792F98D
:1044C000FBF77AFAFBF78CFCFBF7DAF9FCF774FCE4
:1044D00040B1FFE740F68861C2F200010868013090
:1044E000086002E0FDF75CFFFFE7FFE7FEE7000082
:1044F00080B582B001900198EFF708FF02B080BD4F
:1045000080B582B00090009820B9FFE76FF00100FD
:10451000019019E0009801210022EFF719FF20B166
:10452000FFE76FF0050001900EE000984FF40021C6
:104530000022EFF70DFF20B1FFE76FF005000190BB
:1045400002E000200190FFE7019802B080BD00006A
:10455000B0B58EB00C900C980B900B9820B9FFE77B
:104560006FF001000D9044E10B98406B0A900B989E
:10457000806B0990FFE70B98C06A4021F0F762F961
:10458000002800F03381FFE70A984021EBF7C6FED0
:104590000B98D0F81CC00A9A02F1440102F14003C2
:1045A000E04720B1FFE76FF005000D9021E10A9888
:1045B000406C0790002845D0FFE70798012800F0DD
:1045C0009180FFE70798022800F0DE80FFE7079858
:1045D000032800F0F180FFE7079840F2033188429A
:1045E00040F00281FFE709983021EBF797FE099927
:1045F00005910A9C069420686268A368D4F80CC0F0
:10460000D4F810E065694D61C1F810E0C1F80CC044
:104610008B604A600860A069E269236AD4F824C00C
:10462000D4F828E0E46ACC62C1F828E0C1F824C0DC
:104630000B62CA61886140F6E061C2F200010120AC
:104640004871D2E00A98B0F84000302849D1FFE71D
:10465000F1F750F808900998D0F8900040B1FFE7C2
:1046600008980999D1F89020801AC1F8980004E0C0
:1046700009990020C1F89800FFE708980999C1F846
:104680009000099830303021EBF748FE09990391EA
:104690000A9C049420686268A368D4F80CC0D4F81B
:1046A00010E065694D64C1F840E0C1F83CC08B631F
:1046B0004A630863A069E269236AD4F824C0D4F885
:1046C00028E0E46ACC65C1F858E0C1F854C00B6535
:1046D000CA64886440F6E061C2F200010120C8703B
:1046E000FFE782E00A98B0F8400030284BD1FFE79E
:1046F000F1F700F808900998D0F8940040B1FFE76E
:1047000008980999D1F89420801AC1F89C0004E017
:1047100009990020C1F89C00FFE708980999C1F8A1
:104720009400099860303021EBF7F8FD0999019168
:104730000A9C029420686268A368D4F80CC0D4F87C
:1047400010E065694D67C1F870E0C1F86CC08B6618
:104750004A660866A069E269236AD4F824C0D4F8DE
:1047600028E0E46AC1F88C40C1F888E0C1F884C050
:10477000C1F88030CA67886740F6E061C2F2000184
:1047800001200871FFE730E00A98B0F8400050B10E
:10479000FFE70A980078099981F8A000099900209C
:1047A00081F8A20007E00999002081F8A00009998A
:1047B00081F8A200FFE718E00A98B0F8400050B175
:1047C000FFE70A980078099981F8A100099900206B
:1047D00081F8A30007E00999002081F8A100099958
:1047E00081F8A300FFE700E0FFE7C4E600200D909A
:1047F000FFE70D980EB0B0BD80B582B00090009874
:1048000020B9FFE76FF00100019018E00098012245
:104810001146EFF781FF20B1FFE76FF0050001902F
:104820000DE0009840210222EFF776FF20B1FFE76C
:104830006FF00500019002E000200190FFE7019871
:1048400002B080BD80B58AB008900898079000201B
:10485000069005900490039002900190079820B96B
:10486000FFE76FF00100099076E00798406B482160
:10487000EBF754FD0798806BA421EBF74FFD002068
:1048800001900290022003900120049040F2033036
:10489000059040F6FF7006900798C06A01A9EFF7EF
:1048A000ABFE20B1FFE76FF00500099054E0012056
:1048B0000290002005904FF4706006900798C06A3F
:1048C00001A9EFF799FE20B1FFE76FF0050009900D
:1048D00042E0022002904FF4806005904FF4706037
:1048E00006900798C06A01A9EFF786FE20B1FFE79E
:1048F0006FF0050009902FE00798C06A6946012310
:104900000B6002221146EFF7D3FE20B1FFE76FF0F4
:104910000500099020E00798C06AFFF76DFF20B1FD
:10492000FFE76FF00500099016E00798C06AF0F7FE
:1049300041FC20B1FFE76FF0050009900CE00798FB
:10494000C06AFFF7DDFD20B1FFE76FF005000990B9
:1049500002E000200990FFE709980AB080BD00003E
:1049600080B592B010900F910E920D9303A828215C
:10497000EBF7D4FC109802900E980190029848B181
:10498000FFE70F9830B1FFE70E9818B1FFE70D98D9
:1049900020B9FFE76FF0010011901CE00198402161
:1049A0000091EBF7BBFC00990298C06A019B03AA37
:1049B000EFF762FF20B1FFE76FF0050011900AE00A
:1049C0000698FDF7FFFF0D99088003980F9908607E
:1049D00000201190FFE7119812B080BD80B592B011
:1049E00010900F910E92ADF8363004A82421EBF709
:1049F00095FC109803900E980290039890B1FFE7F1
:104A00000E9820B9FFE7BDF8360058B9FFE70F99B7
:104A10000020B0EBD12F05D1FFE7BDF836004128CB
:104A200004D3FFE76FF0010011902BE09DF83600F2
:104A3000FEF734F901900198013020B9FFE76FF0DB
:104A4000010011901EE00F98049000200590069040
:104A50000199079108904FF4801109914FF40011CA
:104A60000A910B900C900398C06A029A04A9EFF780
:104A700075FD20B1FFE76FF00500119002E0002006
:104A80001190FFE7119812B080BD000080B584B08E
:104A90000390039802900298406B01900198426A3B
:104AA000694690479DF8000004B080BD80B586B08F
:104AB00004900391049802900298C06A01900198B2
:104AC00018B1FFE7039820B9FFE76FF001000590E8
:104AD00009E001980299098EF0F7DEFD039908605C
:104AE00000200590FFE7059806B080BD80B58AB02C
:104AF000099008910792ADF81A3008988DF81900BE
:104B0000079805909DF8190040F080008DF8190075
:104B1000099804900498406B03900398026A00215E
:104B2000029190470498C06A0DF119010122019287
:104B30004FF47A730093F7F7EFFB009B0498C06A79
:104B40000599BDF81A20F7F70FF901990398026A41
:104B5000904702980AB080BD80B58AB084460C9810
:104B6000CDF824C00891ADF81E200693ADF81600CC
:104B700000210491099803900398406B02900298D9
:104B8000026A9047BDF81E0078B1FFE70398C06A3B
:104B90000899BDF81E204FF47A73F7F7BDFB20B1DA
:104BA000FFE76FF005000490FFE7049878BBFFE78C
:104BB000BDF8160058B3FFE7FF208DF8070000206E
:104BC000ADF80400FFE7BDF80400BDF816108842F8
:104BD0001CDAFFE70398C06A0699BDF804200A446E
:104BE0006B464FF47A7119600DF107010123F7F755
:104BF000F3FD20B1FFE76FF00500049006E0FFE74A
:104C0000BDF804000130ADF80400DCE7FFE70298CE
:104C1000026A0121904704980AB080BD80B586B031
:104C200004900391049802900298C06A0190019840
:104C300020B9FFE76FF0010005900FE0039800280E
:104C400018BF01208DF8030001980299098E9DF884
:104C50000320F0F739FD00200590FFE7059806B026
:104C600080BD000080B58AB0099008910792ADF828
:104C70001A3008988DF81900079805900998049043
:104C80000498406B03900398026A002102919047B8
:104C90000498C06A0DF11901012201924FF47A7350
:104CA0000093F7F739FB009B0498C06A0599BDF89B
:104CB0001A20F7F731FB01990398026A904702988E
:104CC0000AB080BD80B588B0069005910492ADF819
:104CD0000E300698029004980190029838B1FFE7D0
:104CE000049820B1FFE7BDF80E0020B9FFE76FF090
:104CF0000100079011E00298C06A0199BDF80E20EA
:104D00004FF0FF33F9F7EAFA20B1FFE76FF0050043
:104D1000079002E000200790FFE7079808B080BDE9
:104D200080B588B084460A98CDF81CC00691ADF8CD
:104D300016200493ADF80E0000210291079801900F
:104D40000198406B00900098026A9047BDF81600E9
:104D500078B1FFE70198C06A0699BDF816204FF4B4
:104D60007A73F7F7D9FA20B1FFE76FF005000290E8
:104D7000FFE7029898B9FFE7BDF80E0078B1FFE7AA
:104D80000198C06A0499BDF80E204FF47A73F7F7C2
:104D9000C3FA20B1FFE76FF005000290FFE700982B
:104DA000026A01219047029808B080BD83B001904B
:104DB000019820B9FFE700208DF80B005BE040F67A
:104DC0006860C2F20000006868B9FFE7019840F629
:104DD0006861C2F200010860019900204862012068
:104DE0008DF80B0047E0019890F8200040F66861CC
:104DF000C2F20001096891F8201088420DDAFFE73D
:104E000040F66861C2F200010868019A5062019898
:104E1000086001208DF80B002DE040F66860C2F2BA
:104E2000000000680090FFE70098406AC8B1FFE703
:104E3000019890F820000099496A91F82010884262
:104E40000BDAFFE70098406A0199486201980099DF
:104E5000486201208DF80B000DE00098406A009038
:104E6000E2E7019800994862019900204862012018
:104E70008DF80B00FFE79DF80B0003B070470000B2
:104E800082B000208DF80300FFE79DF8030013288F
:104E900021D8FFE79DF8030000EB400140F6F860E1
:104EA000C2F2000000EB011090F8210060B9FFE7AA
:104EB0009DF8030000EB400140F6F860C2F20000EC
:104EC00000EB0110019009E0FFE79DF803000130BD
:104ED0008DF80300D9E700200190FFE7019802B0A8
:104EE0007047000010B584B08C4686460798069936
:104EF000CDF80CE0CDF808C00192ADF802308DF885
:104F000001108DF80000029803990860BDF80200B6
:104F1000039988829DF80100039981F82000EDF73C
:104F20008BFE0146039A0020D0619161039988624B
:104F30009DF80000039981F82100019870B1FFE706
:104F40000198007850B1FFE70398043001990F22CF
:104F5000EBF7EFF903990020C87408E003980430D8
:104F600046F21741C0F60101EBF7EFF9FFE70399AD
:104F70000020486204B010BD82B0ADF80600ADF864
:104F80000410ADF80220BDF806008005BDF804103D
:104F90006FF39F2140EA0130BDF802106FF31F311B
:104FA000084402B07047000080B582B040F2C430BF
:104FB000C2F20000FFF76AFD20B1FFE700208DF884
:104FC000070003E001208DF80700FFE79DF80700C8
:104FD00002B080BD80B584B08DF80B008DF80A104A
:104FE0009DF80A0020B9FFE76FF00100039021E06F
:104FF00040F26570C2F2000001907E21017005212F
:105000004170412181709DF80B10C1709DF80A100C
:105010000171417890F802C0C378027981EA0C01ED
:10502000594051404171EF218171072100F006F88C
:105030000390FFE7039804B080BD000080B584B002
:105040000290ADF8061040F2C430C2F20000C06811
:1050500018B1FFE7029820B9FFE76FF00100039055
:105060000CE040F2C430C2F20000D0F80CC0029A4A
:10507000BDF806300021E0470390FFE7039804B035
:1050800080BD000080B586B08DF8130003910F201D
:105090008DF80A009DF813008DF80B00039820B9D5
:1050A000FFE74FF0FF30059016E040F28830C2F283
:1050B0000000D0F818C0039B6A46012111600DF171
:1050C0000A010222E04720B1FFE74FF0FF300590D0
:1050D00002E000200590FFE7059806B080BD0000C3
:1050E00080B584B0029000208DF807000090FFE7A3
:1050F0000098C0087C2827D8FFE7C0200DF10701E1
:10510000FFF7C0FF20B1FFE74FF0FF3003901FE033
:105110009DF80700C00758B9FFE7029828B1FFE7DC
:105120009DF8070002990870FFE7002003900FE048
:1051300040F28830C2F20000816A01208847FFE710
:10514000009801300090D3E74FF0FF300390FFE765
:10515000039804B080BD000080B584B006208DF8AF
:105160000B0000238DF80A3040F28830C2F20000B4
:10517000D0F814C069460B600DF10B010122E04725
:1051800020B1FFE74FF0FF3003902AE000208DF8B8
:105190000900FFE79DF8090002281ED8FFE740F24A
:1051A0008830C2F20000816A01208847C0200DF1DA
:1051B0000A01FFF767FF48B9FFE79DF80A0080077B
:1051C000002803D5FFE7002003900AE0FFE79DF8E1
:1051D000090001308DF80900DCE74FF0FF30039043
:1051E000FFE7039804B080BD80B584B08DF80B0054
:1051F0008DF80A101F208DF808009DF80B008DF81F
:10520000090040F28830C2F20000D0F814C06A46AB
:105210000121116002A902220DF10A03E04720B129
:10522000FFE74FF0FF30039002E000200390FFE71C
:10523000039804B080BD4100080218BF04200A0E84
:1052400018BF40F001004FF07F4232EA010108BF71
:1052500040F00200012808BF0520704710B54FF04C
:105260000E402DED028BB0EE408A18EE104A00EB96
:105270004400B0F1506F4AD84FF0FC40B0EB440FFF
:1052800022D2B0EEC80AF7EE000A30EEC00AF6EEFF
:10529000000A60EE208A18EE900A00F073FF01EE1B
:1052A000100A14F0004F1DBFDFED2D0A9FED2D0AEF
:1052B000B1EE411ADFED2C0A08BF9FED2C0AF8EE83
:1052C000001A21EE218A05E0DFED290A68EE088A3E
:1052D000B0EE600A9FED271ADFED271A30EE080ABC
:1052E00048EE811A9FED251A08EEA11ADFED241A67
:1052F00048EE811A9FED231A08EEA11A68EE281ACB
:10530000BDEC028B01EE810A30EE200A10BD4FF099
:10531000E440B0EB440F0CD918EE100AFFF78BFFF6
:10532000042808BF00F066FEB0EE480ABDEC028B10
:1053300010BD4FF07F40B0EB440F07D2B0EE480AEB
:10534000BDEC028BBDE8104000F03EBE012000F035
:1053500013FFBDEC028BBDE8104000F03BBE000027
:105360000000C9BF22AAFDB90000C93F22AAFD3929
:105370000000000024FE1C3DC78AD83C1E67383D53
:105380001B93993DAFAA2A3E70B54FF068422DEDB0
:10539000048BF0EE408A18EE900AB0EE608A18EEA8
:1053A000101A02EB4003B3F1654F3CBF02EB410220
:1053B000B2F1654F7DD200BFC0F3C753C1F3C752EE
:1053C0009A1A1B2A09DD10F0004F14BF9FED830AC3
:1053D0009FED830ABDEC048B70BD12F11A0F36DA13
:1053E00011F0004F09D010F0004F0CBF9FED7D0A67
:1053F0009FED7D0ABDEC048B70BD88EE889A19EE96
:10540000100AFFF718FF042808BF00F0F3FD18EE9C
:10541000900AFFF710FF054618EE100AFFF70BFF82
:10542000044619EE100AFFF706FF042D18BF052DDC
:1054300008D1042C18BF052C04D1002804BF022079
:1054400000F09AFEB0EE490ABDEC048B70BD42003C
:10545000B2EB410F3AD910F0004F19BFDFED630AEC
:105460009FED630ADFED630A9FED630AB0EE481A11
:105470000A46B1EE688A80F00041F0EE418A10469B
:105480000A1A5200B2F1807F34D2484010F0004F27
:10549000DFED5A1A9FED5A2A1DBFBEEE001A70EEBC
:1054A000E10A30EE420AB6EE001A08BF70EEA10A19
:1054B00000E040E008BF30EE020AB0EE682A01EEDC
:1054C000482A08EE818AC2EE081A15E011F0004F52
:1054D00004BF9FED4C0AF0EE400AD1D010F0004F0F
:1054E00019BFDFED490A9FED490ADFED490A9FED3B
:1054F000490AC5E7C8EE881A21EEA11A9FED462A8F
:10550000DFED462A41EE022A9FED452A01EE222ACE
:10551000DFED442A41EE022A9FED432ABDEC048BC5
:1055200001EE222A21EE811A01EE020A30EE210A52
:1055300030EE200A70BD4FF07F42B2EB400F28BF23
:10554000B2EB410F09D2F0EE480AB0EE680ABDECAA
:10555000048BBDE8704000F03ABD40EA01035B00F7
:1055600008BF41F0FF410BD0B2EB400F08BFB2EBD8
:10557000410F08D120F0804008EE900A21F08041D0
:1055800008EE101A18E7B2EB400F12BF5FEA4103B2
:1055900040F0FF4001F000413FF40EAFB2EB410F8D
:1055A00012BF5FEA400200F0004041F0FF413FF4CB
:1055B00003AF4A0092EA40033FF5FEAE002AACBFBB
:1055C0009FED1A0A9FED1A0A68EE808A28EE008A7B
:1055D00018EE900A18EE101AEEE60000DB0FC9BFB5
:1055E000DB0FC93FDB0F4940DB0F49C00000C9BFDB
:1055F00022AAFDB90000C93F22AAFD390060ED3E94
:10560000C30ACE3700000000000049C022AA7DBABC
:105610000000494022AA7D3A2DAD65BD8FB8D53D29
:105620000FB511BE61C84C3EA8AAAABE0000804FAB
:105630000000802F10EE101A08B5444A6846B2EBFD
:10564000410F28D94FF0E640B0EB410F94BF002046
:105650004FF0FF3000900098002861DB60EE000AF8
:1056600010F0010F45D010F0020FDFED391A9FED59
:10567000391A00EEA11ADFED381A40EE811A21EE38
:10568000A01AF0EE400A40EE010A08BFF1EE600AEF
:10569000B0EE600A08BD314B21F0004293423CD984
:1056A00011F0004FDFED2E0A20EE201ADFED2D0A5B
:1056B00019BF31EE601A71EE200A31EE201A71EE38
:1056C000600ABDEEE01A11EE100A9FED271A00F0F5
:1056D000030000EEC10A9FED251A009000EEC10AFA
:1056E0009FED231A00EEC10A9FED221A00EEC10AB7
:1056F000B1E79FED211A9FED210A10F0020F00EE95
:10570000810A9FED1F1A00EE801AB7EE000A00EE24
:10571000810A18BFB1EE400A08BD00F073FC9AE799
:1057200010EE100A4000B0F17F4F3CBFB7EE000A08
:1057300008BD07D14FF0010000F01EFDBDE8084094
:1057400000F048BCBDE8084000F03EBCB61F927EA9
:10575000336D4CB9DA82083CA0AA2ABE490E4946EC
:1057600083F9223F0000004B0000C93F00A0FD3933
:105770000020A2331A61342CB93AB2BACA9F2A3D2A
:10578000DDFFFFBE10B510EE100A2DED068BB7EE53
:10579000001A10EE901AB0EE418A0022A0F5000C1B
:1057A000DFEDFE9A4FF00073BCF1FE4F4FF07F44E7
:1057B00003EB410C80F0B481BCF1804FC0F020823B
:1057C000F74901449FEDF73AB1F5005F40F2D4820A
:1057D00000F58021CB0C03F00F0101EE901AC3F30A
:1057E00007137F3BA0EBC350B8EEE12A00EE100A8E
:1057F0001A44DFEDED2AF0EE411A42EE221AF0EEE5
:10580000613A70EE232A30EE632A12EE900A00F518
:1058100000606FF30B0001EE900A73EEE13A33EE95
:10582000804AC1EE223A22EE230A10EE100A00F559
:1058300000606FF30B0000EE100A00EE612A00EE2C
:10584000442A62EE232A70EE221A21EEA12ADFED0D
:10585000D73A02EE233A23EE023A20EE012A22EE54
:10586000811A03EE211A32EE010A10EE100A00F539
:1058700000606FF30B0000EE100A72EE401A31EE7A
:10588000812A9FEDCB1A60EE011A9FEDCA1A20EE15
:10589000011A9FEDC90A02EE001A31EE810A10EEDC
:1058A000100A00F500606FF30B0000EE100AC34809
:1058B00071EEC01A31EE812A784400EBC10090ED00
:1058C000003AD0ED011A100101EE100AF8EEC12ADB
:1058D00032EE211A31EE001A31EE031A31EE221A9D
:1058E00011EE100A00F500606FF30B0009EE100ACC
:1058F00039EE621A31EE431A31EE400A30EE610A97
:1059000032EE40AA10EE900A002100F500606FF31D
:105910000B0008EE900A084670EEE8AAEAF73DFD93
:1059200029EE280A00F00C01F0EEC00A10EE900AF1
:10593000B0F18B4F0DDD10EE900AB4EB400F08D3A1
:1059400010EE100A4FF08B4262F31E0008EE900A30
:1059500013E069EE2A0A38EEAA1A4AEE010A30EE7E
:10596000201A11EE100A00F500606FF30B0008EE2C
:10597000900A30EE680A70EE209A0C20EAF70DFDCE
:1059800038EEA90AB5EEC00AF1EE10FA34BFFEEE09
:10599000000AF6EE000A30EE800ABDEEC00A10EEF4
:1059A000100A011100EE101AF8EEC00A00EE100AFB
:1059B000B8EEC00A38EEC00A30EE290ADFED801AD0
:1059C0009FED801A00EE211ADFED7F1A7F4900F06B
:1059D0000F0040EE011A21EE800A794401EB8001AC
:1059E00091ED001A7A49794401EB8001D1ED001A5A
:1059F000784901EE801A794401EB8000764990EDF8
:105A0000000A31EE001AB0EEE00A10EE100A8842E9
:105A100015DA10EE100AB4EB400F10D39FED6F0AA9
:105A200030EE800ADFED6E0A20EE200A68EE010AF1
:105A3000BDEC068BBCEEC00A20EE200A10BD10EEB5
:105A4000100A6849884243DA10EE100AB4EB400F9E
:105A50003ED3BDEEE00A68EE010A10EE100A00EB3C
:105A6000D0725110C90501F17E5100EE101AA0EB61
:105A70006200C00560EE200A00F17E5000EE100AC0
:105A800060EE808A18EE900AB4EB400F0FD102202E
:105A900000F072FB00F0A6FA10EE101A18EE100AD1
:105AA000BDEC068B61F31E0000EE100A10BD18EE6F
:105AB000900A400011D018EE900AFFF7BCFB0428B2
:105AC00008BF00F097FAB0EE680ABDEC068B10BD77
:105AD000F5EEC00AF1EE10FA0FD2022000F04CFBF6
:105AE00000F088FA10EE101A18EE100ABDEC068BC2
:105AF00061F31E0000EE100A10BD022000F03CFB16
:105B000000F070FA10EE101AB0EE480A10EE100A0B
:105B1000BDEC068B61F31E0000EE100A10BD00BF45
:105B2000BCF1804F6CD300BF00F1FF43B3F1FE4FD7
:105B300024D200BFB0EEC00A10EE100AC1F3C75362
:105B40007F2B0DDB972BBFF63BAEC3F196034FF0D7
:105B5000010C0CFA03F3A3F1010C1CEA010F08D0AD
:105B6000012000F009FBBDEC068BBDE8104000F001
:105B700031BA0B4218BFBFEE008A21E643001CBFBA
:105B80004FF08073B3EB400F34D96FF01A02DFEDA2
:105B9000161A20EE210A10EE100A27E0000000007D
:105BA000001080C0ABAAAA3E0000803D7EE24C3EC1
:105BB00000B03842D49AB8BB3BAA3842080900006A
:105BC000FC596337C9FF753A1872313DA6080000C9
:105BD000DA0800004A0800000000FC420000FE4213
:105BE0000000004B000040430000004D10F0004F4B
:105BF000A0D1E5E5A0F50003B3F1FE4F21D2DFE52A
:105C000003EB4103B3F1007F11D3F5EEC00AF1EECF
:105C100010FA05D1430018BFB4EB400F76D883E7E4
:105C200001F0004141F0FC5100EE901A7CE7B3F125
:105C3000807F06D210EE903AA3F5000300EE903A72
:105C400072E720F000426FF0FF4C604C02EB0C0357
:105C5000A34210D321F000439C44A4450BD3B0F1E0
:105C60007E5F18BF5FEA410C50D0B2F1FF4F98BF82
:105C7000B3F1FF4F05D9BDEC068BBDE8104000F035
:105C8000A6B9B0F1FF4F0FD0C1F3C7527F2A09DB8D
:105C9000972A11DAC2F19602012303FA02F2531E87
:105CA0000B4205D0002208E011F0004F55D128E04A
:105CB0000A4218BF012200D1022210F5000F13D0B2
:105CC00028B3B0F1004F26D010F1814F4FD04FF0E4
:105CD000FE42B2EB400F94BF01200020012202EBF4
:105CE000E171884239D10CE011F0004F02D0012A55
:105CF00038D032E0012A02BF9FED350ABDEC068B99
:105D000010BD9FED340ABDEC068B10BD2FE011F0E5
:105D1000004F0CD121E0B1F1FF4F1ED011F5000F63
:105D200005D011F0004F15D00AB1012A08D0022089
:105D300000F022FABDEC068BBDE8104000F03AB945
:105D4000022000F019FA00F035F9BDEC068BB1EE37
:105D5000400A10BD0AB1012A04D0B0EE690ABDECB8
:105D6000068B10BDBDEC068B9FED1B0A10BDBDEC74
:105D7000068BB7EE000A10BD30EE410AB5EE001AF0
:105D80009FED172A00EE413AB6EE001A60EE001AB7
:105D900000EE431A61EEC11A9FED101A20EE011AAF
:105DA00020EE020A9FED0F2A01EE820A71EE001A20
:105DB00011EE900A00F500606FF30B0009EE100A77
:105DC00031EE491A31EE00AA9CE50000FFFF3F00CA
:105DD000000080FF0000807F0000008000B0B8411C
:105DE000D49A38BB3BAAB84100B510EE101A2DED7D
:105DF000028B81B0524A6846B2EB410F2ED94FF068
:105E0000E640B0EB410F94BF00204FF0FF30009010
:105E10000098B0EE408A00286ADB10F0010F4BD0EA
:105E200068EE080A9FED471A9FED470A00EE810AC7
:105E30009FED461A10F0020F00EE801AB7EE000A2E
:105E400000EE810A02BF01B0BDEC028B00BD00BFB5
:105E500001B0B1EE400ABDEC028B00BD3C4B21F01D
:105E60000042934241D911F0004FDFED3A0A20EE93
:105E7000201ADFED390A19BF31EE601A71EE200ADF
:105E800031EE201A71EE600ABDEEE01A11EE100A32
:105E90009FED321A00F0030000EEC10A9FED301AA8
:105EA000009000EEC10A9FED2F1A00EEC10A9FED8F
:105EB0002E1A00EEC10AABE728EE080A9FED2B1A56
:105EC000DFED2B0A10F0020F40EE010A9FED291AB8
:105ED00000EE201A61EE000AB0EE480A08EE200A31
:105EE000B6D101B0BDEC028B00BD00F08BF88FE79E
:105EF00018EE100A4000B0F17F4F0DD218EE100AD4
:105F0000FFF799F9042808BF00F074F8B0EE480ACA
:105F100001B0BDEC028B00BD09D1012000F02CF9CD
:105F200001B0BDEC028B5DF804EB00F053B801B09A
:105F3000B0EE480ABDEC028B5DF804EB00F044B80B
:105F4000B61F927EB93AB2BACA9F2A3DDDFFFFBEA4
:105F5000490E494683F9223F0000004B0000C93F2B
:105F600000A0FD390020A2331A61342C336D4CB9E6
:105F7000DA82083CA0AA2ABE10B52DED028BB1EE44
:105F8000C08A18EE100A20F00040C0F1FF40C00F98
:105F90000AD010EE100A20F00040C0F1FF40C00F00
:105FA00004BF012000F0E8F8B0EE480ABDEC028B17
:105FB00010BD0000DFED030AB7EE001A81EE200AE3
:105FC000704700000000000030EE000A704730EE1D
:105FD000200A7047DFED020A80EEA00A7047000039
:105FE000000000009FED020A20EE000A704700004A
:105FF000000000709FED020A20EE000A70470000CA
:10600000000000102DE9F0014FF07F42B2EB410F8C
:106010009FBF4FF0FF310160BDE8F00170474FF0C6
:10602000004242EA0123C1F3C752783A551112F0F7
:106030001F0C434CCCF120067C44C1F3C752A2F1A3
:1060400078024FEA621204EB820254F8254008BF3E
:10605000D2E9015612D0556804FA0CF425FA06F775
:106060003C43976805FA0CF527FA06F8D26807FA58
:106070000CFCF24045EA08054CEA0206A4FB034C7E
:10608000A5FB0352A6FB03631D449D4234BF0126BA
:1060900000261319334416B1934202D903E0934208
:1060A00001D2012200E00022624402F1200C92069B
:1060B000DC0C42EA443200EE102A5B03DFED210AD9
:1060C000F8EEC01A00EE103A4FEA9C1C11F0004F97
:1060D000B8EE400AC0F800C020EE201A00EE105AB8
:1060E000DFED190AB8EE400A20EE200A71EE810AAF
:1060F00070EE800A10EE902A02F500626FF30B0238
:1061000000EE902A70EEE11A31EEC11ADFED101A9E
:1061100030EE411A9FED0D0A20EE800A01EE210AB1
:106120009FED0C1A00EE810A04BFBDE8F001704734
:10613000CCF180510160BDE8F001B1EE400A70473A
:10614000C8020000000000360000802C22AAFD29B1
:10615000DB0FC92F0000C92F02E008C8121F08C1B9
:10616000002AFAD170477047002001E001C1121FD8
:10617000002AFBD170470000014908607047000009
:106180000000002010B500EE100A2DED028BB1EEDC
:10619000C08A18EE100A20F00040C0F1FF40C00F86
:1061A0000AD010EE100A20F00040C0F1FF40C00FEE
:1061B00004BF0120FFF7E0FF18EE100ABDEC028BD0
:1061C00010BD000000000000000000000000B33F10
:1061D000B2BE7D3A00002E40DFCF513800007E4035
:1061E000BF51FABA00E0A44019DAC3BA00E0C840CF
:1061F000C2ED8AB90040EB40CD1F2CBA0010064119
:106200002AFFFABA00C01541DFCFD13700D02441B0
:106210009A97703A0050334189478E360040414189
:10622000E75B9D3800B04E41C00A98B900A05B41C1
:10623000558F943A00306841DA92C0BA00407441F8
:1062400062B3C63A0000803F00A0853F00908B3FBC
:1062500000C0913F0030983F00F09E3F00F0A53F06
:106260000050AD3F0000B53F0000BD3F0060C53F9E
:106270000020CE3F0040D73F00C0E03F00C0EA3FD3
:106280000020F53F000000007D36AC397D3C3839F8
:10629000EBDCF438320A7E39124C26399B6AED3930
:1062A000A4EE83397F661E39F6398A392B42653967
:1062B000A48211395B991F39C3EECD39DDE7C637AA
:1062C000A5A22F390000803FC3AA853FC2958B3F0E
:1062D000D3C3913FF037983F32F59E3FD7FEA53F9D
:1062E0003F58AD3FF304B53FA408BD3F2A67C53F03
:1062F0008C24CE3FFD44D73FDFCCE03FC7C0EA3F10
:106300007D25F53F000000006E83F9A22915444E5B
:10631000D15727FCC0DD34F5999562DB4190433CB1
:10632000AB6351FE00000000000000000102030406
:10633000060708090000000001020304000102032F
:1063400004050607080C1014182030400000000057
:106350000000003F000000000000B4420000B44212
:10636000000000000000803F00000000000000006E
:1063700000000000000080BF0000000000000000DE
:1063800000000000000080BF00000000000080BF8F
:10639000000000000000000000000000000080BFBE
:1063A0000000803F0000000000000000080402041C
:1063B00008010101010101030701000001000200C1
:1063C0000400060008000A000C0010002000400035
:1063D00080000001000000000000003F0000FA44BF
:1063E0000000204100000000F4010000494D554428
:1063F0004154413200494D5544415441004C4544BB
:1064000000464443414E00494D55557064617461E6
:1064100000566F69636500556E6E616D6564546109
:10642000736B004261726F6D65746572004C6F77BB
:10643000506F77657200000058640108000000206A
:1064400010040000D0030008386501081004002083
:10645000A84E000068610108410D126F12833A04D2
:1064600011042690D003C3803F28090AD723BDCD4D
:10647000CC4CBD441808A245763F85EB81204F8067
:106480003F010201012C49044009454801085145DA
:1064900001084BDD490881DA611013F0084220132E
:1064A000180E4C20700D0C011C5F1D4C0108AD4AEC
:1064B0004414100242022A40F93C0A35803C052B64
:1064C00004024204B93C0D36080242103C1978110E
:1064D00009293DB93C110939F05C100242450933E4
:1064E000B40937F01A08B40216011A65287AEDDCEF
:1064F000E117F1440108480A42204BA80108092A83
:106500003C5AD83C0A31E43C4B680B340B10200257
:106510003C81CF214D0108594B44293C4BB80934EB
:106520000A116C781AC578011C4BD80C346A98781B
:0865300035507D44017210009A
:040000050800024DA0
:00000001FF
