:020000040800F2
:10000000F056002061020008BD030108BDEA0008A7
:10001000B9030108A5080008B92401087302000803
:10002000000000000000000000000000790E010840
:100030005128000800000000910401089D110108EA
:100040007D0200087D0200087D0200087D02000894
:100050007D0200087D0200087D0200087D02000884
:100060007D0200087D0200087D0200087D02000874
:100070007D0200087D0200087D020008B129000809
:100080007D0200087D0200087D0200087D02000854
:100090007D0200087D0200087D0200087D02000844
:1000A0007D0200087D0200087D0200087D02000834
:1000B0007D0200081D2C00087D0200087D0200085A
:1000C0007D0200087D0200087D0200087D02000814
:1000D000000000007D0200087D020008C52900081C
:1000E000D52900087D0200087D0200087D02000875
:1000F0007D0200087D0200087D0200087D020008E4
:100100007D0200087D020008251601087D02000816
:100110007D0200087D0200087D0200087D020008C3
:100120007D0200087D0200081D2401087D020008F0
:100130007D0200087D0200087D0200087D020008A3
:100140007D0200087D0200087D0200087D02000893
:100150007D0200087D0200087D0200087D02000883
:100160007D0200087D0200087D0200087D02000873
:100170007D0200087D0200087D0200087D02000863
:100180007D0200087D0200087D0200087D02000853
:100190007D0200087D0200087D0200087D02000843
:1001A0007D0200087D0200087D0200087D02000833
:1001B0007D0200087D0200087D0200087D02000823
:1001C0007D0200087D0200087D0200087D02000813
:1001D0007D0200087D0200087D0200087D02000803
:1001E0007D0200087D0200087D0200087D020008F3
:1001F0007D0200087D0200087D0200087D020008E3
:100200007D0200087D0200087D0200080000000059
:10021000000000007D020008000000007D020008D0
:100220007D0200087D0200087D0200087D020008B2
:100230007D0200087D0200087D0200087D020008A2
:100240007D0200087D0200087D020008DFF80CD066
:1002500000F0A6F80048004709490108F0560020C0
:100260000748804707480047FEE7FEE7FEE7FEE74E
:10027000FEE7FEE7FEE7FEE7FEE7FEE7FEE700003B
:10028000ED1401084D0200082DE9F05F054600203D
:1002900092469B4688460646814640241BE02846F7
:1002A00041464746224600F068F853465A46C01A6F
:1002B000914110D311461846224600F04FF82D1AEE
:1002C00067EB01084F4622460120002100F046F866
:1002D00017EB00094E41201EA4F10104DFDC484663
:1002E00031462A464346BDE8F09F40EA01039B079A
:1002F00003D009E008C9121F08C0042AFAD203E09B
:1003000011F8013B00F8013B521EF9D27047D2B2FE
:1003100001E000F8012B491EFBD270470022F6E7EE
:1003200010B513460A4604461946FFF7F0FF20466B
:1003300010BD10B5044604E00B7800F8013B03B192
:10034000491C521EF8D2204610BD034611F8012B5D
:1003500000F8012B002AF9D118467047202A04DB47
:10036000203A00FA02F1002070479140C2F12003C8
:1003700020FA03F3194390407047202A04DB203A07
:1003800021FA02F00021704721FA02F3D040C2F1B5
:100390002002914008431946704700207047000032
:1003A0001CB509480090094801900546009C06E0EC
:1003B000E06840F0010394E8070098471034AC422D
:1003C000F6D3FFF747FF00002869010848690108D4
:1003D00070B58C1810F8015B15F0070301D110F807
:1003E000013B2A1106D110F8012B03E010F8016B34
:1003F00001F8016B5B1EF9D12B0705D40023521EB7
:100400000DD401F8013BFAE710F8013BCB1A921C1E
:1004100003E013F8015B01F8015B521EF9D5A1421C
:10042000D8D3002070BD000080B586B0049040F2A3
:100430004C72C2F20002002050611061D0609060E6
:10044000506010602C211170049A0121019112F06A
:100450008DFB01990390049A084612F087FB0290E5
:10046000039818B1FFE70398059008E0029818B1C7
:10047000FFE70298059002E000200590FFE705984D
:1004800006B080BD80B582B012F01EFE01900198CA
:1004900002B080BD80B584B0ADF80A0001918DF83E
:1004A0000320BDF80A0040F2FE71884207DCFFE736
:1004B000019820B1FFE79DF8030020B9FFE76FF036
:1004C0000100039008E0BDF80A0001999DF803209F
:1004D00012F094FE0390FFE7039804B080BD000083
:1004E00080B584B0ADF80E0012F084FE40F2786062
:1004F000C2F2000012F006FD0190019818B9FFE762
:1005000011F0FAFF0DE00198B0F1FF3F08DCFFE7C2
:1005100040F6C061C2F20001886901308861FFE7DE
:10052000FFE740F2A860C2F2000012F00DFD40B1FA
:10053000FFE740F6C061C2F20001C8690130C8613E
:10054000FFE740F2D860C2F2000012F04BFD40B16C
:10055000FFE740F6C061C2F20001086A013008629C
:10056000FFE712F00DF840F26C00C2F200000078D4
:1005700038B9FFE740F26041C2F200010020086094
:1005800047E040F61870C2F20000407990B9FFE7EA
:1005900040F61870C2F20000C07858B9FFE740F684
:1005A0001870C2F20000007920B9FFE76420ADF8AE
:1005B000020003E00520ADF80200FFE7BDF80E20C1
:1005C00040F26040C2F2000001681144016000681E
:1005D000BDF8021088421CD3FFE740F26041C2F22E
:1005E00000010020086005F095F9CDF80A0040F2FE
:1005F00002300DF10A01042212F000FE40B1FFE7C3
:1006000040F6C061C2F20001486901304861FFE76D
:10061000FFE704B080BD000080B582B0ADF80600F1
:10062000BDF8060040B1FFE740F26D00C2F20000E5
:100630000078022801D0FFE70BE002F035F940B165
:10064000FFE740F6C061C2F20001086D01300865A5
:10065000FFE702B080BD000080B584B040F6040022
:10066000C4F20240006800F040010020B0EB911F8E
:1006700004D1FFE712F010FB039065E002F032F9BD
:1006800020B1FFE74FF0FF3003905DE00DF1070070
:1006900002F02CF920B1FFE74FF0FF30039053E058
:1006A0009DF8070020B9FFE712F0F6FA03904BE03F
:1006B0009DF807008DF8060005F02CF90290FFE781
:1006C00005F028F90299401AC0087C281DD8FFE7D8
:1006D0000DF1070002F00AF920B1FFE74FF0FF30FB
:1006E000039031E09DF807109DF8060008408DF852
:1006F00006009DF8060020B9FFE712F0CDFA03903E
:1007000022E00A2003F012FFDAE7012005F02AFABE
:10071000022005F027FA082005F024FA202005F031
:1007200021FA40F64001C4F20241086840F0FF009F
:10073000086040F60001C4F20241086840F0800001
:10074000086000200390FFE7039804B080BD00001C
:1007500080B540F20871C2F200010020087002F07A
:10076000C1F880BD80B582B0ADF8060040F20870D7
:10077000C2F200000078F0B9FFE740F61870C2F24C
:100780000000C078B0B1FFE740F61870C2F2000078
:10079000007978B1FFE712F073FC20B1FFE712F0A7
:1007A00081FC38B9FFE740F20871C2F20001012074
:1007B0000870FFE714E00DF1050002F097F840B172
:1007C000FFE740F6C061C2F20001C86A0130C862AA
:1007D00006E09DF8050018B9FFE712F05DFAFFE7A3
:1007E00002B080BD80B584B08DF80B009DF80B0081
:1007F000652804D3FFE76FF00100039014E09DF833
:100800000B0018B9FFE76A20019003E09DF80B0088
:100810000190FFE701988DF80A009DF80A1000206A
:1008200014F050FE0390FFE7039804B080BD000071
:1008300080B582B0ADF8060040F61870C2F2000034
:100840008079012807D0FFE740F26441C2F200013D
:100850000020087024E040F26440C2F200000078FA
:1008600070B9FFE705F056F840F26841C2F20001A6
:10087000086040F26441C2F20001012008700FE0FC
:1008800005F048F840F26841C2F200010968401AD8
:1008900000097C2801D8FFE702E012F08DFAFFE79B
:1008A00002B080BDFFE7FEE784B0029001910092A4
:1008B00002980199884203DAFFE7019803900AE061
:1008C00002980099884203DDFFE70098039002E058
:1008D00002980390FFE7039804B0704785B0049036
:1008E0000498006A039004980068406920F443006B
:1008F00003990843049909684861049B1A69586977
:100900009969DB6918431043084303900498016810
:1009100001205022C4F202029142029000F067814D
:10092000FFE70498016801205022C5F202029142BB
:10093000029000F05C81FFE7049801680120D0225A
:10094000C4F202029142029000F05181FFE7049844
:1009500001680120D022C5F202029142029000F00B
:100960004681FFE704980168012040F25012C4F26A
:1009700002029142029000F03A81FFE70498016878
:10098000012040F25012C5F202029142029000F0A2
:100990002E81FFE704980168012040F2D012C4F2D2
:1009A00002029142029000F02281FFE70498016860
:1009B000012040F2D012C5F202029142029000F0F2
:1009C0001681FFE704980168012040F25022C4F22A
:1009D00002029142029000F00A81FFE70498016848
:1009E000012040F25022C5F202029142029000F032
:1009F000FE80FFE704980168012040F2D022C4F293
:100A000002029142029000F0F280FFE70498016830
:100A1000012040F2D022C5F202029142029000F081
:100A2000E680FFE704980168012040F25032C4F2EA
:100A300002029142029000F0DA80FFE70498016818
:100A4000012040F25032C5F202029142029000F0C1
:100A5000CE80FFE704980168012040F2D032C4F252
:100A600002029142029000F0C280FFE70498016800
:100A7000012040F2D032C5F202029142029000F011
:100A8000B680FFE704980168012041F25002C4F2E9
:100A900002029142029000F0AA80FFE704980168E8
:100AA000012041F25002C5F202029142029000F090
:100AB0009E80FFE704980168012041F2D002C4F251
:100AC00002029142029000F09280FFE704980168D0
:100AD000012041F2D002C5F202029142029000F0E0
:100AE0008680FFE704980168012041F25012C4F2A9
:100AF0000202914202907AD0FFE704980168012037
:100B000041F25012C5F20202914202906FD0FFE70B
:100B100004980168012041F2D012C4F2020291420D
:100B2000029064D0FFE704980168012041F2D012DE
:100B3000C5F202029142029059D0FFE70498016881
:100B4000012041F25022C4F20202914202904ED0A2
:100B5000FFE704980168012041F25022C5F2020229
:100B60009142029043D0FFE704980168012041F2CE
:100B7000D022C4F202029142029038D0FFE70498DA
:100B80000168012041F2D022C5F202029142029096
:100B90002DD0FFE704980168012041F25032C4F2E1
:100BA00002029142029022D0FFE7049801680120DE
:100BB00041F25032C5F202029142029017D0FFE793
:100BC00004980168012041F2D032C4F2020291423D
:100BD00002900CD0FFE7049800684EF63041CAF648
:100BE000FD710844B0FA80F040090290FFE70298D6
:100BF000C007B8B1FFE70498426A836AC06A00215F
:100C0000CFF6F07101EB035101F07C7108436FF0F6
:100C10000F0101EB021101F47C71014303980843B9
:100C20000390FFE704980068006C00F080200399AF
:100C30000843049909680864049988680A7910438C
:100C4000096B084303900498C068B0F5806F40F0CA
:100C50007C81FFE70498016801205022C4F202025F
:100C60009142019000F06781FFE70498016801203C
:100C70005022C5F202029142019000F05C81FFE730
:100C8000049801680120D022C4F20202914201902E
:100C900000F05181FFE7049801680120D022C5F2DD
:100CA00002029142019000F04681FFE7049801683A
:100CB000012040F25012C4F202029142019000F071
:100CC0003A81FFE704980168012040F25012C5F212
:100CD00002029142019000F02E81FFE70498016822
:100CE000012040F2D012C4F202029142019000F0C1
:100CF0002281FFE704980168012040F2D012C5F27A
:100D000002029142019000F01681FFE70498016809
:100D1000012040F25022C4F202029142019000F000
:100D20000A81FFE704980168012040F25022C5F2D1
:100D300002029142019000F0FE80FFE704980168F2
:100D4000012040F2D022C4F202029142019000F050
:100D5000F280FFE704980168012040F2D022C5F23A
:100D600002029142019000F0E680FFE704980168DA
:100D7000012040F25032C4F202029142019000F090
:100D8000DA80FFE704980168012040F25032C5F292
:100D900002029142019000F0CE80FFE704980168C2
:100DA000012040F2D032C4F202029142019000F0E0
:100DB000C280FFE704980168012040F2D032C5F2FA
:100DC00002029142019000F0B680FFE704980168AA
:100DD000012041F25002C4F202029142019000F05F
:100DE000AA80FFE704980168012041F25002C5F291
:100DF00002029142019000F09E80FFE70498016892
:100E0000012041F2D002C4F202029142019000F0AE
:100E10009280FFE704980168012041F2D002C5F2F8
:100E200002029142019000F08680FFE70498016879
:100E3000012041F25012C4F20202914201907AD094
:100E4000FFE704980168012041F25012C5F2020246
:100E5000914201906FD0FFE704980168012041F2B0
:100E6000D012C4F202029142019064D0FFE70498CC
:100E70000168012041F2D012C5F2020291420190B4
:100E800059D0FFE704980168012041F25022C4F2D2
:100E90000202914201904ED0FFE7049801680120C0
:100EA00041F25022C5F202029142019043D0FFE785
:100EB00004980168012041F2D022C4F2020291425A
:100EC000019038D0FFE704980168012041F2D02258
:100ED000C5F20202914201902DD0FFE7049801680B
:100EE000012041F25032C4F202029142019022D01C
:100EF000FFE704980168012041F25032C5F2020276
:100F00009142019017D0FFE704980168012041F257
:100F1000D032C4F20202914201900CD0FFE7049853
:100F200000684EF63041CAF6FD710844B0FA80F010
:100F300040090190FFE70198C00728B1FFE7039837
:100F400040F480600390FFE70CE00498C068B0F5BF
:100F5000007F05D1FFE7039840F40070039000E0A4
:100F6000FFE7FFE70498416B039808430390049858
:100F70000068406C42F20011C3F6C041084003997A
:100F8000084304990968486404980168002088644B
:100F900004980168012040F25032C4F202029142EA
:100FA00000904ED0FFE704980168012040F25032D3
:100FB000C5F202029142009043D0FFE70498016815
:100FC000012040F2D032C4F202029142009038D0A7
:100FD000FFE704980168012040F2D032C5F2020216
:100FE000914200902DD0FFE704980168012041F262
:100FF0005032C4F202029142009022D0FFE70498DE
:101000000168012041F25032C5F202029142009083
:1010100017D0FFE704980168012041F2D032C4F2F2
:101020000202914200900CD0FFE7049800684EF64F
:101030003041CAF6FD710844B0FA80F040090090D2
:10104000FFE70098C00740B1FFE70498016800205F
:101050004865049909688865FFE7049801680020DD
:10106000C86705B07047000083B0029001910092FC
:10107000029890F820008007002811D5FFE701981A
:1010800030B1FFE701990020CFF601600860FFE76B
:10109000009820B1FFE7009907200860FFE710E003
:1010A000019830B1FFE701990020CFF601000860F8
:1010B000FFE7009820B1FFE7009905200860FFE7EF
:1010C000FFE703B07047000084B0039002910192E3
:1010D000009303980068806C4FF6FF718843BDF859
:1010E00000100844039909688864039801684FF464
:1010F000FE40C860029803990968C8640198039982
:101100000968086504B0704785B00090009B986935
:10111000D9691A6A5B6A04930392029101909DED6A
:10112000010ADDED020A9DED031ADDED041A05B09A
:101130007047000080B582B00190019846F63C01EE
:10114000C0F6010100F0D8F8019800F003F802B0F1
:1011500080BD000080B58EB00D900D9A4FF07E508E
:10116000099000200A900B900C9009990A9BDDF8D9
:101170002CC0DDF830E0C2F824E0C2F820C0D36112
:1011800091610D9A0690079008900699079BDDF8EB
:1011900020C0C2F830C0D36291620D9A012182F85A
:1011A00034100D9A0021C4F2201191630D9981F839
:1011B00040000D9A0390049005900399049BDDF87C
:1011C00014C0C2F84CC0936451640D9A0090019011
:1011D00002900099019BDDF808C0C2F858C0536521
:1011E00011650D9981F85C000D9908660D9A516999
:1011F00051660D9981F868000D99C8660D99486986
:1012000008670EB080BD000080B590B00F908DEDE6
:101210000E0A0F9890ED060A90ED073A90ED081A25
:1012200090ED092A23EE013A20EE020A30EE030A7D
:1012300021EE013AB6EE001A8DED011A31EE431A95
:1012400022EE022A71EE420A14F016FB8DED0D0A11
:101250009DED0D0A8DED020A9DED0E0A00F0C0FC19
:101260009DED011AB0EE402A9DED020A30EE420AD1
:1012700020EE010A8DED0C0A9DED0C0A14F052FCD3
:101280008DED080A002009900A909DED0C0A15F0DA
:1012900023F8B0EE401A9FED170A30EE410A8DEDAB
:1012A0000B0A0F9803909DED080ADDED090A9DEDEC
:1012B0000A1ADDED0B1A90ED062AD0ED072A90ED03
:1012C000083AD0ED093A00F07FFE0399CDED071AF8
:1012D0008DED061ACDED050A8DED040A0498059AE8
:1012E000069BDDF81CC0C1F824C00B62CA6188618E
:1012F00010B080BD0000008080B586B005900491DC
:101300000498007805990870049840680599486029
:10131000049890ED020AB5EE400AF1EE10FA05D1FC
:10132000FFE79FED4C0A8DED030A09E0049890ED6C
:10133000020A9FED471A20EE010A8DED030AFFE72E
:101340009DED030A059880ED020A049890ED030ACA
:10135000B5EE400AF1EE10FA05D1FFE79FED3D0A28
:101360008DED020A11E0049890ED030A00F038FCBC
:1013700014F0B2FFB6EE001A20EE010AF0EE000AF9
:1013800014F078FC8DED020AFFE79DED020A059846
:1013900080ED030A049890ED040AB5EE400AF1EEE0
:1013A00010FA05D1FFE79FED2B0A8DED010A11E040
:1013B000049890ED040A00F013FC14F08DFFB6EED3
:1013C000001A20EE010AF0EE000A14F053FC8DED35
:1013D000010AFFE79DED010A059880ED040A0498D3
:1013E00040690599486105994869486605994869C1
:1013F0000867049890ED010AB5EE400AF1EE10FA84
:1014000004D0FFE70498406948B9FFE705994FF613
:10141000FF70C7F67F70C86005990861FFE70598FF
:1014200090F83400C00720B9FFE705994868886341
:10143000FFE7059890ED011AB2EE040A30EE410A7A
:10144000B0EE081A80EE010A80ED0F0A06B080BDEA
:1014500048E17A3FFFFF7F7F80B5CAB08DED491A22
:10146000CDED480A8DED470ACDED462A8DED452A92
:10147000CDED441A8DED434ACDED423A8DED413A22
:101480004090CDED3F4A40994498459A469B0B6366
:10149000CA6288629DED470AB0EEC00A409890ED9E
:1014A000021AB4EE410AF1EE10FA1ADCFFE79DEDE4
:1014B000480AB0EEC00A409890ED021AB4EE410A14
:1014C000F1EE10FA0DDCFFE79DED490AB0EEC00A1F
:1014D000409890ED021AB4EE410AF1EE10FA1CDDCC
:1014E000FFE7409B9869D9691A6A5B6A3E933D920F
:1014F0003C913B904098FFF72DFE40993B983C9AD9
:101500003D9BDDF8F8C0C1F824C00B62CA61886158
:101510004099012081F84000FFE7409890F834009E
:10152000C00768B3FFE7409890ED0E0A90ED0F1AE0
:101530009DED3F2A21EE021A30EE410A80ED0E0A9F
:10154000409890ED011A90ED0E0AB4EE410AF1EECA
:1015500010FA09DBFFE7409890ED010AB5EE400A6A
:10156000F1EE10FA0BD1FFE7409948688863409983
:10157000002081F83400409981F84000FFE7FFE740
:1015800040980DF04FF98DED3A1ACDED390A8DEDF9
:10159000380A00203790369035904099012081F824
:1015A0005C009DED440ADDED450A9DED461A01F013
:1015B0000FF8002879D1FFE7409804909DED440A88
:1015C000DDED450A9DED461A01F054F88DED311A16
:1015D000CDED300A8DED2F0A9DED2F0ADDED300A9D
:1015E0009DED311ADDED381A9DED392ADDED3A2AEF
:1015F00001F0B2FA04998DED341ACDED330A8DED78
:10160000320A3298339A349BCB648A644864409897
:1016100090F83400C00790B9FFE7409890ED110AA8
:10162000D0ED120A90ED131A00F0FEFF409890EDF5
:10163000031AB4EE410AF1EE10FA09DCFFE7409913
:10164000002081F85C004099086E0938086604E0C3
:101650004099086E01300866FFE74099086E496EB0
:10166000884207DDFFE7409900204866409981F8ED
:101670005C0003E0409948694866FFE7409842698A
:10168000006E0021FFF710F940990866409890F825
:101690005C00C00740B9FFE7409A506C916CD26C77
:1016A000379236913590FFE7FFE700202E902D907E
:1016B0002C904099012081F868009DED410ADDEDF4
:1016C000420A9DED431A00F083FF002840F0978006
:1016D000FFE740980DF02EF98DED2B1ACDED2A0A7B
:1016E0008DED290A409803909DED380ADDED390A09
:1016F0009DED3A1ADDED411A9DED422ADDED432ABA
:1017000000F098FE8DED221ACDED210A8DED200A14
:101710009DED200ADDED210A9DED221A00F0AAFFC1
:101720008DED251ACDED240A8DED230A9DED230ABA
:10173000DDED240A9DED251ADDED291A9DED2A2AFD
:10174000DDED2B2A01F008FA03998DED281ACDED75
:10175000270A8DED260A2698279A289B8B654A65CD
:101760000865409890F83400C00790B9FFE74098AA
:1017700090ED140AD0ED150A90ED161A00F054FF02
:10178000409890ED041AB4EE410AF1EE10FA09DC2B
:10179000FFE74099002081F868004099C86E093839
:1017A000C86604E04099C86E0130C866FFE74099FA
:1017B000C86E096F884207DDFFE74099002008677F
:1017C000409981F8680003E0409948690867FFE79D
:1017D00040984269C06E0021FFF766F84099C866DC
:1017E000409890F86800C00740B9FFE7409A106D34
:1017F000516D926D2E922D912C90FFE7FFE7B6EE82
:10180000000A00F0EDF9F0EE401A9DED470ADDED1B
:10181000480A9DED491A00F057FF8DED1F1ACDEDD6
:101820001E0A8DED1D0A9DED350ADDED360A9DED92
:10183000371ADDED2C1A9DED2D2ADDED2E2A00F054
:101840009DFD8DED161ACDED150A8DED140A40980B
:10185000D0ED0E1A9DED140ADDED150A9DED161A58
:1018600000F032FF8DED191ACDED180A8DED170A33
:101870009DED1D0ADDED1E0A9DED1F1ADDED171A07
:101880009DED182ADDED192A00F078FD8DED1C1A6A
:10189000CDED1B0A8DED1A0A40980190DDED3F1A3F
:1018A0009DED1A0ADDED1B0A9DED1C1A00F00CFFE0
:1018B00001988DED0B1ACDED0A0A8DED090A90ED18
:1018C000060AD0ED070A90ED081AD0ED091A9DED31
:1018D000092ADDED0A2A9DED0B3A00F0C7FC0198BC
:1018E000CDED0F1A8DED0E1ACDED0D0A8DED0C0A12
:1018F00090ED060AD0ED070A90ED081AD0ED091A0E
:101900009DED0C2ADDED0D2A9DED0E3ADDED0F3A31
:1019100000F07EFA0199CDED131A8DED121ACDED7E
:10192000110A8DED100A1098119A129BDDF84CC027
:10193000C1F824C00B62CA6188614098029090EDA2
:10194000060AD0ED070A90ED081AD0ED091A00F04A
:1019500007FB0299CDED081A8DED071ACDED060AA9
:101960008DED050A0598069A079BDDF820C0C1F8A1
:1019700024C00B62CA6188614AB080BD80B58CB05A
:101980008DED0B1ACDED0A0A8DED090ACDED082A71
:101990008DED072ACDED061A05908DED043A0598D8
:1019A0000021019102910391DDED044A9DED090AA8
:1019B000DDED0A0A9DED0B1ADDED061A9DED072AF5
:1019C000DDED082A9DED013ADDED023A9DED034A79
:1019D000FFF742FD059890F83400C00730B1FFE7EB
:1019E00005989FED030AFFF70FFCFFE70CB080BDE1
:1019F0000000000080B582B08DED000A9DED000A68
:101A0000BFEE001AB4EE410AF1EE10FA06DCFFE771
:101A100040F6DB70CBF6C970019016E09DED000A30
:101A2000B7EE001AB4EE410AF1EE10FA06DBFFE75A
:101A300040F6DB70C3F6C970019006E09DED000A28
:101A400013F084FE8DED010AFFE79DED010A02B05F
:101A500080BD000085B0049003919DED030AB8EEAF
:101A6000401AB7EE000A80EE010A9FED0C1A20EE34
:101A7000010A049880ED000A0398049948600499CB
:101A80000020886004990090019002900098019ACB
:101A9000029B4B610A61C86005B07047FDAD003E16
:101AA00080B592B08DED0E1ACDED0D0A8DED0C0ABC
:101AB0000B900B989DED0C0ADDED0D0A9DED0E1AB5
:101AC000D0ED031A90ED042AD0ED052A00F07EFE39
:101AD0008DED0A1ACDED090A8DED080A08980999CD
:101AE0000A9A0E920D910C909DED0C0AB0EEC00A70
:101AF000B0EE081AB4EE410AF1EE10FA18DCFFE776
:101B00009DED0D0AB0EEC00AB0EE081AB4EE410A1F
:101B1000F1EE10FA0CDCFFE79DED0E0AB0EEC00A04
:101B2000B0EE081AB4EE410AF1EE10FA0ADDFFE752
:101B30000B99002088600C980D990E9A11921091C3
:101B40000F9045E00B984168806888420BD2FFE710
:101B50000B998868013088600C980D990E9A119243
:101B600010910F9034E00B980190D0ED001A9DED8C
:101B70000C0ADDED0D0A9DED0E1A00F0CFFD019867
:101B80008DED041ACDED030A8DED020A90ED030AE6
:101B9000D0ED040A90ED051ADDED021A9DED032A41
:101BA000DDED042A00F018FC01998DED071ACDED4A
:101BB000060A8DED050A0598069A079B4B610A6196
:101BC000C8600C980D990E9A119210910F90FFE732
:101BD0009DED0F0ADDED100A9DED111A12B080BDCA
:101BE00081B08DED000A9DED000A9FED031A20EEF5
:101BF000010A01B0704700BF35FA8E3C82B08DED0E
:101C0000010A01980090009941F21240C5F61F7038
:101C1000A0EB610000909DED000A9DED011A9FED83
:101C2000082A21EE021A21EE001A21EE001A9FED79
:101C3000052A31EE021A20EE010A02B0704700BFF9
:101C400012D336BFFF51D83FF0B58FB0189E179D05
:101C5000169CDDF854E0DDF850C00B960A95099407
:101C6000CDF820E0CDF81CC00693059204910390B6
:101C70008DED021ACDED010A8DED000A9DED031ADE
:101C80009DED043A9DED050A9DED004A9DED015A3A
:101C90009DED022A23EE053A21EE041A31EE031AD5
:101CA00020EE020A30EE010A8DED0C0A9DED061AB7
:101CB0009DED073A9DED080A9DED004A9DED015A04
:101CC0009DED022A23EE053A21EE041A31EE031AA5
:101CD00020EE020A30EE010A8DED0D0A9DED091A83
:101CE0009DED0A3A9DED0B0A9DED004A9DED015ACE
:101CF0009DED022A23EE053A21EE041A31EE031A75
:101D000020EE020A30EE010A8DED0E0A9DED0C0A5E
:101D1000DDED0D0A9DED0E1A0FB0F0BDF0B5A1B0CE
:101D20002A9E299D289CDDF89CE0DDF898C08DED69
:101D30001D1ACDED1C0A8DED1B0A1A9619951894E3
:101D4000CDF85CE0CDF858C0159314921391129021
:101D5000CDED112A8DED102ACDED0F1A8DED0E4A25
:101D6000CDED0D3A8DED0C3A9DED1B0ADDED1C0A13
:101D70009DED1D1ADDED0C1A9DED0D2ADDED0E2AEF
:101D800000F0F6FC8DED081ACDED070A8DED060A80
:101D90009DED060ADDED070A9DED081ADDED0F1A2F
:101DA0009DED102ADDED112A00F0B6FB8DED0B1A2A
:101DB000CDED0A0A8DED090A12981399149A159B14
:101DC000DDF858C0179C189D199E1A9F9DED090AB1
:101DD000DDED0A0A9DED0B1AEE46CEF81070CEF836
:101DE0000C60CEF80850CEF80440CEF800C0FFF7E3
:101DF0002BFF8DED201ACDED1F0A8DED1E0A9DEDF6
:101E00001E0ADDED1F0A9DED201A21B0F0BD000075
:101E10008CB0CDED071A8DED061ACDED050A8DEDCE
:101E2000040ACDED033A8DED023ACDED012A8DED98
:101E3000002A9DED040A9DED001A30EE010A8DED99
:101E4000080A9DED050A9DED011A30EE010A8DED9F
:101E5000090A9DED060A9DED021A30EE010A8DED8C
:101E60000A0A9DED070A9DED031A30EE010A8DED79
:101E70000B0A9DED080ADDED090A9DED0A1ADDED5C
:101E80000B1A0CB0704700008CB0CDED071A8DED29
:101E9000061ACDED050A8DED040ACDED033A8DED60
:101EA000023ACDED012A8DED002A9DED040A9DED4B
:101EB000001A20EE010A8DED080A9DED050A9DED40
:101EC000011A20EE010A8DED090A9DED060A9DED2D
:101ED000021A20EE010A8DED0A0A9DED070A9DED1A
:101EE000031A20EE010A8DED0B0A9DED080ADDEDC7
:101EF000090A9DED0A1ADDED0B1A0CB070470000BF
:101F000080B588B0CDED071A8DED061ACDED050A26
:101F10008DED040A9DED042ADDED052A9DED063ABE
:101F2000DDED073AB0EE420AF0EE620AB0EE431A77
:101F3000F0EE631AFFF7A8FFCDED031A8DED021A3C
:101F4000CDED010A8DED000A9DED000ADDED010ADF
:101F50009DED021ADDED031A00F008F908B080BD0E
:101F600080B588B0CDED031A8DED021ACDED010AD2
:101F70008DED000A9DED000ADDED010A9DED021ACE
:101F8000DDED031AFFF7BCFFFFF738FEB0EE402A85
:101F90009DED000ADDED010A9DED021ADDED031A4B
:101FA00000F0AEF8CDED071A8DED061ACDED050A5D
:101FB0008DED040A9DED040ADDED050A9DED061A7E
:101FC000DDED071A08B080BD8CB0CDED071A8DEDA0
:101FD000061ACDED050A8DED040ACDED033A8DED1F
:101FE000023ACDED012A8DED002A9DED040A9DED0A
:101FF000055A9DED063A9DED071A9DED006A9DED8F
:10200000017A9DED024A9DED032A25EE075A20EE46
:10201000060A30EE450A23EE043A30EE430A21EE7A
:10202000021A30EE410A8DED080A9DED007A9DED11
:10203000016A9DED022A9DED034A9DED043A9DED56
:10204000055A9DED060A9DED071A25EE075A23EE67
:10205000063A33EE053A20EE040A30EE030A21EE8A
:10206000021A30EE410A8DED090A9DED004A9DED00
:10207000012A9DED026A9DED037A9DED043A9DEDE6
:10208000055A9DED061A9DED070A25EE075A23EE27
:10209000063A33EE453A21EE041A31EE031A20EEE9
:1020A000020A30EE010A8DED0A0A9DED002A9DED2F
:1020B000014A9DED027A9DED036A9DED041A9DEDA6
:1020C000055A9DED063A9DED070A25EE075A21EEC9
:1020D000061A31EE051A23EE043A31EE431A20EEC9
:1020E000020A30EE010A8DED0B0A9DED080ADDEDC6
:1020F000090A9DED0A1ADDED0B1A0CB070470000BD
:1021000089B0CDED041A8DED031ACDED020A8DEDE7
:10211000010A8DED002A9DED010A9DED001A20EEC9
:10212000010A8DED050A9DED020A9DED001A20EED3
:10213000010A8DED060A9DED030A9DED001A20EEC1
:10214000010A8DED070A9DED040A9DED001A20EEAF
:10215000010A8DED080A9DED050ADDED060A9DEDEB
:10216000071ADDED081A09B07047000084B0CDED04
:10217000031A8DED021ACDED010A8DED000A9DEDD9
:10218000000A9DED013A9DED022A9DED031A30EE05
:10219000030A30EE020A30EE010A04B07047000074
:1021A00080B588B0CDED041A8DED031ACDED020A8D
:1021B0008DED010A9DED011A9DED023A9DED030A98
:1021C0009DED042A21EE033A20EE020A30EE030AC6
:1021D00022EE022A21EE011A31EE021AB6EE002A90
:1021E0008DED002A71EE420A13F046FB00F0B8F8BC
:1021F0008DED050A9DED010A9DED021A9DED032A64
:102200009DED043A21EE031A20EE020A30EE410A57
:1022100030EE000AFFF7EEFB00F0A2F89DED002A79
:102220008DED060A9DED011A9DED023A9DED030A22
:102230009DED044A21EE044A23EE000A30EE040A22
:1022400023EE033A21EE011A31EE031A71EE420A2F
:1022500013F012FB00F084F88DED070A9DED050ADE
:10226000DDED060A9DED071A08B080BD8BB0CDEDFF
:10227000061A8DED051ACDED040A8DED030A8DEDDC
:10228000023ACDED012A8DED002A9DED043A9DED37
:10229000050A9DED061A9DED004A9DED015A9DED42
:1022A000022A20EE450A23EE043A30EE430A21EEDC
:1022B000021A30EE410A8DED070A9DED004A9DEDB0
:1022C000012A9DED025A9DED030A9DED053A9DED13
:1022D000061A23EE053A20EE040A30EE030A21EE38
:1022E000021A30EE410A8DED080A9DED002A9DED9F
:1022F000014A9DED025A9DED031A9DED043A9DEDB4
:10230000060A23EE053A21EE041A31EE431A20EEB6
:10231000020A30EE010A8DED090A9DED002A9DEDBD
:10232000015A9DED024A9DED030A9DED043A9DED93
:10233000051A23EE053A20EE040A30EE030A21EED8
:10234000021A30EE410A8DED0A0A9DED070ADDED15
:10235000080A9DED091ADDED0A1A0BB0704700005E
:1023600081B08DED000A9DED000A9FED031A20EE6D
:10237000010A01B0704700BFE02E654289B08DEDC3
:10238000051ACDED040A8DED030ACDED022A8DED7F
:10239000012ACDED001A9DED030A9DED001A30EEE5
:1023A000010A8DED060A9DED040A9DED011A30EE3D
:1023B000010A8DED070A9DED050A9DED021A30EE2A
:1023C000010A8DED080A9DED060ADDED070A9DED77
:1023D000081A09B07047000089B08DED051ACDEDDF
:1023E000040A8DED030ACDED022A8DED012ACDED13
:1023F000001A9DED030A9DED001A30EE010A8DEDE5
:10240000060A9DED040A9DED011A30EE010A8DEDDC
:10241000070A9DED050A9DED021A30EE010A8DEDC9
:10242000080A9DED060ADDED070A9DED081A09B0C0
:102430007047000089B08DED051ACDED040A8DEDD1
:10244000030ACDED022A8DED012ACDED001A9DED96
:10245000013A9DED022A9DED040A9DED051A21EE3B
:10246000031A20EE020A30EE410A8DED060A9DEDB8
:10247000031A9DED050A9DED002A9DED023A21EE1D
:10248000031A20EE020A30EE410A8DED070A9DED97
:10249000003A9DED012A9DED030A9DED041A21EEFF
:1024A000031A20EE020A30EE410A8DED080A9DED76
:1024B000060ADDED070A9DED081A09B07047000015
:1024C00080B58AB08DED091ACDED080A8DED070AA9
:1024D000CDED062A8DED052ACDED041A9DED070AF6
:1024E000DDED080A9DED091ADDED041A9DED052AC2
:1024F000DDED062A00F03EF88DED031ACDED020A5F
:102500008DED010A9DED010ADDED020A9DED031A34
:1025100000F08AF90AB080BD89B08DED051ACDEDC5
:10252000040A8DED030ACDED022A8DED012ACDEDD1
:10253000001A9DED030A9DED001A20EE010A8DEDB3
:10254000060A9DED040A9DED011A20EE010A8DEDAB
:10255000070A9DED050A9DED021A20EE010A8DED98
:10256000080A9DED060ADDED070A9DED081A09B07F
:102570007047000089B08DED051ACDED040A8DED90
:10258000030ACDED022A8DED012ACDED001A9DED55
:10259000030A9DED001A20EE010A8DED060A9DED5D
:1025A000040A9DED011A20EE010A8DED070A9DED4A
:1025B000050A9DED021A20EE010A8DED080A9DED37
:1025C000060ADDED070A9DED081A09B07047000004
:1025D00084B08DED031ACDED020A8DED010A9DED5B
:1025E000010A0020B5EE400AF1EE10FA009015D174
:1025F000FFE79DED020A0020B5EE400AF1EE10FA69
:1026000000900BD1FFE79DED030A0020B5EE400AD4
:10261000F1EE10FA08BF01200090FFE7009800F0EB
:10262000010004B07047000080B586B08DED051A3A
:10263000CDED040A8DED030ADDED031A9DED042AAC
:10264000DDED052AB0EE610AF0EE420AB0EE621A44
:10265000FFF790FF8DED021ACDED010A8DED000A16
:102660009DED000ADDED010A9DED021A00F0DCF897
:1026700006B080BD80B586B08DED021ACDED010AA1
:102680008DED000A9DED000ADDED010A9DED021AB7
:10269000FFF7CAFFFFF7B2FAF0EE401A9DED000A0D
:1026A000DDED010A9DED021A00F00EF88DED051A20
:1026B000CDED040A8DED030A9DED030ADDED040A5C
:1026C0009DED051A06B080BD87B08DED031ACDEDE6
:1026D000020A8DED010ACDED001A9DED010A9DED76
:1026E000001A20EE010A8DED040A9DED020A9DED0F
:1026F000001A20EE010A8DED050A9DED030A9DEDFD
:10270000001A20EE010A8DED060A9DED040ADDEDAA
:10271000050A9DED061A07B07047000087B08DEDE1
:10272000031ACDED020A8DED010ACDED001A9DEDE3
:10273000010A9DED001A20EE010A8DED040A9DEDBF
:10274000020A9DED001A20EE010A8DED050A9DEDAD
:10275000030A9DED001A20EE010A8DED060A9DED9B
:10276000040ADDED050A9DED061A07B0704700006A
:1027700089B08DED051ACDED040A8DED030ACDED7E
:10278000022A8DED012ACDED001A9DED030A9DED83
:10279000001A30EE410A8DED060A9DED040A9DED0A
:1027A000011A30EE410A8DED070A9DED050A9DEDF7
:1027B000021A30EE410A8DED080A9DED060ADDEDA4
:1027C000070A9DED081A09B07047000089B08DED29
:1027D000051ACDED040A8DED030ACDED022A8DED2B
:1027E000012ACDED001A9DED030A9DED001A30EE91
:1027F000410A8DED060A9DED040A9DED011A30EEA9
:10280000410A8DED070A9DED050A9DED021A30EE95
:10281000410A8DED080A9DED060ADDED070A9DEDE2
:10282000081A09B07047000083B08DED021ACDED93
:10283000010A8DED000A9DED000A9DED012A9DED36
:10284000021A30EE020A30EE010A03B070470000AF
:102850007047000080B582B08DF8070040F2B800E4
:10286000C2F20000026A9DF80710904702B080BDD6
:1028700080B582B08DF8070040F2F400C2F200008B
:10288000026A9DF80710904702B080BD80B582B003
:102890008DF8070040F23010C2F20000026A9DF885
:1028A0000710904702B080BD80B582B040F25C2036
:1028B000C2F20000426A6946904720B1FFE74FF03C
:1028C000FF3001900BE040F25C20C2F20000026A8F
:1028D0000099B1FA81F1490990470190FFE7019809
:1028E00002B080BD80B50DF067FE80BD80B582B0BE
:1028F000019001980DF092FE02B080BD80B586B0C7
:1029000005900491039200200290FFE702980228AC
:102910004CDCFFE70598029A00EB820090ED000A7C
:1029200040F27040C2F2000000EB820040F204016D
:10293000C2F20001009101EB82010FF077FD0498D3
:10294000029A00EB820090ED000A40F27C40C2F255
:10295000000000EB820040F21001C2F20001019180
:1029600001EB82010FF062FD009A0198059B02992C
:1029700003EB810393ED000A02EB8102D2ED000A22
:10298000049A02EB810292ED001A00EB8100D0ED77
:10299000001A0DF04BFD0398029900EB810080EDC9
:1029A000000AFFE7029801300290AFE706B080BD51
:1029B00080B5102002F0D2FD80BD000072B6FFE7A6
:1029C000FEE7000080B540F62810C2F2000002F0D9
:1029D0007FF980BD80B540F62810C2F2000002F0F9
:1029E00077F980BD83B002904AF60040C4F200003F
:1029F0000090029800684AF60001C4F20001884283
:102A000005D1FFE7009800F554700090FFE70098AB
:102A10000299086402980068D0F8800020F4F81049
:102A2000029A1168526B40EA0240C1F88000009897
:102A300070300299486402980068D0F8800020F055
:102A40007060029A1168926B40EA0260C1F88000DF
:102A50000098B03002998864009800F5C47002991B
:102A6000C864009800F5187002990865009800F590
:102A70001E700299486500980190FFE7019800993F
:102A800001F55471884208D2FFE7019900200860DF
:102A9000FFE7019804300190F0E703B070470000B1
:102AA00088B007900691059204930698406848B94B
:102AB000FFE70698016882680069104340EA814098
:102AC000039009E006980168826800691043084392
:102AD00040F080400390FFE70698D0F820C0C1681E
:102AE00042698369C06940EA0C601843104340EAB8
:102AF000014002900798406D049901EBC10100EB81
:102B0000C100019003980199086001980430019078
:102B1000029801990860019804300190002000900B
:102B2000FFE700980699CA6846F62C01C0F6010135
:102B3000895C88420DD2FFE70598009940580199B9
:102B40000860019804300190FFE70098043000907D
:102B5000E7E708B07047000080B58CB08DED081A2B
:102B6000CDED070A8DED060ACDED052A8DED042A7F
:102B7000CDED031A9DED060ADDED070A9DED081A5D
:102B8000DDED031A9DED042ADDED052AFFF798FC23
:102B9000B5EE400AF1EE10FA23DAFFE79DED060AE2
:102BA000DDED070A9DED081ADDED031A9DED042AFF
:102BB000DDED052AFFF73EFC8DED021ACDED010A91
:102BC0008DED000A9DED000ADDED010A9DED021A72
:102BD000FFF750FD8DED0B1ACDED0A0A8DED090AB8
:102BE00014E09DED060ADDED070A9DED081ADDED06
:102BF000031A9DED042ADDED052AFFF71BFC8DED80
:102C00000B1ACDED0A0A8DED090AFFE79DED090AC1
:102C1000DDED0A0A9DED0B1A0CB080BD80B540F6C3
:102C20008C00C2F2000001F0C5F880BD40F248708F
:102C3000C2F200000068704780B5C0B020901F91BC
:102C400000208DF87B001B901F98C0680021C4F203
:102C50007F01884201D0FFE700E0FFE7FFE720980F
:102C600090F85400012804D1FFE702208DF8870076
:102C7000FDE32099012081F85400FFE7FFE7209849
:102C800000680CF059FC002840F0DD83FFE71F9836
:102C90000068012810D0FFE71F9800680221C0F2E9
:102CA000304188420DD1FFE71F98C0680021C4F26F
:102CB0007F01884205D1FFE7209800680CF0DCFB1B
:102CC000FFE7209800681F990A6849680CF03CFCEF
:102CD000209800680CF030FC1A90209800680CF0E6
:102CE0000BFC19901A98002840F0B881FFE719985A
:102CF000002840F0B381FFE71F988068B0F1004FD3
:102D00000ED1FFE7209800681F99096800220CF097
:102D100039FC209800684FF000410CF0DFFC0CE01B
:102D2000209800681F9A116892680CF02BFC20987C
:102D3000006800210CF0D2FCFFE71F984069209941
:102D40000968C96801F01801890888401D901F981A
:102D5000006904281CD0FFE7209800681F990A68C2
:102D600009691D9B0CF060FC209800681F9A11698E
:102D700092690CF08BFC209800681F9A1169127FF1
:102D8000013AB2FA82F2520952060CF06BFC64E18D
:102D90002098006800210CF09FFB000348B9FFE772
:102DA0002098006800210CF097FBC0F38460189015
:102DB00018E02098006800210CF08EFB90FAA0F03B
:102DC0003E903E9820B9FFE720208DF8FF0005E0F7
:102DD0003E98B0FA80F08DF8FF00FFE79DF8FF0005
:102DE0001890FFE7189817901F980068000330B9F3
:102DF000FFE71F980068C0F38460169015E01F98E5
:102E0000006890FAA0F03C903C9820B9FFE72020A1
:102E10008DF8F70005E03C98B0FA80F08DF8F700E7
:102E2000FFE79DF8F7001690FFE71798169988427C
:102E300007D1FFE720980068002211460CF03AFC09
:102E4000FFE72098006801210CF046FB000348B919
:102E5000FFE72098006801210CF03EFBC0F384607E
:102E6000159018E02098006801210CF035FB90FACD
:102E7000A0F03A903A9820B9FFE720208DF8EF00B3
:102E800005E03A98B0FA80F08DF8EF00FFE79DF882
:102E9000EF001590FFE7159814901F980068000345
:102EA00030B9FFE71F980068C0F38460139015E005
:102EB0001F98006890FAA0F03890389820B9FFE782
:102EC00020208DF8E70005E03898B0FA80F08DF802
:102ED000E700FFE79DF8E7001390FFE714981399C8
:102EE000884207D1FFE720980068012100220CF0FA
:102EF000E1FBFFE72098006802210CF0EDFA0003E7
:102F000048B9FFE72098006802210CF0E5FAC0F309
:102F10008460129018E02098006802210CF0DCFA1E
:102F200090FAA0F03690369820B9FFE720208DF86F
:102F3000DF0005E03698B0FA80F08DF8DF00FFE79B
:102F40009DF8DF001290FFE7129811901F9800681B
:102F5000000330B9FFE71F980068C0F38460109049
:102F600015E01F98006890FAA0F03490349820B9CA
:102F7000FFE720208DF8D70005E03498B0FA80F004
:102F80008DF8D700FFE79DF8D7001090FFE7119864
:102F90001099884207D1FFE720980068022100229B
:102FA0000CF088FBFFE72098006803210CF094FAEE
:102FB000000348B9FFE72098006803210CF08CFA61
:102FC000C0F384600F9018E02098006803210CF093
:102FD00083FA90FAA0F03290329820B9FFE72020CF
:102FE0008DF8CF0005E03298B0FA80F08DF8CF0070
:102FF000FFE79DF8CF000F90FFE70F980E901F9806
:103000000068000330B9FFE71F980068C0F38460D0
:103010000D9015E01F98006890FAA0F0309030985D
:1030200020B9FFE720208DF8C70005E03098B0FAFE
:1030300080F08DF8C700FFE79DF8C7000D90FFE70F
:103040000E980D99884207D1FFE720980068032168
:1030500000220CF02FFBFFE7FFE7FFE72098006856
:103060000CF05AFA002840F04481FFE720980068ED
:103070001F9A1168D2680CF0A1FA1F98C06800214D
:10308000C4F27F01884240F03381FFE72098006856
:103090000C901F980068000330B9FFE71F98006884
:1030A000C0F384600B9015E01F98006890FAA0F0C0
:1030B0002E902E9820B9FFE720208DF8BF0005E064
:1030C0002E98B0FA80F08DF8BF00FFE79DF8BF00A2
:1030D0000B90FFE70B98013000F01F0009287DD806
:1030E000FFE71F980068000330B9FFE71F980068EA
:1030F000C0F384600A9015E01F98006890FAA0F071
:103100002C902C9820B9FFE720208DF8B70005E01F
:103110002C98B0FA80F08DF8B700FFE79DF8B70063
:103120000A90FFE70A98013000F01F00800609901E
:103130001F980068000330B9FFE71F980068C0F3CC
:103140008460089015E01F98006890FAA0F02A901B
:103150002A9820B9FFE720208DF8AF0005E02A98D3
:10316000B0FA80F08DF8AF00FFE79DF8AF0008904F
:10317000FFE709980899013101F01F0201219140F0
:10318000084307901F980068000330B9FFE71F98B5
:103190000068C0F38460069015E01F98006890FAFC
:1031A000A0F02890289820B9FFE720208DF8A700EC
:1031B00005E02898B0FA80F08DF8A700FFE79DF8A9
:1031C000A7000690FFE707980699013101F01F015B
:1031D00001EB410140EA0150059082E01F98006830
:1031E000000330B9FFE71F980068C0F384600490C3
:1031F00015E01F98006890FAA0F02690269820B954
:10320000FFE720208DF89F0005E02698B0FA80F0B7
:103210008DF89F00FFE79DF89F000490FFE704985A
:10322000013000F01F00800603901F980068000323
:1032300030B9FFE71F980068C0F38460029015E082
:103240001F98006890FAA0F02490249820B9FFE716
:1032500020208DF8970005E02498B0FA80F08DF8D2
:103260009700FFE79DF897000290FFE70398029907
:10327000013101F01F0201219140084301901F9884
:103280000068000330B9FFE71F980068C0F384604E
:10329000009015E01F98006890FAA0F02290229804
:1032A00020B9FFE720208DF88F0005E02298B0FAC2
:1032B00080F08DF88F00FFE79DF88F000090FFE70A
:1032C00001990098013000F01F0000EB400200203F
:1032D000CFF6206000EB0250084340F000700590EC
:1032E000FFE70C9805991F9A92680CF04BF9FFE7DD
:1032F000FFE71F98408848F20801084200F0A280CA
:10330000FFE748F20030C4F202200CF0DDF81C9018
:103310001F9800680021CCF22131884233D1FFE7A9
:103320009DF87200000600282DD4FFE72098006861
:1033300048F20001C4F20221884223D1FFE71C9821
:1033400040F4000148F20030C4F202200CF05EF9B3
:1033500040F21C00C2F200000068800942F663518E
:10336000C0F23E51A0FB01108109022000EB410098
:103370001B90FFE71B9820B1FFE71B9801381B90BB
:10338000F8E7FFE75DE01F9800680021C4F22931EB
:10339000884219D1FFE79DF87300C007A0B9FFE785
:1033A0002098006848F20011C4F2022188420AD134
:1033B000FFE71C9840F0807148F20030C4F2022010
:1033C0000CF024F9FFE73BE01F9800680021CCF2E5
:1033D000527188421AD1FFE79DF87200400600281A
:1033E00014D4FFE72098006848F20001C4F20221DB
:1033F00088420AD1FFE71C9840F4800148F200306F
:10340000C4F202200CF002F9FFE718E01F980068F0
:103410000021C4F25A7188420FD1FFE7209800685A
:1034200048F20001C4F20221884205D0FFE720984B
:1034300000680CF02DF8FFE700E0FFE7FFE7FFE78B
:10344000FFE7FFE708E02099886D40F020008865DD
:1034500001208DF87B00FFE7FFE72099002081F82D
:103460005400FFE79DF87B008DF88700FFE79DF88B
:10347000870040B080BD000080B588B00690002075
:103480008DF817000190069820B9FFE701208DF80C
:103490001F004FE10698006940B1FFE7069890F8D9
:1034A0002000012801D1FFE7FFE7FFE70698806DC4
:1034B00050B9FFE7069800F041F906990020C86569
:1034C000069981F85400FFE7069800680CF01CF894
:1034D00028B1FFE7069800680BF0C2FFFFE70698E7
:1034E00000680CF021F8F0B9FFE7069800680BF0CF
:1034F000DBFF40F21C00C2F200000068800942F6C7
:103500006351C0F23E51A0FB01108109022000EB83
:1035100041000190FFE7019820B1FFE701980138D1
:103520000190F8E7FFE7069800680BF0FDFF70B91F
:10353000FFE70699886D40F0100088650699C86D10
:1035400040F00100C86501208DF81700FFE70698DC
:1035500000680BF0F1FF03900698806DC00600280C
:1035600000F1DA80FFE70398002840F0D580FFE7FC
:103570000698806D40F0020020F4807006998865FE
:10358000069800680BF0C8FFE0B9FFE748F20000BA
:10359000C4F202200BF0C0FF009048F20010C4F209
:1035A00002200BF0B9FF01460098084348B9FFE735
:1035B0000698416848F20030C4F202200CF018F876
:1035C000FFE7FFE706994A7E886B40EA42308A6847
:1035D000CB681843104391F8201040EA0140049052
:1035E000069890F8200001280BD1FFE70698416A61
:1035F0000020CFF6FE7000EB414104980843049090
:10360000FFE70698806A50B1FFE70699886AC96AA1
:1036100000F478700143049808430490FFE706988B
:103620000068C06844F20701CFF6F07108400499C1
:10363000084306990968C86006980068006920F088
:103640004060069A1168126B104308610698006882
:103650000BF052FF02900398E8BBFFE70298D0BB43
:10366000FFE70699087E91F83410800340EA410094
:10367000049006980068C06844F2020188430499E7
:10368000084306990968C860069890F83C0001282C
:1036900019D1FFE706980068006940F2FD7120EA41
:1036A0000102069B1968186CD3F844E0D3F848C0AF
:1036B00040EA0E0040EA0C00DB6C1843104340F077
:1036C0000100086106E006980168086920F0010021
:1036D0000861FFE7FFE70698006901280CD1FFE7C2
:1036E00006980068006B20F00F00069A1168D269F6
:1036F000013A1043086306E006980168086B20F061
:103700000F000863FFE70698806D40F0010020F08D
:1037100002000699886508E00699886D40F010005F
:10372000886501208DF81700FFE79DF817008DF8D8
:103730001F00FFE79DF81F0008B080BD80B5CCB02A
:103740004B9000204A90499048904790469004A89A
:103750004FF48471FCF7E2FD4B98006848F20001D9
:10376000C4F20221884245D1FFE7002005904FF4C2
:1037700000110491399004A805F094FB18B1FFE7FB
:10378000FFF71CF9FFE740F2AC40C2F2000001680D
:10379000013101600068012810D1FFE7FFE740F622
:1037A0008C40C4F20240016841F48061016000680D
:1037B00000F4806003900398FFE7FFE7FFE740F61F
:1037C0008C40C4F20240016841F0010101600068D0
:1037D00000F0010002900298FFE7022046900320CB
:1037E0004790002048900020C4F2022046A901F032
:1037F000EDFE4EE04B98006848F20011C4F2022141
:10380000884245D1FFE7002005904FF40011049154
:10381000399004A805F046FB18B1FFE7FFF7CEF892
:10382000FFE740F2AC40C2F20000016801310160E4
:103830000068012810D1FFE7FFE740F68C40C4F292
:103840000240016841F480610160006800F480601A
:1038500001900198FFE7FFE7FFE740F68C40C4F2D4
:103860000240016841F001010160006800F00100C0
:1038700000900098FFE70820469003204790002022
:1038800048900020C4F2022046A901F09FFEFFE705
:10389000FFE74CB080BD000087B006900591049210
:1038A00000208DF80F001F2002909DF81400C00723
:1038B00020B9FFE701208DF80F004BE0FFE70299E8
:1038C000481E02900020019051B1FFE7059802992F
:1038D00001F01F0120FA01F1012088430190FFE768
:1038E0000198C00708B1FFE7E9E70498009018289D
:1038F0002BD80099DFE801F028292929292929292D
:103900001F29292929292929162929292929292944
:103910000D000298072804D3FFE701208DF80F005F
:10392000FFE716E00298082804D3FFE701208DF88E
:103930000F00FFE70DE00298102804D3FFE70120F5
:103940008DF80F00FFE704E003E001208DF80F0081
:10395000FFE7FFE79DF80F0078B9FFE705980699A4
:103960000968486106980068806820F0180004998A
:103970000843069909688860FFE79DF80F0007B0C3
:103980007047000080B582B00090009820B9FFE732
:1039900001208DF8070057E00098407F38B9FFE715
:1039A000009900200877009800F052F8FFE700998E
:1039B000022048770098007980B9FFE700980168F5
:1039C00041F6B750C0F2C140486100980068806875
:1039D00020F018000099096888600BE00098816861
:1039E000C268FFF759FF20B1FFE701208DF80700FB
:1039F0002AE0FFE70098407930B9FFE700980168B6
:103A00004FF0FF30086104E0009801680069086128
:103A1000FFE700980068806820F06000009A116855
:103A200052691043886000980068806820F0800028
:103A3000009A1168926910438860009901204877C4
:103A400000208DF80700FFE79DF8070002B080BD59
:103A500082B001900198006843F20001C4F20201B3
:103A6000884210D1FFE7FFE740F68840C4F20240E9
:103A7000016841F480510160006800F480500090BA
:103A80000098FFE7FFE702B07047000080B586B0FE
:103A90000490049820B1FFE70498406F20B9FFE735
:103AA00001208DF8170090E00498006D20B9FFE721
:103AB00001208DF8170088E0049890F854008DF8E4
:103AC0000F0004980068406900F4803002909DF86F
:103AD0000F00012809D0FFE79DF80F00022863D1ED
:103AE000FFE7029800285FD0FFE7049890F85400A1
:103AF000012852D1FFE7FFE7049890F84C00012815
:103B000004D1FFE702208DF817005EE00499012040
:103B100081F84C00FFE7FFE70499022081F8540088
:103B20000499496F08730499002088650499496FC6
:103B3000086104980168486940F4BA4048610498F3
:103B4000406E38B1FFE704980168486940F400709E
:103B50004861FFE70498006F38B1FFE704980168F7
:103B6000486940F400504861FFE70498406F0068DE
:103B700001A90022FDF778FA04980168406F408897
:103B80000004086004980168406F00684FF6FC72FA
:103B90001040019A1043C867FFE70498016848691C
:103BA00040F0010048610CE0049940208865FFE77F
:103BB0000499002081F84C00FFE701208DF81700E0
:103BC00003E000208DF81700FFE79DF8170006B00E
:103BD00080BD000080B584B0029001F09BFE019092
:103BE000029820B9FFE701208DF80F0079E00298D4
:103BF00090F8540002280DD0FFE702992020886534
:103C0000FFE70299002081F84C00FFE701208DF8C2
:103C10000F0066E002980168486940F004004861BE
:103C20000299052081F85400FFE7029800680069B6
:103C30008004002827D4FFE701F06CFE0199401AA8
:103C400006281FD3FFE70299886D40F010008865B1
:103C50000299032081F85400029890F85000000661
:103C6000002805D5FFE70298416F01200873FFE7A0
:103C7000FFE70299002081F84C00FFE701208DF852
:103C80000F002EE0D1E702980168486940F0020079
:103C900048610299042081F85400029801684FF4A9
:103CA000FE40C8600299012081F85400029890F803
:103CB00050000006002809D5FFE70298416F012057
:103CC00008730298016800208864FFE7FFE7029903
:103CD000002081F84C00FFE7FFE700208DF80F007F
:103CE000FFE79DF80F0004B080BD000082B0009097
:103CF000009820B9FFE701208DF807001CE000982C
:103D000090F85400022807D0FFE70099202088652A
:103D100001208DF807000FE00099042081F854007D
:103D200000980168486942F2040210434861FFE7C5
:103D300000208DF80700FFE79DF8070002B07047EC
:103D400085B003900291039820B9FFE701208DF818
:103D500013002AE00398006840F6FF718843019041
:103D6000039800685038C0F3C411012088400090C7
:103D70009DF80800C006002813D5FFE7029800F060
:103D80001100112806D1FFE7009A019948681043F5
:103D9000486005E0009A0199486890434860FFE751
:103DA000FFE700208DF81300FFE79DF8130005B032
:103DB0007047000080B584B003900398006840F617
:103DC000FF7188430290039800685038C0F3C41113
:103DD0000120884001900298C06801990840009035
:103DE000009808B9FFE74DE10398006800694005B5
:103DF000002813D5FFE703980068406940050028B4
:103E00000BD5FFE7039801684FF48060C860039901
:103E1000886D40F001008865FFE7FFE703980068C0
:103E200000690005002813D5FFE703980068406982
:103E3000000500280BD5FFE7039801684FF40060E8
:103E4000C8600399886D40F002008865FFE7FFE7CE
:103E5000039800680069C004002813D5FFE70398A1
:103E600000684069C00400280BD5FFE7039801688B
:103E70004FF48050C8600399886D40F00400886555
:103E8000FFE7FFE70398006800694004002813D5A6
:103E9000FFE7039800684069400400280BD5FFE75E
:103EA000039801684FF48040C8600399886D40F022
:103EB00008008865FFE7FFE7039800680069800550
:103EC000002816D5FFE703980068406980050028A0
:103ED0000ED5FFE7039801684FF40070C86003989F
:103EE000406E20B1FFE70398416E8847FFE7FFE788
:103EF000FFE70398006800698004002850D5FFE7B9
:103F00000398006840698004002848D5FFE70398BB
:103F100001684FF40050C860039890F854000428DA
:103F20002FD1FFE703980168486920F400504861E9
:103F300003980168486940F0020048610399012034
:103F400081F85400039890F850000006002809D525
:103F5000FFE70398416F0120087303980168002070
:103F60008864FFE7FFE70399002081F84C00FFE732
:103F70000398C06E20B1FFE70398C16E8847FFE742
:103F800080E00399052081F854000398006F20B168
:103F9000FFE70398016F8847FFE7FFE7FFE7FFE7C9
:103FA000039800680069C005002842D5FFE7039820
:103FB00000684069C00500283AD5FFE7039890F8EB
:103FC00050000006002814D5FFE703980068C06F72
:103FD00070B9FFE703980068806C40B9FFE7039968
:103FE000012081F854000399496F0873FFE7FFE748
:103FF0000AE003980068806C28B9FFE70399012064
:1040000081F85400FFE7FFE7039801684FF4407020
:10401000C860FFE70399002081F84C00FFE7039890
:10402000006E20B1FFE70398016E8847FFE7FFE7C6
:10403000FFE70398806D28B3FFE70398016848699C
:1040400040F0020048610399012081F85400039870
:1040500090F850000006002805D5FFE70398416F4F
:1040600001200873FFE7FFE70399002081F84C0067
:10407000FFE70398806E20B1FFE70398816E8847C1
:10408000FFE7FFE704B080BD80B584B0029001F087
:1040900041FC0190029820B9FFE701208DF80F0044
:1040A000CEE10298C068B0F5007F01D0FFE7FFE7DE
:1040B0000298406BB0F5805F01D1FFE7FFE70298FF
:1040C000016801205022C4F202029142009000F0E7
:1040D0006781FFE70298016801205022C5F20202C1
:1040E0009142009000F05C81FFE702980168012096
:1040F000D022C4F202029142009000F05181FFE709
:10410000029801680120D022C5F20202914200907B
:1041100000F04681FFE702980168012040F250124A
:10412000C4F202029142009000F03A81FFE7029847
:104130000168012040F25012C5F202029142009043
:1041400000F02E81FFE702980168012040F2D012B2
:10415000C4F202029142009000F02281FFE702982F
:104160000168012040F2D012C5F202029142009093
:1041700000F01681FFE702980168012040F250220A
:10418000C4F202029142009000F00A81FFE7029817
:104190000168012040F25022C5F2020291420090D3
:1041A00000F0FE80FFE702980168012040F2D02273
:1041B000C4F202029142009000F0F280FFE7029800
:1041C0000168012040F2D022C5F202029142009023
:1041D00000F0E680FFE702980168012040F25032CB
:1041E000C4F202029142009000F0DA80FFE70298E8
:1041F0000168012040F25032C5F202029142009063
:1042000000F0CE80FFE702980168012040F2D03232
:10421000C4F202029142009000F0C280FFE70298CF
:104220000168012040F2D032C5F2020291420090B2
:1042300000F0B680FFE702980168012041F25002C9
:10424000C4F202029142009000F0AA80FFE70298B7
:104250000168012041F25002C5F202029142009031
:1042600000F09E80FFE702980168012041F2D00231
:10427000C4F202029142009000F09280FFE702989F
:104280000168012041F2D002C5F202029142009081
:1042900000F08680FFE702980168012041F2501289
:1042A000C4F20202914200907AD0FFE702980168BE
:1042B000012041F25012C5F20202914200906FD0EB
:1042C000FFE702980168012041F2D012C4F2020215
:1042D0009142009064D0FFE702980168012041F20A
:1042E000D012C5F202029142009059D0FFE7029825
:1042F0000168012041F25022C4F202029142009072
:104300004ED0FFE702980168012041F25022C5F229
:1043100002029142009043D0FFE702980168012019
:1043200041F2D022C4F202029142009038D0FFE75D
:1043300002980168012041F2D022C5F202029142A6
:1043400000902DD0FFE702980168012041F2503221
:10435000C4F202029142009022D0FFE70298016865
:10436000012041F25032C5F202029142009017D072
:10437000FFE702980168012041F2D032C4F2020244
:10438000914200900CD0FFE7029800684EF6304151
:10439000CAF6FD710844B0FA80F040090090FFE7CA
:1043A0000098C00708B1FFE7FFE7FFE70299002088
:1043B00081F84C00FFE7029890F8540060B9FFE7DD
:1043C0000299002008660299486602998866029957
:1043D000C86602990867FFE70299022081F8540035
:1043E00002980168486940F006004861FFE70298BA
:1043F00000684069C00798B1FFE701F08BFA0199A6
:10440000401A06280BD3FFE702991020886502990D
:10441000032081F8540001208DF80F0010E0E6E73A
:104420000298FCF75BFA0299486B08650299002034
:104430008865029A012182F854108DF80F00FFE779
:104440009DF80F0004B080BD80B586B00490039144
:1044500002920193049820B9FFE701208DF817001C
:104460005FE00498006D20B1FFE701208DF8170090
:1044700057E0FFE7049890F84C00012804D1FFE7CB
:1044800002208DF817004CE00499012081F84C00BF
:10449000FFE7FFE7049890F85400012830D1FFE7C8
:1044A0000499022081F8540004990020886504983A
:1044B0000399029A019BFCF707FE0498016848697A
:1044C00040F4BA4048610498406E38B1FFE7049860
:1044D0000168486940F400704861FFE70498006F84
:1044E00038B1FFE704980168486940F4005048611A
:1044F000FFE704980168486940F0010048610CE05A
:10450000049940208865FFE70499002081F84C0059
:10451000FFE701208DF8170003E000208DF8170059
:10452000FFE79DF8170006B080BD000080B584B09D
:10453000039001F0EFF90290039801900198013087
:1045400048B1FFE740F24040C2F200000178019814
:1045500008440190FFE7FFE701F0DCF90299401AF7
:104560000199884201D2FFE7F6E704B080BD000060
:1045700086B0049003910292049890F85C008DF844
:104580000700BDF80C0010F4C07F01D0FFE7FFE783
:104590009DF80700012806D0FFE79DF807000228D4
:1045A00040F0DE80FFE704980068806D00909DF881
:1045B0000C00400730B1FFE79DF80000C00700285D
:1045C00047D0FFE79DF80C0010F0380F06D0FFE74A
:1045D0009DF80000800700283BD5FFE7BDF80C00E0
:1045E00010F4E07F06D0FFE79DF8000040070028A8
:1045F0002FD5FFE79DF80D0010F01E0F06D0FFE746
:104600009DF800000007002823D5FFE79DF80D0066
:1046100010F0E00F06D0FFE79DF80000C00600286C
:1046200017D5FFE79DF80E00800730B1FFE79DF832
:104630000000800600280CD5FFE79DF80E0010F062
:10464000FC0F0DD0FFE79DF800004006002807D4BE
:10465000FFE704980168C86D40F00100C865FFE7F6
:104660009DF80C00400730B1FFE79DF80000C0073F
:10467000002847D1FFE79DF80C0010F0380F06D056
:10468000FFE79DF80000800700283BD4FFE7BDF856
:104690000C0010F4E07F06D0FFE79DF80000400713
:1046A00000282FD4FFE79DF80D0010F01E0F06D054
:1046B000FFE79DF800000007002823D4FFE79DF8DE
:1046C0000D0010F0E00F06D0FFE79DF80000C006D7
:1046D000002817D4FFE79DF80E00800730B1FFE7F0
:1046E0009DF80000800600280CD4FFE79DF80E001E
:1046F00010F0FC0F0DD0FFE79DF8000040060028E9
:1047000007D5FFE704980168C86D40F00200C8654E
:10471000FFE79DF80C000006002809D5FFE7029A84
:1047200004980168D1F8DC001043C1F8DC00FFE711
:104730009DF80D00C00748B1FFE7029A0498016890
:10474000D1F8E0001043C1F8E000FFE7039A0498B5
:104750000168486D1043486500208DF8170008E097
:104760000499086E40F00200086601208DF81700D9
:10477000FFE79DF8170006B07047000080B586B0CF
:104780000490039102920398406808B9FFE700E0A3
:10479000FFE7049890F85C0002282FD1FFE7049807
:1047A0000068D0F8C4008002002809D5FFE704990A
:1047B000086E40F40070086601208DF8170026E0AE
:1047C00004980068D0F8C400C0F301400190049838
:1047D0000399029A019BFEF763F90199012000FAFF
:1047E00001F1049A1268C2F8CC100199884004992A
:1047F0008865FFE700208DF8170008E00499086E2F
:1048000040F00800086601208DF81700FFE79DF8CA
:10481000170006B080BD000087B005900491059890
:1048200090F85C008DF803009DF80300012805D086
:10483000FFE79DF8030002283CD1FFE704980068D9
:10484000B8B9FFE704998868CB680A6949698007A5
:1048500040EAC36040EA0240084303900598006CB8
:104860000499496800EB8100019003980199086060
:104870001CE00498C168006940EA41700390049804
:104880008168406940EA817002900598406C049903
:10489000496800EBC10001900398019908600198F4
:1048A00004300190029801990860FFE700208DF81C
:1048B0001B0008E00599086E40F002000866012020
:1048C0008DF81B00FFE79DF81B0007B07047000044
:1048D00085B0DDF814C00390029101920093039813
:1048E00090F85C00012819D1FFE703980068D0F820
:1048F000800020F03F0002990901019A41EA8201FB
:10490000009A41EA4201059A114308430399096854
:10491000C1F8800000208DF8130008E00399086EAC
:1049200040F00400086601208DF81300FFE79DF8B1
:10493000130005B07047000085B00390029101920A
:10494000039890F85C008DF803009DF8030001289F
:1049500005D0FFE79DF80300022816D1FFE7019874
:10496000012807D1FFE7029A03980168886D9043F8
:10497000886506E0029A03980168886D104388658F
:10498000FFE700208DF8130008E00399086E40F05F
:104990000200086601208DF81300FFE79DF8130060
:1049A00005B0704781B0009001B0704782B00190AF
:1049B0000091019840F62811C2F2000188420DD101
:1049C000FFE79DF802000007002807D5FFE740F643
:1049D0004C61C2F2000101200870FFE702B070478D
:1049E00083B00290019102980068406C009000989A
:1049F00000F00700019908600098C0F302200199B7
:104A00004860009800F01800019988600098C0F391
:104A100040100199C8600098C0F3801001990861A6
:104A20009DF80000C009019948610098C0F3C020BA
:104A3000019988610098C0F300300199C86100981D
:104A4000C0F34030019908620098C0F380300199AA
:104A500048620098C0F3064001998862002003B0C4
:104A60007047000083B0029001910198402808D15E
:104A7000FFE702980068D0F8900000F00F00009067
:104A800007E002980068D0F8980000F00F0000904E
:104A9000FFE7009803B070478AB00890079106922C
:104AA000059300200190089890F85C008DF80300B1
:104AB0009DF80300022840F0FA80FFE7079840289D
:104AC0003ED1FFE708980068D0F89000000748B989
:104AD000FFE70899086E40F48070086601208DF8A1
:104AE0002700EDE008980068D0F8900000F0807191
:104AF0000120B0EB116F0FD1FFE708980068D0F8E4
:104B0000800000F400710120B0EB512F03D1FFE7CA
:104B100001200190FFE7FFE708980068D0F89000B7
:104B200000F44071019800EB112001900898806C0E
:104B3000019901EBC10100EBC1000490FFE73DE0EA
:104B400008980068D0F89800000748B9FFE708996E
:104B5000086E40F48070086601208DF82700AFE0F1
:104B600008980068D0F8980000F080710120B0EB40
:104B7000116F0FD1FFE708980068D0F8800000F4AB
:104B800080710120B0EB112F03D1FFE701200190CC
:104B9000FFE7FFE708980068D0F8980000F440713C
:104BA000019800EB112001900898C06C019901EB6D
:104BB000C10100EBC1000490FFE7FFE70498006823
:104BC00000F08040069948600698406838B9FFE7D1
:104BD00004980068C0F38A400699086006E00498CB
:104BE000006820F0604006990860FFE704980068BC
:104BF00000F00050069988600498006800F00040BA
:104C00000699086104980430049004980088069975
:104C1000C86104980068C0F303400699C86004980E
:104C2000006800F48010069948610498006800F458
:104C300000100699886104980068C0F30660069920
:104C4000086204980068C00F06994862049804300E
:104C500004900498039000200290FFE702980699C0
:104C6000CA6846F62C01C0F60101895C88420AD266
:104C7000FFE70398029A805C05998854FFE7029841
:104C800001300290EAE70798402806D1FFE7019833
:104C900008990968C1F8940005E001980899096825
:104CA000C1F89C00FFE700208DF8270008E0089974
:104CB000086E40F00800086601208DF82700FFE725
:104CC0009DF827000AB0704781B0009001B070478E
:104CD00080B58AB0099009980068006D00F4E05032
:104CE000089009980068416D089808400890099854
:104CF0000068006D00F00700079009980068416D9A
:104D000007980840079009980068006D00F0380087
:104D1000069009980068416D069808400690099829
:104D20000068006D00F47100059009980068416DFD
:104D300005980840059009980068006D00F460200F
:104D4000049009980068416D0498084004900998FF
:104D50000068406D019009980068006D00909DF812
:104D6000000000F040010020B0EB911F12D0FFE7DF
:104D70009DF8040000F040010020B0EB911F08D026
:104D8000FFE709980168402008650998FFF79CFF34
:104D9000FFE7FFE79DF80100C007E0B1FFE79DF8DE
:104DA0000500C007B0B1FFE709980068D0F8D80047
:104DB000029009980068D0F8E0100298084002902C
:104DC000099801684FF4807008650998029900F00D
:104DD0009DFBFFE7FFE7089848B1FFE708980999AE
:104DE000096808650998089900F09CFBFFE7079897
:104DF00048B1FFE707980999096808650998079974
:104E000000F0D0FAFFE7069848B1FFE70698099945
:104E1000096808650998069900F0D6FAFFE79DF839
:104E2000010000F002010020B0EB510F13D0FFE7AA
:104E30009DF8050000F002010020B0EB510F09D0F1
:104E4000FFE7099801684FF400700865099800F0C1
:104E50006FFBFFE7FFE79DF800100020B0EBD11FCC
:104E60001DD0FFE79DF804100020B0EBD11F15D036
:104E7000FFE709980068D0F8D4000390099800680B
:104E8000D0F8DC100398084003900998016880204E
:104E900008650998039900F03FFBFFE7FFE79DF8DD
:104EA000010000F020010020B0EB511F13D0FFE7FC
:104EB0009DF8050000F020010020B0EB511F09D043
:104EC000FFE7099801684FF400500865099800F061
:104ED00019FBFFE7FFE79DF801100020B0EBD11FA1
:104EE00011D0FFE79DF805100020B0EBD11F09D0CD
:104EF000FFE7099801684FF400400865099800F041
:104F0000FDFAFFE7FFE79DF8010000F040010020F7
:104F1000B0EB911F15D0FFE79DF8050000F04001B0
:104F20000020B0EB911F0BD0FFE7099801684FF408
:104F3000804008650999086E40F080000866FFE728
:104F4000FFE7049848B1FFE70498099909680865E4
:104F500009980499FFF72AFDFFE7059850B1FFE78C
:104F60000598099909680865059A0999086E10431A
:104F70000866FFE70998006E20B1FFE70998FFF780
:104F800011FDFFE70AB080BD80B584B002900298A1
:104F900020B9FFE701208DF80F0057E10298006863
:104FA0004AF20041C4F20001884201D1FFE7FFE765
:104FB00002988068B0F5407F01D1FFE7FFE70298D3
:104FC00090F85C0040B9FFE70299002081F85D008D
:104FD000029800F03FF9FFE702980168886920F025
:104FE0001000886100F096FC0190FFE702980068CD
:104FF00080690007002815D5FFE700F08BFC0199B8
:10500000401A0B280DD3FFE70299086E40F001000B
:1050100008660299032081F85C0001208DF80F00DA
:1050200014E1E3E702980168886940F001008861B3
:1050300000F070FC0190FFE7029800688069C007EB
:10504000A8B9FFE700F066FC0199401A0B280DD3C0
:10505000FFE70299086E40F00100086602990320FC
:1050600081F85C0001208DF80F00EFE0E4E7029882
:105070000168886940F002008861029800684AF27D
:105080000041C4F20001884208D1FFE7029840685D
:105090004AF20051C4F200010860FFE70298007C68
:1050A000012807D1FFE702980168886920F04000D5
:1050B000886106E002980168886940F040008861D4
:1050C000FFE70298407C012807D1FFE702980168BA
:1050D000886940F48040886106E002980168886928
:1050E00020F480408861FFE70298807C012807D186
:1050F000FFE702980168886920F48050886106E023
:1051000002980168886940F480508861FFE702983E
:105110000068806920F44070029A11689268104318
:10512000886102980168886920F0A400886102986B
:105130000168086920F0100008610298C068012821
:1051400007D1FFE702980168886940F00400886190
:105150002BE00298C06830B3FFE70298C0680228CD
:1051600019D0FFE702980168886940F080008861E3
:1051700002980168086940F0100008610298C06850
:10518000032807D1FFE702980168886940F02000F2
:105190008861FFE706E002980168886940F0200016
:1051A0008861FFE700E0FFE7FFE7029A11685369B3
:1051B0009069D2F81CE0A0F1010C6FF0FF0000EB49
:1051C0000E2040EA4C60126A013A10430022CFF6EA
:1051D000FF7202EB03421043C86102988068B0F589
:1051E000407F1CD1FFE7029A1168536A906AD2F897
:1051F0002CE001386FF0FF0C0CEB0E2C40EA0C0099
:10520000D2F830C06FF00F0202EB0C1210430022F4
:10521000CFF6FF7202EB03421043C860FFE702982B
:105220000168C26BD1F8C0001043C1F8C0000298F9
:10523000FDF7D8FB02990020886502990866029A5A
:10524000012182F85C108DF80F00FFE79DF80F0038
:1052500004B080BD80B58EB00D9000200C900B90F6
:105260000A90099008900D9800684AF20041C4F233
:10527000000188424ED1FFE740F2B040C2F2000088
:105280000168013101600068012810D1FFE7FFE7E4
:1052900040F6A040C4F20240016841F40071016090
:1052A000006800F4007007900798FFE7FFE7FFE74A
:1052B00040F68C40C4F20240016841F001010160F7
:1052C000006800F0010006900698FFE74FF4C05018
:1052D000089002200990002102910A910B90092068
:1052E0000C900020C4F2022008A900F06FF9029A85
:1052F00027200190114600F015FC019800F008FCF1
:10530000029A28200390114600F00CFC039800F04C
:10531000FFFB44E00D9800684AF60001C4F200016A
:1053200088423BD1FFE740F2B040C2F20000016882
:10533000013101600068012810D1FFE7FFE740F666
:10534000A040C4F20240016841F4007101600068AD
:1053500000F4007005900598FFE7FFE7FFE740F6CF
:105360008C40C4F20240016841F002010160006813
:1053700000F0020004900498FFE7602008900220EB
:10538000099000200A900B9009200C9040F20040F8
:10539000C4F2022008A900F019F9FFE7FFE70EB0F8
:1053A00080BD000080B582B0019000910198006836
:1053B0004AF20041C4F20001884203D1FFE70DF038
:1053C0009BFEFFE702B080BD82B00190009102B069
:1053D0007047000082B00090009890F85C000128AF
:1053E00010D1FFE70099022081F85C000098016865
:1053F000886920F0010088610099002008668DF816
:10540000070008E00099086E40F0040008660120DB
:105410008DF80700FFE79DF8070002B07047000015
:1054200083B0019000200090019890F85C00022861
:1054300057D1FFE701980168886940F00100886151
:10544000FFE7019800688069C007A8B9FFE70098E6
:105450000B280DD3FFE70199086E40F001000866A4
:105460000199032081F85C0001208DF80B0041E0D8
:10547000009801300090E4E7002000900198016856
:10548000886920F010008861FFE701980068806952
:105490000007002815D5FFE700980B280DD3FFE77C
:1054A0000199086E40F0010008660199032081F817
:1054B0005C0001208DF80B001CE00098013000908A
:1054C000E3E701980168886940F00200886101996A
:1054D00000208865019A012182F85C108DF80B008C
:1054E00008E00199086E40F00800086601208DF878
:1054F0000B00FFE79DF80B0003B0704781B00090F0
:1055000001B0704781B0009001B0704782B0019047
:10551000009102B07047000082B00190009102B08B
:105520007047000082B00190009102B07047000007
:1055300081B0009001B0704781B0ADF80200BDF8B5
:105540000200102807D1FFE740F28271C2F2000189
:1055500001200870FFE701B07047000080B582B0FD
:10556000ADF8060042F20C00C4F202400068BDF83B
:10557000061008420CD0FFE7BDF8060042F20C010D
:10558000C4F202410860BDF8060000F019F8FFE718
:1055900042F21000C4F202400068BDF80610084252
:1055A0000CD0FFE7BDF8060042F21001C4F2024140
:1055B0000860BDF80600FFF7BFFFFFE702B080BD3F
:1055C00081B0ADF8020001B07047000085B00490D2
:1055D000039100200090FFE7039800680099C840FD
:1055E000002800F06681FFE703980068009A012117
:1055F0009140084001900198002800F05681FFE793
:1056000003984068022805D0FFE7039840681228F5
:1056100028D1FFE7049800996FF0030202EA5101D4
:105620000844006A0290009800F0070081000F20F3
:1056300000FA01F10298884302900398006900F093
:105640000F00009901F00701890000FA01F10298AA
:105650000843029002980499009B02EA5302114405
:105660000862FFE704980068029000984100032058
:1056700000FA01F10298884302900398406800F014
:1056800003000099490000FA01F1029808430290D2
:105690000298049908600398406801280FD0FFE73A
:1056A0000398406802280AD0FFE703984068112851
:1056B00005D0FFE70398406812282FD1FFE7049830
:1056C0008068029000984100032000FA01F10298DE
:1056D000884302900398C0680099490000FA01F1DC
:1056E00002980843029002980499886004984068E0
:1056F00002900099012000FA01F10298884302907B
:1057000003984068C0F30010009900FA01F1029874
:1057100008430290029804994860FFE703984068A4
:1057200000F0030003280CD1FFE70398406800F065
:10573000030003281DD1FFE703988068012818D0D3
:10574000FFE70498C068029000984100032000FA27
:1057500001F10298884302900398806800994900FB
:1057600000FA01F102980843029002980499C86077
:10577000FFE70398C079C006002840F19580FFE755
:10578000009820F0030042F26002C4F20242805806
:105790000290009800F00300C1000F2000FA01F110
:1057A00002988843029004984FF60041CBF6FD51D1
:1057B0000840800A009901F00301C90000FA01F1D4
:1057C0000298084302900298009921F00301885042
:1057D00042F20000C4F2024000680290019902986F
:1057E0008843029003988079C006002805D5FFE71A
:1057F0000199029808430290FFE7029842F20001E3
:10580000C4F20241086042F20400C4F2024000689F
:10581000029001990298884302900398807980064B
:10582000002805D5FFE70199029808430290FFE799
:10583000029842F20401C4F20241086042F284007C
:10584000C4F20240006802900199029888430290D5
:10585000039880798007002805D5FFE70199029811
:1058600008430290FFE7029842F28401C4F2024129
:10587000086042F28000C4F2024000680290019980
:1058800002988843029003988079C00728B1FFE707
:105890000199029808430290FFE7029842F28001C2
:1058A000C4F202410860FFE7FFE700980130009072
:1058B00092E605B07047000082B00190ADF802108A
:1058C00001980069BDF80210084204D0FFE70120EA
:1058D0008DF8010003E000208DF80100FFE79DF83E
:1058E000010002B07047000082B00190ADF80210D4
:1058F0008DF801209DF8010028B1FFE7BDF80200F6
:105900000199886104E0BDF8020001998862FFE70F
:1059100002B0704741F22430C2F2000000687047C4
:1059200082B0019000208DF8030040F20040C4F2E4
:1059300003000068C00720B1FFE701208DF80300D5
:105940000AE040F20041C4F20301086820F00400BC
:10595000019A10430860FFE79DF8030002B070470A
:1059600040F20041C4F20301086840F00100086001
:105970000020704740F24040C2F20000027841F23D
:105980002431C2F20001086810440860704700002A
:1059900080B582B0032000F0DDF805F09BF940F6F9
:1059A0002041C4F20241096801F00F0246F61401D9
:1059B000C0F60101895CC84040F21C01C2F200013E
:1059C0000860042007F024FC002000F011F820B14A
:1059D000FFE701208DF8070005E000F093F80020B4
:1059E0008DF80700FFE79DF8070002B080BD0000BA
:1059F00080B586B004900020039040F24040C2F28F
:105A00000000007820B9FFE701208DF8170075E04D
:105A10004EF21000CEF2000000684007002812D5B8
:105A2000FFE740F21C00C2F20000006840F2404173
:105A3000C2F200010A784FF47A71B1FBF2F1B0FBC7
:105A4000F1F0039040E007F057FC029002980190BB
:105A500040B1FFE70198012816D0FFE7019802281E
:105A600021D02FE040F21C00C2F20000006840F29A
:105A70004041C2F200010A784FF4FA51B1FBF2F151
:105A8000B0FBF1F003901EE040F24040C2F2000093
:105A900001784FF47A70B0FBF1F14FF4FA40B0FBAB
:105AA000F1F003900FE040F24040C2F200000178B4
:105AB0004FF47A70B0FBF1F14FF40040B0FBF1F01D
:105AC000039000E0FFE7FFE7039807F0EFFB20B14A
:105AD000FFE701208DF8170010E004994FF0FF3028
:105AE0000022009200F01EF80098049940F244420F
:105AF000C2F2000211608DF81700FFE79DF8170051
:105B000006B080BD80B5052000F024F880BD0000FF
:105B100080B582B0ADF80600BDF906000CF072FF4A
:105B200002B080BD80B586B0ADF816000491039236
:105B30000CF080FF0290BDF91600019002980499C4
:105B4000039A0AF03DFC014601980CF07BFF06B079
:105B500080BD000080B582B0019001980CF094FFE8
:105B600002B080BD81B0009000996FF0FF0060EA44
:105B7000010240F64801C4F2024108681040086082
:105B800001B0704792B009904FF4403006900999E7
:105B9000086804904968059190FAA0F01090109858
:105BA00020B9FFE720208DF8470005E01098B0FAF3
:105BB00080F08DF84700FFE7049805999DF847208D
:105BC000083202F01F0291400843029009990868C8
:105BD0008968039190FAA0F00E900E9820B9FFE723
:105BE00020208DF83F0005E00E98B0FA80F08DF887
:105BF0003F00FFE7029803999DF83F30102202EB27
:105C0000430202F01E029140084308900998006880
:105C1000019090FAA0F00C900C9820B9FFE720209A
:105C20008DF8370005E00C98B0FA80F08DF8370059
:105C3000FFE701989DF8371001F01F024FF48071C3
:105C40009140084300900998006890FAA0F00A90EB
:105C50000A9820B9FFE720208DF82F0005E00A9868
:105C6000B0FA80F08DF82F00FFE700989DF82F2004
:105C70001E2101EA42024FF440319140084307904F
:105C800040F64801C4F202410868079A9043089A16
:105C90001043086012B0704740F60001C4F20241A0
:105CA000086840F0010008604EF61051CEF2000185
:105CB000086840F004000860BFF34F8FBFF36F8F98
:105CC00030BF704789B0089040F63440C4F20240BB
:105CD00000686FF35F20059040F62840C4F2024050
:105CE000016801F0030107910168C1F305210691E4
:105CF0000068C0F300100490049840F63841C4F2E4
:105D00000241096889B2C90800FB01F000EE100ADF
:105D1000B8EE400A8DED020A0698002800F03D8199
:105D2000FFE707980090012808D0FFE700980228B5
:105D300030D0FFE70098032849D065E040F60040E6
:105D4000C4F202400068C0F3C10149F20000C0F291
:105D5000D030C84003909DED030AB8EE400A9DED97
:105D6000061AB8EE411A80EE010A9DED051AB8EE4A
:105D7000411A9DED022A9FED8F3A22EE032A31EE61
:105D8000021AB7EE002A31EE021A20EE010A8DED5A
:105D9000010A65E09DED060AB8EE401A9FED860AFD
:105DA00080EE010A9DED051AB8EE411A9DED022A1A
:105DB0009FED803A22EE032A31EE021AB7EE002A56
:105DC00031EE021A20EE010A8DED010A48E09DED48
:105DD000060AB8EE401A9FED760A80EE010A9DEDA4
:105DE000051AB8EE411A9DED022A9FED723A22EE95
:105DF000032A31EE021AB7EE002A31EE021A20EE23
:105E0000010A8DED010A2BE040F60040C4F2024089
:105E10000068C0F3C10149F20000C0F2D030C840B0
:105E200003909DED030AB8EE400A9DED061AB8EE08
:105E3000411A80EE010A9DED051AB8EE411A9DED5A
:105E4000022A9FED5C3A22EE032A31EE021AB7EEE7
:105E5000002A31EE021A20EE010A8DED010AFFE759
:105E600040F60040C4F2024000688001002827D5B7
:105E7000FFE740F62840C4F202400068C003002853
:105E800019D5FFE79DED010A40F63440C4F2024007
:105E9000006880B2400A01EE100AB8EE411AB7EE6F
:105EA000002A31EE021A80EE010A0898BCEEC00A00
:105EB00080ED000A03E0089900200860FFE703E096
:105EC000089900200860FFE740F60040C4F2024055
:105ED00000688001002827D5FFE740F62840C4F27B
:105EE000024000688003002819D5FFE79DED010AF4
:105EF00040F63440C4F202400068C0F3064001EEB0
:105F0000100AB8EE411AB7EE002A31EE021A80EEFE
:105F1000010A0898BCEEC00A80ED010A03E0089966
:105F200000204860FFE703E0089900204860FFE791
:105F300040F60040C4F2024000688001002827D5E6
:105F4000FFE740F62840C4F2024000684003002802
:105F500019D5FFE79DED010A40F63440C4F2024036
:105F60000068C0F3066001EE100AB8EE411AB7EE01
:105F7000002A31EE021A80EE010A0898BCEEC00A2F
:105F800080ED020A03E0089900208860FFE703E043
:105F9000089900208860FFE707E008990020086062
:105FA0000899486008998860FFE709B0704700BF0A
:105FB00020BCBE4B000000390024744A89B0089010
:105FC00040F63C40C4F2024000686FF35F20059049
:105FD00040F62C40C4F20240016801F00301079131
:105FE0000168C1F3052106910068C0F30010049018
:105FF000049840F64041C4F20241096889B2C908D8
:1060000000FB01F000EE100AB8EE400A8DED020A26
:106010000698002800F03D81FFE7079800900128CE
:1060200008D0FFE70098022830D0FFE70098032847
:1060300049D065E040F60040C4F202400068C0F379
:10604000C10149F20000C0F2D030C84003909DED7C
:10605000030AB8EE400A9DED061AB8EE411A80EE2A
:10606000010A9DED051AB8EE411A9DED022A9FED39
:106070008F3A22EE032A31EE021AB7EE002A31EEF1
:10608000021A20EE010A8DED010A65E09DED060A77
:10609000B8EE401A9FED860A80EE010A9DED051AC2
:1060A000B8EE411A9DED022A9FED803A22EE032AB6
:1060B00031EE021AB7EE002A31EE021A20EE010A82
:1060C0008DED010A48E09DED060AB8EE401A9FEDFD
:1060D000760A80EE010A9DED051AB8EE411A9DED93
:1060E000022A9FED723A22EE032A31EE021AB7EE2F
:1060F000002A31EE021A20EE010A8DED010A2BE092
:1061000040F60040C4F202400068C0F3C10149F209
:106110000000C0F2D030C84003909DED030AB8EEF5
:10612000400A9DED061AB8EE411A80EE010A9DED77
:10613000051AB8EE411A9DED022A9FED5C3A22EE57
:10614000032A31EE021AB7EE002A31EE021A20EECF
:10615000010A8DED010AFFE740F60040C4F202405B
:1061600000680001002827D5FFE740F62C40C4F264
:1061700002400068C003002819D5FFE79DED010A21
:1061800040F63C40C4F20240006880B2400A01EE92
:10619000100AB8EE411AB7EE002A31EE021A80EE6C
:1061A000010A0898BCEEC00A80ED000A03E00899D5
:1061B00000200860FFE703E0089900200860FFE77F
:1061C00040F60040C4F2024000680001002827D5D4
:1061D000FFE740F62C40C4F202400068800300282C
:1061E00019D5FFE79DED010A40F63C40C4F202409C
:1061F0000068C0F3064001EE100AB8EE411AB7EE8F
:10620000002A31EE021A80EE010A0898BCEEC00A9C
:1062100080ED010A03E0089900204860FFE703E0F1
:10622000089900204860FFE740F60040C4F20240B1
:1062300000680001002827D5FFE740F62C40C4F293
:10624000024000684003002819D5FFE79DED010AD0
:1062500040F63C40C4F202400068C0F3066001EE24
:10626000100AB8EE411AB7EE002A31EE021A80EE9B
:10627000010A0898BCEEC00A80ED020A03E0089902
:1062800000208860FFE703E0089900208860FFE7AE
:1062900007E008990020086008994860089988601C
:1062A000FFE709B0704700BF20BCBE4B00000039BB
:1062B0000024744A89B0089040F64440C4F2024079
:1062C00000686FF35F20059040F63040C4F2024052
:1062D000016801F0030107910168C1F305210691EE
:1062E0000068C0F300100490049840F64841C4F2DE
:1062F0000241096889B2C90800FB01F000EE100AEA
:10630000B8EE400A8DED020A0698002800F03D81A3
:10631000FFE707980090012808D0FFE700980228BF
:1063200030D0FFE70098032849D065E040F60040F0
:10633000C4F202400068C0F3C10149F20000C0F29B
:10634000D030C84003909DED030AB8EE400A9DEDA1
:10635000061AB8EE411A80EE010A9DED051AB8EE54
:10636000411A9DED022A9FED8F3A22EE032A31EE6B
:10637000021AB7EE002A31EE021A20EE010A8DED64
:10638000010A65E09DED060AB8EE401A9FED860A07
:1063900080EE010A9DED051AB8EE411A9DED022A24
:1063A0009FED803A22EE032A31EE021AB7EE002A60
:1063B00031EE021A20EE010A8DED010A48E09DED52
:1063C000060AB8EE401A9FED760A80EE010A9DEDAE
:1063D000051AB8EE411A9DED022A9FED723A22EE9F
:1063E000032A31EE021AB7EE002A31EE021A20EE2D
:1063F000010A8DED010A2BE040F60040C4F2024094
:106400000068C0F3C10149F20000C0F2D030C840BA
:1064100003909DED030AB8EE400A9DED061AB8EE12
:10642000411A80EE010A9DED051AB8EE411A9DED64
:10643000022A9FED5C3A22EE032A31EE021AB7EEF1
:10644000002A31EE021A20EE010A8DED010AFFE763
:1064500040F60040C4F2024000688000002827D5C2
:10646000FFE740F63040C4F202400068C003002855
:1064700019D5FFE79DED010A40F64440C4F2024001
:10648000006880B2400A01EE100AB8EE411AB7EE79
:10649000002A31EE021A80EE010A0898BCEEC00A0A
:1064A00080ED000A03E0089900200860FFE703E0A0
:1064B000089900200860FFE740F60040C4F202405F
:1064C00000688000002827D5FFE740F63040C4F27E
:1064D000024000688003002819D5FFE79DED010AFE
:1064E00040F64440C4F202400068C0F3064001EEAA
:1064F000100AB8EE411AB7EE002A31EE021A80EE09
:10650000010A0898BCEEC00A80ED010A03E0089970
:1065100000204860FFE703E0089900204860FFE79B
:1065200040F60040C4F2024000688000002827D5F1
:10653000FFE740F63040C4F2024000684003002804
:1065400019D5FFE79DED010A40F64440C4F2024030
:106550000068C0F3066001EE100AB8EE411AB7EE0B
:10656000002A31EE021A80EE010A0898BCEEC00A39
:1065700080ED020A03E0089900208860FFE703E04D
:10658000089900208860FFE707E00899002008606C
:106590000899486008998860FFE709B0704700BF14
:1065A00020BCBE4B000000390024744A80B59CB06A
:1065B0001B911A901A981B9980F0007008430028CC
:1065C0005BD1FFE740F6F040C4F20240016801F4FD
:1065D00040710E9100688007002809D5FFE70E98EA
:1065E000B0F5807F04D1FFE74FF40040109042E007
:1065F00040F6F040C4F2024000680001002809D5CE
:10660000FFE70E98B0F5007F04D1FFE74FF4FA40A2
:1066100010902FE040F60040C4F202400068800372
:10662000002823D5FFE70E98B0F5407F1ED1FFE785
:1066300040F61C40C4F20240006800F47C50B0F503
:10664000007F0FD3FFE740F61C40C4F20240006811
:10665000C0F3052147F64000C0F27D10B0FBF1F019
:10666000109002E000201090FFE702E00020109060
:10667000FFE7FFE7FFE702F012BC1A980C901B99A6
:106680000D9180F001000843002800F0C682FFE76A
:106690000D990C9880F002000843002800F03B831D
:1066A000FFE70D990C9880F004000843002800F0E3
:1066B000A783FFE70D990C9880F008000843002895
:1066C00000F01E84FFE70D990C9880F0100008433D
:1066D000002800F09884FFE70D990C9880F02000C6
:1066E0000843002800F01285FFE70D990C9880F010
:1066F00040000843002800F08C85FFE70D990C98B6
:1067000080F080000843002800F00686FFE70D991E
:106710000C9880F480700843002800F08086FFE722
:106720000D990C9880F400700843002800F0FA8658
:10673000FFE70D990C9880F480600843002800F072
:106740007487FFE70D990C9880F4006008430028D7
:1067500000F0E987FFE70D990C9880F4805008431A
:10676000002801F05E80FFE70D990C9880F400503E
:106770000843002801F06181FFE70D990C9880F42F
:1067800080400843002801F0AA81FFE70D990C988A
:1067900080F400400843002801F0F381FFE70D99E1
:1067A0000C9880F480300843002801F08E82FFE7C7
:1067B0000D990C9880F400300843002801F0C28243
:1067C000FFE70D990C9880F480200843002801F021
:1067D0006583FFE70D990C9880F40020084300289A
:1067E00000F0BF80FFE70D990C9880F480100843FB
:1067F000002800F04381FFE70D990C9880F4001009
:106800000843002801F07E80FFE70D990C9880F482
:1068100080000843002800F0BE81FFE70D990C9826
:1068200080F400000843002800F0D681FFE70D99AE
:106830000C9880F080600843002802F09882FFE7FF
:106840000D990C9880F000600843002801F0B9868B
:10685000FFE70D990C9880F080500843002801F064
:106860002F87FFE70D990C9880F00050084300280F
:1068700001F0B387FFE70D990C9880F08040084342
:10688000002802F03380FFE70D990C9880F000405B
:106890000843002802F0AE80FFE70C980D9981F0C4
:1068A00001010843002802F02981FFE70C980D99A7
:1068B00081F002010843002802F0A481FFE70C9850
:1068C0000D9981F004010843002801F04386FFE799
:1068D0000C980D9981F008010843002802F0078206
:1068E000FFE70C980D9981F010010843002802F091
:1068F0009482FFE70C980D9981F02001084300284D
:1069000001F07883FFE70C980D9981F0400108436E
:10691000002801F01B84FFE70C980D9981F080019D
:106920000843002801F0BE84FFE70C980D9981F41C
:1069300080710843002801F06185FFE70C980D99EC
:1069400081F400710843002801F04880FFE70C98AB
:106950000D9981F480610843002801F0648102F000
:106960009ABA40F6E840C4F20240006800F4E02021
:106970000E900E980B90A0B1FFE70B98B0F5803FFA
:1069800015D0FFE70B98B0F5003F16D0FFE70B9846
:10699000B0F5403F17D0FFE70B98B0F5802F18D027
:1069A00067E017A8FFF78EF91898109064E014A814
:1069B000FFF704FB149810905EE011A8FFF77AFC33
:1069C0001198109058E048F20000C0F2BB001090FF
:1069D00052E040F6E840C4F20240006800F0404057
:1069E0000F9040F60040C4F2024000688007002883
:1069F00011D5FFE70F9870B9FFE740F60040C4F2E9
:106A000002400068C0F3C10149F20000C0F2D0307A
:106A1000C84010902CE040F60040C4F202400068EC
:106A2000800500280BD5FFE70F98B0F1804F06D105
:106A3000FFE740F60010C0F23D00109017E040F66E
:106A40000040C4F202400068800300280BD5FFE735
:106A50000F98B0F1004F06D1FFE747F64000C0F2B3
:106A60007D10109002E000201090FFE7FFE7FFE7A5
:106A700002E000201090FFE702F010BA40F6E84074
:106A8000C4F20240006800F460100E900E980A9064
:106A9000A0B1FFE70A98B0F5002F15D0FFE70A98DC
:106AA000B0F5801F16D0FFE70A98B0F5C01F17D0C9
:106AB000FFE70A98B0F5001F18D067E017A8FFF7A6
:106AC00001F91898109064E014A8FFF777FA149869
:106AD00010905EE011A8FFF7EDFB1198109058E0C0
:106AE00048F20000C0F2BB00109052E040F6E840CF
:106AF000C4F20240006800F040400F9040F60040B1
:106B0000C4F2024000688007002811D5FFE70F9803
:106B100070B9FFE740F60040C4F202400068C0F3DD
:106B2000C10149F20000C0F2D030C84010902CE002
:106B300040F60040C4F202400068800500280BD5F2
:106B4000FFE70F98B0F1804F06D1FFE740F6001045
:106B5000C0F23D00109017E040F60040C4F2024041
:106B60000068800300280BD5FFE70F98B0F1004FB5
:106B700006D1FFE747F64000C0F27D10109002E01A
:106B800000201090FFE7FFE7FFE702E000201090F1
:106B9000FFE702F083B940F6E440C4F20240006827
:106BA00000F040000E900E9830B9FFE717A8FFF7ED
:106BB00089F8189810900DE00E98402806D1FFE74C
:106BC00014A8FFF7FBF91698109002E0002010902F
:106BD000FFE7FFE702F062B940F6E440C4F202408A
:106BE000006800F080000E900E9830B9FFE717A8FB
:106BF000FFF768F8189810900DE00E98802806D1DD
:106C0000FFE714A8FFF7DAF91698109002E00020C9
:106C10001090FFE7FFE702F041B940F6D840C4F218
:106C20000240006800F007000E900E9820B9FFE7C0
:106C300004F028F810906CE040F60040C4F20240E6
:106C40000068000100280AD5FFE70E98012806D148
:106C5000FFE714A8FFF7B2F91598109058E040F636
:106C60000040C4F202400068800000280AD5FFE717
:106C70000E98022806D1FFE711A8FFF71BFB129818
:106C8000109044E040F60040C4F2024000688007E3
:106C9000002812D5FFE70E9803280ED1FFE740F633
:106CA0000040C4F202400068C0F3C10149F2000094
:106CB000C0F2D030C840109028E040F60040C4F246
:106CC00002400068800500280AD5FFE70E980428D6
:106CD00006D1FFE740F60010C0F23D00109014E02E
:106CE00040F6F040C4F2024000688007002808D552
:106CF000FFE70E98052804D1FFE74FF400401090FD
:106D000002E000201090FFE7FFE7FFE7FFE7FFE763
:106D1000FFE702F0C3B840F6D840C4F20240006872
:106D200000F038000E900E9820B9FFE703F096FFB0
:106D3000109063E040F60040C4F202400068000199
:106D400000280AD5FFE70E98082806D1FFE714A807
:106D5000FFF734F9159810904FE00E98102806D1DF
:106D6000FFE711A8FFF7A6FA1298109044E040F64A
:106D70000040C4F2024000688007002812D5FFE7F7
:106D80000E9818280ED1FFE740F60040C4F20240EA
:106D90000068C0F3C10149F20000C0F2D030C84021
:106DA000109028E040F60040C4F2024000688005E0
:106DB00000280AD5FFE70E98202806D1FFE740F605
:106DC0000010C0F23D00109014E040F6F040C4F214
:106DD000024000688007002808D5FFE70E982828A1
:106DE00004D1FFE74FF40040109002E00020109023
:106DF000FFE7FFE7FFE7FFE7FFE7FFE702F04EB837
:106E000040F6D840C4F20240006800F4E0700E90F2
:106E10000E9820B9FFE703F021FF10906EE040F6D6
:106E20000040C4F202400068000100280AD5FFE7D4
:106E30000E98402806D1FFE714A8FFF7BFF8159871
:106E400010905AE040F60040C4F202400068800012
:106E500000280AD5FFE70E98802806D1FFE711A881
:106E6000FFF728FA1298109046E040F60040C4F26E
:106E7000024000688007002812D5FFE70E98C0285E
:106E80000ED1FFE740F60040C4F202400068C0F3B4
:106E9000C10149F20000C0F2D030C84010902AE091
:106EA00040F60040C4F202400068800500280BD57F
:106EB000FFE70E98B0F5807F06D1FFE740F600109F
:106EC000C0F23D00109015E040F6F040C4F20240E0
:106ED00000688007002809D5FFE70E98B0F5A07F6D
:106EE00004D1FFE74FF40040109002E00020109022
:106EF000FFE7FFE7FFE7FFE7FFE7FFE701F0CEBFB0
:106F000040F6D840C4F20240006800F460600E9081
:106F10000E9820B9FFE703F0A1FE109071E040F653
:106F20000040C4F202400068000100280BD5FFE7D2
:106F30000E98B0F5007F06D1FFE714A8FFF73EF8E2
:106F4000159810905CE040F60040C4F202400068E2
:106F5000800000280BD5FFE70E98B0F5806F06D1B2
:106F6000FFE711A8FFF7A6F91298109047E040F646
:106F70000040C4F2024000688007002813D5FFE7F4
:106F80000E98B0F5C06F0ED1FFE740F60040C4F296
:106F900002400068C0F3C10149F20000C0F2D030E5
:106FA000C84010902AE040F60040C4F20240006859
:106FB000800500280BD5FFE70E98B0F5006F06D1CD
:106FC000FFE740F60010C0F23D00109015E040F6DB
:106FD000F040C4F2024000688007002809D5FFE7AE
:106FE0000E98B0F5206F04D1FFE74FF400401090E9
:106FF00002E000201090FFE7FFE7FFE7FFE7FFE771
:10700000FFE701F04BBF40F6D840C4F202400068F1
:1070100000F4E0400E900E9820B9FFE703F01EFE4A
:10702000109071E040F60040C4F202400068000198
:1070300000280BD5FFE70E98B0F5805F06D1FFE77B
:1070400014A8FEF7BBFF159810905CE040F60040D6
:10705000C4F202400068800000280BD5FFE70E98BC
:10706000B0F5005F06D1FFE711A8FFF723F91298EA
:10707000109047E040F60040C4F2024000688007EC
:10708000002813D5FFE70E98B0F5405F0ED1FFE75B
:1070900040F60040C4F202400068C0F3C10149F26A
:1070A0000000C0F2D030C84010902AE040F6004006
:1070B000C4F202400068800500280BD5FFE70E9857
:1070C000B0F5804F06D1FFE740F60010C0F23D005A
:1070D000109015E040F6F040C4F2024000688007CE
:1070E000002809D5FFE70E98B0F5A04F04D1FFE7BF
:1070F0004FF40040109002E000201090FFE7FFE7FF
:10710000FFE7FFE7FFE7FFE701F0C8BE40F6D84022
:10711000C4F20240006800F460300E900E9820B96E
:10712000FFE703F09BFD109071E040F60040C4F2D1
:1071300002400068000100280BD5FFE70E98B0F56B
:10714000004F06D1FFE714A8FEF738FF15981090FE
:107150005CE040F60040C4F2024000688000002875
:107160000BD5FFE70E98B0F5803F06D1FFE711A8D9
:10717000FFF7A0F81298109047E040F60040C4F2E4
:10718000024000688007002813D5FFE70E98B0F58D
:10719000C03F0ED1FFE740F60040C4F20240006855
:1071A000C0F3C10149F20000C0F2D030C8401090D5
:1071B0002AE040F60040C4F2024000688005002842
:1071C0000BD5FFE70E98B0F5003F06D1FFE740F67C
:1071D0000010C0F23D00109015E040F6F040C4F2FF
:1071E000024000688007002809D5FFE70E98B0F537
:1071F000203F04D1FFE74FF40040109002E0002050
:107200001090FFE7FFE7FFE7FFE7FFE7FFE701F089
:1072100045BE40F6D840C4F20240006800F4E010D9
:107220000E900E9820B9FFE703F018FD109071E062
:1072300040F60040C4F202400068000100280BD56F
:10724000FFE70E98B0F5802F06D1FFE714A8FEF7F0
:10725000B5FE159810905CE040F60040C4F2024084
:107260000068800000280BD5FFE70E98B0F5002FCE
:1072700006D1FFE711A8FFF71DF81298109047E01C
:1072800040F60040C4F2024000688007002813D591
:10729000FFE70E98B0F5402F0ED1FFE740F6004013
:1072A000C4F202400068C0F3C10149F20000C0F21C
:1072B000D030C84010902AE040F60040C4F20240AE
:1072C0000068800500280BD5FFE70E98B0F5801FF9
:1072D00006D1FFE740F60010C0F23D00109015E027
:1072E00040F6F040C4F2024000688007002809D54B
:1072F000FFE70E98B0F5A01F04D1FFE74FF4004060
:10730000109002E000201090FFE7FFE7FFE7FFE7A3
:10731000FFE7FFE701F0C2BD40F6D840C4F20240EB
:10732000006800F460000E900E9820B9FFE703F0AB
:1073300095FC109071E040F60040C4F202400068F5
:10734000000100280BD5FFE70E98B0F5001F06D10D
:10735000FFE714A8FEF732FE159810905CE040F6A7
:107360000040C4F202400068800000280BD5FFE70F
:107370000E98B0F5800F06D1FFE711A8FEF79AFF2F
:107380001298109047E040F60040C4F202400068B6
:107390008007002813D5FFE70E98B0F5C00F0ED177
:1073A000FFE740F60040C4F202400068C0F3C101AC
:1073B00049F20000C0F2D030C84010902AE040F6F8
:1073C0000040C4F202400068800500280BD5FFE7AA
:1073D0000E98B0F5000F06D1FFE740F60010C0F29E
:1073E0003D00109015E040F6F040C4F20240006805
:1073F0008007002809D5FFE70E98B0F5200F04D1CB
:10740000FFE74FF40040109002E000201090FFE7EB
:10741000FFE7FFE7FFE7FFE7FFE701F03FBD40F6CB
:10742000D840C4F20240006800F0E0600E900E9870
:1074300020B9FFE703F012FC109071E040F6004025
:10744000C4F202400068000100280BD5FFE70E9847
:10745000B0F1807F06D1FFE714A8FEF7AFFD1598C5
:1074600010905CE040F60040C4F2024000688000EA
:1074700000280BD5FFE70E98B0F1007F06D1FFE79B
:1074800011A8FEF717FF1298109047E040F6004051
:10749000C4F2024000688007002813D5FFE70E9869
:1074A000B0F1407F0ED1FFE740F60040C4F2024049
:1074B0000068C0F3C10149F20000C0F2D030C840FA
:1074C00010902AE040F60040C4F2024000688005B7
:1074D00000280BD5FFE70E98B0F1806F06D1FFE7CB
:1074E00040F60010C0F23D00109015E040F6F0406C
:1074F000C4F2024000688007002809D5FFE70E9813
:10750000B0F1A06F04D1FFE74FF40040109002E00B
:1075100000201090FFE7FFE7FFE7FFE7FFE7FFE747
:1075200001F0BCBC40F6D840C4F20240006800F054
:1075300060500E900E9820B9FFE703F08FFB10907B
:1075400071E040F60040C4F20240006800010028EB
:107550000BD5FFE70E98B0F1006F06D1FFE714A836
:10756000FEF72CFD159810905CE040F60040C4F248
:1075700002400068800000280BD5FFE70E98B0F1AC
:10758000805F06D1FFE711A8FEF794FE12981090D5
:1075900047E040F60040C4F202400068800700283F
:1075A00013D5FFE70E98B0F1C05F0ED1FFE740F6AC
:1075B0000040C4F202400068C0F3C10149F200007B
:1075C000C0F2D030C84010902AE040F60040C4F22B
:1075D00002400068800500280BD5FFE70E98B0F147
:1075E000005F06D1FFE740F60010C0F23D001090AA
:1075F00015E040F6F040C4F2024000688007002821
:1076000009D5FFE70E98B0F1205F04D1FFE74FF4F2
:107610000040109002E000201090FFE7FFE7FFE736
:10762000FFE7FFE7FFE701F039BC40F6DC40C4F2BA
:107630000240006800F007000E900E9820B9FFE7A6
:1076400003F00CFB10906CE040F60040C4F20240E6
:107650000068000100280AD5FFE70E98012806D12E
:10766000FFE714A8FEF7AAFC1598109058E040F622
:107670000040C4F202400068800000280AD5FFE7FD
:107680000E98022806D1FFE711A8FEF713FE129804
:10769000109044E040F60040C4F2024000688007C9
:1076A000002812D5FFE70E9803280ED1FFE740F619
:1076B0000040C4F202400068C0F3C10149F200007A
:1076C000C0F2D030C840109028E040F60040C4F22C
:1076D00002400068800500280AD5FFE70E980428BC
:1076E00006D1FFE740F60010C0F23D00109014E014
:1076F00040F6F040C4F2024000688007002808D538
:10770000FFE70E98052804D1FFE74FF400401090E2
:1077100002E000201090FFE7FFE7FFE7FFE7FFE749
:10772000FFE701F0BBBB40F6DC40C4F2024000685A
:1077300000F070000E900E9820B9FFE703F08EFA6B
:1077400010906CE040F60040C4F202400068000176
:1077500000280AD5FFE70E98102806D1FFE714A8E5
:10776000FEF72CFC1598109058E040F60040C4F24B
:1077700002400068800000280AD5FFE70E98202804
:1077800006D1FFE711A8FEF795FD1298109044E08E
:1077900040F60040C4F2024000688007002812D57D
:1077A000FFE70E9830280ED1FFE740F60040C4F204
:1077B00002400068C0F3C10149F20000C0F2D030BD
:1077C000C840109028E040F60040C4F20240006833
:1077D000800500280AD5FFE70E98402806D1FFE76C
:1077E00040F60010C0F23D00109014E040F6F0406A
:1077F000C4F2024000688007002808D5FFE70E9811
:10780000502804D1FFE74FF40040109002E0002020
:107810001090FFE7FFE7FFE7FFE7FFE7FFE701F073
:107820003DBB40F6E040C4F20240006800F0E0607A
:107830000E900E9820B9FFE703F038FA10905FE041
:107840000E98B0F1807F06D1FFE714A8FEF7B6FBD3
:107850001598109053E00E98B0F1007F06D1FFE725
:1078600011A8FEF727FD1298109047E040F600405F
:10787000C4F2024000688007002813D5FFE70E9885
:10788000B0F1407F0ED1FFE740F60040C4F2024065
:107890000068C0F3C10149F20000C0F2D030C84016
:1078A00010902AE040F60040C4F2024000688005D3
:1078B00000280BD5FFE70E98B0F1806F06D1FFE7E7
:1078C00040F60010C0F23D00109015E040F6F04088
:1078D000C4F2024000688007002809D5FFE70E982F
:1078E000B0F1A06F04D1FFE74FF40040109002E028
:1078F00000201090FFE7FFE7FFE7FFE7FFE7FFE764
:1079000001F0CCBA40F6E840C4F20240006800F052
:1079100007000E900E9820B9FFE703F085F910904C
:107920005AE00E98012804D1FFE703F0D3F9109034
:1079300051E00E98022806D1FFE714A8FEF73EFB9F
:107940001698109046E040F60040C4F202400068ED
:10795000800300280AD5FFE70E98032806D1FFE729
:1079600047F64000C0F27D10109032E040F6004033
:10797000C4F2024000688007002812D5FFE70E9885
:1079800004280ED1FFE740F60040C4F20240006830
:10799000C0F3C10149F20000C0F2D030C8401090DD
:1079A00016E040F60040C4F202400068800500285E
:1079B0000AD5FFE70E98052806D1FFE740F600102C
:1079C000C0F23D00109002E000201090FFE7FFE7BA
:1079D000FFE7FFE7FFE7FFE701F060BA40F6E840A6
:1079E000C4F20240006800F008000E9040F6F0403B
:1079F000C4F2024000688007002807D5FFE70E9810
:107A000020B9FFE74FF40040109014E040F6F0403A
:107A1000C4F2024000680001002808D5FFE70E9874
:107A2000082804D1FFE74FF4FA40109002E000204C
:107A30001090FFE7FFE701F031BA40F6E440C4F2EE
:107A40000240006800F440300E900E9820B9FFE725
:107A500003F004F9109040E00E98B0F5803F06D195
:107A6000FFE711A8FEF726FC1398109034E040F6CB
:107A70000040C4F2024000688007002813D5FFE7E9
:107A80000E98B0F5003F0ED1FFE740F60040C4F27B
:107A900002400068C0F3C10149F20000C0F2D030DA
:107AA000C840109017E040F60040C4F20240006861
:107AB000800500280BD5FFE70E98B0F5403F06D1B2
:107AC000FFE740F60010C0F23D00109002E00020F9
:107AD0001090FFE7FFE7FFE7FFE701F0DFB940F6AF
:107AE000E440C4F20240006800F440200E900E987A
:107AF00020B9FFE703F0B2F8109040E00E98B0F51F
:107B0000802F06D1FFE711A8FEF7D4FB1398109041
:107B100034E040F60040C4F20240006880070028CC
:107B200013D5FFE70E98B0F5002F0ED1FFE740F612
:107B30000040C4F202400068C0F3C10149F20000F5
:107B4000C0F2D030C840109017E040F60040C4F2B8
:107B500002400068800500280BD5FFE70E98B0F5BD
:107B6000402F06D1FFE740F60010C0F23D00109014
:107B700002E000201090FFE7FFE7FFE7FFE701F0DA
:107B80008DB940F6E440C4F20240006800F44010B1
:107B90000E900E9820B9FFE703F088F8109040E0AF
:107BA0000E98B0F5801F06D1FFE711A8FEF782FB03
:107BB0001398109034E040F60040C4F20240006890
:107BC0008007002813D5FFE70E98B0F5001F0ED1EF
:107BD000FFE740F60040C4F202400068C0F3C10174
:107BE00049F20000C0F2D030C840109017E040F6D3
:107BF0000040C4F202400068800500280BD5FFE772
:107C00000E98B0F5401F06D1FFE740F60010C0F215
:107C10003D00109002E000201090FFE7FFE7FFE733
:107C2000FFE701F03BB940F6E440C4F202400068CF
:107C300000F440000E900E9820B9FFE703F036F8EC
:107C4000109040E00E98B0F5800F06D1FFE711A824
:107C5000FEF730FB1398109034E040F60040C4F279
:107C6000024000688007002813D5FFE70E98B0F5A2
:107C7000000F0ED1FFE740F60040C4F2024000685A
:107C8000C0F3C10149F20000C0F2D030C8401090EA
:107C900017E040F60040C4F202400068800500286A
:107CA0000BD5FFE70E98B0F5400F06D1FFE740F681
:107CB0000010C0F23D00109002E000201090FFE79D
:107CC000FFE7FFE7FFE701F0E9B840F6E440C4F260
:107CD0000240006800F040700E900E9820B9FFE757
:107CE00002F0BCFF10902BE00E98B0F1807F06D11F
:107CF000FFE711A8FEF7DEFA139810901FE040F698
:107D00000040C4F2024000688007002813D5FFE756
:107D10000E98B0F1007F0ED1FFE740F60040C4F2AC
:107D200002400068C0F3C10149F20000C0F2D03047
:107D3000C840109002E000201090FFE7FFE7FFE747
:107D400001F0ACB840F6DC40C4F20240006800F438
:107D5000E0600E900E980990C8B1FFE70998B0F561
:107D6000807F18D0FFE70998B0F5007F19D0FFE7B2
:107D70000998B0F5407F1AD0FFE70998B0F5806FF9
:107D800026D0FFE70998B0F5A06F32D081E002F06D
:107D90008DFF109080E014A8FEF710F91498109051
:107DA0007AE011A8FEF786FA1398109074E040F676
:107DB000F040C4F2024000688007002804D5FFE7C5
:107DC0004FF40040109002E000201090FFE763E0C5
:107DD00040F6F040C4F2024000680001002804D5DB
:107DE000FFE74FF4FA40109002E000201090FFE708
:107DF00052E040F6E840C4F20240006800F0404023
:107E00000F9040F60040C4F202400068800700284E
:107E100011D5FFE70F9870B9FFE740F60040C4F2B4
:107E200002400068C0F3C10149F20000C0F2D03046
:107E3000C84010902CE040F60040C4F202400068B8
:107E4000800500280BD5FFE70F98B0F1804F06D1D1
:107E5000FFE740F60010C0F23D00109017E040F63A
:107E60000040C4F202400068800300280BD5FFE701
:107E70000F98B0F1004F06D1FFE747F64000C0F27F
:107E80007D10109002E000201090FFE7FFE7FFE771
:107E900002E000201090FFE701F000B840F6DC405F
:107EA000C4F20240006800F4E0400E900E98089082
:107EB000C8B1FFE70898B0F5805F18D0FFE70898D1
:107EC000B0F5005F19D0FFE70898B0F5405F1AD011
:107ED000FFE70898B0F5804F26D0FFE70898B0F587
:107EE000A04F32D081E002F0B9FE109080E014A8DB
:107EF000FEF764F8149810907AE011A8FEF7DAF90A
:107F00001398109074E040F6F040C4F2024000680C
:107F10008007002804D5FFE74FF40040109002E0EE
:107F200000201090FFE763E040F6F040C4F202400A
:107F300000680001002804D5FFE74FF4FA401090D4
:107F400002E000201090FFE752E040F6E840C4F263
:107F50000240006800F040400F9040F60040C4F23C
:107F6000024000688007002811D5FFE70F9870B91C
:107F7000FFE740F60040C4F202400068C0F3C101D0
:107F800049F20000C0F2D030C84010902CE040F61A
:107F90000040C4F202400068800500280BD5FFE7CE
:107FA0000F98B0F1804F06D1FFE740F60010C0F205
:107FB0003D00109017E040F60040C4F20240006817
:107FC000800300280BD5FFE70F98B0F1004F06D1D2
:107FD000FFE747F64000C0F27D10109002E000205D
:107FE0001090FFE7FFE7FFE702E000201090FFE7B7
:107FF00000F054BF40F6DC40C4F20240006800F4D8
:10800000E0200E900E980790C8B1FFE70798B0F5F2
:10801000803F18D0FFE70798B0F5003F19D0FFE781
:108020000798B0F5403F1AD0FFE70798B0F5802FCA
:1080300026D0FFE70798B0F5A02F32D081E002F0FC
:1080400035FE109080E014A8FDF7B8FF149810904A
:108050007AE011A8FEF72EF91398109074E040F61C
:10806000F040C4F2024000688007002804D5FFE712
:108070004FF40040109002E000201090FFE763E012
:1080800040F6F040C4F2024000680001002804D528
:10809000FFE74FF4FA40109002E000201090FFE755
:1080A00052E040F6E840C4F20240006800F0404070
:1080B0000F9040F60040C4F202400068800700289C
:1080C00011D5FFE70F9870B9FFE740F60040C4F202
:1080D00002400068C0F3C10149F20000C0F2D03094
:1080E000C84010902CE040F60040C4F20240006806
:1080F000800500280BD5FFE70F98B0F1804F06D11F
:10810000FFE740F60010C0F23D00109017E040F687
:108110000040C4F202400068800300280BD5FFE74E
:108120000F98B0F1004F06D1FFE747F64000C0F2CC
:108130007D10109002E000201090FFE7FFE7FFE7BE
:1081400002E000201090FFE700F0A8BE40F6DC40FF
:10815000C4F20240006800F4E0000E900E98069011
:10816000C8B1FFE70698B0F5801F18D0FFE7069862
:10817000B0F5001F19D0FFE70698B0F5401F1AD0E0
:10818000FFE70698B0F5800F26D0FFE70698B0F518
:10819000A00F32D081E002F089FD109080E014A899
:1081A000FDF70CFF149810907AE011A8FEF782F802
:1081B0001398109074E040F6F040C4F2024000685A
:1081C0008007002804D5FFE74FF40040109002E03C
:1081D00000201090FFE763E040F6F040C4F2024058
:1081E00000680001002804D5FFE74FF4FA40109022
:1081F00002E000201090FFE752E040F6E840C4F2B1
:108200000240006800F040400F9040F60040C4F289
:10821000024000688007002811D5FFE70F9870B969
:10822000FFE740F60040C4F202400068C0F3C1011D
:1082300049F20000C0F2D030C84010902CE040F667
:108240000040C4F202400068800500280BD5FFE71B
:108250000F98B0F1804F06D1FFE740F60010C0F252
:108260003D00109017E040F60040C4F20240006864
:10827000800300280BD5FFE70F98B0F1004F06D11F
:10828000FFE747F64000C0F27D10109002E00020AA
:108290001090FFE7FFE7FFE702E000201090FFE704
:1082A00000F0FCBD40F6DC40C4F20240006800F083
:1082B000E0600E900E980590C8B1FFE70598B0F108
:1082C000807F18D0FFE70598B0F1007F19D0FFE755
:1082D0000598B0F1407F1AD0FFE70598B0F1806FA4
:1082E00026D0FFE70598B0F1A06F32D081E002F010
:1082F000DDFC109080E014A8FDF760FE149810904B
:108300007AE011A8FDF7D6FF1398109074E040F6BC
:10831000F040C4F2024000688007002804D5FFE75F
:108320004FF40040109002E000201090FFE763E05F
:1083300040F6F040C4F2024000680001002804D575
:10834000FFE74FF4FA40109002E000201090FFE7A2
:1083500052E040F6E840C4F20240006800F04040BD
:108360000F9040F60040C4F20240006880070028E9
:1083700011D5FFE70F9870B9FFE740F60040C4F24F
:1083800002400068C0F3C10149F20000C0F2D030E1
:10839000C84010902CE040F60040C4F20240006853
:1083A000800500280BD5FFE70F98B0F1804F06D16C
:1083B000FFE740F60010C0F23D00109017E040F6D5
:1083C0000040C4F202400068800300280BD5FFE79C
:1083D0000F98B0F1004F06D1FFE747F64000C0F21A
:1083E0007D10109002E000201090FFE7FFE7FFE70C
:1083F00002E000201090FFE700F050BD40F6DC40A6
:10840000C4F20240006800F0E0400E900E98049024
:10841000C8B1FFE70498B0F1805F18D0FFE7049877
:10842000B0F1005F19D0FFE70498B0F1405F1AD0B7
:10843000FFE70498B0F1804F26D0FFE70498B0F131
:10844000A04F32D081E002F031FC109080E014A8FF
:10845000FDF7B4FD149810907AE011A8FDF72AFFFB
:108460001398109074E040F6F040C4F202400068A7
:108470008007002804D5FFE74FF40040109002E089
:1084800000201090FFE763E040F6F040C4F20240A5
:1084900000680001002804D5FFE74FF4FA4010906F
:1084A00002E000201090FFE752E040F6E840C4F2FE
:1084B0000240006800F040400F9040F60040C4F2D7
:1084C000024000688007002811D5FFE70F9870B9B7
:1084D000FFE740F60040C4F202400068C0F3C1016B
:1084E00049F20000C0F2D030C84010902CE040F6B5
:1084F0000040C4F202400068800500280BD5FFE769
:108500000F98B0F1804F06D1FFE740F60010C0F29F
:108510003D00109017E040F60040C4F202400068B1
:10852000800300280BD5FFE70F98B0F1004F06D16C
:10853000FFE747F64000C0F27D10109002E00020F7
:108540001090FFE7FFE7FFE702E000201090FFE751
:1085500000F0A4BC40F6E840C4F20240006800F419
:1085600040700E9040F60040C4F202400068800364
:10857000002809D5FFE70E9830B9FFE747F640001D
:10858000C0F27D1010901AE00E98B0F5807F06D1F1
:10859000FFE717A8FDF796FB189810900EE00E98CD
:1085A000B0F5007F06D1FFE714A8FDF707FD159889
:1085B000109002E000201090FFE7FFE7FFE700F0D7
:1085C0006DBC40F6E040C4F20240006800F00700D5
:1085D0000E900E98039004286DD80399DFE801F0FF
:1085E00003090F151B0017A8FDF76CFB18981090D6
:1085F00064E014A8FDF7E2FC149810905EE011A866
:10860000FDF758FE1198109058E048F20000C0F2B3
:10861000BB00109052E040F6E840C4F2024000680F
:1086200000F040400F9040F60040C4F20240006865
:108630008007002811D5FFE70F9870B9FFE740F6D3
:108640000040C4F202400068C0F3C10149F20000DA
:10865000C0F2D030C84010902CE040F60040C4F288
:1086600002400068800500280BD5FFE70F98B0F1A5
:10867000804F06D1FFE740F60010C0F23D00109099
:1086800017E040F60040C4F2024000688003002872
:108690000BD5FFE70F98B0F1004F06D1FFE747F683
:1086A0004000C0F27D10109002E000201090FFE723
:1086B000FFE7FFE702E000201090FFE700F0EEBBCD
:1086C00040F6E040C4F20240006800F038000E902E
:1086D0000E980290202800F27C800299DFE801F0D9
:1086E00011797979797979791779797979797979C4
:1086F0001D7979797979797923797979797979799C
:10870000290017A8FDF7DEFA1898109064E014A865
:10871000FDF754FC149810905EE011A8FDF7CAFD17
:108720001198109058E048F20000C0F2BB00109081
:1087300052E040F6E840C4F20240006800F04040D9
:108740000F9040F60040C4F2024000688007002805
:1087500011D5FFE70F9870B9FFE740F60040C4F26B
:1087600002400068C0F3C10149F20000C0F2D030FD
:10877000C84010902CE040F60040C4F2024000686F
:10878000800500280BD5FFE70F98B0F1804F06D188
:10879000FFE740F60010C0F23D00109017E040F6F1
:1087A0000040C4F202400068800300280BD5FFE7B8
:1087B0000F98B0F1004F06D1FFE747F64000C0F236
:1087C0007D10109002E000201090FFE7FFE7FFE728
:1087D00002E000201090FFE760E340F6E040C4F2C2
:1087E0000240006800F4E0700E900E98019088B18D
:1087F000FFE70198402813D0FFE70198802815D0A3
:10880000FFE70198C02817D0FFE70198B0F5807FF7
:1088100018D067E017A8FDF755FA1898109064E093
:1088200014A8FDF7CBFB149810905EE011A8FDF79B
:1088300041FD1198109058E048F20000C0F2BB00D2
:10884000109052E040F6E840C4F20240006800F0A8
:1088500040400F9040F60040C4F20240006880079C
:10886000002811D5FFE70F9870B9FFE740F60040E8
:10887000C4F202400068C0F3C10149F20000C0F236
:10888000D030C84010902CE040F60040C4F20240C6
:108890000068800500280BD5FFE70F98B0F1804FE6
:1088A00006D1FFE740F60010C0F23D00109017E03F
:1088B00040F60040C4F202400068800300280BD557
:1088C000FFE70F98B0F1004F06D1FFE747F64000F1
:1088D000C0F27D10109002E000201090FFE7FFE74B
:1088E000FFE702E000201090FFE7D7E240F6E0400B
:1088F000C4F20240006800F460600E900E9820B947
:10890000FFE702F0BFF9109073E040F60040C4F2B8
:1089100002400068000100280BD5FFE70E98B0F573
:10892000007F06D1FFE714A8FDF748FB15981090CB
:108930005EE040F60040C4F202400068800000287B
:108940000BD5FFE70E98B0F5806F06D1FFE711A8B1
:10895000FDF7B0FC1298109049E040F60040C4F2D8
:10896000024000688007002813D5FFE70E98B0F595
:10897000C06F0ED1FFE740F60040C4F2024000682D
:10898000C0F3C10149F20000C0F2D030C8401090DD
:108990002CE040F60040C4F2024000688005002848
:1089A0000BD5FFE70E98B0F5006F06D1FFE740F654
:1089B0000010C0F23D00109017E040F60040C4F2F5
:1089C00002400068800300280BD5FFE70E98B0F541
:1089D000206F06D1FFE747F64000C0F27D101090EF
:1089E00002E000201090FFE7FFE7FFE7FFE7FFE767
:1089F000FFE753E240F6E040C4F20240006800F4B2
:108A0000E0400E900E9820B9FFE702F04FF9109069
:108A100073E040F60040C4F2024000680001002804
:108A20000BD5FFE70E98B0F5805F06D1FFE714A8DD
:108A3000FDF7C4FA159810905EE040F60040C4F2CD
:108A400002400068800000280BD5FFE70E98B0F5C3
:108A5000005F06D1FFE711A8FDF72CFC12981090DB
:108A600049E040F60040C4F2024000688007002858
:108A700013D5FFE70E98B0F5405F0ED1FFE740F643
:108A80000040C4F202400068C0F3C10149F2000096
:108A9000C0F2D030C84010902CE040F60040C4F244
:108AA00002400068800500280BD5FFE70E98B0F55E
:108AB000804F06D1FFE740F60010C0F23D00109055
:108AC00017E040F60040C4F202400068800300282E
:108AD0000BD5FFE70E98B0F5A04F06D1FFE747F69C
:108AE0004000C0F27D10109002E000201090FFE7DF
:108AF000FFE7FFE7FFE7FFE7FFE7CFE140F6E040F2
:108B0000C4F20240006800F460300E900E9820B964
:108B1000FFE702F0B7F8109073E040F60040C4F2AF
:108B200002400068000100280BD5FFE70E98B0F561
:108B3000004F06D1FFE714A8FDF740FA15981090F2
:108B40005EE040F60040C4F2024000688000002869
:108B50000BD5FFE70E98B0F5803F06D1FFE711A8CF
:108B6000FDF7A8FB1298109049E040F60040C4F2CF
:108B7000024000688007002813D5FFE70E98B0F583
:108B8000C03F0ED1FFE740F60040C4F2024000684B
:108B9000C0F3C10149F20000C0F2D030C8401090CB
:108BA0002CE040F60040C4F2024000688005002836
:108BB0000BD5FFE70E98B0F5003F06D1FFE740F672
:108BC0000010C0F23D00109017E040F60040C4F2E3
:108BD00002400068800300280BD5FFE70E98B0F52F
:108BE000203F06D1FFE747F64000C0F27D1010900D
:108BF00002E000201090FFE7FFE7FFE7FFE7FFE755
:108C0000FFE74BE140F6E440C4F20240006800F0A8
:108C100003000E900E980090032864D80099DFE8B6
:108C200001F002060C1201F0FFFF10905EE017A8A1
:108C3000FDF748F81898109058E014A8FDF7BEF911
:108C40001698109052E040F6E840C4F202400068E6
:108C500000F040400F9040F60040C4F2024000682F
:108C60008007002811D5FFE70F9870B9FFE740F69D
:108C70000040C4F202400068C0F3C10149F20000A4
:108C8000C0F2D030C84010902CE040F60040C4F252
:108C900002400068800500280BD5FFE70F98B0F16F
:108CA000804F06D1FFE740F60010C0F23D00109063
:108CB00017E040F60040C4F202400068800300283C
:108CC0000BD5FFE70F98B0F1004F06D1FFE747F64D
:108CD0004000C0F27D10109002E000201090FFE7ED
:108CE000FFE7FFE702E000201090FFE7D6E040F644
:108CF000E840C4F20240006800F0C0000E9040F668
:108D0000F040C4F2024000688007002807D5FFE762
:108D10000E9820B9FFE74FF40040109026E040F68F
:108D2000F040C4F2024000680001002808D5FFE7C7
:108D30000E98402804D1FFE74FF4FA40109014E059
:108D400040F60040C4F2024000688005002808D5C3
:108D5000FFE70E98802804D1FFE748F21200109038
:108D600002E000201090FFE7FFE7FFE796E040F603
:108D7000E840C4F20240006800F030000E9040F677
:108D80000040C4F2024000688004002809D5FFE7D3
:108D90000E9830B9FFE746F60040C0F2DC20109094
:108DA0003AE040F60040C4F202400068800100282A
:108DB0000AD5FFE70E98102806D1FFE717A8FCF7A1
:108DC00081FF1898109026E040F6F040C4F202406F
:108DD00000688007002808D5FFE70E98202804D1F6
:108DE000FFE74FF40040109014E040F6F040C4F26A
:108DF000024000680001002808D5FFE70E983028DF
:108E000004D1FFE74FF4FA40109002E000201090E8
:108E1000FFE7FFE7FFE7FFE740E040F6E440C4F28A
:108E20000240006800F030000E900E98102806D125
:108E3000FFE717A8FCF746FF189810902EE040F6C1
:108E40000040C4F202400068800000280AD5FFE715
:108E50000E98202806D1FFE711A8FDF72BFA1298EB
:108E6000109016E040F60040C4F202400068800412
:108E700000280AD5FFE70E98302806D1FFE746F60E
:108E80000040C0F2DC20109002E000201090FFE7CC
:108E9000FFE7FFE702E000201090FFE7FFE71098F0
:108EA0001CB080BD80B5ACB02B9000208DF8A30025
:108EB0008DF8A2002B98C078C00760B1FFE740F69C
:108EC000E841C4F20241086820F040402B9A926DBC
:108ED00010430860FFE72B980068C007002837D0D0
:108EE000FFE72B98C06D2790052817D82799DFE852
:108EF00001F003040B12131414E02B98083007F050
:108F0000E7FB8DF8A3000DE02B98303007F096FCBE
:108F10008DF8A30006E005E004E003E001208DF8F1
:108F2000A300FFE79DF8A30060B9FFE740F6D84132
:108F3000C4F20241086820F007002B9AD26D10435A
:108F4000086004E09DF8A3008DF8A200FFE7FFE7AA
:108F50002B9800788007002840F14A80FFE72B9883
:108F6000006E2690282829D82699DFE801F01527D9
:108F700027272727272716272727272727271D279C
:108F80002727272727272427272727272727252776
:108F9000272727272727260014E02B98083007F0DB
:108FA00097FB8DF8A3000DE02B98303007F046FCBE
:108FB0008DF8A30006E005E004E003E001208DF851
:108FC000A300FFE79DF8A30060B9FFE740F6D84192
:108FD000C4F20241086820F038002B9A126E104348
:108FE000086004E09DF8A3008DF8A200FFE7FFE70A
:108FF0002B9800784007002847D5FFE72B98406E54
:109000002590B0B1FFE72598402813D0FFE72598B9
:10901000802816D0FFE72598C02819D0FFE72598AB
:10902000B0F5807F15D0FFE72598B0F5A07F11D06F
:1090300011E014E02B98083007F04AFB8DF8A300EC
:109040000DE02B98303007F0F9FB8DF8A30006E017
:1090500005E004E003E001208DF8A300FFE79DF8A0
:10906000A30060B9FFE740F6D841C4F202410868A6
:1090700020F4E0702B9A526E1043086004E09DF8D3
:10908000A3008DF8A200FFE7FFE72B980078000708
:1090900000284AD5FFE72B98806E2490C8B1FFE7DF
:1090A0002498B0F5007F15D0FFE72498B0F5806FC5
:1090B00017D0FFE72498B0F5C06F19D0FFE72498C8
:1090C000B0F5006F15D0FFE72498B0F5206F11D0F0
:1090D00011E014E02B98083007F0FAFA8DF8A3009D
:1090E0000DE02B98303007F0A9FB8DF8A30006E0C7
:1090F00005E004E003E001208DF8A300FFE79DF800
:10910000A30060B9FFE740F6D841C4F20241086805
:1091100020F460602B9A926E1043086004E09DF882
:10912000A3008DF8A200FFE7FFE72B980078C006A8
:1091300000284AD5FFE72B98C06E2390C8B1FFE7FF
:109140002398B0F5805F15D0FFE72398B0F5005F56
:1091500017D0FFE72398B0F5405F19D0FFE72398B9
:10916000B0F5804F15D0FFE72398B0F5A04F11D090
:1091700011E014E02B98083007F0AAFA8DF8A3004C
:109180000DE02B98303007F059FB8DF8A30006E076
:1091900005E004E003E001208DF8A300FFE79DF85F
:1091A000A30060B9FFE740F6D841C4F20241086865
:1091B00020F4E0402B9AD26E1043086004E09DF842
:1091C000A3008DF8A200FFE7FFE72B980078800648
:1091D00000284AD5FFE72B98006F2290C8B1FFE71F
:1091E0002298B0F5004F15D0FFE72298B0F5803FE8
:1091F00017D0FFE72298B0F5C03F19D0FFE72298BB
:10920000B0F5003F15D0FFE72298B0F5203F11D010
:1092100011E014E02B98083007F05AFA8DF8A300FB
:109220000DE02B98303007F009FB8DF8A30006E025
:1092300005E004E003E001208DF8A300FFE79DF8BE
:10924000A30060B9FFE740F6D841C4F202410868C4
:1092500020F460302B9A126F1043086004E09DF8F0
:10926000A3008DF8A200FFE7FFE72B9800784006E7
:1092700000284AD5FFE72B98406F2190C8B1FFE73F
:109280002198B0F5802F15D0FFE72198B0F5002F79
:1092900017D0FFE72198B0F5402F19D0FFE72198AC
:1092A000B0F5801F15D0FFE72198B0F5A01F11D0B1
:1092B00011E014E02B98083007F00AFA8DF8A300AB
:1092C0000DE02B98303007F0B9FA8DF8A30006E0D6
:1092D00005E004E003E001208DF8A300FFE79DF81E
:1092E000A30060B9FFE740F6D841C4F20241086824
:1092F00020F4E0102B9A526F1043086004E09DF8B0
:10930000A3008DF8A200FFE7FFE72B980078000686
:1093100000284AD5FFE72B98806F2090C8B1FFE75F
:109320002098B0F5001F15D0FFE72098B0F5800F0A
:1093300017D0FFE72098B0F5C00F19D0FFE72098AD
:10934000B0F5000F15D0FFE72098B0F5200F11D031
:1093500011E014E02B98083007F0BAF98DF8A3005B
:109360000DE02B98303007F069FA8DF8A30006E085
:1093700005E004E003E001208DF8A300FFE79DF87D
:10938000A30060B9FFE740F6D841C4F20241086883
:1093900020F460002B9A926F1043086004E09DF85F
:1093A000A3008DF8A200FFE7FFE72B984078C007E5
:1093B00000284AD0FFE72B98C06F1F90C8B1FFE785
:1093C0001F98B0F1807F15D0FFE71F98B0F1007FA4
:1093D00017D0FFE71F98B0F1407F19D0FFE71F9823
:1093E000B0F1806F15D0FFE71F98B0F1A06F11D0DA
:1093F00011E014E02B98083007F06AF98DF8A3000B
:109400000DE02B98303007F019FA8DF8A30006E034
:1094100005E004E003E001208DF8A300FFE79DF8DC
:10942000A30060B9FFE740F6D841C4F202410868E2
:1094300020F0E0602B9AD26F1043086004E09DF8A2
:10944000A3008DF8A200FFE7FFE72B984078800784
:1094500000284CD5FFE72B98D0F880001E90C8B1AB
:10946000FFE71E98B0F1006F15D0FFE71E98B0F12E
:10947000805F17D0FFE71E98B0F1C05F19D0FFE7FB
:109480001E98B0F1005F15D0FFE71E98B0F1205F85
:1094900011D011E014E02B98083007F019F98DF87D
:1094A000A3000DE02B98303007F0C8F98DF8A30029
:1094B00006E005E004E003E001208DF8A300FFE7EB
:1094C0009DF8A30068B9FFE740F6D841C4F2024115
:1094D000086820F060502B9AD2F880201043086072
:1094E00004E09DF8A3008DF8A200FFE7FFE72B98AA
:1094F00040784007002839D5FFE72B98D0F8840042
:109500001D90052817D81D99DFE801F003040B1200
:10951000131414E02B98083007F0DAF88DF8A30044
:109520000DE02B98303007F089F98DF8A30006E0A4
:1095300005E004E003E001208DF8A300FFE79DF8BB
:10954000A30068B9FFE740F6DC41C4F202410868B5
:1095500020F007002B9AD2F884201043086004E022
:109560009DF8A3008DF8A200FFE7FFE72B98407855
:109570000007002847D5FFE72B98D0F888001C90FB
:10958000A0B1FFE71C98102811D0FFE71C982028F5
:1095900014D0FFE71C98302817D0FFE71C9840280C
:1095A00014D0FFE71C98502811D011E014E02B983C
:1095B000083007F08DF88DF8A3000DE02B983030BF
:1095C00007F03CF98DF8A30006E005E004E003E0B5
:1095D00001208DF8A300FFE79DF8A30068B9FFE71D
:1095E00040F6DC41C4F20241086820F070002B9A7A
:1095F000D2F888201043086004E09DF8A3008DF89D
:10960000A200FFE7FFE72B984078C00600284CD562
:10961000FFE72B98D0F88C001B90C8B1FFE71B9890
:10962000B0F1807F15D0FFE71B98B0F1007F17D015
:10963000FFE71B98B0F1407F19D0FFE71B98B0F10E
:10964000806F15D0FFE71B98B0F1A06F11D011E02B
:1096500014E02B98083007F03BF88DF8A3000DE0DC
:109660002B98303007F0EAF88DF8A30006E005E00B
:1096700004E003E001208DF8A300FFE79DF8A300BC
:1096800068B9FFE740F6E041C4F20241086820F003
:10969000E0602B9AD2F88C201043086004E09DF81B
:1096A000A3008DF8A200FFE7FFE72B984078800623
:1096B00000283AD5FFE72B98D0F890001A9078B19F
:1096C000FFE71A98B0F5803F0BD0FFE71A98B0F586
:1096D000003F0DD0FFE71A98B0F5403F09D009E0F0
:1096E0000CE02B98303007F0A9F88DF8A30005E0C6
:1096F00004E003E001208DF8A300FFE79DF8A3003C
:1097000068B9FFE740F6E441C4F20241086820F47A
:1097100040302B9AD2F890201043086004E09DF866
:10972000A3008DF8A200FFE7FFE72B9840784006E2
:1097300000283AD5FFE72B98D0F89400199078B11B
:10974000FFE71998B0F5802F0BD0FFE71998B0F517
:10975000002F0DD0FFE71998B0F5402F09D009E090
:109760000CE02B98303007F069F88DF8A30005E085
:1097700004E003E001208DF8A300FFE79DF8A300BB
:1097800068B9FFE740F6E441C4F20241086820F4FA
:1097900040202B9AD2F894201043086004E09DF8F2
:1097A000A3008DF8A200FFE7FFE72B9840780006A2
:1097B00000283AD5FFE72B98D0F89800189078B198
:1097C000FFE71898B0F5801F0BD0FFE71898B0F5A9
:1097D000001F0DD0FFE71898B0F5401F09D009E031
:1097E0000CE02B98303007F029F88DF8A30005E045
:1097F00004E003E001208DF8A300FFE79DF8A3003B
:1098000068B9FFE740F6E441C4F20241086820F479
:1098100040102B9AD2F898201043086004E09DF87D
:10982000A3008DF8A200FFE7FFE72B9840794007DF
:1098300000283AD5FFE72B98D0F89C00179078B114
:10984000FFE71798B0F5800F0BD0FFE71798B0F53A
:10985000000F0DD0FFE71798B0F5400F09D009E0D1
:109860000CE02B98303006F0E9FF8DF8A30005E0FE
:1098700004E003E001208DF8A300FFE79DF8A300BA
:1098800068B9FFE740F6E441C4F20241086820F4F9
:1098900040002B9AD2F89C201043086004E09DF809
:1098A000A3008DF8A200FFE7FFE72B988078C007A0
:1098B000A0B3FFE72B98D0F8A000169050B1FFE7B7
:1098C0001698B0F1807F06D0FFE71698B0F1007FC0
:1098D00008D008E00BE02B98303006F0AFFF8DF891
:1098E000A30004E003E001208DF8A300FFE79DF84A
:1098F000A30068B9FFE740F6E441C4F202410868FA
:1099000020F040702B9AD2F8A0201043086004E0A9
:109910009DF8A3008DF8A200FFE7FFE72B984079A0
:109920000007002811D5FFE7FFE740F61C41C4F20D
:109930000241086820F4004008602B98D0F8042108
:10994000086810430860FFE7FFE72B9880788007DE
:1099500000284CD5FFE72B98D0F8A4001590C8B18B
:10996000FFE71598B0F5807F15D0FFE71598B0F5A3
:10997000007F17D0FFE71598B0F5407F19D0FFE7BB
:109980001598B0F5806F15D0FFE71598B0F5A06F6A
:1099900011D011E014E02B98083006F099FE8DF8F4
:1099A000A3000DE02B98303006F048FF8DF8A3009F
:1099B00006E005E004E003E001208DF8A300FFE7E6
:1099C0009DF8A30068B9FFE740F6DC41C4F202410C
:1099D000086820F4E0602B9AD2F8A42010430860B5
:1099E00004E09DF8A3008DF8A200FFE7FFE72B98A5
:1099F0008078400700284CD5FFE72B98D0F8A800C6
:109A00001490C8B1FFE71498B0F5805F15D0FFE758
:109A10001498B0F5005F17D0FFE71498B0F5405FD9
:109A200019D0FFE71498B0F5804F15D0FFE71498D0
:109A3000B0F5A04F11D011E014E02B98083006F0DB
:109A400047FE8DF8A3000DE02B98303006F0F6FEAF
:109A50008DF8A30006E005E004E003E001208DF8A6
:109A6000A300FFE79DF8A30068B9FFE740F6DC41DB
:109A7000C4F20241086820F4E0402B9AD2F8A820F2
:109A80001043086004E09DF8A3008DF8A200FFE7F2
:109A9000FFE72B980079800600284CD5FFE72B982C
:109AA000D0F8AC001390C8B1FFE71398B0F5803F31
:109AB00015D0FFE71398B0F5003F17D0FFE71398D4
:109AC000B0F5403F19D0FFE71398B0F5802F15D0BF
:109AD000FFE71398B0F5A02F11D011E014E02B98F8
:109AE000083006F0F5FD8DF8A3000DE02B9830301E
:109AF00006F0A4FE8DF8A30006E005E004E003E014
:109B000001208DF8A300FFE79DF8A30068B9FFE7E7
:109B100040F6DC41C4F20241086820F4E0202B9AB0
:109B2000D2F8AC201043086004E09DF8A3008DF843
:109B3000A200FFE7FFE72B980079400600284CD5EC
:109B4000FFE72B98D0F8B0001290C8B1FFE7129849
:109B5000B0F5801F15D0FFE71298B0F5001F17D0A1
:109B6000FFE71298B0F5401F19D0FFE71298B0F543
:109B7000800F15D0FFE71298B0F5A00F11D011E0BB
:109B800014E02B98083006F0A3FD8DF8A3000DE03B
:109B90002B98303006F052FE8DF8A30006E005E069
:109BA00004E003E001208DF8A300FFE79DF8A30087
:109BB00068B9FFE740F6DC41C4F20241086820F4CE
:109BC000E0002B9AD2F8B0201043086004E09DF822
:109BD000A3008DF8A200FFE7FFE72B9800790006AD
:109BE00000284CD5FFE72B98D0F8B4001190C8B1ED
:109BF000FFE71198B0F1807F15D0FFE71198B0F121
:109C0000007F17D0FFE71198B0F1407F19D0FFE730
:109C10001198B0F1806F15D0FFE71198B0F1A06FE7
:109C200011D011E014E02B98083006F051FD8DF8AA
:109C3000A3000DE02B98303006F000FE8DF8A30055
:109C400006E005E004E003E001208DF8A300FFE753
:109C50009DF8A30068B9FFE740F6DC41C4F2024179
:109C6000086820F0E0602B9AD2F8B4201043086016
:109C700004E09DF8A3008DF8A200FFE7FFE72B9812
:109C80004079C00700284CD0FFE72B98D0F8B800E7
:109C90001090C8B1FFE71098B0F1805F15D0FFE7D2
:109CA0001098B0F1005F17D0FFE71098B0F1405F57
:109CB00019D0FFE71098B0F1804F15D0FFE710984A
:109CC000B0F1A04F11D011E014E02B98083006F04D
:109CD000FFFC8DF8A3000DE02B98303006F0AEFDB0
:109CE0008DF8A30006E005E004E003E001208DF814
:109CF000A300FFE79DF8A30068B9FFE740F6DC4149
:109D0000C4F20241086820F0E0402B9AD2F8B82053
:109D10001043086004E09DF8A3008DF8A200FFE75F
:109D2000FFE72B988078000700284ED5FFE72B9897
:109D3000D0F8C0000F90A0B1FFE70F98B0F5803FBA
:109D400018D0FFE70F98B0F5003F1AD0FFE70F9843
:109D5000B0F5403F1CD0FFE70F98B0F5802F18D02A
:109D600018E040F62841C4F20241086840F400308F
:109D7000086013E02B98083006F0AAFC8DF8A300C9
:109D80000CE02B98303006F059FD8DF8A30005E06B
:109D900004E003E001208DF8A300FFE79DF8A30095
:109DA00068B9FFE740F6E841C4F20241086820F4D0
:109DB000E0202B9AD2F8C0201043086004E09DF800
:109DC000A3008DF8A200FFE7FFE72B988078C0067C
:109DD00000284DD5FFE72B98D0F8C4000E90A0B115
:109DE000FFE70E98B0F5002F18D0FFE70E98B0F5FA
:109DF000801F1AD0FFE70E98B0F5C01F1CD0FFE7F8
:109E00000E98B0F5001F17D017E040F62841C4F2B5
:109E10000241086840F40030086012E02B980830D6
:109E200006F056FC8DF8A3000BE02B98303006F0BE
:109E300005FD8DF8A30004E003E001208DF8A300E8
:109E4000FFE79DF8A30068B9FFE740F6E841C4F2D8
:109E50000241086820F460102B9AD2F8C420104305
:109E6000086004E09DF8A3008DF8A200FFE7FFE77B
:109E70002B9880788006002834D5FFE72B98D0F8FF
:109E8000D4000D90022809D3FFE70D98022806D0D0
:109E9000FFE70D980338032808D308E00BE02B9860
:109EA000083006F015FC8DF8A30004E003E0012063
:109EB0008DF8A300FFE79DF8A30068B9FFE740F61F
:109EC000E841C4F20241086820F007002B9AD2F85A
:109ED000D4201043086004E09DF8A3008DF8A20090
:109EE000FFE7FFE72B9840798007002827D5FFE799
:109EF0002B98D0F8D8000C9020B1FFE70C980828D8
:109F000001D001E004E003E001208DF8A300FFE7A9
:109F10009DF8A30068B9FFE740F6E841C4F20241AA
:109F2000086820F008002B9AD2F8D8201043086067
:109F300004E09DF8A3008DF8A200FFE7FFE72B984F
:109F4000C0788007002840F1B580FFE740F6240183
:109F5000C4F20241086840F001000860FBF7DAFC37
:109F60002990FFE740F62400C4F202400068C007D1
:109F700060B9FFE7FBF7CEFC2999401A032804D308
:109F8000FFE703208DF8A30000E0EBE79DF8A300B6
:109F9000002840F08980FFE740F6F040C4F202401C
:109FA000006800F440702A902A98D0B1FFE72A9800
:109FB0002B99D1F8F810884213D0FFE740F6F04112
:109FC000C4F20241086820F440702A90086840F406
:109FD00080300860086820F4803008602A980860A3
:109FE000FFE79DF8A800C007E0B1FFE7FBF792FC90
:109FF0002990FFE740F6F040C4F202400068800775
:10A0000000280ED4FFE7FBF785FC2999401A41F29E
:10A010008931884204D3FFE703208DF8A30000E0D4
:10A02000E8E7FFE79DF8A300C0BBFFE7FFE72B9839
:10A03000D0F8F80000F44070B0F5407F13D1FFE78E
:10A0400040F61C41C4F20241086820F47C502B9A6F
:10A05000D2F8F8204FF6F043C0F6FF731A4040EAFA
:10A060001210086008E040F61C41C4F20241086882
:10A0700020F47C500860FFE740F6F041C4F2024152
:10A08000086820F4407008602B98D0F8F8206FF32F
:10A090001F32086810430860FFE704E09DF8A30042
:10A0A0008DF8A200FFE704E09DF8A3008DF8A20060
:10A0B000FFE7FFE72B98C0784007002839D5FFE776
:10A0C0002B98D0F8C8000B9060B1FFE70B981028D0
:10A0D00009D0FFE70B9820280ED0FFE70B98302817
:10A0E0000BD00BE00EE040F62841C4F202410868B4
:10A0F00040F40030086005E004E003E001208DF842
:10A10000A300FFE79DF8A30068B9FFE740F6E84128
:10A11000C4F20241086820F030002B9AD2F8C8201F
:10A120001043086004E09DF8A3008DF8A200FFE74B
:10A13000FFE72B9880784006002835D5FFE72B985D
:10A14000D0F8CC000A9020B1FFE70A98402809D047
:10A150000FE040F62841C4F20241086840F40030A4
:10A1600008600AE02B98083006F0B2FA8DF8A300D8
:10A1700003E001208DF8A300FFE79DF8A30068B974
:10A18000FFE740F6E441C4F20241086820F04000D5
:10A190002B9AD2F8CC201043086004E09DF8A3006D
:10A1A0008DF8A200FFE7FFE72B98807800060028D3
:10A1B00035D5FFE72B98D0F8D000099020B1FFE704
:10A1C0000998802809D00FE040F62841C4F20241E6
:10A1D000086840F4003008600AE02B98083006F068
:10A1E00077FA8DF8A30003E001208DF8A300FFE7C4
:10A1F0009DF8A30068B9FFE740F6E441C4F20241CC
:10A20000086820F080002B9AD2F8D0201043086014
:10A2100004E09DF8A3008DF8A200FFE7FFE72B986C
:10A22000C0780007002840D5FFE72B98D0F8E00061
:10A23000089004281ED80899DFE801F0030C131ACF
:10A240001B0040F62841C4F20241086840F4003087
:10A25000086013E02B98083006F03AFA8DF8A30056
:10A260000CE02B98303006F0E9FA8DF8A30005E0F9
:10A2700004E003E001208DF8A300FFE79DF8A300B0
:10A2800068B9FFE740F6E041C4F20241086820F0F7
:10A2900007002B9AD2F8E0201043086004E09DF8F4
:10A2A000A3008DF8A200FFE7FFE72B98C078C00657
:10A2B000002840F14F80FFE72B98D0F8E40007908A
:10A2C00020282CD80799DFE801F0112A2A2A2A2A07
:10A2D0002A2A1A2A2A2A2A2A2A2A212A2A2A2A2AF7
:10A2E0002A2A282A2A2A2A2A2A2A290040F6284104
:10A2F000C4F20241086840F40030086013E02B9873
:10A30000083006F0E5F98DF8A3000CE02B9830300A
:10A3100006F094FA8DF8A30005E004E003E00120C4
:10A320008DF8A300FFE79DF8A30068B9FFE740F6AA
:10A33000E041C4F20241086820F038002B9AD2F8BC
:10A34000E4201043086004E09DF8A3008DF8A2000B
:10A35000FFE7FFE72B98C078800600284BD5FFE782
:10A360002B98D0F8E800069088B1FFE706984028BF
:10A3700016D0FFE70698802819D0FFE70698C02876
:10A380001CD0FFE70698B0F5807F18D018E040F6A3
:10A390002841C4F20241086840F40030086013E02C
:10A3A0002B98083006F094F98DF8A3000CE02B9858
:10A3B000303006F043FA8DF8A30005E004E003E036
:10A3C00001208DF8A300FFE79DF8A30068B9FFE71F
:10A3D00040F6E041C4F20241086820F4E0702B9A94
:10A3E000D2F8E8201043086004E09DF8A3008DF83F
:10A3F000A200FFE7FFE72B98C078400600284CD565
:10A40000FFE72B98D0F8EC000590C8B1FFE705985E
:10A41000B0F5007F15D0FFE70598B0F5806F17D035
:10A42000FFE70598B0F5C06F19D0FFE70598B0F5C4
:10A43000006F15D0FFE70598B0F5206F11D011E03F
:10A4400014E02B98083006F043F98DF8A3000DE0D6
:10A450002B98303006F0F2F98DF8A30006E005E005
:10A4600004E003E001208DF8A300FFE79DF8A300BE
:10A4700068B9FFE740F6E041C4F20241086820F401
:10A4800060602B9AD2F8EC201043086004E09DF83D
:10A49000A3008DF8A200FFE7FFE72B98C078000625
:10A4A00000284CD5FFE72B98D0F8F0000490C8B1F5
:10A4B000FFE70498B0F5805F15D0FFE70498B0F58A
:10A4C000005F17D0FFE70498B0F5405F19D0FFE7B1
:10A4D0000498B0F5804F15D0FFE70498B0F5A04F71
:10A4E00011D011E014E02B98083006F0F1F88DF847
:10A4F000A3000DE02B98303006F0A0F98DF8A300F2
:10A5000006E005E004E003E001208DF8A300FFE78A
:10A510009DF8A30068B9FFE740F6E041C4F20241AC
:10A52000086820F4E0402B9AD2F8F020104308602D
:10A5300004E09DF8A3008DF8A200FFE7FFE72B9849
:10A540000079C00700284CD0FFE72B98D0F8F40022
:10A550000390C8B1FFE70398B0F5004F15D0FFE7AF
:10A560000398B0F5803F17D0FFE70398B0F5C03FE0
:10A5700019D0FFE70398B0F5003F15D0FFE7039827
:10A58000B0F5203F11D011E014E02B98083006F010
:10A590009FF88DF8A3000DE02B98303006F04EF9AF
:10A5A0008DF8A30006E005E004E003E001208DF84B
:10A5B000A300FFE79DF8A30068B9FFE740F6E0417C
:10A5C000C4F20241086820F460302B9AD2F8F420DB
:10A5D0001043086004E09DF8A3008DF8A200FFE797
:10A5E000FFE72B9800798007002838D5FFE72B98E4
:10A5F000D0F8DC000290032816D80299DFE801F0B9
:10A6000002030C1314E040F62841C4F2024108682A
:10A6100040F4003008600BE02B98083006F058F842
:10A620008DF8A30004E003E001208DF8A300FFE70C
:10A630009DF8A30068B9FFE740F6E441C4F2024187
:10A64000086820F003002B9AD2F8DC201043086041
:10A6500004E09DF8A3008DF8A200FFE7FFE72B9828
:10A660000079400700283CD5FFE72B98D0F8BC00C4
:10A67000019050B1FFE70198B0F5807F06D0FFE769
:10A680000198B0F5007F0AD010E013E040F62841B1
:10A69000C4F20241086840F4003008600AE02B98D8
:10A6A000083006F015F88DF8A30003E001208DF8BE
:10A6B000A300FFE79DF8A30068B9FFE740F6E84173
:10A6C000C4F20241086820F440702B9AD2F8BC20F2
:10A6D0001043086004E09DF8A3008DF8A200FFE796
:10A6E000FFE72B980079C00600283BD5FFE72B98A1
:10A6F000D0F800010090102808D0FFE7009820282B
:10A700000DD0FFE70098302810D010E040F6284127
:10A71000C4F20241086840F4003008600BE02B9856
:10A72000303006F08BF88DF8A30004E003E0012040
:10A730008DF8A300FFE79DF8A30068B9FFE740F696
:10A74000E441C4F20241086820F030002B9AD2F8AC
:10A7500000211043086004E09DF8A3008DF8A200DA
:10A76000FFE7FFE72B980079000700280DD5FFE7EA
:10A7700040F6E841C4F20241086820F0C0002B9A7C
:10A78000D2F8FC2010430860FFE79DF8A2002CB02F
:10A7900080BD000080B586B004900391049820B974
:10A7A000FFE701208DF817003AE2039842F200011A
:10A7B000C4F20201096801F00F01884216D9FFE7CF
:10A7C00042F20000C4F20200016821F00F01039A76
:10A7D00011430160006800F00F000399884204D023
:10A7E000FFE701208DF817001AE2FFE704980078D0
:10A7F000C00600281BD5FFE70498406940F62041B9
:10A80000C4F20241096801F4E041B0EB112F0DD907
:10A81000FFE740F62041C4F20241086820F4E0401E
:10A82000049A526940EA02200860FFE7FFE70498B3
:10A830000078000700281BD5FFE70498006940F660
:10A840002041C4F20241096801F4E061B0EB111F3C
:10A850000DD9FFE740F62041C4F20241086820F418
:10A86000E060049A126940EA02100860FFE7FFE71F
:10A87000049800784007002819D5FFE70498C068BD
:10A8800040F62041C4F20241096801F0700188429B
:10A890000CD9FFE740F62041C4F20241086820F0DD
:10A8A0007000049AD26810430860FFE7FFE704983D
:10A8B00000788007002819D5FFE70498806840F6E3
:10A8C0002041C4F20241096801F00F0188420CD90D
:10A8D000FFE740F62041C4F20241086820F00F0073
:10A8E000049A926810430860FFE7FFE70498007835
:10A8F000C007002800F0D180FFE7049840680328D3
:10A900000ED1FFE740F60040C4F20240006880012B
:10A91000002804D4FFE701208DF8170080E135E01E
:10A920000498406802280ED1FFE740F60040C4F2C8
:10A93000024000688003002804D4FFE701208DF85E
:10A9400017006DE121E00498406801280ED1FFE76F
:10A9500040F60040C4F2024000688005002804D49C
:10A96000FFE701208DF817005AE10DE040F60040A6
:10A97000C4F2024000688007002804D4FFE70120E9
:10A980008DF817004CE1FFE7FFE7FFE740F61C41B9
:10A99000C4F20241086820F00300049A5268104390
:10A9A0000860FAF7B7FF01900498406803281AD1AD
:10A9B000FFE7FFE740F61C40C4F20240006800F0E9
:10A9C000180018280ED0FFE7FAF7A4FF0199401AE3
:10A9D00041F28931884204D3FFE703208DF8170044
:10A9E0001EE1E7E758E00498406802281AD1FFE723
:10A9F000FFE740F61C40C4F20240006800F0180077
:10AA000010280ED0FFE7FAF785FF0199401A41F2AE
:10AA10008931884204D3FFE703208DF81700FFE057
:10AA2000E7E738E00498406801281AD1FFE7FFE71C
:10AA300040F61C40C4F20240006800F018000828EC
:10AA40000ED0FFE7FAF766FF0199401A41F289310B
:10AA5000884204D3FFE703208DF81700E0E0E7E722
:10AA600018E0FFE740F61C40C4F20240006810F016
:10AA7000180F0ED0FFE7FAF74DFF0199401A41F287
:10AA80008931884204D3FFE703208DF81700C7E01F
:10AA9000E8E7FFE7FFE7FFE7FFE7049800788007B4
:10AAA000002819D5FFE70498806840F62041C4F2D9
:10AAB0000241096801F00F0188420CD2FFE740F61D
:10AAC0002041C4F20241086820F00F00049A926805
:10AAD00010430860FFE7FFE7039842F20001C4F269
:10AAE0000201096801F00F01884216D2FFE742F225
:10AAF0000000C4F20200016821F00F01039A114323
:10AB00000160006800F00F000399884204D0FFE75D
:10AB100001208DF8170083E0FFE7049800784007D4
:10AB2000002819D5FFE70498C06840F62041C4F218
:10AB30000241096801F0700188420CD2FFE740F63B
:10AB40002041C4F20241086820F07000049AD268E3
:10AB500010430860FFE7FFE704980078000700282B
:10AB60001BD5FFE70498006940F62041C4F202417A
:10AB7000096801F4E061B0EB111F0DD2FFE740F668
:10AB80002041C4F20241086820F4E060049A12698E
:10AB900040EA02100860FFE7FFE704980078C0066B
:10ABA00000281BD5FFE70498406940F62041C4F215
:10ABB0000241096801F4E041B0EB112F0DD2FFE72B
:10ABC00040F62041C4F20241086820F4E040049AB3
:10ABD000526940EA02200860FFE7FFE700F07AF8D8
:10ABE00040F62041C4F20241096801F00F0246F626
:10ABF0001401C0F60101895CC84040F21C01C2F298
:10AC00000001086040F24440C2F200000068FAF718
:10AC1000EFFE8DF80B009DF80B008DF81700FFE795
:10AC20009DF8170006B080BD80B500F053F840F6DF
:10AC30002041C4F20241096801F00F0246F61401F6
:10AC4000C0F60101895C01F01F0120FA01F140F218
:10AC50001C00C2F200000160006880BD80B5FFF7F3
:10AC6000E3FF40F62041C4F202410968C1F3021239
:10AC700046F62401C0F60101895C01F01F01C840BD
:10AC800080BD000080B5FFF7CFFF40F62041C4F241
:10AC900002410968C1F3022246F62401C0F601010F
:10ACA000895C01F01F01C84080BD000080B5FFF73E
:10ACB000BBFF40F62041C4F202410968C1F30232F1
:10ACC00046F62401C0F60101895C01F01F01C8406D
:10ACD00080BD000089B040F61C40C4F2024000680C
:10ACE00000F01800082806D1FFE740F60010C0F277
:10ACF0003D00049048E140F61C40C4F20240006868
:10AD000010F0180F21D1FFE740F60040C4F20240D6
:10AD1000006800F020010020B0EB511F0ED0FFE7CB
:10AD200040F60040C4F202400068C0F3C10149F29D
:10AD30000000C0F2D030C840049005E049F20000A5
:10AD4000C0F2D0300490FFE71DE140F61C40C4F291
:10AD50000240006800F01800102806D1FFE747F60F
:10AD60004000C0F27D1004900CE140F61C40C4F29B
:10AD70000240006800F01800182840F0FC80FFE74F
:10AD800040F62840C4F20240016801F00301089136
:10AD90000168C1F3052106910068C0F30010059019
:10ADA000059840F63841C4F20241096889B2C908E1
:10ADB00000FB01F000EE100AB8EE400A8DED020A29
:10ADC0000698002800F0D380FFE70898009001283B
:10ADD00009D0FFE70098022800F08D80FFE7009877
:10ADE000032864D088E040F60040C4F202400068C6
:10ADF00000F020010020B0EB511F33D0FFE740F6F8
:10AE00000040C4F202400068C0F3C10149F20000F2
:10AE1000C0F2D030C84003909DED030AB8EE400A5E
:10AE20009DED061AB8EE411A80EE010A40F6344054
:10AE3000C4F2024000686FF35F2001EE100AB8EE22
:10AE4000411A9DED022A9FED533A22EE032A31EE7C
:10AE5000021AB7EE002A31EE021A20EE010A8DED39
:10AE6000010A23E09DED060AB8EE401A9FED4A0A5A
:10AE700080EE010A40F63440C4F2024000686FF3ED
:10AE80005F2001EE100AB8EE411A9DED022A9FEDF7
:10AE9000413A22EE032A31EE021AB7EE002A31EED1
:10AEA000021A20EE010A8DED010AFFE748E09DED50
:10AEB000060AB8EE401A9FED360A80EE010A40F607
:10AEC0003440C4F2024000686FF35F2001EE100AC4
:10AED000B8EE411A9DED022A9FED2E3A22EE032A8A
:10AEE00031EE021AB7EE002A31EE021A20EE010A04
:10AEF0008DED010A24E0FFE79DED060AB8EE401A49
:10AF00009FED260A80EE010A40F63440C4F202406A
:10AF100000686FF35F2001EE100AB8EE411A9DED54
:10AF2000022A9FED1C3A22EE032A31EE021AB7EEF6
:10AF3000002A31EE021A20EE010A8DED010AFFE728
:10AF400040F63440C4F20240006881B2012000EBB8
:10AF5000512007909DED010A9DED071AB8EE411AA8
:10AF600080EE010ABCEEC00A8DED040A02E000206A
:10AF70000490FFE705E049F20000C0F2D0300490F1
:10AF8000FFE7FFE7FFE7FFE7049809B0704700BF5E
:10AF900020BCBE4B000000390024744C0024744ACD
:10AFA00080B588B00690069828B9FFE701208DF893
:10AFB0001F0000F0EFBC40F61C40C4F202400068E5
:10AFC00000F01800049040F62840C4F202400068E7
:10AFD00000F00300039006980078C006002840F1B6
:10AFE0008080FFE70498082808D0FFE70498182815
:10AFF0001DD1FFE70398022819D1FFE70698C06921
:10B0000028B9FFE701208DF81F0000F0C3BCFFE75F
:10B0100040F61841C4F20241086820F47C10069AF8
:10B02000126A40EA02400860FFE7FFE758E006982E
:10B03000C06988B3FFE740F60041C4F202410868E6
:10B0400040F480700860FAF765FC0590FFE740F671
:10B050000040C4F202400068800500280DD4FFE7DC
:10B06000FAF758FC0599401A032805D3FFE7032097
:10B070008DF81F0000F08EBCE9E7FFE740F61841AD
:10B08000C4F20241086820F47C10069A126A40EA71
:10B0900002400860FFE722E040F60041C4F20241AE
:10B0A000086820F480700860FAF734FC0590FFE728
:10B0B00040F60040C4F202400068800500280DD52B
:10B0C000FFE7FAF727FC0599401A032805D3FFE7A5
:10B0D00003208DF81F0000F05DBCE9E7FFE7FFE704
:10B0E000FFE706980078C007002800F0B980FFE766
:10B0F0000498102808D0FFE7049818280ED1FFE71D
:10B10000039803280AD1FFE70698406828B9FFE7AB
:10B1100001208DF81F0000F03DBCA0E0FFE706987D
:10B120004068B0F5803F09D1FFE740F60041C4F226
:10B130000241086840F48030086056E00698406894
:10B1400088B9FFE740F60041C4F20241086820F4E4
:10B1500080300860086820F480100860086820F4D7
:10B160008020086040E006984068B0F5A02F11D11B
:10B17000FFE740F60041C4F20241086840F4802035
:10B180000860086820F480100860086840F4803087
:10B19000086028E006984068B0F5A81F11D1FFE7C5
:10B1A00040F60041C4F20241086840F48020086083
:10B1B000086840F480100860086840F48030086037
:10B1C00010E040F60041C4F20241086820F48030EB
:10B1D0000860086820F480200860086820F4801067
:10B1E0000860FFE7FFE7FFE7FFE7FFE70698406833
:10B1F000D0B1FFE7FAF78EFB0590FFE740F600407D
:10B20000C4F202400068800300280CD4FFE7FAF77C
:10B2100081FB0599401A652804D3FFE703208DF8C8
:10B220001F00B7E3EAE719E0FAF774FB0590FFE7C0
:10B2300040F60040C4F202400068800300280CD5AC
:10B24000FFE7FAF767FB0599401A652804D3FFE783
:10B2500003208DF81F009DE3EAE7FFE7FFE7FFE724
:10B26000069800788007002840F1C380FFE7049823
:10B2700040B1FFE7049818285ED1FFE70398012842
:10B280005AD1FFE70698C06820B9FFE701208DF882
:10B290001F007FE3049840BBFFE740F60040C4F284
:10B2A0000240006800F018000699096988421BD026
:10B2B000FFE740F60041C4F20241086820F01800A0
:10B2C000069A126910430860FFF7AEFC40F2444052
:10B2D000C2F200000068FAF78BFB20B1FFE7012003
:10B2E0008DF81F0056E3FFE7FFE7FAF713FB059021
:10B2F000FFE740F60040C4F20240006880070028E3
:10B300000CD4FFE7FAF706FB0599401A032804D38B
:10B31000FFE703208DF81F003CE3EAE740F6104109
:10B32000C4F20241086820F4FE00069A526940EA1D
:10B3300002400860FFE75BE00698C068A8B3FFE73B
:10B3400040F60041C4F20241086820F01800069A55
:10B35000126910430860086840F001000860FAF7BD
:10B36000D9FA0590FFE740F60040C4F202400068B9
:10B37000800700280CD4FFE7FAF7CCFA0599401AA9
:10B38000032804D3FFE703208DF81F0002E3EAE758
:10B3900040F61041C4F20241086820F4FE00069A0B
:10B3A000526940EA0240086021E040F60041C4F2E0
:10B3B0000241086820F001000860FAF7ABFA059036
:10B3C000FFE740F60040C4F2024000688007002812
:10B3D0000CD5FFE7FAF79EFA0599401A032804D323
:10B3E000FFE703208DF81F00D4E2EAE7FFE7FFE75D
:10B3F000FFE7069800780007002849D5FFE7069880
:10B40000806910B3FFE740F6F041C4F202410868DA
:10B4100040F080600860FAF77DFA0590FFE740F69B
:10B42000F040C4F202400068000100280CD4FFE79D
:10B43000FAF770FA0599401A032804D3FFE70320AE
:10B440008DF81F00A6E2EAE721E040F6F041C4F2E1
:10B450000241086820F080600860FAF75BFA059006
:10B46000FFE740F6F040C4F2024000680001002807
:10B470000CD5FFE7FAF74EFA0599401A032804D3D2
:10B48000FFE703208DF81F0084E2EAE7FFE7FFE70C
:10B49000069800784007002840F1CC80FFE740F68E
:10B4A0002400C4F202400068C00708BBFFE740F672
:10B4B0002401C4F20241086840F001000860FAF774
:10B4C00029FA0590FFE740F62400C4F20240006824
:10B4D000C00760B9FFE7FAF71DFA0599401A03287B
:10B4E00004D3FFE703208DF81F0053E2EBE7FFE7EB
:10B4F000FFE706988068012809D1FFE740F6F04190
:10B50000C4F20241086840F00100086054E0069867
:10B51000806888B9FFE740F6F041C4F2024108684C
:10B5200020F001000860086820F0800008600868CA
:10B5300020F0040008603EE006988068052811D1DC
:10B54000FFE740F6F041C4F20241086840F0040011
:10B550000860086820F080000860086840F001007A
:10B56000086027E006988068852811D1FFE740F63B
:10B57000F041C4F20241086840F004000860086825
:10B5800040F080000860086840F00100086010E0AA
:10B5900040F6F041C4F20241086820F00100086062
:10B5A000086820F004000860086820F08000086047
:10B5B000FFE7FFE7FFE7FFE7FFE706988068E0B1F6
:10B5C000FFE7FAF7A7F90590FFE740F6F040C4F26D
:10B5D00002400068800700280ED4FFE7FAF79AF9C6
:10B5E0000599401A41F28931884204D3FFE70320CC
:10B5F0008DF81F00CEE1E8E71BE0FAF78BF9059024
:10B60000FFE740F6F040C4F20240006880070028DF
:10B610000ED5FFE7FAF77EF90599401A41F2893114
:10B62000884204D3FFE703208DF81F00B2E1E8E76A
:10B63000FFE7FFE7069800788006002849D5FFE776
:10B640000698406A10B3FFE740F60041C4F2024199
:10B65000086840F480500860FAF75CF90590FFE74D
:10B6600040F60040C4F202400068800400280CD478
:10B67000FFE7FAF74FF90599401A032804D3FFE7CB
:10B6800003208DF81F0085E1EAE721E040F6004144
:10B69000C4F20241086820F480500860FAF73AF9D1
:10B6A0000590FFE740F60040C4F2024000688004C5
:10B6B00000280CD5FFE7FAF72DF90599401A032861
:10B6C00004D3FFE703208DF81F0063E1EAE7FFE7FB
:10B6D000FFE70698806A002800F05881FFE7049889
:10B6E000182800F0D580FFE70698806A022840F00D
:10B6F000A180FFE740F60041C4F20241086820F053
:10B7000080700860FAF706F90590FFE740F6004000
:10B71000C4F202400068800100280CD5FFE7FAF768
:10B72000F9F80599401A032804D3FFE703208DF8A0
:10B730001F002FE1EAE7FFE740F62841C4F202418B
:10B74000086843F603729043069BDA6A1B6B42EA71
:10B750000322104308600699486BD1F838C0CB6BC0
:10B760000A6C01386FF35F204FF60061CFF6FF716E
:10B7700001EB4C2189B208440021CFF6FF7101EBA7
:10B78000034101F4FE0108444FF07F4101EB0261E7
:10B7900001F0FE41084440F63441C4F20241086021
:10B7A000FFE740F62841C4F202410091086820F00A
:10B7B000100008600698C06CC00040F63842C4F221
:10B7C00002421060086840F010000860086820F02D
:10B7D0000C00069A526C10430860086820F02000A4
:10B7E000069A926C10430860086840F48030086044
:10B7F00040F60041C4F20241086840F080700860E1
:10B80000FAF788F80590FFE740F60040C4F20240DE
:10B810000068800100280CD4FFE7FAF77BF805994F
:10B82000401A032804D3FFE703208DF81F00B1E07E
:10B83000EAE72CE040F60041C4F20241086820F03B
:10B8400080700860FAF766F80590FFE740F6004060
:10B85000C4F202400068800100280CD5FFE7FAF727
:10B8600059F80599401A032804D3FFE703208DF8FF
:10B870001F008FE0EAE740F62841C4F20241086861
:10B880004FF6FC72CFF6F87210400860FFE77CE0DC
:10B8900040F62840C4F202400068029040F634406E
:10B8A000C4F20240006801900698806A012837D0EF
:10B8B000FFE7029800F003000699C96A88422FD179
:10B8C000FFE7029800F47C510698006BB0EB112F53
:10B8D00026D1FFE701986FF35F200699496B013984
:10B8E00088421DD1FFE7BDF804100698806B01382F
:10B8F000B0EB512F14D1FFE7019800F4FE01069838
:10B90000C06B0138B0EB114F0AD1FFE7019800F08E
:10B91000FE410698006C0138B0EB116F04D0FFE7D0
:10B9200001208DF81F0035E040F63840C4F2024097
:10B93000006881B20698C06CB0EBD10F24D0FFE74D
:10B9400040F62841C4F20241086820F01000086067
:10B95000F9F7E0FF0590FFE7F9F7DCFF0599401ADA
:10B9600008B9FFE7F8E70698C06CC00040F6384118
:10B97000C4F20241086040F62841C4F2024108685E
:10B9800040F010000860FFE7FFE7FFE700208DF8B8
:10B990001F00FFE79DF81F0008B080BD80B586B08E
:10B9A0000490049820B9FFE701208DF81700B5E155
:10B9B0000498006844F60041C4F2010188422DD089
:10B9C000FFE70498006844F60041C5F2010188428F
:10B9D00024D0FFE70498006842F20001C4F200415D
:10B9E00088421BD0FFE70498006842F20001C5F2CC
:10B9F0000041884212D0FFE70498006845F2000138
:10BA0000C4F20101884209D0FFE70498006845F2BA
:10BA10000001C5F20101884201D1FFE700E0FFE724
:10BA20000498406A08B9FFE7FFE70499002088629C
:10BA30000498006844F60041C4F2010188422DD008
:10BA4000FFE70498006844F60041C5F2010188420E
:10BA500024D0FFE70498006842F20001C4F20041DC
:10BA600088421BD0FFE70498006842F20001C5F24B
:10BA70000041884212D0FFE70498006845F20001B7
:10BA8000C4F20101884209D0FFE70498006845F23A
:10BA90000001C5F20101884209D1FFE70498C0689E
:10BAA000102804D3FFE701208DF8170036E1049831
:10BAB00005F098F902900498006844F60041C4F239
:10BAC000010188422DD0FFE70498006844F6004148
:10BAD000C5F20101884224D0FFE70498006842F2D1
:10BAE0000001C4F2004188421BD0FFE704980068BF
:10BAF00042F20001C5F20041884212D0FFE70498EB
:10BB0000006845F20001C4F20101884209D0FFE754
:10BB10000498006845F20001C5F20101884204D191
:10BB2000FFE7029808283AD8FFE70498006843F234
:10BB30000001C4F2010188422DD0FFE7049800689B
:10BB400043F20001C5F20101884224D0FFE70498C6
:10BB5000006843F60001C4F2000188421BD0FFE7F1
:10BB60000498006843F60001C5F20001884212D033
:10BB7000FFE70498006843F60041C4F200018842E0
:10BB800009D0FFE70498006843F60041C5F20001C0
:10BB9000884208D1FFE70298112804D3FFE701206B
:10BBA0008DF81700BAE0049890F8890040B9FFE7D3
:10BBB0000499002081F88800049800F0B3F8FFE7AA
:10BBC0000499022081F8890004980168086820F02F
:10BBD0000100086004980068806800F4F810039081
:10BBE00004988069B0F1806F1BD1FFE7049840682A
:10BBF000B0F5800F04D1FFE70498806B50B1FFE7E8
:10BC00000498406868B9FFE70498806BB0F1805FE2
:10BC100007D1FFE704980168086840F48050086085
:10BC2000FFE7049880794006002810D5FFE70498C4
:10BC3000C06807280BD3FFE704980068006820F469
:10BC40008070049A1168126D1043086006E0049831
:10BC50000168086820F480700860FFE7049B196899
:10BC6000DA68D869D3F828C040EA0C00DDF80CC0C7
:10BC700040EA0C00DB6B184310438860049A019281
:10BC8000506B516A0843916B0843916908431168EE
:10BC9000D2F804C09368D2F810E040EA0E00D2F85F
:10BCA00014E040EA0E00D2F820E040EA0E0040EA3C
:10BCB0000C00D2F84CC040EA0C001843936C1843B7
:10BCC000936D1843D36D1843126E1043C8600498E7
:10BCD000406808B9FFE7FFE704980168086D20F0A5
:10BCE0000100086504988079400600280BD5FFE71D
:10BCF00004980068C06820F00040049A1168526DF2
:10BD00001043C860FFE704990020C1F88C00049A32
:10BD1000012182F889108DF81700FFE79DF81700C0
:10BD200006B080BD80B5D4B05390002052905190A1
:10BD300050904F904E900CA84FF48471F4F7EEFAA7
:10BD40005398006843F20001C4F2010188423CD1DB
:10BD5000FFE700200D904FF000610C9144900CA87B
:10BD6000FDF7A0F818B1FFE7F6F728FEFFE7FFE7B9
:10BD700040F6A440C4F20240016841F480510160E1
:10BD8000006800F480500B900B98FFE7FFE740F647
:10BD90008C40C4F20240016841F00101016000687A
:10BDA00000F001000A900A98FFE7E0204E90022080
:10BDB0004F90002050905190052052900020C4F2E6
:10BDC00002204EA9F9F702FCDCE05398006843F624
:10BDD0000001C4F2000188423ED1FFE700200D902F
:10BDE0004FF080510C9145900CA8FDF75BF818B10D
:10BDF000FFE7F6F7E3FDFFE7FFE740F69C40C4F2FC
:10BE00000240016841F480410160006800F4804014
:10BE100009900998FFE7FFE740F68C40C4F2024022
:10BE2000016841F002010160006800F00200089022
:10BE30000898FFE74FF460404E9002204F90012099
:10BE4000509051900520529040F20040C4F20220E0
:10BE50004EA9F9F7BBFB94E05398006843F6004104
:10BE6000C4F20001884252D1FFE700200D904FF04C
:10BE700000510C9146900CA8FDF714F818B1FFE79B
:10BE8000F6F79CFDFFE7FFE740F69C40C4F2024056
:10BE9000016841F400410160006800F4004007902F
:10BEA0000798FFE7FFE740F68C40C4F202400168C4
:10BEB00041F004010160006800F00400069006985B
:10BEC000FFE74FF440604E90022000904F90012019
:10BED00050900320519006200190529040F60000AF
:10BEE000C4F2022002904EA90391F9F76FFB009B68
:10BEF000019A029803994FF4805CCDF838C14F93B2
:10BF00000023509351935292F9F760FB38E0539815
:10BF1000006844F60041C4F2010188422FD1FFE7D6
:10BF2000FFE740F6A440C4F20240016841F400215A
:10BF30000160006800F4002005900598FFE7FFE726
:10BF400040F68C40C4F20240016841F010010160EB
:10BF5000006800F0100004900498FFE764204E9001
:10BF600002204F900020509051900520529041F2B5
:10BF70000000C4F202204EA9F9F728FBFFE7FFE713
:10BF8000FFE7FFE754B080BD80B58AB00890079105
:10BF9000ADF81A2005930898C16B012000EB5110F1
:10BFA000ADF80A00089800683030019008980068E1
:10BFB00044F60041C4F2010188422DD0FFE7089801
:10BFC000006844F60041C5F20101884224D0FFE731
:10BFD0000898006842F20001C4F2004188421BD078
:10BFE000FFE70898006842F20001C5F2004188426C
:10BFF00012D0FFE70898006845F20001C4F2010181
:10C00000884209D0FFE70898006845F20001C5F2B0
:10C010000101884201D1FFE700E0FFE7F9F77AFC70
:10C020000490089890F88900012804D0FFE70220C6
:10C030008DF827007BE2079820B1FFE7BDF81A00D2
:10C0400020B9FFE701208DF8270070E2FFE708988C
:10C0500090F88800012804D1FFE702208DF827001E
:10C0600065E20899012081F88800FFE7FFE7089959
:10C07000042081F8890008990020C1F88C000799F4
:10C08000089AD166BDF81A10089AA2F87010BDF887
:10C090001A10089AA2F87210089948660899A1F82F
:10C0A00068000899A1F86A00089988670899C86724
:10C0B00008988068B0F5C02F07D1FFE7089801689D
:10C0C000086820F40060086009E008980068C0680B
:10C0D000022161F3524008990968C860FFE7089897
:10C0E000006840684FF6FF718843BDF81A10084495
:10C0F00008990968486008980168086840F00100DC
:10C10000086008984068B0F5800F07D1FFE70898ED
:10C110000168086840F400700860FFE70898C0688C
:10C120001028C0F0A380FFE70898006843F20001E0
:10C13000C4F2010188422DD0FFE70898006843F25D
:10C140000001C5F20101884224D0FFE70898006889
:10C1500043F60001C4F2000188421BD0FFE70898B3
:10C16000006843F60001C5F20001884212D0FFE7E3
:10C170000898006843F60041C4F20001884209D0E3
:10C18000FFE70898006843F60041C5F200018842C5
:10C190006CD1FFE7FFE70898B0F87200002864D080
:10C1A000FFE70898006840690390089800684069B4
:10C1B000C00788B1FFE708980068006B0899C96E4E
:10C1C00008600899C86E0430C8660899B1F8720012
:10C1D0000138A1F8720047E00898B0F87200BDF885
:10C1E0000A10884217DAFFE79DF80D0000060028C4
:10C1F00011D5FFE708980068006B0899C96E0860C0
:10C200000899C86E0430C8660899B1F87200013800
:10C21000A1F8720027E0F9F77DFB0499401A05990F
:10C22000884204D3FFE70598013018B9FFE7059865
:10C23000C0B9FFE7089804F049FD0899D1F88C00CF
:10C2400040F48070C1F88C000899012081F88900C1
:10C25000FFE70899002081F88800FFE703208DF8A8
:10C26000270064E1FFE7FFE795E746E10898C0682B
:10C270000828C0F09280FFE7FFE70898B0F8720046
:10C28000002800F08980FFE7089800684069039063
:10C29000089800684069C00780B1FFE701980088EE
:10C2A0000899C96E08800899C86E0230C866089956
:10C2B000B1F872000138A1F872006CE00898B0F88B
:10C2C0007200BDF80A1088421FDAFFE79DF80D00E2
:10C2D0000006002819D5FFE7019800880899C96E63
:10C2E00008800899C86E0230C866019800880899CD
:10C2F000C96E08800899C86E0230C8660899B1F8FE
:10C3000072000238A1F8720044E00898B0F8720098
:10C31000012816D1FFE79DF80D008006002810D5F2
:10C32000FFE7019800880899C96E08800899C86ECF
:10C330000230C8660899B1F872000138A1F872009D
:10C3400027E0F9F7E7FA0499401A0599884204D3DF
:10C35000FFE70598013018B9FFE70598C0B9FFE776
:10C36000089804F0B3FC0899D1F88C0040F4807070
:10C37000C1F88C000899012081F88900FFE708992D
:10C38000002081F88800FFE703208DF82700CEE029
:10C39000FFE7FFE7FFE770E7AEE0FFE70898B0F8D8
:10C3A0007200002800F0A780FFE708980068406945
:10C3B0000390089800684069C00790B1FFE70898AB
:10C3C000006890F830000899C96E08700899C86E26
:10C3D0000130C8660899B1F872000138A1F87200FE
:10C3E00088E00898B0F87200BDF80A10884239DA7F
:10C3F000FFE79DF80D000006002833D5FFE70898F9
:10C40000006890F830000899C96E08700899C86EE5
:10C410000130C8660898006890F830000899C96E25
:10C4200008700899C86E0130C8660898006890F8CE
:10C4300030000899C96E08700899C86E0130C86646
:10C440000898006890F830000899C96E087008993B
:10C45000C86E0130C8660899B1F872000438A1F8B6
:10C46000720046E00898B0F87200032818D8FFE779
:10C470009DF80D0010F0600F12D0FFE708980068DB
:10C4800090F830000899C96E08700899C86E01309C
:10C49000C8660899B1F872000138A1F8720027E067
:10C4A000F9F738FA0499401A0599884204D3FFE74E
:10C4B0000598013018B9FFE70598C0B9FFE708985B
:10C4C00004F004FC0899D1F88C0040F48070C1F8A5
:10C4D0008C000899012081F88900FFE70899002065
:10C4E00081F88800FFE703208DF827001FE0FFE7B1
:10C4F000FFE7FFE752E7FFE7FFE7089804F0E6FBF6
:10C500000899012081F88900FFE70899002081F847
:10C510008800FFE70898D0F88C0020B1FFE70120E1
:10C520008DF8270003E000208DF82700FFE79DF835
:10C5300027000AB080BD000080B588B00690059144
:10C54000ADF81220039306980068203002900698F8
:10C55000006844F60041C4F2010188422DD0FFE793
:10C560000698006844F60041C5F20101884224D0D3
:10C57000FFE70698006842F20001C4F200418842D9
:10C580001BD0FFE70698006842F20001C5F20041A7
:10C59000884212D0FFE70698006845F20001C4F215
:10C5A0000101884209D0FFE70698006845F20001C2
:10C5B000C5F20101884201D1FFE700E0FFE7F9F78A
:10C5C000A9F90190069890F88900012804D0FFE7A6
:10C5D00002208DF81F000BE2059820B1FFE7BDF89F
:10C5E000120020B9FFE701208DF81F0000E2FFE7ED
:10C5F000069890F88800012804D1FFE702208DF802
:10C600001F00F5E10699012081F88800FFE7FFE7A8
:10C610000699032081F8890006990020C1F88C0052
:10C620000599069A5166BDF81210069AA2F868108C
:10C63000BDF81210069AA2F86A100699C866069903
:10C64000A1F870000699A1F872000699C8670699CA
:10C65000886706988068B0F5C02F07D1FFE7069875
:10C660000168086840F40060086009E00698006806
:10C67000C068012161F3524006990968C860FFE76C
:10C680000698006840684FF6FF718843BDF81210A5
:10C69000084406990968486006980168086840F0EF
:10C6A0000100086006984068B0F5800F07D1FFE7E9
:10C6B00006980168086840F400700860FFE7069873
:10C6C000C06810287ED3FFE70698006843F2000197
:10C6D000C4F2010188422DD0FFE70698006843F2BA
:10C6E0000001C5F20101884224D0FFE706980068E6
:10C6F00043F60001C4F2000188421BD0FFE7069810
:10C70000006843F60001C5F20001884212D0FFE73D
:10C710000698006843F60041C4F20001884209D03F
:10C72000FFE70698006843F60041C5F20001884221
:10C7300048D1FFE7FFE70698B0F86A00002840D02C
:10C74000FFE70698006840698007002810D5FFE7DA
:10C7500006980168406E006808620699486E0430C9
:10C7600048660699B1F86A000138A1F86A0027E026
:10C77000F9F7D0F80199401A0399884204D3FFE7EA
:10C780000398013018B9FFE70398C0B9FFE706988E
:10C7900004F09CFA0699D1F88C0040F48070C1F83E
:10C7A0008C000699012081F88900FFE70699002096
:10C7B00081F88800FFE703208DF81F0018E1FFE7EC
:10C7C000B9E7E8E00698C068082863D3FFE7FFE709
:10C7D0000698B0F86A0000285BD0FFE7069800686A
:10C7E0004069800700282BD5FFE70698B0F86A005B
:10C7F000022814D3FFE70698C06B80B1FFE70698C4
:10C800000168406E006808620699486E0430486608
:10C810000699B1F86A000238A1F86A000FE006989C
:10C82000406E0088029908800699486E023048667A
:10C830000699B1F86A000138A1F86A00FFE727E01D
:10C84000F9F768F80199401A0399884204D3FFE781
:10C850000398013018B9FFE70398C0B9FFE70698BD
:10C8600004F034FA0699D1F88C0040F48070C1F8D5
:10C870008C000699012081F88900FFE706990020C5
:10C8800081F88800FFE703208DF81F00B0E0FFE784
:10C890009EE77FE0FFE70698B0F86A00002878D0AE
:10C8A000FFE70698006840698007002848D5FFE741
:10C8B0000698B0F86A00042815D3FFE70698C06B05
:10C8C000412810D3FFE706980168406E00680862AF
:10C8D0000699486E043048660699B1F86A00043833
:10C8E000A1F86A002BE00698B0F86A00022814D379
:10C8F000FFE70698C06B80B1FFE70698406E00889E
:10C90000029908800699486E023048660699B1F887
:10C910006A000238A1F86A0010E006980168406ECB
:10C92000007881F820000699486E01304866069923
:10C93000B1F86A000138A1F86A00FFE7FFE727E0D5
:10C94000F8F7E8FF0199401A0399884204D3FFE7FA
:10C950000398013018B9FFE70398C0B9FFE70698BC
:10C9600004F0B4F90699D1F88C0040F48070C1F855
:10C970008C000699012081F88900FFE706990020C4
:10C9800081F88800FFE703208DF81F0030E0FFE703
:10C9900081E7FFE7FFE70698039B01996A4611606C
:10C9A0000821002204F034FA40B1FFE70699D1F8DB
:10C9B0008C0040F02000C1F88C00FFE7069804F0DE
:10C9C00085F90699012081F88900FFE70699002082
:10C9D00081F88800FFE70698D0F88C0020B1FFE7C7
:10C9E00001208DF81F0003E000208DF81F00FFE7F5
:10C9F0009DF81F0008B080BD80B590B0DDF848C03C
:10CA00000E900D910C92ADF82E300E9800682030EB
:10CA10000A900E980068303009900E98C16B012082
:10CA200000EB5110ADF812000E98006844F600417A
:10CA3000C4F2010188422DD0FFE70E98006844F649
:10CA40000041C5F20101884224D0FFE70E9800683A
:10CA500042F20001C4F2004188421BD0FFE70E9869
:10CA6000006842F20001C5F20041884212D0FFE79F
:10CA70000E98006845F20001C4F20101884209D015
:10CA8000FFE70E98006845F20001C5F201018842F7
:10CA900001D1FFE700E0FFE7F8F73CFF0890BDF8A1
:10CAA0002E00ADF81600BDF82E00ADF814000E985B
:10CAB00090F88900012804D0FFE702208DF83F009C
:10CAC000A2E30D9838B1FFE70C9820B1FFE7BDF85D
:10CAD0002E0020B9FFE701208DF83F0094E3FFE727
:10CAE0000E9890F88800012804D1FFE702208DF805
:10CAF0003F0089E30E99012081F88800FFE7FFE7F6
:10CB00000E99052081F889000E990020C1F88C004B
:10CB10000C990E9AD166BDF82E100E9AA2F87210DA
:10CB2000BDF82E100E9AA2F870100D990E9A51664B
:10CB3000BDF82E100E9AA2F86A10BDF82E100E9AAB
:10CB4000A2F868100E9988670E99C8670E98006859
:10CB5000C06820F4C0200E990968C8600E9800686B
:10CB600043F20001C4F2010188422DD0FFE70E9884
:10CB7000006843F20001C5F20101884224D0FFE7BA
:10CB80000E98006843F60001C4F2000188421BD0F1
:10CB9000FFE70E98006843F60001C5F200018842E5
:10CBA00012D0FFE70E98006843F60041C4F200017E
:10CBB000884209D0FFE70E98006843F60041C5F2AD
:10CBC0000001884203D1FFE71020079002E008200F
:10CBD0000790FFE70E98006840684FF6FF718843A2
:10CBE000BDF82E1008440E99096848600E98016837
:10CBF000086840F0010008600E984068B0F5800FAA
:10CC000007D1FFE70E980168086840F400700860DB
:10CC1000FFE70E98C0681028C0F0EC80FFE70E9880
:10CC2000006843F20001C4F2010188422ED0FFE700
:10CC30000E98006843F20001C5F20101884225D038
:10CC4000FFE70E98006843F60001C4F20001884235
:10CC50001CD0FFE70E98006843F60001C5F2000102
:10CC6000884213D0FFE70E98006843F60041C4F2F3
:10CC7000000188420AD0FFE70E98006843F60041A1
:10CC8000C5F20001884240F0B580FFE707988008B0
:10CC90000790FFE7BDF816100120039039B9FFE7B0
:10CCA000BDF81400002818BF01200390FFE7039887
:10CCB000C007002800F09D80FFE70E9800684069DB
:10CCC0008007002822D5FFE7BDF81600F0B1FFE786
:10CCD000BDF81400BDF81610079A1144884215D209
:10CCE000FFE70E980168406E006808620E99486E72
:10CCF000043048660E99B1F86A000138A1F86A005C
:10CD00000E98B0F86A00ADF81600FFE70E980068BC
:10CD100040690690BDF81400002869D0FFE70E981E
:10CD200000684069C007B0B1FFE70E980068006B6B
:10CD30000E99C96E08600E99C86E0430C8660E99C7
:10CD4000B1F872000138A1F872000E98B0F87200C4
:10CD5000ADF814004BE0BDF81400BDF81210884285
:10CD60001CDAFFE79DF819000006002816D5FFE73A
:10CD70000E980068006B0E99C96E08600E99C86E17
:10CD80000430C8660E99B1F872000138A1F872003B
:10CD90000E98B0F87200ADF8140027E0F8F7BAFD6D
:10CDA0000899401A1299884204D3FFE7129801307B
:10CDB00018B9FFE71298C0B9FFE70E9803F086FF95
:10CDC0000E99D1F88C0040F48070C1F88C000E9957
:10CDD000012081F88900FFE70E99002081F8880082
:10CDE000FFE703208DF83F000EE2FFE7FFE7FFE7D4
:10CDF00050E7DCE10E98C0680828C0F0DE80FFE74D
:10CE0000079840080790FFE7BDF816100120029030
:10CE100039B9FFE7BDF81400002818BF01200290BF
:10CE2000FFE70298C007002800F0C680FFE70E98D1
:10CE3000006840698007002822D5FFE7BDF816008A
:10CE4000F0B1FFE7BDF81400BDF81610079A1144C1
:10CE5000884215D2FFE70E98406E00880A99088034
:10CE60000E99486E023048660E99B1F86A00013892
:10CE7000A1F86A000E98B0F86A00ADF81600FFE756
:10CE80000E98006840690690BDF81400002800F074
:10CE90009280FFE70E9800684069C007A8B1FFE7DD
:10CEA000099800880E99C96E08800E99C86E0230E4
:10CEB000C8660E99B1F872000138A1F872000E9898
:10CEC000B0F87200ADF8140074E0BDF81400BDF8BD
:10CED0001210884224DAFFE79DF8190000060028A6
:10CEE0001ED5FFE7099800880E99C96E08800E9933
:10CEF000C86E0230C866099800880E99C96E08800D
:10CF00000E99C86E0230C8660E99B1F872000238E8
:10CF1000A1F872000E98B0F87200ADF8140048E065
:10CF2000BDF8140001281BD1FFE79DF81900800609
:10CF3000002815D5FFE7099800880E99C96E08806A
:10CF40000E99C86E0230C8660E99B1F872000138A9
:10CF5000A1F872000E98B0F87200ADF8140027E046
:10CF6000F8F7D8FC0899401A1299884204D3FFE7D1
:10CF70001298013018B9FFE71298C0B9FFE70E9870
:10CF800003F0A4FE0E99D1F88C0040F48070C1F833
:10CF90008C000E99012081F88900FFE70E9900208E
:10CFA00081F88800FFE703208DF83F002CE1FFE7C0
:10CFB000FFE7FFE7FFE727E7F8E0FFE7BDF8161018
:10CFC0000120019039B9FFE7BDF81400002818BF0F
:10CFD00001200190FFE70198C007002800F0E580DC
:10CFE000FFE70E98006840698007002823D5FFE717
:10CFF000BDF81600F8B1FFE7BDF81400BDF8161033
:10D00000079A1144884216D2FFE70E980168406ED5
:10D01000007881F820000E99486E013048660E991C
:10D02000B1F86A000138A1F86A000E98B0F86A00F9
:10D03000ADF81600FFE70E98006840690690BDF84D
:10D040001400002800F0B080FFE70E9800684069E7
:10D05000C007B8B1FFE70E98006890F830000E994D
:10D06000C96E08700E99C86E0130C8660E99B1F885
:10D0700072000138A1F872000E98B0F87200ADF895
:10D08000140090E0BDF81400BDF8121088423EDA9A
:10D09000FFE79DF819000006002838D5FFE70E9835
:10D0A000006890F830000E99C96E08700E99C86E2D
:10D0B0000130C8660E98006890F830000E99C96E6D
:10D0C00008700E99C86E0130C8660E98006890F816
:10D0D00030000E99C96E08700E99C86E0130C8668E
:10D0E0000E98006890F830000E99C96E08700E997D
:10D0F000C86E0130C8660E99B1F872000438A1F804
:10D1000072000E98B0F87200ADF814004AE0BDF855
:10D11000140003281DD8FFE79DF8190010F0600FD8
:10D1200017D0FFE70E98006890F830000E99C96E8E
:10D1300008700E99C86E0130C8660E99B1F8720079
:10D140000138A1F872000E98B0F87200ADF8140022
:10D1500027E0F8F7DFFB0899401A1299884204D3B8
:10D16000FFE71298013018B9FFE71298C0B9FFE73E
:10D170000E9803F0ABFD0E99D1F88C0040F480704E
:10D18000C1F88C000E99012081F88900FFE70E9903
:10D19000002081F88800FFE703208DF83F0033E08E
:10D1A000FFE7FFE7FFE7FFE708E7FFE7FFE70E9886
:10D1B000129B08996A4611600821002203F028FE9C
:10D1C00040B1FFE70E99D1F88C0040F02000C1F883
:10D1D0008C00FFE70E9803F079FD0E99012081F88D
:10D1E0008900FFE70E99002081F88800FFE70E987C
:10D1F000D0F88C0020B1FFE701208DF83F0003E05C
:10D2000000208DF83F00FFE79DF83F0010B080BD83
:10D2100082B0019001980090042843D80099DFE87B
:10D2200001F00C1D2F4103004EF21001CEF200015F
:10D23000086840F00400086035E04EF21001CEF2BC
:10D240000001086820F00400086040F6E441C4F2E0
:10D250000241086820F00C00086024E04EF2100142
:10D26000CEF20001086820F00400086040F6E441B6
:10D27000C4F202410868012262F38300086012E0F0
:10D280004EF21001CEF20001086820F004000860A0
:10D2900040F6E441C4F202410868022262F38300CE
:10D2A000086000E0FFE702B07047000082B0009025
:10D2B00000980138B0F1807F03D3FFE7012001908F
:10D2C00016E0009801384EF21401CEF20001086019
:10D2D0004EF21801CEF20001002008604EF210025A
:10D2E000CEF20002116841F0030111600190FFE7E6
:10D2F000019802B07047000083B04EF21000CEF2E9
:10D30000000000684007002803D5FFE704200290D2
:10D3100020E040F6E440C4F20240006800F00C0057
:10D3200001900198009040B1FFE70098042807D0D1
:10D33000FFE70098082806D008E00020029008E0E7
:10D340000120029005E00220029002E000200290FD
:10D35000FFE7FFE7029803B07047000081B000903C
:10D3600001B0704781B0009001B0704781B000906B
:10D3700001B0704781B0009001B0704781B000905B
:10D3800001B0704781B0009001B0704785B0039044
:10D390000291FFE7039890F83C00012804D1FFE7D1
:10D3A00002208DF81300F6E00399012081F83C007B
:10D3B000FFE7FFE70399022081F83D00039800682A
:10D3C00040680190039800688068009003980068A6
:10D3D00042F60041C4F2010188421BD0FFE70398E6
:10D3E000006842F60041C5F20101884212D0FFE711
:10D3F0000398006843F20041C4F20101884209D059
:10D40000FFE70398006843F20041C5F2010188423A
:10D410000AD1FFE7019820F470000190029841685A
:10D42000019808430190FFE701984FF68F71CFF6FE
:10D43000FF5108400190029801680198084301904B
:10D4400001980399096848600398006842F6004112
:10D45000C4F20101884200F08280FFE7039800686F
:10D4600042F60041C5F20101884278D0FFE70398F7
:10D470000068B0F1804F72D0FFE703980068B0F108
:10D48000A04F6CD0FFE70398006840F20041C4F25F
:10D490000001884263D0FFE70398006840F2004132
:10D4A000C5F2000188425AD0FFE70398006840F6B1
:10D4B0000001C4F20001884251D0FFE703980068E0
:10D4C00040F60001C5F20001884248D0FFE703980A
:10D4D000006840F60041C4F2000188423FD0FFE7F7
:10D4E0000398006840F60041C5F20001884236D03A
:10D4F000FFE70398006843F20041C4F2010188424B
:10D500002DD0FFE70398006843F20041C5F2010106
:10D51000884224D0FFE70398006841F60001C4F276
:10D52000000188421BD0FFE70398006841F6000124
:10D53000C5F20001884212D0FFE70398006844F268
:10D540000001C4F20101884209D0FFE70398006896
:10D5500044F20001C5F2010188420ED1FFE70098B4
:10D5600020F08000009002988168009808430090A5
:10D570000098039909688860FFE70399012081F802
:10D580003D00FFE70399002081F83C00FFE7002001
:10D590008DF81300FFE79DF8130005B070470000F9
:10D5A00081B0009001B0704780B582B000900098C3
:10D5B00020B9FFE701208DF8070045E0009890F8BA
:10D5C0003D0040B9FFE70099002081F83C00009839
:10D5D00000F03EF8FFE70099022081F83D00009935
:10D5E00051F8040B04F026F80099012081F8480056
:10D5F000FFE70099012081F83E00009981F83F0083
:10D60000009981F84000009981F84100009981F863
:10D610004200009981F84300FFE7FFE700990120ED
:10D6200081F84400009981F84500009981F846008E
:10D63000009981F84700FFE70099012081F83D003B
:10D6400000208DF80700FFE79DF8070002B080BDBD
:10D6500080B584B003900398006841F20041C4F2A1
:10D660000001884219D1FFE7FFE740F69C40C4F271
:10D670000240016841F020010160006800F02000D4
:10D6800002900298FFE73220019003221146F8F73A
:10D6900049FA0198F8F73CFAFFE704B080BD0000B2
:10D6A00083B00190019890F83D00012804D0FFE775
:10D6B00001208DF80B00B8E00199022081F83D00AF
:10D6C00001980168C86840F00100C86001980068CE
:10D6D00042F60041C4F20101884200F08280FFE777
:10D6E0000198006842F60041C5F20101884278D0F5
:10D6F000FFE701980068B0F1804F72D0FFE7019812
:10D700000068B0F1A04F6CD0FFE70198006840F2CC
:10D710000041C4F20001884263D0FFE7019800682D
:10D7200040F20041C5F2000188425AD0FFE701985B
:10D73000006840F60001C4F20001884251D0FFE7C2
:10D740000198006840F60001C5F20001884248D007
:10D75000FFE70198006840F60041C4F200018842EA
:10D760003FD0FFE70198006840F60041C5F2000194
:10D77000884236D0FFE70198006843F20041C4F2C6
:10D78000010188422DD0FFE70198006843F2004173
:10D79000C5F20101884224D0FFE70198006841F6F4
:10D7A0000001C4F2000188421BD0FFE70198006825
:10D7B00041F60001C5F20001884212D0FFE701984E
:10D7C000006844F20001C4F20101884209D0FFE779
:10D7D0000198006844F20001C5F20101884219D1A4
:10D7E000FFE70198006880680721C0F20101084046
:10D7F0000090009806280CD0FFE70098B0F5803F15
:10D8000007D0FFE701980168086840F00100086050
:10D81000FFE706E001980168086840F00100086031
:10D82000FFE700208DF80B00FFE79DF80B0003B029
:10D830007047000081B0009001B0704780B584B09F
:10D84000039003980068C06802900398006800691C
:10D8500001909DF804008007002824D5FFE79DF87B
:10D860000800800700281DD5FFE7039801686FF0C6
:10D870000200086103990120087703980068806915
:10D88000800720B1FFE70398FFF7D4FF06E0039875
:10D8900000F054F9039800F055F9FFE703990020D0
:10D8A0000877FFE7FFE79DF804004007002825D52B
:10D8B000FFE79DF80800400700281ED5FFE7039802
:10D8C00001686FF00400086103990220087703984B
:10D8D0000068806910F4407F04D0FFE70398FFF7E9
:10D8E000A9FF06E0039800F029F9039800F02AF94F
:10D8F000FFE7039900200877FFE7FFE79DF80400A2
:10D900000007002824D5FFE79DF80800000700283D
:10D910001DD5FFE7039801686FF0080008610399BF
:10D920000420087703980068C069800720B1FFE7EA
:10D930000398FFF77FFF06E0039800F0FFF80398D5
:10D9400000F000F9FFE7039900200877FFE7FFE701
:10D950009DF80400C006002825D5FFE79DF80800C3
:10D96000C00600281ED5FFE7039801686FF010007D
:10D97000086103990820087703980068C06910F4CB
:10D98000407F04D0FFE70398FFF754FF06E00398B9
:10D9900000F0D4F8039800F0D5F8FFE703990020D1
:10D9A0000877FFE7FFE79DF80400C00778B1FFE7BD
:10D9B0009DF80800C00748B1FFE7039801686FF0C1
:10D9C00001000861039800F0C1F8FFE7FFE7019844
:10D9D00000F08000802806D0FFE79DF80500800653
:10D9E000002810D5FFE79DF808000006002809D59B
:10D9F000FFE7039801686FF4025008610398FFF78E
:10DA0000B1FCFFE7FFE79DF80500C00780B1FFE725
:10DA10009DF808000006002809D5FFE70398016873
:10DA20006FF4807008610398FFF798FCFFE7FFE749
:10DA30009DF804004006002810D5FFE79DF8080077
:10DA40004006002809D5FFE7039801686FF0400001
:10DA50000861039800F092F8FFE7FFE79DF80400E3
:10DA60008006002810D5FFE79DF8080080060028F2
:10DA700009D5FFE7039801686FF02000086103985B
:10DA8000FFF774FCFFE7FFE79DF80600C0060028DB
:10DA900010D5FFE79DF80A00C006002809D5FFE76A
:10DAA000039801686FF4801008610398FFF766FC23
:10DAB000FFE7FFE79DF806008006002810D5FFE786
:10DAC0009DF80A008006002809D5FFE70398016841
:10DAD0006FF4001008610398FFF74CFCFFE7FFE7C5
:10DAE0009DF806004006002810D5FFE79DF80A00C3
:10DAF0004006002809D5FFE7039801686FF480000D
:10DB000008610398FFF73EFCFFE7FFE79DF806007A
:10DB10000006002810D5FFE79DF80A00000600283F
:10DB200009D5FFE7039801686FF4000008610398C6
:10DB3000FFF736FDFFE7FFE704B080BD81B000903E
:10DB400001B0704781B0009001B0704780B582B0DD
:10DB500001900198006841F20041C4F2000188423E
:10DB60000AD1FFE740F24871C2F2000108680130B3
:10DB7000086003F0B9FAFFE702B080BD81B0009001
:10DB800001B0704783B00190FFE7019890F88400DE
:10DB9000012804D1FFE702208DF80B002CE0019949
:10DBA000012081F88400FFE7FFE701992420C1F8F4
:10DBB0008800019800680068009001980168086872
:10DBC00020F001000860009820F0005000900199BA
:10DBD0000020486600980199096808600199202092
:10DBE000C1F88800FFE70199002081F88400FFE771
:10DBF00000208DF80B00FFE79DF80B0003B0704785
:10DC000082B00190ADF8021002B0704781B0009070
:10DC100001B0704780B584B002900191FFE702988F
:10DC200090F88400012804D1FFE702208DF80F004E
:10DC300032E00299012081F88400FFE7FFE70299B2
:10DC40002420C1F8880002980068006800900298BB
:10DC50000168086820F00100086002980068806888
:10DC600020F0606001990843029909688860029871
:10DC700003F08EFE0098029909680860029920203E
:10DC8000C1F88800FFE70299002081F88400FFE7CF
:10DC900000208DF80F00FFE79DF80F0004B080BD55
:10DCA00080B584B002900191FFE7029890F884005B
:10DCB000012804D1FFE702208DF80F0032E002991D
:10DCC000012081F88400FFE7FFE702992420C1F8D2
:10DCD000880002980068006800900298016808684F
:10DCE00020F00100086002980068806820F0604021
:10DCF00001990843029909688860029803F048FE78
:10DD0000009802990968086002992020C1F88800EB
:10DD1000FFE70299002081F88400FFE700208DF8DA
:10DD20000F00FFE79DF80F0004B080BD81B00090A8
:10DD300001B0704781B0009001B0704781B0009091
:10DD400001B0704783B002900298D0F8880001902B
:10DD50000298D0F88C00009001980099084303B015
:10DD60007047000080B58EB00D900D980068C069B6
:10DD70000C900D98006800680B900D980068806802
:10DD80000A900C9840F60F01084009900998E0B9F4
:10DD9000FFE79DF830008006002815D5FFE79DF8C5
:10DDA0002C008006002806D4FFE79DF82B00C00653
:10DDB000002809D5FFE70D98406F20B1FFE70D98C7
:10DDC000416F8847FFE76CE2FFE70998002800F001
:10DDD000F980FFE70A980121C1F20001084209D148
:10DDE000FFE70B9840F22011C0F20041084200F01A
:10DDF000E980FFE79DF83000C00788B1FFE79DF894
:10DE00002D00C00760B1FFE70D980168012008628E
:10DE10000D99D1F8900040F00100C1F89000FFE7A3
:10DE20009DF830008007002811D5FFE79DF82800F5
:10DE3000C00760B1FFE70D980168022008620D99E4
:10DE4000D1F8900040F00400C1F89000FFE79DF881
:10DE500030004007002811D5FFE79DF82800C007D3
:10DE600060B1FFE70D980168042008620D99D1F8B0
:10DE7000900040F00200C1F89000FFE79DF83000EC
:10DE80000007002819D5FFE79DF82C008006002820
:10DE900007D4FFE70A980121C1F2000108420CD023
:10DEA000FFE70D980168082008620D99D1F89000ED
:10DEB00040F00800C1F89000FFE79DF8310000072E
:10DEC000002813D5FFE79DF82F00400700280DD547
:10DED000FFE70D9801684FF4006008620D99D1F8D2
:10DEE000900040F02000C1F89000FFE70D98D0F8B6
:10DEF0009000002865D0FFE79DF8300080060028DC
:10DF000015D5FFE79DF82C008006002806D4FFE712
:10DF10009DF82B00C006002809D5FFE70D98406F3B
:10DF200020B1FFE70D98416F8847FFE7FFE70D98A5
:10DF3000D0F8900008900D980068806800F04000CC
:10DF4000402806D0FFE79DF8200010F0280F2FD0C2
:10DF5000FFE70D9803F030FF0D98006880684006D9
:10DF6000002820D5FFE70D98D0F88000B0B1FFE77A
:10DF70000D98D0F8801041F6AD40C0F60100C8669B
:10DF80000D98D0F88000F5F7B1FE30B1FFE70D989D
:10DF9000D0F88000C16E8847FFE703E00D98FFF7D7
:10DFA000CDFEFFE703E00D98FFF7C8FEFFE707E0AF
:10DFB0000D98FFF7C3FE0D990020C1F89000FFE710
:10DFC000FFE76EE10D98C06E012840F00B81FFE77E
:10DFD0009DF83000C006002840F10481FFE79DF85D
:10DFE0002C00C006002840F1FD80FFE70D98016875
:10DFF000102008620D98006880684006002840F1F3
:10E000008F80FFE70D98D0F880000068806CADF835
:10E010001E00BDF81E00002867D0FFE7BDF81E00F7
:10E020000D99B1F85C1088425FDAFFE7BDF81E0079
:10E030000D99A1F85E000D98D0F88000006D812840
:10E0400046D0FFE7FFE7FFE70D98006850E8000FB4
:10E0500020F480700690FFE706990D98026842E868
:10E0600000100028F0D1FFE7FFE7FFE7FFE70D987A
:10E07000006850E8020F20F001000590FFE70599C5
:10E080000D98026842E802100028F0D1FFE7FFE790
:10E090000D992020C1F88C000D990020C866FFE77B
:10E0A000FFE70D98006850E8000F20F01000049082
:10E0B000FFE704990D98026842E800100028F0D1AB
:10E0C000FFE7FFE70D98D0F88000F5F783FDFFE745
:10E0D0000D99022008670D98B0F85C10B0F85E202A
:10E0E000891A89B2FFF78CFD19E0BDF81E000D9961
:10E0F000B1F85C10884211D1FFE70D98D0F880008C
:10E10000006D812809D1FFE70D99022008670D985D
:10E11000B0F85C10FFF774FDFFE7FFE7FFE7C0E032
:10E120000D99B1F85C00B1F85E10401AADF80E0020
:10E130000D98B0F85E00002853D0FFE7BDF80E0040
:10E1400000284ED0FFE7FFE7FFE70D98006850E892
:10E15000000F20F490700290FFE702990D9802687A
:10E1600042E800100028F0D1FFE7FFE7FFE7FFE7F4
:10E170000D98006850E8020F4FF6FE71CEF6FF7161
:10E1800008400190FFE701990D98026842E80210EB
:10E190000028EDD1FFE7FFE70D992020C1F88C00A2
:10E1A0000D990020C8660D994867FFE7FFE70D98B5
:10E1B000006850E8000F20F010000090FFE7009981
:10E1C0000D98026842E800100028F0D1FFE7FFE751
:10E1D0000D99022008670D98BDF80E10FFF710FD8D
:10E1E000FFE75EE09DF83200C00600280FD5FFE78C
:10E1F0009DF82A004006002809D5FFE70D98016820
:10E200004FF4801008620D98FFF794FD49E09DF8E7
:10E2100030000006002815D5FFE79DF82C00000609
:10E22000002806D4FFE79DF82A000006002809D53B
:10E23000FFE70D98806F20B1FFE70D98816F884749
:10E24000FFE72EE09DF83000400600280AD5FFE7E2
:10E250009DF82C004006002804D5FFE70D9803F038
:10E26000FBFD1EE09DF83200000600280AD5FFE7FE
:10E270009DF82F004006002804D5FFE70D98FFF712
:10E2800055FD0EE09DF83300C00750B1FFE79DF843
:10E290002F000006002804D5FFE70D98FFF7B6FC15
:10E2A000FFE70EB080BD000080B582B000900098FE
:10E2B00020B9FFE701208DF8070046E0009880694B
:10E2C00008B1FFE700E0FFE70098D0F8880040B908
:10E2D000FFE70099002081F88400009800F03AF8E8
:10E2E000FFE700992420C1F88800009801680868B9
:10E2F00020F0010008600098806A20B1FFE70098D4
:10E3000003F08CFBFFE7009803F0F6FD012804D131
:10E31000FFE701208DF8070017E0009801684868C2
:10E3200020F49040486000980168886820F02A0036
:10E33000886000980168086840F001000860009853
:10E3400003F010FC8DF80700FFE79DF8070002B00E
:10E3500080BD000080B5D0B04F9000204E904D9011
:10E360004C904B904A9008A84FF48471F1F7D6FF77
:10E370004F98006843F60001C4F20101884240F062
:10E380008380FFE700200990012108911F9008A8D1
:10E39000FAF788FD18B1FFE7F4F710FBFFE7FFE796
:10E3A00040F6A440C4F20240016841F4804101609B
:10E3B000006800F4804007900798FFE7FFE740F609
:10E3C0008C40C4F20240016841F001010160006824
:10E3D00000F0010006900698FFE74FF4C0604A90F5
:10E3E00002204B90012001904C90002002904D9013
:10E3F00007204E900020C4F202204AA9F7F7E6F861
:10E40000019A029940F68C00C2F20000039040F29B
:10E410005013C4F2020303601623436081604FF47B
:10E420008063C3600823036141618161C16101624E
:10E4300042628262C16201634163F5F725FE18B151
:10E44000FFE7F4F7BBFAFFE7FFE74F9840F68C01D0
:10E45000C2F20001C1674F98C865FFE740F68C0023
:10E46000C2F200001021F5F76BFC18B1FFE7F4F7DA
:10E47000A5FAFFE73A20009000221146F7F752FB79
:10E480000098F7F745FB46E04F98006846F20041D8
:10E49000C4F2000188423DD1FFE70020099020210D
:10E4A0000891249008A8FAF7FDFC18B1FFE7F4F7EB
:10E4B00085FAFFE7FFE740F69C40C4F2024001689E
:10E4C00041F000710160006800F00070059005984F
:10E4D000FFE7FFE740F68C40C4F20240016841F0DC
:10E4E00004010160006800F0040004900498FFE754
:10E4F000C0204A9002204B9001204C9000204D906B
:10E5000007204E9040F60000C4F202204AA9F7F717
:10E510005DF8FFE7FFE750B080BD000080B58AB02E
:10E5200008900791ADF81A2005930898D0F8880054
:10E53000202840F09580FFE7079820B1FFE7BDF85D
:10E540001A0020B9FFE701208DF827008CE0089819
:10E55000006880680006002807D5FFE70898016872
:10E56000886820F080008860FFE708990020C1F8E3
:10E57000900008992120C1F88800F7F7CBF90290A4
:10E58000BDF81A000899A1F85400BDF81A000899BE
:10E59000A1F8560008988068B0F5805F09D1FFE7C0
:10E5A0000898006928B9FFE70020049007980390B5
:10E5B00004E00798049000200390FFE7FFE7089825
:10E5C000B0F8560088B3FFE70898029B05996A46A1
:10E5D00011608021002203F09BFE40B1FFE7089903
:10E5E0002020C1F8880003208DF827003CE0049823
:10E5F00058B9FFE7039800886FF35F20089909680E
:10E60000886203980230039008E004980078089923
:10E6100009688862049801300490FFE70899B1F80E
:10E6200056000138A1F85600C9E70898029B0599E1
:10E630006A4611604021002203F06AFE40B1FFE704
:10E6400008992020C1F8880003208DF827000BE0EE
:10E6500008992020C1F8880000208DF8270003E0E9
:10E6600002208DF82700FFE79DF827000AB080BD43
:10E6700080B586B004900391ADF80A20BDF80A0079
:10E68000ADF806000498D0F88800202840F0BA8041
:10E69000FFE7039820B1FFE7BDF80A0020B9FFE7C4
:10E6A00001208DF81700B1E0039804990865BDF8C2
:10E6B0000A000499A1F85400BDF80A000499A1F8D1
:10E6C000560004990020C1F8900004992120C1F857
:10E6D000880004980168402008620498C06F0028F0
:10E6E00079D0FFE70498C16F41F64D50C0F60100A4
:10E6F00008660498C16F41F6A150C0F60100486653
:10E700000498C16F41F6CD40C0F6010088660498B8
:10E71000C16F0020C86604988068B0F5805F0AD198
:10E72000FFE70498006930B9FFE7BDF80A00400030
:10E73000ADF80600FFE70498C06F90F8500000069F
:10E7400000282BD5FFE70498C06F406F08B3FFE7A0
:10E750000498C06F406F0068D8B1FFE7BDF80600AD
:10E760000499C96F496F096888600499086DC96F79
:10E77000496F0968C86004990868C96F2830496FF3
:10E78000096808610498C06FF5F780F98DF80900F1
:10E7900003E001208DF80900FFE70BE00498026810
:10E7A000016DC06F2832BDF80630F5F74DFE8DF8CB
:10E7B0000900FFE79DF8090060B1FFE70499102008
:10E7C000C1F8900004992020C1F8880001208DF83C
:10E7D00017001BE0FFE7FFE7FFE70498006850E839
:10E7E000020F40F080000090FFE700990498026853
:10E7F00042E802100028F0D1FFE7FFE700208DF883
:10E80000170003E002208DF81700FFE79DF81700BE
:10E8100006B080BD81B0009001B0704781B000901B
:10E8200001B0704785B001900198007801460091D1
:10E83000022804D3FFE70098022834D06BE0019847
:10E8400090ED061A90ED070A90ED083A90ED092A2E
:10E8500021EE031A20EE020A30EE410A8DED020A83
:10E86000019890ED061A90ED073A90ED080A90EDA8
:10E87000092A21EE031A20EE020A30EE010A8DED7C
:10E88000030A019890ED061A90ED090A21EE011A8B
:10E89000BEEE002A31EE021A20EE000A30EE010A26
:10E8A0008DED040A3CE0019890ED060A90ED071A00
:10E8B00090ED082A90ED093A21EE031A20EE020AA3
:10E8C00030EE410A8DED020A019890ED061A90EDA6
:10E8D000073A90ED080A90ED092A21EE031A20EE7E
:10E8E000020A30EE011A9FED120A30EE410A8DED58
:10E8F000030A019890ED060A90ED091A20EE002A0D
:10E90000B6EE000A30EE420A21EE011A30EE410A5C
:10E910008DED040A04E00020029003900490FFE7CC
:10E920009DED020ADDED030A9DED041A05B0704766
:10E930000000008085B001900198007801460091A8
:10E9400040B1FFE70098012838D0FFE7009802287F
:10E950006CD0A3E0019890ED061A90ED070A90EDB7
:10E96000082A90ED093A21EE031A20EE020A30EE51
:10E97000010A8DED020A019890ED061A90ED080A41
:10E9800021EE011ABEEE002A31EE021A20EE000A34
:10E9900030EE010A8DED030A019890ED061A90ED14
:10E9A000073A90ED080A90ED092A21EE031A20EEAD
:10E9B000020A30EE410A8DED040A74E0019890EDF0
:10E9C000060A90ED071A20EE002AB6EE000A30EE95
:10E9D000420A21EE011A30EE410A8DED020A019839
:10E9E00090ED060A90ED071A90ED083A90ED092A8D
:10E9F00021EE031A20EE020A30EE410A8DED030AE1
:10EA0000019890ED061A90ED070A90ED083A90ED06
:10EA1000092A21EE031A20EE020A30EE011A9FEDB8
:10EA2000260A30EE410A8DED040A3CE0019890ED93
:10EA3000061A90ED070A90ED082A90ED093A21EEAA
:10EA4000031A20EE020A30EE011A9FED1B0A30EE87
:10EA5000410A8DED020A019890ED060A90ED081A20
:10EA600020EE002AB6EE000A30EE420A21EE011A2C
:10EA700030EE410A8DED030A019890ED060A90ED03
:10EA8000072A90ED081A90ED093A21EE031A20EEBC
:10EA9000020A30EE410A8DED040A04E000200290E3
:10EAA00003900490FFE79DED020ADDED030A9DED62
:10EAB000041A05B0704700BF00000080FFE7FEE7C2
:10EAC00084B0039002918DED010ACDED000A039907
:10EAD00008684A688B6840F2C041C2F200018B604E
:10EAE0004A600860029B18685A689B684B610A611B
:10EAF000C860019888610098C86104B07047000040
:10EB000083B0029001918DED000A029908684A686D
:10EB10008B6840F2C041C2F200018B624A62086217
:10EB2000019B18685A689B684B630A63C862009827
:10EB3000C86303B07047000080B584B040F2147021
:10EB4000C2F20000019064210291F2F783FF019864
:10EB500002991830F2F77EFF40F20060C2F2000026
:10EB60000390F2F7E7FA039846F6C401C0F60101F4
:10EB7000F2F7C2FB04B080BD80B588B0ADF81E00CE
:10EB800040F21030C2F200000DF11D0105F040FE10
:10EB90009DF81D0080B3FFE70020ADF81800059038
:10EBA00040F21030C2F2000005A905F069F9BDF984
:10EBB000140000EE100AB8EEC00A9FED4E1A20EEC7
:10EBC000010A40F25440C2F2000080ED000ABDF993
:10EBD000161000EE101AB8EEC00A20EE010A80ED01
:10EBE000010ABDF9181000EE101AB8EEC00A20EEA6
:10EBF000010A80ED020AFFE740F21030C2F2000085
:10EC00000DF11D0105F046FB9DF81D0080B3FFE7E7
:10EC10000020ADF81000039040F21030C2F2000066
:10EC200003A905F05DF9BDF90C0000EE100AB8EE7D
:10EC3000C00A9FED311A20EE010A40F2A040C2F254
:10EC4000000080ED000ABDF90E1000EE101AB8EEBB
:10EC5000C00A20EE010A80ED010ABDF9101000EE95
:10EC6000101AB8EEC00A20EE010A80ED020AFFE792
:10EC70000020019040F21030C2F2000001A905F01E
:10EC80003DFC40F26F00C2F200000078B0B1FFE737
:10EC9000019840F28871C2F20001086040F26F01F1
:10ECA000C2F200010020087040F26871C2F2000157
:10ECB00041F26F20C3F60330086018E0019840F27B
:10ECC0008871C2F200010A68801A009001980860F9
:10ECD0009DED000AB8EE400A9FED081A20EE010AE9
:10ECE00040F26870C2F2000080ED000AFFE708B051
:10ECF00080BD00BFD5FF7F38295C8F3D17B7D13766
:10ED000080B588B0ADF81E0040F2D420C2F20000F9
:10ED10000DF11D0105F07CFD9DF81D0080B3FFE79E
:10ED20000020ADF81800059040F2D420C2F2000097
:10ED300005A905F0A5F8BDF9140000EE100AB8EE1B
:10ED4000C00A9FED5F1A20EE010A40F24840C2F26D
:10ED5000000080ED000ABDF9161000EE101AB8EEA2
:10ED6000C00A20EE010A80ED010ABDF9181000EE7C
:10ED7000101AB8EEC00A20EE010A80ED020AFFE781
:10ED800040F2D420C2F200000DF11D0105F082FA1C
:10ED90009DF81D0080B3FFE70020ADF81000039040
:10EDA00040F2D420C2F2000003A905F099F8BDF9A1
:10EDB0000C0000EE100AB8EEC00A9FED421A20EED9
:10EDC000010A40F29440C2F2000080ED000ABDF951
:10EDD0000E1000EE101AB8EEC00A20EE010A80ED07
:10EDE000010ABDF9101000EE101AB8EEC00A20EEAC
:10EDF000010A80ED020AFFE740F2D420C2F20000CF
:10EE00000DF11D0105F04AFB9DF81D00B0B1FFE7B3
:10EE10000020ADF80A0040F2D420C2F200000DF14B
:10EE20000A0105F051FBBDF90A0005F0BFF840F2F8
:10EE30008C50C2F2000080ED000AFFE70020019034
:10EE400040F2D420C2F2000001A905F057FB40F2C5
:10EE50006E00C2F200000078B0B1FFE7019840F206
:10EE60008471C2F20001086040F26E01C2F200013A
:10EE70000020087040F26471C2F2000141F26F207C
:10EE8000C3F60330086018E0019840F28471C2F2C2
:10EE900000010A68801A0090019808609DED000A40
:10EEA000B8EE400A9FED081A20EE010A40F26470A5
:10EEB000C2F2000080ED000AFFE708B080BD00BF8D
:10EEC000D5FF7F38295C8F3D17B7D137F0B5A3B098
:10EED0008DF88B0040F2C040C2F20000099090ED26
:10EEE000070A0C30002101F05FFD0998C1681F91ED
:10EEF000016920914169219101681C9141681D912E
:10EF000080681E909DED1F0ADDED200A9DED211AFF
:10EF100046F6540EC0F6010ECDF820E0DEF80000F3
:10EF2000DEF80410DEF80820DEF80C30DEF810C041
:10EF3000DEF81440DEF81850DEF81C60DEF82070B1
:10EF400040F2700EC2F2000EDEED001A9EED012AB4
:10EF5000DEED022A40F2A47EC2F2000E9EED003ADF
:10EF6000DEED013A9EED024AEE46CEF81070CEF884
:10EF70000C60CEF80850CEF80440CEF800C0F2F78E
:10EF8000CDFEDDF820E08DED1B1ACDED1A0A8DEDDA
:10EF9000190A19981A991B9A219220911F909DED98
:10EFA0001C0ADDED1D0A9DED1E1ADEF80000DEF8DC
:10EFB0000410DEF80820DEF80C30DEF810C0DEF8B1
:10EFC0001440DEF81850DEF81C60DEF8207040F2C5
:10EFD000600EC2F2000EDEED001A9EED012ADEED9B
:10EFE000022A40F2540EC2F2000E9EED003ADEED0F
:10EFF000013A9EED024AEE46CEF81070CEF80C6053
:10F00000CEF80850CEF80440CEF800C0F2F786FEE5
:10F010008DED181ACDED170A8DED160A1698179971
:10F02000189A1E921D911C909DED1F0ADDED200A7D
:10F030009DED211A40F21470C2F20000F2F730FD8B
:10F0400009988DED151ACDED140A8DED130A13995B
:10F05000149A159B219320921F911F9A40F2005100
:10F06000C2F20001CA60209A0A61219A4A611C9A80
:10F070000A601D9A4A601E9A8A60C069C8619DF83C
:10F080008B00012840F09380FFE740F2C040C2F2BD
:10F090000000059090ED0F0A2C30012101F084FC56
:10F0A0000598C16A1F91016B2091406B21909DEDE5
:10F0B0001F0ADDED200A9DED211A46F6780EC0F6F6
:10F0C000010ECDF818E0DEF80000DEF80410DEF8DE
:10F0D0000820DEF80C30DEF810C0DEF81440DEF850
:10F0E0001850DEF81C60DEF8207040F2700EC2F29C
:10F0F000000EDEED001A9EED012ADEED022A40F23E
:10F10000A47EC2F2000E9EED033ADEED043A9EEDBF
:10F11000054AEE46CEF81070CEF80C60CEF80850D6
:10F12000CEF80440CEF800C0F2F7F8FD8DED121ACB
:10F13000CDED110A8DED100A10981199129A2192B5
:10F1400020911F909DED1F0ADDED200A9DED211AF3
:10F1500040F21470C2F200001830F2F7A1FC8DEDFD
:10F160000F1ACDED0E0A8DED0D0A0D980E990F9A1E
:10F17000219220911F901F9840F20051C2F200018D
:10F1800041F82C0F07912098486021988860A1F1E0
:10F1900020000AAAF3F7B2FB07990A9841F8200C5D
:10F1A0000B9841F81C0C0C9841F8180CFFE723B0A1
:10F1B000F0BD000080B582B0ADF8060040F28C5082
:10F1C000C2F2000090ED000A40F26470C2F200004A
:10F1D000D0ED000A40F24840C2F2000040F29441F3
:10F1E000C2F20001FFF76CFC40F28A50C2F200004C
:10F1F000007888B1FFE740F26870C2F2000090ED3D
:10F20000000A40F25440C2F2000040F2A041C2F2B3
:10F210000001FFF775FCFFE740F28A50C2F20000E0
:10F220000078FFF753FE40F20050C2F2000000F0F9
:10F2300005F803F06DF902B080BD000080B590B014
:10F240000F900F98C0680C900F9800690D900F9860
:10F2500040690E900F98006809900F9840680A90D6
:10F260000F9880680B900F9890ED073A9DED0C0A6F
:10F27000DDED0D0A9DED0E1ADDED091A9DED0A2A50
:10F28000DDED0B2A40F20060C2F200000190F2F7BF
:10F2900075FB0198F1F738FFCDED051A8DED041AD5
:10F2A000CDED030A8DED020A9DED020ADDED030AA4
:10F2B0009DED041ADDED051AF2F772FF8DED081AC7
:10F2C000CDED070A8DED060A40F27471C2F200011D
:10F2D0000698079A089B8B604A60086010B080BD52
:10F2E00080B58AB003F0C0FC40F2D420C2F2000026
:10F2F00040F24251C2F20001089104F049FE089820
:10F3000000786C2805D0FFE74FF6FF70ADF82600B7
:10F31000A1E040F2D420C2F20000012105F096F8ED
:10F32000FFE740F2D420C2F2000040F24051C2F2A6
:10F33000000105F075F8FFE740F24050C2F200000E
:10F3400000780028EDD1FFE740F2D420C2F200009F
:10F350000690802104F0DCFF06980121059104F05D
:10F36000EFFD06980421049105F02EF90499069802
:10F3700004F094FE0698002105F060FA0698062134
:10F3800004F09EFF0499069805F080FA0599069806
:10F3900005F016FA0599069805F0D8F840F21030F5
:10F3A000C2F2000040F24351C2F20001079104F0A2
:10F3B000EFFD079800786C2804D0FFE70020ADF837
:10F3C000260048E040F21030C2F20000012105F0B2
:10F3D0003DF8FFE740F21030C2F2000040F2415128
:10F3E000C2F2000105F01CF8FFE740F24150C2F202
:10F3F000000000780028EDD1FFE740F21030C2F2A3
:10F4000000000290802104F083FF02980121039103
:10F4100004F096FD02980421019105F0D5F80199B8
:10F42000029804F03BFE0298002105F007FA0298CA
:10F43000062104F045FF0199029805F027FA039987
:10F44000029805F0BDF90399029805F07FF803983A
:10F45000ADF82600FFE7BDF926000AB080BD000028
:10F4600081B00090009988684FF6C072C5F6FF72AF
:10F470001040886001B0704781B0009048F2C80128
:10F48000C4F20221086840F00100086001B0704732
:10F4900081B000900099D1F8C80040F00100C1F897
:10F4A000C80001B07047000081B0009000988068EB
:10F4B00040F080504FF6C071C7F6FF7108400099C8
:10F4C000886001B07047000081B0009000988068AB
:10F4D00000F0E07001B0704783B002900191029893
:10F4E000019900EB8100603000900098006800F006
:10F4F000F84003B07047000081B000900098806829
:10F50000C0F3C00001B0704781B0009000988068DF
:10F51000C0F3407001B0704781B0009000988068DF
:10F5200000F0010001B0704781B000900098806841
:10F53000C0F3007001B0704781B0009000988068FF
:10F54000C0F3800001B0704784B003900291019233
:10F550000398029901F4407100EB91103030009053
:10F5600000980068029901F01F021F219140884312
:10F570000199C1F38461914008430099086004B087
:10F580007047000084B003900291019203980299A1
:10F5900001F0007100EBD150143000900098006829
:10F5A0000299C1F304520721914088430199914087
:10F5B00008430099086004B07047000083B00290CF
:10F5C000019100920298D0F8B00001996FF31F5199
:10F5D0008843009A02F018034FF6FF72C0F20F0240
:10F5E000DA40114008440299C1F8B00003B07047F6
:10F5F00082B0019000910198806820F47C100099FD
:10F6000008430199886002B07047000082B0019001
:10F6100000910198806820F0E070009908430199FA
:10F62000886002B07047000085B004900391029298
:10F6300001930498039900EB8100603000900098DA
:10F6400000684FF20001C0F2FF310140029800F063
:10F65000F840019A1043084340F0004000990860C8
:10F6600005B0704784B0039002910192039802990B
:10F6700000EB8100603000900098006820F000707E
:10F68000019908430099086004B0704784B0039062
:10F69000029101920398029900EB81006030009082
:10F6A0000098006820F08070019908430099086074
:10F6B00004B0704784B003900291019203980299BC
:10F6C00000EB8100603000900098006820F000405E
:10F6D000019908430099086004B0704782B0019016
:10F6E00000910198406920F0004000990843019979
:10F6F000486102B07047000080B586B0ADF81600D2
:10F7000000208DF81500049003900290019040F2C3
:10F710008270C2F20000007808B9FFE721E140F2F0
:10F720008271C2F200010020087040F24C30C2F237
:10F7300000000DF1150103F0A7FD08B1FFE710E18E
:10F740009DF81500C00738B9FFE79DF8150040087F
:10F75000C00708B9FFE704E140F24C30C2F20000F4
:10F7600001A903F083FE08B1FFE7FAE09DF8150058
:10F77000C007002800F0DE80FFE7029840F26C71BD
:10F78000C2F200010860019840F69861C2F20001DF
:10F79000086040F6A650C2F20000007800284BD165
:10F7A000FFE740F27461C2F200010020086040F2FD
:10F7B0000971C2F200010870F6F7ACF840F244712A
:10F7C000C2F200010968401AB0F57A7F33D3FFE72F
:10F7D00040F69860C2F2000090ED001A40F69C607E
:10F7E000C2F2000090ED000A30EE010A80ED000A3E
:10F7F00040F6A450C2F20000018801310180008867
:10F80000282817D3FFE740F69C60C2F2000090ED75
:10F81000000A9FED581A80EE010A40F23C40C2F205
:10F82000000080ED000A40F6A651C2F2000101205E
:10F830000870FFE7FFE77CE040F21170C2F20000C1
:10F84000007858B3FFE740F21070C2F20000007871
:10F8500020B3FFE7F6F75EF840F20C71C2F2000148
:10F860000968401A40F6B831884217D3FFE740F6DE
:10F870009860C2F2000090ED000A40F23C40C2F2F3
:10F88000000090ED001A30EE410A9FED372A20EE7D
:10F89000020A30EE010A80ED000AFFE740F23C4028
:10F8A000C2F2000090ED000AB5EE400AF1EE10FA47
:10F8B0002BDDFFE740F69860C2F2000090ED000AF1
:10F8C000B5EE400AF1EE10FA1FDDFFE740F6986052
:10F8D000C2F2000090ED000A40F23C40C2F200008B
:10F8E00090ED001A80EE010ADFED200A06F0C2F961
:10F8F000B0EE401AB7EE000A30EE410A9FED1C1A36
:10F9000020EE010A8DED000A02E000200090FFE7E2
:10F910009DED000A03F0D6F840F27460C2F20000D8
:10F9200080ED000A40F20971C2F200010120087066
:10F93000FFE7FFE79DF815004008C00770B1FFE73B
:10F94000BDF8100040F27071C2F200010880039807
:10F9500040F62071C2F200010860FFE702F0AEFD40
:10F96000FFE706B080BD00BF3D7FDA3AB1DC423E22
:10F97000002A2D470000204280B588B00020029068
:10F980008DF81D008DF81C00ADF81A008DF81800D8
:10F99000ADF816008DF815008DF814008DF81300E1
:10F9A00004F00CFA40F24C30C2F200000DF11D01DF
:10F9B00003F0C4FD03909DF81D0041F22831C2F20E
:10F9C00000010870039840B9FFE741F22830C2F205
:10F9D00000000078B42805D0FFE74FF6FF70ADF8BF
:10F9E0001E00F0E040F24C30C2F20000012103F0B2
:10F9F000B9FD0390039828B1FFE74FF6FF70ADF80B
:10FA00001E00E0E040F24C30C2F20000022103F0A0
:10FA1000A9FD0390039828B1FFE74FF6FF70ADF8FA
:10FA20001E00D0E040F24C30C2F20000002103F092
:10FA300099FD0390039828B1FFE74FF6FF70ADF8EA
:10FA40001E00C0E000208DF81A008DF81B008DF814
:10FA50001C0040F24C30C2F200000DF11A0103F01C
:10FA600097FC0390039828B1FFE74FF6FF70ADF8BD
:10FA70001E00A8E003208DF8160002208DF8170064
:10FA800001208DF8180040F24C30C2F200000DF158
:10FA9000160103F011FF0390039828B1FFE74FF61A
:10FAA000FF70ADF81E008EE040F24C30C2F2000054
:10FAB0000DF1150103F05AFF0390039828B1FFE7F9
:10FAC0004FF6FF70ADF81E007DE09DF8150040F088
:10FAD00001008DF8150040F24C30C2F200000DF12B
:10FAE000150103F09FFF0390039828B1FFE74FF63D
:10FAF000FF70ADF81E0066E040F24C30C2F200002C
:10FB000005A903F017FE0390039828B1FFE74FF60D
:10FB1000FF70ADF81E0056E09DF8140040F00200A2
:10FB20008DF814009DF8140000F0FB008DF814000F
:10FB300040F24C30C2F2000005A903F04DFE0390E4
:10FB4000039828B1FFE74FF6FF70ADF81E003AE0CA
:10FB500040F24C30C2F200000DF1130103F0D2FF6D
:10FB60000390039828B1FFE74FF6FF70ADF81E0031
:10FB700029E09DF8130040F001008DF8130040F2D9
:10FB80004C30C2F200000DF1130103F0FDFF0390B1
:10FB9000039828B1FFE74FF6FF70ADF81E0012E0A2
:10FBA00040F28271C2F20001002001900870F5F766
:10FBB000B1FE0146019840F24472C2F200021160A7
:10FBC000ADF81E00FFE7BDF91E0008B080BD0000C3
:10FBD00080B58AB0002100910991089107910691A2
:10FBE000059104910391029140F2BC70C2F20000B1
:10FBF000019048F20002C4F2022202604FF4002297
:10FC000042608160C16001610422426101764176F7
:10FC10000122C26180F820108162C16280F8341034
:10FC20000163816380F83C10F3F726FC18B1FFE70D
:10FC3000F2F7C4FEFFE70220C0F230400290062037
:10FC40000390002004907F210591042106910790E4
:10FC500040F2BC70C2F2000002A9F2F7EDFF18B149
:10FC6000FFE7F2F7ABFEFFE70AB080BD80B58AB0D0
:10FC70000021009109910891079106910591049145
:10FC80000391029140F62400C2F20000019048F274
:10FC90000012C4F2022202604FF40022426081602E
:10FCA000C160016104224261017641760122C26194
:10FCB00080F820108162C16280F834100163816392
:10FCC00080F83C10F3F7D8FB18B1FFE7F2F776FEA7
:10FCD000FFE748F20000C3F6F060029006200390B0
:10FCE000002004907F21059104210691079040F6A1
:10FCF0002400C2F2000002A9F2F79EFF18B1FFE74C
:10FD0000F2F75CFEFFE70AB080BD000080B540F668
:10FD10000410C2F2000043F20001C4F202010160CB
:10FD20000021017141714161816101210162F3F79B
:10FD300029FE18B1FFE7F2F741FEFFE780BD0000A2
:10FD400080B582B040F62810C2F2000001904AF25D
:10FD50000041C4F200010160002141604FF4407293
:10FD60008260C1600174417481740523436106227D
:10FD700082614FF00E0CC0F81CC003620123436285
:10FD800082621223C36202630A2242638163C163F7
:10FD9000F5F7FAF818B1FFE7F2F710FEFFE702B047
:10FDA00080BD000080B582B040F68C10C2F2000029
:10FDB00000904AF60001C4F20001016000210191A7
:10FDC00041608160C160017441748174102242619C
:10FDD00001228261C261026242628262C262026385
:10FDE00041638163C163F5F7CFF818B1FFE7F2F71C
:10FDF000E5FDFFE702B080BD80B582B0FFE740F6C9
:10FE00008840C4F20240016841F0010101600068CD
:10FE100000F0010001900198FFE71D2000900022F2
:10FE20001146F5F77FFE0098F5F772FE02B080BD2F
:10FE300080B59CB000201B901A90199018901790D4
:10FE4000FFE740F68C40C4F20240016841F0100127
:10FE50000160006800F0100016901698FFE7FFE7B9
:10FE600040F68C40C4F20240016841F00401016098
:10FE7000006800F0040015901598FFE7FFE740F6D2
:10FE80008C40C4F20240016841F0800101600068CA
:10FE900000F0800014901498FFE7FFE740F68C40D4
:10FEA000C4F20240016841F001010160006800F005
:10FEB000010013901398FFE7FFE740F68C40C4F26F
:10FEC0000240016841F002010160006800F0020098
:10FED00012901298FFE7FFE740F68C40C4F2024010
:10FEE000016841F008010160006800F0080011900D
:10FEF0001198FFE741F20000C4F2022002904CF298
:10FF00000801019100220F92F5F7EEFC0F9A40F6DE
:10FF10000000C4F202200A9030210391F5F7E4FCBE
:10FF20000F9A40F20040C4F20220069095210491FD
:10FF3000F5F7DAFC06984FF48051059101220B92F7
:10FF4000F5F7D2FC0F9A40F60040C4F20220089068
:10FF50004FF400410791F5F7C7FC0F9A0020C4F257
:10FF600002200C904FF480710991F5F7BDFC0799C0
:10FF70000B9A0C98F5F7B8FC019B02980B9A0F9915
:10FF80001793189219911A9117A90D91F5F71EFB65
:10FF900002980D990F9A102317930023C1F22103A1
:10FFA00018931992F5F712FBDDF80CC00A980B9B19
:10FFB0000D990F9ACDF85CC0189319921A92F5F723
:10FFC00005FBDDF810C006980B9B0D990F9ACDF834
:10FFD0005CC0189319921A92F5F7F8FADDF814C07C
:10FFE00006980B9B0D990F9ACDF85CC01893199247
:10FFF00002220E921A92F5F7E9FADDF81CC0089871
:020000040801F1
:100000000B9B0D990F9ACDF85CC0189319921A9218
:10001000F5F7DCFA099B0A980D990F9A1793189235
:100020001992F5F7D3FA0B9B0C980D990F9A4FF490
:10003000014CCDF85CC0189319921A92F5F7C6FAE4
:100040000E990F9A0F201090F5F76CFD1098F5F7A8
:100050005FFD1CB080BD000080B50020F5F760FC9E
:1000600018B1FFE7F2F7AAFCFFE7F5F779FC18B142
:10007000FFE7F2F7A3FCFFE780BD000080B582B088
:1000800040F6F010C2F20000009043F20001C4F20A
:10009000010101604FF48001416000210191816004
:1000A0000722C2604FF0007303614FF08073436119
:1000B0004FF0806383614FF04053C361016241623E
:1000C0008162C26241638163C1638164C16401650D
:1000D00041658165C1650166FBF760FC18B1FFE70A
:1000E000F2F76CFCFFE702B080BD000080B582B083
:1000F00040F68020C2F20000009043F60001C4F2F6
:10010000000101604FF48001416000210191816094
:100110000722C2604FF0007303614FF080734361A8
:100120004FF0806383614FF04053C36101624162CD
:100130008162C26241638163C1638164C16401659C
:1001400041658165C1650166FBF728FC18B1FFE7D1
:10015000F2F734FCFFE702B080BD000080B582B04A
:1001600040F61030C2F20000009043F60041C4F2A5
:10017000000101604FF48001416000210191816024
:100180000722C2604FF0007303614FF08073436138
:100190004FF0806383614FF04053C361016241625D
:1001A0008162C26241638163C1638164C16401652C
:1001B00041658165C1650166FBF7F0FB18B1FFE79A
:1001C000F2F7FCFBFFE702B080BD000080B582B013
:1001D00040F6A030C2F20000009044F60041C4F2A4
:1001E000010101604FF480014160002101918160B3
:1001F0000722C2604FF0007303614FF080734361C8
:100200004FF0806383614FF04053C36101624162EC
:100210008162C26241638163C1638164C1640165BB
:1002200041658165C1650166FBF7B8FB18B1FFE761
:10023000F2F7C4FBFFE702B080BD000080B584B0D8
:10024000002103910291019140F63040C2F200007A
:1002500041F20042C4F200020260F9224260816071
:1002600040F2E732C2608161FDF79EF918B1FFE705
:10027000F2F7A4FBFFE700200190039040F6304026
:10028000C2F2000001A9FDF781F818B1FFE7F2F70B
:1002900095FBFFE704B080BD80B582B040F67C409E
:1002A000C2F20000009043F60001C4F201010160B7
:1002B0004FF461314160002101918160C1600161B1
:1002C0000C2242618161C161016241628162FDF77C
:1002D000EBFF18B1FFE7F2F771FBFFE740F67C4058
:1002E000C2F200000021FDF7DBFC18B1FFE7F2F7D6
:1002F00065FBFFE740F67C40C2F200000021FDF7FD
:1003000089FC18B1FFE7F2F759FBFFE740F67C40A4
:10031000C2F20000FDF736FC18B1FFE7F2F74EFB22
:10032000FFE702B080BD000080B582B040F61050FB
:10033000C2F20000009046F20041C4F200010160E8
:100340004FF416514160002101918160C16001614B
:100350000C2242618161C161016241628162FDF7EB
:10036000A3FF18B1FFE7F2F729FBFFE740F61050B3
:10037000C2F200000021FDF793FC18B1FFE7F2F78D
:100380001DFBFFE740F61050C2F200000021FDF710
:1003900041FC18B1FFE7F2F711FBFFE740F6105000
:1003A000C2F20000FDF7EEFB18B1FFE7F2F706FB23
:1003B000FFE702B080BD0000FFE7FEE7FFE7FEE7D2
:1003C00088B0079006910592079800F00700049006
:1003D0000498C0F10700052803D3FFE7042001902B
:1003E00004E00498C0F107000190FFE70198039032
:1003F00004980430062803D8FFE70020009003E0AB
:10040000049803380090FFE700980290069803993B
:10041000012202FA01F101390840029B9840059936
:100420009A40013A1140084308B0704787B08DEDFB
:10043000060ACDED050A8DED041ACDED031A9DEDEA
:10044000050A9DED031A30EE010A8DED020A9DEDBD
:10045000030A9DED021A80EE010A8DED010A9DED61
:10046000050A9DED021A80EE010A8DED000A9DED50
:10047000010A9DED062A9DED001A9DED043A21EE3C
:10048000031A20EE020A30EE010A07B0704700009E
:100490007047000080B5C4B002A801904FF4847189
:1004A000EFF73CFF0198042103910021C4F22001E1
:1004B00002910321049102210591102206920791D5
:1004C000089109910C210A9100210B910C914FF494
:1004D00000310D914FF4007131913D91F8F7E2FC3C
:1004E00018B1FFE7F2F76AFAFFE744B080BD0000F9
:1004F00080B58EB002A801902C21EFF70FFF019973
:1005000040F62810C2F20000F4F76AFA20B1FFE7C3
:100510006FF005000D904BE040F64C60C2F2000019
:10052000007830B9FFE7079818B9FFE700200D9071
:100530003EE040F64C61C2F200010020087040F637
:100540002810C2F20000F4F76BFF50B1FFE740F64D
:100550004C61C2F20001012008706FF005000D909F
:1005600026E040F62810C2F20000F4F733FF50B145
:10057000FFE740F64C61C2F20001012008706FF005
:1005800005000D9014E040F62810C2F2000004F0BF
:10059000FDF950B1FFE740F64C61C2F200010120C5
:1005A00008706FF005000D9002E000200D90FFE74D
:1005B0000D980EB080BD000080B58AB00020049078
:1005C00009900890079006900590069002210091EE
:1005D000079108904FF40050059040F60000C4F2D7
:1005E0000220019005A90391F4F7F0FF009A019809
:1005F00003990592F4F7EAFF039901200590002082
:10060000C4F202200290F4F7E1FF02980399042259
:100610000592F4F7DBFF04980AB080BD80B584B082
:10062000029000208DF80700029820B9FFE76FF0D4
:100630000100039049E040F60000C4F202204FF4AC
:100640000051F5F739F9012807D1FFE79DF80700B8
:1006500040F001008DF80700FFE740F60000C4F20B
:1006600002200221F5F728F9012807D1FFE79DF8BC
:10067000070040F002008DF80700FFE70020C4F2F9
:1006800002200121F5F718F9012807D1FFE79DF8AD
:10069000070040F004008DF80700FFE70020C4F2D7
:1006A00002200421F5F708F9012807D1FFE79DF89A
:1006B000070040F008008DF80700FFE79DF80700ED
:1006C0000299087000200390FFE7039804B080BDF2
:1006D00080B584B0029040F60041C4F2024108683F
:1006E00020F080600860F5F715F90190FFE740F60B
:1006F0000040C4F20240006800F000610020B0EB4E
:10070000D16F0CD0FFE7F5F705F90199401A0328DE
:1007100004D3FFE703208DF80F008BE0E7E7FFE746
:1007200040F62C41C4F20241086843F6037290433C
:10073000029B1A685B6842EA032210430860029930
:100740008868D1F80CC00B694A6901386FF35F20E3
:100750004FF60061CFF6FF7101EB4C2189B20844DE
:100760000021CFF6FF7101EB034101F4FE010844C3
:100770004FF07F4101EB026101F0FE41084440F679
:100780003C41C4F202410860FFE740F62C41C4F24C
:1007900002410091086820F00C00029A926910430F
:1007A0000860086820F02000029AD26910430860AF
:1007B0000298426A086810430860086820F0100038
:1007C000086040F64042C4F2024210684FF6F873E7
:1007D0009843029B1B6A40EAC3001060086840F01F
:1007E0001000086040F60041C4F20241086840F081
:1007F00080600860F5F78EF80190FFE740F6004052
:10080000C4F20240006800F000610020B0EBD16F3C
:100810000CD1FFE7F5F77EF80199401A032804D3BD
:10082000FFE703208DF80F0004E0E7E700208DF8D4
:100830000F00FFE79DF80F0004B080BD80B584B0C5
:10084000029040F60041C4F20241086820F0805056
:100850000860F5F75FF80190FFE740F60040C4F24A
:100860000240006800F000510020B0EB517F0CD036
:10087000FFE7F5F74FF80199401A032804D3FFE783
:1008800003208DF80F008BE0E7E7FFE740F63041EB
:10089000C4F20241086843F603729043029B1A684F
:1008A0005B6842EA03221043086002998868D1F825
:1008B0000CC00B694A6901386FF35F204FF6006185
:1008C000CFF6FF7101EB4C2189B208440021CFF62D
:1008D000FF7101EB034101F4FE0108444FF07F4139
:1008E00001EB026101F0FE41084440F64441C4F2CC
:1008F00002410860FFE740F63041C4F20241009136
:10090000086820F00C00029A926910430860086899
:1009100020F02000029AD269104308600298426ACF
:10092000086810430860086820F01000086040F66E
:100930004842C4F2024210684FF6F8739843029B93
:100940001B6A40EAC3001060086840F010000860AD
:1009500040F60041C4F20241086840F0805008604F
:10096000F4F7D8FF0190FFE740F60040C4F20240E0
:10097000006800F000510020B0EB517F0CD1FFE780
:10098000F4F7C8FF0199401A032804D3FFE70320B6
:100990008DF80F0004E0E7E700208DF80F00FFE777
:1009A0009DF80F0004B080BD80B588B007908DED34
:1009B000060A8DF817109DF8171040F28070C2F2E9
:1009C0000000405C08B1FFE777E19DED060A9FED6E
:1009D000BC1A20EE010A8DED040A9DED040AB7EE63
:1009E000001AB4EE410AF1EE10FA04DDFFE74FF011
:1009F0007E500490FFE7002003900290FFE70298EA
:100A000002285BDCFFE79DF8171040F28450C2F229
:100A10000000405C88B9FFE70798029A50F822006E
:100A20009DF8171001EB410340F24C51C2F2000156
:100A300001EB830141F82200FFE79DED040A0798CE
:100A4000029A00EB820090ED002A9DF8170000EB5F
:100A5000400140F24C50C2F2000000EB810101EB7A
:100A6000820191ED001A32EE412A20EE020A30EEA8
:100A7000010A81ED000A079A029902EB810292EDC8
:100A8000000A9DF8172002EB420200EB820000EB07
:100A9000810090ED001A30EE410A8DED010A9DEDC6
:100AA000010A9DED031A20EE000A30EE010A8DEDD9
:100AB000030AFFE7029801300290A0E79DF8172093
:100AC00040F28451C2F20001012088549DED030AD6
:100AD00005F0CAFC8DED000A9DED000AB6EE001A85
:100AE000B4EE410AF1EE10FA2ADDFFE79DF8172077
:100AF00040F27C51C2F20001002041F822009DF832
:100B0000172040F28651C2F2000121F812009DF830
:100B1000171001EB410240F26451C2F2000101EBF7
:100B2000820290609DF8172002EB420201EB8202E4
:100B300050609DF8172002EB420241F8220014E0B9
:100B40009DED060A9DF8171040F27C50C2F200009D
:100B500000EB810090ED001A9FED5A2A20EE020A68
:100B600030EE010A80ED000AFFE79DF8171040F211
:100B70007C50C2F2000000EB810090ED000A9FED76
:100B8000521AB4EE410AF1EE10FAC0F29680FFE775
:100B9000079890ED001A9DF8170000EB400140F215
:100BA0006450C2F2000000EB810191ED000A30EECA
:100BB000010A81ED000A079991ED011A9DF81710BD
:100BC00001EB410100EB810191ED010A30EE010AD8
:100BD00081ED010A079991ED021A9DF8171001EBBA
:100BE000410100EB810090ED020A30EE010A80ED38
:100BF000020A9DF8172040F28650C2F2000030F839
:100C00001210013120F812109DF8171030F8110061
:100C1000642851DBFFE79DF8170000EB400140F22C
:100C2000645CC2F2000C0CEB810292ED000A40F20F
:100C30008652C2F2000232F8100001EE100AB8EE3D
:100C4000C11A80EE010A40F2A470C2F2000000EB6B
:100C5000810181ED000A9DF8173003EB43010CEB95
:100C6000810E9EED010A32F8133001EE103AB8EE13
:100C7000C11A80EE010A00EB810181ED010A9DF8A5
:100C8000173003EB43010CEB810C9CED020A32F8A8
:100C9000132001EE102AB8EEC11A80EE010A00EB13
:100CA000810080ED020A9DF8172040F28071C2F2A7
:100CB000000101208854FFE7FFE708B080BD00BFB6
:100CC000DA0F494100007A440000484382B00190A5
:100CD000019800684069009001980168886940F0B7
:100CE0000800886101980168886940F010008861F7
:100CF00001980168086820F0010008600198016807
:100D0000086940F26F329043086101980168886871
:100D100020F440408860019890F88900042815D09C
:100D2000FFE79DF80000800600280ED5FFE7019937
:100D3000D1F88C0040F08000C1F88C000198016867
:100D4000886940F020008861FFE7FFE7019890F88C
:100D50008900032815D0FFE79DF800004006002811
:100D60000ED5FFE70199D1F88C0040F00400C1F8DE
:100D70008C0001980168886940F040008861FFE7B5
:100D8000FFE79DF80100800700280ED5FFE70199D5
:100D9000D1F88C0040F00100C1F88C000198016886
:100DA000886940F400708861FFE79DF80100C00782
:100DB00070B1FFE70199D1F88C0040F00800C1F84C
:100DC0008C0001980168886940F480708861FFE7B1
:100DD00001990020A1F86A000199A1F8720002B0FF
:100DE0007047000083B002900298C16B012000EBB5
:100DF000511001900298C0680130009000980730AF
:100E0000C00800900098019900FB01F003B0704702
:100E100080B586B0DDF820C0049003918DF80B20DA
:100E20000193FFE704980068406903990840401A5D
:100E3000B0FA80F040099DF80B10884214D1FFE70A
:100E4000F4F768FD0899401A0199884204D3FFE736
:100E50000198013018B9FFE7019820B9FFE7032096
:100E60008DF8170004E0DDE700208DF81700FFE79C
:100E70009DF8170006B080BD7047000010B588B01F
:100E8000DDF828C006900591ADF812208DF81130DC
:100E9000069848B1FFE7BDF8120028B1FFE79DF8BA
:100EA0001100202804D3FFE700208DF81F0030E058
:100EB00004F05EFA0390039820B9FFE700208DF854
:100EC0001F0026E003980699059ABDF812309DF898
:100ED00011C0EE460224CEF80440CEF800C004F063
:100EE00079FA039804F0DAF9012807D0FFE70399AB
:100EF000002081F821008DF81F000AE00A9820B137
:100F0000FFE703980A990860FFE701208DF81F00AA
:100F1000FFE79DF81F0008B010BD000080B584B049
:100F200000F0AAF840F2B840C2F20000694608603A
:100F30004EF60150C0F6000046F6E501C0F601018C
:100F40000A220323FFF79AFF40F28A50C2F2000000
:100F5000007898B1FFE740F2B440C2F20000694661
:100F600008604EF67930C0F6000046F6DC01C0F6A7
:100F700001010A220323FFF781FFFFE740F2BC4093
:100F8000C2F20000694608604FF2B510C0F60000DA
:100F900046F6F701C0F601010A2203920423FFF787
:100FA0006DFF40F26C40C2F20000694608604FF2EB
:100FB000F960C0F6000046F61311C0F601010122E7
:100FC00001920523FFF75AFF019A40F28840C2F2CE
:100FD00000006946086040F2E140C0F6000046F6B5
:100FE000F101C0F6010115230293FFF747FF019AB3
:100FF000029B40F2FC50C2F200006946086040F6D5
:101000003100C0F6000046F60111C0F60101FFF7FD
:1010100035FF029B40F24450C2F20000694608606E
:1010200040F21960C0F6000046F6ED01C0F601017D
:101030004FF47A72FFF722FF039A40F24850C2F24F
:1010400000006946086040F26570C0F6000046F690
:101050001D11C0F601011623FFF710FF012808D06B
:10106000FFE740F6C061C2F20001886A0130886281
:10107000FFE704B080BD000080B582B040F6A061FB
:10108000C2F20001002008608DF80700FFE79DF81C
:101090000700132826D8FFE79DF8070000EB400162
:1010A00041F23030C2F20000009000EB011030211C
:1010B000EFF734F900999DF8070000EB400001EBD1
:1010C0000012002082F821009DF8072002EB420266
:1010D00001EB02114862FFE79DF8070001308DF82F
:1010E0000700D4E702B080BD80B586B040F6A060AE
:1010F000C2F2000000680590F1F798FD0490FFE748
:101100000598002845D0FFE7049805998969401A99
:10111000039003980599898A884236D3FFE704989B
:1011200005990022CA6188610598006860B3FFE7ED
:101130004EF21800CEF20000009000680290059870
:101140000168808A88470098006801900198029998
:10115000884208D3FFE702984DF29001C0F20301E4
:1011600008440290FFE702980199401A00EE100A25
:10117000B8EE400A9FED081A20EE010A0598BCEE71
:10118000C00A80ED0A0AFFE7FFE70598406A05906C
:10119000B6E706B080BD00BF6F12833B80B5F4F7A1
:1011A000E9FB80BD80B58CB0FF208DF82A000020BF
:1011B0000990EFF751FA58B1FFE740F6C061C2F26B
:1011C0000001486A013048624FF0FF300B9028E17F
:1011D00040F28C41C2F20001049100200390C1F85A
:1011E00003000860012106910722059204F03CF9F2
:1011F000039B049A059984460698C2F800C01371AF
:1012000050719171F1F734FB40B1FFE740F6C061D6
:10121000C2F20001C86A0130C862FFE70120F1F79D
:1012200019FB40B1FFE740F6C061C2F20001C86A95
:101230000130C862FFE70120F1F728FB40B1FFE76A
:1012400040F6C061C2F20001C86A0130C862FFE71F
:101250006420F3F76BF900208DF81F00FDF76CFC9C
:10126000FEF73EF88DF81F009DF91F0068B9FFE7F3
:1012700040F28A51C2F200010020087040F6187155
:10128000C2F200010120087019E09DF91F00012839
:101290000CD1FFE740F28A51C2F200010120087030
:1012A00040F61871C2F20001087007E040F6C06114
:1012B000C2F20001886801308860FFE7FFE7FEF7AF
:1012C0005BFB40B1FFE740F6C061C2F20001C868B5
:1012D0000130C86006E040F61871C2F2000101203A
:1012E0004870FFE740F60000C4F2022020210122EE
:1012F0000292F4F7F9FA029A40F20040C4F2022096
:101300001146F4F7F1FA01F003FB40B1FFE740F6B4
:10131000C061C2F2000108690130086106E040F6D0
:101320001871C2F2000101208870FFE7EFF7AAF8F8
:1013300040B1FFE740F6C061C2F2000148680130E9
:101340004860FFE7EFF704FA58B1FFE740F6C061E5
:10135000C2F20001486A013048624FF0FF300B9042
:101360005FE0FFF7DBFD40F6B830F3F7DFF840F65B
:101370003040C2F20000FCF793F96420EFF754F814
:1013800040B1FFE740F6C061C2F20001886C013055
:101390008864FFE7F4F7BEFA0890FFE740F618709C
:1013A000C2F2000041790020019059B9FFE7F4F73B
:1013B000B1FA0899411A0020B1F57A7F38BF0120AF
:1013C0000190FFE70198C00720B1FFE70120F3F784
:1013D000ADF8E3E740F61870C2F200004079B8B10A
:1013E000FFE70220F3F7A2F801F086F840F2A050E0
:1013F000C2F200000078EFF7F5F940B1FFE740F6E0
:10140000C061C2F20001486B01304863FFE7FFE7AB
:1014100040F61871C2F200010120887100200B9083
:10142000FFE70B980CB080BD80B59CB008A8502198
:10143000EEF774FF0020079006900590049003904B
:101440000290FFE740F61000C4F20240016841F04C
:1014500030010160006800F0300001900198FFE762
:10146000FFE740F61400C4F20240006800F00800F4
:10147000082801D0FFE7F4E7012008904FF48030FE
:1014800009900220129003211391149028211591A4
:1014900016900421179118900C20199000201A9092
:1014A0001B9008A8F9F77CFD18B1FFE7F1F786FA61
:1014B000FFE71F2002900320039000200490059076
:1014C0000690079002A80521F9F764F918B1FFE723
:1014D000F1F774FAFFE742F20001C4F20201086872
:1014E000022262F3051008601CB080BD82B04EF687
:1014F0008851CEF20001086840F47000086040F6A0
:101500000042C4F202420120106040F61C41C4F2C5
:10151000024100200090086040F62041C4F20241E0
:10152000086011684EF6E323CEF6E22319401160FD
:1015300040F62841C4F20241086040F62C41C4F252
:101540000241086040F63041C4F20241086040F6B2
:101550003443C4F2024340F28021C0F20111196009
:1015600040F63843C4F20243186040F63C43C4F2EC
:101570000243196040F64043C4F20243186040F64B
:101580004443C4F20243196040F64841C4F20241A8
:101590000860116821F48021116040F65041C4F2C6
:1015A000024108604EF60851CEF200014FF0006093
:1015B000086042F21800C4F20200006800F06040C7
:1015C00001900198B0F1604F05D0FFE70198B0F1AC
:1015D000404F24D1FFE742F21C00C4F20200006831
:1015E000C00778B1FFE742F20C01C4F2020142F6F3
:1015F0003B20C0F61900086046F67F60C4F65D40E7
:101600000860FFE742F21C01C4F20201086840F0E2
:1016100002000860086840F001000860FFE702B0BF
:101620007047000080B540F63040C2F20000FCF781
:1016300005F980BD83B00290019102980068009086
:10164000029842F60041C4F20101884252D0FFE7FD
:10165000029842F60041C5F2010188424AD0FFE7F4
:101660000298B0F1804F45D0FFE70298B0F1A04F4B
:1016700040D0FFE7029840F20041C4F200018842E6
:1016800038D0FFE7029840F20041C5F200018842DD
:1016900030D0FFE7029840F60001C4F20001884212
:1016A00028D0FFE7029840F60001C5F20001884209
:1016B00020D0FFE7029840F60041C4F200018842C2
:1016C00018D0FFE7029840F60041C5F200018842B9
:1016D00010D0FFE7029843F20041C4F201018842B2
:1016E00008D0FFE7029843F20041C5F201018842A9
:1016F0000AD1FFE7009820F070000090019841683F
:10170000009808430090FFE7029842F60041C4F2B7
:101710000101884200F0BA80FFE7029842F60041DA
:10172000C5F20101884200F0B180FFE70298B0F1F4
:10173000804F00F0AB80FFE70298B0F1A04F00F0BF
:10174000A580FFE7029840F20041C4F20001884200
:1017500000F09C80FFE7029840F20041C5F20001D2
:10176000884200F09380FFE7029840F60001C4F23F
:101770000001884200F08A80FFE7029840F60001ED
:10178000C5F20001884200F08180FFE7029840F630
:101790000041C4F20001884278D0FFE7029840F689
:1017A0000041C5F20001884270D0FFE7029843F281
:1017B0000041C4F20101884268D0FFE7029843F279
:1017C0000041C5F20101884260D0FFE7029841F66E
:1017D0000001C4F20001884258D0FFE7029841F6A8
:1017E0000001C5F20001884250D0FFE7029841F69F
:1017F0000041C4F20001884248D0FFE7029841F658
:101800000041C5F20001884240D0FFE7029842F251
:101810000001C4F20001884238D0FFE7029842F28A
:101820000001C5F20001884230D0FFE7029844F27F
:101830000001C4F20101884228D0FFE7029844F277
:101840000001C5F20101884220D0FFE7029844F26E
:101850000041C4F20101884218D0FFE7029844F227
:101860000041C5F20101884210D0FFE7029844F61A
:101870000001C4F20101884208D0FFE7029844F653
:101880000001C5F2010188420AD1FFE7009820F467
:10189000407000900198C168009808430090FFE7ED
:1018A000009820F080000199496908430090009851
:1018B00002990860019880680299C86201980068DE
:1018C00002998862029842F60041C4F201018842FE
:1018D00048D0FFE7029842F60041C5F20101884274
:1018E00040D0FFE7029843F20041C4F20101884270
:1018F00038D0FFE7029843F20041C5F20101884267
:1019000030D0FFE7029844F20001C4F2010188429E
:1019100028D0FFE7029844F20001C5F20101884295
:1019200020D0FFE7029844F20041C4F2010188424E
:1019300018D0FFE7029844F20041C5F20101884245
:1019400010D0FFE7029844F60001C4F2010188427A
:1019500008D0FFE7029844F60001C5F20101884271
:1019600005D1FFE70198006902990863FFE7029932
:101970000120486102980069C00730B1FFE7029971
:10198000086920F001000861FFE703B0704700001C
:1019900082B001900198406E40B9FFE701990120A3
:1019A000A1F86A000199A1F8680034E008208DF8D8
:1019B00003008DF80200019800688068C0F342605F
:1019C0008DF80100019800688068400F8DF80000D4
:1019D0009DF802009DF8002046F6A403C0F601031E
:1019E000995C00FB01F046F69C01C0F601018A5C9F
:1019F000B0FBF2F0019AA2F86A009DF803009DF88E
:101A000001209B5C00FB03F0895CB0FBF1F00199C5
:101A1000A1F86800FFE702B07047000081B00090B5
:101A2000009890F82800000700280BD5FFE70098E1
:101A30000068406820F40040009A1168926B1043DF
:101A40004860FFE7009890F82800C00758B1FFE70A
:101A500000980068406820F40030009A1168D26A4B
:101A600010434860FFE7009890F82800800700289E
:101A70000BD5FFE700980068406820F48030009A9A
:101A80001168126B10434860FFE7009890F8280037
:101A9000400700280BD5FFE700980068406820F455
:101AA0008020009A1168526B10434860FFE700984D
:101AB00090F82800C00600280BD5FFE700980068C2
:101AC000806820F48050009A1168D26B10438860BF
:101AD000FFE7009890F82800800600280BD5FFE764
:101AE00000980068806820F40050009A1168126C19
:101AF00010438860FFE7009890F82800400600280F
:101B00001CD5FFE700980068406820F48010009A18
:101B10001168526C104348600098406CB0F5801F0B
:101B20000BD1FFE700980068406820F4C000009ADD
:101B30001168926C10434860FFE7FFE7009890F847
:101B40002800000600280BD5FFE7009800684068D1
:101B500020F40020009A1168D26C10434860FFE71F
:101B600001B0704780B588B0069006990020C1F892
:101B70009000F3F7CFFE0590069800680068000714
:101B800000282FD5FFE70698059B6A466FF07E4137
:101B900011604FF40011002200F0BAFB08B3FFE718
:101BA000FFE7FFE70698006850E8000F20F080008C
:101BB0000490FFE704990698026842E800100028A4
:101BC000F0D1FFE7FFE706992020C1F88800FFE782
:101BD0000699002081F88400FFE703208DF81F009C
:101BE0005FE0FFE70698006800684007002842D5DC
:101BF000FFE70698059B6A466FF07E4111604FF43F
:101C00008001002200F084FBA0B3FFE7FFE7FFE7BD
:101C10000698006850E8000F20F490700390FFE7EA
:101C200003990698026842E800100028F0D1FFE707
:101C3000FFE7FFE7FFE70698006850E8020F20F093
:101C400001000290FFE702990698026842E802103C
:101C50000028F0D1FFE7FFE706992020C1F88C00AB
:101C6000FFE70699002081F88400FFE703208DF844
:101C70001F0016E0FFE706992020C1F888000699AA
:101C8000C1F88C0006990020C86606990867FFE72E
:101C90000699002081F88400FFE700208DF81F00DE
:101CA000FFE79DF81F0008B080BD000080B582B03E
:101CB00001900198C06D009000990020A1F85E008D
:101CC0000098FCF73BF802B080BD000080B584B0FE
:101CD00003900398C06D02900298D0F8880001909C
:101CE0000298D0F88C000090029800688068000686
:101CF00000280CD5FFE70198212808D1FFE70299B9
:101D00000020A1F85600029800F0C8F8FFE70298FA
:101D100000688068400600280CD5FFE7009822285C
:101D200008D1FFE702990020A1F85E00029800F0B8
:101D300043F8FFE70299D1F8900040F01000C1F895
:101D400090000298FBF7FAFF04B080BD80B584B024
:101D500003900398C06D02900398006D812818D0FD
:101D6000FFE702990020A1F85600FFE7FFE702987D
:101D7000006850E8000F40F040000190FFE7019933
:101D80000298026842E800100028F0D1FFE7FFE760
:101D900003E00298FCF73EFDFFE704B080BD0000C1
:101DA00080B582B001900198C06D00900098FCF75A
:101DB00035FD02B080BD000084B00390FFE7FFE76F
:101DC0000398006850E8000F20F490700290FFE73D
:101DD00002990398026842E800100028F0D1FFE75A
:101DE000FFE7FFE7FFE70398006850E8020F4FF6B0
:101DF000FE71CEF6FF7108400190FFE7019903984C
:101E0000026842E802100028EDD1FFE7FFE70398DF
:101E1000C06E012814D1FFE7FFE7FFE703980068D1
:101E200050E8000F20F010000090FFE700990398A1
:101E3000026842E800100028F0D1FFE7FFE7FFE763
:101E400003992020C1F88C0003990020C8660399EB
:101E5000486704B07047000080B582B00190FFE78A
:101E6000FFE70198006850E8000F20F04000009064
:101E7000FFE700990198026842E800100028F0D1BD
:101E8000FFE7FFE701992020C1F8880001990020B1
:101E900088670198FCF7BEFC02B080BD83B0029059
:101EA000FFE7FFE70298006850E8000F20F0C0004D
:101EB0000190FFE701990298026842E800100028AB
:101EC000F0D1FFE7FFE7FFE7FFE70298006850E87F
:101ED000020F20F400000090FFE7009902980268CA
:101EE00042E802100028F0D1FFE7FFE70299202026
:101EF000C1F8880003B0704780B58AB0099000200F
:101F00008DF813000998006842F20041C4F20041C4
:101F1000884209D0FFE70998006842F20041C5F203
:101F20000041884201D1FFE700E0FFE70999886896
:101F30000B694A69C9691843104308430890099816
:101F40000068006846F6F311CCF6FF710840089966
:101F5000084309990968086009980068406820F4F6
:101F60004050099A1168D268104348600998806906
:101F700008900998006842F20041C4F2004188428A
:101F80000FD0FFE70998006842F20041C5F2004116
:101F9000884206D0FFE70998016A0898084308902C
:101FA000FFE70998006880684FF2FF41C1F2FF1116
:101FB00008400899084309990968886009980068E9
:101FC000C06A20F00F00099A1168526A1043C86273
:101FD000FFE70998006843F60001C4F20101884256
:101FE00003D1FFE701200690A3E00998006844F2BE
:101FF0000041C4F20001884203D1FFE702200690AD
:1020000096E00998006844F60001C4F20001884295
:1020100003D1FFE70420069089E00998006844F6A0
:102020000041C4F20001884203D1FFE70820069076
:102030007CE00998006845F20001C4F20001884282
:1020400003D1FFE7102006906FE00998006846F280
:102050000041C4F20001884203D1FFE7202006902E
:1020600062E00998006847F60001C4F20001884266
:1020700003D1FFE74020069055E00998006847F635
:102080000041C4F20001884203D1FFE7802006909E
:1020900048E00998006848F20001C4F20001884253
:1020A00004D1FFE74FF4807006903AE00998006889
:1020B00046F60001C4F20001884204D1FFE74FF464
:1020C000007006902CE00998006846F60041C4F2C2
:1020D0000001884204D1FFE74FF4806006901EE0C3
:1020E0000998006848F20041C4F20001884204D116
:1020F000FFE74FF40060069010E00998006842F294
:102100000041C4F20041884204D1FFE74FF48050FF
:10211000069002E000200690FFE7FFE7FFE7FFE7F9
:10212000FFE7FFE7FFE7FFE7FFE7FFE7FFE7FFE77F
:10213000FFE7FFE70998006842F20041C4F200415E
:10214000884209D0FFE70998006842F20041C5F2D1
:10215000004188425CD1FFE706980021F4F726FA97
:1021600002900298002852D0FFE7029809994A6A23
:1021700046F6AC01C0F6010131F81210B0FBF1F0E7
:10218000039003980999496801EB4101884207D3FC
:10219000FFE7039809994968B0EB013F04D9FFE7CD
:1021A00001208DF8130031E0029809994A680092E5
:1021B0004A6A46F6AC01C0F6010131F8122000234C
:1021C00001931946EEF760F8009A019B090241EA73
:1021D0001061000210EB520041F10001EEF754F8DB
:1021E00005900598B0F5407F0BD3FFE705990020D7
:1021F000B0EB115F05D1FFE7059809990968C86040
:1022000003E001208DF81300FFE7FFE7FFE76FE031
:102210000998C069B0F5004F3CD1FFE7069800214E
:10222000F4F7C4F90290029898B3FFE70298099A6C
:102230005168536A46F6AC02C0F6010232F8132028
:10224000B0FBF2F0400000EB5100B0FBF1F0059064
:102250000598102818D3FFE7BDF81600A0B9FFE7CE
:10226000059820F00F00ADF81E00059800F00E0153
:10227000BDF81E0040EA5100ADF81E00BDF81E007A
:1022800009990968C86003E001208DF81300FFE791
:10229000FFE72CE006980021F4F788F902900298F5
:1022A00020B3FFE70298099A5168536A46F6AC02D8
:1022B000C0F6010232F81320B0FBF2F000EB51003F
:1022C000B0FBF1F00590059810280AD3FFE7BDF8A0
:1022D000160030B9FFE7BDF8140009990968C86015
:1022E00003E001208DF81300FFE7FFE7FFE7FFE7BA
:1022F00009990120A1F86A000999A1F868000999D3
:1023000000204867099988679DF813000AB080BDCE
:1023100080B586B0DDF820C0049003918DF80B20C5
:102320000193FFE704980068C06903990840401AC8
:10233000B0FA80F040099DF80B10884266D1FFE7A3
:1023400008980130002860D0FFE7F3F7E3FA01991D
:10235000401A0899884203D8FFE7089820B9FFE798
:1023600003208DF8170055E00498006800684007C6
:10237000002849D5FFE70398802845D0FFE7039858
:10238000402841D0FFE704980068C06900F00801C8
:102390000120B0EBD10F16D1FFE7049801680820A7
:1023A000009008620498FFF707FD00980499C1F8AF
:1023B0009000FFE70499002081F88400FFE70120E6
:1023C0008DF8170026E004980068C06900F40061E9
:1023D0000120B0EBD12F16D1FFE7049801684FF42C
:1023E000006008620498FFF7E7FC04992020C1F818
:1023F0009000FFE70499002081F88400FFE70320A4
:102400008DF8170006E0FFE7FFE78BE700208DF867
:102410001700FFE79DF8170006B080BD80B540F6B5
:102420007C40C2F20000FBF79DFC80BD84B08DEDC6
:10243000030A029001919DED030A029890ED001AA3
:1024400030EE410A8DED000A9DED001A029890EDE4
:10245000002A9FED160A21EE001A31EE021A80EDD5
:10246000001A019890ED001A9DED002A22EE000A54
:1024700020EE020A30EE010A9FED0D1A20EE010A4D
:1024800080ED000A019890ED000A9FED0A1AB4EE63
:10249000410AF1EE10FA07DAFFE7019941F26F20E5
:1024A000C3F683200860FFE704B07047CDCC4C3DF5
:1024B0003333733F6F12833AFFE7FEE740F69860CD
:1024C000C2F20000006840F29051C2F200010860C0
:1024D00040F27460C2F200000068486040F620706C
:1024E000C2F200000068886040F20970C2F2000089
:1024F000007808737047000040F27860C2F2000074
:10250000007C40F2A051C2F2000108707047000048
:1025100080B584B040F20060C2F20000EEF7F4FD36
:10252000CDED031A8DED021ACDED010A8DED000AF5
:1025300040F20050C2F20000C26840F22001C2F234
:1025400000010A6002694A6042698A600268CA60E2
:1025500042680A618068486140F27470C2F200000B
:1025600002688A614268CA618068086200984862AD
:10257000019888620298C8620398086304B080BD1D
:1025800080B584B040F2A860C2F20000008840F23A
:10259000A451C2F200010391088000F071FD03997B
:1025A000887040F61870C2F20000C07850B1FFE7A2
:1025B00000F042FD00F078F840F2A451C2F20001B0
:1025C000C870FFE700F0DAFC00F096F840F2A45182
:1025D000C2F200010291087140F2A860C2F200004C
:1025E0000190D0F805208A60D0F80920CA60D0F8A0
:1025F0000D200A61D0F811204A61D0F815208A61B7
:10260000D0F81920CA61D0F81D200A62D0F8212024
:102610004A62D0F82500886240F2D860C2F2000019
:102620000088888500F03EFD029981F82E0040F672
:102630001870C2F20000007958B1FFE700F00EFDFB
:1026400000F032F840F2A451C2F2000181F82F00EC
:10265000FFE700F0E1FC00F04FF840F2A451C2F2B5
:10266000000181F8300040F2D860C2F20000D0F8DA
:1026700005204A63D0F809208A63D0F80D20CA6388
:10268000D0F811200A64D0F815204A64D0F8192037
:102690008A64D0F81D20CA64D0F821200A65D0F8D9
:1026A0002500486504B080BD82B08DF806009DF815
:1026B000060001460091052815D80099DFE801F0D1
:1026C000031307130B0F02208DF807000FE0032000
:1026D0008DF807000BE004208DF8070007E00120CB
:1026E0008DF8070003E000208DF80700FFE79DF854
:1026F000070002B07047000082B0ADF80400BDF8DA
:1027000004000146009119280CD0FFE700983228F8
:102710000CD0FFE700984B280CD0FFE70098642806
:102720000CD00FE001208DF807000FE002208DF89B
:1027300007000BE003208DF8070007E004208DF868
:10274000070003E000208DF80700FFE79DF8070071
:1027500002B0704780B588B00690ADF8161040F210
:10276000C430C2F20000C06A0490069850B1FFE77E
:10277000BDF8160030B1FFE7BDF81600B0F5807F58
:102780000BD3FFE740F6C061C2F20001486D013093
:1027900048656FF0010007907CE0049838B1FFE7CE
:1027A00040F2C430C2F20000C06858B9FFE740F6FA
:1027B000C061C2F20001486D013048656FF006004B
:1027C000079067E00498FBF7BDFA20280BD0FFE7DD
:1027D00040F6C061C2F20001486D013048656FF0FB
:1027E0000300079056E00020ADF80A00FFE7BDF8AF
:1027F0000A00BDF81610884212DAFFE70698BDF805
:102800000A2050F8220040F62471C2F2000141F87B
:102810002200FFE7BDF80A000130ADF80A00E6E744
:10282000BDF816008000ADF80E00BDF80E0040F6B1
:102830002472C2F2000200211154BDF80E001044AF
:102840004170BDF80E00831880209870BDF80E000E
:1028500083187F20D870BDF80E000430ADF80C004E
:1028600040F2C430C2F20000D0F80CC0BDF80C3009
:10287000E04701900198B0F1FF3F08DCFFE740F628
:10288000C061C2F20001486D01304865FFE7019860
:102890000790FFE7079808B080BD000080B582B0C0
:1028A000002001900090FFE79DED000A03F014FD69
:1028B0008DED010A01A80121FFF74CFF9DED000AF3
:1028C0009FED041A30EE010A8DED000A6420F1F745
:1028D0002DFEE9E7CDCCCC3D80B582B002F0B4FE50
:1028E00020B1FFE74FF0FF3001900EE0A020002163
:1028F00002F0F2FE20B1FFE74FF0FF30019004E05C
:10290000002002F065FE0190FFE7019802B080BD53
:1029100080B584B0FF208DF80B0040F28830C2F201
:102920000000D0F814C0694600230B600DF10B01C4
:102930000122E04720B1FFE74FF0FF30039036E07F
:1029400040F28830C2F20000816A0120884702A864
:1029500000F030F820B1FFE74FF0FF30039026E0A1
:10296000BDF8090040BA01909DF80800EF2806D193
:10297000FFE701984AF62161884204D0FFE74FF053
:10298000FF30039013E0002002F022FE20B1FFE7A9
:102990004FF0FF3003900AE0FFF79EFF20B1FFE702
:1029A0004FF0FF30039002E000200390FFE7039810
:1029B00004B080BD80B584B002909F20ADF80600C1
:1029C000029820B9FFE74FF0FF30039016E040F285
:1029D0008830C2F20000D0F818C0029B6A4603217A
:1029E00011600DF106010222E04720B1FFE74FF030
:1029F000FF30039002E000200390FFE7039804B04B
:102A000080BD000081B0ADF80200BDF902000028D1
:102A10000ED4FFE7BDF9021001F01F020120904023
:102A20004A094EF20011CEF2000141F82200FFE700
:102A300001B070474EF60C50CEF200000068C0F3B3
:102A40000220704782B0ADF806000091BDF9060083
:102A500000280AD4FFE700980001BDF906104EF2E5
:102A60000042CEF2000288540BE000980001BDF84D
:102A7000061001F00F014EF61452CEF200028854F7
:102A8000FFE702B07047000083B00290029800F0A8
:102A9000070000904EF60C51CEF20001086801903C
:102AA00001984FF6FF02104001900198009A40EA09
:102AB00002200022C0F2FA521043019001980860EF
:102AC00003B0704782B08DED010A40F6A460C2F2F7
:102AD000000000900098407E042813D8FFE701987A
:102AE00000990A7E41F822009DED011A009890EDB0
:102AF000050A30EE010A80ED050A0099487E013092
:102B000048761AE00098017E00EB810191ED001AF1
:102B100090ED050A30EE410A80ED050A0198009912
:102B20000A7E41F822009DED011A009890ED050AF9
:102B300030EE010A80ED050AFFE70099087E0130BA
:102B400008760098007E052804D3FFE7009900204E
:102B50000876FFE7009890ED050A407E01EE100A26
:102B6000B8EE411A80EE010A02B0704780B584B019
:102B70008DF80B008DF80A1001929DF80B0048B1FA
:102B8000FFE79DF80B00012804D0FFE76FF001007C
:102B9000039037E09DF80B00012100F053FB9DF8F6
:102BA0000B009DF80A1000F031F848B1FFE79DF8DE
:102BB0000B00002100F046FB4FF0FF30039021E0B6
:102BC000F2F7A8FE0090FFE79DF80B0000F0E6F991
:102BD000012814D1FFE7F2F79DFE0099401A0199F0
:102BE000884204D3FFE70198013018B9FFE7019844
:102BF00020B9FFE76FF00200039003E0E4E7002054
:102C00000390FFE7039804B080BD000080B582B058
:102C10008DF803008DF802109DF8030028B9FFE736
:102C20004FF44470ADF800000EE09DF80300012859
:102C300005D1FFE740F21130ADF8000003E06FF07E
:102C4000010001900CE0FFE7BDF800009DF80220B4
:102C500040F24C71C2F20001EDF71CFC0190FFE75D
:102C6000019802B080BD000040F28471C2F2000100
:102C70000020086040F28871C2F20001086040F252
:102C80006E01C2F200010120087040F26F01C2F231
:102C9000000108707047000080B58AB000200890DD
:102CA00007900690EFF71EFE58B1FFE740F6C061AF
:102CB000C2F20001C86A0130C8624FF0FF300990CB
:102CC00077E001200090F2F74DFF02200190F2F72B
:102CD00049FF08200290F2F745FF20200390F2F709
:102CE00041FF0098019940F64003C4F202431A687C
:102CF00042F0FF021A6040F60003C4F202431A6871
:102D000042F080021A600022059207920891069014
:102D100006A80490F2F736FF019904980691F2F79D
:102D200031FF029904980691F2F72CFF0399049859
:102D30000691F2F727FF0598EFF7A8FD40B1FFE7EE
:102D400040F6C061C2F20001C86A0130C862FFE704
:102D50000020EFF78DFD40B1FFE740F6C061C2F201
:102D60000001C86A0130C862FFE70020EFF772FD7A
:102D700040B1FFE740F6C061C2F20001C86A01300D
:102D8000C862FFE740F64001C4F20241086840F023
:102D9000FF00086072B6F2F77FFF62B640F6C061CE
:102DA000C2F20001086B013008634FF0FF30099058
:102DB000FFE709980AB080BD80B502F06DFB08B945
:102DC000FFE734E040F29B70C2F20000007840F26E
:102DD0009C71C2F200010978884228D0FFE740F2D6
:102DE0009B70C2F20000017840F28C70C2F20000C9
:102DF000415C002002F066FB40B1FFE740F6C06195
:102E0000C2F20001486B0130486310E040F29B7150
:102E1000C2F200010878013041F21212C1F211121F
:102E2000A0FB0232C2EB0212801A0870FFE780BDDD
:102E300082B001900091019840B1FFE7009828B15D
:102E4000FFE70098007801990870FFE702B070472B
:102E500083B00190019800900F284AD80099DFE8CC
:102E600001F0080C1014181C2024282C3034383C95
:102E7000404400208DF80B003FE001208DF80B004E
:102E80003BE002208DF80B0037E003208DF80B00AB
:102E900033E004208DF80B002FE005208DF80B00A7
:102EA0002BE006208DF80B0027E007208DF80B00A3
:102EB00023E008208DF80B001FE00C208DF80B009C
:102EC0001BE010208DF80B0017E014208DF80B008C
:102ED00013E018208DF80B000FE020208DF80B0078
:102EE0000BE030208DF80B0007E040208DF80B0040
:102EF00003E000208DF80B00FFE79DF80B0003B006
:102F00007047000080B582B00090009820B9FFE7BC
:102F10006FF00100019014E040F61870C2F200005A
:102F2000407918B9FFE7052001900AE0009840F6C3
:102F3000A851C2F200013022EDF7D7F9002001902C
:102F4000FFE7019802B080BD80B582B00090009884
:102F500020B9FFE76FF0010001900BE0009840F608
:102F6000A851C2F2000130313022EDF7BEF9002045
:102F70000190FFE7019802B080BD000080B58CB0E1
:102F800040F6A850C2F2000000F13001684630223D
:102F9000EDF7ABF9BDF803000CB080BD82B08DF841
:102FA00003009DF8030040B9FFE740F6A850C2F2C5
:102FB000000090F8A200019011E09DF803000128A4
:102FC00008D1FFE740F6A850C2F2000090F8A30035
:102FD000019004E0FFE76FF001000190FFE7019826
:102FE00002B0704780B582B00090009820B9FFE72A
:102FF0006FF0010001900BE0009840F6A851C2F27A
:10300000000160313022EDF770F900200190FFE7F8
:10301000019802B080BD000080B58CB040F6A85089
:10302000C2F2000000F1600168463022EDF75DF960
:10303000BDF803000CB080BD80B58CB040F6A85040
:10304000C2F2000000F1300168463022EDF74DF980
:103050009DF8020000F00F000CB080BD80B58CB070
:1030600040F6A850C2F2000000F16001684630222C
:10307000EDF73BF99DF8020000F00F000CB080BDA9
:1030800080B58CB040F6A850C2F2000000F13001CB
:1030900068463022EDF729F99DF8020000090CB0CE
:1030A00080BD000080B58CB040F6A850C2F2000090
:1030B00000F1600168463022EDF717F99DF8020033
:1030C00000090CB080BD000080B582B040F27C00E9
:1030D000C2F20000006820B9FFE74FF0FF30019016
:1030E00007E040F27C00C2F20000016888470190CE
:1030F000FFE7019802B080BD80B582B040F27C004D
:10310000C2F20000406820B9FFE74FF0FF300190A5
:1031100007E040F27C00C2F200004168884701905D
:10312000FFE7019802B080BD83B08DF807009DF8DD
:10313000070001460091402800F254800099DFE822
:1031400001F02124272A2D303336395151513C5179
:1031500051513F515151425151514551515151518C
:103160005151485151515151515151515151515158
:1031700051514B5151515151515151515151515145
:1031800051514E000020029030E0012002902DE0CD
:10319000022002902AE00320029027E004200290FF
:1031A00024E00520029021E0062002901EE0072086
:1031B00002901BE00820029018E00920029015E020
:1031C0000A20029012E00B2002900FE00C200290E7
:1031D0000CE00D20029009E00E20029006E00F2086
:1031E000029003E04FF0FF300290FFE7029803B037
:1031F0007047000080B5FDF77BF980BD80B584B0D5
:10320000ADF80A0001918DF8032040F27C00C2F273
:103210000000C06820B9FFE74FF0FF3003900DE0D9
:1032200040F27C00C2F20000D0F80CC0BDF80A10D9
:10323000019A9DF80330E0470390FFE7039804B03C
:1032400080BD000081B08DF803008DF802109DF85C
:10325000030048B9FFE79DF8020040F6A851C2F20A
:10326000000181F8A200FFE79DF80300012809D1C1
:10327000FFE79DF8020040F6A851C2F2000181F874
:10328000A300FFE701B0704780B586B004900391BA
:10329000049827210DF10902012300F0BFFC0190E1
:1032A000019848B9FFE7049824210DF10A0201238F
:1032B00000F0B4FC0190FFE7019848B9FFE70498DB
:1032C00026210DF10B02012300F0A8FC0190FFE77D
:1032D000019818B1FFE70198059055E09DF80900A5
:1032E00000F001020399087800F0FE001044087015
:1032F0009DF809200399087802F0020200F0FD0011
:10330000104408709DF80A0000F001020399087843
:1033100000F0FB0040EA820008709DF80A20039943
:10332000087802F0020200F0F70040EA820008701C
:103330009DF80A200399087802F0040200F0EF00DB
:1033400040EA820008709DF80B200399087802F08B
:10335000200200F0DF00104408709DF80B20039954
:10336000087802F0400200F0BF00104408709DF899
:103370000B200399087802F0800200F07F001044CF
:10338000087001980590FFE7059806B080BD000021
:1033900080B584B00390029103980E210DF10602CE
:1033A000012300F03BFC0090009868BBFFE7029807
:1033B000007800F002019DF8060000F0BF0040EA2E
:1033C00041108DF80600029801789DF8060001F082
:1033D000040100F07F0040EA41108DF806000298D9
:1033E000007800F001019DF8060000F0DF0040EADF
:1033F00041108DF8060003980E210DF106020123FD
:1034000000F0BCFC0090FFE7009848B9FFE7039884
:1034100019210DF10702012300F000FC0090FFE7E5
:10342000009800BBFFE70298407800F001019DF88A
:10343000070000F0DF0040EA41108DF80700029815
:10344000807800F003019DF8070000F0FC000844BC
:103450008DF80700039819210DF10702012300F0F0
:103460008DFC0090FFE7009804B080BD80B586B069
:1034700004900391049828210DF10702052300F020
:10348000CDFB0090009818B1FFE70098059032E05E
:103490009DF809000399486003994A689DF808005F
:1034A00040EA0220486003994A689DF8070040EA14
:1034B0000220486003994868000248600398406809
:1034C00000F02EF8039880ED000A9DF80B00039998
:1034D000888103998A899DF80A0040EA0220888140
:1034E0000398B0F90C0000F009F8039880ED020A87
:1034F00000980590FFE7059806B080BD81B0ADF853
:103500000200BDF9020000EE100AB8EEC00A9FEDFD
:10351000031A80EE010A01B0704700BF0000C842E4
:1035200081B000909DED000AB8EEC00A9FED021A2E
:1035300020EE010A01B070470000803580B584B0EC
:103540000390029103980F210DF10702012300F06F
:1035500065FB00909DF8070002990870009804B080
:1035600080BD000080B588B007908DF81B1000204A
:103570008DF81400079811210DF11502022300F0B7
:103580004DFB04900498002840F0D080FFE70DF137
:103590001A000DF115010291FFF74AFC0298411C37
:1035A0000DF11900FFF744FC9DF81B000146039143
:1035B000002800F08A80FFE70398012804D0FFE785
:1035C0000398022842D0A1E09DF81A0040F0800044
:1035D0008DF81A00079811210DF11A02012300F04D
:1035E000CDFB0490049808B1FFE79EE0FFE7079841
:1035F000242106AA012300F011FB0490049808B1CD
:10360000FFE719E09DF818100020B0EBD11F01D1A1
:10361000FFE711E00798806A28B1FFE70798816A01
:103620000A208847FFE7FFE79DF81400411C8DF84A
:1036300014100528DBD3FFE79DF81400052804D3F8
:10364000FFE74FF0FF300490FFE76EE09DF81A00AF
:1036500040F004008DF81A00079811210DF11A02AC
:10366000012300F08BFB0490049808B1FFE75CE0B5
:10367000FFE707980DF1170100F0F0FA04900498A5
:1036800008B1FFE717E09DF81700C00708B9FFE78A
:1036900011E00798806A28B1FFE70798816A012046
:1036A0008847FFE7FFE79DF81400411C8DF81410D0
:1036B0000528DED3FFE79DF81400052804D3FFE7B3
:1036C0004FF0FF300490FFE72FE09DF81A0040F024
:1036D00008008DF81A009DF8190040F001008DF8DF
:1036E00019000DF1150001900DF11A01FFF7A0FB73
:1036F000019801300DF11901FFF79AFB019A079823
:103700001121022300F03AFB04900EE09DF81A000C
:1037100040F004008DF81A00079811210DF11A02EB
:10372000012300F02BFB0490FFE7FFE7049808B0AB
:1037300080BD000080B588B00690059106981221E2
:103740000DF10F02022300F069FA029006980B2196
:103750000DF11302012300F061FA014602980844BA
:103760000290029818B1FFE70298079030E00DF13F
:1037700012000DF10F010191FFF75AFB0198411C56
:103780000DF11100FFF754FB9DF8123005990878F0
:10379000022202EA930200F0FD00104408709DF836
:1037A000113005990878012222EA931200F0FB00FB
:1037B00040EA820008709DF81300C0F3800205996A
:1037C000087800F0FE001044087002980790FFE7A8
:1037D000079808B080BD000080B58AB009900891B4
:1037E000099812210DF11B02022300F017FA05902F
:1037F0000598D0BBFFE70DF11E0001900DF11B01F4
:103800000491FFF715FB0498411C02910DF11D0076
:103810000390FFF70DFB01990498089A13789DF81F
:103820001E2003F0020302F0F70242EA83028DF841
:103830001E20089A92F800C09DF81D20012323EA5B
:103840009C0302F0BF0242EA83128DF81D20FFF7AD
:10385000EFFA02980399FFF7EBFA049A09981221FC
:10386000022300F08BFA0590FFE709980B210DF178
:103870001F02012300F0D2F9014605980844059083
:103880000598A8B9FFE70898007800F001019DF8B5
:103890001F0000F0FB0040EA81008DF81F0009982E
:1038A0000B210DF11F02012300F068FA0590FFE7DC
:1038B00005980AB080BD000080B588B007900691D9
:1038C0000798102105AA022300F0A8F90490049893
:1038D000002848D1FFE70DF11700009005A90391DA
:1038E000FFF7A6FA0398411C01910DF11600029012
:1038F000FFF79EFA00990398069A13789DF817200F
:1039000003F00F0302F0870242EAC3028DF817208A
:10391000069A53789DF8172003F0070302F0F80287
:103920001A448DF81720069A927802F001039DF848
:10393000162002F0EF0242EA03128DF816209DF8DD
:10394000162002F0DF028DF81620FFF771FA0198B9
:103950000299FFF76DFA039A07981021022300F0ED
:103960000DFA0490FFE7049808B080BD80B586B0DA
:103970000490039104980E210DF10A02012300F036
:103980004DF90190019848B9FFE7049812210DF113
:103990000B02012300F042F90190FFE7019818B1F2
:1039A000FFE70198059039E09DF80A3003990878FF
:1039B000082202EA530200F0F700104408709DF854
:1039C0000A3003990878012222EA530300F0EF003D
:1039D00040EA031008709DF80A300399087822EA3B
:1039E000930300F0FD0040EA430008709DF80AC010
:1039F00003990878042303EA5C0300F0FB001844F1
:103A000008709DF80B300399087822EA530200F001
:103A1000FE001044087001980590FFE7059806B075
:103A200080BD000080B584B00390029103980E2100
:103A30000DF10602012300F0F1F800900098C8BBD8
:103A4000FFE7029801789DF80600012323EA51015F
:103A500000F0FB0040EA81008DF806000298017832
:103A60009DF8060001F0040100F0F70040EA410073
:103A70008DF80600029801789DF8060001F0080113
:103A800000F0EF0040EA41008DF80600029801784E
:103A90009DF8060023EA111100F0FD0040EA410004
:103AA0008DF8060003980E210DF1060200F066F96C
:103AB0000090FFE7009848B9FFE7039812210DF145
:103AC0000702012300F0AAF80090FFE70098A8B9C8
:103AD000FFE7029801789DF80700012323EA01011E
:103AE00000F0FD0040EA41008DF807000398122124
:103AF0000DF1070200F042F90090FFE7009804B0D2
:103B000080BD000080B586B0049003910498132115
:103B10000DF10B02012300F081F80190019818B11A
:103B2000FFE7019805902CE09DF80B00C0F34012D0
:103B30000399087800F0FE00104408709DF80B20EF
:103B40000399087802F0020200F0FD0010440870AA
:103B50009DF80B0000F001020399087800F0FB00CB
:103B600040EA820008709DF80B200399087802F063
:103B7000040200F0F70040EA420008700198059046
:103B8000FFE7059806B080BD80B584B00390029130
:103B9000039813210DF10702012300F03FF8009074
:103BA0000098B8BBFFE70298007800F001019DF88B
:103BB000070000F0DF0040EA41108DF8070002988E
:103BC00001789DF8070001F0020100F0FD000844B3
:103BD0008DF8070002980078C0F380019DF8070077
:103BE00000F0FE0008448DF80700029802789DF866
:103BF0000700042101EA520100F0FB0008448DF89F
:103C00000700039813210DF10702012300F0B6F815
:103C10000090FFE7009804B080BD000080B586B03A
:103C200004908DF80F100292ADF80630049820B978
:103C3000FFE74FF0FF3005900CE00498D0F810C07B
:103C40009DF80F10029ABDF80630E04700900098EA
:103C50000590FFE7059806B080BD000080B586B0EE
:103C600004900391049811210DF109020123FFF73B
:103C7000D5FF0190019848B9FFE7049824210DF180
:103C80000A020123FFF7CAFF0190FFE7019840B93C
:103C9000FFE70498272102AA0123FFF7BFFF019045
:103CA000FFE7019848B9FFE704980B210DF10B02DB
:103CB0000123FFF7B3FF0190FFE7019818B1FFE779
:103CC0000198059057E09DF80900C0F38002039920
:103CD000087800F0FE00104408709DF80A3003993F
:103CE0000878022202EA931200F0FD0010440870E6
:103CF0009DF8080000F001020399087800F0FB002D
:103D000040EA820008709DF808200399087802F0C4
:103D1000020200F0F70040EA820008709DF80820D7
:103D20000399087802F0100200F0EF0010440870C8
:103D30009DF808200399087802F0200200F0DF00C7
:103D4000104408709DF809300399087801229A43BD
:103D500000F0BF0040EA821008709DF80B006FEA87
:103D600050120399087800F07F0040EAC2100870F2
:103D700001980590FFE7059806B080BD80B586B034
:103D800004908DF80F100292ADF80630049820B917
:103D9000FFE74FF0FF3005900CE00498D0F80CC01E
:103DA0009DF80F10029ABDF80630E0470090009889
:103DB0000590FFE7059806B080BD000040F26C71E9
:103DC000C2F200010020086040F27071C2F20001EE
:103DD000088040F69861C2F20001086040F6207148
:103DE000C2F20001086040F27461C2F20001086092
:103DF00040F20971C2F20001087041F22831C2F2AA
:103E00000001087040F28271C2F20001087040F6B1
:103E1000A451C2F20001088040F69C61C2F2000188
:103E2000086040F23C42C2F2000245F20001C4F2D6
:103E30007D41116040F6A651C2F20001087040F2C7
:103E40004471C2F20001086040F21171C2F2000137
:103E5000087040F21071C2F20001087040F20C715B
:103E6000C2F20001086040F6A461C2F2000188615C
:103E700048610861C8608860486008607047000059
:103E800080B586B005900491059828210DF10A02AD
:103E9000062300F0AFFA01909DF80B00049908800A
:103EA00004990A889DF80A0040EA022008809DF8DB
:103EB0000D000499488004994A889DF80C0040EA56
:103EC000022048809DF80F000499888004998A8810
:103ED0009DF80E0040EA02208880019806B080BD5F
:103EE00080B586B005900491059822210DF10A0253
:103EF000062300F07FFA01909DF80B0004990880DA
:103F000004990A889DF80A0040EA022008809DF87A
:103F10000D000499488004994A889DF80C0040EAF5
:103F2000022048809DF80F000499888004998A88AF
:103F30009DF80E0040EA02208880019806B080BDFE
:103F400080B584B003908DF80B10039812210DF109
:103F50000A02012300F04EFA01900198A8B9FFE788
:103F60009DF80B109DF80A0001F0010100F0BF0060
:103F700040EA81108DF80A00039812210DF10A021F
:103F8000012300F00BFB0190FFE7019804B080BD16
:103F900080B584B0039002910398029A0F21012307
:103FA00000F028FA0190019804B080BD81B0ADF80E
:103FB0000200BDF9020000EE100AB8EEC00A9FED43
:103FC000051A20EE010AB3EE091A30EE010A01B01B
:103FD000704700BF0000803B80B586B0059004911B
:103FE0000598022100F0E0F90290029848B9FFE735
:103FF00005985F210DF10F02012300F0FBF90290FB
:10400000FFE7029838BBFFE79DF80F00C0F3C1003F
:1040100001460191032814D80199DFE801F0020656
:104020000A0E0499002008700FE00499012008701E
:104030000BE004990220087007E00499032008703F
:1040400003E0049900200870FFE70598002100F0C4
:10405000ABF90290FFE7029806B080BD80B584B04E
:10406000039002910398022100F09EF901900198BB
:1040700040B9FFE70398029A4621022300F0BAF9FB
:104080000190FFE7019830B9FFE70398002100F0A5
:104090008BF90190FFE7019804B080BD80B586B030
:1040A00005908DF813109DF813008DF812000598F7
:1040B00004A9FFF7D3FF02900298002840F0C580C2
:1040C000FFE79DF810209DF81110019142EA52007F
:1040D00040EA920040EAD20040EA121040EA521050
:1040E00040EA921000F0010040EAD21001F0010213
:1040F0001043C1F340021043C1F380021043C1F3E7
:10410000C0021043C1F300121043C1F34012104328
:10411000C1F38012104340EAD110C0B2012840F030
:104120009380FFE705980DF10F01FFF755FF02900F
:104130000298002840F08780FFE79DF80F000146B5
:104140000091032800F279800099DFE801F0021065
:10415000284A9DF8130020B9FFE701208DF81200CE
:1041600004E09DF813008DF81200FFE76AE09DF867
:10417000130020B9FFE702208DF812000EE09DF831
:104180001300012804D1FFE702208DF8120004E09B
:104190009DF813008DF81200FFE7FFE752E09DF84D
:1041A000130020B9FFE703208DF8120018E09DF8F6
:1041B0001300012804D1FFE703208DF812000EE060
:1041C0009DF81300022804D1FFE703208DF81200A8
:1041D00004E09DF813008DF81200FFE7FFE7FFE70A
:1041E00030E09DF8130020B9FFE704208DF812009D
:1041F00022E09DF81300012804D1FFE704208DF888
:10420000120018E09DF81300022804D1FFE70420F3
:104210008DF812000EE09DF81300032804D1FFE78B
:1042200004208DF8120004E09DF813008DF81200B0
:10423000FFE7FFE7FFE7FFE704E09DF813008DF8D5
:104240001200FFE7FFE7FFE7FFE7029848B9FFE743
:10425000059811210DF10E02012300F0CBF8029018
:10426000FFE7029898B9FFE79DF812109DF80E003D
:1042700000F00F0040EA01108DF80E0005981121A2
:104280000DF10E02012300F089F90290FFE7029878
:1042900006B080BD80B584B00390029103981E21C2
:1042A0000DF10702012300F0A5F800909DF807002A
:1042B000C0F3400002990870009804B080BD00006F
:1042C00080B584B003908DF80B10039811210DF187
:1042D0000A02012300F08EF801900198A8B9FFE7C7
:1042E0009DF80B109DF80A0001F0070100F0F100A5
:1042F00040EA41008DF80A00039811210DF10A02ED
:10430000012300F04BF90190FFE7019804B080BD54
:1043100080B584B003908DF80B10039818210DF12F
:104320000902012300F066F801900198A8B9FFE79F
:104330009DF80B209DF80900022101EA921100F07E
:10434000FD0008448DF80900039818210DF10902B9
:10435000012300F023F90190FFE7019848B9FFE736
:10436000039862210DF10A02012300F043F8019045
:10437000FFE70198A8B9FFE79DF80B0000F00301E3
:104380009DF80A0000F0E70040EAC1008DF80A003D
:10439000039862210DF10A02012300F0FFF8019059
:1043A000FFE7019804B080BD80B584B003908DF81C
:1043B0000B1003980DF10A020123194600F01AF8B8
:1043C0000190019898B9FFE79DF80B109DF80A003D
:1043D00000F03F0040EA81108DF80A0003980DF1CB
:1043E0000A020123194600F0D9F80190FFE701986D
:1043F00004B080BD80B586B005908DF8131003928F
:10440000ADF80A300598D0F810C09DF81310039A43
:10441000BDF80A30E0470190019806B080BD000069
:1044200080B584B003900291039812210DF1070228
:104430000123FFF7DFFF00909DF8070000F0010067
:1044400002990870009804B080BD000080B584B067
:1044500003908DF80B10039812210DF10A0201232D
:10446000FFF7C8FF01900198A0B9FFE79DF80B1076
:104470009DF80A0001F0010100F0FE0008448DF8EB
:104480000A00039812210DF10A02012300F086F8B8
:104490000190FFE7019804B080BD000080B584B0B2
:1044A0000390029103981E210DF107020123FFF7EB
:1044B000A1FF00909DF80700C0F3800002990870EA
:1044C000009804B080BD000080B584B003900291D4
:1044D000039820210DF106020223FFF78BFF0090C5
:1044E0009DF807000299088002990A889DF8060045
:1044F00040EA02200880009804B080BD80B584B0F6
:10450000039002910398402101AA0423FFF772FF50
:1045100000909DF807000299086002990A689DF8CA
:10452000060040EA0220086002990A689DF805002A
:1045300040EA0220086002990A689DF8040040EAF7
:1045400002200860009804B080BD000080B584B0EF
:1045500003908DF80B10039819210DF10A02012325
:10456000FFF748FF01900198A8B9FFE79DF80B10ED
:104570009DF80A0001F0010100F0DF0040EA41105F
:104580008DF80A00039819210DF10A02012300F0A9
:1045900005F80190FFE7019804B080BD80B586B0B2
:1045A00005908DF813100392ADF80A300598D0F8F5
:1045B0000CC09DF81310039ABDF80A30E047019033
:1045C000019806B080BD000080B586B005908DF8DA
:1045D00013109DF813008DF81200059804A9FFF739
:1045E0003DFD02900298002840F0C580FFE79DF84D
:1045F00010209DF81110019142EA520040EA920009
:1046000040EAD20040EA121040EA521040EA92100A
:1046100000F0010040EAD21001F001021043C1F3A2
:1046200040021043C1F380021043C1F3C0021043A3
:10463000C1F300121043C1F340121043C1F38012C2
:10464000104340EAD110C0B2012840F09380FFE748
:1046500005980DF10F01FFF7BFFC029002980028AA
:1046600040F08780FFE79DF80F0001460091032886
:1046700000F279800099DFE801F00210284A9DF8E5
:10468000130020B9FFE701208DF8120004E09DF827
:1046900013008DF81200FFE76AE09DF8130020B9BF
:1046A000FFE702208DF812000EE09DF813000128AC
:1046B00004D1FFE702208DF8120004E09DF81300FA
:1046C0008DF81200FFE7FFE752E09DF8130020B9D4
:1046D000FFE703208DF8120018E09DF81300012871
:1046E00004D1FFE703208DF812000EE09DF81300BF
:1046F000022804D1FFE703208DF8120004E09DF8A2
:1047000013008DF81200FFE7FFE7FFE730E09DF8A8
:10471000130020B9FFE704208DF8120022E09DF875
:104720001300012804D1FFE704208DF8120018E0DF
:104730009DF81300022804D1FFE704208DF8120031
:104740000EE09DF81300032804D1FFE704208DF844
:10475000120004E09DF813008DF81200FFE7FFE758
:10476000FFE7FFE704E09DF813008DF81200FFE774
:10477000FFE7FFE7FFE7029848B9FFE70598102138
:104780000DF10E020123FFF735FE0290FFE70298BC
:1047900098B9FFE79DF812109DF80E0000F00F0089
:1047A00040EA01108DF80E00059810210DF10E025F
:1047B0000123FFF7F3FE0290FFE7029806B080BDE9
:1047C00080B584B003908DF80B10039810210DF183
:1047D0000A020123FFF70EFE01900198A8B9FFE736
:1047E0009DF80B109DF80A0001F0010100F0FD009A
:1047F00040EA41008DF80A00039810210DF10A02E9
:104800000123FFF7CBFE0190FFE7019804B080BDC4
:1048100080B584B00390029103981E210DF1070228
:104820000123FFF7E7FD00909DF8070000F001006D
:1048300002990870009804B080BD000080B584B073
:1048400003908DF80B10039810210DF10A0201233B
:10485000FFF7D0FD01900198A8B9FFE79DF80B1074
:104860009DF80A0001F0030100F0F30040EA810026
:104870008DF80A00039810210DF10A020123FFF7B9
:104880008DFE0190FFE7019804B080BD80B584B033
:1048900003908DF80B10039817210DF10A020123E4
:1048A000FFF7A8FD0190019858BBFFE79DF80B00AA
:1048B00000F010019DF80A0000F0FB0040EA9100B2
:1048C0008DF80A009DF80B0000F020019DF80A0009
:1048D00000F0EF0040EA51008DF80A009DF80B103F
:1048E0009DF80A0000F01F0040EA41108DF80A0010
:1048F000039817210DF10A020123FFF74FFE0190E3
:10490000FFE7019804B080BD80B582B0002001901F
:10491000F1F73EF8FCF788FDFBF7BCFDFBF788FAE2
:10492000FBF76AFAFBF71AFCFBF7F0F9FBF7DEFB83
:10493000FBF792FBFBF704FAFBF780FCFBF7ACFC00
:10494000FBF7F2FCFBF79AFBFBF742F9FBF72AFABD
:10495000FBF73CFCFBF78AF9FCF724FC40B1FFE7CE
:1049600040F6C061C2F2000108680130086002E050
:10497000FDF794FFFFE7FFE7FEE7000080B582B098
:1049800001900198EFF7D2FD02B080BD80B582B0F2
:104990000090009820B9FFE76FF00100019019E046
:1049A000009801210022EFF7E3FD20B1FFE76FF04F
:1049B000050001900EE000984FF400210022EFF76F
:1049C000D7FD20B1FFE76FF00500019002E0002065
:1049D0000190FFE7019802B080BD0000B0B58EB035
:1049E0000C900C980B900B9820B9FFE76FF001002A
:1049F0000D9044E10B98406B0A900B98806B0990E6
:104A0000FFE70B98C06A4021F0F72CF8002800F06F
:104A10003381FFE70A984021EBF780FC0B98D0F830
:104A20001CC00A9A02F1440102F14003E04720B1A0
:104A3000FFE76FF005000D9021E10A98406C0790A8
:104A4000002845D0FFE70798012800F09180FFE794
:104A50000798022800F0DE80FFE70798032800F09F
:104A6000F180FFE7079840F20331884240F002816D
:104A7000FFE709983021EBF751FC099905910A9C51
:104A8000069420686268A368D4F80CC0D4F810E0DB
:104A900065694D61C1F810E0C1F80CC08B604A60D7
:104AA0000860A069E269236AD4F824C0D4F828E039
:104AB000E46ACC62C1F828E0C1F824C00B62CA6184
:104AC000886140F61871C2F2000101204871D2E0FD
:104AD0000A98B0F84000302849D1FFE7F0F71AFFF4
:104AE00008900998D0F8900040B1FFE7089809991C
:104AF000D1F89020801AC1F8980004E009990020AC
:104B0000C1F89800FFE708980999C1F89000099842
:104B100030303021EBF702FC099903910A9C049490
:104B200020686268A368D4F80CC0D4F810E0656906
:104B30004D64C1F840E0C1F83CC08B634A63086330
:104B4000A069E269236AD4F824C0D4F828E0E46AB2
:104B5000CC65C1F858E0C1F854C00B65CA648864DC
:104B600040F61871C2F200010120C870FFE782E030
:104B70000A98B0F8400030284BD1FFE7F0F7CAFEA2
:104B800008900998D0F8940040B1FFE70898099977
:104B9000D1F89420801AC1F89C0004E00999002003
:104BA000C1F89C00FFE708980999C1F8940009989A
:104BB00060303021EBF7B2FB099901910A9C029415
:104BC00020686268A368D4F80CC0D4F810E0656966
:104BD0004D67C1F870E0C1F86CC08B664A66086624
:104BE000A069E269236AD4F824C0D4F828E0E46A12
:104BF000C1F88C40C1F888E0C1F884C0C1F88030A9
:104C0000CA67886740F61871C2F200010120087176
:104C1000FFE730E00A98B0F8400050B1FFE70A988B
:104C20000078099981F8A0000999002081F8A20074
:104C300007E00999002081F8A000099981F8A200F5
:104C4000FFE718E00A98B0F8400050B1FFE70A9873
:104C50000078099981F8A1000999002081F8A30042
:104C600007E00999002081F8A100099981F8A300C3
:104C7000FFE700E0FFE7C4E600200D90FFE70D9896
:104C80000EB0B0BD80B582B00090009820B9FFE7AB
:104C90006FF00100019018E0009801221146EFF733
:104CA0004BFE20B1FFE76FF0050001900DE000988A
:104CB00040210222EFF740FE20B1FFE76FF0050030
:104CC000019002E000200190FFE7019802B080BD52
:104CD00080B58AB00890089807900020069005904B
:104CE0000490039002900190079820B9FFE76FF0BD
:104CF0000100099076E00798406B4821EBF70EFB26
:104D00000798806BA421EBF709FB0020019002902B
:104D1000022003900120049040F20330059040F6F9
:104D2000FF7006900798C06A01A9EFF775FD20B1E2
:104D3000FFE76FF00500099054E001200290002089
:104D400005904FF4706006900798C06A01A9EFF7CC
:104D500063FD20B1FFE76FF00500099042E00220FB
:104D600002904FF4806005904FF4706006900798B1
:104D7000C06A01A9EFF750FD20B1FFE76FF0050011
:104D800009902FE00798C06A694601230B60022250
:104D90001146EFF79DFD20B1FFE76FF00500099088
:104DA00020E00798C06AFFF76DFF20B1FFE76FF0C2
:104DB0000500099016E00798C06AF0F70BFB20B1D8
:104DC000FFE76FF0050009900CE00798C06AFFF755
:104DD000DDFD20B1FFE76FF00500099002E0002043
:104DE0000990FFE709980AB080BD000080B592B035
:104DF00010900F910E920D9303A82821EBF78EFAD5
:104E0000109802900E980190029848B1FFE70F9811
:104E100030B1FFE70E9818B1FFE70D9820B9FFE712
:104E20006FF0010011901CE0019840210091EBF718
:104E300075FA00990298C06A019B03AAEFF72CFE4D
:104E400020B1FFE76FF0050011900AE00698FDF72A
:104E5000FFFF0D99088003980F99086000201190BA
:104E6000FFE7119812B080BD80B592B010900F91FD
:104E70000E92ADF8363004A82421EBF74FFA1098C3
:104E800003900E980290039890B1FFE70E9820B916
:104E9000FFE7BDF8360058B9FFE70F990020B0EBE7
:104EA000D12F05D1FFE7BDF83600412804D3FFE735
:104EB0006FF0010011902BE09DF83600FEF734F9F9
:104EC00001900198013020B9FFE76FF001001190C7
:104ED0001EE00F980490002005900690019907911C
:104EE00008904FF4801109914FF400110A910B9032
:104EF0000C900398C06A029A04A9EFF73FFC20B116
:104F0000FFE76FF00500119002E000201190FFE72D
:104F1000119812B080BD000080B584B00390039852
:104F200002900298406B01900198426A694690474E
:104F30009DF8000004B080BD80B586B00490039158
:104F4000049802900298C06A0190019818B1FFE796
:104F5000039820B9FFE76FF00100059009E0019880
:104F60000299098EF0F7A8FC0399086000200590CB
:104F7000FFE7059806B080BD80B58AB0099008911A
:104F80000792ADF81A3008988DF819000798059027
:104F90009DF8190040F080008DF8190009980490E0
:104FA0000498406B03900398026A00210291904795
:104FB0000498C06A0DF11901012201924FF47A732D
:104FC0000093F7F7B9FA009B0498C06A0599BDF8F9
:104FD0001A20F6F7D9FF01990398026A90470298C0
:104FE0000AB080BD80B58AB084460C98CDF824C044
:104FF0000891ADF81E200693ADF81600002104912B
:10500000099803900398406B02900298026A9047B7
:10501000BDF81E0078B1FFE70398C06A0899BDF893
:105020001E204FF47A73F7F787FA20B1FFE76FF08D
:1050300005000490FFE7049878BBFFE7BDF8160071
:1050400058B3FFE7FF208DF807000020ADF80400FB
:10505000FFE7BDF80400BDF8161088421CDAFFE730
:105060000398C06A0699BDF804200A446B464FF4C1
:105070007A7119600DF107010123F7F7BDFC20B12A
:10508000FFE76FF00500049006E0FFE7BDF80400BD
:105090000130ADF80400DCE7FFE70298026A012165
:1050A000904704980AB080BD80B586B00490039103
:1050B000049802900298C06A0190019820B9FFE715
:1050C0006FF0010005900FE00398002818BF012041
:1050D0008DF8030001980299098E9DF80320F0F7DE
:1050E00003FC00200590FFE7059806B080BD000096
:1050F00080B58AB0099008910792ADF81A300898E7
:105100008DF8190007980590099804900498406B51
:1051100003900398026A0021029190470498C06AA4
:105120000DF11901012201924FF47A730093F7F700
:1051300003FA009B0498C06A0599BDF81A20F7F796
:10514000FBF901990398026A904702980AB080BD62
:1051500080B588B0069005910492ADF80E3006989F
:10516000029004980190029838B1FFE7049820B1AA
:10517000FFE7BDF80E0020B9FFE76FF001000790D0
:1051800011E00298C06A0199BDF80E204FF0FF337C
:10519000F9F7C4F920B1FFE76FF00500079002E0CE
:1051A00000200790FFE7079808B080BD80B588B061
:1051B00084460A98CDF81CC00691ADF816200493D9
:1051C000ADF80E0000210291079801900198406B04
:1051D00000900098026A9047BDF8160078B1FFE78A
:1051E0000198C06A0699BDF816204FF47A73F7F754
:1051F000A3F920B1FFE76FF005000290FFE70298E6
:1052000098B9FFE7BDF80E0078B1FFE70198C06AD2
:105210000499BDF80E204FF47A73F7F78DF920B199
:10522000FFE76FF005000290FFE70098026A012196
:105230009047029808B080BD80B588B0069005916F
:105240000492ADF80E3006980290049801900298EE
:1052500068B1FFE7049850B1FFE7BDF80E0030B128
:10526000FFE7BDF80E00B0F5806F04D9FFE76FF0DF
:10527000010007900FE00298C06A0199BDF80E2066
:10528000F9F7F6F920B1FFE76FF00500079002E0AB
:1052900000200790FFE7079808B080BD83B0019019
:1052A000019820B9FFE700208DF80B005BE040F685
:1052B000A060C2F20000006868B9FFE7019840F6FC
:1052C000A061C2F20001086001990020486201203B
:1052D0008DF80B0047E0019890F8200040F6A0619F
:1052E000C2F20001096891F8201088420DDAFFE748
:1052F00040F6A061C2F200010868019A506201986C
:10530000086001208DF80B002DE040F6A060C2F28D
:10531000000000680090FFE70098406AC8B1FFE70E
:10532000019890F820000099496A91F8201088426D
:105330000BDAFFE70098406A0199486201980099EA
:10534000486201208DF80B000DE00098406A009043
:10535000E2E7019800994862019900204862012023
:105360008DF80B00FFE79DF80B0003B070470000BD
:1053700082B000208DF80300FFE79DF8030013289A
:1053800021D8FFE79DF8030000EB400141F23030E7
:10539000C2F2000000EB011090F8210060B9FFE7B5
:1053A0009DF8030000EB400141F23030C2F20000F2
:1053B00000EB0110019009E0FFE79DF803000130C8
:1053C0008DF80300D9E700200190FFE7019802B0B3
:1053D0007047000010B584B08C4686460798069941
:1053E000CDF80CE0CDF808C00192ADF802308DF890
:1053F00001108DF80000029803990860BDF80200C2
:10540000039988829DF80100039981F82000EDF747
:105410000DFC0146039A0020D061916103998862D6
:105420009DF80000039981F82100019870B1FFE711
:105430000198007850B1FFE70398043001990F22DA
:10544000EAF777FF03990020C87408E00398043056
:1054500046F60711C0F60101EAF777FFFFE7039967
:105460000020486204B010BD82B0ADF80600ADF86F
:105470000410ADF80220BDF806008005BDF8041048
:105480006FF39F2140EA0130BDF802106FF31F3126
:10549000084402B07047000080B582B040F200407E
:1054A000C2F20000FFF738FD20B1FFE700208DF8C1
:1054B000070003E001208DF80700FFE79DF80700D3
:1054C00002B080BD80B584B08DF80B008DF80A1055
:1054D0009DF80A0020B9FFE76FF00100039021E07A
:1054E00040F29D70C2F2000001907E210170052102
:1054F0004170412181709DF80B10C1709DF80A1018
:105500000171417890F802C0C378027981EA0C01F8
:10551000594051404171EF218171072100F006F897
:105520000390FFE7039804B080BD000080B584B00D
:105530000290ADF8061040F20040C2F20000C068D0
:1055400018B1FFE7029820B9FFE76FF00100039060
:105550000CE040F20040C2F20000D0F80CC0029A09
:10556000BDF806300021E0470390FFE7039804B040
:1055700080BD000080B586B08DF8130003910F2028
:105580008DF80A009DF813008DF80B00039820B9E0
:10559000FFE74FF0FF30059016E040F28830C2F28E
:1055A0000000D0F818C0039B6A46012111600DF17C
:1055B0000A010222E04720B1FFE74FF0FF300590DB
:1055C00002E000200590FFE7059806B080BD0000CE
:1055D00080B584B0029000208DF807000090FFE7AE
:1055E0000098C0087C2827D8FFE7C0200DF10701EC
:1055F000FFF7C0FF20B1FFE74FF0FF3003901FE03F
:105600009DF80700C00758B9FFE7029828B1FFE7E7
:105610009DF8070002990870FFE7002003900FE053
:1056200040F28830C2F20000816A01208847FFE71B
:10563000009801300090D3E74FF0FF300390FFE770
:10564000039804B080BD000080B584B006208DF8BA
:105650000B0000238DF80A3040F28830C2F20000BF
:10566000D0F814C069460B600DF10B010122E04730
:1056700020B1FFE74FF0FF3003902AE000208DF8C3
:105680000900FFE79DF8090002281ED8FFE740F255
:105690008830C2F20000816A01208847C0200DF1E5
:1056A0000A01FFF767FF48B9FFE79DF80A00800786
:1056B000002803D5FFE7002003900AE0FFE79DF8EC
:1056C000090001308DF80900DCE74FF0FF3003904E
:1056D000FFE7039804B080BD80B584B08DF80B005F
:1056E0008DF80A101F208DF808009DF80B008DF82A
:1056F000090040F28830C2F20000D0F814C06A46B7
:105700000121116002A902220DF10A03E04720B134
:10571000FFE74FF0FF30039002E000200390FFE727
:10572000039804B080BD4100080218BF04200A0E8F
:1057300018BF40F001004FF07F4232EA010108BF7C
:1057400040F00200012808BF0520704710B54FF057
:105750000E402DED028BB0EE408A18EE104A00EBA1
:105760004400B0F1506F4AD84FF0FC40B0EB440F0A
:1057700022D2B0EEC80AF7EE000A30EEC00AF6EE0A
:10578000000A60EE208A18EE900A00F073FF01EE26
:10579000100A14F0004F1DBFDFED2D0A9FED2D0AFA
:1057A000B1EE411ADFED2C0A08BF9FED2C0AF8EE8E
:1057B000001A21EE218A05E0DFED290A68EE088A49
:1057C000B0EE600A9FED271ADFED271A30EE080AC7
:1057D00048EE811A9FED251A08EEA11ADFED241A72
:1057E00048EE811A9FED231A08EEA11A68EE281AD6
:1057F000BDEC028B01EE810A30EE200A10BD4FF0A5
:10580000E440B0EB440F0CD918EE100AFFF78BFF01
:10581000042808BF00F066FEB0EE480ABDEC028B1B
:1058200010BD4FF07F40B0EB440F07D2B0EE480AF6
:10583000BDEC028BBDE8104000F03EBE012000F040
:1058400013FFBDEC028BBDE8104000F03BBE000032
:105850000000C9BF22AAFDB90000C93F22AAFD3934
:105860000000000024FE1C3DC78AD83C1E67383D5E
:105870001B93993DAFAA2A3E70B54FF068422DEDBB
:10588000048BF0EE408A18EE900AB0EE608A18EEB3
:10589000101A02EB4003B3F1654F3CBF02EB41022B
:1058A000B2F1654F7DD200BFC0F3C753C1F3C752F9
:1058B0009A1A1B2A09DD10F0004F14BF9FED830ACE
:1058C0009FED830ABDEC048B70BD12F11A0F36DA1E
:1058D00011F0004F09D010F0004F0CBF9FED7D0A72
:1058E0009FED7D0ABDEC048B70BD88EE889A19EEA1
:1058F000100AFFF718FF042808BF00F0F3FD18EEA8
:10590000900AFFF710FF054618EE100AFFF70BFF8D
:10591000044619EE100AFFF706FF042D18BF052DE7
:1059200008D1042C18BF052C04D1002804BF022084
:1059300000F09AFEB0EE490ABDEC048B70BD420047
:10594000B2EB410F3AD910F0004F19BFDFED630AF7
:105950009FED630ADFED630A9FED630AB0EE481A1C
:105960000A46B1EE688A80F00041F0EE418A1046A6
:105970000A1A5200B2F1807F34D2484010F0004F32
:10598000DFED5A1A9FED5A2A1DBFBEEE001A70EEC7
:10599000E10A30EE420AB6EE001A08BF70EEA10A24
:1059A00000E040E008BF30EE020AB0EE682A01EEE7
:1059B000482A08EE818AC2EE081A15E011F0004F5D
:1059C00004BF9FED4C0AF0EE400AD1D010F0004F1A
:1059D00019BFDFED490A9FED490ADFED490A9FED46
:1059E000490AC5E7C8EE881A21EEA11A9FED462A9A
:1059F000DFED462A41EE022A9FED452A01EE222ADA
:105A0000DFED442A41EE022A9FED432ABDEC048BD0
:105A100001EE222A21EE811A01EE020A30EE210A5D
:105A200030EE200A70BD4FF07F42B2EB400F28BF2E
:105A3000B2EB410F09D2F0EE480AB0EE680ABDECB5
:105A4000048BBDE8704000F03ABD40EA01035B0002
:105A500008BF41F0FF410BD0B2EB400F08BFB2EBE3
:105A6000410F08D120F0804008EE900A21F08041DB
:105A700008EE101A18E7B2EB400F12BF5FEA4103BD
:105A800040F0FF4001F000413FF40EAFB2EB410F98
:105A900012BF5FEA400200F0004041F0FF413FF4D6
:105AA00003AF4A0092EA40033FF5FEAE002AACBFC6
:105AB0009FED1A0A9FED1A0A68EE808A28EE008A86
:105AC00018EE900A18EE101AEEE60000DB0FC9BFC0
:105AD000DB0FC93FDB0F4940DB0F49C00000C9BFE6
:105AE00022AAFDB90000C93F22AAFD390060ED3E9F
:105AF000C30ACE3700000000000049C022AA7DBAC8
:105B00000000494022AA7D3A2DAD65BD8FB8D53D34
:105B10000FB511BE61C84C3EA8AAAABE0000804FB6
:105B20000000802F10EE101A08B5444A6846B2EB08
:105B3000410F28D94FF0E640B0EB410F94BF002051
:105B40004FF0FF3000900098002861DB60EE000A03
:105B500010F0010F45D010F0020FDFED391A9FED64
:105B6000391A00EEA11ADFED381A40EE811A21EE43
:105B7000A01AF0EE400A40EE010A08BFF1EE600AFA
:105B8000B0EE600A08BD314B21F0004293423CD98F
:105B900011F0004FDFED2E0A20EE201ADFED2D0A66
:105BA00019BF31EE601A71EE200A31EE201A71EE43
:105BB000600ABDEEE01A11EE100A9FED271A00F000
:105BC000030000EEC10A9FED251A009000EEC10A05
:105BD0009FED231A00EEC10A9FED221A00EEC10AC2
:105BE000B1E79FED211A9FED210A10F0020F00EEA0
:105BF000810A9FED1F1A00EE801AB7EE000A00EE30
:105C0000810A18BFB1EE400A08BD00F073FC9AE7A4
:105C100010EE100A4000B0F17F4F3CBFB7EE000A13
:105C200008BD07D14FF0010000F01EFDBDE808409F
:105C300000F048BCBDE8084000F03EBCB61F927EB4
:105C4000336D4CB9DA82083CA0AA2ABE490E4946F7
:105C500083F9223F0000004B0000C93F00A0FD393E
:105C60000020A2331A61342CB93AB2BACA9F2A3D35
:105C7000DDFFFFBE10B510EE100A2DED068BB7EE5E
:105C8000001A10EE901AB0EE418A0022A0F5000C26
:105C9000DFEDFE9A4FF00073BCF1FE4F4FF07F44F2
:105CA00003EB410C80F0B481BCF1804FC0F0208246
:105CB000F74901449FEDF73AB1F5005F40F2D48215
:105CC00000F58021CB0C03F00F0101EE901AC3F315
:105CD00007137F3BA0EBC350B8EEE12A00EE100A99
:105CE0001A44DFEDED2AF0EE411A42EE221AF0EEF0
:105CF000613A70EE232A30EE632A12EE900A00F524
:105D000000606FF30B0001EE900A73EEE13A33EEA0
:105D1000804AC1EE223A22EE230A10EE100A00F564
:105D200000606FF30B0000EE100A00EE612A00EE37
:105D3000442A62EE232A70EE221A21EEA12ADFED18
:105D4000D73A02EE233A23EE023A20EE012A22EE5F
:105D5000811A03EE211A32EE010A10EE100A00F544
:105D600000606FF30B0000EE100A72EE401A31EE85
:105D7000812A9FEDCB1A60EE011A9FEDCA1A20EE20
:105D8000011A9FEDC90A02EE001A31EE810A10EEE7
:105D9000100A00F500606FF30B0000EE100AC34814
:105DA00071EEC01A31EE812A784400EBC10090ED0B
:105DB000003AD0ED011A100101EE100AF8EEC12AE6
:105DC00032EE211A31EE001A31EE031A31EE221AA8
:105DD00011EE100A00F500606FF30B0009EE100AD7
:105DE00039EE621A31EE431A31EE400A30EE610AA2
:105DF00032EE40AA10EE900A002100F500606FF329
:105E00000B0008EE900A084670EEE8AAEAF7C5FA19
:105E100029EE280A00F00C01F0EEC00A10EE900AFC
:105E2000B0F18B4F0DDD10EE900AB4EB400F08D3AC
:105E300010EE100A4FF08B4262F31E0008EE900A3B
:105E400013E069EE2A0A38EEAA1A4AEE010A30EE89
:105E5000201A11EE100A00F500606FF30B0008EE37
:105E6000900A30EE680A70EE209A0C20EAF795FA54
:105E700038EEA90AB5EEC00AF1EE10FA34BFFEEE14
:105E8000000AF6EE000A30EE800ABDEEC00A10EEFF
:105E9000100A011100EE101AF8EEC00A00EE100A06
:105EA000B8EEC00A38EEC00A30EE290ADFED801ADB
:105EB0009FED801A00EE211ADFED7F1A7F4900F076
:105EC0000F0040EE011A21EE800A794401EB8001B7
:105ED00091ED001A7A49794401EB8001D1ED001A65
:105EE000784901EE801A794401EB8000764990ED03
:105EF000000A31EE001AB0EEE00A10EE100A8842F5
:105F000015DA10EE100AB4EB400F10D39FED6F0AB4
:105F100030EE800ADFED6E0A20EE200A68EE010AFC
:105F2000BDEC068BBCEEC00A20EE200A10BD10EEC0
:105F3000100A6849884243DA10EE100AB4EB400FA9
:105F40003ED3BDEEE00A68EE010A10EE100A00EB47
:105F5000D0725110C90501F17E5100EE101AA0EB6C
:105F60006200C00560EE200A00F17E5000EE100ACB
:105F700060EE808A18EE900AB4EB400F0FD1022039
:105F800000F072FB00F0A6FA10EE101A18EE100ADC
:105F9000BDEC068B61F31E0000EE100A10BD18EE7A
:105FA000900A400011D018EE900AFFF7BCFB0428BD
:105FB00008BF00F097FAB0EE680ABDEC068B10BD82
:105FC000F5EEC00AF1EE10FA0FD2022000F04CFB01
:105FD00000F088FA10EE101A18EE100ABDEC068BCD
:105FE00061F31E0000EE100A10BD022000F03CFB21
:105FF00000F070FA10EE101AB0EE480A10EE100A17
:10600000BDEC068B61F31E0000EE100A10BD00BF50
:10601000BCF1804F6CD300BF00F1FF43B3F1FE4FE2
:1060200024D200BFB0EEC00A10EE100AC1F3C7536D
:106030007F2B0DDB972BBFF63BAEC3F196034FF0E2
:10604000010C0CFA03F3A3F1010C1CEA010F08D0B8
:10605000012000F009FBBDEC068BBDE8104000F00C
:1060600031BA0B4218BFBFEE008A21E643001CBFC5
:106070004FF08073B3EB400F34D96FF01A02DFEDAD
:10608000161A20EE210A10EE100A27E00000000088
:10609000001080C0ABAAAA3E0000803D7EE24C3ECC
:1060A00000B03842D49AB8BB3BAA38420809000075
:1060B000FC596337C9FF753A1872313DA6080000D4
:1060C000DA0800004A0800000000FC420000FE421E
:1060D0000000004B000040430000004D10F0004F56
:1060E000A0D1E5E5A0F50003B3F1FE4F21D2DFE535
:1060F00003EB4103B3F1007F11D3F5EEC00AF1EEDB
:1061000010FA05D1430018BFB4EB400F76D883E7EF
:1061100001F0004141F0FC5100EE901A7CE7B3F130
:10612000807F06D210EE903AA3F5000300EE903A7D
:1061300072E720F000426FF0FF4C604C02EB0C0362
:10614000A34210D321F000439C44A4450BD3B0F1EB
:106150007E5F18BF5FEA410C50D0B2F1FF4F98BF8D
:10616000B3F1FF4F05D9BDEC068BBDE8104000F040
:10617000A6B9B0F1FF4F0FD0C1F3C7527F2A09DB98
:10618000972A11DAC2F19602012303FA02F2531E92
:106190000B4205D0002208E011F0004F55D128E055
:1061A0000A4218BF012200D1022210F5000F13D0BD
:1061B00028B3B0F1004F26D010F1814F4FD04FF0EF
:1061C000FE42B2EB400F94BF01200020012202EBFF
:1061D000E171884239D10CE011F0004F02D0012A60
:1061E00038D032E0012A02BF9FED350ABDEC068BA4
:1061F00010BD9FED340ABDEC068B10BD2FE011F0F1
:10620000004F0CD121E0B1F1FF4F1ED011F5000F6E
:1062100005D011F0004F15D00AB1012A08D0022094
:1062200000F022FABDEC068BBDE8104000F03AB950
:10623000022000F019FA00F035F9BDEC068BB1EE42
:10624000400A10BD0AB1012A04D0B0EE690ABDECC3
:10625000068B10BDBDEC068B9FED1B0A10BDBDEC7F
:10626000068BB7EE000A10BD30EE410AB5EE001AFB
:106270009FED172A00EE413AB6EE001A60EE001AC2
:1062800000EE431A61EEC11A9FED101A20EE011ABA
:1062900020EE020A9FED0F2A01EE820A71EE001A2B
:1062A00011EE900A00F500606FF30B0009EE100A82
:1062B00031EE491A31EE00AA9CE50000FFFF3F00D5
:1062C000000080FF0000807F0000008000B0B84127
:1062D000D49A38BB3BAAB84100B510EE101A2DED88
:1062E000028B81B0524A6846B2EB410F2ED94FF073
:1062F000E640B0EB410F94BF00204FF0FF3000901C
:106300000098B0EE408A00286ADB10F0010F4BD0F5
:1063100068EE080A9FED471A9FED470A00EE810AD2
:106320009FED461A10F0020F00EE801AB7EE000A39
:1063300000EE810A02BF01B0BDEC028B00BD00BFC0
:1063400001B0B1EE400ABDEC028B00BD3C4B21F028
:106350000042934241D911F0004FDFED3A0A20EE9E
:10636000201ADFED390A19BF31EE601A71EE200AEA
:1063700031EE201A71EE600ABDEEE01A11EE100A3D
:106380009FED321A00F0030000EEC10A9FED301AB3
:10639000009000EEC10A9FED2F1A00EEC10A9FED9A
:1063A0002E1A00EEC10AABE728EE080A9FED2B1A61
:1063B000DFED2B0A10F0020F40EE010A9FED291AC3
:1063C00000EE201A61EE000AB0EE480A08EE200A3C
:1063D000B6D101B0BDEC028B00BD00F08BF88FE7A9
:1063E00018EE100A4000B0F17F4F0DD218EE100ADF
:1063F000FFF799F9042808BF00F074F8B0EE480AD6
:1064000001B0BDEC028B00BD09D1012000F02CF9D8
:1064100001B0BDEC028B5DF804EB00F053B801B0A5
:10642000B0EE480ABDEC028B5DF804EB00F044B816
:10643000B61F927EB93AB2BACA9F2A3DDDFFFFBEAF
:10644000490E494683F9223F0000004B0000C93F36
:1064500000A0FD390020A2331A61342C336D4CB9F1
:10646000DA82083CA0AA2ABE10B52DED028BB1EE4F
:10647000C08A18EE100A20F00040C0F1FF40C00FA3
:106480000AD010EE100A20F00040C0F1FF40C00F0B
:1064900004BF012000F0E8F8B0EE480ABDEC028B22
:1064A00010BD0000DFED030AB7EE001A81EE200AEE
:1064B000704700000000000030EE000A704730EE28
:1064C000200A7047DFED020A80EEA00A7047000044
:1064D000000000009FED020A20EE000A7047000055
:1064E000000000709FED020A20EE000A70470000D5
:1064F000000000102DE9F0014FF07F42B2EB410F98
:106500009FBF4FF0FF310160BDE8F00170474FF0D1
:10651000004242EA0123C1F3C752783A551112F002
:106520001F0C434CCCF120067C44C1F3C752A2F1AE
:1065300078024FEA621204EB820254F8254008BF49
:10654000D2E9015612D0556804FA0CF425FA06F780
:106550003C43976805FA0CF527FA06F8D26807FA63
:106560000CFCF24045EA08054CEA0206A4FB034C89
:10657000A5FB0352A6FB03631D449D4234BF0126C5
:1065800000261319334416B1934202D903E0934213
:1065900001D2012200E00022624402F1200C9206A6
:1065A000DC0C42EA443200EE102A5B03DFED210AE4
:1065B000F8EEC01A00EE103A4FEA9C1C11F0004FA2
:1065C000B8EE400AC0F800C020EE201A00EE105AC3
:1065D000DFED190AB8EE400A20EE200A71EE810ABA
:1065E00070EE800A10EE902A02F500626FF30B0243
:1065F00000EE902A70EEE11A31EEC11ADFED101AAA
:1066000030EE411A9FED0D0A20EE800A01EE210ABC
:106610009FED0C1A00EE810A04BFBDE8F00170473F
:10662000CCF180510160BDE8F001B1EE400A704745
:10663000C8020000000000360000802C22AAFD29BC
:10664000DB0FC92F0000C92F02E008C8121F08C1C4
:10665000002AFAD170477047002001E001C1121FE3
:10666000002AFBD170470000014908607047000014
:106670000000002010B500EE100A2DED028BB1EEE7
:10668000C08A18EE100A20F00040C0F1FF40C00F91
:106690000AD010EE100A20F00040C0F1FF40C00FF9
:1066A00004BF0120FFF7E0FF18EE100ABDEC028BDB
:1066B00010BD000000000000000000000000B33F1B
:1066C000B2BE7D3A00002E40DFCF513800007E4040
:1066D000BF51FABA00E0A44019DAC3BA00E0C840DA
:1066E000C2ED8AB90040EB40CD1F2CBA0010064124
:1066F0002AFFFABA00C01541DFCFD13700D02441BC
:106700009A97703A0050334189478E360040414194
:10671000E75B9D3800B04E41C00A98B900A05B41CC
:10672000558F943A00306841DA92C0BA0040744103
:1067300062B3C63A0000803F00A0853F00908B3FC7
:1067400000C0913F0030983F00F09E3F00F0A53F11
:106750000050AD3F0000B53F0000BD3F0060C53FA9
:106760000020CE3F0040D73F00C0E03F00C0EA3FDE
:106770000020F53F000000007D36AC397D3C383903
:10678000EBDCF438320A7E39124C26399B6AED393B
:10679000A4EE83397F661E39F6398A392B42653972
:1067A000A48211395B991F39C3EECD39DDE7C637B5
:1067B000A5A22F390000803FC3AA853FC2958B3F19
:1067C000D3C3913FF037983F32F59E3FD7FEA53FA8
:1067D0003F58AD3FF304B53FA408BD3F2A67C53F0E
:1067E0008C24CE3FFD44D73FDFCCE03FC7C0EA3F1B
:1067F0007D25F53F000000006E83F9A22915444E67
:10680000D15727FCC0DD34F5999562DB4190433CBC
:10681000AB6351FE00000000000000000102030411
:10682000060708090000000001020304000102033A
:1068300004050607080C1014182030400000000062
:106840000000003F000000000000B4420000B4421D
:10685000000000000000803F000000000000000079
:1068600000000000000080BF0000000000000000E9
:1068700000000000000080BF00000000000080BF9A
:10688000000000000000000000000000000080BFC9
:106890000000803F00000000000000000804020427
:1068A00008010101010101030701000001000200CC
:1068B0000400060008000A000C0010002000400040
:1068C00080000001000000000000003F0000FA44CA
:1068D0000000204100000000F4010000494D554433
:1068E0004154413200494D5544415441004C4544C6
:1068F00000464443414E00494D55557064617461F2
:1069000000566F69636500556E6E616D6564546114
:10691000736B004261726F6D65746572004C6F77C6
:10692000506F776572000000486901080000002080
:1069300048040000D0030008386A01084804002019
:10694000A852000058660108410D126F12833A04E4
:1069500011042690D003C3803F28090AD723BDCD58
:10696000CC4CBD441808A245763F85EB81204F8072
:106970003F010201012C49044009D14C0108DD49C5
:1069800001084B694E0881CBED4D101328094220B8
:1069900013500E4C20A80D0C011C5FA950010839A2
:1069A0004F4414100242022A40F93C0A35803C054B
:1069B0002B04024204B93C0D36080242103C1978FF
:1069C0001109293DB93C110939F05C100242450911
:1069D00033B40937F01A08B40216011AF1287A798B
:1069E000DCE1177D490108800A42204BA801080913
:1069F0002A3C4B100B340A31E43C5AA03C0B1020CB
:106A0000023C81DEAD510108E544293C4BF00934DC
:106A10000A116C780B14395274810B187C0C701AA3
:106A20005170011C4B100D3C6A98B42D507D4401EF
:086A3000183100000000000015
:040000050800024DA0
:00000001FF
