:020000040800F2
:10000000B852002061020008F9FF0008F9E6000874
:10001000F5FF000879090008AD1F01087302000808
:10002000000000000000000000000000B50A010808
:100030008528000800000000CD000108D90D010846
:100040007D0200087D0200087D0200087D02000894
:100050007D0200087D0200087D0200087D02000884
:100060007D0200087D0200087D0200087D02000874
:100070007D0200087D0200087D020008E5290008D5
:100080007D0200087D0200087D0200087D02000854
:100090007D0200087D0200087D0200087D02000844
:1000A0007D0200087D0200087D0200087D02000834
:1000B0007D020008512C00087D0200087D02000826
:1000C0007D0200087D0200087D0200087D02000814
:1000D000000000007D0200087D020008F9290008E8
:1000E000092A00087D0200087D0200087D02000840
:1000F0007D0200087D0200087D0200087D020008E4
:100100007D0200087D020008611201087D020008DE
:100110007D0200087D0200087D0200087D020008C3
:100120007D0200087D020008111F01087D02000801
:100130007D0200087D0200087D0200087D020008A3
:100140007D0200087D0200087D0200087D02000893
:100150007D0200087D0200087D0200087D02000883
:100160007D0200087D0200087D0200087D02000873
:100170007D0200087D0200087D0200087D02000863
:100180007D0200087D0200087D0200087D02000853
:100190007D0200087D0200087D0200087D02000843
:1001A0007D0200087D0200087D0200087D02000833
:1001B0007D0200087D0200087D0200087D02000823
:1001C0007D0200087D0200087D0200087D02000813
:1001D0007D0200087D0200087D0200087D02000803
:1001E0007D0200087D0200087D0200087D020008F3
:1001F0007D0200087D0200087D0200087D020008E3
:100200007D0200087D0200087D0200080000000059
:10021000000000007D020008000000007D020008D0
:100220007D0200087D0200087D0200087D020008B2
:100230007D0200087D0200087D0200087D020008A2
:100240007D0200087D0200087D020008DFF80CD066
:1002500000F0A6F8004800479D440108B85200206D
:100260000748804707480047FEE7FEE7FEE7FEE74E
:10027000FEE7FEE7FEE7FEE7FEE7FEE7FEE700003B
:10028000291101084D0200082DE9F05F0546002004
:1002900092469B4688460646814640241BE02846F7
:1002A00041464746224600F068F853465A46C01A6F
:1002B000914110D311461846224600F04FF82D1AEE
:1002C00067EB01084F4622460120002100F046F866
:1002D00017EB00094E41201EA4F10104DFDC484663
:1002E00031462A464346BDE8F09F40EA01039B079A
:1002F00003D009E008C9121F08C0042AFAD203E09B
:1003000011F8013B00F8013B521EF9D27047D2B2FE
:1003100001E000F8012B491EFBD270470022F6E7EE
:1003200010B513460A4604461946FFF7F0FF20466B
:1003300010BD10B5044604E00B7800F8013B03B192
:10034000491C521EF8D2204610BD034611F8012B5D
:1003500000F8012B002AF9D118467047202A04DB47
:10036000203A00FA02F1002070479140C2F12003C8
:1003700020FA03F3194390407047202A04DB203A07
:1003800021FA02F00021704721FA02F3D040C2F1B5
:100390002002914008431946704700207047000032
:1003A0001CB509480090094801900546009C06E0EC
:1003B000E06840F0010394E8070098471034AC422D
:1003C000F6D3FFF747FF000058640108786401087E
:1003D00070B58C1810F8015B15F0070301D110F807
:1003E000013B2A1106D110F8012B03E010F8016B34
:1003F00001F8016B5B1EF9D12B0705D40023521EB7
:100400000DD401F8013BFAE710F8013BCB1A921C1E
:1004100003E013F8015B01F8015B521EF9D5A1421C
:10042000D8D3002070BD000080B582B08DF80700E1
:10043000009140F21470C2F200000021416101619C
:10044000C160816041600160012101709DF8070079
:10045000009A12F027F902B080BD000080B586B086
:100460008DF817008DED040ACDED030A8DED021A0B
:10047000CDED011A8DED002A40F21471C2F2000197
:10048000002048610861C8608860486008601D20DD
:1004900008700498C1F801000398C1F8050002989B
:1004A000C1F809000198C1F80D000098C1F81100C9
:1004B0009DF81700182112F045F906B080BD000024
:1004C00080B582B08DF807008DF80610009240F2DA
:1004D0001471C2F20001002048610861C8608860A0
:1004E0004860086008709DF8060048709DF8070095
:1004F000009A022112F0D6F802B080BD80B586B015
:10050000049040F21472C2F20002002050611061A7
:10051000D0609060506010602C211170049A01210D
:10052000019112F0BFF801990390049A084612F065
:10053000B9F80290039818B1FFE70398059008E016
:10054000029818B1FFE70298059002E0002005909C
:10055000FFE7059806B080BD80B582B012F07EFB43
:100560000190019802B080BD80B584B0ADF80A005A
:1005700001918DF80320BDF80A0040F2FE71884217
:1005800007DCFFE7019820B1FFE79DF8030020B9E1
:10059000FFE76FF00100039008E0BDF80A00019941
:1005A0009DF8032012F0F4FB0390FFE7039804B0DA
:1005B00080BD000080B584B0ADF80E0012F0E4FB01
:1005C00040F24060C2F2000012F066FA0190019819
:1005D00018B9FFE711F00AFD0DE00198B0F1FF3FF7
:1005E00008DCFFE740F68861C2F20001886901304B
:1005F0008861FFE7FFE740F27060C2F2000012F08E
:100600006DFA40B1FFE740F68861C2F20001C869A7
:100610000130C861FFE740F2A060C2F2000012F0B2
:10062000ABFA40B1FFE740F68861C2F20001086A08
:1006300001300862FFE711F01DFD40F26C00C2F2CC
:100640000000007838B9FFE740F22841C2F200010B
:100650000020086047E040F6E060C2F20000407908
:1006600090B9FFE740F6E060C2F20000C07858B9E8
:10067000FFE740F6E060C2F20000007920B9FFE732
:100680006420ADF8020003E00520ADF80200FFE7AA
:10069000BDF80E2040F22840C2F20000016811446B
:1006A00001600068BDF8021088421CD3FFE740F2E9
:1006B0002841C2F200010020086005F02FF8CDF8B3
:1006C0000A0040F202300DF10A01042212F060FB30
:1006D00040B1FFE740F68861C2F20001486901308D
:1006E0004861FFE7FFE704B080BD000080B582B03D
:1006F000ADF80600BDF8060040B1FFE740F26D001E
:10070000C2F200000078022801D0FFE70BE002F0FF
:10071000E5F840B1FFE740F68861C2F20001086DDC
:1007200001300865FFE702B080BD000080B584B0ED
:1007300040F60400C4F20240006800F040010020CE
:10074000B0EB911F04D1FFE712F070F8039065E061
:1007500002F0E2F820B1FFE74FF0FF3003905DE0D8
:100760000DF1070002F0DCF820B1FFE74FF0FF3099
:10077000039053E09DF8070020B9FFE712F056F808
:1007800003904BE09DF807008DF8060004F0C6FFCB
:100790000290FFE704F0C2FF0299401AC0087C28CB
:1007A0001DD8FFE70DF1070002F0BAF820B1FFE70E
:1007B0004FF0FF30039031E09DF807109DF80600E0
:1007C00008408DF806009DF8060020B9FFE712F0FA
:1007D0002DF8039022E00A2003F0ACFDDAE70120B7
:1007E00005F0C4F8022005F0C1F8082005F0BEF8B5
:1007F000202005F0BBF840F64001C4F20241086831
:1008000040F0FF00086040F60001C4F202410868B1
:1008100040F08000086000200390FFE7039804B0D8
:1008200080BD000080B540F2D061C2F2000100201E
:10083000087002F071F880BD80B582B0ADF8060096
:1008400040F2D060C2F200000078F0B9FFE740F655
:10085000E060C2F20000C078B0B1FFE740F6E060AF
:10086000C2F20000007978B1FFE712F0D3F920B1AD
:10087000FFE712F0E1F938B9FFE740F2D061C2F2C8
:10088000000101200870FFE714E00DF1050002F0FF
:1008900047F840B1FFE740F68861C2F20001C86A3C
:1008A0000130C86206E09DF8050018B9FFE711F0B5
:1008B000BDFFFFE702B080BD80B584B08DF80B00AE
:1008C0009DF80B00652804D3FFE76FF0010003904B
:1008D00014E09DF80B0018B9FFE76A20019003E0CF
:1008E0009DF80B000190FFE701988DF80A009DF834
:1008F0000A10002014F07EFB0390FFE7039804B079
:1009000080BD000080B582B0ADF8060040F6E06022
:10091000C2F200008079012807D0FFE740F22C41A5
:10092000C2F200010020087024E040F22C40C2F224
:100930000000007870B9FFE704F0F0FE40F23041AB
:10094000C2F20001086040F22C41C2F20001012015
:1009500008700FE004F0E2FE40F23041C2F2000104
:100960000968401A00097C2801D8FFE702E011F06D
:10097000EDFFFFE702B080BDFFE7FEE784B0029025
:100980000191009202980199884203DAFFE70198E9
:1009900003900AE002980099884203DDFFE700987F
:1009A000039002E002980390FFE7039804B07047B9
:1009B00085B004900498006A039004980068406928
:1009C00020F4430003990843049909684861049B93
:1009D0001A6958699969DB69184310430843039001
:1009E0000498016801205022C4F202029142029050
:1009F00000F06781FFE70498016801205022C5F2EA
:100A000002029142029000F05C81FFE704980168C5
:100A10000120D022C4F202029142029000F05181E2
:100A2000FFE7049801680120D022C5F2020291423A
:100A3000029000F04681FFE704980168012040F22F
:100A40005012C4F202029142029000F03A81FFE794
:100A500004980168012040F25012C5F2020291424E
:100A6000029000F02E81FFE704980168012040F217
:100A7000D012C4F202029142029000F02281FFE7FC
:100A800004980168012040F2D012C5F2020291429E
:100A9000029000F01681FFE704980168012040F2FF
:100AA0005022C4F202029142029000F00A81FFE754
:100AB00004980168012040F25022C5F202029142DE
:100AC000029000F0FE80FFE704980168012040F2E8
:100AD000D022C4F202029142029000F0F280FFE7BD
:100AE00004980168012040F2D022C5F2020291422E
:100AF000029000F0E680FFE704980168012040F2D0
:100B00005032C4F202029142029000F0DA80FFE714
:100B100004980168012040F25032C5F2020291426D
:100B2000029000F0CE80FFE704980168012040F2B7
:100B3000D032C4F202029142029000F0C280FFE77C
:100B400004980168012040F2D032C5F202029142BD
:100B5000029000F0B680FFE704980168012041F29E
:100B60005002C4F202029142029000F0AA80FFE714
:100B700004980168012041F25002C5F2020291423C
:100B8000029000F09E80FFE704980168012041F286
:100B9000D002C4F202029142029000F09280FFE77C
:100BA00004980168012041F2D002C5F2020291428C
:100BB000029000F08680FFE704980168012041F26E
:100BC0005012C4F20202914202907AD0FFE70498D8
:100BD0000168012041F25012C5F2020291420290D6
:100BE0006FD0FFE704980168012041F2D012C4F2EF
:100BF00002029142029064D0FFE70498016801204C
:100C000041F2D012C5F202029142029059D0FFE7A0
:100C100004980168012041F25022C4F2020291427C
:100C200002904ED0FFE704980168012041F2502263
:100C3000C5F202029142029043D0FFE70498016896
:100C4000012041F2D022C4F202029142029038D037
:100C5000FFE704980168012041F2D022C5F20202A8
:100C6000914202902DD0FFE704980168012041F2E3
:100C70005032C4F202029142029022D0FFE704985F
:100C80000168012041F25032C5F202029142029005
:100C900017D0FFE704980168012041F2D032C4F276
:100CA0000202914202900CD0FFE7049800684EF6D1
:100CB0003041CAF6FD710844B0FA80F04009029054
:100CC000FFE70298C007B8B1FFE70498426A836A59
:100CD000C06A0021CFF6F07101EB035101F07C7185
:100CE00008436FF00F0101EB021101F47C71014325
:100CF000039808430390FFE704980068006C00F035
:100D00008020039908430499096808640499886855
:100D10000A791043096B084303900498C068B0F542
:100D2000806F40F07C81FFE7049801680120502229
:100D3000C4F202029142019000F06781FFE704983B
:100D4000016801205022C5F202029142019000F098
:100D50005C81FFE7049801680120D022C4F20202FE
:100D60009142019000F05181FFE704980168012051
:100D7000D022C5F202029142019000F04681FFE7C5
:100D800004980168012040F25012C4F2020291421C
:100D9000019000F03A81FFE704980168012040F2D9
:100DA0005012C5F202029142019000F02E81FFE73D
:100DB00004980168012040F2D012C4F2020291426C
:100DC000019000F02281FFE704980168012040F2C1
:100DD000D012C5F202029142019000F01681FFE7A5
:100DE00004980168012040F25022C4F202029142AC
:100DF000019000F00A81FFE704980168012040F2A9
:100E00005022C5F202029142019000F0FE80FFE7FD
:100E100004980168012040F2D022C4F202029142FB
:100E2000019000F0F280FFE704980168012040F291
:100E3000D022C5F202029142019000F0E680FFE765
:100E400004980168012040F25032C4F2020291423B
:100E5000019000F0DA80FFE704980168012040F279
:100E60005032C5F202029142019000F0CE80FFE7BD
:100E700004980168012040F2D032C4F2020291428B
:100E8000019000F0C280FFE704980168012040F261
:100E9000D032C5F202029142019000F0B680FFE725
:100EA00004980168012041F25002C4F2020291420A
:100EB000019000F0AA80FFE704980168012041F248
:100EC0005002C5F202029142019000F09E80FFE7BD
:100ED00004980168012041F2D002C4F2020291425A
:100EE000019000F09280FFE704980168012041F230
:100EF000D002C5F202029142019000F08680FFE725
:100F000004980168012041F25012C4F20202914299
:100F100001907AD0FFE704980168012041F2501255
:100F2000C5F20202914201906FD0FFE70498016878
:100F3000012041F2D012C4F202029142019064D029
:100F4000FFE704980168012041F2D012C5F20202C5
:100F50009142019059D0FFE704980168012041F2C5
:100F60005022C4F20202914201904ED0FFE7049851
:100F70000168012041F25022C5F202029142019023
:100F800043D0FFE704980168012041F2D022C4F267
:100F900002029142019038D0FFE7049801680120D5
:100FA00041F2D022C5F20202914201902DD0FFE71A
:100FB00004980168012041F25032C4F202029142C9
:100FC000019022D0FFE704980168012041F25032DD
:100FD000C5F202029142019017D0FFE70498016820
:100FE000012041F2D032C4F20202914201900CD0B1
:100FF000FFE7049800684EF63041CAF6FD710844D8
:10100000B0FA80F040090190FFE70198C00728B1CD
:10101000FFE7039840F480600390FFE70CE004983A
:10102000C068B0F5007F05D1FFE7039840F4007079
:10103000039000E0FFE7FFE70498416B0398084343
:10104000039004980068406C42F20011C3F6C0415E
:1010500008400399084304990968486404980168A2
:101060000020886404980168012040F25032C4F2E4
:101070000202914200904ED0FFE7049801680120DF
:1010800040F25032C5F202029142009043D0FFE795
:1010900004980168012040F2D032C4F20202914269
:1010A000009038D0FFE704980168012040F2D03268
:1010B000C5F20202914200902DD0FFE7049801682A
:1010C000012041F25032C4F202029142009022D03B
:1010D000FFE704980168012041F25032C5F2020294
:1010E0009142009017D0FFE704980168012041F277
:1010F000D032C4F20202914200900CD0FFE7049873
:1011000000684EF63041CAF6FD710844B0FA80F02E
:1011100040090090FFE70098C00740B1FFE704983E
:10112000016800204865049909688865FFE704980C
:1011300001680020C86705B07047000085B00090C6
:10114000009B9869D9691A6A5B6A049303920291B9
:1011500001909DED010ADDED020A9DED031ADDED22
:10116000041A05B07047000080B582B00190019864
:1011700046F26C31C0F6010100F0D8F8019800F099
:1011800003F802B080BD000080B58EB00D900D9ABE
:101190004FF07E50099000200A900B900C90099916
:1011A0000A9BDDF82CC0DDF830E0C2F824E0C2F87C
:1011B00020C0D36191610D9A06900790089006991E
:1011C000079BDDF820C0C2F830C0D36291620D9A4F
:1011D000012182F834100D9A0021C4F2201191638C
:1011E0000D9981F840000D9A0390049005900399A1
:1011F000049BDDF814C0C2F84CC0936451640D9A8E
:101200000090019002900099019BDDF808C0C2F89F
:1012100058C0536511650D9981F85C000D990866F9
:101220000D9A516951660D9981F868000D99C8664B
:101230000D99486908670EB080BD000080B590B078
:101240000F908DED0E0A0F9890ED060A90ED073A7B
:1012500090ED081A90ED092A23EE013A20EE020AD9
:1012600030EE030A21EE013AB6EE001A8DED011AB6
:1012700031EE431A22EE022A71EE420A14F094F87B
:101280008DED0D0A9DED0D0A8DED020A9DED0E0A04
:1012900000F0C0FC9DED011AB0EE402A9DED020A5F
:1012A00030EE420A20EE010A8DED0C0A9DED0C0A8B
:1012B00014F0D0F98DED080A002009900A909DEDF8
:1012C0000C0A14F0A1FDB0EE401A9FED170A30EEA3
:1012D000410A8DED0B0A0F9803909DED080ADDED94
:1012E000090A9DED0A1ADDED0B1A90ED062AD0EDE4
:1012F000072A90ED083AD0ED093A00F07FFE0399F5
:10130000CDED071A8DED061ACDED050A8DED040A17
:101310000498059A069BDDF81CC0C1F824C00B6236
:10132000CA61886110B080BD0000008080B586B0C1
:101330000590049104980078059908700498406815
:1013400005994860049890ED020AB5EE400AF1EE66
:1013500010FA05D1FFE79FED4C0A8DED030A09E075
:10136000049890ED020A9FED471A20EE010A8DEDD8
:10137000030AFFE79DED030A059880ED020A049831
:1013800090ED030AB5EE400AF1EE10FA05D1FFE741
:101390009FED3D0A8DED020A11E0049890ED030ADD
:1013A00000F038FC14F030FDB6EE001A20EE010A11
:1013B000F0EE000A14F0F6F98DED020AFFE79DED5C
:1013C000020A059880ED030A049890ED040AB5EE30
:1013D000400AF1EE10FA05D1FFE79FED2B0A8DEDE3
:1013E000010A11E0049890ED040A00F013FC14F0D7
:1013F0000BFDB6EE001A20EE010AF0EE000A14F022
:10140000D1F98DED010AFFE79DED010A059880ED08
:10141000040A049840690599486105994869486635
:10142000059948690867049890ED010AB5EE400AED
:10143000F1EE10FA04D0FFE70498406948B9FFE7DD
:1014400005994FF6FF70C7F67F70C860059908616F
:10145000FFE7059890F83400C00720B9FFE7059929
:1014600048688863FFE7059890ED011AB2EE040A18
:1014700030EE410AB0EE081A80EE010A80ED0F0A44
:1014800006B080BD48E17A3FFFFF7F7F80B5CAB0DC
:101490008DED491ACDED480A8DED470ACDED462A6E
:1014A0008DED452ACDED441A8DED434ACDED423AFE
:1014B0008DED413A4090CDED3F4A40994498459A90
:1014C000469B0B63CA6288629DED470AB0EEC00A74
:1014D000409890ED021AB4EE410AF1EE10FA1ADCCF
:1014E000FFE79DED480AB0EEC00A409890ED021A61
:1014F000B4EE410AF1EE10FA0DDCFFE79DED490A6A
:10150000B0EEC00A409890ED021AB4EE410AF1EE36
:1015100010FA1CDDFFE7409B9869D9691A6A5B6A7B
:101520003E933D923C913B904098FFF72DFE4099B1
:101530003B983C9A3D9BDDF8F8C0C1F824C00B6293
:10154000CA6188614099012081F84000FFE7409816
:1015500090F83400C00768B3FFE7409890ED0E0A9A
:1015600090ED0F1A9DED3F2A21EE021A30EE410A4E
:1015700080ED0E0A409890ED011A90ED0E0AB4EE3F
:10158000410AF1EE10FA09DBFFE7409890ED010AFD
:10159000B5EE400AF1EE10FA0BD1FFE7409948682A
:1015A00088634099002081F83400409981F8400018
:1015B000FFE7FFE740980CF053FF8DED3A1ACDEDB1
:1015C000390A8DED380A00203790369035904099D1
:1015D000012081F85C009DED440ADDED450A9DED9A
:1015E000461A01F00FF8002879D1FFE740980490DF
:1015F0009DED440ADDED450A9DED461A01F054F8D3
:101600008DED311ACDED300A8DED2F0A9DED2F0AAB
:10161000DDED300A9DED311ADDED381A9DED392AE8
:10162000DDED3A2A01F0B2FA04998DED341ACDEDD0
:10163000330A8DED320A3298339A349BCB648A6434
:101640004864409890F83400C00790B9FFE740988C
:1016500090ED110AD0ED120A90ED131A00F0FEFF82
:10166000409890ED031AB4EE410AF1EE10FA09DC4D
:10167000FFE74099002081F85C004099086E093826
:10168000086604E04099086E01300866FFE740995B
:10169000086E496E884207DDFFE7409900204866E2
:1016A000409981F85C0003E0409948694866FFE78B
:1016B00040984269006E0021FFF760F94099086682
:1016C000409890F85C00C00740B9FFE7409A506C22
:1016D000916CD26C379236913590FFE7FFE700208E
:1016E0002E902D902C904099012081F868009DED5E
:1016F000410ADDED420A9DED431A00F083FF002808
:1017000040F09780FFE740980CF032FF8DED2B1AE8
:10171000CDED2A0A8DED290A409803909DED380AF7
:10172000DDED390A9DED3A1ADDED411A9DED422AB3
:10173000DDED432A00F098FE8DED221ACDED210A51
:101740008DED200A9DED200ADDED210A9DED221A86
:1017500000F0AAFF8DED251ACDED240A8DED230AA8
:101760009DED230ADDED240A9DED251ADDED291AF4
:101770009DED2A2ADDED2B2A01F008FA03998DED63
:10178000281ACDED270A8DED260A2698279A289B40
:101790008B654A650865409890F83400C00790B999
:1017A000FFE7409890ED140AD0ED150A90ED161A57
:1017B00000F054FF409890ED041AB4EE410AF1EEA7
:1017C00010FA09DCFFE74099002081F86800409991
:1017D000C86E0938C86604E04099C86E0130C86612
:1017E000FFE74099C86E096F884207DDFFE740991F
:1017F00000200867409981F8680003E04099486933
:101800000867FFE740984269C06E0021FFF7B6F80D
:101810004099C866409890F86800C00740B9FFE753
:10182000409A106D516D926D2E922D912C90FFE784
:10183000FFE7B6EE000A00F0EDF9F0EE401A9DED7C
:10184000470ADDED480A9DED491A00F057FF8DED7E
:101850001F1ACDED1E0A8DED1D0A9DED350ADDED39
:10186000360A9DED371ADDED2C1A9DED2D2ADDEDA2
:101870002E2A00F09DFD8DED161ACDED150A8DED89
:10188000140A4098D0ED0E1A9DED140ADDED150AEC
:101890009DED161A00F032FF8DED191ACDED180AE4
:1018A0008DED170A9DED1D0ADDED1E0A9DED1F1A37
:1018B000DDED171A9DED182ADDED192A00F078FDEF
:1018C0008DED1C1ACDED1B0A8DED1A0A4098019082
:1018D000DDED3F1A9DED1A0ADDED1B0A9DED1C1A88
:1018E00000F00CFF01988DED0B1ACDED0A0A8DED7D
:1018F000090A90ED060AD0ED070A90ED081AD0ED1E
:10190000091A9DED092ADDED0A2A9DED0B3A00F03A
:10191000C7FC0198CDED0F1A8DED0E1ACDED0D0A15
:101920008DED0C0A90ED060AD0ED070A90ED081A2D
:10193000D0ED091A9DED0C2ADDED0D2A9DED0E3A34
:10194000DDED0F3A00F07EFA0199CDED131A8DED21
:10195000121ACDED110A8DED100A1098119A129BF2
:10196000DDF84CC0C1F824C00B62CA6188614098A0
:10197000029090ED060AD0ED070A90ED081AD0ED1E
:10198000091A00F007FB0299CDED081A8DED071A30
:10199000CDED060A8DED050A0598069A079BDDF840
:1019A00020C0C1F824C00B62CA6188614AB080BD02
:1019B00080B58CB08DED0B1ACDED0A0A8DED090ABC
:1019C000CDED082A8DED072ACDED061A05908DED97
:1019D000043A05980021019102910391DDED044A3A
:1019E0009DED090ADDED0A0A9DED0B1ADDED061AE3
:1019F0009DED072ADDED082A9DED013ADDED023A65
:101A00009DED034AFFF742FD059890F83400C007AA
:101A100030B1FFE705989FED030AFFF70FFCFFE7E2
:101A20000CB080BD0000000080B582B08DED000AD2
:101A30009DED000ABFEE001AB4EE410AF1EE10FA75
:101A400006DCFFE740F6DB70CBF6C970019016E0CC
:101A50009DED000AB7EE001AB4EE410AF1EE10FA5D
:101A600006DBFFE740F6DB70C3F6C970019006E0C5
:101A70009DED000A13F002FC8DED010AFFE79DEDDC
:101A8000010A02B080BD000085B0049003919DED75
:101A9000030AB8EE401AB7EE000A80EE010A9FED85
:101AA0000C1A20EE010A049880ED000A03980499AC
:101AB0004860049900208860049900900190029089
:101AC0000098019A029B4B610A61C86005B070479B
:101AD000FDAD003E80B592B08DED0E1ACDED0D0A34
:101AE0008DED0C0A0B900B989DED0C0ADDED0D0AA7
:101AF0009DED0E1AD0ED031A90ED042AD0ED052AC3
:101B000000F07EFE8DED0A1ACDED090A8DED080A72
:101B1000089809990A9A0E920D910C909DED0C0A65
:101B2000B0EEC00AB0EE081AB4EE410AF1EE10FAB7
:101B300018DCFFE79DED0D0AB0EEC00AB0EE081A02
:101B4000B4EE410AF1EE10FA0CDCFFE79DED0E0A4F
:101B5000B0EEC00AB0EE081AB4EE410AF1EE10FA87
:101B60000ADDFFE70B99002088600C980D990E9A0A
:101B7000119210910F9045E00B984168806888425F
:101B80000BD2FFE70B998868013088600C980D999B
:101B90000E9A119210910F9034E00B980190D0EDB5
:101BA000001A9DED0C0ADDED0D0A9DED0E1A00F0F8
:101BB000CFFD01988DED041ACDED030A8DED020ADB
:101BC00090ED030AD0ED040A90ED051ADDED021A3E
:101BD0009DED032ADDED042A00F018FC01998DED3E
:101BE000071ACDED060A8DED050A0598069A079BA2
:101BF0004B610A61C8600C980D990E9A1192109170
:101C00000F90FFE79DED0F0ADDED100A9DED111A13
:101C100012B080BD81B08DED000A9DED000A9FEDF0
:101C2000031A20EE010A01B0704700BF35FA8E3C5E
:101C300082B08DED010A01980090009941F21240A6
:101C4000C5F61F70A0EB610000909DED000A9DEDB0
:101C5000011A9FED082A21EE021A21EE001A21EE48
:101C6000001A9FED052A31EE021A20EE010A02B099
:101C7000704700BF12D336BFFF51D83FF0B58FB0C9
:101C8000189E179D169CDDF854E0DDF850C00B96A9
:101C90000A950994CDF820E0CDF81CC00693059272
:101CA000049103908DED021ACDED010A8DED000A2D
:101CB0009DED031A9DED043A9DED050A9DED004A48
:101CC0009DED015A9DED022A23EE053A21EE041AFC
:101CD00031EE031A20EE020A30EE010A8DED0C0AF5
:101CE0009DED061A9DED073A9DED080A9DED004A0F
:101CF0009DED015A9DED022A23EE053A21EE041ACC
:101D000031EE031A20EE020A30EE010A8DED0D0AC3
:101D10009DED091A9DED0A3A9DED0B0A9DED004AD5
:101D20009DED015A9DED022A23EE053A21EE041A9B
:101D300031EE031A20EE020A30EE010A8DED0E0A92
:101D40009DED0C0ADDED0D0A9DED0E1A0FB0F0BDF4
:101D5000F0B5A1B02A9E299D289CDDF89CE0DDF815
:101D600098C08DED1D1ACDED1C0A8DED1B0A1A963B
:101D700019951894CDF85CE0CDF858C015931492DD
:101D800013911290CDED112A8DED102ACDED0F1A81
:101D90008DED0E4ACDED0D3A8DED0C3A9DED1B0A01
:101DA000DDED1C0A9DED1D1ADDED0C1A9DED0D2AD1
:101DB000DDED0E2A00F0F6FC8DED081ACDED070AD8
:101DC0008DED060A9DED060ADDED070A9DED081A68
:101DD000DDED0F1A9DED102ADDED112A00F0B6FBA6
:101DE0008DED0B1ACDED0A0A8DED090A12981399A3
:101DF000149A159BDDF858C0179C189D199E1A9FC0
:101E00009DED090ADDED0A0A9DED0B1AEE46CEF8AE
:101E10001070CEF80C60CEF80850CEF80440CEF822
:101E200000C0FFF72BFF8DED201ACDED1F0A8DEDC1
:101E30001E0A9DED1E0ADDED1F0A9DED201A21B040
:101E4000F0BD00008CB0CDED071A8DED061ACDED7A
:101E5000050A8DED040ACDED033A8DED023ACDED84
:101E6000012A8DED002A9DED040A9DED001A30EE49
:101E7000010A8DED080A9DED050A9DED011A30EE6F
:101E8000010A8DED090A9DED060A9DED021A30EE5C
:101E9000010A8DED0A0A9DED070A9DED031A30EE49
:101EA000010A8DED0B0A9DED080ADDED090A9DED95
:101EB0000A1ADDED0B1A0CB0704700008CB0CDEDA6
:101EC000071A8DED061ACDED050A8DED040ACDED4C
:101ED000033A8DED023ACDED012A8DED002A9DEDFC
:101EE000040A9DED001A20EE010A8DED080A9DED11
:101EF000050A9DED011A20EE010A8DED090A9DEDFE
:101F0000060A9DED021A20EE010A8DED0A0A9DEDEA
:101F1000070A9DED031A20EE010A8DED0B0A9DEDD7
:101F2000080ADDED090A9DED0A1ADDED0B1A0CB069
:101F30007047000080B588B0CDED071A8DED061A08
:101F4000CDED050A8DED040A9DED042ADDED052A8F
:101F50009DED063ADDED073AB0EE420AF0EE620A78
:101F6000B0EE431AF0EE631AFFF7A8FFCDED031AA7
:101F70008DED021ACDED010A8DED000A9DED000AEE
:101F8000DDED010A9DED021ADDED031A00F008F9FE
:101F900008B080BD80B588B0CDED031A8DED021A72
:101FA000CDED010A8DED000A9DED000ADDED010A7F
:101FB0009DED021ADDED031AFFF7BCFFFFF738FEB7
:101FC000B0EE402A9DED000ADDED010A9DED021AFA
:101FD000DDED031A00F0AEF8CDED071A8DED061A0F
:101FE000CDED050A8DED040A9DED040ADDED050A2F
:101FF0009DED061ADDED071A08B080BD8CB0CDED61
:10200000071A8DED061ACDED050A8DED040ACDED0A
:10201000033A8DED023ACDED012A8DED002A9DEDBA
:10202000040A9DED055A9DED063A9DED071A9DEDBA
:10203000006A9DED017A9DED024A9DED032A25EE91
:10204000075A20EE060A30EE450A23EE043A30EE37
:10205000430A21EE021A30EE410A8DED080A9DED89
:10206000007A9DED016A9DED022A9DED034A9DEDEA
:10207000043A9DED055A9DED060A9DED071A25EEE1
:10208000075A23EE063A33EE053A20EE040A30EE04
:10209000030A21EE021A30EE410A8DED090A9DED88
:1020A000004A9DED012A9DED026A9DED037A9DEDAA
:1020B000043A9DED055A9DED061A9DED070A25EEA1
:1020C000075A23EE063A33EE453A21EE041A31EE72
:1020D000031A20EE020A30EE010A8DED0A0A9DED88
:1020E000002A9DED014A9DED027A9DED036A9DED6A
:1020F000041A9DED055A9DED063A9DED070A25EE61
:10210000075A21EE061A31EE051A23EE043A31EE93
:10211000431A20EE020A30EE010A8DED0B0A9DED06
:10212000080ADDED090A9DED0A1ADDED0B1A0CB067
:102130007047000089B0CDED041A8DED031ACDED86
:10214000020A8DED010A8DED002A9DED010A9DED3B
:10215000001A20EE010A8DED050A9DED020A9DEDA3
:10216000001A20EE010A8DED060A9DED030A9DED91
:10217000001A20EE010A8DED070A9DED040A9DED7F
:10218000001A20EE010A8DED080A9DED050ADDED2D
:10219000060A9DED071ADDED081A09B07047000028
:1021A00084B0CDED031A8DED021ACDED010A8DED4F
:1021B000000A9DED000A9DED013A9DED022A9DED7C
:1021C000031A30EE030A30EE020A30EE010A04B0C0
:1021D0007047000080B588B0CDED041A8DED031A6C
:1021E000CDED020A8DED010A9DED011A9DED023A39
:1021F0009DED030A9DED042A21EE033A20EE020A2A
:1022000030EE030A22EE022A21EE011A31EE021A02
:10221000B6EE002A8DED002A71EE420A13F0C4F8E2
:1022200000F0B8F88DED050A9DED010A9DED021A4A
:102230009DED032A9DED043A21EE031A20EE020AD9
:1022400030EE410A30EE000AFFF7EEFB00F0A2F894
:102250009DED002A8DED060A9DED011A9DED023AD5
:102260009DED030A9DED044A21EE044A23EE000A87
:1022700030EE040A23EE033A21EE011A31EE031A7E
:1022800071EE420A13F090F800F084F88DED070A21
:102290009DED050ADDED060A9DED071A08B080BD2B
:1022A0008BB0CDED061A8DED051ACDED040A8DED3E
:1022B000030A8DED023ACDED012A8DED002A9DED48
:1022C000043A9DED050A9DED061A9DED004A9DED2F
:1022D000015A9DED022A20EE450A23EE043A30EE23
:1022E000430A21EE021A30EE410A8DED070A9DEDF8
:1022F000004A9DED012A9DED025A9DED030A9DEDD8
:10230000053A9DED061A23EE053A20EE040A30EE5A
:10231000030A21EE021A30EE410A8DED080A9DED06
:10232000002A9DED014A9DED025A9DED031A9DED97
:10233000043A9DED060A23EE053A21EE041A31EE29
:10234000431A20EE020A30EE010A8DED090A9DEDD6
:10235000002A9DED015A9DED024A9DED030A9DED77
:10236000043A9DED051A23EE053A20EE040A30EEFC
:10237000030A21EE021A30EE410A8DED0A0A9DEDA4
:10238000070ADDED080A9DED091ADDED0A1A0BB00A
:102390007047000081B08DED000A9DED000A9FEDB1
:1023A000031A20EE010A01B0704700BFE02E65421B
:1023B00089B08DED051ACDED040A8DED030ACDED42
:1023C000022A8DED012ACDED001A9DED030A9DED47
:1023D000001A30EE010A8DED060A9DED040A9DED0E
:1023E000011A30EE010A8DED070A9DED050A9DEDFB
:1023F000021A30EE010A8DED080A9DED060ADDEDA8
:10240000070A9DED081A09B07047000089B08DEDEC
:10241000051ACDED040A8DED030ACDED022A8DEDEE
:10242000012ACDED001A9DED030A9DED001A30EE54
:10243000010A8DED060A9DED040A9DED011A30EEAC
:10244000010A8DED070A9DED050A9DED021A30EE99
:10245000010A8DED080A9DED060ADDED070A9DEDE6
:10246000081A09B07047000089B08DED051ACDED4E
:10247000040A8DED030ACDED022A8DED012ACDED82
:10248000001A9DED013A9DED022A9DED040A9DED95
:10249000051A21EE031A20EE020A30EE410A8DEDF4
:1024A000060A9DED031A9DED050A9DED002A9DED9E
:1024B000023A21EE031A20EE020A30EE410A8DEDB7
:1024C000070A9DED003A9DED012A9DED030A9DED61
:1024D000041A21EE031A20EE020A30EE410A8DEDB5
:1024E000080A9DED060ADDED070A9DED081A09B000
:1024F0007047000080B58AB08DED091ACDED080A4D
:102500008DED070ACDED062A8DED052ACDED041AD5
:102510009DED070ADDED080A9DED091ADDED041AAF
:102520009DED052ADDED062A00F03EF88DED031A3B
:10253000CDED020A8DED010A9DED010ADDED020AE5
:102540009DED031A00F08AF90AB080BD89B08DEDC7
:10255000051ACDED040A8DED030ACDED022A8DEDAD
:10256000012ACDED001A9DED030A9DED001A20EE23
:10257000010A8DED060A9DED040A9DED011A20EE7B
:10258000010A8DED070A9DED050A9DED021A20EE68
:10259000010A8DED080A9DED060ADDED070A9DEDA5
:1025A000081A09B07047000089B08DED051ACDED0D
:1025B000040A8DED030ACDED022A8DED012ACDED41
:1025C000001A9DED030A9DED001A20EE010A8DED23
:1025D000060A9DED040A9DED011A20EE010A8DED1B
:1025E000070A9DED050A9DED021A20EE010A8DED08
:1025F000080A9DED060ADDED070A9DED081A09B0EF
:102600007047000084B08DED031ACDED020A8DED08
:10261000010A9DED010A0020B5EE400AF1EE10FA24
:10262000009015D1FFE79DED020A0020B5EE400AAB
:10263000F1EE10FA00900BD1FFE79DED030A0020A8
:10264000B5EE400AF1EE10FA08BF01200090FFE756
:10265000009800F0010004B07047000080B586B01B
:102660008DED051ACDED040A8DED030ADDED031A9B
:102670009DED042ADDED052AB0EE610AF0EE420A76
:10268000B0EE621AFFF790FF8DED021ACDED010A50
:102690008DED000A9DED000ADDED010A9DED021AA7
:1026A00000F0DCF806B080BD80B586B08DED021A72
:1026B000CDED010A8DED000A9DED000ADDED010A68
:1026C0009DED021AFFF7CAFFFFF7B2FAF0EE401ACB
:1026D0009DED000ADDED010A9DED021A00F00EF8F5
:1026E0008DED051ACDED040A8DED030A9DED030A6B
:1026F000DDED040A9DED051A06B080BD87B08DEDB5
:10270000031ACDED020A8DED010ACDED001A9DED03
:10271000010A9DED001A20EE010A8DED040A9DEDDF
:10272000020A9DED001A20EE010A8DED050A9DEDCD
:10273000030A9DED001A20EE010A8DED060A9DEDBB
:10274000040ADDED050A9DED061A07B0704700008A
:1027500087B08DED031ACDED020A8DED010ACDEDA6
:10276000001A9DED010A9DED001A20EE010A8DED83
:10277000040A9DED020A9DED001A20EE010A8DED7E
:10278000050A9DED030A9DED001A20EE010A8DED6C
:10279000060A9DED040ADDED050A9DED061A07B057
:1027A0007047000089B08DED051ACDED040A8DED5E
:1027B000030ACDED022A8DED012ACDED001A9DED23
:1027C000030A9DED001A30EE410A8DED060A9DEDDB
:1027D000040A9DED011A30EE410A8DED070A9DEDC8
:1027E000050A9DED021A30EE410A8DED080A9DEDB5
:1027F000060ADDED070A9DED081A09B070470000D2
:1028000089B08DED051ACDED040A8DED030ACDEDED
:10281000022A8DED012ACDED001A9DED030A9DEDF2
:10282000001A30EE410A8DED060A9DED040A9DED79
:10283000011A30EE410A8DED070A9DED050A9DED66
:10284000021A30EE410A8DED080A9DED060ADDED13
:10285000070A9DED081A09B07047000083B08DED9E
:10286000021ACDED010A8DED000A9DED000A9DEDE5
:10287000012A9DED021A30EE020A30EE010A03B081
:10288000704700007047000080B582B08DF80700E7
:1028900040F2B800C2F20000026A9DF807109047AB
:1028A00002B080BD80B582B08DF8070040F2F40020
:1028B000C2F20000026A9DF80710904702B080BD86
:1028C00080B582B08DF8070040F23010C2F20000EF
:1028D000026A9DF80710904702B080BD80B582B0B3
:1028E00040F25C20C2F20000426A6946904720B183
:1028F000FFE74FF0FF3001900BE040F25C20C2F2A6
:102900000000026A0099B1FA81F1490990470190EB
:10291000FFE7019802B080BD80B50DF06BFC80BD73
:1029200080B582B0019001980DF096FC02B080BD98
:1029300080B586B005900491039200200290FFE7D5
:10294000029802284CDCFFE70598029A00EB82000F
:1029500090ED000A40F23840C2F2000000EB820025
:1029600040F20401C2F20001009101EB82010FF07C
:10297000D7FA0498029A00EB820090ED000A40F228
:102980004440C2F2000000EB820040F21001C2F2AB
:102990000001019101EB82010FF0C2FA009A019847
:1029A000059B029903EB810393ED000A02EB810280
:1029B000D2ED000A049A02EB810292ED001A00EBBC
:1029C0008100D0ED001A0DF04FFB0398029900EB47
:1029D000810080ED000AFFE7029801300290AFE726
:1029E00006B080BD80B5102002F0BCFC80BD0000A8
:1029F00072B6FFE7FEE7000080B540F6F000C2F2D5
:102A0000000002F069F880BD80B540F6F000C2F227
:102A1000000002F061F880BD83B002904AF60040E9
:102A2000C4F200000090029800684AF60001C4F267
:102A30000001884205D1FFE7009800F5547000902E
:102A4000FFE700980299086402980068D0F88000B7
:102A500020F4F810029A1168526B40EA0240C1F863
:102A60008000009870300299486402980068D0F89D
:102A7000800020F07060029A1168926B40EA026058
:102A8000C1F880000098B03002998864009800F581
:102A9000C4700299C864009800F51870029908651E
:102AA000009800F51E700299486500980190FFE7B4
:102AB0000198009901F55471884208D2FFE7019905
:102AC00000200860FFE7019804300190F0E703B0B0
:102AD0007047000088B0079006910592049306980D
:102AE000406848B9FFE706980168826800691043AA
:102AF00040EA8140039009E0069801688268006915
:102B00001043084340F080400390FFE70698D0F858
:102B100020C0C16842698369C06940EA0C601843FB
:102B2000104340EA014002900798406D049901EB80
:102B3000C10100EBC1000190039801990860019860
:102B400004300190029801990860019804300190C6
:102B500000200090FFE700980699CA6846F25C31B1
:102B6000C0F60101895C88420DD2FFE70598009903
:102B7000405801990860019804300190FFE70098DF
:102B800004300090E7E708B07047000080B58CB0D3
:102B90008DED081ACDED070A8DED060ACDED052A5B
:102BA0008DED042ACDED031A9DED060ADDED070A31
:102BB0009DED081ADDED031A9DED042ADDED052AD1
:102BC000FFF798FCB5EE400AF1EE10FA23DAFFE7C2
:102BD0009DED060ADDED070A9DED081ADDED031AED
:102BE0009DED042ADDED052AFFF73EFC8DED021A6E
:102BF000CDED010A8DED000A9DED000ADDED010A23
:102C00009DED021AFFF750FD8DED0B1ACDED0A0A6E
:102C10008DED090A14E09DED060ADDED070A9DED34
:102C2000081ADDED031A9DED042ADDED052AFFF7F4
:102C30001BFC8DED0B1ACDED0A0A8DED090AFFE79D
:102C40009DED090ADDED0A0A9DED0B1A0CB080BD61
:102C500080B540F65400C2F2000001F021F880BDBA
:102C600040F21070C2F200000068704780B5C0B03A
:102C700020901F9100208DF87B001B901F98C0684A
:102C80000021C4F27F01884201D0FFE700E0FFE7A6
:102C9000FFE7209890F85400012804D1FFE70220B4
:102CA0008DF88700FDE32099012081F85400FFE7AB
:102CB000FFE7209800680CF05DFA002840F0DD8303
:102CC000FFE71F980068012810D0FFE71F980068F1
:102CD0000221C0F2304188420DD1FFE71F98C06841
:102CE0000021C4F27F01884205D1FFE720980068E7
:102CF0000CF0E0F9FFE7209800681F990A6849681E
:102D00000CF040FA209800680CF034FA1A902098E1
:102D100000680CF00FFA19901A98002840F0B8815A
:102D2000FFE71998002840F0B381FFE71F988068FB
:102D3000B0F1004F0ED1FFE7209800681F99096895
:102D400000220CF03DFA209800684FF000410CF092
:102D5000E3FA0CE0209800681F9A116892680CF062
:102D60002FFA2098006800210CF0D6FAFFE71F9890
:102D7000406920990968C96801F0180189088840EC
:102D80001D901F98006904281CD0FFE72098006858
:102D90001F990A6809691D9B0CF064FA2098006865
:102DA0001F9A116992690CF08FFA209800681F9A97
:102DB0001169127F013AB2FA82F2520952060CF0FE
:102DC0006FFA64E12098006800210CF0A3F9000379
:102DD00048B9FFE72098006800210CF09BF9C0F388
:102DE0008460189018E02098006800210CF092F997
:102DF00090FAA0F03E903E9820B9FFE720208DF891
:102E0000FF0005E03E98B0FA80F08DF8FF00FFE784
:102E10009DF8FF001890FFE7189817901F9800681A
:102E2000000330B9FFE71F980068C0F38460169074
:102E300015E01F98006890FAA0F03C903C9820B9EB
:102E4000FFE720208DF8F70005E03C98B0FA80F00D
:102E50008DF8F700FFE79DF8F7001690FFE7179849
:102E60001699884207D1FFE7209800680022114692
:102E70000CF03EFAFFE72098006801210CF04AF9B7
:102E8000000348B9FFE72098006801210CF042F9DF
:102E9000C0F38460159018E02098006801210CF0C0
:102EA00039F990FAA0F03A903A9820B9FFE720203B
:102EB0008DF8EF0005E03A98B0FA80F08DF8EF0059
:102EC000FFE79DF8EF001590FFE7159814901F9805
:102ED0000068000330B9FFE71F980068C0F3846002
:102EE000139015E01F98006890FAA0F03890389879
:102EF00020B9FFE720208DF8E70005E03898B0FA08
:102F000080F08DF8E700FFE79DF8E7001390FFE7FA
:102F100014981399884207D1FFE72098006801218F
:102F200000220CF0E5F9FFE72098006802210CF080
:102F3000F1F8000348B9FFE72098006802210CF07F
:102F4000E9F8C0F38460129018E02098006802212C
:102F50000CF0E0F890FAA0F03690369820B9FFE730
:102F600020208DF8DF0005E03698B0FA80F08DF86B
:102F7000DF00FFE79DF8DF001290FFE71298119045
:102F80001F980068000330B9FFE71F980068C0F37E
:102F90008460109015E01F98006890FAA0F03490BB
:102FA000349820B9FFE720208DF8D70005E0349849
:102FB000B0FA80F08DF8D700FFE79DF8D7001090A9
:102FC000FFE711981099884207D1FFE72098006821
:102FD000022100220CF08CF9FFE720980068032101
:102FE0000CF098F8000348B9FFE720980068032127
:102FF0000CF090F8C0F384600F9018E020980068FF
:1030000003210CF087F890FAA0F03290329820B9A2
:10301000FFE720208DF8CF0005E03298B0FA80F06D
:103020008DF8CF00FFE79DF8CF000F90FFE70F98D6
:103030000E901F980068000330B9FFE71F980068E2
:10304000C0F384600D9015E01F98006890FAA0F01E
:103050003090309820B9FFE720208DF8C70005E0B8
:103060003098B0FA80F08DF8C700FFE79DF8C700F0
:103070000D90FFE70E980D99884207D1FFE7209841
:103080000068032100220CF033F9FFE7FFE7FFE7B8
:10309000209800680CF05EF8002840F04481FFE7BB
:1030A000209800681F9A1168D2680CF0A5F81F9844
:1030B000C0680021C4F27F01884240F03381FFE7FD
:1030C000209800680C901F980068000330B9FFE753
:1030D0001F980068C0F384600B9015E01F9800688B
:1030E00090FAA0F02E902E9820B9FFE720208DF8BE
:1030F000BF0005E02E98B0FA80F08DF8BF00FFE722
:103100009DF8BF000B90FFE70B98013000F01F0007
:1031100009287DD8FFE71F980068000330B9FFE752
:103120001F980068C0F384600A9015E01F9800683B
:1031300090FAA0F02C902C9820B9FFE720208DF871
:10314000B70005E02C98B0FA80F08DF8B700FFE7E3
:103150009DF8B7000A90FFE70A98013000F01F00C1
:10316000800609901F980068000330B9FFE71F9898
:103170000068C0F38460089015E01F98006890FA1A
:10318000A0F02A902A9820B9FFE720208DF8AF0000
:1031900005E02A98B0FA80F08DF8AF00FFE79DF8BF
:1031A000AF000890FFE709980899013101F01F026C
:1031B00001219140084307901F980068000330B92F
:1031C000FFE71F980068C0F38460069015E01F9821
:1031D000006890FAA0F02890289820B9FFE72020F6
:1031E0008DF8A70005E02898B0FA80F08DF8A700C8
:1031F000FFE79DF8A7000690FFE7079806990131C1
:1032000001F01F0101EB410140EA0150059082E00D
:103210001F980068000330B9FFE71F980068C0F3EB
:103220008460049015E01F98006890FAA0F0269042
:10323000269820B9FFE720208DF89F0005E026980A
:10324000B0FA80F08DF89F00FFE79DF89F00049092
:10325000FFE70498013000F01F00800603901F98DC
:103260000068000330B9FFE71F980068C0F384606E
:10327000029015E01F98006890FAA0F0249024981E
:1032800020B9FFE720208DF8970005E02498B0FAD8
:1032900080F08DF89700FFE79DF897000290FFE718
:1032A00003980299013101F01F0201219140084366
:1032B00001901F980068000330B9FFE71F9800686D
:1032C000C0F38460009015E01F98006890FAA0F0A9
:1032D0002290229820B9FFE720208DF88F0005E08A
:1032E0002298B0FA80F08DF88F00FFE79DF88F00EC
:1032F0000090FFE701990098013000F01F0000EBFB
:1033000040020020CFF6206000EB0250084340F05E
:1033100000700590FFE70C9805991F9A92680BF0D2
:103320004FFFFFE7FFE71F98408848F20801084277
:1033300000F0A280FFE748F20030C4F202200BF058
:10334000E1FE1C901F9800680021CCF221318842D8
:1033500033D1FFE79DF87200000600282DD4FFE767
:103360002098006848F20001C4F20221884223D16B
:10337000FFE71C9840F4000148F20030C4F202203C
:103380000BF062FF40F21C00C2F2000000688009EE
:1033900042F66351C0F23E51A0FB011081090220A8
:1033A00000EB41001B90FFE71B9820B1FFE71B9843
:1033B00001381B90F8E7FFE75DE01F9800680021E7
:1033C000C4F22931884219D1FFE79DF87300C00784
:1033D000A0B9FFE72098006848F20011C4F202216A
:1033E00088420AD1FFE71C9840F0807148F2003013
:1033F000C4F202200BF028FFFFE73BE01F980068B3
:103400000021CCF2527188421AD1FFE79DF8720078
:103410004006002814D4FFE72098006848F2000115
:10342000C4F2022188420AD1FFE71C9840F48001CF
:1034300048F20030C4F202200BF006FFFFE718E06C
:103440001F9800680021C4F25A7188420FD1FFE72B
:103450002098006848F20001C4F20221884205D099
:10346000FFE7209800680BF031FEFFE700E0FFE780
:10347000FFE7FFE7FFE7FFE708E02099886D40F0EE
:103480002000886501208DF87B00FFE7FFE7209989
:10349000002081F85400FFE79DF87B008DF887003D
:1034A000FFE79DF8870040B080BD000080B588B080
:1034B000069000208DF817000190069820B9FFE7CC
:1034C00001208DF81F004FE10698006940B1FFE729
:1034D000069890F82000012801D1FFE7FFE7FFE7F9
:1034E0000698806D50B9FFE7069800F041F90699FB
:1034F0000020C865069981F85400FFE70698006827
:103500000BF020FE28B1FFE7069800680BF0C6FD1F
:10351000FFE7069800680BF025FEF0B9FFE7069874
:1035200000680BF0DFFD40F21C00C2F200000068F2
:10353000800942F66351C0F23E51A0FB011081099F
:10354000022000EB41000190FFE7019820B1FFE766
:10355000019801380190F8E7FFE7069800680BF042
:1035600001FE70B9FFE70699886D40F0100088658C
:103570000699C86D40F00100C86501208DF817005C
:10358000FFE7069800680BF0F5FD03900698806D44
:10359000C006002800F1DA80FFE70398002840F019
:1035A000D580FFE70698806D40F0020020F480701F
:1035B00006998865069800680BF0CCFDE0B9FFE736
:1035C00048F20000C4F202200BF0C4FD009048F263
:1035D0000010C4F202200BF0BDFD01460098084324
:1035E00048B9FFE70698416848F20030C4F202206B
:1035F0000BF01CFEFFE7FFE706994A7E886B40EA66
:1036000042308A68CB681843104391F8201040EA92
:1036100001400490069890F8200001280BD1FFE7A4
:103620000698416A0020CFF6FE7000EB41410498F5
:1036300008430490FFE70698806A50B1FFE70699B7
:10364000886AC96A00F478700143049808430490BA
:10365000FFE706980068C06844F20701CFF6F071F2
:1036600008400499084306990968C86006980068EC
:10367000006920F04060069A1168126B10430861DF
:10368000069800680BF056FD02900398E8BBFFE730
:103690000298D0BBFFE70699087E91F834108003AA
:1036A00040EA4100049006980068C06844F20201B4
:1036B00088430499084306990968C860069890F8F9
:1036C0003C00012819D1FFE706980068006940F224
:1036D000FD7120EA0102069B1968186CD3F844E0DA
:1036E000D3F848C040EA0E0040EA0C00DB6C1843F7
:1036F000104340F00100086106E00698016808697F
:1037000020F001000861FFE7FFE706980069012843
:103710000CD1FFE706980068006B20F00F00069AB6
:103720001168D269013A1043086306E006980168FF
:10373000086B20F00F000863FFE70698806D40F0EB
:10374000010020F002000699886508E00699886D5E
:1037500040F01000886501208DF81700FFE79DF804
:1037600017008DF81F00FFE79DF81F0008B080BD0F
:1037700080B5CCB04B9000204A904990489047903B
:10378000469004A84FF48471FCF7C8FD4B9800687C
:1037900048F20001C4F20221884245D1FFE700202F
:1037A00005904FF400110491399004A805F07EFAB9
:1037B00018B1FFE7FFF71CF9FFE740F27440C2F2CF
:1037C00000000168013101600068012810D1FFE7A5
:1037D000FFE740F68C40C4F20240016841F480618A
:1037E0000160006800F4806003900398FFE7FFE742
:1037F000FFE740F68C40C4F20240016841F001014D
:103800000160006800F0010002900298FFE70220CA
:10381000469003204790002048900020C4F20220E8
:1038200046A901F0D7FD4EE04B98006848F2001120
:10383000C4F20221884245D1FFE7002005904FF4F1
:1038400000110491399004A805F030FA18B1FFE78F
:10385000FFF7CEF8FFE740F27440C2F200000168C3
:10386000013101600068012810D1FFE7FFE740F651
:103870008C40C4F20240016841F48061016000683C
:1038800000F4806001900198FFE7FFE7FFE740F652
:103890008C40C4F20240016841F0010101600068FF
:1038A00000F0010000900098FFE7082046900320F8
:1038B0004790002048900020C4F2022046A901F061
:1038C00089FDFFE7FFE74CB080BD000087B00690A0
:1038D0000591049200208DF80F001F2002909DF8A2
:1038E0001400C00720B9FFE701208DF80F004BE05E
:1038F000FFE70299481E02900020019051B1FFE7B6
:103900000598029901F01F0120FA01F10120884376
:103910000190FFE70198C00708B1FFE7E9E70498C5
:10392000009018282BD80099DFE801F028292929D0
:10393000292929291F292929292929291629292914
:10394000292929290D000298072804D3FFE701201F
:103950008DF80F00FFE716E00298082804D3FFE770
:1039600001208DF80F00FFE70DE00298102804D326
:10397000FFE701208DF80F00FFE704E003E00120DE
:103980008DF80F00FFE7FFE79DF80F0078B9FFE71C
:10399000059806990968486106980068806820F0D3
:1039A000180004990843069909688860FFE79DF8A4
:1039B0000F0007B07047000080B582B000900098FB
:1039C00020B9FFE701208DF8070057E00098407FFD
:1039D00038B9FFE7009900200877009800F052F806
:1039E000FFE70099022048770098007980B9FFE747
:1039F0000098016841F6B750C0F2C1404861009894
:103A00000068806820F018000099096888600BE061
:103A100000988168C268FFF759FF20B1FFE70120D5
:103A20008DF807002AE0FFE70098407930B9FFE7FA
:103A3000009801684FF0FF30086104E000980168C9
:103A400000690861FFE700980068806820F0600066
:103A5000009A116852691043886000980068806875
:103A600020F08000009A11689269104388600099E4
:103A70000120487700208DF80700FFE79DF8070038
:103A800002B080BD82B001900198006843F200014D
:103A9000C4F20201884210D1FFE7FFE740F68840F8
:103AA000C4F20240016841F480510160006800F4F2
:103AB000805000900098FFE7FFE702B070470000D9
:103AC00080B584B0029001F029FE0190029820B9DF
:103AD000FFE701208DF80F0079E0029890F854007C
:103AE00002280DD0FFE7029920208865FFE70299A0
:103AF000002081F84C00FFE701208DF80F0066E000
:103B000002980168486940F0040048610299052064
:103B100081F85400FFE702980068006980040028DB
:103B200027D4FFE701F0FAFD0199401A06281FD3B8
:103B3000FFE70299886D40F0100088650299032024
:103B400081F85400029890F850000006002805D52E
:103B5000FFE70298416F01200873FFE7FFE7029932
:103B6000002081F84C00FFE701208DF80F002EE0C7
:103B7000D1E702980168486940F002004861029963
:103B8000042081F85400029801684FF4FE40C86098
:103B90000299012081F85400029890F85000000624
:103BA000002809D5FFE70298416F012008730298A9
:103BB000016800208864FFE7FFE70299002081F890
:103BC0004C00FFE7FFE700208DF80F00FFE79DF8AE
:103BD0000F0004B080BD000082B00090009820B9B2
:103BE000FFE701208DF807001CE0009890F85400D2
:103BF000022807D0FFE700992020886501208DF872
:103C000007000FE00099042081F854000098016833
:103C1000486942F2040210434861FFE700208DF832
:103C20000700FFE79DF8070002B0704785B00390DA
:103C30000291039820B9FFE701208DF813002AE0D4
:103C40000398006840F6FF7188430190039800686C
:103C50005038C0F3C4110120884000909DF808003E
:103C6000C006002813D5FFE7029800F011001128C4
:103C700006D1FFE7009A019948681043486005E0C3
:103C8000009A0199486890434860FFE7FFE70020E9
:103C90008DF81300FFE79DF8130005B07047000092
:103CA00080B584B003900398006840F6FF718843A4
:103CB0000290039800685038C0F3C4110120884076
:103CC00001900298C068019908400090009808B9D6
:103CD000FFE74DE10398006800694005002813D50F
:103CE000FFE7039800684069400500280BD5FFE70F
:103CF000039801684FF48060C8600399886D40F0B4
:103D000001008865FFE7FFE7039800680069000588
:103D1000002813D5FFE703980068406900050028D4
:103D20000BD5FFE7039801684FF40060C860039962
:103D3000886D40F002008865FFE7FFE703980068A0
:103D40000069C004002813D5FFE7039800684069A4
:103D5000C00400280BD5FFE7039801684FF480509A
:103D6000C8600399886D40F004008865FFE7FFE7AD
:103D70000398006800694004002813D5FFE7039802
:103D800000684069400400280BD5FFE703980168EC
:103D90004FF48040C8600399886D40F00800886542
:103DA000FFE7FFE70398006800698005002816D543
:103DB000FFE7039800684069800500280ED5FFE7FB
:103DC000039801684FF40070C8600398406E20B1FA
:103DD000FFE70398416E8847FFE7FFE7FFE7039897
:103DE000006800698004002850D5FFE70398006848
:103DF00040698004002848D5FFE7039801684FF424
:103E00000050C860039890F8540004282FD1FFE7B1
:103E100003980168486920F40050486103980168DC
:103E2000486940F0020048610399012081F854007C
:103E3000039890F850000006002809D5FFE7039882
:103E4000416F012008730398016800208864FFE730
:103E5000FFE70399002081F84C00FFE70398C06E4C
:103E600020B1FFE70398C16E8847FFE780E0039920
:103E7000052081F854000398006F20B1FFE70398F4
:103E8000016F8847FFE7FFE7FFE7FFE70398006858
:103E90000069C005002842D5FFE703980068406923
:103EA000C00500283AD5FFE7039890F850000006B7
:103EB000002814D5FFE703980068C06F70B9FFE7CA
:103EC00003980068806C40B9FFE70399012081F8EE
:103ED00054000399496F0873FFE7FFE70AE003986E
:103EE0000068806C28B9FFE70399012081F854002D
:103EF000FFE7FFE7039801684FF44070C860FFE7F1
:103F00000399002081F84C00FFE70398006E20B170
:103F1000FFE70398016E8847FFE7FFE7FFE7039895
:103F2000806D28B3FFE703980168486940F00200FC
:103F300048610399012081F85400039890F85000DB
:103F40000006002805D5FFE70398416F012008739C
:103F5000FFE7FFE70399002081F84C00FFE7039893
:103F6000806E20B1FFE70398816E8847FFE7FFE787
:103F700004B080BD80B584B0029001F0CFFB019009
:103F8000029820B9FFE701208DF80F00CEE10298DA
:103F9000C068B0F5007F01D0FFE7FFE70298406BF3
:103FA000B0F5805F01D1FFE7FFE7029801680120CB
:103FB0005022C4F202029142009000F06781FFE7B4
:103FC0000298016801205022C5F20202914200903D
:103FD00000F05C81FFE7029801680120D022C4F262
:103FE00002029142009000F05181FFE702980168BF
:103FF0000120D022C5F202029142009000F04681D9
:10400000FFE702980168012040F25012C4F2020258
:104010009142009000F03A81FFE702980168012088
:1040200040F25012C5F202029142009000F02E813F
:10403000FFE702980168012040F2D012C4F20202A8
:104040009142009000F02281FFE702980168012070
:1040500040F2D012C5F202029142009000F01681A7
:10406000FFE702980168012040F25022C4F20202E8
:104070009142009000F00A81FFE702980168012058
:1040800040F25022C5F202029142009000F0FE8000
:10409000FFE702980168012040F2D022C4F2020238
:1040A0009142009000F0F280FFE702980168012041
:1040B00040F2D022C5F202029142009000F0E68068
:1040C000FFE702980168012040F25032C4F2020278
:1040D0009142009000F0DA80FFE702980168012029
:1040E00040F25032C5F202029142009000F0CE80C0
:1040F000FFE702980168012040F2D032C4F20202C8
:104100009142009000F0C280FFE702980168012010
:1041100040F2D032C5F202029142009000F0B68027
:10412000FFE702980168012041F25002C4F2020246
:104130009142009000F0AA80FFE7029801680120F8
:1041400041F25002C5F202029142009000F09E80BE
:10415000FFE702980168012041F2D002C4F2020296
:104160009142009000F09280FFE7029801680120E0
:1041700041F2D002C5F202029142009000F0868026
:10418000FFE702980168012041F25012C4F20202D6
:10419000914200907AD0FFE702980168012041F235
:1041A0005012C5F20202914200906FD0FFE70298D0
:1041B0000168012041F2D012C4F202029142009043
:1041C00064D0FFE702980168012041F2D012C5F2E5
:1041D00002029142009059D0FFE702980168012045
:1041E00041F25022C4F20202914200904ED0FFE709
:1041F00002980168012041F25022C5F20202914268
:10420000009043D0FFE702980168012041F2D022DC
:10421000C4F202029142009038D0FFE70298016890
:10422000012041F2D022C5F20202914200902DD02D
:10423000FFE702980168012041F25032C4F2020205
:104240009142009022D0FFE702980168012041F2DC
:104250005032C5F202029142009017D0FFE7029857
:104260000168012041F2D032C4F202029142009072
:104270000CD0FFE7029800684EF63041CAF6FD7197
:104280000844B0FA80F040090090FFE70098C007AA
:1042900008B1FFE7FFE7FFE70299002081F84C0033
:1042A000FFE7029890F8540060B9FFE702990020F8
:1042B000086602994866029988660299C86602995A
:1042C0000867FFE70299022081F85400029801680C
:1042D000486940F006004861FFE7029800684069BD
:1042E000C00798B1FFE701F019FA0199401A0628B2
:1042F0000BD3FFE70299102088650299032081F80B
:10430000540001208DF80F0010E0E6E70298FCF75A
:104310004FFB0299486B0865029900208865029A54
:10432000012182F854108DF80F00FFE79DF80F006F
:1043300004B080BD80B584B0039001F0EFF9029025
:10434000039801900198013048B1FFE740F2044022
:10435000C2F200000178019808440190FFE7FFE7EE
:1043600001F0DCF90299401A0199884201D2FFE775
:10437000F6E704B080BD000086B00490039102927D
:10438000049890F85C008DF80700BDF80C0010F45C
:10439000C07F01D0FFE7FFE79DF80700012806D0A6
:1043A000FFE79DF80700022840F0DE80FFE7049851
:1043B0000068806D00909DF80C00400730B1FFE769
:1043C0009DF80000C007002847D0FFE79DF80C00CB
:1043D00010F0380F06D0FFE79DF800008007002896
:1043E0003BD5FFE7BDF80C0010F4E07F06D0FFE7F7
:1043F0009DF80000400700282FD5FFE79DF80D002D
:1044000010F01E0F06D0FFE79DF8000000070028FF
:1044100023D5FFE79DF80D0010F0E00F06D0FFE771
:104420009DF80000C006002817D5FFE79DF80E0094
:10443000800730B1FFE79DF80000800600280CD50A
:10444000FFE79DF80E0010F0FC0F0DD0FFE79DF880
:1044500000004006002807D4FFE704980168C86DF3
:1044600040F00100C865FFE79DF80C00400730B13F
:10447000FFE79DF80000C007002847D1FFE79DF83F
:104480000C0010F0380F06D0FFE79DF80000800701
:1044900000283BD4FFE7BDF80C0010F4E07F06D005
:1044A000FFE79DF80000400700282FD4FFE79DF8A4
:1044B0000D0010F01E0F06D0FFE79DF8000000076A
:1044C000002823D4FFE79DF80D0010F0E00F06D080
:1044D000FFE79DF80000C006002817D4FFE79DF80D
:1044E0000E00800730B1FFE79DF80000800600282D
:1044F0000CD4FFE79DF80E0010F0FC0F0DD0FFE785
:104500009DF800004006002807D5FFE704980168E1
:10451000C86D40F00200C865FFE79DF80C0000067A
:10452000002809D5FFE7029A04980168D1F8DC0059
:104530001043C1F8DC00FFE79DF80D00C00748B14B
:10454000FFE7029A04980168D1F8E0001043C1F82F
:10455000E000FFE7039A04980168486D104348653E
:1045600000208DF8170008E00499086E40F0020062
:10457000086601208DF81700FFE79DF8170006B0C8
:104580007047000080B586B00490039102920398B2
:10459000406808B9FFE700E0FFE7049890F85C0086
:1045A00002282FD1FFE704980068D0F8C4008002E9
:1045B000002809D5FFE70499086E40F400700866EA
:1045C00001208DF8170026E004980068D0F8C40098
:1045D000C0F30140019004980399029A019BFEF7F1
:1045E00079FA0199012000FA01F1049A1268C2F8DF
:1045F000CC100199884004998865FFE700208DF868
:10460000170008E00499086E40F0080008660120D1
:104610008DF81700FFE79DF8170006B080BD000079
:1046200087B005900491059890F85C008DF8030020
:104630009DF80300012805D0FFE79DF8030002283C
:104640003CD1FFE704980068B8B9FFE7049988688F
:10465000CB680A694969800740EAC36040EA0240C2
:10466000084303900598006C0499496800EB8100A9
:1046700001900398019908601CE00498C1680069E2
:1046800040EA4170039004988168406940EA817073
:1046900002900598406C0499496800EBC1000190B4
:1046A00003980199086001980430019002980199DB
:1046B0000860FFE700208DF81B0008E00599086EF0
:1046C00040F00200086601208DF81B00FFE79DF80E
:1046D0001B0007B07047000085B0DDF814C00390E0
:1046E000029101920093039890F85C00012819D17F
:1046F000FFE703980068D0F8800020F03F0002999F
:104700000901019A41EA8201009A41EA4201059AAF
:104710001143084303990968C1F8800000208DF80F
:10472000130008E00399086E40F0040008660120B9
:104730008DF81300FFE79DF8130005B070470000E7
:1047400085B0039002910192039890F85C008DF877
:1047500003009DF80300012805D0FFE79DF8030042
:10476000022816D1FFE70198012807D1FFE7029A36
:1047700003980168886D9043886506E0029A039863
:104780000168886D10438865FFE700208DF81300ED
:1047900008E00399086E40F00200086601208DF8D9
:1047A0001300FFE79DF8130005B0704781B000903B
:1047B00001B0704782B001900091019840F6F0017D
:1047C000C2F2000188420DD1FFE79DF80200000708
:1047D000002807D5FFE740F61461C2F2000101206E
:1047E0000870FFE702B0704783B002900191029811
:1047F0000068406C0090009800F007000199086084
:104800000098C0F3022001994860009800F0180059
:10481000019988600098C0F340100199C860009821
:10482000C0F38010019908619DF80000C00901994A
:1048300048610098C0F3C020019988610098C0F3D6
:1048400000300199C8610098C0F3403001990862B6
:104850000098C0F38030019948620098C0F3064088
:1048600001998862002003B07047000083B0029075
:1048700001910198402808D1FFE702980068D0F81C
:10488000900000F00F00009007E002980068D0F858
:10489000980000F00F000090FFE7009803B0704709
:1048A0008AB008900791069205930020019008981D
:1048B00090F85C008DF803009DF80300022840F09A
:1048C000FA80FFE7079840283ED1FFE70898006884
:1048D000D0F89000000748B9FFE70899086E40F447
:1048E0008070086601208DF82700EDE008980068C8
:1048F000D0F8900000F080710120B0EB116F0FD163
:10490000FFE708980068D0F8800000F400710120EB
:10491000B0EB512F03D1FFE701200190FFE7FFE744
:1049200008980068D0F8900000F44071019800EBFE
:10493000112001900898806C019901EBC10100EBF6
:10494000C1000490FFE73DE008980068D0F89800A7
:10495000000748B9FFE70899086E40F480700866C0
:1049600001208DF82700AFE008980068D0F8980083
:1049700000F080710120B0EB116F0FD1FFE70898B4
:104980000068D0F8800000F480710120B0EB112F96
:1049900003D1FFE701200190FFE7FFE708980068D7
:1049A000D0F8980000F44071019800EB11200190BC
:1049B0000898C06C019901EBC10100EBC1000490A3
:1049C000FFE7FFE70498006800F080400699486020
:1049D0000698406838B9FFE704980068C0F38A4039
:1049E0000699086006E00498006820F06040069987
:1049F0000860FFE70498006800F00050069988609E
:104A00000498006800F0004006990861049804309A
:104A10000490049800880699C86104980068C0F35F
:104A200003400699C8600498006800F48010069955
:104A300048610498006800F40010069988610498A1
:104A40000068C0F306600699086204980068C00F09
:104A5000069948620498043004900498039000205A
:104A60000290FFE702980699CA6846F25C31C0F6E8
:104A70000101895C88420AD2FFE70398029A805CB0
:104A800005998854FFE7029801300290EAE70798F9
:104A9000402806D1FFE7019808990968C1F89400F9
:104AA00005E0019808990968C1F89C00FFE700201B
:104AB0008DF8270008E00899086E40F008000866A5
:104AC00001208DF82700FFE79DF827000AB0704706
:104AD00081B0009001B0704780B58AB00990099804
:104AE0000068006D00F4E050089009980068416D7E
:104AF00008980840089009980068006D00F00700C9
:104B0000079009980068416D079808400790099838
:104B10000068006D00F03800069009980068416D4B
:104B200006980840069009980068006D00F471002E
:104B3000059009980068416D05980840059009980E
:104B40000068006D00F46020049009980068416DD1
:104B500004980840049009980068406D01900998F5
:104B60000068006D00909DF8000000F040010020FA
:104B7000B0EB911F12D0FFE79DF8040000F0400158
:104B80000020B0EB911F08D0FFE709980168402092
:104B900008650998FFF79CFFFFE7FFE79DF8010014
:104BA000C007E0B1FFE79DF80500C007B0B1FFE71F
:104BB00009980068D0F8D800029009980068D0F8E9
:104BC000E010029808400290099801684FF4807044
:104BD00008650998029900F09DFBFFE7FFE7089838
:104BE00048B1FFE708980999096808650998089984
:104BF00000F09CFBFFE7079848B1FFE70798099989
:104C0000096808650998079900F0D0FAFFE7069847
:104C100048B1FFE706980999096808650998069957
:104C200000F0D6FAFFE79DF8010000F00201002035
:104C3000B0EB510F13D0FFE79DF8050000F0020123
:104C40000020B0EB510F09D0FFE7099801684FF43D
:104C500000700865099800F06FFBFFE7FFE79DF81B
:104C600000100020B0EBD11F1DD0FFE79DF804100D
:104C70000020B0EBD11F15D0FFE709980068D0F8ED
:104C8000D400039009980068D0F8DC10039808401D
:104C9000039009980168802008650998039900F03D
:104CA0003FFBFFE7FFE79DF8010000F02001002037
:104CB000B0EB511F13D0FFE79DF8050000F0200175
:104CC0000020B0EB511F09D0FFE7099801684FF4AD
:104CD00000500865099800F019FBFFE7FFE79DF811
:104CE00001100020B0EBD11F11D0FFE79DF8051097
:104CF0000020B0EBD11F09D0FFE7099801684FF4FD
:104D000000400865099800F0FDFAFFE7FFE79DF80D
:104D1000010000F040010020B0EB911F15D0FFE72B
:104D20009DF8050000F040010020B0EB911F0BD072
:104D3000FFE7099801684FF4804008650999086EFB
:104D400040F080000866FFE7FFE7049848B1FFE7FE
:104D5000049809990968086509980499FFF72AFDDC
:104D6000FFE7059850B1FFE70598099909680865BC
:104D7000059A0999086E10430866FFE70998006EC6
:104D800020B1FFE70998FFF711FDFFE70AB080BDEA
:104D900080B584B00290029820B9FFE701208DF819
:104DA0000F0057E1029800684AF20041C4F2000186
:104DB000884201D1FFE7FFE702988068B0F5407FA5
:104DC00001D1FFE7FFE7029890F85C0040B9FFE7E8
:104DD0000299002081F85D00029800F03FF9FFE79A
:104DE00002980168886920F01000886100F096FC44
:104DF0000190FFE70298006880690007002815D538
:104E0000FFE700F08BFC0199401A0B280DD3FFE758
:104E10000299086E40F0010008660299032081F8AB
:104E20005C0001208DF80F0014E1E3E702980168AF
:104E3000886940F00100886100F070FC0190FFE794
:104E4000029800688069C007A8B9FFE700F066FC17
:104E50000199401A0B280DD3FFE70299086E40F024
:104E6000010008660299032081F85C0001208DF89A
:104E70000F00EFE0E4E702980168886940F0020063
:104E80008861029800684AF20041C4F20001884239
:104E900008D1FFE7029840684AF20051C4F20001CD
:104EA0000860FFE70298007C012807D1FFE702981D
:104EB0000168886920F04000886106E00298016876
:104EC000886940F040008861FFE70298407C012833
:104ED00007D1FFE702980168886940F48040886143
:104EE00006E002980168886920F480408861FFE745
:104EF0000298807C012807D1FFE702980168886941
:104F000020F48050886106E002980168886940F4C6
:104F100080508861FFE702980068806920F4407043
:104F2000029A116892681043886102980168886942
:104F300020F0A400886102980168086920F0100040
:104F400008610298C068012807D1FFE7029801684C
:104F5000886940F0040088612BE00298C06830B393
:104F6000FFE70298C068022819D0FFE7029801689D
:104F7000886940F08000886102980168086940F003
:104F8000100008610298C068032807D1FFE7029863
:104F90000168886940F020008861FFE706E0029818
:104FA0000168886940F020008861FFE700E0FFE7C2
:104FB000FFE7029A116853699069D2F81CE0A0F1EA
:104FC000010C6FF0FF0000EB0E2040EA4C60126A0B
:104FD000013A10430022CFF6FF7202EB0342104366
:104FE000C86102988068B0F5407F1CD1FFE7029A43
:104FF0001168536A906AD2F82CE001386FF0FF0C08
:105000000CEB0E2C40EA0C00D2F830C06FF00F020F
:1050100002EB0C1210430022CFF6FF7202EB0342A8
:105020001043C860FFE702980168C26BD1F8C00066
:105030001043C1F8C0000298FDF7EEFC0299002071
:10504000886502990866029A012182F85C108DF841
:105050000F00FFE79DF80F0004B080BD80B58EB053
:105060000D9000200C900B900A90099008900D98DC
:1050700000684AF20041C4F2000188424ED1FFE7C5
:1050800040F27840C2F2000001680131016000681E
:10509000012810D1FFE7FFE740F6A040C4F202402C
:1050A000016841F400710160006800F4007007902D
:1050B0000798FFE7FFE7FFE740F68C40C4F20240A5
:1050C000016841F001010160006800F001000690F4
:1050D0000698FFE74FF4C050089002200990002185
:1050E00002910A910B9009200C900020C4F202203A
:1050F00008A900F06FF9029A27200190114600F0EC
:1051000015FC019800F008FC029A28200390114633
:1051100000F00CFC039800F0FFFB44E00D980068E1
:105120004AF60001C4F2000188423BD1FFE740F299
:105130007840C2F200000168013101600068012876
:1051400010D1FFE7FFE740F6A040C4F2024001683B
:1051500041F400710160006800F40070059005984A
:10516000FFE7FFE7FFE740F68C40C4F2024001682A
:1051700041F002010160006800F002000490049810
:10518000FFE7602008900220099000200A900B9011
:1051900009200C9040F20040C4F2022008A900F05F
:1051A00019F9FFE7FFE70EB080BD000080B582B0BF
:1051B00001900091019800684AF20041C4F2000198
:1051C000884203D1FFE70DF061FDFFE702B080BD2B
:1051D00082B00190009102B07047000082B0009050
:1051E000009890F85C00012810D1FFE70099022098
:1051F00081F85C0000980168886920F001008861EE
:105200000099002008668DF8070008E00099086EF4
:1052100040F00400086601208DF80700FFE79DF8C4
:10522000070002B07047000083B00190002000909A
:10523000019890F85C00022857D1FFE701980168B7
:10524000886940F001008861FFE701980068806983
:10525000C007A8B9FFE700980B280DD3FFE7019915
:10526000086E40F0010008660199032081F85C0097
:1052700001208DF80B0041E0009801300090E4E738
:105280000020009001980168886920F01000886172
:10529000FFE70198006880690007002815D5FFE73F
:1052A00000980B280DD3FFE70199086E40F001002C
:1052B00008660199032081F85C0001208DF80B003D
:1052C0001CE0009801300090E3E7019801688869CC
:1052D00040F002008861019900208865019A01214F
:1052E00082F85C108DF80B0008E00199086E40F020
:1052F0000800086601208DF80B00FFE79DF80B0001
:1053000003B0704781B0009001B0704781B0009049
:1053100001B0704782B00190009102B07047000068
:1053200082B00190009102B07047000082B00190FD
:10533000009102B07047000081B0009001B070474A
:1053400081B0ADF80200BDF80200102807D1FFE7D8
:1053500040F24A71C2F2000101200870FFE701B07B
:105360007047000080B582B0ADF8060042F20C0034
:10537000C4F202400068BDF8061008420CD0FFE7F6
:10538000BDF8060042F20C01C4F202410860BDF80B
:10539000060000F019F8FFE742F21000C4F20240E4
:1053A0000068BDF8061008420CD0FFE7BDF8060003
:1053B00042F21001C4F202410860BDF80600FFF796
:1053C000BFFFFFE702B080BD81B0ADF8020001B0C1
:1053D0007047000085B00490039100200090FFE723
:1053E000039800680099C840002800F06681FFE734
:1053F00003980068009A01219140084001900198AB
:10540000002800F05681FFE703984068022805D085
:10541000FFE703984068122828D1FFE70498009915
:105420006FF0030202EA51010844006A02900098FA
:1054300000F0070081000F2000FA01F10298884374
:1054400002900398006900F00F00009901F0070135
:10545000890000FA01F10298084302900298049929
:10546000009B02EA530211440862FFE704980068B7
:10547000029000984100032000FA01F1029888434D
:1054800002900398406800F003000099490000FA78
:1054900001F1029808430290029804990860039869
:1054A000406801280FD0FFE70398406802280AD01F
:1054B000FFE703984068112805D0FFE7039840688C
:1054C00012282FD1FFE704988068029000984100CD
:1054D000032000FA01F10298884302900398C06803
:1054E0000099490000FA01F10298084302900298DD
:1054F000049988600498406802900099012000FA9D
:1055000001F102988843029003984068C0F30010AC
:10551000009900FA01F10298084302900298049958
:105520004860FFE70398406800F0030003280CD1AF
:10553000FFE70398406800F0030003281DD1FFE750
:1055400003988068012818D0FFE70498C06802908B
:1055500000984100032000FA01F10298884302906C
:10556000039880680099490000FA01F10298084305
:10557000029002980499C860FFE70398C079C006BA
:10558000002840F19580FFE7009820F0030042F2E8
:105590006002C4F2024280580290009800F00300BA
:1055A000C1000F2000FA01F102988843029004988C
:1055B0004FF60041CBF6FD510840800A009901F0FA
:1055C0000301C90000FA01F1029808430290029811
:1055D000009921F00301885042F20000C4F2024019
:1055E000006802900199029888430290039880799C
:1055F000C006002805D5FFE70199029808430290EC
:10560000FFE7029842F20001C4F20241086042F250
:105610000400C4F202400068029001990298884395
:105620000290039880798006002805D5FFE701994C
:10563000029808430290FFE7029842F20401C4F284
:105640000241086042F28400C4F202400068029005
:105650000199029888430290039880798007002876
:1056600005D5FFE70199029808430290FFE70298E9
:1056700042F28401C4F20241086042F28000C4F2A6
:1056800002400068029001990298884302900398B2
:105690008079C00728B1FFE701990298084302907A
:1056A000FFE7029842F28001C4F202410860FFE77E
:1056B000FFE700980130009092E605B070470000C7
:1056C00082B00190ADF8021001980069BDF8021097
:1056D000084204D0FFE701208DF8010003E000201C
:1056E0008DF80100FFE79DF8010002B0704700004F
:1056F00082B00190ADF802108DF801209DF80100F4
:1057000028B1FFE7BDF802000199886104E0BDF807
:10571000020001998862FFE702B0704740F6EC6032
:10572000C2F200000068704782B0019000208DF83E
:10573000030040F20040C4F203000068C00720B13B
:10574000FFE701208DF803000AE040F20041C4F2B7
:105750000301086820F00400019A10430860FFE785
:105760009DF8030002B0704740F20041C4F203010B
:10577000086840F0010008600020704740F20440D3
:10578000C2F20000027840F6EC61C2F20001086843
:10579000104408607047000080B582B0032000F01C
:1057A000DDF805F09BF940F62041C4F2024109689A
:1057B00001F00F0246F24431C0F60101895CC84095
:1057C00040F21C01C2F200010860042007F024FC32
:1057D000002000F011F820B1FFE701208DF807004C
:1057E00005E000F093F800208DF80700FFE79DF832
:1057F000070002B080BD000080B586B00490002094
:10580000039040F20440C2F20000007820B9FFE7A4
:1058100001208DF8170075E04EF21000CEF2000066
:1058200000684007002812D5FFE740F21C00C2F2D2
:105830000000006840F20441C2F200010A784FF40F
:105840007A71B1FBF2F1B0FBF1F0039040E007F0A8
:1058500057FC02900298019040B1FFE7019801289F
:1058600016D0FFE70198022821D02FE040F21C005B
:10587000C2F20000006840F20441C2F200010A785E
:105880004FF4FA51B1FBF2F1B0FBF1F003901EE0DE
:1058900040F20440C2F2000001784FF47A70B0FB8D
:1058A000F1F14FF4FA40B0FBF1F003900FE040F259
:1058B0000440C2F2000001784FF47A70B0FBF1F1BD
:1058C0004FF40040B0FBF1F0039000E0FFE7FFE78A
:1058D000039807F0EFFB20B1FFE701208DF81700D8
:1058E00010E004994FF0FF300022009200F01EF803
:1058F0000098049940F20842C2F2000211608DF84B
:105900001700FFE79DF8170006B080BD80B50520A1
:1059100000F024F880BD000080B582B0ADF806002C
:10592000BDF906000CF00AFE02B080BD80B586B05D
:10593000ADF81600049103920CF018FE0290BDF928
:105940001600019002980499039A0AF057FB014649
:1059500001980CF013FE06B080BD000080B582B047
:10596000019001980CF02CFE02B080BD81B0009037
:1059700000996FF0FF0060EA010240F64801C4F2AE
:10598000024108681040086001B0704792B0099069
:105990004FF44030069009990868049049680591D1
:1059A00090FAA0F01090109820B9FFE720208DF811
:1059B000470005E01098B0FA80F08DF84700FFE747
:1059C000049805999DF84720083202F01F02914083
:1059D00008430290099908688968039190FAA0F039
:1059E0000E900E9820B9FFE720208DF83F0005E0CB
:1059F0000E98B0FA80F08DF83F00FFE70298039907
:105A00009DF83F30102202EB430202F01E0291404B
:105A10000843089009980068019090FAA0F00C9053
:105A20000C9820B9FFE720208DF8370005E00C988E
:105A3000B0FA80F08DF83700FFE701989DF8371035
:105A400001F01F024FF480719140084300900998C3
:105A5000006890FAA0F00A900A9820B9FFE7202089
:105A60008DF82F0005E00A98B0FA80F08DF82F002D
:105A7000FFE700989DF82F201E2101EA42024FF413
:105A8000403191400843079040F64801C4F202417A
:105A90000868079A9043089A1043086012B070474C
:105AA00040F60001C4F20241086840F001000860BD
:105AB0004EF61051CEF20001086840F00400086074
:105AC000BFF34F8FBFF36F8F30BF704789B008901F
:105AD00040F63440C4F2024000686FF35F20059046
:105AE00040F62840C4F20240016801F0030107912A
:105AF0000168C1F3052106910068C0F3001004900D
:105B0000049840F63841C4F20241096889B2C908D4
:105B100000FB01F000EE100AB8EE400A8DED020A1B
:105B20000698002800F03D81FFE7079800900128C3
:105B300008D0FFE70098022830D0FFE7009803283C
:105B400049D065E040F60040C4F202400068C0F36E
:105B5000C10149F20000C0F2D030C84003909DED71
:105B6000030AB8EE400A9DED061AB8EE411A80EE1F
:105B7000010A9DED051AB8EE411A9DED022A9FED2E
:105B80008F3A22EE032A31EE021AB7EE002A31EEE6
:105B9000021A20EE010A8DED010A65E09DED060A6C
:105BA000B8EE401A9FED860A80EE010A9DED051AB7
:105BB000B8EE411A9DED022A9FED803A22EE032AAB
:105BC00031EE021AB7EE002A31EE021A20EE010A77
:105BD0008DED010A48E09DED060AB8EE401A9FEDF2
:105BE000760A80EE010A9DED051AB8EE411A9DED88
:105BF000022A9FED723A22EE032A31EE021AB7EE24
:105C0000002A31EE021A20EE010A8DED010A2BE086
:105C100040F60040C4F202400068C0F3C10149F2FE
:105C20000000C0F2D030C84003909DED030AB8EEEA
:105C3000400A9DED061AB8EE411A80EE010A9DED6C
:105C4000051AB8EE411A9DED022A9FED5C3A22EE4C
:105C5000032A31EE021AB7EE002A31EE021A20EEC4
:105C6000010A8DED010AFFE740F60040C4F2024050
:105C700000688001002827D5FFE740F62840C4F2DD
:105C800002400068C003002819D5FFE79DED010A16
:105C900040F63440C4F20240006880B2400A01EE8F
:105CA000100AB8EE411AB7EE002A31EE021A80EE61
:105CB000010A0898BCEEC00A80ED000A03E00899CA
:105CC00000200860FFE703E0089900200860FFE774
:105CD00040F60040C4F2024000688001002827D549
:105CE000FFE740F62840C4F2024000688003002825
:105CF00019D5FFE79DED010A40F63440C4F2024099
:105D00000068C0F3064001EE100AB8EE411AB7EE83
:105D1000002A31EE021A80EE010A0898BCEEC00A91
:105D200080ED010A03E0089900204860FFE703E0E6
:105D3000089900204860FFE740F60040C4F20240A6
:105D400000688001002827D5FFE740F62840C4F20C
:105D5000024000684003002819D5FFE79DED010AC5
:105D600040F63440C4F202400068C0F3066001EE21
:105D7000100AB8EE411AB7EE002A31EE021A80EE90
:105D8000010A0898BCEEC00A80ED020A03E00899F7
:105D900000208860FFE703E0089900208860FFE7A3
:105DA00007E0089900200860089948600899886011
:105DB000FFE709B0704700BF20BCBE4B00000039B0
:105DC0000024744A89B0089040F63C40C4F2024076
:105DD00000686FF35F20059040F62C40C4F202404B
:105DE000016801F0030107910168C1F305210691E3
:105DF0000068C0F300100490049840F64041C4F2DB
:105E00000241096889B2C90800FB01F000EE100ADE
:105E1000B8EE400A8DED020A0698002800F03D8198
:105E2000FFE707980090012808D0FFE700980228B4
:105E300030D0FFE70098032849D065E040F60040E5
:105E4000C4F202400068C0F3C10149F20000C0F290
:105E5000D030C84003909DED030AB8EE400A9DED96
:105E6000061AB8EE411A80EE010A9DED051AB8EE49
:105E7000411A9DED022A9FED8F3A22EE032A31EE60
:105E8000021AB7EE002A31EE021A20EE010A8DED59
:105E9000010A65E09DED060AB8EE401A9FED860AFC
:105EA00080EE010A9DED051AB8EE411A9DED022A19
:105EB0009FED803A22EE032A31EE021AB7EE002A55
:105EC00031EE021A20EE010A8DED010A48E09DED47
:105ED000060AB8EE401A9FED760A80EE010A9DEDA3
:105EE000051AB8EE411A9DED022A9FED723A22EE94
:105EF000032A31EE021AB7EE002A31EE021A20EE22
:105F0000010A8DED010A2BE040F60040C4F2024088
:105F10000068C0F3C10149F20000C0F2D030C840AF
:105F200003909DED030AB8EE400A9DED061AB8EE07
:105F3000411A80EE010A9DED051AB8EE411A9DED59
:105F4000022A9FED5C3A22EE032A31EE021AB7EEE6
:105F5000002A31EE021A20EE010A8DED010AFFE758
:105F600040F60040C4F2024000680001002827D536
:105F7000FFE740F62C40C4F202400068C00300284E
:105F800019D5FFE79DED010A40F63C40C4F20240FE
:105F9000006880B2400A01EE100AB8EE411AB7EE6E
:105FA000002A31EE021A80EE010A0898BCEEC00AFF
:105FB00080ED000A03E0089900200860FFE703E095
:105FC000089900200860FFE740F60040C4F2024054
:105FD00000680001002827D5FFE740F62C40C4F2F6
:105FE000024000688003002819D5FFE79DED010AF3
:105FF00040F63C40C4F202400068C0F3064001EEA7
:10600000100AB8EE411AB7EE002A31EE021A80EEFD
:10601000010A0898BCEEC00A80ED010A03E0089965
:1060200000204860FFE703E0089900204860FFE790
:1060300040F60040C4F2024000680001002827D565
:10604000FFE740F62C40C4F20240006840030028FD
:1060500019D5FFE79DED010A40F63C40C4F202402D
:106060000068C0F3066001EE100AB8EE411AB7EE00
:10607000002A31EE021A80EE010A0898BCEEC00A2E
:1060800080ED020A03E0089900208860FFE703E042
:10609000089900208860FFE707E008990020086061
:1060A0000899486008998860FFE709B0704700BF09
:1060B00020BCBE4B000000390024744A89B008900F
:1060C00040F64440C4F2024000686FF35F20059040
:1060D00040F63040C4F20240016801F0030107912C
:1060E0000168C1F3052106910068C0F30010049017
:1060F000049840F64841C4F20241096889B2C908CF
:1061000000FB01F000EE100AB8EE400A8DED020A25
:106110000698002800F03D81FFE7079800900128CD
:1061200008D0FFE70098022830D0FFE70098032846
:1061300049D065E040F60040C4F202400068C0F378
:10614000C10149F20000C0F2D030C84003909DED7B
:10615000030AB8EE400A9DED061AB8EE411A80EE29
:10616000010A9DED051AB8EE411A9DED022A9FED38
:106170008F3A22EE032A31EE021AB7EE002A31EEF0
:10618000021A20EE010A8DED010A65E09DED060A76
:10619000B8EE401A9FED860A80EE010A9DED051AC1
:1061A000B8EE411A9DED022A9FED803A22EE032AB5
:1061B00031EE021AB7EE002A31EE021A20EE010A81
:1061C0008DED010A48E09DED060AB8EE401A9FEDFC
:1061D000760A80EE010A9DED051AB8EE411A9DED92
:1061E000022A9FED723A22EE032A31EE021AB7EE2E
:1061F000002A31EE021A20EE010A8DED010A2BE091
:1062000040F60040C4F202400068C0F3C10149F208
:106210000000C0F2D030C84003909DED030AB8EEF4
:10622000400A9DED061AB8EE411A80EE010A9DED76
:10623000051AB8EE411A9DED022A9FED5C3A22EE56
:10624000032A31EE021AB7EE002A31EE021A20EECE
:10625000010A8DED010AFFE740F60040C4F202405A
:1062600000688000002827D5FFE740F63040C4F2E0
:1062700002400068C003002819D5FFE79DED010A20
:1062800040F64440C4F20240006880B2400A01EE89
:10629000100AB8EE411AB7EE002A31EE021A80EE6B
:1062A000010A0898BCEEC00A80ED000A03E00899D4
:1062B00000200860FFE703E0089900200860FFE77E
:1062C00040F60040C4F2024000688000002827D554
:1062D000FFE740F63040C4F2024000688003002827
:1062E00019D5FFE79DED010A40F64440C4F2024093
:1062F0000068C0F3064001EE100AB8EE411AB7EE8E
:10630000002A31EE021A80EE010A0898BCEEC00A9B
:1063100080ED010A03E0089900204860FFE703E0F0
:10632000089900204860FFE740F60040C4F20240B0
:1063300000688000002827D5FFE740F63040C4F20F
:10634000024000684003002819D5FFE79DED010ACF
:1063500040F64440C4F202400068C0F3066001EE1B
:10636000100AB8EE411AB7EE002A31EE021A80EE9A
:10637000010A0898BCEEC00A80ED020A03E0089901
:1063800000208860FFE703E0089900208860FFE7AD
:1063900007E008990020086008994860089988601B
:1063A000FFE709B0704700BF20BCBE4B00000039BA
:1063B0000024744A80B59CB01B911A901A981B99BE
:1063C00080F00070084300285BD1FFE740F6F04002
:1063D000C4F20240016801F440710E910068800728
:1063E000002809D5FFE70E98B0F5807F04D1FFE7BC
:1063F0004FF40040109042E040F6F040C4F20240FA
:1064000000680001002809D5FFE70E98B0F5007F6D
:1064100004D1FFE74FF4FA4010902FE040F600401F
:10642000C4F2024000688003002823D5FFE70E98DD
:10643000B0F5407F1ED1FFE740F61C40C4F2024099
:10644000006800F47C50B0F5007F0FD3FFE740F602
:106450001C40C4F202400068C0F3052147F640002A
:10646000C0F27D10B0FBF1F0109002E0002010901F
:10647000FFE702E000201090FFE7FFE7FFE702F0F0
:1064800012BC1A980C901B990D9180F001000843E2
:10649000002800F0C682FFE70D990C9880F00200FA
:1064A0000843002800F03B83FFE70D990C9880F02B
:1064B00004000843002800F0A783FFE70D990C981B
:1064C00080F008000843002800F01E84FFE70D99C3
:1064D0000C9880F010000843002800F09884FFE733
:1064E0000D990C9880F020000843002800F01285D8
:1064F000FFE70D990C9880F040000843002800F059
:106500008C85FFE70D990C9880F0800008430028E7
:1065100000F00686FFE70D990C9880F48070084320
:10652000002800F08086FFE70D990C9880F4007039
:106530000843002800F0FA86FFE70D990C9880F4D4
:1065400080600843002800F07487FFE70D990C98DD
:1065500080F400600843002800F0E987FFE70D9908
:106560000C9880F480500843002801F05E80FFE71B
:106570000D990C9880F400500843002801F06181C7
:10658000FFE70D990C9880F480400843002801F043
:10659000AA81FFE70D990C9880F400400843002879
:1065A00001F0F381FFE70D990C9880F480300843E7
:1065B000002801F08E82FFE70D990C9880F40030DE
:1065C0000843002801F0C282FFE70D990C9880F47F
:1065D00080200843002801F06583FFE70D990C989F
:1065E00080F400200843002800F0BF80FFE70D99E9
:1065F0000C9880F480100843002800F04381FFE7E6
:106600000D990C9880F400100843002801F07E805A
:10661000FFE70D990C9880F480000843002800F0F3
:10662000BE81FFE70D990C9880F400000843002814
:1066300000F0D681FFE70D990C9880F08060084348
:10664000002802F09882FFE70D990C9880F0006016
:106650000843002801F0B986FFE70D990C9880F0F7
:1066600080500843002801F02F87FFE70D990C9810
:1066700080F000500843002801F0B387FFE70D9930
:106680000C9880F080400843002802F03380FFE738
:106690000D990C9880F000400843002802F0AE806D
:1066A000FFE70C980D9981F001010843002802F0E2
:1066B0002981FFE70C980D9981F002010843002819
:1066C00002F0A481FFE70C980D9981F004010843C2
:1066D000002801F04386FFE70C980D9981F008012E
:1066E0000843002802F00782FFE70C980D9981F01B
:1066F00010010843002802F09482FFE70C980D99DE
:1067000081F020010843002801F07883FFE70C980E
:106710000D9981F040010843002801F01B84FFE738
:106720000C980D9981F080010843002801F0BE8487
:10673000FFE70C980D9981F480710843002801F05F
:106740006185FFE70C980D9981F4007108430028DA
:1067500001F04880FFE70C980D9981F480610843AF
:10676000002801F0648102F09ABA40F6E840C4F2D1
:106770000240006800F4E0200E900E980B90A0B14B
:10678000FFE70B98B0F5803F15D0FFE70B98B0F509
:10679000003F16D0FFE70B98B0F5403F17D0FFE75A
:1067A0000B98B0F5802F18D067E017A8FFF78EF987
:1067B0001898109064E014A8FFF704FB1498109048
:1067C0005EE011A8FFF77AFC1198109058E048F2AB
:1067D0000000C0F2BB00109052E040F6E840C4F266
:1067E0000240006800F040400F9040F60040C4F2C4
:1067F000024000688007002811D5FFE70F9870B9A4
:10680000FFE740F60040C4F202400068C0F3C10157
:1068100049F20000C0F2D030C84010902CE040F6A1
:106820000040C4F202400068800500280BD5FFE755
:106830000F98B0F1804F06D1FFE740F60010C0F28C
:106840003D00109017E040F60040C4F2024000689E
:10685000800300280BD5FFE70F98B0F1004F06D159
:10686000FFE747F64000C0F27D10109002E00020E4
:106870001090FFE7FFE7FFE702E000201090FFE73E
:1068800002F010BA40F6E840C4F20240006800F49A
:1068900060100E900E980A90A0B1FFE70A98B0F52C
:1068A000002F15D0FFE70A98B0F5801F16D0FFE73C
:1068B0000A98B0F5C01F17D0FFE70A98B0F5001F7F
:1068C00018D067E017A8FFF701F91898109064E056
:1068D00014A8FFF777FA149810905EE011A8FFF75C
:1068E000EDFB1198109058E048F20000C0F2BB0098
:1068F000109052E040F6E840C4F20240006800F018
:1069000040400F9040F60040C4F20240006880070B
:10691000002811D5FFE70F9870B9FFE740F6004057
:10692000C4F202400068C0F3C10149F20000C0F2A5
:10693000D030C84010902CE040F60040C4F2024035
:106940000068800500280BD5FFE70F98B0F1804F55
:1069500006D1FFE740F60010C0F23D00109017E0AE
:1069600040F60040C4F202400068800300280BD5C6
:10697000FFE70F98B0F1004F06D1FFE747F6400060
:10698000C0F27D10109002E000201090FFE7FFE7BA
:10699000FFE702E000201090FFE702F083B940F625
:1069A000E440C4F20240006800F040000E900E98EF
:1069B00030B9FFE717A8FFF789F8189810900DE095
:1069C0000E98402806D1FFE714A8FFF7FBF91698A8
:1069D000109002E000201090FFE7FFE702F062B99C
:1069E00040F6E440C4F20240006800F080000E90DF
:1069F0000E9830B9FFE717A8FFF768F818981090BD
:106A00000DE00E98802806D1FFE714A8FFF7DAF909
:106A10001698109002E000201090FFE7FFE702F0C8
:106A200041B940F6D840C4F20240006800F00700C7
:106A30000E900E9820B9FFE704F028F810906CE053
:106A400040F60040C4F202400068000100280AD568
:106A5000FFE70E98012806D1FFE714A8FFF7B2F967
:106A60001598109058E040F60040C4F202400068CB
:106A7000800000280AD5FFE70E98022806D1FFE71C
:106A800011A8FFF71BFB1298109044E040F600405D
:106A9000C4F2024000688007002812D5FFE70E9874
:106AA00003280ED1FFE740F60040C4F20240006820
:106AB000C0F3C10149F20000C0F2D030C8401090CC
:106AC00028E040F60040C4F202400068800500283B
:106AD0000AD5FFE70E98042806D1FFE740F600101C
:106AE000C0F23D00109014E040F6F040C4F20240C5
:106AF00000688007002808D5FFE70E98052804D114
:106B0000FFE74FF40040109002E000201090FFE7F4
:106B1000FFE7FFE7FFE7FFE7FFE702F0C3B840F654
:106B2000D840C4F20240006800F038000E900E9881
:106B300020B9FFE703F096FF109063E040F60040B5
:106B4000C4F202400068000100280AD5FFE70E9851
:106B5000082806D1FFE714A8FFF734F9159810901C
:106B60004FE00E98102806D1FFE711A8FFF7A6FA0C
:106B70001298109044E040F60040C4F202400068D1
:106B80008007002812D5FFE70E9818280ED1FFE7DE
:106B900040F60040C4F202400068C0F3C10149F26F
:106BA0000000C0F2D030C840109028E040F600400D
:106BB000C4F202400068800500280AD5FFE70E985D
:106BC000202806D1FFE740F60010C0F23D001090EB
:106BD00014E040F6F040C4F202400068800700284C
:106BE00008D5FFE70E98282804D1FFE74FF40040AE
:106BF000109002E000201090FFE7FFE7FFE7FFE7BB
:106C0000FFE7FFE702F04EB840F6D840C4F202407A
:106C1000006800F4E0700E900E9820B9FFE703F0D2
:106C200021FF10906EE040F60040C4F20240006880
:106C3000000100280AD5FFE70E98402806D1FFE79B
:106C400014A8FFF7BFF8159810905AE040F60040DE
:106C5000C4F202400068800000280AD5FFE70E98C1
:106C6000802806D1FFE711A8FFF728FA12981090A4
:106C700046E040F60040C4F2024000688007002869
:106C800012D5FFE70E98C0280ED1FFE740F600406E
:106C9000C4F202400068C0F3C10149F20000C0F232
:106CA000D030C84010902AE040F60040C4F20240C4
:106CB0000068800500280BD5FFE70E98B0F5807FAF
:106CC00006D1FFE740F60010C0F23D00109015E03D
:106CD00040F6F040C4F2024000688007002809D561
:106CE000FFE70E98B0F5A07F04D1FFE74FF4004016
:106CF000109002E000201090FFE7FFE7FFE7FFE7BA
:106D0000FFE7FFE701F0CEBF40F6D840C4F20240F3
:106D1000006800F460600E900E9820B9FFE703F061
:106D2000A1FE109071E040F60040C4F202400068FD
:106D3000000100280BD5FFE70E98B0F5007F06D1C3
:106D4000FFE714A8FFF73EF8159810905CE040F6B6
:106D50000040C4F202400068800000280BD5FFE725
:106D60000E98B0F5806F06D1FFE711A8FFF7A6F9DE
:106D70001298109047E040F60040C4F202400068CC
:106D80008007002813D5FFE70E98B0F5C06F0ED12D
:106D9000FFE740F60040C4F202400068C0F3C101C2
:106DA00049F20000C0F2D030C84010902AE040F60E
:106DB0000040C4F202400068800500280BD5FFE7C0
:106DC0000E98B0F5006F06D1FFE740F60010C0F254
:106DD0003D00109015E040F6F040C4F2024000681B
:106DE0008007002809D5FFE70E98B0F5206F04D181
:106DF000FFE74FF40040109002E000201090FFE702
:106E0000FFE7FFE7FFE7FFE7FFE701F04BBF40F6D3
:106E1000D840C4F20240006800F4E0400E900E98A2
:106E200020B9FFE703F01EFE109071E040F600402D
:106E3000C4F202400068000100280BD5FFE70E985D
:106E4000B0F5805F06D1FFE714A8FEF7BBFF1598E9
:106E500010905CE040F60040C4F202400068800000
:106E600000280BD5FFE70E98B0F5005F06D1FFE7CD
:106E700011A8FFF723F91298109047E040F6004060
:106E8000C4F2024000688007002813D5FFE70E987F
:106E9000B0F5405F0ED1FFE740F60040C4F202407B
:106EA0000068C0F3C10149F20000C0F2D030C84010
:106EB00010902AE040F60040C4F2024000688005CD
:106EC00000280BD5FFE70E98B0F5804F06D1FFE7FD
:106ED00040F60010C0F23D00109015E040F6F04082
:106EE000C4F2024000688007002809D5FFE70E9829
:106EF000B0F5A04F04D1FFE74FF40040109002E03E
:106F000000201090FFE7FFE7FFE7FFE7FFE7FFE75D
:106F100001F0C8BE40F6D840C4F20240006800F458
:106F200060300E900E9820B9FFE703F09BFD1090A3
:106F300071E040F60040C4F2024000680001002801
:106F40000BD5FFE70E98B0F5004F06D1FFE714A868
:106F5000FEF738FF159810905CE040F60040C4F250
:106F600002400068800000280BD5FFE70E98B0F5BE
:106F7000803F06D1FFE711A8FFF7A0F81298109004
:106F800047E040F60040C4F2024000688007002855
:106F900013D5FFE70E98B0F5C03F0ED1FFE740F6DE
:106FA0000040C4F202400068C0F3C10149F2000091
:106FB000C0F2D030C84010902AE040F60040C4F241
:106FC00002400068800500280BD5FFE70E98B0F559
:106FD000003F06D1FFE740F60010C0F23D001090E0
:106FE00015E040F6F040C4F2024000688007002837
:106FF00009D5FFE70E98B0F5203F04D1FFE74FF425
:107000000040109002E000201090FFE7FFE7FFE74C
:10701000FFE7FFE7FFE701F045BE40F6D840C4F2C6
:107020000240006800F4E0100E900E9820B9FFE7CF
:1070300003F018FD109071E040F60040C4F20240E9
:107040000068000100280BD5FFE70E98B0F5802FEF
:1070500006D1FFE714A8FEF7B5FE159810905CE086
:1070600040F60040C4F202400068800000280BD5C2
:10707000FFE70E98B0F5002F06D1FFE711A8FFF744
:107080001DF81298109047E040F60040C4F202400C
:1070900000688007002813D5FFE70E98B0F5402F51
:1070A0000ED1FFE740F60040C4F202400068C0F392
:1070B000C10149F20000C0F2D030C84010902AE06F
:1070C00040F60040C4F202400068800500280BD55D
:1070D000FFE70E98B0F5801F06D1FFE740F60010DD
:1070E000C0F23D00109015E040F6F040C4F20240BE
:1070F00000688007002809D5FFE70E98B0F5A01FAB
:1071000004D1FFE74FF40040109002E000201090FF
:10711000FFE7FFE7FFE7FFE7FFE7FFE701F0C2BD9B
:1071200040F6D840C4F20240006800F460000E90BF
:107130000E9820B9FFE703F095FC109071E040F63F
:107140000040C4F202400068000100280BD5FFE7B0
:107150000E98B0F5001F06D1FFE714A8FEF732FE27
:10716000159810905CE040F60040C4F202400068C0
:10717000800000280BD5FFE70E98B0F5800F06D1F0
:10718000FFE711A8FEF79AFF1298109047E040F62B
:107190000040C4F2024000688007002813D5FFE7D2
:1071A0000E98B0F5C00F0ED1FFE740F60040C4F2D4
:1071B00002400068C0F3C10149F20000C0F2D030C3
:1071C000C84010902AE040F60040C4F20240006837
:1071D000800500280BD5FFE70E98B0F5000F06D10B
:1071E000FFE740F60010C0F23D00109015E040F6B9
:1071F000F040C4F2024000688007002809D5FFE78C
:107200000E98B0F5200F04D1FFE74FF40040109026
:1072100002E000201090FFE7FFE7FFE7FFE7FFE74E
:10722000FFE701F03FBD40F6D840C4F202400068DD
:1072300000F0E0600E900E9820B9FFE703F012FC1A
:10724000109071E040F60040C4F202400068000176
:1072500000280BD5FFE70E98B0F1807F06D1FFE73D
:1072600014A8FEF7AFFD159810905CE040F60040C2
:10727000C4F202400068800000280BD5FFE70E989A
:10728000B0F1007F06D1FFE711A8FEF717FF1298B3
:10729000109047E040F60040C4F2024000688007CA
:1072A000002813D5FFE70E98B0F1407F0ED1FFE71D
:1072B00040F60040C4F202400068C0F3C10149F248
:1072C0000000C0F2D030C84010902AE040F60040E4
:1072D000C4F202400068800500280BD5FFE70E9835
:1072E000B0F1806F06D1FFE740F60010C0F23D001C
:1072F000109015E040F6F040C4F2024000688007AC
:10730000002809D5FFE70E98B0F1A06F04D1FFE780
:107310004FF40040109002E000201090FFE7FFE7DC
:10732000FFE7FFE7FFE7FFE701F0BCBC40F6D8400E
:10733000C4F20240006800F060500E900E9820B930
:10734000FFE703F08FFB109071E040F60040C4F2BD
:1073500002400068000100280BD5FFE70E98B0F14D
:10736000006F06D1FFE714A8FEF72CFD15981090CA
:107370005CE040F60040C4F2024000688000002853
:107380000BD5FFE70E98B0F1805F06D1FFE711A89B
:10739000FEF794FE1298109047E040F60040C4F2C9
:1073A000024000688007002813D5FFE70E98B0F16F
:1073B000C05F0ED1FFE740F60040C4F20240006813
:1073C000C0F3C10149F20000C0F2D030C8401090B3
:1073D0002AE040F60040C4F2024000688005002820
:1073E0000BD5FFE70E98B0F1005F06D1FFE740F63E
:1073F0000010C0F23D00109015E040F6F040C4F2DD
:10740000024000688007002809D5FFE70E98B0F118
:10741000205F04D1FFE74FF40040109002E000200D
:107420001090FFE7FFE7FFE7FFE7FFE7FFE701F067
:1074300039BC40F6DC40C4F20240006800F00700AE
:107440000E900E9820B9FFE703F00CFB10906CE053
:1074500040F60040C4F202400068000100280AD54E
:10746000FFE70E98012806D1FFE714A8FEF7AAFC53
:107470001598109058E040F60040C4F202400068B1
:10748000800000280AD5FFE70E98022806D1FFE702
:1074900011A8FEF713FE1298109044E040F6004049
:1074A000C4F2024000688007002812D5FFE70E985A
:1074B00003280ED1FFE740F60040C4F20240006806
:1074C000C0F3C10149F20000C0F2D030C8401090B2
:1074D00028E040F60040C4F2024000688005002821
:1074E0000AD5FFE70E98042806D1FFE740F6001002
:1074F000C0F23D00109014E040F6F040C4F20240AB
:1075000000688007002808D5FFE70E98052804D1F9
:10751000FFE74FF40040109002E000201090FFE7DA
:10752000FFE7FFE7FFE7FFE7FFE701F0BBBB40F640
:10753000DC40C4F20240006800F070000E900E982B
:1075400020B9FFE703F08EFA10906CE040F600409F
:10755000C4F202400068000100280AD5FFE70E9837
:10756000102806D1FFE714A8FEF72CFC1598109000
:1075700058E040F60040C4F2024000688000002855
:107580000AD5FFE70E98202806D1FFE711A8FEF7DD
:1075900095FD1298109044E040F60040C4F202407D
:1075A00000688007002812D5FFE70E9830280ED11A
:1075B000FFE740F60040C4F202400068C0F3C1019A
:1075C00049F20000C0F2D030C840109028E040F6E8
:1075D0000040C4F202400068800500280AD5FFE799
:1075E0000E98402806D1FFE740F60010C0F23D009B
:1075F000109014E040F6F040C4F2024000688007AA
:10760000002808D5FFE70E98502804D1FFE74FF473
:107610000040109002E000201090FFE7FFE7FFE736
:10762000FFE7FFE7FFE701F03DBB40F6E040C4F2B3
:107630000240006800F0E0600E900E9820B9FFE76D
:1076400003F038FA10905FE00E98B0F1807F06D119
:10765000FFE714A8FEF7B6FB1598109053E00E98BC
:10766000B0F1007F06D1FFE711A8FEF727FD1298C1
:10767000109047E040F60040C4F2024000688007E6
:10768000002813D5FFE70E98B0F1407F0ED1FFE739
:1076900040F60040C4F202400068C0F3C10149F264
:1076A0000000C0F2D030C84010902AE040F6004000
:1076B000C4F202400068800500280BD5FFE70E9851
:1076C000B0F1806F06D1FFE740F60010C0F23D0038
:1076D000109015E040F6F040C4F2024000688007C8
:1076E000002809D5FFE70E98B0F1A06F04D1FFE79D
:1076F0004FF40040109002E000201090FFE7FFE7F9
:10770000FFE7FFE7FFE7FFE701F0CCBA40F6E8400C
:10771000C4F20240006800F007000E900E9820B9F5
:10772000FFE703F085F910905AE00E98012804D184
:10773000FFE703F0D3F9109051E00E98022806D12C
:10774000FFE714A8FEF73EFB1698109046E040F6BF
:107750000040C4F202400068800300280AD5FFE719
:107760000E98032806D1FFE747F64000C0F27D10CF
:10777000109032E040F60040C4F2024000688007FA
:10778000002812D5FFE70E9804280ED1FFE740F637
:107790000040C4F202400068C0F3C10149F2000099
:1077A000C0F2D030C840109016E040F60040C4F25D
:1077B00002400068800500280AD5FFE70E980528DA
:1077C00006D1FFE740F60010C0F23D00109002E045
:1077D00000201090FFE7FFE7FFE7FFE7FFE7FFE785
:1077E00001F060BA40F6E840C4F20240006800F0E0
:1077F00008000E9040F6F040C4F202400068800796
:10780000002807D5FFE70E9820B9FFE74FF40040A6
:10781000109014E040F6F040C4F20240006800010D
:10782000002808D5FFE70E98082804D1FFE74FF499
:10783000FA40109002E000201090FFE7FFE701F00F
:1078400031BA40F6E440C4F20240006800F440302F
:107850000E900E9820B9FFE703F004F9109040E075
:107860000E98B0F5803F06D1FFE711A8FEF726FC81
:107870001398109034E040F60040C4F202400068D3
:107880008007002813D5FFE70E98B0F5003F0ED112
:10789000FFE740F60040C4F202400068C0F3C101B7
:1078A00049F20000C0F2D030C840109017E040F616
:1078B0000040C4F202400068800500280BD5FFE7B5
:1078C0000E98B0F5403F06D1FFE740F60010C0F239
:1078D0003D00109002E000201090FFE7FFE7FFE777
:1078E000FFE701F0DFB940F6E440C4F2024000686F
:1078F00000F440200E900E9820B9FFE703F0B2F894
:10790000109040E00E98B0F5802F06D1FFE711A847
:10791000FEF7D4FB1398109034E040F60040C4F218
:10792000024000688007002813D5FFE70E98B0F5E5
:10793000002F0ED1FFE740F60040C4F2024000687D
:10794000C0F3C10149F20000C0F2D030C84010902D
:1079500017E040F60040C4F20240006880050028AD
:107960000BD5FFE70E98B0F5402F06D1FFE740F6A4
:107970000010C0F23D00109002E000201090FFE7E0
:10798000FFE7FFE7FFE701F08DB940F6E440C4F2FE
:107990000240006800F440100E900E9820B9FFE7F6
:1079A00003F088F8109040E00E98B0F5801F06D1E3
:1079B000FFE711A8FEF782FB1398109034E040F621
:1079C0000040C4F2024000688007002813D5FFE79A
:1079D0000E98B0F5001F0ED1FFE740F60040C4F24C
:1079E00002400068C0F3C10149F20000C0F2D0308B
:1079F000C840109017E040F60040C4F20240006812
:107A0000800500280BD5FFE70E98B0F5401F06D182
:107A1000FFE740F60010C0F23D00109002E00020A9
:107A20001090FFE7FFE7FFE7FFE701F03BB940F603
:107A3000E440C4F20240006800F440000E900E984A
:107A400020B9FFE703F036F8109040E00E98B0F54B
:107A5000800F06D1FFE711A8FEF730FB13981090B6
:107A600034E040F60040C4F202400068800700287D
:107A700013D5FFE70E98B0F5000F0ED1FFE740F6E3
:107A80000040C4F202400068C0F3C10149F20000A6
:107A9000C0F2D030C840109017E040F60040C4F269
:107AA00002400068800500280BD5FFE70E98B0F56E
:107AB000400F06D1FFE740F60010C0F23D001090E5
:107AC00002E000201090FFE7FFE7FFE7FFE701F08B
:107AD000E9B840F6E440C4F20240006800F04070AB
:107AE0000E900E9820B9FFE702F0BCFF10902BE03B
:107AF0000E98B0F1807F06D1FFE711A8FEF7DEFAFD
:107B0000139810901FE040F60040C4F20240006855
:107B10008007002813D5FFE70E98B0F1007F0ED143
:107B2000FFE740F60040C4F202400068C0F3C10124
:107B300049F20000C0F2D030C840109002E00020AE
:107B40001090FFE7FFE7FFE701F0ACB840F6DC403C
:107B5000C4F20240006800F4E0600E900E980990B4
:107B6000C8B1FFE70998B0F5807F18D0FFE7099802
:107B7000B0F5007F19D0FFE70998B0F5407F1AD023
:107B8000FFE70998B0F5806F26D0FFE70998B0F5B8
:107B9000A06F32D081E002F08DFF109080E014A839
:107BA000FEF710F9149810907AE011A8FEF786FA03
:107BB0001398109074E040F6F040C4F20240006860
:107BC0008007002804D5FFE74FF40040109002E042
:107BD00000201090FFE763E040F6F040C4F202405E
:107BE00000680001002804D5FFE74FF4FA40109028
:107BF00002E000201090FFE752E040F6E840C4F2B7
:107C00000240006800F040400F9040F60040C4F28F
:107C1000024000688007002811D5FFE70F9870B96F
:107C2000FFE740F60040C4F202400068C0F3C10123
:107C300049F20000C0F2D030C84010902CE040F66D
:107C40000040C4F202400068800500280BD5FFE721
:107C50000F98B0F1804F06D1FFE740F60010C0F258
:107C60003D00109017E040F60040C4F2024000686A
:107C7000800300280BD5FFE70F98B0F1004F06D125
:107C8000FFE747F64000C0F27D10109002E00020B0
:107C90001090FFE7FFE7FFE702E000201090FFE70A
:107CA00001F000B840F6DC40C4F20240006800F485
:107CB000E0400E900E980890C8B1FFE70898B0F524
:107CC000805F18D0FFE70898B0F5005F19D0FFE794
:107CD0000898B0F5405F1AD0FFE70898B0F5804FDC
:107CE00026D0FFE70898B0F5A04F32D081E002F02F
:107CF000B9FE109080E014A8FEF764F81498109074
:107D00007AE011A8FEF7DAF91398109074E040F6C3
:107D1000F040C4F2024000688007002804D5FFE765
:107D20004FF40040109002E000201090FFE763E065
:107D300040F6F040C4F2024000680001002804D57B
:107D4000FFE74FF4FA40109002E000201090FFE7A8
:107D500052E040F6E840C4F20240006800F04040C3
:107D60000F9040F60040C4F20240006880070028EF
:107D700011D5FFE70F9870B9FFE740F60040C4F255
:107D800002400068C0F3C10149F20000C0F2D030E7
:107D9000C84010902CE040F60040C4F20240006859
:107DA000800500280BD5FFE70F98B0F1804F06D172
:107DB000FFE740F60010C0F23D00109017E040F6DB
:107DC0000040C4F202400068800300280BD5FFE7A2
:107DD0000F98B0F1004F06D1FFE747F64000C0F220
:107DE0007D10109002E000201090FFE7FFE7FFE712
:107DF00002E000201090FFE700F054BF40F6DC40A6
:107E0000C4F20240006800F4E0200E900E98079043
:107E1000C8B1FFE70798B0F5803F18D0FFE7079893
:107E2000B0F5003F19D0FFE70798B0F5403F1AD0F2
:107E3000FFE70798B0F5802F26D0FFE70798B0F549
:107E4000A02F32D081E002F035FE109080E014A81F
:107E5000FDF7B8FF149810907AE011A8FEF72EF9FC
:107E60001398109074E040F6F040C4F202400068AD
:107E70008007002804D5FFE74FF40040109002E08F
:107E800000201090FFE763E040F6F040C4F20240AB
:107E900000680001002804D5FFE74FF4FA40109075
:107EA00002E000201090FFE752E040F6E840C4F204
:107EB0000240006800F040400F9040F60040C4F2DD
:107EC000024000688007002811D5FFE70F9870B9BD
:107ED000FFE740F60040C4F202400068C0F3C10171
:107EE00049F20000C0F2D030C84010902CE040F6BB
:107EF0000040C4F202400068800500280BD5FFE76F
:107F00000F98B0F1804F06D1FFE740F60010C0F2A5
:107F10003D00109017E040F60040C4F202400068B7
:107F2000800300280BD5FFE70F98B0F1004F06D172
:107F3000FFE747F64000C0F27D10109002E00020FD
:107F40001090FFE7FFE7FFE702E000201090FFE757
:107F500000F0A8BE40F6DC40C4F20240006800F425
:107F6000E0000E900E980690C8B1FFE70698B0F5B5
:107F7000801F18D0FFE70698B0F5001F19D0FFE763
:107F80000698B0F5401F1AD0FFE70698B0F5800FAD
:107F900026D0FFE70698B0F5A00F32D081E002F0BE
:107FA00089FD109080E014A8FDF70CFF1498109044
:107FB0007AE011A8FEF782F81398109074E040F66A
:107FC000F040C4F2024000688007002804D5FFE7B3
:107FD0004FF40040109002E000201090FFE763E0B3
:107FE00040F6F040C4F2024000680001002804D5C9
:107FF000FFE74FF4FA40109002E000201090FFE7F6
:1080000052E040F6E840C4F20240006800F0404010
:108010000F9040F60040C4F202400068800700283C
:1080200011D5FFE70F9870B9FFE740F60040C4F2A2
:1080300002400068C0F3C10149F20000C0F2D03034
:10804000C84010902CE040F60040C4F202400068A6
:10805000800500280BD5FFE70F98B0F1804F06D1BF
:10806000FFE740F60010C0F23D00109017E040F628
:108070000040C4F202400068800300280BD5FFE7EF
:108080000F98B0F1004F06D1FFE747F64000C0F26D
:108090007D10109002E000201090FFE7FFE7FFE75F
:1080A00002E000201090FFE700F0FCBD40F6DC404D
:1080B000C4F20240006800F0E0600E900E98059057
:1080C000C8B1FFE70598B0F1807F18D0FFE70598A9
:1080D000B0F1007F19D0FFE70598B0F1407F1AD0CA
:1080E000FFE70598B0F1806F26D0FFE70598B0F163
:1080F000A06F32D081E002F0DDFC109080E014A887
:10810000FDF760FE149810907AE011A8FDF7D6FFF5
:108110001398109074E040F6F040C4F202400068FA
:108120008007002804D5FFE74FF40040109002E0DC
:1081300000201090FFE763E040F6F040C4F20240F8
:1081400000680001002804D5FFE74FF4FA401090C2
:1081500002E000201090FFE752E040F6E840C4F251
:108160000240006800F040400F9040F60040C4F22A
:10817000024000688007002811D5FFE70F9870B90A
:10818000FFE740F60040C4F202400068C0F3C101BE
:1081900049F20000C0F2D030C84010902CE040F608
:1081A0000040C4F202400068800500280BD5FFE7BC
:1081B0000F98B0F1804F06D1FFE740F60010C0F2F3
:1081C0003D00109017E040F60040C4F20240006805
:1081D000800300280BD5FFE70F98B0F1004F06D1C0
:1081E000FFE747F64000C0F27D10109002E000204B
:1081F0001090FFE7FFE7FFE702E000201090FFE7A5
:1082000000F050BD40F6DC40C4F20240006800F0CF
:10821000E0400E900E980490C8B1FFE70498B0F1CA
:10822000805F18D0FFE70498B0F1005F19D0FFE736
:108230000498B0F1405F1AD0FFE70498B0F1804F86
:1082400026D0FFE70498B0F1A04F32D081E002F0D1
:1082500031FC109080E014A8FDF7B4FD1498109044
:108260007AE011A8FDF72AFF1398109074E040F609
:10827000F040C4F2024000688007002804D5FFE700
:108280004FF40040109002E000201090FFE763E000
:1082900040F6F040C4F2024000680001002804D516
:1082A000FFE74FF4FA40109002E000201090FFE743
:1082B00052E040F6E840C4F20240006800F040405E
:1082C0000F9040F60040C4F202400068800700288A
:1082D00011D5FFE70F9870B9FFE740F60040C4F2F0
:1082E00002400068C0F3C10149F20000C0F2D03082
:1082F000C84010902CE040F60040C4F202400068F4
:10830000800500280BD5FFE70F98B0F1804F06D10C
:10831000FFE740F60010C0F23D00109017E040F675
:108320000040C4F202400068800300280BD5FFE73C
:108330000F98B0F1004F06D1FFE747F64000C0F2BA
:108340007D10109002E000201090FFE7FFE7FFE7AC
:1083500002E000201090FFE700F0A4BC40F6E840E7
:10836000C4F20240006800F440700E9040F60040F5
:10837000C4F2024000688003002809D5FFE70E9888
:1083800030B9FFE747F64000C0F27D1010901AE0C8
:108390000E98B0F5807F06D1FFE717A8FDF796FB92
:1083A000189810900EE00E98B0F5007F06D1FFE708
:1083B00014A8FDF707FD1598109002E0002010901A
:1083C000FFE7FFE7FFE700F06DBC40F6E040C4F2D6
:1083D0000240006800F007000E900E9803900428F9
:1083E0006DD80399DFE801F003090F151B0017A8EA
:1083F000FDF76CFB1898109064E014A8FDF7E2FC00
:10840000149810905EE011A8FDF758FE1198109096
:1084100058E048F20000C0F2BB00109052E040F675
:10842000E840C4F20240006800F040400F9040F67F
:108430000040C4F2024000688007002811D5FFE721
:108440000F9870B9FFE740F60040C4F202400068A0
:10845000C0F3C10149F20000C0F2D030C840109012
:108460002CE040F60040C4F202400068800500287D
:108470000BD5FFE70F98B0F1804F06D1FFE740F62C
:108480000010C0F23D00109017E040F60040C4F22A
:1084900002400068800300280BD5FFE70F98B0F179
:1084A000004F06D1FFE747F64000C0F27D10109064
:1084B00002E000201090FFE7FFE7FFE702E0002066
:1084C0001090FFE700F0EEBB40F6E040C4F202403F
:1084D000006800F038000E900E980290202800F2FC
:1084E0007C800299DFE801F01179797979797979DD
:1084F00017797979797979791D79797979797979AA
:108500002379797979797979290017A8FDF7DEFA45
:108510001898109064E014A8FDF754FC149810907B
:108520005EE011A8FDF7CAFD1198109058E048F2DE
:108530000000C0F2BB00109052E040F6E840C4F2E8
:108540000240006800F040400F9040F60040C4F246
:10855000024000688007002811D5FFE70F9870B926
:10856000FFE740F60040C4F202400068C0F3C101DA
:1085700049F20000C0F2D030C84010902CE040F624
:108580000040C4F202400068800500280BD5FFE7D8
:108590000F98B0F1804F06D1FFE740F60010C0F20F
:1085A0003D00109017E040F60040C4F20240006821
:1085B000800300280BD5FFE70F98B0F1004F06D1DC
:1085C000FFE747F64000C0F27D10109002E0002067
:1085D0001090FFE7FFE7FFE702E000201090FFE7C1
:1085E00060E340F6E040C4F20240006800F4E0704E
:1085F0000E900E98019088B1FFE70198402813D0A3
:10860000FFE70198802815D0FFE70198C02817D010
:10861000FFE70198B0F5807F18D067E017A8FDF755
:1086200055FA1898109064E014A8FDF7CBFB149845
:1086300010905EE011A8FDF741FD1198109058E0F0
:1086400048F20000C0F2BB00109052E040F6E84053
:10865000C4F20240006800F040400F9040F6004035
:10866000C4F2024000688007002811D5FFE70F9888
:1086700070B9FFE740F60040C4F202400068C0F362
:10868000C10149F20000C0F2D030C84010902CE087
:1086900040F60040C4F202400068800500280BD577
:1086A000FFE70F98B0F1804F06D1FFE740F60010CA
:1086B000C0F23D00109017E040F60040C4F20240C6
:1086C0000068800300280BD5FFE70F98B0F1004F3A
:1086D00006D1FFE747F64000C0F27D10109002E09F
:1086E00000201090FFE7FFE7FFE702E00020109076
:1086F000FFE7D7E240F6E040C4F20240006800F431
:1087000060600E900E9820B9FFE702F0BFF910905C
:1087100073E040F60040C4F2024000680001002807
:108720000BD5FFE70E98B0F5007F06D1FFE714A840
:10873000FDF748FB159810905EE040F60040C4F24B
:1087400002400068800000280BD5FFE70E98B0F5C6
:10875000806F06D1FFE711A8FDF7B0FC12981090CA
:1087600049E040F60040C4F202400068800700285B
:1087700013D5FFE70E98B0F5C06F0ED1FFE740F6B6
:108780000040C4F202400068C0F3C10149F2000099
:10879000C0F2D030C84010902CE040F60040C4F247
:1087A00002400068800500280BD5FFE70E98B0F561
:1087B000006F06D1FFE740F60010C0F23D001090B8
:1087C00017E040F60040C4F2024000688003002831
:1087D0000BD5FFE70E98B0F5206F06D1FFE747F6FF
:1087E0004000C0F27D10109002E000201090FFE7E2
:1087F000FFE7FFE7FFE7FFE7FFE753E240F6E04070
:10880000C4F20240006800F4E0400E900E9820B9D7
:10881000FFE702F04FF9109073E040F60040C4F219
:1088200002400068000100280BD5FFE70E98B0F564
:10883000805F06D1FFE714A8FDF7C4FA15981090E1
:108840005EE040F60040C4F202400068800000286C
:108850000BD5FFE70E98B0F5005F06D1FFE711A832
:10886000FDF72CFC1298109049E040F60040C4F24D
:10887000024000688007002813D5FFE70E98B0F586
:10888000405F0ED1FFE740F60040C4F202400068AE
:10889000C0F3C10149F20000C0F2D030C8401090CE
:1088A0002CE040F60040C4F2024000688005002839
:1088B0000BD5FFE70E98B0F5804F06D1FFE740F6E5
:1088C0000010C0F23D00109017E040F60040C4F2E6
:1088D00002400068800300280BD5FFE70E98B0F532
:1088E000A04F06D1FFE747F64000C0F27D10109080
:1088F00002E000201090FFE7FFE7FFE7FFE7FFE758
:10890000FFE7CFE140F6E040C4F20240006800F427
:1089100060300E900E9820B9FFE702F0B7F8109083
:1089200073E040F60040C4F20240006800010028F5
:108930000BD5FFE70E98B0F5004F06D1FFE714A85E
:10894000FDF740FA159810905EE040F60040C4F242
:1089500002400068800000280BD5FFE70E98B0F5B4
:10896000803F06D1FFE711A8FDF7A8FB12981090F1
:1089700049E040F60040C4F2024000688007002849
:1089800013D5FFE70E98B0F5C03F0ED1FFE740F6D4
:108990000040C4F202400068C0F3C10149F2000087
:1089A000C0F2D030C84010902CE040F60040C4F235
:1089B00002400068800500280BD5FFE70E98B0F54F
:1089C000003F06D1FFE740F60010C0F23D001090D6
:1089D00017E040F60040C4F202400068800300281F
:1089E0000BD5FFE70E98B0F5203F06D1FFE747F61D
:1089F0004000C0F27D10109002E000201090FFE7D0
:108A0000FFE7FFE7FFE7FFE7FFE74BE140F6E44062
:108A1000C4F20240006800F003000E900E9800902F
:108A2000032864D80099DFE801F002060C1201F077
:108A3000FFFF10905EE017A8FDF748F81898109017
:108A400058E014A8FDF7BEF91698109052E040F6D1
:108A5000E840C4F20240006800F040400F9040F649
:108A60000040C4F2024000688007002811D5FFE7EB
:108A70000F9870B9FFE740F60040C4F2024000686A
:108A8000C0F3C10149F20000C0F2D030C8401090DC
:108A90002CE040F60040C4F2024000688005002847
:108AA0000BD5FFE70F98B0F1804F06D1FFE740F6F6
:108AB0000010C0F23D00109017E040F60040C4F2F4
:108AC00002400068800300280BD5FFE70F98B0F143
:108AD000004F06D1FFE747F64000C0F27D1010902E
:108AE00002E000201090FFE7FFE7FFE702E0002030
:108AF0001090FFE7D6E040F6E840C4F2024000687C
:108B000000F0C0000E9040F6F040C4F20240006851
:108B10008007002807D5FFE70E9820B9FFE74FF43C
:108B20000040109026E040F6F040C4F20240006899
:108B30000001002808D5FFE70E98402804D1FFE780
:108B40004FF4FA40109014E040F60040C4F20240A6
:108B500000688005002808D5FFE70E98802804D11A
:108B6000FFE748F21200109002E000201090FFE7AB
:108B7000FFE7FFE796E040F6E840C4F202400068F5
:108B800000F030000E9040F60040C4F20240006851
:108B90008004002809D5FFE70E9830B9FFE746F6B4
:108BA0000040C0F2DC2010903AE040F60040C4F2F1
:108BB00002400068800100280AD5FFE70E981028BF
:108BC00006D1FFE717A8FCF781FF1898109026E060
:108BD00040F6F040C4F2024000688007002808D543
:108BE000FFE70E98202804D1FFE74FF400401090D3
:108BF00014E040F6F040C4F2024000680001002892
:108C000008D5FFE70E98302804D1FFE74FF4FA406B
:108C1000109002E000201090FFE7FFE7FFE7FFE77A
:108C200040E040F6E440C4F20240006800F030004A
:108C30000E900E98102806D1FFE717A8FCF746FF04
:108C4000189810902EE040F60040C4F202400068F0
:108C5000800000280AD5FFE70E98202806D1FFE7FC
:108C600011A8FDF72BFA1298109016E040F600407C
:108C7000C4F202400068800400280AD5FFE70E987D
:108C8000302806D1FFE746F60040C0F2DC20109005
:108C900002E000201090FFE7FFE7FFE702E000207E
:108CA0001090FFE7FFE710981CB080BD80B5ACB016
:108CB0002B9000208DF8A3008DF8A2002B98C0788F
:108CC000C00760B1FFE740F6E841C4F2024108681E
:108CD00020F040402B9A926D10430860FFE72B98DC
:108CE0000068C007002837D0FFE72B98C06D279099
:108CF000052817D82799DFE801F003040B12131495
:108D000014E02B98083007F001FB8DF8A3000DE06C
:108D10002B98303007F0B0FB8DF8A30006E005E09B
:108D200004E003E001208DF8A300FFE79DF8A30015
:108D300060B9FFE740F6D841C4F20241086820F06C
:108D400007002B9AD26D1043086004E09DF8A30041
:108D50008DF8A200FFE7FFE72B9800788007002836
:108D600040F14A80FFE72B98006E2690282829D8EA
:108D70002699DFE801F01527272727272727162719
:108D80002727272727271D27272727272727242780
:108D9000272727272727252727272727272726008D
:108DA00014E02B98083007F0B1FA8DF8A3000DE01D
:108DB0002B98303007F060FB8DF8A30006E005E04B
:108DC00004E003E001208DF8A300FFE79DF8A30075
:108DD00060B9FFE740F6D841C4F20241086820F0CC
:108DE00038002B9A126E1043086004E09DF8A3002F
:108DF0008DF8A200FFE7FFE72B98007840070028D6
:108E000047D5FFE72B98406E2590B0B1FFE7259836
:108E1000402813D0FFE72598802816D0FFE7259833
:108E2000C02819D0FFE72598B0F5807F15D0FFE75F
:108E30002598B0F5A07F11D011E014E02B980830F0
:108E400007F064FA8DF8A3000DE02B98303007F09E
:108E500013FB8DF8A30006E005E004E003E0012029
:108E60008DF8A300FFE79DF8A30060B9FFE740F687
:108E7000D841C4F20241086820F4E0702B9A526E87
:108E80001043086004E09DF8A3008DF8A200FFE7FE
:108E9000FFE72B980078000700284AD5FFE72B98BA
:108EA000806E2490C8B1FFE72498B0F5007F15D0FC
:108EB000FFE72498B0F5806F17D0FFE72498B0F54E
:108EC000C06F19D0FFE72498B0F5006F15D0FFE709
:108ED0002498B0F5206F11D011E014E02B980830E1
:108EE00007F014FA8DF8A3000DE02B98303007F04E
:108EF000C3FA8DF8A30006E005E004E003E00120DA
:108F00008DF8A300FFE79DF8A30060B9FFE740F6E6
:108F1000D841C4F20241086820F460602B9A926E36
:108F20001043086004E09DF8A3008DF8A200FFE75D
:108F3000FFE72B980078C00600284AD5FFE72B985A
:108F4000C06E2390C8B1FFE72398B0F5805F15D0BD
:108F5000FFE72398B0F5005F17D0FFE72398B0F53F
:108F6000405F19D0FFE72398B0F5804F15D0FFE799
:108F70002398B0F5A04F11D011E014E02B980830E1
:108F800007F0C4F98DF8A3000DE02B98303007F0FE
:108F900073FA8DF8A30006E005E004E003E0012089
:108FA0008DF8A300FFE79DF8A30060B9FFE740F646
:108FB000D841C4F20241086820F4E0402B9AD26EF6
:108FC0001043086004E09DF8A3008DF8A200FFE7BD
:108FD000FFE72B980078800600284AD5FFE72B98FA
:108FE000006F2290C8B1FFE72298B0F5004F15D06E
:108FF000FFE72298B0F5803F17D0FFE72298B0F541
:10900000C03F19D0FFE72298B0F5003F15D0FFE729
:109010002298B0F5203F11D011E014E02B980830D1
:1090200007F074F98DF8A3000DE02B98303007F0AD
:1090300023FA8DF8A30006E005E004E003E0012038
:109040008DF8A300FFE79DF8A30060B9FFE740F6A5
:10905000D841C4F20241086820F460302B9A126FA4
:109060001043086004E09DF8A3008DF8A200FFE71C
:10907000FFE72B980078400600284AD5FFE72B9899
:10908000406F2190C8B1FFE72198B0F5802F15D02F
:10909000FFE72198B0F5002F17D0FFE72198B0F532
:1090A000402F19D0FFE72198B0F5801F15D0FFE7BA
:1090B0002198B0F5A01F11D011E014E02B980830D2
:1090C00007F024F98DF8A3000DE02B98303007F05D
:1090D000D3F98DF8A30006E005E004E003E00120E9
:1090E0008DF8A300FFE79DF8A30060B9FFE740F605
:1090F000D841C4F20241086820F4E0102B9A526F64
:109100001043086004E09DF8A3008DF8A200FFE77B
:10911000FFE72B980078000600284AD5FFE72B9838
:10912000806F2090C8B1FFE72098B0F5001F15D0E0
:10913000FFE72098B0F5800F17D0FFE72098B0F533
:10914000C00F19D0FFE72098B0F5000F15D0FFE74A
:109150002098B0F5200F11D011E014E02B980830C2
:1091600007F0D4F88DF8A3000DE02B98303007F00D
:1091700083F98DF8A30006E005E004E003E0012098
:109180008DF8A300FFE79DF8A30060B9FFE740F664
:10919000D841C4F20241086820F460002B9A926F13
:1091A0001043086004E09DF8A3008DF8A200FFE7DB
:1091B000FFE72B984078C00700284AD0FFE72B989C
:1091C000C06F1F90C8B1FFE71F98B0F1807F15D026
:1091D000FFE71F98B0F1007F17D0FFE71F98B0F1AD
:1091E000407F19D0FFE71F98B0F1806F15D0FFE7DF
:1091F0001F98B0F1A06F11D011E014E02B98083047
:1092000007F084F88DF8A3000DE02B98303007F0BC
:1092100033F98DF8A30006E005E004E003E0012047
:109220008DF8A300FFE79DF8A30060B9FFE740F6C3
:10923000D841C4F20241086820F0E0602B9AD26F56
:109240001043086004E09DF8A3008DF8A200FFE73A
:10925000FFE72B984078800700284CD5FFE72B9834
:10926000D0F880001E90C8B1FFE71E98B0F1006FE3
:1092700015D0FFE71E98B0F1805F17D0FFE71E986A
:10928000B0F1C05F19D0FFE71E98B0F1005F15D0B4
:10929000FFE71E98B0F1205F11D011E014E02B9889
:1092A000083007F033F88DF8A3000DE02B9830302C
:1092B00007F0E2F88DF8A30006E005E004E003E023
:1092C00001208DF8A300FFE79DF8A30068B9FFE730
:1092D00040F6D841C4F20241086820F060502B9A51
:1092E000D2F880201043086004E09DF8A3008DF8B8
:1092F000A200FFE7FFE72B9840784007002839D508
:10930000FFE72B98D0F884001D90052817D81D99E9
:10931000DFE801F003040B12131414E02B9808305B
:1093200006F0F4FF8DF8A3000DE02B98303007F025
:10933000A3F88DF8A30006E005E004E003E00120B7
:109340008DF8A300FFE79DF8A30068B9FFE740F69A
:10935000DC41C4F20241086820F007002B9AD2F8E1
:1093600084201043086004E09DF8A3008DF8A2005B
:10937000FFE7FFE72B9840780007002847D5FFE775
:109380002B98D0F888001C90A0B1FFE71C981028FB
:1093900011D0FFE71C98202814D0FFE71C98302834
:1093A00017D0FFE71C98402814D0FFE71C985028DE
:1093B00011D011E014E02B98083006F0A7FF8DF8CB
:1093C000A3000DE02B98303007F056F88DF8A3007D
:1093D00006E005E004E003E001208DF8A300FFE7CC
:1093E0009DF8A30068B9FFE740F6DC41C4F20241F2
:1093F000086820F070002B9AD2F88820104308608B
:1094000004E09DF8A3008DF8A200FFE7FFE72B988A
:109410004078C00600284CD5FFE72B98D0F88C0088
:109420001B90C8B1FFE71B98B0F1807F15D0FFE714
:109430001B98B0F1007F17D0FFE71B98B0F1407F79
:1094400019D0FFE71B98B0F1806F15D0FFE71B988C
:10945000B0F1A06F11D011E014E02B98083006F0A5
:1094600055FF8DF8A3000DE02B98303007F004F87D
:109470008DF8A30006E005E004E003E001208DF88C
:10948000A300FFE79DF8A30068B9FFE740F6E041BD
:10949000C4F20241086820F0E0602B9AD2F88C20D8
:1094A0001043086004E09DF8A3008DF8A200FFE7D8
:1094B000FFE72B984078800600283AD5FFE72B98E5
:1094C000D0F890001A9078B1FFE71A98B0F5803F75
:1094D0000BD0FFE71A98B0F5003F0DD0FFE71A98C0
:1094E000B0F5403F09D009E00CE02B98303006F091
:1094F000C3FF8DF8A30005E004E003E001208DF830
:10950000A300FFE79DF8A30068B9FFE740F6E44138
:10951000C4F20241086820F440302B9AD2F890201F
:109520001043086004E09DF8A3008DF8A200FFE757
:10953000FFE72B984078400600283AD5FFE72B98A4
:10954000D0F89400199078B1FFE71998B0F5802F02
:109550000BD0FFE71998B0F5002F0DD0FFE7199851
:10956000B0F5402F09D009E00CE02B98303006F020
:1095700083FF8DF8A30005E004E003E001208DF8EF
:10958000A300FFE79DF8A30068B9FFE740F6E441B8
:10959000C4F20241086820F440202B9AD2F89420AB
:1095A0001043086004E09DF8A3008DF8A200FFE7D7
:1095B000FFE72B984078000600283AD5FFE72B9864
:1095C000D0F89800189078B1FFE71898B0F5801F90
:1095D0000BD0FFE71898B0F5001F0DD0FFE71898E3
:1095E000B0F5401F09D009E00CE02B98303006F0B0
:1095F00043FF8DF8A30005E004E003E001208DF8AF
:10960000A300FFE79DF8A30068B9FFE740F6E44137
:10961000C4F20241086820F440102B9AD2F8982036
:109620001043086004E09DF8A3008DF8A200FFE756
:10963000FFE72B984079400700283AD5FFE72B98A1
:10964000D0F89C00179078B1FFE71798B0F5800F1D
:109650000BD0FFE71798B0F5000F0DD0FFE7179874
:10966000B0F5400F09D009E00CE02B98303006F03F
:1096700003FF8DF8A30005E004E003E001208DF86E
:10968000A300FFE79DF8A30068B9FFE740F6E441B7
:10969000C4F20241086820F440002B9AD2F89C20C2
:1096A0001043086004E09DF8A3008DF8A200FFE7D6
:1096B000FFE72B988078C007A0B3FFE72B98D0F87E
:1096C000A000169050B1FFE71698B0F1807F06D049
:1096D000FFE71698B0F1007F08D008E00BE02B9868
:1096E000303006F0C9FE8DF8A30004E003E001204D
:1096F0008DF8A300FFE79DF8A30068B9FFE740F6E7
:10970000E441C4F20241086820F040702B9AD2F87C
:10971000A0201043086004E09DF8A3008DF8A2008B
:10972000FFE7FFE72B9840790007002811D5FFE7F6
:10973000FFE740F61C41C4F20241086820F40040F3
:1097400008602B98D0F80421086810430860FFE7F0
:10975000FFE72B988078800700284CD5FFE72B98EF
:10976000D0F8A4001590C8B1FFE71598B0F5807F38
:1097700015D0FFE71598B0F5007F17D0FFE71598D3
:10978000B0F5407F19D0FFE71598B0F5806F15D080
:10979000FFE71598B0F5A06F11D011E014E02B98F9
:1097A000083006F0B3FD8DF8A3000DE02B983030A3
:1097B00006F062FE8DF8A30006E005E004E003E099
:1097C00001208DF8A300FFE79DF8A30068B9FFE72B
:1097D00040F6DC41C4F20241086820F4E0602B9AB4
:1097E000D2F8A4201043086004E09DF8A3008DF88F
:1097F000A200FFE7FFE72B988078400700284CD5B0
:10980000FFE72B98D0F8A8001490C8B1FFE7149890
:10981000B0F5805F15D0FFE71498B0F5005F17D062
:10982000FFE71498B0F5405F19D0FFE71498B0F542
:10983000804F15D0FFE71498B0F5A04F11D011E07C
:1098400014E02B98083006F061FD8DF8A3000DE0C0
:109850002B98303006F010FE8DF8A30006E005E0EE
:1098600004E003E001208DF8A300FFE79DF8A300CA
:1098700068B9FFE740F6DC41C4F20241086820F411
:10988000E0402B9AD2F8A8201043086004E09DF82D
:10989000A3008DF8A200FFE7FFE72B980079800670
:1098A00000284CD5FFE72B98D0F8AC001390C8B136
:1098B000FFE71398B0F5803F15D0FFE71398B0F598
:1098C000003F17D0FFE71398B0F5403F19D0FFE7EE
:1098D0001398B0F5802F15D0FFE71398B0F5A02F9F
:1098E00011D011E014E02B98083006F00FFD8DF830
:1098F000A3000DE02B98303006F0BEFD8DF8A300DC
:1099000006E005E004E003E001208DF8A300FFE796
:109910009DF8A30068B9FFE740F6DC41C4F20241BC
:10992000086820F4E0202B9AD2F8AC20104308609D
:1099300004E09DF8A3008DF8A200FFE7FFE72B9855
:109940000079400600284CD5FFE72B98D0F8B000EE
:109950001290C8B1FFE71298B0F5801F15D0FFE74D
:109960001298B0F5001F17D0FFE71298B0F5401F0E
:1099700019D0FFE71298B0F5800F15D0FFE71298C5
:10998000B0F5A00F11D011E014E02B98083006F0CC
:10999000BDFC8DF8A3000DE02B98303006F06CFD77
:1099A0008DF8A30006E005E004E003E001208DF857
:1099B000A300FFE79DF8A30068B9FFE740F6DC418C
:1099C000C4F20241086820F4E0002B9AD2F8B020DB
:1099D0001043086004E09DF8A3008DF8A200FFE7A3
:1099E000FFE72B980079000600284CD5FFE72B985D
:1099F000D0F8B4001190C8B1FFE71198B0F1807FA2
:109A000015D0FFE71198B0F1007F17D0FFE711984C
:109A1000B0F1407F19D0FFE71198B0F1806F15D0F9
:109A2000FFE71198B0F1A06F11D011E014E02B986E
:109A3000083006F06BFC8DF8A3000DE02B98303059
:109A400006F01AFD8DF8A30006E005E004E003E04F
:109A500001208DF8A300FFE79DF8A30068B9FFE798
:109A600040F6DC41C4F20241086820F0E0602B9A25
:109A7000D2F8B4201043086004E09DF8A3008DF8EC
:109A8000A200FFE7FFE72B984079C00700284CD0E1
:109A9000FFE72B98D0F8B8001090C8B1FFE71098F6
:109AA000B0F1805F15D0FFE71098B0F1005F17D0DC
:109AB000FFE71098B0F1405F19D0FFE71098B0F1C0
:109AC000804F15D0FFE71098B0F1A04F11D011E0F2
:109AD00014E02B98083006F019FC8DF8A3000DE077
:109AE0002B98303006F0C8FC8DF8A30006E005E0A6
:109AF00004E003E001208DF8A300FFE79DF8A30038
:109B000068B9FFE740F6DC41C4F20241086820F082
:109B1000E0402B9AD2F8B8201043086004E09DF88A
:109B2000A3008DF8A200FFE7FFE72B9880780007DD
:109B300000284ED5FFE72B98D0F8C0000F90A0B1B9
:109B4000FFE70F98B0F5803F18D0FFE70F98B0F50A
:109B5000003F1AD0FFE70F98B0F5403F1CD0FFE759
:109B60000F98B0F5802F18D018E040F62841C4F2C5
:109B70000241086840F40030086013E02B98083078
:109B800006F0C4FB8DF8A3000CE02B98303006F0F3
:109B900073FC8DF8A30005E004E003E001208DF8DC
:109BA000A300FFE79DF8A30068B9FFE740F6E8418E
:109BB000C4F20241086820F4E0202B9AD2F8C020B9
:109BC0001043086004E09DF8A3008DF8A200FFE7B1
:109BD000FFE72B988078C00600284DD5FFE72B982B
:109BE000D0F8C4000E90A0B1FFE70E98B0F5002F9A
:109BF00018D0FFE70E98B0F5801F1AD0FFE70E9837
:109C0000B0F5C01F1CD0FFE70E98B0F5001F17D0AD
:109C100017E040F62841C4F20241086840F40030E1
:109C2000086012E02B98083006F070FB8DF8A30056
:109C30000BE02B98303006F01FFC8DF8A30004E0F9
:109C400003E001208DF8A300FFE79DF8A30068B9A9
:109C5000FFE740F6E841C4F20241086820F46010D2
:109C60002B9AD2F8C4201043086004E09DF8A300AA
:109C70008DF8A200FFE7FFE72B9880788006002888
:109C800034D5FFE72B98D0F8D4000D90022809D3E3
:109C9000FFE70D98022806D0FFE70D980338032848
:109CA00008D308E00BE02B98083006F02FFB8DF866
:109CB000A30004E003E001208DF8A300FFE79DF876
:109CC000A30068B9FFE740F6E841C4F20241086822
:109CD00020F007002B9AD2F8D4201043086004E04B
:109CE0009DF8A3008DF8A200FFE7FFE72B984079CD
:109CF0008007002827D5FFE72B98D0F8D8000C90D4
:109D000020B1FFE70C98082801D001E004E003E04F
:109D100001208DF8A300FFE79DF8A30068B9FFE7D5
:109D200040F6E841C4F20241086820F008002B9A8E
:109D3000D2F8D8201043086004E09DF8A3008DF805
:109D4000A200FFE7FFE72B98C0788007002840F1CA
:109D5000B580FFE740F62401C4F20241086840F0F4
:109D600001000860FBF7DAFC2990FFE740F62400C9
:109D7000C4F202400068C00760B9FFE7FBF7CEFC01
:109D80002999401A032804D3FFE703208DF8A30084
:109D900000E0EBE79DF8A300002840F08980FFE792
:109DA00040F6F040C4F20240006800F440702A908F
:109DB0002A98D0B1FFE72A982B99D1F8F810884259
:109DC00013D0FFE740F6F041C4F20241086820F4E6
:109DD00040702A90086840F480300860086820F4D9
:109DE000803008602A980860FFE79DF8A800C00747
:109DF000E0B1FFE7FBF792FC2990FFE740F6F04067
:109E0000C4F202400068800700280ED4FFE7FBF789
:109E100085FC2999401A41F28931884204D3FFE731
:109E200003208DF8A30000E0E8E7FFE79DF8A3001A
:109E3000C0BBFFE7FFE72B98D0F8F80000F44070B4
:109E4000B0F5407F13D1FFE740F61C41C4F2024158
:109E5000086820F47C502B9AD2F8F8204FF6F04393
:109E6000C0F6FF731A4040EA1210086008E040F69E
:109E70001C41C4F20241086820F47C500860FFE7EE
:109E800040F6F041C4F20241086820F440700860D6
:109E90002B98D0F8F8206FF31F3208681043086041
:109EA000FFE704E09DF8A3008DF8A200FFE704E0BF
:109EB0009DF8A3008DF8A200FFE7FFE72B98C0787C
:109EC0004007002839D5FFE72B98D0F8C8000B9041
:109ED00060B1FFE70B98102809D0FFE70B98202806
:109EE0000ED0FFE70B9830280BD00BE00EE040F6C9
:109EF0002841C4F20241086840F40030086005E0DF
:109F000004E003E001208DF8A300FFE79DF8A30023
:109F100068B9FFE740F6E841C4F20241086820F062
:109F200030002B9AD2F8C8201043086004E09DF856
:109F3000A3008DF8A200FFE7FFE72B98807840068A
:109F4000002835D5FFE72B98D0F8CC000A9020B137
:109F5000FFE70A98402809D00FE040F62841C4F2F4
:109F60000241086840F4003008600AE02B9808308D
:109F700006F0CCF98DF8A30003E001208DF8A300D2
:109F8000FFE79DF8A30068B9FFE740F6E441C4F29B
:109F90000241086820F040002B9AD2F8CC201043F0
:109FA000086004E09DF8A3008DF8A200FFE7FFE73A
:109FB0002B9880780006002835D5FFE72B98D0F83D
:109FC000D000099020B1FFE70998802809D00FE060
:109FD00040F62841C4F20241086840F400300860AD
:109FE0000AE02B98083006F091F98DF8A30003E001
:109FF00001208DF8A300FFE79DF8A30068B9FFE7F3
:10A0000040F6E441C4F20241086820F080002B9A37
:10A01000D2F8D0201043086004E09DF8A3008DF82A
:10A02000A200FFE7FFE72B98C0780007002840D583
:10A03000FFE72B98D0F8E000089004281ED8089974
:10A04000DFE801F0030C131A1B0040F62841C4F2AC
:10A050000241086840F40030086013E02B98083093
:10A0600006F054F98DF8A3000CE02B98303006F080
:10A0700003FA8DF8A30005E004E003E001208DF869
:10A08000A300FFE79DF8A30068B9FFE740F6E041B1
:10A09000C4F20241086820F007002B9AD2F8E020B1
:10A0A0001043086004E09DF8A3008DF8A200FFE7CC
:10A0B000FFE72B98C078C006002840F14F80FFE7EB
:10A0C0002B98D0F8E400079020282CD80799DFE8D7
:10A0D00001F0112A2A2A2A2A2A2A1A2A2A2A2A2A6C
:10A0E0002A2A212A2A2A2A2A2A2A282A2A2A2A2ADB
:10A0F0002A2A290040F62841C4F20241086840F4A7
:10A100000030086013E02B98083006F0FFF88DF857
:10A11000A3000CE02B98303006F0AEF98DF8A300C8
:10A1200005E004E003E001208DF8A300FFE79DF8BF
:10A13000A30068B9FFE740F6E041C4F202410868B5
:10A1400020F038002B9AD2F8E4201043086004E095
:10A150009DF8A3008DF8A200FFE7FFE72B98C078D9
:10A16000800600284BD5FFE72B98D0F8E800069032
:10A1700088B1FFE70698402816D0FFE706988028A8
:10A1800019D0FFE70698C0281CD0FFE70698B0F565
:10A19000807F18D018E040F62841C4F202410868D8
:10A1A00040F40030086013E02B98083006F0AEF859
:10A1B0008DF8A3000CE02B98303006F05DF98DF897
:10A1C000A30005E004E003E001208DF8A300FFE711
:10A1D0009DF8A30068B9FFE740F6E041C4F20241F0
:10A1E000086820F4E0702B9AD2F8E8201043086049
:10A1F00004E09DF8A3008DF8A200FFE7FFE72B988D
:10A20000C078400600284CD5FFE72B98D0F8EC002A
:10A210000590C8B1FFE70598B0F5007F15D0FFE7BE
:10A220000598B0F5806F17D0FFE70598B0F5C06FBF
:10A2300019D0FFE70598B0F5006F15D0FFE7059836
:10A24000B0F5206F11D011E014E02B98083006F023
:10A250005DF88DF8A3000DE02B98303006F00CF976
:10A260008DF8A30006E005E004E003E001208DF88E
:10A27000A300FFE79DF8A30068B9FFE740F6E041BF
:10A28000C4F20241086820F460602B9AD2F8EC20F6
:10A290001043086004E09DF8A3008DF8A200FFE7DA
:10A2A000FFE72B98C078000600284CD5FFE72B98D5
:10A2B000D0F8F0000490C8B1FFE70498B0F5805FD3
:10A2C00015D0FFE70498B0F5005F17D0FFE70498BA
:10A2D000B0F5405F19D0FFE70498B0F5804F15D076
:10A2E000FFE70498B0F5A04F11D011E014E02B98CF
:10A2F000083006F00BF88DF8A3000DE02B983030F5
:10A3000006F0BAF88DF8A30006E005E004E003E0EB
:10A3100001208DF8A300FFE79DF8A30068B9FFE7CF
:10A3200040F6E041C4F20241086820F4E0402B9A74
:10A33000D2F8F0201043086004E09DF8A3008DF8E7
:10A34000A200FFE7FFE72B980079C00700284CD058
:10A35000FFE72B98D0F8F4000390C8B1FFE703980B
:10A36000B0F5004F15D0FFE70398B0F5803F17D048
:10A37000FFE70398B0F5C03F19D0FFE70398B0F5A9
:10A38000003F15D0FFE70398B0F5203F11D011E052
:10A3900014E02B98083005F0B9FF8DF8A3000DE00C
:10A3A0002B98303006F068F88DF8A30006E005E041
:10A3B00004E003E001208DF8A300FFE79DF8A3006F
:10A3C00068B9FFE740F6E041C4F20241086820F4B2
:10A3D00060302B9AD2F8F4201043086004E09DF816
:10A3E000A3008DF8A200FFE7FFE72B980079800714
:10A3F000002838D5FFE72B98D0F8DC00029003281E
:10A4000016D80299DFE801F002030C1314E040F6BD
:10A410002841C4F20241086840F4003008600BE0B3
:10A420002B98083005F072FF8DF8A30004E003E0DC
:10A4300001208DF8A300FFE79DF8A30068B9FFE7AE
:10A4400040F6E441C4F20241086820F003002B9A70
:10A45000D2F8DC201043086004E09DF8A3008DF8DA
:10A46000A200FFE7FFE72B980079400700283CD5C2
:10A47000FFE72B98D0F8BC00019050B1FFE701989E
:10A48000B0F5807F06D0FFE70198B0F5007F0AD0D5
:10A4900010E013E040F62841C4F20241086840F49D
:10A4A000003008600AE02B98083005F02FFF8DF887
:10A4B000A30003E001208DF8A300FFE79DF8A300AF
:10A4C00068B9FFE740F6E841C4F20241086820F4A9
:10A4D00040702B9AD2F8BC201043086004E09DF82D
:10A4E000A3008DF8A200FFE7FFE72B980079C006D4
:10A4F00000283BD5FFE72B98D0F8000100901028EA
:10A5000008D0FFE7009820280DD0FFE700983028FA
:10A5100010D010E040F62841C4F20241086840F42F
:10A52000003008600BE02B98303005F0A5FF8DF867
:10A53000A30004E003E001208DF8A300FFE79DF8ED
:10A54000A30068B9FFE740F6E441C4F2024108689D
:10A5500020F030002B9AD2F800211043086004E06C
:10A560009DF8A3008DF8A200FFE7FFE72B98007984
:10A57000000700280DD5FFE740F6E841C4F202418C
:10A58000086820F0C0002B9AD2F8FC201043086025
:10A59000FFE79DF8A2002CB080BD000080B586B01A
:10A5A00004900391049820B9FFE701208DF817006B
:10A5B0003AE2039842F20001C4F20201096801F094
:10A5C0000F01884216D9FFE742F20000C4F20200F0
:10A5D000016821F00F01039A11430160006800F047
:10A5E0000F000399884204D0FFE701208DF817007F
:10A5F0001AE2FFE704980078C00600281BD5FFE7A1
:10A600000498406940F62041C4F20241096801F40F
:10A61000E041B0EB112F0DD9FFE740F62041C4F225
:10A620000241086820F4E040049A526940EA02209E
:10A630000860FFE7FFE704980078000700281BD5B3
:10A64000FFE70498006940F62041C4F2024109681E
:10A6500001F4E061B0EB111F0DD9FFE740F6204196
:10A66000C4F20241086820F4E060049A126940EAEA
:10A6700002100860FFE7FFE7049800784007002811
:10A6800019D5FFE70498C06840F62041C4F20241A2
:10A69000096801F0700188420CD9FFE740F62041BB
:10A6A000C4F20241086820F07000049AD268104396
:10A6B0000860FFE7FFE7049800788007002819D5B5
:10A6C000FFE70498806840F62041C4F2024109681F
:10A6D00001F00F0188420CD9FFE740F62041C4F297
:10A6E0000241086820F00F00049A92681043086045
:10A6F000FFE7FFE704980078C007002800F0D1804A
:10A70000FFE70498406803280ED1FFE740F60040B9
:10A71000C4F2024000688001002804D4FFE7012051
:10A720008DF8170080E135E00498406802280ED1CA
:10A73000FFE740F60040C4F20240006880030028B2
:10A7400004D4FFE701208DF817006DE121E00498A3
:10A75000406801280ED1FFE740F60040C4F20240F5
:10A7600000688005002804D4FFE701208DF8170059
:10A770005AE10DE040F60040C4F202400068800754
:10A78000002804D4FFE701208DF817004CE1FFE713
:10A79000FFE7FFE740F61C41C4F20241086820F0E1
:10A7A0000300049A526810430860FAF7B7FF01905B
:10A7B0000498406803281AD1FFE7FFE740F61C40E1
:10A7C000C4F20240006800F0180018280ED0FFE71D
:10A7D000FAF7A4FF0199401A41F28931884204D363
:10A7E000FFE703208DF817001EE1E7E758E0049823
:10A7F000406802281AD1FFE7FFE740F61C40C4F288
:10A800000240006800F0180010280ED0FFE7FAF7A9
:10A8100085FF0199401A41F28931884204D3FFE74C
:10A8200003208DF81700FFE0E7E738E00498406860
:10A8300001281AD1FFE7FFE740F61C40C4F20240AE
:10A84000006800F0180008280ED0FFE7FAF766FF4E
:10A850000199401A41F28931884204D3FFE703206D
:10A860008DF81700E0E0E7E718E0FFE740F61C404E
:10A87000C4F20240006810F0180F0ED0FFE7FAF79C
:10A880004DFF0199401A41F28931884204D3FFE714
:10A8900003208DF81700C7E0E8E7FFE7FFE7FFE7D1
:10A8A000FFE7049800788007002819D5FFE704988F
:10A8B000806840F62041C4F20241096801F00F01AE
:10A8C00088420CD2FFE740F62041C4F202410868FA
:10A8D00020F00F00049A926810430860FFE7FFE73A
:10A8E000039842F20001C4F20201096801F00F016D
:10A8F000884216D2FFE742F20000C4F2020001686B
:10A9000021F00F01039A11430160006800F00F006D
:10A910000399884204D0FFE701208DF8170083E0F7
:10A92000FFE7049800784007002819D5FFE704984E
:10A93000C06840F62041C4F20241096801F070018C
:10A9400088420CD2FFE740F62041C4F20241086879
:10A9500020F07000049AD26810430860FFE7FFE718
:10A9600004980078000700281BD5FFE704980069C9
:10A9700040F62041C4F20241096801F4E061B0EB05
:10A98000111F0DD2FFE740F62041C4F202410868D2
:10A9900020F4E060049A126940EA02100860FFE7C0
:10A9A000FFE704980078C00600281BD5FFE704984D
:10A9B000406940F62041C4F20241096801F4E041D7
:10A9C000B0EB112F0DD2FFE740F62041C4F2024157
:10A9D000086820F4E040049A526940EA02200860C6
:10A9E000FFE7FFE700F07AF840F62041C4F20241A9
:10A9F000096801F00F0246F24431C0F60101895C9A
:10AA0000C84040F21C01C2F20001086040F2084058
:10AA1000C2F200000068FAF7EFFE8DF80B009DF817
:10AA20000B008DF81700FFE79DF8170006B080BDFA
:10AA300080B500F053F840F62041C4F202410968A5
:10AA400001F00F0246F24431C0F60101895C01F0C9
:10AA50001F0120FA01F140F21C00C2F20000016067
:10AA6000006880BD80B5FFF7E3FF40F62041C4F2E7
:10AA700002410968C1F3021246F25431C0F60101E5
:10AA8000895C01F01F01C84080BD000080B5FFF760
:10AA9000CFFF40F62041C4F202410968C1F302220F
:10AAA00046F25431C0F60101895C01F01F01C84033
:10AAB00080BD000080B5FFF7BBFF40F62041C4F227
:10AAC00002410968C1F3023246F25431C0F6010175
:10AAD000895C01F01F01C84080BD000089B040F6CC
:10AAE0001C40C4F20240006800F01800082806D19B
:10AAF000FFE740F60010C0F23D00049048E140F648
:10AB00001C40C4F20240006810F0180F21D1FFE78A
:10AB100040F60040C4F20240006800F0200100202E
:10AB2000B0EB511F0ED0FFE740F60040C4F20240E8
:10AB30000068C0F3C10149F20000C0F2D030C84043
:10AB4000049005E049F20000C0F2D0300490FFE725
:10AB50001DE140F61C40C4F20240006800F01800FD
:10AB6000102806D1FFE747F64000C0F27D100490A0
:10AB70000CE140F61C40C4F20240006800F01800EE
:10AB8000182840F0FC80FFE740F62840C4F202405D
:10AB9000016801F0030108910168C1F305210691E4
:10ABA0000068C0F300100590059840F63841C4F2E3
:10ABB0000241096889B2C90800FB01F000EE100AE1
:10ABC000B8EE400A8DED020A0698002800F0D38006
:10ABD000FFE708980090012809D0FFE700980228B5
:10ABE00000F08D80FFE70098032864D088E040F6ED
:10ABF0000040C4F20240006800F020010020B0EBE9
:10AC0000511F33D0FFE740F60040C4F20240006815
:10AC1000C0F3C10149F20000C0F2D030C840039037
:10AC20009DED030AB8EE400A9DED061AB8EE411AF2
:10AC300080EE010A40F63440C4F2024000686FF32F
:10AC40005F2001EE100AB8EE411A9DED022A9FED39
:10AC5000533A22EE032A31EE021AB7EE002A31EE01
:10AC6000021A20EE010A8DED010A23E09DED060A8D
:10AC7000B8EE401A9FED4A0A80EE010A40F63440D1
:10AC8000C4F2024000686FF35F2001EE100AB8EED4
:10AC9000411A9DED022A9FED413A22EE032A31EE40
:10ACA000021AB7EE002A31EE021A20EE010A8DEDEB
:10ACB000010AFFE748E09DED060AB8EE401A9FED55
:10ACC000360A80EE010A40F63440C4F202400068C1
:10ACD0006FF35F2001EE100AB8EE411A9DED022AD3
:10ACE0009FED2E3A22EE032A31EE021AB7EE002A29
:10ACF00031EE021A20EE010A8DED010A24E0FFE791
:10AD00009DED060AB8EE401A9FED260A80EE010A74
:10AD100040F63440C4F2024000686FF35F2001EE59
:10AD2000100AB8EE411A9DED022A9FED1C3A22EE60
:10AD3000032A31EE021AB7EE002A31EE021A20EE93
:10AD4000010A8DED010AFFE740F63440C4F20240EB
:10AD5000006881B2012000EB512007909DED010AAF
:10AD60009DED071AB8EE411A80EE010ABCEEC00A4A
:10AD70008DED040A02E000200490FFE705E049F2AF
:10AD80000000C0F2D0300490FFE7FFE7FFE7FFE7E5
:10AD9000049809B0704700BF20BCBE4B00000039CA
:10ADA0000024744C0024744A80B588B0069006983C
:10ADB00028B9FFE701208DF81F0000F0EFBC40F636
:10ADC0001C40C4F20240006800F01800049040F6F5
:10ADD0002840C4F20240006800F003000390069887
:10ADE0000078C006002840F18080FFE7049808281A
:10ADF00008D0FFE7049818281DD1FFE70398022820
:10AE000019D1FFE70698C06928B9FFE701208DF83E
:10AE10001F0000F0C3BCFFE740F61841C4F2024136
:10AE2000086820F47C10069A126A40EA0240086022
:10AE3000FFE7FFE758E00698C06988B3FFE740F6F0
:10AE40000041C4F20241086840F480700860FAF7DB
:10AE500065FC0590FFE740F60040C4F20240006840
:10AE6000800500280DD4FFE7FAF758FC0599401A31
:10AE7000032805D3FFE703208DF81F0000F08EBCE8
:10AE8000E9E7FFE740F61841C4F20241086820F400
:10AE90007C10069A126A40EA02400860FFE722E04E
:10AEA00040F60041C4F20241086820F48070086056
:10AEB000FAF734FC0590FFE740F60040C4F2024088
:10AEC0000068800500280DD5FFE7FAF727FC0599F3
:10AED000401A032805D3FFE703208DF81F0000F078
:10AEE0005DBCE9E7FFE7FFE7FFE706980078C007EA
:10AEF000002800F0B980FFE70498102808D0FFE789
:10AF0000049818280ED1FFE7039803280AD1FFE719
:10AF10000698406828B9FFE701208DF81F0000F06F
:10AF20003DBCA0E0FFE706984068B0F5803F09D13E
:10AF3000FFE740F60041C4F20241086840F4803067
:10AF4000086056E00698406888B9FFE740F600417F
:10AF5000C4F20241086820F480300860086820F4D8
:10AF600080100860086820F48020086040E006989F
:10AF70004068B0F5A02F11D1FFE740F60041C4F2C0
:10AF80000241086840F480200860086820F48010BE
:10AF90000860086840F48030086028E0069840683F
:10AFA000B0F5A81F11D1FFE740F60041C4F20241FD
:10AFB000086840F480200860086840F48010086049
:10AFC000086840F48030086010E040F60041C4F2A8
:10AFD0000241086820F480300860086820F480206E
:10AFE0000860086820F480100860FFE7FFE7FFE7CB
:10AFF000FFE7FFE706984068D0B1FFE7FAF78EFB5E
:10B000000590FFE740F60040C4F20240006880036C
:10B0100000280CD4FFE7FAF781FB0599401A652850
:10B0200004D3FFE703208DF81F00B7E3EAE719E038
:10B03000FAF774FB0590FFE740F60040C4F20240C7
:10B040000068800300280CD5FFE7FAF767FB059935
:10B05000401A652804D3FFE703208DF81F009DE305
:10B06000EAE7FFE7FFE7FFE7069800788007002898
:10B0700040F1C380FFE7049840B1FFE70498182827
:10B080005ED1FFE7039801285AD1FFE70698C06810
:10B0900020B9FFE701208DF81F007FE3049840BB33
:10B0A000FFE740F60040C4F20240006800F01800DC
:10B0B0000699096988421BD0FFE740F60041C4F2B7
:10B0C0000241086820F01800069A126910430860CF
:10B0D000FFF7AEFC40F20840C2F200000068FAF749
:10B0E0008BFB20B1FFE701208DF81F0056E3FFE73F
:10B0F000FFE7FAF713FB0590FFE740F60040C4F2C4
:10B1000002400068800700280CD4FFE7FAF706FB2E
:10B110000599401A032804D3FFE703208DF81F0088
:10B120003CE3EAE740F61041C4F20241086820F42B
:10B13000FE00069A526940EA02400860FFE75BE0C1
:10B140000698C068A8B3FFE740F60041C4F2024188
:10B15000086820F01800069A126910430860086811
:10B1600040F001000860FAF7D9FA0590FFE740F6D1
:10B170000040C4F202400068800700280CD4FFE7BA
:10B18000FAF7CCFA0599401A032804D3FFE7032005
:10B190008DF81F0002E3EAE740F61041C4F20241D5
:10B1A000086820F4FE00069A526940EA02400860EE
:10B1B00021E040F60041C4F20241086820F001009D
:10B1C0000860FAF7ABFA0590FFE740F60040C4F2DA
:10B1D00002400068800700280CD5FFE7FAF79EFAC6
:10B1E0000599401A032804D3FFE703208DF81F00B8
:10B1F000D4E2EAE7FFE7FFE7FFE7069800780007F9
:10B20000002849D5FFE70698806910B3FFE740F6AC
:10B21000F041C4F20241086840F080600860FAF72B
:10B220007DFA0590FFE740F6F040C4F20240006866
:10B23000000100280CD4FFE7FAF770FA0599401ACC
:10B24000032804D3FFE703208DF81F00A6E2EAE7F6
:10B2500021E040F6F041C4F20241086820F080602D
:10B260000860FAF75BFA0590FFE740F6F040C4F299
:10B2700002400068000100280CD5FFE7FAF74EFAFB
:10B280000599401A032804D3FFE703208DF81F0017
:10B2900084E2EAE7FFE7FFE7069800784007002826
:10B2A00040F1CC80FFE740F62400C4F20240006881
:10B2B000C00708BBFFE740F62401C4F2024108685A
:10B2C00040F001000860FAF729FA0590FFE740F620
:10B2D0002400C4F202400068C00760B9FFE7FAF733
:10B2E0001DFA0599401A032804D3FFE703208DF8BF
:10B2F0001F0053E2EBE7FFE7FFE7069880680128AD
:10B3000009D1FFE740F6F041C4F20241086840F07D
:10B310000100086054E00698806888B9FFE740F6AD
:10B32000F041C4F20241086820F00100086008689A
:10B3300020F080000860086820F0040008603EE00B
:10B3400006988068052811D1FFE740F6F041C4F265
:10B350000241086840F004000860086820F080009E
:10B360000860086840F00100086027E006988068DF
:10B37000852811D1FFE740F6F041C4F20241086888
:10B3800040F004000860086840F080000860086829
:10B3900040F00100086010E040F6F041C4F20241C4
:10B3A000086820F001000860086820F004000860C8
:10B3B000086820F080000860FFE7FFE7FFE7FFE78D
:10B3C000FFE706988068E0B1FFE7FAF7A7F9059074
:10B3D000FFE740F6F040C4F2024000688007002812
:10B3E0000ED4FFE7FAF79AF90599401A41F289312C
:10B3F000884204D3FFE703208DF81F00CEE1E8E781
:10B400001BE0FAF78BF90590FFE740F6F040C4F235
:10B4100002400068800700280ED5FFE7FAF77EF9A2
:10B420000599401A41F28931884204D3FFE703208D
:10B430008DF81F00B2E1E8E7FFE7FFE70698007824
:10B440008006002849D5FFE70698406A10B3FFE759
:10B4500040F60041C4F20241086840F480500860A0
:10B46000FAF75CF90590FFE740F60040C4F20240AD
:10B470000068800400280CD4FFE7FAF74FF905991B
:10B48000401A032804D3FFE703208DF81F0085E14D
:10B49000EAE721E040F60041C4F20241086820F4E6
:10B4A00080500860FAF73AF90590FFE740F600404F
:10B4B000C4F202400068800400280CD5FFE7FAF7C8
:10B4C0002DF90599401A032804D3FFE703208DF8CE
:10B4D0001F0063E1EAE7FFE7FFE70698806A0028BC
:10B4E00000F05881FFE70498182800F0D580FFE7A6
:10B4F0000698806A022840F0A180FFE740F60041EC
:10B50000C4F20241086820F080700860FAF706F97A
:10B510000590FFE740F60040C4F202400068800159
:10B5200000280CD5FFE7FAF7F9F80599401A032827
:10B5300004D3FFE703208DF81F002FE1EAE7FFE7C0
:10B5400040F62841C4F20241086843F60372904372
:10B55000069BDA6A1B6B42EA0322104308600699D5
:10B56000486BD1F838C0CB6B0A6C01386FF35F20A1
:10B570004FF60061CFF6FF7101EB4C2189B2084410
:10B580000021CFF6FF7101EB034101F4FE010844F5
:10B590004FF07F4101EB026101F0FE41084440F6AB
:10B5A0003441C4F202410860FFE740F62841C4F28A
:10B5B00002410091086820F0100008600698C06CF5
:10B5C000C00040F63842C4F202421060086840F001
:10B5D00010000860086820F00C00069A526C1043B6
:10B5E0000860086820F02000069A926C10430860FA
:10B5F000086840F48030086040F60041C4F202411F
:10B60000086840F080700860FAF788F80590FFE756
:10B6100040F60040C4F202400068800100280CD4CB
:10B62000FFE7FAF77BF80599401A032804D3FFE7F0
:10B6300003208DF81F00B1E0EAE72CE040F600415E
:10B64000C4F20241086820F080700860FAF766F8DA
:10B650000590FFE740F60040C4F202400068800118
:10B6600000280CD5FFE7FAF759F80599401A032886
:10B6700004D3FFE703208DF81F008FE0EAE740F6D0
:10B680002841C4F2024108684FF6FC72CFF6F87206
:10B6900010400860FFE77CE040F62840C4F202401A
:10B6A0000068029040F63440C4F202400068019005
:10B6B0000698806A012837D0FFE7029800F003005F
:10B6C0000699C96A88422FD1FFE7029800F47C519D
:10B6D0000698006BB0EB112F26D1FFE701986FF3AE
:10B6E0005F200699496B013988421DD1FFE7BDF8FB
:10B6F00004100698806B0138B0EB512F14D1FFE78E
:10B70000019800F4FE010698C06B0138B0EB114FB0
:10B710000AD1FFE7019800F0FE410698006C01385D
:10B72000B0EB116F04D0FFE701208DF81F0035E06A
:10B7300040F63840C4F20240006881B20698C06CFE
:10B74000B0EBD10F24D0FFE740F62841C4F202410C
:10B75000086820F010000860F9F7E0FF0590FFE7A7
:10B76000F9F7DCFF0599401A08B9FFE7F8E70698F2
:10B77000C06CC00040F63841C4F20241086040F697
:10B780002841C4F20241086840F010000860FFE759
:10B79000FFE7FFE700208DF81F00FFE79DF81F007F
:10B7A00008B080BD80B586B00490049820B9FFE74A
:10B7B00001208DF81700B5E10498006844F60041B7
:10B7C000C4F2010188422DD0FFE70498006844F6D6
:10B7D0000041C5F20101884224D0FFE704980068C7
:10B7E00042F20001C4F2004188421BD0FFE70498F6
:10B7F000006842F20001C5F20041884212D0FFE722
:10B800000498006845F20001C4F20101884209D0A1
:10B81000FFE70498006845F20001C5F20101884283
:10B8200001D1FFE700E0FFE70498406A08B9FFE7AD
:10B83000FFE70499002088620498006844F60041FC
:10B84000C4F2010188422DD0FFE70498006844F655
:10B850000041C5F20101884224D0FFE70498006846
:10B8600042F20001C4F2004188421BD0FFE7049875
:10B87000006842F20001C5F20041884212D0FFE7A1
:10B880000498006845F20001C4F20101884209D021
:10B89000FFE70498006845F20001C5F20101884203
:10B8A00009D1FFE70498C068102804D3FFE70120FE
:10B8B0008DF8170036E1049805F0B2F8029004986C
:10B8C000006844F60041C4F2010188422DD0FFE730
:10B8D0000498006844F60041C5F20101884224D072
:10B8E000FFE70498006842F20001C4F20041884278
:10B8F0001BD0FFE70498006842F20001C5F2004146
:10B90000884212D0FFE70498006845F20001C4F2B3
:10B910000101884209D0FFE70498006845F2000160
:10B92000C5F20101884204D1FFE7029808283AD8FD
:10B93000FFE70498006843F20001C4F20101884265
:10B940002DD0FFE70498006843F20001C5F2010121
:10B95000884224D0FFE70498006843F60001C4F24F
:10B96000000188421BD0FFE70498006843F60001FD
:10B97000C5F20001884212D0FFE70498006843F640
:10B980000041C4F20001884209D0FFE70498006832
:10B9900043F60041C5F20001884208D1FFE7029852
:10B9A000112804D3FFE701208DF81700BAE00498AE
:10B9B00090F8890040B9FFE70499002081F88800D9
:10B9C000049800F0B3F8FFE70499022081F8890099
:10B9D00004980168086820F0010008600498006875
:10B9E000806800F4F810039004988069B0F1806FCB
:10B9F0001BD1FFE704984068B0F5800F04D1FFE742
:10BA00000498806B50B1FFE70498406868B9FFE77D
:10BA10000498806BB0F1805F07D1FFE7049801685C
:10BA2000086840F480500860FFE704988079400679
:10BA3000002810D5FFE70498C06807280BD3FFE75C
:10BA400004980068006820F48070049A1168126DF0
:10BA50001043086006E004980168086820F48070CC
:10BA60000860FFE7049B1968DA68D869D3F828C032
:10BA700040EA0C00DDF80CC040EA0C00DB6B184318
:10BA800010438860049A0192506B516A0843916B8D
:10BA90000843916908431168D2F804C09368D2F84A
:10BAA00010E040EA0E00D2F814E040EA0E00D2F8AE
:10BAB00020E040EA0E0040EA0C00D2F84CC040EA18
:10BAC0000C001843936C1843936D1843D36D1843BF
:10BAD000126E1043C8600498406808B9FFE7FFE79A
:10BAE00004980168086D20F00100086504988079C9
:10BAF000400600280BD5FFE704980068C06820F0D6
:10BB00000040049A1168526D1043C860FFE7049921
:10BB10000020C1F88C00049A012182F889108DF868
:10BB20001700FFE79DF8170006B080BD80B5D4B0C0
:10BB3000539000205290519050904F904E900CA8EE
:10BB40004FF48471F4F7EAFB5398006843F2000164
:10BB5000C4F2010188423CD1FFE700200D904FF074
:10BB600000610C9144900CA8FDF7A0F818B1FFE714
:10BB7000F6F73EFFFFE7FFE740F6A440C4F20240BD
:10BB8000016841F480510160006800F480500B901E
:10BB90000B98FFE7FFE740F68C40C4F202400168D3
:10BBA00041F001010160006800F001000A900A986C
:10BBB000FFE7E0204E9002204F90002050905190DF
:10BBC000052052900020C4F202204EA9F9F702FC91
:10BBD000DCE05398006843F60001C4F2000188429B
:10BBE0003ED1FFE700200D904FF080510C91459021
:10BBF0000CA8FDF75BF818B1FFE7F6F7F9FEFFE7D1
:10BC0000FFE740F69C40C4F20240016841F48041E5
:10BC10000160006800F4804009900998FFE7FFE7A1
:10BC200040F68C40C4F20240016841F0020101601C
:10BC3000006800F0020008900898FFE74FF46040A9
:10BC40004E9002204F90012050905190052052902C
:10BC500040F20040C4F202204EA9F9F7BBFB94E089
:10BC60005398006843F60041C4F20001884252D163
:10BC7000FFE700200D904FF000510C9146900CA86A
:10BC8000FDF714F818B1FFE7F6F7B2FEFFE7FFE79C
:10BC900040F69C40C4F20240016841F4004101605A
:10BCA000006800F4004007900798FFE7FFE740F6C0
:10BCB0008C40C4F20240016841F004010160006858
:10BCC00000F0040006900698FFE74FF440604E90A5
:10BCD000022000904F9001205090032051900620A8
:10BCE0000190529040F60000C4F2022002904EA94A
:10BCF0000391F9F76FFB009B019A029803994FF4A7
:10BD0000805CCDF838C14F930023509351935292E9
:10BD1000F9F760FB38E05398006844F60041C4F23C
:10BD2000010188422FD1FFE7FFE740F6A440C4F2AB
:10BD30000240016841F400210160006800F4002025
:10BD400005900598FFE7FFE740F68C40C4F20240FB
:10BD5000016841F010010160006800F010000490DB
:10BD60000498FFE764204E9002204F9000205090EE
:10BD700051900520529041F20000C4F202204EA9D9
:10BD8000F9F728FBFFE7FFE7FFE7FFE754B080BDC7
:10BD900080B58AB008900791ADF81A2005930898ED
:10BDA000C16B012000EB5110ADF80A000898006843
:10BDB000303001900898006844F60041C4F2010157
:10BDC00088422DD0FFE70898006844F60041C5F28C
:10BDD0000101884224D0FFE70898006842F2000180
:10BDE000C4F2004188421BD0FFE70898006842F285
:10BDF0000001C5F20041884212D0FFE708980068B0
:10BE000045F20001C4F20101884209D0FFE7089819
:10BE1000006845F20001C5F20101884201D1FFE747
:10BE200000E0FFE7F9F77AFC0490089890F88900A1
:10BE3000012804D0FFE702208DF827007BE2079855
:10BE400020B1FFE7BDF81A0020B9FFE701208DF807
:10BE5000270070E2FFE7089890F88800012804D1D5
:10BE6000FFE702208DF8270065E20899012081F89C
:10BE70008800FFE7FFE70899042081F88900089906
:10BE80000020C1F88C000799089AD166BDF81A10F5
:10BE9000089AA2F87010BDF81A10089AA2F8721049
:10BEA000089948660899A1F868000899A1F86A00FD
:10BEB000089988670899C86708988068B0F5C02F06
:10BEC00007D1FFE708980168086820F4006008605F
:10BED00009E008980068C068022161F3524008999F
:10BEE0000968C860FFE70898006840684FF6FF716E
:10BEF0008843BDF81A1008440899096848600898F2
:10BF00000168086840F00100086008984068B0F5D2
:10BF1000800F07D1FFE708980168086840F40070B7
:10BF20000860FFE70898C0681028C0F0A380FFE70A
:10BF30000898006843F20001C4F2010188422DD044
:10BF4000FFE70898006843F20001C5F2010188424A
:10BF500024D0FFE70898006843F60001C4F200010E
:10BF600088421BD0FFE70898006843F60001C5F23D
:10BF70000001884212D0FFE70898006843F60041AC
:10BF8000C4F20001884209D0FFE70898006843F630
:10BF90000041C5F2000188426CD1FFE7FFE7089835
:10BFA000B0F87200002864D0FFE708980068406984
:10BFB0000390089800684069C00788B1FFE70898B7
:10BFC0000068006B0899C96E08600899C86E043053
:10BFD000C8660899B1F872000138A1F8720047E00C
:10BFE0000898B0F87200BDF80A10884217DAFFE727
:10BFF0009DF80D000006002811D5FFE7089800689D
:10C00000006B0899C96E08600899C86E0430C8664C
:10C010000899B1F872000138A1F8720027E0F9F729
:10C020007DFB0499401A0599884204D3FFE70598DF
:10C03000013018B9FFE70598C0B9FFE7089804F088
:10C0400063FC0899D1F88C0040F48070C1F88C0032
:10C050000899012081F88900FFE70899002081F8FC
:10C060008800FFE703208DF8270064E1FFE7FFE782
:10C0700095E746E10898C0680828C0F09280FFE77D
:10C08000FFE70898B0F87200002800F08980FFE709
:10C090000898006840690390089800684069C007E4
:10C0A00080B1FFE7019800880899C96E0880089957
:10C0B000C86E0230C8660899B1F872000138A1F85C
:10C0C00072006CE00898B0F87200BDF80A1088425F
:10C0D0001FDAFFE79DF80D000006002819D5FFE7DD
:10C0E000019800880899C96E08800899C86E0230C6
:10C0F000C866019800880899C96E08800899C86EBA
:10C100000230C8660899B1F872000238A1F87200CE
:10C1100044E00898B0F87200012816D1FFE79DF8B6
:10C120000D008006002810D5FFE7019800880899C7
:10C13000C96E08800899C86E0230C8660899B1F8BF
:10C1400072000138A1F8720027E0F9F7E7FA0499C4
:10C15000401A0599884204D3FFE70598013018B9C1
:10C16000FFE70598C0B9FFE7089804F0CDFB0899F0
:10C17000D1F88C0040F48070C1F88C00089901203F
:10C1800081F88900FFE70899002081F88800FFE71F
:10C1900003208DF82700CEE0FFE7FFE7FFE770E719
:10C1A000AEE0FFE70898B0F87200002800F0A78022
:10C1B000FFE70898006840690390089800684069A4
:10C1C000C00790B1FFE70898006890F83000089920
:10C1D000C96E08700899C86E0130C8660899B1F830
:10C1E00072000138A1F8720088E00898B0F8720077
:10C1F000BDF80A10884239DAFFE79DF80D00000605
:10C20000002833D5FFE70898006890F830000899B7
:10C21000C96E08700899C86E0130C8660898006831
:10C2200090F830000899C96E08700899C86E0130FE
:10C23000C8660898006890F830000899C96E0870C0
:10C240000899C86E0130C8660898006890F83000F8
:10C250000899C96E08700899C86E0130C8660899B7
:10C26000B1F872000438A1F8720046E00898B0F8FE
:10C270007200032818D8FFE79DF80D0010F0600F3A
:10C2800012D0FFE70898006890F830000899C96E4E
:10C2900008700899C86E0130C8660899B1F8720034
:10C2A0000138A1F8720027E0F9F738FA0499401A2A
:10C2B0000599884204D3FFE70598013018B9FFE7D4
:10C2C0000598C0B9FFE7089804F01EFB0899D1F85B
:10C2D0008C0040F48070C1F88C000899012081F82E
:10C2E0008900FFE70899002081F88800FFE7032014
:10C2F0008DF827001FE0FFE7FFE7FFE752E7FFE7C2
:10C30000FFE7089804F000FB0899012081F88900F4
:10C31000FFE70899002081F88800FFE70898D0F827
:10C320008C0020B1FFE701208DF8270003E00020FA
:10C330008DF82700FFE79DF827000AB080BD0000B8
:10C3400080B588B006900591ADF812200393069849
:10C350000068203002900698006844F60041C4F25C
:10C36000010188422DD0FFE70698006844F600419D
:10C37000C5F20101884224D0FFE70698006842F226
:10C380000001C4F2004188421BD0FFE70698006814
:10C3900042F20001C5F20041884212D0FFE7069840
:10C3A000006845F20001C4F20101884209D0FFE7AC
:10C3B0000698006845F20001C5F20101884201D1EA
:10C3C000FFE700E0FFE7F9F7A9F90190069890F878
:10C3D0008900012804D0FFE702208DF81F000BE23E
:10C3E000059820B1FFE7BDF8120020B9FFE7012052
:10C3F0008DF81F0000E2FFE7069890F888000128FA
:10C4000004D1FFE702208DF81F00F5E10699012015
:10C4100081F88800FFE7FFE70699032081F889008B
:10C4200006990020C1F88C000599069A5166BDF85E
:10C430001210069AA2F86810BDF81210069AA2F817
:10C440006A100699C8660699A1F870000699A1F8C5
:10C4500072000699C8670699886706988068B0F5E3
:10C46000C02F07D1FFE706980168086840F4006014
:10C47000086009E006980068C068012161F3524035
:10C4800006990968C860FFE70698006840684FF69B
:10C49000FF718843BDF81210084406990968486086
:10C4A00006980168086840F0010008600698406836
:10C4B000B0F5800F07D1FFE706980168086840F4DF
:10C4C00000700860FFE70698C06810287ED3FFE779
:10C4D0000698006843F20001C4F2010188422DD0A1
:10C4E000FFE70698006843F20001C5F201018842A7
:10C4F00024D0FFE70698006843F60001C4F200016B
:10C5000088421BD0FFE70698006843F60001C5F299
:10C510000001884212D0FFE70698006843F6004108
:10C52000C4F20001884209D0FFE70698006843F68C
:10C530000041C5F20001884248D1FFE7FFE70698B5
:10C54000B0F86A00002840D0FFE70698006840690C
:10C550008007002810D5FFE706980168406E006844
:10C5600008620699486E043048660699B1F86A0078
:10C570000138A1F86A0027E0F9F7D0F80199401ACC
:10C580000399884204D3FFE70398013018B9FFE705
:10C590000398C0B9FFE7069804F0B6F90699D1F8F8
:10C5A0008C0040F48070C1F88C000699012081F85D
:10C5B0008900FFE70699002081F88800FFE7032043
:10C5C0008DF81F0018E1FFE7B9E7E8E00698C068BA
:10C5D000082863D3FFE7FFE70698B0F86A00002851
:10C5E0005BD0FFE7069800684069800700282BD5DC
:10C5F000FFE70698B0F86A00022814D3FFE7069810
:10C60000C06B80B1FFE706980168406E0068086261
:10C610000699486E043048660699B1F86A000238F7
:10C62000A1F86A000FE00698406E00880299088021
:10C630000699486E023048660699B1F86A000138DA
:10C64000A1F86A00FFE727E0F9F768F80199401AB6
:10C650000399884204D3FFE70398013018B9FFE734
:10C660000398C0B9FFE7069804F04EF90699D1F88F
:10C670008C0040F48070C1F88C000699012081F88C
:10C680008900FFE70699002081F88800FFE7032072
:10C690008DF81F00B0E0FFE79EE77FE0FFE7069818
:10C6A000B0F86A00002878D0FFE706980068406973
:10C6B0008007002848D5FFE70698B0F86A000428EC
:10C6C00015D3FFE70698C06B412810D3FFE7069803
:10C6D0000168406E006808620699486E043048663A
:10C6E0000699B1F86A000438A1F86A002BE00698B0
:10C6F000B0F86A00022814D3FFE70698C06B80B137
:10C70000FFE70698406E0088029908800699486EF7
:10C71000023048660699B1F86A000238A1F86A004A
:10C7200010E006980168406E007881F820000699B4
:10C73000486E013048660699B1F86A000138A1F8E0
:10C740006A00FFE7FFE727E0F8F7E8FF0199401AE2
:10C750000399884204D3FFE70398013018B9FFE733
:10C760000398C0B9FFE7069804F0CEF80699D1F80F
:10C770008C0040F48070C1F88C000699012081F88B
:10C780008900FFE70699002081F88800FFE7032071
:10C790008DF81F0030E0FFE781E7FFE7FFE706982D
:10C7A000039B01996A4611600821002204F04EF9AA
:10C7B00040B1FFE70699D1F88C0040F02000C1F8A5
:10C7C0008C00FFE7069804F09FF80699012081F895
:10C7D0008900FFE70699002081F88800FFE70698A6
:10C7E000D0F88C0020B1FFE701208DF81F0003E096
:10C7F00000208DF81F00FFE79DF81F0008B080BDE6
:10C8000080B590B0DDF848C00E900D910C92ADF857
:10C810002E300E98006820300A900E980068303054
:10C8200009900E98C16B012000EB5110ADF8120079
:10C830000E98006844F60041C4F2010188422DD0F0
:10C84000FFE70E98006844F60041C5F201018842F6
:10C8500024D0FFE70E98006842F20001C4F20041C4
:10C8600088421BD0FFE70E98006842F20001C5F233
:10C870000041884212D0FFE70E98006845F200019F
:10C88000C4F20101884209D0FFE70E98006845F222
:10C890000001C5F20101884201D1FFE700E0FFE796
:10C8A000F8F73CFF0890BDF82E00ADF81600BDF873
:10C8B0002E00ADF814000E9890F88900012804D0DD
:10C8C000FFE702208DF83F00A2E30D9838B1FFE7A3
:10C8D0000C9820B1FFE7BDF82E0020B9FFE701203A
:10C8E0008DF83F0094E3FFE70E9890F88800012848
:10C8F00004D1FFE702208DF83F0089E30E99012063
:10C9000081F88800FFE7FFE70E99052081F889008C
:10C910000E990020C1F88C000C990E9AD166BDF8D2
:10C920002E100E9AA2F87210BDF82E100E9AA2F8D0
:10C9300070100D990E9A5166BDF82E100E9AA2F83D
:10C940006A10BDF82E100E9AA2F868100E9988672A
:10C950000E99C8670E980068C06820F4C0200E9930
:10C960000968C8600E98006843F20001C4F2010132
:10C9700088422DD0FFE70E98006843F20001C5F20F
:10C980000101884224D0FFE70E98006843F60001B9
:10C99000C4F2000188421BD0FFE70E98006843F6FE
:10C9A0000001C5F20001884212D0FFE70E9800682E
:10C9B00043F60041C4F20001884209D0FFE70E9817
:10C9C000006843F60041C5F20001884203D1FFE749
:10C9D0001020079002E008200790FFE70E980068FB
:10C9E00040684FF6FF718843BDF82E1008440E9939
:10C9F000096848600E980168086840F00100086006
:10CA00000E984068B0F5800F07D1FFE70E980168D7
:10CA1000086840F400700860FFE70E98C0681028AE
:10CA2000C0F0EC80FFE70E98006843F20001C4F20A
:10CA3000010188422ED0FFE70E98006843F2000102
:10CA4000C5F20101884225D0FFE70E98006843F641
:10CA50000001C4F2000188421CD0FFE70E98006874
:10CA600043F60001C5F20001884213D0FFE70E989B
:10CA7000006843F60041C4F2000188420AD0FFE793
:10CA80000E98006843F60041C5F20001884240F06C
:10CA9000B580FFE7079880080790FFE7BDF81610FC
:10CAA0000120039039B9FFE7BDF81400002818BF32
:10CAB00001200390FFE70398C007002800F09D8045
:10CAC000FFE70E98006840698007002822D5FFE73D
:10CAD000BDF81600F0B1FFE7BDF81400BDF8161060
:10CAE000079A1144884215D2FFE70E980168406EFC
:10CAF000006808620E99486E043048660E99B1F8D5
:10CB00006A000138A1F86A000E98B0F86A00ADF822
:10CB10001600FFE70E98006840690690BDF8140003
:10CB2000002869D0FFE70E9800684069C007B0B1DF
:10CB3000FFE70E980068006B0E99C96E08600E99A9
:10CB4000C86E0430C8660E99B1F872000138A1F8B9
:10CB500072000E98B0F87200ADF814004BE0BDF80A
:10CB60001400BDF8121088421CDAFFE79DF8190086
:10CB70000006002816D5FFE70E980068006B0E9996
:10CB8000C96E08600E99C86E0430C8660E99B1F877
:10CB900072000138A1F872000E98B0F87200ADF87A
:10CBA000140027E0F8F7BAFD0899401A1299884254
:10CBB00004D3FFE71298013018B9FFE71298C0B903
:10CBC000FFE70E9803F0A0FE0E99D1F88C0040F418
:10CBD0008070C1F88C000E99012081F88900FFE770
:10CBE0000E99002081F88800FFE703208DF83F00B0
:10CBF0000EE2FFE7FFE7FFE750E7DCE10E98C068D1
:10CC00000828C0F0DE80FFE7079840080790FFE79C
:10CC1000BDF816100120029039B9FFE7BDF81400E5
:10CC2000002818BF01200290FFE70298C0070028E3
:10CC300000F0C680FFE70E98006840698007002872
:10CC400022D5FFE7BDF81600F0B1FFE7BDF81400EC
:10CC5000BDF81610079A1144884215D2FFE70E98C6
:10CC6000406E00880A9908800E99486E0230486626
:10CC70000E99B1F86A000138A1F86A000E98B0F870
:10CC80006A00ADF81600FFE70E980068406906904C
:10CC9000BDF81400002800F09280FFE70E980068AD
:10CCA0004069C007A8B1FFE7099800880E99C96ECE
:10CCB00008800E99C86E0230C8660E99B1F87200ED
:10CCC0000138A1F872000E98B0F87200ADF81400A7
:10CCD00074E0BDF81400BDF81210884224DAFFE7B2
:10CCE0009DF81900000600281ED5FFE70998008866
:10CCF0000E99C96E08800E99C86E0230C8660998F0
:10CD000000880E99C96E08800E99C86E0230C866F8
:10CD10000E99B1F872000238A1F872000E98B0F8BE
:10CD20007200ADF8140048E0BDF8140001281BD1D2
:10CD3000FFE79DF819008006002815D5FFE7099840
:10CD400000880E99C96E08800E99C86E0230C866B8
:10CD50000E99B1F872000138A1F872000E98B0F87F
:10CD60007200ADF8140027E0F8F7D8FC0899401AD3
:10CD70001299884204D3FFE71298013018B9FFE7EF
:10CD80001298C0B9FFE70E9803F0BEFD0E99D1F8D6
:10CD90008C0040F48070C1F88C000E99012081F85D
:10CDA0008900FFE70E99002081F88800FFE7032043
:10CDB0008DF83F002CE1FFE7FFE7FFE7FFE727E7FC
:10CDC000F8E0FFE7BDF816100120019039B9FFE740
:10CDD000BDF81400002818BF01200190FFE701985A
:10CDE000C007002800F0E580FFE70E980068406962
:10CDF0008007002823D5FFE7BDF81600F8B1FFE74C
:10CE0000BDF81400BDF81610079A1144884216D2D6
:10CE1000FFE70E980168406E007881F820000E99B7
:10CE2000486E013048660E99B1F86A000138A1F8E1
:10CE30006A000E98B0F86A00ADF81600FFE70E9889
:10CE4000006840690690BDF81400002800F0B0802A
:10CE5000FFE70E9800684069C007B8B1FFE70E9879
:10CE6000006890F830000E99C96E08700E99C86E6F
:10CE70000130C8660E99B1F872000138A1F872004D
:10CE80000E98B0F87200ADF8140090E0BDF81400F0
:10CE9000BDF8121088423EDAFFE79DF8190000063F
:10CEA000002838D5FFE70E98006890F830000E99FA
:10CEB000C96E08700E99C86E0130C8660E98006879
:10CEC00090F830000E99C96E08700E99C86E013046
:10CED000C8660E98006890F830000E99C96E087008
:10CEE0000E99C86E0130C8660E98006890F8300040
:10CEF0000E99C96E08700E99C86E0130C8660E99F9
:10CF0000B1F872000438A1F872000E98B0F87200FF
:10CF1000ADF814004AE0BDF8140003281DD8FFE75F
:10CF20009DF8190010F0600F17D0FFE70E98006809
:10CF300090F830000E99C96E08700E99C86E0130D5
:10CF4000C8660E99B1F872000138A1F872000E9807
:10CF5000B0F87200ADF8140027E0F8F7DFFB08998D
:10CF6000401A1299884204D3FFE71298013018B989
:10CF7000FFE71298C0B9FFE70E9803F0C5FC0E99C1
:10CF8000D1F88C0040F48070C1F88C000E9901201B
:10CF900081F88900FFE70E99002081F88800FFE7FB
:10CFA00003208DF83F0033E0FFE7FFE7FFE7FFE7EF
:10CFB00008E7FFE7FFE70E98129B08996A461160A1
:10CFC0000821002203F042FD40B1FFE70E99D1F89D
:10CFD0008C0040F02000C1F88C00FFE70E9803F0B1
:10CFE00093FC0E99012081F88900FFE70E9900203B
:10CFF00081F88800FFE70E98D0F88C0020B1FFE799
:10D0000001208DF83F0003E000208DF83F00FFE78E
:10D010009DF83F0010B080BD82B001900198009053
:10D02000042843D80099DFE801F00C1D2F410300CC
:10D030004EF21001CEF20001086840F004000860D2
:10D0400035E04EF21001CEF20001086820F0040035
:10D05000086040F6E441C4F20241086820F00C0088
:10D06000086024E04EF21001CEF20001086820F0C2
:10D070000400086040F6E441C4F20241086801225D
:10D0800062F38300086012E04EF21001CEF200015C
:10D09000086820F00400086040F6E441C4F2024150
:10D0A0000868022262F38300086000E0FFE702B034
:10D0B0007047000082B0009000980138B0F1807F86
:10D0C00003D3FFE70120019016E0009801384EF2EB
:10D0D0001401CEF2000108604EF21801CEF20001F8
:10D0E000002008604EF21002CEF20002116841F0FA
:10D0F000030111600190FFE7019802B07047000042
:10D1000083B04EF21000CEF2000000684007002805
:10D1100003D5FFE70420029020E040F6E440C4F28B
:10D120000240006800F00C0001900198009040B1AE
:10D13000FFE70098042807D0FFE70098082806D0EA
:10D1400008E00020029008E00120029005E00220A3
:10D15000029002E000200290FFE7FFE7029803B090
:10D160007047000081B0009001B0704781B000901E
:10D1700001B0704781B0009001B0704781B000905D
:10D1800001B0704781B0009001B0704781B000904D
:10D1900001B0704785B003900291FFE7039890F8C3
:10D1A0003C00012804D1FFE702208DF81300F6E0CF
:10D1B0000399012081F83C00FFE7FFE70399022073
:10D1C00081F83D000398006840680190039800686A
:10D1D000806800900398006842F60041C4F20101A3
:10D1E00088421BD0FFE70398006842F60041C5F271
:10D1F0000101884212D0FFE70398006843F2004122
:10D20000C4F20101884209D0FFE70398006843F2A5
:10D210000041C5F2010188420AD1FFE7019820F4DC
:10D220007000019002984168019808430190FFE75F
:10D2300001984FF68F71CFF6FF5108400190029888
:10D2400001680198084301900198039909684860B2
:10D250000398006842F60041C4F20101884200F0E0
:10D260008280FFE70398006842F60041C5F20101A1
:10D27000884278D0FFE703980068B0F1804F72D001
:10D28000FFE703980068B0F1A04F6CD0FFE7039868
:10D29000006840F20041C4F20001884263D0FFE719
:10D2A0000398006840F20041C5F2000188425AD05C
:10D2B000FFE70398006840F60001C4F200018842CD
:10D2C00051D0FFE70398006840F60001C5F2000165
:10D2D000884248D0FFE70398006840F60041C4F256
:10D2E000000188423FD0FFE70398006840F6004104
:10D2F000C5F20001884236D0FFE70398006843F288
:10D300000041C4F2010188422DD0FFE70398006874
:10D3100043F20041C5F20101884224D0FFE703989F
:10D32000006841F60001C4F2000188421BD0FFE70B
:10D330000398006841F60001C5F20001884212D04E
:10D34000FFE70398006844F20001C4F2010188423B
:10D3500009D0FFE70398006844F20001C5F201011B
:10D3600088420ED1FFE7009820F0800000900298DC
:10D3700081680098084300900098039909688860C4
:10D38000FFE70399012081F83D00FFE703990020A2
:10D3900081F83C00FFE700208DF81300FFE79DF8BF
:10D3A000130005B07047000081B0009001B07047D5
:10D3B00080B582B00090009820B9FFE701208DF879
:10D3C000070045E0009890F83D0040B9FFE700995C
:10D3D000002081F83C00009800F03EF8FFE700993B
:10D3E000022081F83D00009951F8040B03F040FF42
:10D3F0000099012081F84800FFE70099012081F899
:10D400003E00009981F83F00009981F840000099A2
:10D4100081F84100009981F84200009981F84300A9
:10D42000FFE7FFE70099012081F84400009981F8A7
:10D430004500009981F84600009981F84700FFE710
:10D440000099012081F83D0000208DF80700FFE7DA
:10D450009DF8070002B080BD80B584B003900398AA
:10D46000006841F20041C4F20001884219D1FFE78F
:10D47000FFE740F69C40C4F20240016841F0200101
:10D480000160006800F0200002900298FFE732205F
:10D49000019003221146F8F749FA0198F8F73CFA8F
:10D4A000FFE704B080BD000083B00190019890F8C0
:10D4B0003D00012804D0FFE701208DF80B00B8E003
:10D4C0000199022081F83D0001980168C86840F088
:10D4D0000100C8600198006842F60041C4F20101F1
:10D4E000884200F08280FFE70198006842F6004120
:10D4F000C5F20101884278D0FFE701980068B0F1D9
:10D50000804F72D0FFE701980068B0F1A04F6CD057
:10D51000FFE70198006840F20041C4F20001884230
:10D5200063D0FFE70198006840F20041C5F20001B6
:10D5300088425AD0FFE70198006840F60001C4F223
:10D540000001884251D0FFE70198006840F60001D1
:10D55000C5F20001884248D0FFE70198006840F614
:10D560000041C4F2000188423FD0FFE70198006803
:10D5700040F60041C5F20001884236D0FFE701982D
:10D58000006843F20041C4F2010188422DD0FFE758
:10D590000198006843F20041C5F20101884224D09D
:10D5A000FFE70198006841F60001C4F200018842DB
:10D5B0001BD0FFE70198006841F60001C5F20001A9
:10D5C000884212D0FFE70198006844F20001C4F2DB
:10D5D0000101884209D0FFE70198006844F2000188
:10D5E000C5F20101884219D1FFE7019800688068FF
:10D5F0000721C0F2010108400090009806280CD0D5
:10D60000FFE70098B0F5803F07D0FFE70198016879
:10D61000086840F001000860FFE706E00198016833
:10D62000086840F001000860FFE700208DF80B005B
:10D63000FFE79DF80B0003B07047000081B0009039
:10D6400001B0704780B584B0039003980068C0684B
:10D65000029003980068006901909DF8040080071B
:10D66000002824D5FFE79DF80800800700281DD575
:10D67000FFE7039801686FF0020008610399012039
:10D680000877039800688069800720B1FFE7039856
:10D69000FFF7D4FF06E0039800F054F9039800F078
:10D6A00055F9FFE7039900200877FFE7FFE79DF8AA
:10D6B00004004007002825D5FFE79DF80800400733
:10D6C00000281ED5FFE7039801686FF00400086189
:10D6D00003990220087703980068806910F4407F5E
:10D6E00004D0FFE70398FFF7A9FF06E0039800F0D6
:10D6F00029F9039800F02AF9FFE703990020087739
:10D70000FFE7FFE79DF804000007002824D5FFE7A6
:10D710009DF80800000700281DD5FFE70398016861
:10D720006FF00800086103990420087703980068E7
:10D73000C069800720B1FFE70398FFF77FFF06E08D
:10D74000039800F0FFF8039800F000F9FFE7039951
:10D7500000200877FFE7FFE79DF80400C0060028D7
:10D7600025D5FFE79DF80800C00600281ED5FFE775
:10D77000039801686FF0100008610399082008778A
:10D7800003980068C06910F4407F04D0FFE7039855
:10D79000FFF754FF06E0039800F0D4F8039800F078
:10D7A000D5F8FFE7039900200877FFE7FFE79DF82A
:10D7B0000400C00778B1FFE79DF80800C00748B132
:10D7C000FFE7039801686FF001000861039800F01B
:10D7D000C1F8FFE7FFE7019800F08000802806D03D
:10D7E000FFE79DF805008006002810D5FFE79DF8AB
:10D7F00008000006002809D5FFE7039801686FF4C8
:10D80000025008610398FFF7B1FCFFE7FFE79DF8BE
:10D810000500C00780B1FFE79DF80800000600285A
:10D8200009D5FFE7039801686FF4807008610398D9
:10D83000FFF798FCFFE7FFE79DF80400400600288B
:10D8400010D5FFE79DF808004006002809D5FFE73E
:10D85000039801686FF040000861039800F092F8A7
:10D86000FFE7FFE79DF804008006002810D5FFE7DA
:10D870009DF808008006002809D5FFE70398016895
:10D880006FF0200008610398FFF774FCFFE7FFE7E3
:10D890009DF80600C006002810D5FFE79DF80A0095
:10D8A000C006002809D5FFE7039801686FF48010CF
:10D8B00008610398FFF766FCFFE7FFE79DF80600A5
:10D8C0008006002810D5FFE79DF80A008006002892
:10D8D00009D5FFE7039801686FF400100861039809
:10D8E000FFF74CFCFFE7FFE79DF806004006002825
:10D8F00010D5FFE79DF80A004006002809D5FFE78C
:10D90000039801686FF4800008610398FFF73EFCFC
:10D91000FFE7FFE79DF806000006002810D5FFE7A7
:10D920009DF80A000006002809D5FFE70398016862
:10D930006FF4000008610398FFF736FDFFE7FFE78B
:10D9400004B080BD81B0009001B0704781B00090FC
:10D9500001B0704780B582B001900198006841F233
:10D960000041C4F2000188420AD1FFE740F2107181
:10D97000C2F2000108680130086003F0D3F9FFE744
:10D9800002B080BD81B0009001B0704783B00190BB
:10D99000FFE7019890F88400012804D1FFE70220F6
:10D9A0008DF80B002CE00199012081F88400FFE73D
:10D9B000FFE701992420C1F88800019800680068F9
:10D9C000009001980168086820F001000860009844
:10D9D00020F00050009001990020486600980199BD
:10D9E0000968086001992020C1F88800FFE70199C3
:10D9F000002081F88400FFE700208DF80B00FFE78E
:10DA00009DF80B0003B0704782B00190ADF8021092
:10DA100002B0704781B0009001B0704780B584B00B
:10DA200002900191FFE7029890F88400012804D148
:10DA3000FFE702208DF80F0032E00299012081F803
:10DA40008400FFE7FFE702992420C1F888000298CC
:10DA500000680068009002980168086820F00100E2
:10DA6000086002980068806820F0606001990843AF
:10DA7000029909688860029803F0A8FD009802994D
:10DA80000968086002992020C1F88800FFE7029920
:10DA9000002081F88400FFE700208DF80F00FFE7E9
:10DAA0009DF80F0004B080BD80B584B00290019154
:10DAB000FFE7029890F88400012804D1FFE70220D4
:10DAC0008DF80F0032E00299012081F88400FFE711
:10DAD000FFE702992420C1F88800029800680068D6
:10DAE000009002980168086820F001000860029820
:10DAF0000068806820F06040019908430299096835
:10DB00008860029803F062FD009802990968086035
:10DB100002992020C1F88800FFE70299002081F8CF
:10DB20008400FFE700208DF80F00FFE79DF80F004D
:10DB300004B080BD81B0009001B0704781B000900A
:10DB400001B0704781B0009001B0704780B58EB0D1
:10DB50000D900D980068C0690C900D9800680068E1
:10DB60000B900D98006880680A900C9840F60F01A1
:10DB7000084009900998E0B9FFE79DF83000800659
:10DB8000002815D5FFE79DF82C008006002806D454
:10DB9000FFE79DF82B00C006002809D5FFE70D9888
:10DBA000406F20B1FFE70D98416F8847FFE76CE2B7
:10DBB000FFE70998002800F0F980FFE70A980121A3
:10DBC000C1F20001084209D1FFE70B9840F2201191
:10DBD000C0F20041084200F0E980FFE79DF8300004
:10DBE000C00788B1FFE79DF82D00C00760B1FFE7CF
:10DBF0000D980168012008620D99D1F8900040F05D
:10DC00000100C1F89000FFE79DF830008007002870
:10DC100011D5FFE79DF82800C00760B1FFE70D9818
:10DC20000168022008620D99D1F8900040F00400CC
:10DC3000C1F89000FFE79DF830004007002811D59B
:10DC4000FFE79DF82800C00760B1FFE70D98016865
:10DC5000042008620D99D1F8900040F00200C1F84C
:10DC60009000FFE79DF830000007002819D5FFE776
:10DC70009DF82C008006002807D4FFE70A980121B0
:10DC8000C1F2000108420CD0FFE70D98016808209E
:10DC900008620D99D1F8900040F00800C1F890009A
:10DCA000FFE79DF831000007002813D5FFE79DF836
:10DCB0002F00400700280DD5FFE70D9801684FF4AD
:10DCC000006008620D99D1F8900040F02000C1F882
:10DCD0009000FFE70D98D0F89000002865D0FFE78E
:10DCE0009DF830008006002815D5FFE79DF82C0030
:10DCF0008006002806D4FFE79DF82B00C006002808
:10DD000009D5FFE70D98406F20B1FFE70D98416FEF
:10DD10008847FFE7FFE70D98D0F8900008900D982E
:10DD20000068806800F04000402806D0FFE79DF8BA
:10DD3000200010F0280F2FD0FFE70D9803F0E4FD2E
:10DD40000D98006880684006002820D5FFE70D98F0
:10DD5000D0F88000B0B1FFE70D98D0F8801041F600
:10DD6000E900C0F60100C8660D98D0F88000F5F70C
:10DD700033FF30B1FFE70D98D0F88000C16E8847BF
:10DD8000FFE703E00D98FFF7DDFEFFE703E00D98E6
:10DD9000FFF7D8FEFFE707E00D98FFF7D3FE0D99D8
:10DDA0000020C1F89000FFE7FFE76EE10D98C06E1C
:10DDB000012840F00B81FFE79DF83000C0060028E5
:10DDC00040F10481FFE79DF82C00C006002840F1D7
:10DDD000FD80FFE70D980168102008620D9800682B
:10DDE00080684006002840F18F80FFE70D98D0F84A
:10DDF00080000068806CADF81E00BDF81E00002891
:10DE000067D0FFE7BDF81E000D99B1F85C1088429D
:10DE10005FDAFFE7BDF81E000D99A1F85E000D98CE
:10DE2000D0F88000006D812846D0FFE7FFE7FFE7CC
:10DE30000D98006850E8000F20F480700690FFE70E
:10DE400006990D98026842E800100028F0D1FFE71B
:10DE5000FFE7FFE7FFE70D98006850E8020F20F0AA
:10DE600001000590FFE705990D98026842E802104D
:10DE70000028F0D1FFE7FFE70D992020C1F88C00C2
:10DE80000D990020C866FFE7FFE70D98006850E88D
:10DE9000000F20F010000490FFE704990D9802682D
:10DEA00042E800100028F0D1FFE7FFE70D98D0F816
:10DEB0008000F5F705FEFFE70D99022008670D9831
:10DEC000B0F85C10B0F85E20891A89B2FFF79CFDAB
:10DED00019E0BDF81E000D99B1F85C10884211D10F
:10DEE000FFE70D98D0F88000006D812809D1FFE789
:10DEF0000D99022008670D98B0F85C10FFF784FDBB
:10DF0000FFE7FFE7FFE7C0E00D99B1F85C00B1F86B
:10DF10005E10401AADF80E000D98B0F85E000028B3
:10DF200053D0FFE7BDF80E0000284ED0FFE7FFE713
:10DF3000FFE70D98006850E8000F20F49070029001
:10DF4000FFE702990D98026842E800100028F0D11E
:10DF5000FFE7FFE7FFE7FFE70D98006850E8020FD3
:10DF60004FF6FE71CEF6FF7108400190FFE7019970
:10DF70000D98026842E802100028EDD1FFE7FFE7A4
:10DF80000D992020C1F88C000D990020C8660D99CC
:10DF90004867FFE7FFE70D98006850E8000F20F0A2
:10DFA00010000090FFE700990D98026842E8001009
:10DFB0000028F0D1FFE7FFE70D99022008670D98D0
:10DFC000BDF80E10FFF720FDFFE75EE09DF8320080
:10DFD000C00600280FD5FFE79DF82A00400600285C
:10DFE00009D5FFE70D9801684FF4801008620D987D
:10DFF000FFF7A4FD49E09DF830000006002815D584
:10E00000FFE79DF82C000006002806D4FFE79DF8E6
:10E010002A000006002809D5FFE70D98806F20B17F
:10E02000FFE70D98816F8847FFE72EE09DF83000ED
:10E03000400600280AD5FFE79DF82C00400600287E
:10E0400004D5FFE70D9803F0AFFC1EE09DF8320009
:10E05000000600280AD5FFE79DF82F00400600289B
:10E0600004D5FFE70D98FFF765FD0EE09DF833003E
:10E07000C00750B1FFE79DF82F000006002804D527
:10E08000FFE70D98FFF7C6FCFFE70EB080BD00006C
:10E0900080B582B00090009820B9FFE701208DF88C
:10E0A000070046E00098806908B1FFE700E0FFE75D
:10E0B0000098D0F8880040B9FFE70099002081F867
:10E0C0008400009800F03AF8FFE700992420C1F896
:10E0D000880000980168086820F001000860009836
:10E0E000806A20B1FFE7009803F0B6FAFFE70098D6
:10E0F00003F07CFC012804D1FFE701208DF8070024
:10E1000017E000980168486820F490404860009843
:10E110000168886820F02A00886000980168086813
:10E1200040F001000860009803F03AFB8DF807000A
:10E13000FFE79DF8070002B080BD000080B5D0B0B9
:10E140004F9000204E904D904C904B904A9008A8D4
:10E150004FF48471F2F7E2F84F98006843F600013B
:10E16000C4F20101884240F08380FFE7002009905B
:10E17000012108911F9008A8FAF798FD18B1FFE750
:10E18000F4F736FCFFE7FFE740F6A440C4F2024094
:10E19000016841F480410160006800F4804007900C
:10E1A0000798FFE7FFE740F68C40C4F202400168A1
:10E1B00041F001010160006800F00100069006983E
:10E1C000FFE74FF4C0604A9002204B90012001907D
:10E1D0004C90002002904D9007204E900020C4F2F9
:10E1E00002204AA9F7F7F6F8019A029940F654007E
:10E1F000C2F20000039040F25013C4F20203036025
:10E200001623436081604FF48063C3600823036179
:10E2100041618161C161016242628262C1620163E6
:10E220004163F5F7A7FE18B1FFE7F4F7E1FBFFE75D
:10E23000FFE74F9840F65401C2F20001C1674F98C2
:10E24000C865FFE740F65400C2F200001021F5F760
:10E25000EDFC18B1FFE7F4F7CBFBFFE73A200090A5
:10E2600000221146F7F762FB0098F7F755FB46E0EE
:10E270004F98006846F20041C4F2000188423DD147
:10E28000FFE70020099020210891249008A8FAF7C0
:10E290000DFD18B1FFE7F4F7ABFBFFE7FFE740F632
:10E2A0009C40C4F20240016841F0007101600068C6
:10E2B00000F0007005900598FFE7FFE740F68C40FE
:10E2C000C4F20240016841F004010160006800F0FE
:10E2D000040004900498FFE7C0204A9002204B906D
:10E2E00001204C9000204D9007204E9040F60000F9
:10E2F000C4F202204AA9F7F76DF8FFE7FFE750B034
:10E3000080BD000080B58AB008900791ADF81A2052
:10E3100005930898D0F88800202840F09580FFE702
:10E32000079820B1FFE7BDF81A0020B9FFE70120E8
:10E330008DF827008CE008980068806800060028A7
:10E3400007D5FFE708980168886820F0800088609A
:10E35000FFE708990020C1F8900008992120C1F832
:10E360008800F7F7DBF90290BDF81A000899A1F8C8
:10E370005400BDF81A000899A1F856000898806862
:10E38000B0F5805F09D1FFE70898006928B9FFE779
:10E39000002004900798039004E007980490002060
:10E3A0000390FFE7FFE70898B0F8560088B3FFE74F
:10E3B0000898029B05996A4611608021002203F0AB
:10E3C00021FD40B1FFE708992020C1F88800032013
:10E3D0008DF827003CE0049858B9FFE703980088BF
:10E3E0006FF35F20089909688862039802300390F0
:10E3F00008E0049800780899096888620498013058
:10E400000490FFE70899B1F856000138A1F85600CA
:10E41000C9E70898029B05996A46116040210022CD
:10E4200003F0F0FC40B1FFE708992020C1F8880014
:10E4300003208DF827000BE008992020C1F8880000
:10E4400000208DF8270003E002208DF82700FFE769
:10E450009DF827000AB080BD81B0009001B07047E0
:10E4600085B001900198007801460091022804D3FC
:10E47000FFE70098022834D06BE0019890ED061A6F
:10E4800090ED070A90ED083A90ED092A21EE031A63
:10E4900020EE020A30EE410A8DED020A019890ED5D
:10E4A000061A90ED073A90ED080A90ED092A21EE40
:10E4B000031A20EE020A30EE010A8DED030A0198DC
:10E4C00090ED061A90ED090A21EE011ABEEE002A1F
:10E4D00031EE021A20EE000A30EE010A8DED040A38
:10E4E0003CE0019890ED060A90ED071A90ED082A9D
:10E4F00090ED093A21EE031A20EE020A30EE410AAD
:10E500008DED020A019890ED061A90ED073A90ED14
:10E51000080A90ED092A21EE031A20EE020A30EED5
:10E52000011A9FED120A30EE410A8DED030A01989F
:10E5300090ED060A90ED091A20EE002AB6EE000AC8
:10E5400030EE420A21EE011A30EE410A8DED040A46
:10E5500004E00020029003900490FFE79DED020A82
:10E56000DDED030A9DED041A05B070470000008040
:10E5700085B00190019800780146009140B1FFE715
:10E580000098012838D0FFE7009802286CD0A3E05B
:10E59000019890ED061A90ED070A90ED082A90ED8B
:10E5A000093A21EE031A20EE020A30EE010A8DED3F
:10E5B000020A019890ED061A90ED080A21EE011A60
:10E5C000BEEE002A31EE021A20EE000A30EE010AF9
:10E5D0008DED030A019890ED061A90ED073A90ED43
:10E5E000080A90ED092A21EE031A20EE020A30EE05
:10E5F000410A8DED040A74E0019890ED060A90ED51
:10E60000071A20EE002AB6EE000A30EE420A21EE8A
:10E61000011A30EE410A8DED020A019890ED060ACA
:10E6200090ED071A90ED083A90ED092A21EE031AB1
:10E6300020EE020A30EE410A8DED030A019890EDBA
:10E64000061A90ED070A90ED083A90ED092A21EE9E
:10E65000031A20EE020A30EE011A9FED260A30EE70
:10E66000410A8DED040A3CE0019890ED061A90ED08
:10E67000070A90ED082A90ED093A21EE031A20EEE0
:10E68000020A30EE011A9FED1B0A30EE410A8DEDB1
:10E69000020A019890ED060A90ED081A20EE002A71
:10E6A000B6EE000A30EE420A21EE011A30EE410ABF
:10E6B0008DED030A019890ED060A90ED072A90ED82
:10E6C000081A90ED093A21EE031A20EE020A30EE04
:10E6D000410A8DED040A04E00020029003900490AA
:10E6E000FFE79DED020ADDED030A9DED041A05B07A
:10E6F000704700BF00000080FFE7FEE784B0039092
:10E7000002918DED010ACDED000A039908684A686F
:10E710008B6840F28841C2F200018B604A60086059
:10E72000029B18685A689B684B610A61C86001982F
:10E7300088610098C86104B07047000083B00290FF
:10E7400001918DED000A029908684A688B6840F2D1
:10E750008841C2F200018B624A620862019B18681C
:10E760005A689B684B630A63C8620098C86303B029
:10E770007047000080B584B040F2DC60C2F2000057
:10E78000019064210291F3F77FF901980299183002
:10E79000F3F77AF940F2C850C2F200000390F2F7A2
:10E7A000E3FC039846F2F431C0F60101F2F7BEFD36
:10E7B00004B080BD80B588B0ADF81E0040F21030C6
:10E7C000C2F200000DF11D0105F0ECFD9DF81D00E9
:10E7D00080B3FFE70020ADF81800059040F210303C
:10E7E000C2F2000005A905F015F9BDF9140000EE0C
:10E7F000100AB8EEC00A9FED4E1A20EE010A40F250
:10E800001C40C2F2000080ED000ABDF9161000EEB7
:10E81000101AB8EEC00A20EE010A80ED010ABDF917
:10E82000181000EE101AB8EEC00A20EE010A80EDB2
:10E83000020AFFE740F21030C2F200000DF11D01A4
:10E8400005F0F2FA9DF81D0080B3FFE70020ADF857
:10E850001000039040F21030C2F2000003A905F04E
:10E8600009F9BDF90C0000EE100AB8EEC00A9FEDE0
:10E87000311A20EE010A40F26840C2F2000080ED39
:10E88000000ABDF90E1000EE101AB8EEC00A20EE14
:10E89000010A80ED010ABDF9101000EE101AB8EE61
:10E8A000C00A20EE010A80ED020AFFE70020019075
:10E8B00040F21030C2F2000001A905F0E9FB40F27D
:10E8C0006F00C2F200000078B0B1FFE7019840F29B
:10E8D0005071C2F20001086040F26F01C2F2000103
:10E8E0000020087040F23071C2F2000141F26F2046
:10E8F000C3F60330086018E0019840F25071C2F28C
:10E9000000010A68801A0090019808609DED000AD5
:10E91000B8EE400A9FED081A20EE010A40F230706E
:10E92000C2F2000080ED000AFFE708B080BD00BF22
:10E93000D5FF7F38295C8F3D17B7D13780B588B0B8
:10E94000ADF81E0040F2D420C2F200000DF11D010E
:10E9500005F028FD9DF81D0080B3FFE70020ADF80D
:10E960001800059040F2D420C2F2000005A905F07D
:10E9700051F8BDF9140000EE100AB8EEC00A9FED80
:10E980005F1A20EE010A40F21040C2F2000080ED52
:10E99000000ABDF9161000EE101AB8EEC00A20EEFB
:10E9A000010A80ED010ABDF9181000EE101AB8EE48
:10E9B000C00A20EE010A80ED020AFFE740F2D420EF
:10E9C000C2F200000DF11D0105F02EFA9DF81D00A8
:10E9D00080B3FFE70020ADF81000039040F2D42090
:10E9E000C2F2000003A905F045F8BDF90C0000EEE5
:10E9F000100AB8EEC00A9FED421A20EE010A40F25A
:10EA00005C40C2F2000080ED000ABDF90E1000EE7D
:10EA1000101AB8EEC00A20EE010A80ED010ABDF915
:10EA2000101000EE101AB8EEC00A20EE010A80EDB8
:10EA3000020AFFE740F2D420C2F200000DF11D01EE
:10EA400005F0F6FA9DF81D00B0B1FFE70020ADF823
:10EA50000A0040F2D420C2F200000DF10A0105F0D4
:10EA6000FDFABDF90A0005F06BF840F25450C2F20D
:10EA7000000080ED000AFFE70020019040F2D42062
:10EA8000C2F2000001A905F003FB40F26E00C2F2E1
:10EA900000000078B0B1FFE7019840F24C71C2F27B
:10EAA0000001086040F26E01C2F20001002008700F
:10EAB00040F22C71C2F2000141F26F20C3F6033024
:10EAC000086018E0019840F24C71C2F200010A6837
:10EAD000801A0090019808609DED000AB8EE400A87
:10EAE0009FED081A20EE010A40F22C70C2F20000DD
:10EAF00080ED000AFFE708B080BD00BFD5FF7F387A
:10EB0000295C8F3D17B7D137F0B5A3B08DF88B00D6
:10EB100040F28840C2F20000099090ED070A0C30E4
:10EB2000002101F05FFD0998C1681F9101692091E2
:10EB30004169219101681C9141681D9180681E9076
:10EB40009DED1F0ADDED200A9DED211A46F2843E5F
:10EB5000C0F6010ECDF820E0DEF80000DEF804106B
:10EB6000DEF80820DEF80C30DEF810C0DEF81440C5
:10EB7000DEF81850DEF81C60DEF8207040F2700EEF
:10EB8000C2F2000EDEED001A9EED012ADEED022A31
:10EB900040F26C7EC2F2000E9EED003ADEED013ACC
:10EBA0009EED024AEE46CEF81070CEF80C60CEF81C
:10EBB0000850CEF80440CEF800C0F3F7C9F8DDF8ED
:10EBC00020E08DED1B1ACDED1A0A8DED190A19986A
:10EBD0001A991B9A219220911F909DED1C0ADDED40
:10EBE0001D0A9DED1E1ADEF80000DEF80410DEF8A6
:10EBF0000820DEF80C30DEF810C0DEF81440DEF835
:10EC00001850DEF81C60DEF8207040F2600EC2F290
:10EC1000000EDEED001A9EED012ADEED022A40F222
:10EC2000540EC2F2000E9EED003ADEED013A9EED6A
:10EC3000024AEE46CEF81070CEF80C60CEF80850BE
:10EC4000CEF80440CEF800C0F3F782F88DED181A24
:10EC5000CDED170A8DED160A16981799189A1E927F
:10EC60001D911C909DED1F0ADDED200A9DED211ADE
:10EC700040F2DC60C2F20000F2F72CFF09988DED43
:10EC8000151ACDED140A8DED130A1399149A159BDC
:10EC9000219320921F911F9A40F2C841C2F20001B5
:10ECA000CA60209A0A61219A4A611C9A0A601D9AD8
:10ECB0004A601E9A8A60C069C8619DF88B0001286D
:10ECC00040F09380FFE740F28840C2F200000590D8
:10ECD00090ED0F0A2C30012101F084FC0598C16AE7
:10ECE0001F91016B2091406B21909DED1F0ADDED7E
:10ECF000200A9DED211A46F2A83EC0F6010ECDF87D
:10ED000018E0DEF80000DEF80410DEF80820DEF877
:10ED10000C30DEF810C0DEF81440DEF81850DEF8D3
:10ED20001C60DEF8207040F2700EC2F2000EDEEDC4
:10ED3000001A9EED012ADEED022A40F26C7EC2F23C
:10ED4000000E9EED033ADEED043A9EED054AEE46D6
:10ED5000CEF81070CEF80C60CEF80850CEF8044013
:10ED6000CEF800C0F2F7F4FF8DED121ACDED110AC6
:10ED70008DED100A10981199129A219220911F90EE
:10ED80009DED1F0ADDED200A9DED211A40F2DC60A9
:10ED9000C2F200001830F2F79DFE8DED0F1ACDED96
:10EDA0000E0A8DED0D0A0D980E990F9A2192209161
:10EDB0001F901F9840F2C841C2F2000141F82C0F89
:10EDC00007912098486021988860A1F120000AAA44
:10EDD000F3F7AEFD07990A9841F8200C0B9841F81B
:10EDE0001C0C0C9841F8180CFFE723B0F0BD000094
:10EDF00080B582B0ADF8060040F25450C2F2000077
:10EE000090ED000A40F22C70C2F20000D0ED000A32
:10EE100040F21040C2F2000040F25C41C2F2000138
:10EE2000FFF76CFC40F25250C2F20000007888B14B
:10EE3000FFE740F23070C2F2000090ED000A40F2AD
:10EE40001C40C2F2000040F26841C2F20001FFF72C
:10EE500075FCFFE740F25250C2F200000078FFF765
:10EE600053FE40F2C840C2F2000000F005F803F083
:10EE7000C9F802B080BD000080B590B00F900F9827
:10EE8000C0680C900F9800690D900F9840690E9023
:10EE90000F98006809900F9840680A900F98806852
:10EEA0000B900F9890ED073A9DED0C0ADDED0D0AE1
:10EEB0009DED0E1ADDED091A9DED0A2ADDED0B2AF6
:10EEC00040F2C850C2F200000190F2F771FD0198C3
:10EED000F2F734F9CDED051A8DED041ACDED030AE4
:10EEE0008DED020A9DED020ADDED030A9DED041A87
:10EEF000DDED051AF3F76EF98DED081ACDED070A71
:10EF00008DED060A40F23C71C2F200010698079AA4
:10EF1000089B8B604A60086010B080BD80B58AB0E5
:10EF200003F06CFC40F2D420C2F2000040F20A511F
:10EF3000C2F20001089104F0F5FD089800786C28F1
:10EF400005D0FFE74FF6FF70ADF82600A1E040F2D4
:10EF5000D420C2F20000012105F042F8FFE740F2A0
:10EF6000D420C2F2000040F20851C2F2000105F0C4
:10EF700021F8FFE740F20850C2F2000000780028B4
:10EF8000EDD1FFE740F2D420C2F2000006908021CC
:10EF900004F088FF06980121059104F09BFD069876
:10EFA0000421049105F0DAF80499069804F040FE73
:10EFB0000698002105F00CFA0698062104F04AFF95
:10EFC0000499069805F02CFA0599069805F0C2F9FF
:10EFD0000599069805F084F840F21030C2F200005E
:10EFE00040F20B51C2F20001079104F09BFD07981B
:10EFF00000786C2804D0FFE70020ADF8260048E038
:10F0000040F21030C2F20000012104F0E9FFFFE7F6
:10F0100040F21030C2F2000040F20951C2F2000189
:10F0200004F0C8FFFFE740F20950C2F20000007888
:10F030000028EDD1FFE740F21030C2F2000002904C
:10F04000802104F02FFF02980121039104F042FD7A
:10F0500002980421019105F081F80199029804F0C9
:10F06000E7FD0298002105F0B3F90298062104F0AB
:10F07000F1FE0199029805F0D3F90399029805F081
:10F0800069F90399029805F02BF80398ADF826006A
:10F09000FFE7BDF926000AB080BD000081B00090F6
:10F0A000009988684FF6C072C5F6FF7210408860FC
:10F0B00001B0704781B0009048F2C801C4F202214B
:10F0C000086840F00100086001B0704781B000900E
:10F0D0000099D1F8C80040F00100C1F8C80001B0A3
:10F0E0007047000081B000900098806840F0805028
:10F0F0004FF6C071C7F6FF7108400099886001B0F3
:10F100007047000081B000900098806800F0E070C7
:10F1100001B0704783B0029001910298019900EB11
:10F120008100603000900098006800F0F84003B063
:10F130007047000081B0009000988068C0F3C00064
:10F1400001B0704781B0009000988068C0F34070B3
:10F1500001B0704781B000900098806800F0010015
:10F1600001B0704781B0009000988068C0F30070D3
:10F1700001B0704781B0009000988068C0F38000B3
:10F1800001B0704784B003900291019203980299F4
:10F1900001F4407100EB911030300090009800684D
:10F1A000029901F01F021F21914088430199C1F388
:10F1B0008461914008430099086004B070470000E2
:10F1C00084B00390029101920398029901F00071BA
:10F1D00000EBD15014300090009800680299C1F300
:10F1E00004520721914088430199914008430099B6
:10F1F000086004B07047000083B002900191009253
:10F200000298D0F8B00001996FF31F518843009A1B
:10F2100002F018034FF6FF72C0F20F02DA401140FD
:10F2200008440299C1F8B00003B0704782B0019061
:10F2300000910198806820F47C100099084301999E
:10F24000886002B07047000082B001900091019880
:10F25000806820F0E070009908430199886002B04E
:10F260007047000085B004900391029201930498C6
:10F27000039900EB810060300090009800684FF225
:10F280000001C0F2FF310140029800F0F840019AFD
:10F290001043084340F000400099086005B07047F3
:10F2A00084B00390029101920398029900EB8100CF
:10F2B000603000900098006820F0007001990843C9
:10F2C0000099086004B0704784B0039002910192E5
:10F2D0000398029900EB810060300090009800686C
:10F2E00020F08070019908430099086004B07047CD
:10F2F00084B00390029101920398029900EB81007F
:10F30000603000900098006820F0004001990843A8
:10F310000099086004B0704782B001900091019894
:10F32000406920F00040009908430199486102B00B
:10F330007047000080B586B0ADF8160000208DF84B
:10F340001500049003900290019040F24A70C2F2BE
:10F350000000007808B9FFE721E140F24A71C2F2EB
:10F3600000010020087040F24C30C2F200000DF1A4
:10F37000150103F053FD08B1FFE710E19DF81500FA
:10F38000C00738B9FFE79DF815004008C00708B965
:10F39000FFE704E140F24C30C2F2000001A903F0A3
:10F3A0002FFE08B1FFE7FAE09DF81500C00700281E
:10F3B00000F0DE80FFE7029840F23471C2F20001F3
:10F3C0000860019840F66061C2F20001086040F6F2
:10F3D0006E50C2F20000007800284BD1FFE740F2E7
:10F3E0003C61C2F200010020086040F2D161C2F22B
:10F3F00000010870F6F792F940F20C71C2F20001B8
:10F400000968401AB0F57A7F33D3FFE740F66060B1
:10F41000C2F2000090ED001A40F66460C2F20000F3
:10F4200090ED000A30EE010A80ED000A40F66C50C3
:10F43000C2F200000188013101800088282817D31A
:10F44000FFE740F66460C2F2000090ED000A9FED15
:10F45000581A80EE010A40F20040C2F2000080ED2E
:10F46000000A40F66E51C2F2000101200870FFE769
:10F47000FFE77CE040F2D960C2F20000007858B3A8
:10F48000FFE740F2D860C2F20000007820B3FFE747
:10F49000F6F744F940F2D461C2F200010968401A5B
:10F4A00040F6B831884217D3FFE740F66060C2F2F9
:10F4B000000090ED000A40F20040C2F2000090ED22
:10F4C000001A30EE410A9FED372A20EE020A30EE94
:10F4D000010A80ED000AFFE740F20040C2F200009E
:10F4E00090ED000AB5EE400AF1EE10FA2BDDFFE7D1
:10F4F00040F66060C2F2000090ED000AB5EE400AEE
:10F50000F1EE10FA1FDDFFE740F66060C2F2000086
:10F5100090ED000A40F20040C2F2000090ED001AA7
:10F5200080EE010ADFED200A06F03CF9B0EE401A49
:10F53000B7EE000A30EE410A9FED1C1A20EE010AD8
:10F540008DED000A02E000200090FFE79DED000A2B
:10F5500003F054F840F23C60C2F2000080ED000A73
:10F5600040F2D161C2F2000101200870FFE7FFE71D
:10F570009DF815004008C00770B1FFE7BDF8100006
:10F5800040F23871C2F200010880039840F6E86149
:10F59000C2F200010860FFE702F00AFDFFE706B0D3
:10F5A00080BD00BF3D7FDA3AB1DC423E002A2D47E4
:10F5B0000000204280B588B0002002908DF81D0028
:10F5C0008DF81C00ADF81A008DF81800ADF8160083
:10F5D0008DF815008DF814008DF8130004F0B8F9BB
:10F5E00040F24C30C2F200000DF11D0103F070FD3D
:10F5F00003909DF81D0040F6F061C2F20001087012
:10F60000039840B9FFE740F6F060C2F200000078CE
:10F61000B42805D0FFE74FF6FF70ADF81E00F0E00C
:10F6200040F24C30C2F20000012103F065FD03906E
:10F63000039828B1FFE74FF6FF70ADF81E00E0E039
:10F6400040F24C30C2F20000022103F055FD03905D
:10F65000039828B1FFE74FF6FF70ADF81E00D0E029
:10F6600040F24C30C2F20000002103F045FD03904F
:10F67000039828B1FFE74FF6FF70ADF81E00C0E019
:10F6800000208DF81A008DF81B008DF81C0040F248
:10F690004C30C2F200000DF11A0103F043FC03905C
:10F6A000039828B1FFE74FF6FF70ADF81E00A8E001
:10F6B00003208DF8160002208DF8170001208DF828
:10F6C000180040F24C30C2F200000DF1160103F0B8
:10F6D000BDFE0390039828B1FFE74FF6FF70ADF829
:10F6E0001E008EE040F24C30C2F200000DF1150118
:10F6F00003F006FF0390039828B1FFE74FF6FF7071
:10F70000ADF81E007DE09DF8150040F001008DF879
:10F71000150040F24C30C2F200000DF1150103F06B
:10F720004BFF0390039828B1FFE74FF6FF70ADF849
:10F730001E0066E040F24C30C2F2000005A903F062
:10F74000C3FD0390039828B1FFE74FF6FF70ADF8B3
:10F750001E0056E09DF8140040F002008DF81400E1
:10F760009DF8140000F0FB008DF8140040F24C30BE
:10F77000C2F2000005A903F0F9FD0390039828B137
:10F78000FFE74FF6FF70ADF81E003AE040F24C3054
:10F79000C2F200000DF1130103F07EFF0390039805
:10F7A00028B1FFE74FF6FF70ADF81E0029E09DF885
:10F7B000130040F001008DF8130040F24C30C2F20B
:10F7C00000000DF1130103F0A9FF0390039828B185
:10F7D000FFE74FF6FF70ADF81E0012E040F24A71ED
:10F7E000C2F20001002001900870F5F797FF014672
:10F7F000019840F20C72C2F200021160ADF81E00D6
:10F80000FFE7BDF91E0008B080BD000080B58AB0DA
:10F8100000210091099108910791069105910491A9
:10F820000391029140F28470C2F20000019048F20C
:10F830000002C4F2022202604FF4002242608160A2
:10F84000C160016104224261017641760122C261F8
:10F8500080F820108162C16280F8341001638163F6
:10F8600080F83C10F3F722FE18B1FFE7F3F7C0F879
:10F87000FFE70220C0F230400290062003900020F3
:10F8800004907F21059104210691079040F2847035
:10F89000C2F2000002A9F3F7E9F918B1FFE7F3F7A4
:10F8A000A7F8FFE70AB080BD80B58AB000210091BB
:10F8B0000991089107910691059104910391029194
:10F8C00040F2EC70C2F20000019048F20012C4F263
:10F8D000022202604FF4002242608160C160016137
:10F8E00004224261017641760122C26180F8201033
:10F8F0008162C16280F834100163816380F83C103A
:10F90000F3F7D4FD18B1FFE7F3F772F8FFE748F219
:10F910000000C3F6F06002900620039000200490DF
:10F920007F21059104210691079040F2EC70C2F20C
:10F93000000002A9F3F79AF918B1FFE7F3F758F8B6
:10F94000FFE70AB080BD000080B540F6CC00C2F2EF
:10F95000000043F20001C4F20201016000210171C4
:10F9600041714161816101210162F4F725F818B10B
:10F97000FFE7F3F73DF8FFE780BD000080B582B0F8
:10F9800040F6F000C2F2000001904AF20041C4F2D9
:10F9900000010160002141604FF440728260C1604B
:10F9A00001744174817405234361062282614FF022
:10F9B0000E0CC0F81CC00362012343628262122352
:10F9C000C36202630A2242638163C163F5F7E0F90F
:10F9D00018B1FFE7F3F70CF8FFE702B080BD0000B5
:10F9E00080B582B040F65410C2F2000000904AF692
:10F9F0000001C4F2000101600021019141608160B9
:10FA0000C1600174417481741022426101228261DB
:10FA1000C261026242628262C262026341638163C6
:10FA2000C163F5F7B5F918B1FFE7F2F7E1FFFFE7BA
:10FA300002B080BD80B582B0FFE740F68840C4F2D6
:10FA40000240016841F001010160006800F001001E
:10FA500001900198FFE71D20009000221146F5F764
:10FA600065FF0098F5F758FF02B080BD80B59CB0E7
:10FA700000201B901A90199018901790FFE740F6FD
:10FA80008C40C4F20240016841F01001016000683E
:10FA900000F0100016901698FFE7FFE740F68C4044
:10FAA000C4F20240016841F004010160006800F006
:10FAB000040015901598FFE7FFE740F68C40C4F26C
:10FAC0000240016841F080010160006800F08000A0
:10FAD00014901498FFE7FFE740F68C40C4F2024010
:10FAE000016841F001010160006800F0010013901D
:10FAF0001398FFE7FFE740F68C40C4F2024001682C
:10FB000041F002010160006800F0020012901298BA
:10FB1000FFE7FFE740F68C40C4F20240016841F085
:10FB200008010160006800F0080011901198FFE7DB
:10FB300041F20000C4F2022002904CF2080101914F
:10FB400000220F92F5F7D4FD0F9A40F60000C4F2A0
:10FB500002200A9030210391F5F7CAFD0F9A40F276
:10FB60000040C4F20220069095210491F5F7C0FDF3
:10FB700006984FF48051059101220B92F5F7B8FDDC
:10FB80000F9A40F60040C4F2022008904FF4004162
:10FB90000791F5F7ADFD0F9A0020C4F202200C90FA
:10FBA0004FF480710991F5F7A3FD07990B9A0C9812
:10FBB000F5F79EFD019B02980B9A0F9917931892E7
:10FBC00019911A9117A90D91F5F704FC02980D9956
:10FBD0000F9A102317930023C1F22103189319924F
:10FBE000F5F7F8FBDDF80CC00A980B9B0D990F9AFE
:10FBF000CDF85CC0189319921A92F5F7EBFBDDF87B
:10FC000010C006980B9B0D990F9ACDF85CC0189305
:10FC100019921A92F5F7DEFBDDF814C006980B9BDB
:10FC20000D990F9ACDF85CC01893199202220E928A
:10FC30001A92F5F7CFFBDDF81CC008980B9B0D99C5
:10FC40000F9ACDF85CC0189319921A92F5F7C2FB7F
:10FC5000099B0A980D990F9A179318921992F5F724
:10FC6000B9FB0B9B0C980D990F9A4FF4014CCDF8F2
:10FC70005CC0189319921A92F5F7ACFB0E990F9A83
:10FC80000F201090F5F752FE1098F5F745FE1CB0C6
:10FC900080BD000080B50020F5F746FD18B1FFE7F4
:10FCA000F2F7A6FEFFE7F5F75FFD18B1FFE7F2F701
:10FCB0009FFEFFE780BD000080B582B040F6B8101F
:10FCC000C2F20000009043F20001C4F201010160A1
:10FCD0004FF4800141600021019181600722C260E0
:10FCE0004FF0007303614FF0807343614FF0806306
:10FCF00083614FF04053C361016241628162C2621D
:10FD000041638163C1638164C1640165416581654B
:10FD1000C1650166FBF746FD18B1FFE7F2F768FE23
:10FD2000FFE702B080BD000080B582B040F64820F9
:10FD3000C2F20000009043F60001C4F2000101602D
:10FD40004FF4800141600021019181600722C2606F
:10FD50004FF0007303614FF0807343614FF0806395
:10FD600083614FF04053C361016241628162C262AC
:10FD700041638163C1638164C164016541658165DB
:10FD8000C1650166FBF70EFD18B1FFE7F2F730FE23
:10FD9000FFE702B080BD000080B582B040F6D820F9
:10FDA000C2F20000009043F60041C4F2000101607D
:10FDB0004FF4800141600021019181600722C260FF
:10FDC0004FF0007303614FF0807343614FF0806325
:10FDD00083614FF04053C361016241628162C2623C
:10FDE00041638163C1638164C1640165416581656B
:10FDF000C1650166FBF7D6FC18B1FFE7F2F7F8FD25
:10FE0000FFE702B080BD000080B582B040F66830E8
:10FE1000C2F20000009044F60041C4F2010101600A
:10FE20004FF4800141600021019181600722C2608E
:10FE30004FF0007303614FF0807343614FF08063B4
:10FE400083614FF04053C361016241628162C262CB
:10FE500041638163C1638164C164016541658165FA
:10FE6000C1650166FBF79EFC18B1FFE7F2F7C0FD24
:10FE7000FFE702B080BD000080B584B0002103918F
:10FE80000291019140F6F830C2F2000041F20042C6
:10FE9000C4F200020260F9224260816040F2E7325F
:10FEA000C2608161FDF784FA18B1FFE7F2F7A0FDA7
:10FEB000FFE700200190039040F6F830C2F2000006
:10FEC00001A9FDF767F918B1FFE7F2F791FDFFE728
:10FED00004B080BD80B582B040F64440C2F200005C
:10FEE000009043F60001C4F2010101604FF461315A
:10FEF0004160002101918160C16001610C22426179
:10FF00008161C161016241628162FEF7C1F818B18D
:10FF1000FFE7F2F76DFDFFE740F64440C2F2000054
:10FF20000021FDF7C1FD18B1FFE7F2F761FDFFE722
:10FF300040F64440C2F200000021FDF76FFD18B109
:10FF4000FFE7F2F755FDFFE740F64440C2F200003C
:10FF5000FDF71CFD18B1FFE7F2F74AFDFFE702B01D
:10FF600080BD000080B582B040F6D840C2F20000EB
:10FF7000009046F20041C4F2000101604FF41651B6
:10FF80004160002101918160C16001610C224261E8
:10FF90008161C161016241628162FEF779F818B145
:10FFA000FFE7F2F725FDFFE740F6D840C2F2000078
:10FFB0000021FDF779FD18B1FFE7F2F719FDFFE722
:10FFC00040F6D840C2F200000021FDF727FD18B12D
:10FFD000FFE7F2F70DFDFFE740F6D840C2F2000060
:10FFE000FDF7D4FC18B1FFE7F2F702FDFFE702B01E
:10FFF00080BD0000FFE7FEE7FFE7FEE788B007905F
:020000040801F1
:1000000006910592079800F0070004900498C0F14B
:100010000700052803D3FFE70420019004E00498BB
:10002000C0F107000190FFE70198039004980430A5
:10003000062803D8FFE70020009003E00498033867
:100040000090FFE70098029006980399012202FAB7
:1000500001F101390840029B984005999A40013A04
:100060001140084308B0704787B08DED060ACDED0A
:10007000050A8DED041ACDED031A9DED050A9DEDDF
:10008000031A30EE010A8DED020A9DED030A9DED83
:10009000021A80EE010A8DED010A9DED050A9DED23
:1000A000021A80EE010A8DED000A9DED010A9DED18
:1000B000062A9DED001A9DED043A21EE031A20EE6A
:1000C000020A30EE010A07B07047000070470000D6
:1000D00080B5C4B002A801904FF48471F0F71EF906
:1000E0000198042103910021C4F22001029103210F
:1000F000049102210591102206920791089109911D
:100100000C210A9100210B910C914FF400310D91BB
:100110004FF4007131913D91F8F7C8FD18B1FFE738
:10012000F2F766FCFFE744B080BD000080B58EB0FA
:1001300002A801902C21F0F7F1F8019940F6F000A7
:10014000C2F20000F4F750FB20B1FFE76FF00500AA
:100150000D904BE040F61460C2F20000007830B918
:10016000FFE7079818B9FFE700200D903EE040F642
:100170001461C2F200010020087040F6F000C2F2E3
:100180000000F5F751F850B1FFE740F61461C2F2F4
:100190000001012008706FF005000D9026E040F688
:1001A000F000C2F20000F5F719F850B1FFE740F691
:1001B0001461C2F20001012008706FF005000D907B
:1001C00014E040F6F000C2F2000004F0A9F950B1CA
:1001D000FFE740F61461C2F20001012008706FF0E1
:1001E00005000D9002E000200D90FFE70D980EB085
:1001F00080BD000080B58AB000200490099008906E
:1002000007900690059006900221009107910890B2
:100210004FF40050059040F60000C4F20220019017
:1002200005A90391F5F7D6F8009A0198039905926C
:10023000F5F7D0F80399012005900020C4F20220C0
:100240000290F5F7C7F80298039904220592F5F792
:10025000C1F804980AB080BD80B584B00290002037
:100260008DF80700029820B9FFE76FF001000390B6
:1002700049E040F60000C4F202204FF40051F5F7C7
:100280001FFA012807D1FFE79DF8070040F00100A1
:100290008DF80700FFE740F60000C4F202200221BB
:1002A000F5F70EFA012807D1FFE79DF8070040F0A7
:1002B00002008DF80700FFE70020C4F202200121B0
:1002C000F5F7FEF9012807D1FFE79DF8070040F098
:1002D00004008DF80700FFE70020C4F2022004218B
:1002E000F5F7EEF9012807D1FFE79DF8070040F088
:1002F00008008DF80700FFE79DF8070002990870D5
:1003000000200390FFE7039804B080BD80B584B05F
:10031000029040F60041C4F20241086820F080607B
:100320000860F5F7FBF90190FFE740F60040C4F2E2
:100330000240006800F000610020B0EBD16F0CD0EB
:10034000FFE7F5F7EBF90199401A032804D3FFE71B
:1003500003208DF80F008BE0E7E7FFE740F62C4124
:10036000C4F20241086843F603729043029B1A6884
:100370005B6842EA03221043086002998868D1F85A
:100380000CC00B694A6901386FF35F204FF60061BA
:10039000CFF6FF7101EB4C2189B208440021CFF662
:1003A000FF7101EB034101F4FE0108444FF07F416E
:1003B00001EB026101F0FE41084440F63C41C4F209
:1003C00002410860FFE740F62C41C4F2024100916F
:1003D000086820F00C00029A9269104308600868CF
:1003E00020F02000029AD269104308600298426A05
:1003F000086810430860086820F01000086040F6A4
:100400004042C4F2024210684FF6F8739843029BD0
:100410001B6A40EAC3001060086840F010000860E2
:1004200040F60041C4F20241086840F08060086074
:10043000F5F774F90190FFE740F60040C4F202407E
:10044000006800F000610020B0EBD16F0CD1FFE735
:10045000F5F764F90199401A032804D3FFE7032054
:100460008DF80F0004E0E7E700208DF80F00FFE7AC
:100470009DF80F0004B080BD80B584B0029040F6B6
:100480000041C4F20241086820F080500860F5F78E
:1004900045F90190FFE740F60040C4F202400068D1
:1004A00000F000510020B0EB517F0CD0FFE7F5F7D2
:1004B00035F90199401A032804D3FFE703208DF88A
:1004C0000F008BE0E7E7FFE740F63041C4F202415E
:1004D000086843F603729043029B1A685B6842EA1D
:1004E00003221043086002998868D1F80CC00B6998
:1004F0004A6901386FF35F204FF60061CFF6FF7154
:1005000001EB4C2189B208440021CFF6FF7101EBC9
:10051000034101F4FE0108444FF07F4101EB026109
:1005200001F0FE41084440F64441C4F20241086033
:10053000FFE740F63041C4F202410091086820F024
:100540000C00029A926910430860086820F02000AD
:10055000029AD269104308600298426A0868104300
:100560000860086820F01000086040F64842C4F2B5
:10057000024210684FF6F8739843029B1B6A40EAE8
:10058000C3001060086840F01000086040F60041A9
:10059000C4F20241086840F080500860F5F7BEF8E8
:1005A0000190FFE740F60040C4F20240006800F00E
:1005B00000510020B0EB517F0CD1FFE7F5F7AEF80A
:1005C0000199401A032804D3FFE703208DF80F0098
:1005D00004E0E7E700208DF80F00FFE79DF80F002B
:1005E00004B080BD80B588B007908DED060A8DF807
:1005F00017109DF8171040F24870C2F20000405CDE
:1006000008B1FFE777E19DED060A9FEDBC1A20EEE9
:10061000010A8DED040A9DED040AB7EE001AB4EE4E
:10062000410AF1EE10FA04DDFFE74FF07E5004902E
:10063000FFE7002003900290FFE7029802285BDCAE
:10064000FFE79DF8171040F24C50C2F20000405CEA
:1006500088B9FFE70798029A50F822009DF8171012
:1006600001EB410340F21451C2F2000101EB83019E
:1006700041F82200FFE79DED040A0798029A00EB7B
:10068000820090ED002A9DF8170000EB400140F237
:100690001450C2F2000000EB810101EB820191EDE8
:1006A000001A32EE412A20EE020A30EE010A81EDF4
:1006B000000A079A029902EB810292ED000A9DF866
:1006C000172002EB420200EB820000EB810090ED6C
:1006D000001A30EE410A8DED010A9DED010A9DEDF3
:1006E000031A20EE000A30EE010A8DED030AFFE73F
:1006F000029801300290A0E79DF8172040F24C517B
:10070000C2F20001012088549DED030A05F044FC6B
:100710008DED000A9DED000AB6EE001AB4EE410A16
:10072000F1EE10FA2ADDFFE79DF8172040F2445160
:10073000C2F20001002041F822009DF8172040F28B
:100740004E51C2F2000121F812009DF8171001EB82
:10075000410240F22C51C2F2000101EB8202906092
:100760009DF8172002EB420201EB820250609DF8D7
:10077000172002EB420241F8220014E09DED060A28
:100780009DF8171040F24450C2F2000000EB8100C7
:1007900090ED001A9FED5A2A20EE020A30EE010A6F
:1007A00080ED000AFFE79DF8171040F24450C2F2B6
:1007B000000000EB810090ED000A9FED521AB4EEAC
:1007C000410AF1EE10FAC0F29680FFE7079890ED2B
:1007D000001A9DF8170000EB400140F22C50C2F2C5
:1007E000000000EB810191ED000A30EE010A81ED7D
:1007F000000A079991ED011A9DF8171001EB4101CC
:1008000000EB810191ED010A30EE010A81ED010A50
:10081000079991ED021A9DF8171001EB410100EBC9
:10082000810090ED020A30EE010A80ED020A9DF887
:10083000172040F24E50C2F2000030F81210013181
:1008400020F812109DF8171030F81100642851DBC1
:10085000FFE79DF8170000EB400140F22C5CC2F26C
:10086000000C0CEB810292ED000A40F24E52C2F2F3
:10087000000232F8100001EE100AB8EEC11A80EE44
:10088000010A40F26C70C2F2000000EB810181EDC0
:10089000000A9DF8173003EB43010CEB810E9EED2F
:1008A000010A32F8133001EE103AB8EEC11A80EEA8
:1008B000010A00EB810181ED010A9DF8173003EB7D
:1008C00043010CEB810C9CED020A32F8132001EE7F
:1008D000102AB8EEC11A80EE010A00EB810080ED0B
:1008E000020A9DF8172040F24871C2F2000101206F
:1008F0008854FFE7FFE708B080BD00BFDA0F494129
:1009000000007A440000484382B0019001980068DA
:100910004069009001980168886940F0080088618A
:1009200001980168886940F01000886101980168A9
:10093000086820F00100086001980168086940F229
:100940006F329043086101980168886820F4404044
:100950008860019890F88900042815D0FFE79DF879
:100960000000800600280ED5FFE70199D1F88C0021
:1009700040F08000C1F88C0001980168886940F05F
:1009800020008861FFE7FFE7019890F889000328BD
:1009900015D0FFE79DF80000400600280ED5FFE7C0
:1009A0000199D1F88C0040F00400C1F88C00019846
:1009B0000168886940F040008861FFE7FFE79DF823
:1009C0000100800700280ED5FFE70199D1F88C00BF
:1009D00040F00100C1F88C0001980168886940F47A
:1009E00000708861FFE79DF80100C00770B1FFE764
:1009F0000199D1F88C0040F00800C1F88C000198F2
:100A00000168886940F480708861FFE701990020DF
:100A1000A1F86A000199A1F8720002B070470000C5
:100A200083B002900298C16B012000EB511001903D
:100A30000298C0680130009000980730C00800900C
:100A40000098019900FB01F003B0704780B586B0B3
:100A5000DDF820C0049003918DF80B200193FFE78F
:100A600004980068406903990840401AB0FA80F081
:100A700040099DF80B10884214D1FFE7F4F74EFEB1
:100A80000899401A0199884204D3FFE70198013080
:100A900018B9FFE7019820B9FFE703208DF8170088
:100AA00004E0DDE700208DF81700FFE79DF8170050
:100AB00006B080BD7047000010B588B0DDF828C0D2
:100AC00006900591ADF812208DF81130069848B1C6
:100AD000FFE7BDF8120028B1FFE79DF811002028BC
:100AE00004D3FFE700208DF81F0030E004F0D8F9B0
:100AF0000390039820B9FFE700208DF81F0026E03F
:100B000003980699059ABDF812309DF811C0EE467B
:100B10000224CEF80440CEF800C004F0F3F90398A4
:100B200004F054F9012807D0FFE70399002081F869
:100B300021008DF81F000AE00A9820B1FFE7039812
:100B40000A990860FFE701208DF81F00FFE79DF874
:100B50001F0008B010BD000080B584B000F0AAF8F6
:100B600040F28040C2F20000694608604EF63D1037
:100B7000C0F6000046F21541C0F601010A22032327
:100B8000FFF79AFF40F25250C2F20000007898B18D
:100B9000FFE740F27C40C2F20000694608604EF276
:100BA000B570C0F6000046F20C41C0F601010A2201
:100BB0000323FFF781FFFFE740F28440C2F2000009
:100BC000694608604EF6F150C0F6000046F2274133
:100BD000C0F601010A2203920423FFF76DFF40F2E1
:100BE0003440C2F20000694608604FF23530C0F66A
:100BF000000046F24341C0F60101012201920523A3
:100C0000FFF75AFF019A40F25040C2F200006946D5
:100C1000086040F2B550C0F6000046F22141C0F62F
:100C2000010115230293FFF747FF019A029B40F24F
:100C3000C450C2F200006946086040F60510C0F6D4
:100C4000000046F23141C0F60101FFF735FF029B7B
:100C500040F20C50C2F200006946086040F2ED60BC
:100C6000C0F6000046F21D41C0F601014FF47A7251
:100C7000FFF722FF039A40F21050C2F200006946CB
:100C8000086040F63900C0F6000046F24D41C0F65B
:100C900001011623FFF710FF012808D0FFE740F6F7
:100CA0008861C2F20001886A01308862FFE704B0FF
:100CB00080BD000080B582B040F66861C2F20001DC
:100CC000002008608DF80700FFE79DF80700132853
:100CD00026D8FFE79DF8070000EB400140F6F860DA
:100CE000C2F20000009000EB01103021EFF716FB7C
:100CF00000999DF8070000EB400001EB0012002076
:100D000082F821009DF8072002EB420201EB02115C
:100D10004862FFE79DF8070001308DF80700D4E72F
:100D200002B080BD80B586B040F66860C2F20000B7
:100D300000680590F1F794FF0490FFE705980028FC
:100D400045D0FFE7049805998969401A03900398F4
:100D50000599898A884236D3FFE7049805990022CD
:100D6000CA6188610598006860B3FFE74EF2180019
:100D7000CEF2000000900068029005980168808A19
:100D8000884700980068019001980299884208D32A
:100D9000FFE702984DF29001C0F20301084402906F
:100DA000FFE702980199401A00EE100AB8EE400AD7
:100DB0009FED081A20EE010A0598BCEEC00A80EDEE
:100DC0000A0AFFE7FFE70598406A0590B6E706B014
:100DD00080BD00BF6F12833B80B5F4F7CFFC80BDB0
:100DE00080B58CB0FF208DF82A0000200990EFF725
:100DF0009DFC58B1FFE740F68861C2F20001486AE5
:100E0000013048624FF0FF300B9028E140F254412E
:100E1000C2F20001049100200390C1F803000860B1
:100E2000012106910722059204F0B6F8039B049A6B
:100E3000059984460698C2F800C0137150719171EB
:100E4000F1F730FD40B1FFE740F68861C2F20001E2
:100E5000C86A0130C862FFE70120F1F715FD40B113
:100E6000FFE740F68861C2F20001C86A0130C8623B
:100E7000FFE70120F1F724FD40B1FFE740F688616C
:100E8000C2F20001C86A0130C862FFE76420F3F7CC
:100E900051FA00208DF81F00FDF76CFCFEF73EF8BC
:100EA0008DF81F009DF91F0068B9FFE740F252510D
:100EB000C2F200010020087040F6E061C2F20001B9
:100EC0000120087019E09DF91F0001280CD1FFE7EF
:100ED00040F25251C2F200010120087040F6E06178
:100EE000C2F20001087007E040F68861C2F200011A
:100EF000886801308860FFE7FFE7FEF75BFB40B1E1
:100F0000FFE740F68861C2F20001C8680130C8609E
:100F100006E040F6E061C2F2000101204870FFE700
:100F200040F60000C4F20220202101220292F4F7D0
:100F3000DFFB029A40F20040C4F202201146F4F7AF
:100F4000D7FB01F081FA40B1FFE740F68861C2F2B9
:100F5000000108690130086106E040F6E061C2F274
:100F6000000101208870FFE7EFF7F6FA40B1FFE7D4
:100F700040F68861C2F20001486801304860FFE72E
:100F8000EFF750FC58B1FFE740F68861C2F200016C
:100F9000486A013048624FF0FF300B905FE0FFF786
:100FA000DBFD40F6B830F3F7C5F940F6F830C2F291
:100FB0000000FCF779FA6420EFF7A0FA40B1FFE7F0
:100FC00040F68861C2F20001886C01308864FFE756
:100FD000F4F7A4FB0890FFE740F6E060C2F20000DF
:100FE00041790020019059B9FFE7F4F797FB089980
:100FF000411A0020B1F57A7F38BF01200190FFE748
:101000000198C00720B1FFE70120F3F793F9E3E768
:1010100040F6E060C2F200004079B8B1FFE702207C
:10102000F3F788F900F0E2FF40F26850C2F20000E6
:101030000078EFF741FC40B1FFE740F68861C2F26B
:101040000001486B01304863FFE7FFE740F6E061CD
:10105000C2F200010120887100200B90FFE70B987D
:101060000CB080BD80B59CB008A85021EFF756F9B0
:101070000020079006900590049003900290FFE7EF
:1010800040F61000C4F20240016841F030010160F6
:10109000006800F0300001900198FFE7FFE740F69C
:1010A0001400C4F20240006800F00800082801D0D3
:1010B000FFE7F4E7012008904FF480300990022008
:1010C0001290032113911490282115911690042158
:1010D000179118900C20199000201A901B9008A8C6
:1010E000F9F762FE18B1FFE7F1F782FCFFE71F2076
:1010F0000290032003900020049005900690079032
:1011000002A80521F9F74AFA18B1FFE7F1F770FCD8
:10111000FFE742F20001C4F202010868022262F312
:10112000051008601CB080BD82B04EF68851CEF22A
:101130000001086840F47000086040F60042C4F204
:1011400002420120106040F61C41C4F2024100201E
:101150000090086040F62041C4F202410860116826
:101160004EF6E323CEF6E2231940116040F6284103
:10117000C4F20241086040F62C41C4F2024108600A
:1011800040F63041C4F20241086040F63443C4F2F4
:10119000024340F28021C0F20111196040F6384349
:1011A000C4F20243186040F63C43C4F202431960A3
:1011B00040F64043C4F20243186040F64443C4F290
:1011C0000243196040F64841C4F2024108601168C8
:1011D00021F48021116040F65041C4F202410860C0
:1011E0004EF60851CEF200014FF00060086042F266
:1011F0001800C4F20200006800F0604001900198FD
:10120000B0F1604F05D0FFE70198B0F1404F24D115
:10121000FFE742F21C00C4F202000068C00778B188
:10122000FFE742F20C01C4F2020142F63B20C0F695
:101230001900086046F67F60C4F65D400860FFE76D
:1012400042F21C01C4F20201086840F0020008608A
:10125000086840F001000860FFE702B07047000036
:1012600080B540F6F830C2F20000FCF7EBF980BD23
:1012700083B002900191029800680090029842F6B3
:101280000041C4F20101884252D0FFE7029842F6C1
:101290000041C5F2010188424AD0FFE70298B0F14F
:1012A000804F45D0FFE70298B0F1A04F40D0FFE754
:1012B000029840F20041C4F20001884238D0FFE7B2
:1012C000029840F20041C5F20001884230D0FFE7A9
:1012D000029840F60001C4F20001884228D0FFE7DE
:1012E000029840F60001C5F20001884220D0FFE7D5
:1012F000029840F60041C4F20001884218D0FFE78E
:10130000029840F60041C5F20001884210D0FFE784
:10131000029843F20041C4F20101884208D0FFE77D
:10132000029843F20041C5F2010188420AD1FFE769
:10133000009820F0700000900198416800980843E0
:101340000090FFE7029842F60041C4F20101884292
:1013500000F0BA80FFE7029842F60041C5F20101B1
:10136000884200F0B180FFE70298B0F1804F00F0B2
:10137000AB80FFE70298B0F1A04F00F0A580FFE737
:10138000029840F20041C4F20001884200F09C80C3
:10139000FFE7029840F20041C5F20001884200F0E8
:1013A0009380FFE7029840F60001C4F200018842F2
:1013B00000F08A80FFE7029840F60001C5F20001C4
:1013C000884200F08180FFE7029840F60041C4F2B5
:1013D0000001884278D0FFE7029840F60041C5F24C
:1013E0000001884270D0FFE7029843F20041C4F246
:1013F0000101884268D0FFE7029843F20041C5F23C
:101400000101884260D0FFE7029841F60001C4F272
:101410000001884258D0FFE7029841F60001C5F26A
:101420000001884250D0FFE7029841F60041C4F223
:101430000001884248D0FFE7029841F60041C5F21A
:101440000001884240D0FFE7029842F20001C4F256
:101450000001884238D0FFE7029842F20001C5F24D
:101460000001884230D0FFE7029844F20001C4F244
:101470000101884228D0FFE7029844F20001C5F23A
:101480000101884220D0FFE7029844F20041C4F2F3
:101490000101884218D0FFE7029844F20041C5F2EA
:1014A0000101884210D0FFE7029844F60001C4F21F
:1014B0000101884208D0FFE7029844F60001C5F216
:1014C000010188420AD1FFE7009820F440700090A3
:1014D0000198C168009808430090FFE7009820F049
:1014E00080000199496908430090009802990860BA
:1014F000019880680299C862019800680299886220
:10150000029842F60041C4F20101884248D0FFE748
:10151000029842F60041C5F20101884240D0FFE73F
:10152000029843F20041C4F20101884238D0FFE73B
:10153000029843F20041C5F20101884230D0FFE732
:10154000029844F20001C4F20101884228D0FFE76A
:10155000029844F20001C5F20101884220D0FFE761
:10156000029844F20041C4F20101884218D0FFE71A
:10157000029844F20041C5F20101884210D0FFE711
:10158000029844F60001C4F20101884208D0FFE746
:10159000029844F60001C5F20101884205D1FFE737
:1015A0000198006902990863FFE7029901204861E8
:1015B00002980069C00730B1FFE70299086920F07E
:1015C00001000861FFE703B07047000082B001909E
:1015D0000198406E40B9FFE701990120A1F86A0027
:1015E0000199A1F8680034E008208DF803008DF817
:1015F0000200019800688068C0F342608DF8010025
:10160000019800688068400F8DF800009DF8020086
:101610009DF8002046F2D433C0F60103995C00FB2C
:1016200001F046F2CC31C0F601018A5CB0FBF2F069
:10163000019AA2F86A009DF803009DF801209B5CC6
:1016400000FB03F0895CB0FBF1F00199A1F86800A0
:10165000FFE702B07047000081B00090009890F85A
:101660002800000700280BD5FFE7009800684068B5
:1016700020F40040009A1168926B10434860FFE725
:10168000009890F82800C00758B1FFE7009800685C
:10169000406820F40030009A1168D26A1043486014
:1016A000FFE7009890F82800800700280BD5FFE797
:1016B00000980068406820F48030009A1168126B2E
:1016C00010434860FFE7009890F828004007002882
:1016D0000BD5FFE700980068406820F48020009A4E
:1016E0001168526B10434860FFE7009890F828009B
:1016F000C00600280BD5FFE700980068806820F43A
:101700008050009A1168D26B10438860FFE7009800
:1017100090F82800800600280BD5FFE700980068A5
:10172000806820F40050009A1168126C10438860A1
:10173000FFE7009890F82800400600281CD5FFE736
:1017400000980068406820F48010009A1168526C7C
:10175000104348600098406CB0F5801F0BD1FFE744
:1017600000980068406820F4C000009A1168926CEC
:1017700010434860FFE7FFE7009890F82800000654
:1017800000280BD5FFE700980068406820F400208F
:10179000009A1168D26C10434860FFE701B07047AF
:1017A00080B588B0069006990020C1F89000F3F744
:1017B000B5FF0590069800680068000700282FD53F
:1017C000FFE70698059B6A466FF07E4111604FF473
:1017D0000011002200F016FB08B3FFE7FFE7FFE768
:1017E0000698006850E8000F20F080000490FFE7A2
:1017F00004990698026842E800100028F0D1FFE73B
:10180000FFE706992020C1F88800FFE7069900202D
:1018100081F88400FFE703208DF81F005FE0FFE7F9
:101820000698006800684007002842D5FFE7069840
:10183000059B6A466FF07E4111604FF480010022E3
:1018400000F0E0FAA0B3FFE7FFE7FFE706980068C3
:1018500050E8000F20F490700390FFE7039906987A
:10186000026842E800100028F0D1FFE7FFE7FFE739
:10187000FFE70698006850E8020F20F00100029090
:10188000FFE702990698026842E802100028F0D1AA
:10189000FFE7FFE706992020C1F88C00FFE70699D3
:1018A000002081F88400FFE703208DF81F0016E078
:1018B000FFE706992020C1F888000699C1F88C003E
:1018C00006990020C86606990867FFE70699002078
:1018D00081F88400FFE700208DF81F00FFE79DF8E6
:1018E0001F0008B080BD000080B582B00190019853
:1018F000C06D009000990020A1F85E000098FCF7F0
:1019000021F902B080BD000084B00390FFE7FFE73B
:101910000398006850E8000F20F490700290FFE7F1
:1019200002990398026842E800100028F0D1FFE70E
:10193000FFE7FFE7FFE70398006850E8020F4FF664
:10194000FE71CEF6FF7108400190FFE70199039800
:10195000026842E802100028EDD1FFE7FFE7039894
:10196000C06E012814D1FFE7FFE7FFE70398006886
:1019700050E8000F20F010000090FFE70099039856
:10198000026842E800100028F0D1FFE7FFE7FFE718
:1019900003992020C1F88C0003990020C8660399A0
:1019A000486704B07047000080B582B00190FFE73F
:1019B000FFE70198006850E8000F20F04000009019
:1019C000FFE700990198026842E800100028F0D172
:1019D000FFE7FFE701992020C1F888000199002066
:1019E00088670198FCF738FD02B080BD80B58AB0E9
:1019F000099000208DF813000998006842F2004118
:101A0000C4F20041884209D0FFE70998006842F219
:101A10000041C5F20041884201D1FFE700E0FFE745
:101A2000099988680B694A69C969184310430843D2
:101A3000089009980068006846F6F311CCF6FF712B
:101A400008400899084309990968086009980068DE
:101A5000406820F44050099A1168D26810434860E9
:101A60000998806908900998006842F20041C4F220
:101A7000004188420FD0FFE70998006842F2004118
:101A8000C5F20041884206D0FFE70998016A08982C
:101A900008430890FFE70998006880684FF2FF410B
:101AA000C1F2FF1108400899084309990968886044
:101AB00009980068C06A20F00F00099A1168526AFC
:101AC0001043C862FFE70998006843F60001C4F2BA
:101AD0000101884203D1FFE701200690A3E00998A5
:101AE000006844F20041C4F20001884203D1FFE7DC
:101AF0000220069096E00998006844F60001C4F2BE
:101B00000001884203D1FFE70420069089E009988C
:101B1000006844F60041C4F20001884203D1FFE7A7
:101B2000082006907CE00998006845F20001C4F2A4
:101B30000001884203D1FFE7102006906FE009986A
:101B4000006846F20041C4F20001884203D1FFE779
:101B50002020069062E00998006847F60001C4F270
:101B60000001884203D1FFE74020069055E0099824
:101B7000006847F60041C4F20001884203D1FFE744
:101B80008020069048E00998006848F20001C4F2FD
:101B90000001884204D1FFE74FF4807006903AE0DC
:101BA0000998006846F60001C4F20001884204D199
:101BB000FFE74FF4007006902CE00998006846F6A5
:101BC0000041C4F20001884204D1FFE74FF4806075
:101BD00006901EE00998006848F20041C4F2000136
:101BE000884204D1FFE74FF40060069010E00998A6
:101BF000006842F20041C4F20041884204D1FFE78C
:101C00004FF48050069002E000200690FFE7FFE7C7
:101C1000FFE7FFE7FFE7FFE7FFE7FFE7FFE7FFE794
:101C2000FFE7FFE7FFE7FFE70998006842F200419E
:101C3000C4F20041884209D0FFE70998006842F2E7
:101C40000041C5F2004188425CD1FFE706980021BF
:101C5000F4F7B0FB02900298002852D0FFE70298F8
:101C600009994A6A46F2DC31C0F6010131F81210D6
:101C7000B0FBF1F0039003980999496801EB410129
:101C8000884207D3FFE7039809994968B0EB013F01
:101C900004D9FFE701208DF8130031E0029809997B
:101CA0004A6800924A6A46F2DC31C0F6010131F816
:101CB0001220002301931946EEF7E6FA009A019BE1
:101CC000090241EA1061000210EB520041F10001EB
:101CD000EEF7DAFA05900598B0F5407F0BD3FFE7F1
:101CE00005990020B0EB115F05D1FFE70598099930
:101CF0000968C86003E001208DF81300FFE7FFE7E3
:101D0000FFE76FE00998C069B0F5004F3CD1FFE7ED
:101D100006980021F4F74EFB0290029898B3FFE773
:101D20000298099A5168536A46F2DC32C0F6010201
:101D300032F81320B0FBF2F0400000EB5100B0FB92
:101D4000F1F005900598102818D3FFE7BDF81600AC
:101D5000A0B9FFE7059820F00F00ADF81E00059828
:101D600000F00E01BDF81E0040EA5100ADF81E0063
:101D7000BDF81E0009990968C86003E001208DF8CC
:101D80001300FFE7FFE72CE006980021F4F712FBB1
:101D90000290029820B3FFE70298099A5168536AAB
:101DA00046F2DC32C0F6010232F81320B0FBF2F04A
:101DB00000EB5100B0FBF1F00590059810280AD314
:101DC000FFE7BDF8160030B9FFE7BDF81400099928
:101DD0000968C86003E001208DF81300FFE7FFE702
:101DE000FFE7FFE709990120A1F86A000999A1F826
:101DF0006800099900204867099988679DF81300D1
:101E00000AB080BD80B586B0DDF820C00490039193
:101E10008DF80B200193FFE704980068C0690399CF
:101E20000840401AB0FA80F040099DF80B10884233
:101E300066D1FFE708980130002860D0FFE7F3F78C
:101E40006DFC0199401A0899884203D8FFE7089869
:101E500020B9FFE703208DF8170055E004980068CB
:101E600000684007002849D5FFE70398802845D03F
:101E7000FFE70398402841D0FFE704980068C06955
:101E800000F008010120B0EBD10F16D1FFE7049854
:101E900001680820009008620498FFF735FD00985B
:101EA0000499C1F89000FFE70499002081F88400AC
:101EB000FFE701208DF8170026E004980068C0694C
:101EC00000F400610120B0EBD12F16D1FFE7049898
:101ED00001684FF4006008620498FFF715FD04994B
:101EE0002020C1F89000FFE70499002081F88400C9
:101EF000FFE703208DF8170006E0FFE7FFE78BE719
:101F000000208DF81700FFE79DF8170006B080BD90
:101F100080B540F64440C2F20000FBF717FE80BDDA
:101F200084B08DED030A029001919DED030A0298A1
:101F300090ED001A30EE410A8DED000A9DED001A79
:101F4000029890ED002A9FED160A21EE001A31EE5C
:101F5000021A80ED001A019890ED001A9DED002AFA
:101F600022EE000A20EE020A30EE010A9FED0D1A61
:101F700020EE010A80ED000A019890ED000A9FED25
:101F80000A1AB4EE410AF1EE10FA07DAFFE70199F6
:101F900041F26F20C3F683200860FFE704B070476A
:101FA000CDCC4C3D3333733F6F12833AFFE7FEE7EE
:101FB00040F66060C2F20000006840F25851C2F280
:101FC0000001086040F23C60C2F200000068486016
:101FD00040F6E860C2F200000068886040F2D1601C
:101FE000C2F20000007808737047000040F24060C1
:101FF000C2F20000007C40F26851C2F20001087099
:102000007047000080B584B040F2C850C2F20000B2
:10201000EFF794F8CDED031A8DED021ACDED010A1C
:102020008DED000A40F2C840C2F20000C26840F2E2
:102030002001C2F200010A6002694A6042698A60B6
:102040000268CA6042680A618068486140F23C7078
:10205000C2F2000002688A614268CA618068086250
:1020600000984862019888620298C86203980863E1
:1020700004B080BD80B584B040F27060C2F2000050
:10208000008840F26C51C2F200010391088000F018
:10209000C1FD0399887040F6E060C2F20000C0788C
:1020A00050B1FFE700F092FD00F020F940F26C51D2
:1020B000C2F20001C870FFE700F02AFD00F03EF90F
:1020C00040F26C51C2F200010291087140F270605E
:1020D000C2F200000190D0F805208A60D0F80920F3
:1020E000CA60D0F80D200A61D0F811204A61D0F8FA
:1020F00015208A61D0F81920CA61D0F81D200A6223
:10210000D0F821204A62D0F82500886240F2A06011
:10211000C2F200000088888500F08EFD029981F8E7
:102120002E0040F6E060C2F20000007958B1FFE7EF
:1021300000F05EFD00F0DAF840F26C51C2F20001EE
:1021400081F82F00FFE700F031FD00F0F7F840F2D2
:102150006C51C2F2000181F8300040F2A060C2F27E
:102160000000D0F805204A63D0F809208A63D0F82F
:102170000D20CA63D0F811200A64D0F815204A64F3
:10218000D0F819208A64D0F81D20CA64D0F8212024
:102190000A65D0F82500486504B080BD80B584B0DC
:1021A0008DF80B009DF80B0080B1FFE79DF80B0048
:1021B00001280BD0FFE740F68861C2F20001886B6E
:1021C000013088636FF00100039015E09DF80B006B
:1021D0006421EEF729F901900198B0F1FF3F08DC86
:1021E000FFE740F68861C2F20001886B0130886326
:1021F000FFE701980390FFE7039804B080BD00005B
:1022000080B584B08DF80B009DF80B0080B1FFE71E
:102210009DF80B0001280BD0FFE740F68861C2F261
:102220000001086C013008646FF00100039016E0B3
:102230009DF80B0004216422EEF742F90190019809
:10224000B0F1FF3F08DCFFE740F68861C2F2000111
:10225000086C01300864FFE701980390FFE70398DA
:1022600004B080BD80B588B08DF81B008DED050AE7
:10227000CDED040A8DED031ACDED021A8DED012A84
:102280009DF81B0080B1FFE79DF81B0001280BD0D3
:10229000FFE740F68861C2F20001486C01304864F3
:1022A0006FF0010007901EE09DF81B009DED050AF0
:1022B000DDED040A9DED031ADDED021A9DED012A04
:1022C000EEF7CCF800900098B0F1FF3F08DCFFE794
:1022D00040F68861C2F20001486C01304864FFE7B3
:1022E00000980790FFE7079808B080BD82B08DF88E
:1022F00006009DF8060001460091052815D80099B2
:10230000DFE801F0031307130B0F02208DF807001D
:102310000FE003208DF807000BE004208DF8070084
:1023200007E001208DF8070003E000208DF807008A
:10233000FFE79DF8070002B07047000082B0ADF8DB
:102340000400BDF804000146009119280CD0FFE7F5
:10235000009832280CD0FFE700984B280CD0FFE7FC
:10236000009864280CD00FE001208DF807000FE0E2
:1023700002208DF807000BE003208DF8070007E02E
:1023800004208DF8070003E000208DF80700FFE728
:102390009DF8070002B0704780B586B0002002901B
:1023A00005900490FFF72CFF0298FFF7F7FE01203D
:1023B0000390FFF725FF0398FFF7F0FE3220F1F7B7
:1023C000B9FFFFE700209FED101A8DED001ADFED39
:1023D0000F1ACDED011AB7EE002AB0EE410AF0EE69
:1023E000410AFFF73FFF9DED001ADDED011A0120C4
:1023F000BFEE002AB0EE410AF0EE410AFFF732FFCD
:102400000A20F1F797FFDDE700000000CDCC4C3E3D
:1024100080B582B002F0B0FE20B1FFE74FF0FF3090
:1024200001900EE0A020002102F0EEFE20B1FFE7B7
:102430004FF0FF30019004E0002002F061FE0190B7
:10244000FFE7019802B080BD80B584B0FF208DF811
:102450000B0040F28830C2F20000D0F814C0694688
:1024600000230B600DF10B010122E04720B1FFE7D3
:102470004FF0FF30039036E040F28830C2F20000A7
:10248000816A0120884702A800F030F820B1FFE7F8
:102490004FF0FF30039026E0BDF8090040BA0190EC
:1024A0009DF80800EF2806D1FFE701984AF6216160
:1024B000884204D0FFE74FF0FF30039013E0002084
:1024C00002F01EFE20B1FFE74FF0FF3003900AE05C
:1024D000FFF79EFF20B1FFE74FF0FF30039002E0CF
:1024E00000200390FFE7039804B080BD80B584B05E
:1024F00002909F20ADF80600029820B9FFE74FF048
:10250000FF30039016E040F28830C2F20000D0F8AD
:1025100018C0029B6A46032111600DF106010222D8
:10252000E04720B1FFE74FF0FF30039002E00020CA
:102530000390FFE7039804B080BD000081B0ADF8C0
:102540000200BDF9020000280ED4FFE7BDF9021019
:1025500001F01F02012090404A094EF20011CEF214
:10256000000141F82200FFE701B070474EF60C5021
:10257000CEF200000068C0F30220704782B0ADF8D0
:1025800006000091BDF9060000280AD4FFE7009874
:102590000001BDF906104EF20042CEF2000288544E
:1025A0000BE000980001BDF8061001F00F014EF697
:1025B0001452CEF200028854FFE702B070470000C8
:1025C00083B00290029800F0070000904EF60C5184
:1025D000CEF200010868019001984FF6FF0210400A
:1025E00001900198009A40EA02200022C0F2FA52BB
:1025F000104301900198086003B0704782B08DEDE0
:10260000010A40F66C60C2F2000000900098407E23
:10261000042813D8FFE7019800990A7E41F82200A8
:102620009DED011A009890ED050A30EE010A80ED4B
:10263000050A0099487E013048761AE00098017E2C
:1026400000EB810191ED001A90ED050A30EE410A90
:1026500080ED050A019800990A7E41F822009DED5F
:10266000011A009890ED050A30EE010A80ED050A86
:10267000FFE70099087E013008760098007E052863
:1026800004D3FFE7009900200876FFE7009890ED5B
:10269000050A407E01EE100AB8EE411A80EE010AEA
:1026A00002B0704780B584B08DF80B008DF80A1029
:1026B00001929DF80B0048B1FFE79DF80B0001283F
:1026C00004D0FFE76FF00100039037E09DF80B00A6
:1026D000012100F081FB9DF80B009DF80A1000F02D
:1026E0005FF848B1FFE79DF80B00002100F074FB94
:1026F0004FF0FF30039021E0F3F710F80090FFE770
:102700009DF80B0000F014FA012814D1FFE7F3F74D
:1027100005F80099401A0199884204D3FFE701980F
:10272000013018B9FFE7019820B9FFE76FF0020008
:10273000039003E0E4E700200390FFE7039804B070
:1027400080BD000080B582B08DF803008DF80210C6
:102750009DF8030028B9FFE74FF44070ADF8000082
:102760000EE09DF80300012805D1FFE740F201309B
:10277000ADF8000003E06FF0010001900CE0FFE70E
:10278000BDF800009DF8022040F21471C2F2000171
:10279000EDF7EAFE0190FFE7019802B080BD00006E
:1027A00080B582B08DF803008DF802109DF803000B
:1027B00028B9FFE74FF44470ADF800000EE09DF833
:1027C0000300012805D1FFE740F21130ADF8000009
:1027D00003E06FF0010001900CE0FFE7BDF800009E
:1027E0009DF8022040F21471C2F20001EDF7BCFE28
:1027F0000190FFE7019802B080BD000040F24C71EB
:10280000C2F200010020086040F25071C2F20001E3
:10281000086040F26E01C2F200010120087040F22F
:102820006F01C2F2000108707047000080B58AB0E5
:102830000020089007900690F0F76EF858B1FFE777
:1028400040F68861C2F20001C86A0130C8624FF0E8
:10285000FF30099077E001200090F3F787F802201D
:102860000190F3F783F808200290F3F77FF8202017
:102870000390F3F77BF80098019940F64003C4F207
:1028800002431A6842F0FF021A6040F60003C4F2E5
:1028900002431A6842F080021A60002205920792F1
:1028A0000891069006A80490F3F770F8019904982F
:1028B0000691F3F76BF8029904980691F3F766F81E
:1028C000039904980691F3F761F80598EFF7F8FF7C
:1028D00040B1FFE740F68861C2F20001C86A0130EA
:1028E000C862FFE70020EFF7DDFF40B1FFE740F6E9
:1028F0008861C2F20001C86A0130C862FFE70020A7
:10290000EFF7C2FF40B1FFE740F68861C2F2000175
:10291000C86A0130C862FFE740F64001C4F20241D4
:10292000086840F0FF00086072B6F3F7B9F862B6C5
:1029300040F68861C2F20001086B013008634FF075
:10294000FF300990FFE709980AB080BD80B502F01A
:102950003BFB08B9FFE734E040F26370C2F20000CD
:10296000007840F26471C2F200010978884228D0F0
:10297000FFE740F26370C2F20000017840F2547049
:10298000C2F20000415C002002F034FB40B1FFE7DE
:1029900040F68861C2F20001486B0130486310E0E4
:1029A00040F26371C2F200010878013041F2121264
:1029B000C1F21112A0FB0232C2EB0212801A08709F
:1029C000FFE780BD82B001900091019840B1FFE720
:1029D000009828B1FFE70098007801990870FFE798
:1029E00002B0704783B00190019800900F284AD838
:1029F0000099DFE801F0080C1014181C2024282C82
:102A00003034383C404400208DF80B003FE001207A
:102A10008DF80B003BE002208DF80B0037E003201F
:102A20008DF80B0033E004208DF80B002FE005201B
:102A30008DF80B002BE006208DF80B0027E0072017
:102A40008DF80B0023E008208DF80B001FE00C2010
:102A50008DF80B001BE010208DF80B0017E0142000
:102A60008DF80B0013E018208DF80B000FE02020EC
:102A70008DF80B000BE030208DF80B0007E04020B4
:102A80008DF80B0003E000208DF80B00FFE79DF8A8
:102A90000B0003B07047000080B582B00090009832
:102AA00020B9FFE76FF00100019014E040F6E0600C
:102AB000C2F20000407918B9FFE7052001900AE052
:102AC000009840F67051C2F200013022EDF70DFC83
:102AD00000200190FFE7019802B080BD80B582B070
:102AE0000090009820B9FFE76FF0010001900BE023
:102AF000009840F67051C2F2000130313022EDF7FB
:102B0000F4FB00200190FFE7019802B080BD0000B7
:102B100080B58CB040F67050C2F2000000F1300178
:102B200068463022EDF7E1FBBDF803000CB080BD34
:102B300082B08DF803009DF8030040B9FFE740F62E
:102B40007050C2F2000090F8A200019011E09DF8D0
:102B50000300012808D1FFE740F67050C2F20000E0
:102B600090F8A300019004E0FFE76FF001000190EE
:102B7000FFE7019802B0704780B582B000900098DE
:102B800020B9FFE76FF0010001900BE0009840F6DC
:102B90007051C2F2000160313022EDF7A6FB002037
:102BA0000190FFE7019802B080BD000080B58CB0B5
:102BB00040F67050C2F2000000F160016846302219
:102BC000EDF793FBBDF803000CB080BD80B58CB071
:102BD00040F67050C2F2000000F130016846302229
:102BE000EDF783FB9DF8020000F00F000CB080BDF4
:102BF00080B58CB040F67050C2F2000000F1600168
:102C000068463022EDF771FB9DF8020000F00F00DE
:102C10000CB080BD80B58CB040F67050C2F20000A0
:102C200000F1300168463022EDF75FFB9DF80200AD
:102C300000090CB080BD000080B58CB040F670502B
:102C4000C2F2000000F1600168463022EDF74DFB52
:102C50009DF8020000090CB080BD000080B582B074
:102C600040F27C00C2F20000006820B9FFE74FF09C
:102C7000FF30019007E040F27C00C2F200000168E2
:102C800088470190FFE7019802B080BD80B582B00F
:102C900040F27C00C2F20000406820B9FFE74FF02C
:102CA000FF30019007E040F27C00C2F20000416872
:102CB00088470190FFE7019802B080BD83B08DF88E
:102CC00007009DF8070001460091402800F254805B
:102CD0000099DFE801F02124272A2D3033363951BD
:102CE00051513C5151513F51515142515151455116
:102CF00051515151515148515151515151515151CD
:102D00005151515151514B515151515151515151B9
:102D10005151515151514E000020029030E001209C
:102D200002902DE0022002902AE00320029027E08A
:102D30000420029024E00520029021E00620029069
:102D40001EE0072002901BE00820029018E00920F6
:102D5000029015E00A20029012E00B2002900FE092
:102D60000C2002900CE00D20029009E00E20029051
:102D700006E00F20029003E04FF0FF300290FFE7E3
:102D8000029803B07047000080B5FDF7CFF980BD11
:102D900080B584B0ADF80A0001918DF8032040F2AF
:102DA0007C00C2F20000C06820B9FFE74FF0FF309E
:102DB00003900DE040F27C00C2F20000D0F80CC09D
:102DC000BDF80A10019A9DF80330E0470390FFE731
:102DD000039804B080BD000081B08DF803008DF829
:102DE00002109DF8030048B9FFE79DF8020040F685
:102DF0007051C2F2000181F8A200FFE79DF80300C4
:102E0000012809D1FFE79DF8020040F67051C2F297
:102E1000000181F8A300FFE701B0704780B586B0DC
:102E200004900391049827210DF10902012300F079
:102E3000BFFC0190019848B9FFE7049824210DF1E7
:102E40000A02012300F0B4FC0190FFE7019848B9A1
:102E5000FFE7049826210DF10B02012300F0A8FCE6
:102E60000190FFE7019818B1FFE70198059055E040
:102E70009DF8090000F001020399087800F0FE00B7
:102E8000104408709DF809200399087802F00202A6
:102E900000F0FD00104408709DF80A0000F00102E7
:102EA0000399087800F0FB0040EA820008709DF862
:102EB0000A200399087802F0020200F0F70040EAC5
:102EC000820008709DF80A200399087802F0040235
:102ED00000F0EF0040EA820008709DF80B20039993
:102EE000087802F0200200F0DF00104408709DF81E
:102EF0000B200399087802F0400200F0BF00104454
:102F000008709DF80B200399087802F0800200F009
:102F10007F001044087001980590FFE7059806B0FF
:102F200080BD000080B584B00390029103980E210B
:102F30000DF10602012300F03BFC0090009868BBF5
:102F4000FFE70298007800F002019DF8060000F00B
:102F5000BF0040EA41108DF80600029801789DF804
:102F6000060001F0040100F07F0040EA41108DF8F6
:102F700006000298007800F001019DF8060000F0BC
:102F8000DF0040EA41108DF8060003980E210DF194
:102F90000602012300F0BCFC0090FFE7009848B94E
:102FA000FFE7039819210DF10702012300F000FC4F
:102FB0000090FFE7009800BBFFE70298407800F020
:102FC00001019DF8070000F0DF0040EA41108DF894
:102FD00007000298807800F003019DF8070000F0D8
:102FE000FC0008448DF80700039819210DF1070231
:102FF000012300F08DFC0090FFE7009804B080BD35
:1030000080B586B004900391049828210DF1070241
:10301000052300F0CDFB0090009818B1FFE7009861
:10302000059032E09DF809000399486003994A68C9
:103030009DF8080040EA0220486003994A689DF81C
:10304000070040EA0220486003994868000248608F
:103050000398406800F02EF8039880ED000A9DF870
:103060000B000399888103998A899DF80A0040EA38
:10307000022088810398B0F90C0000F009F8039849
:1030800080ED020A00980590FFE7059806B080BD24
:1030900081B0ADF80200BDF9020000EE100AB8EEF2
:1030A000C00A9FED031A80EE010A01B0704700BF0D
:1030B0000000C84281B000909DED000AB8EEC00A41
:1030C0009FED021A20EE010A01B070470000803522
:1030D00080B584B00390029103980F210DF107028F
:1030E000012300F065FB00909DF80700029908702D
:1030F000009804B080BD000080B588B007908DF8BE
:103100001B1000208DF81400079811210DF11502F5
:10311000022300F04DFB04900498002840F0D0807A
:10312000FFE70DF11A000DF115010291FFF74AFCBE
:103130000298411C0DF11900FFF744FC9DF81B009B
:1031400001460391002800F08A80FFE703980128D8
:1031500004D0FFE70398022842D0A1E09DF81A00AE
:1031600040F080008DF81A00079811210DF11A0225
:10317000012300F0CDFB0490049808B1FFE79EE026
:10318000FFE70798242106AA012300F011FB049011
:10319000049808B1FFE719E09DF818100020B0EB83
:1031A000D11F01D1FFE711E00798806A28B1FFE73E
:1031B0000798816A0A208847FFE7FFE79DF8140017
:1031C000411C8DF814100528DBD3FFE79DF814008F
:1031D000052804D3FFE74FF0FF300490FFE76EE0CF
:1031E0009DF81A0040F004008DF81A00079811218C
:1031F0000DF11A02012300F08BFB0490049808B132
:10320000FFE75CE0FFE707980DF1170100F0F0FA27
:103210000490049808B1FFE717E09DF81700C00775
:1032200008B9FFE711E00798806A28B1FFE707981F
:10323000816A01208847FFE7FFE79DF81400411CE1
:103240008DF814100528DED3FFE79DF8140005283B
:1032500004D3FFE74FF0FF300490FFE72FE09DF825
:103260001A0040F008008DF81A009DF8190040F08F
:1032700001008DF819000DF1150001900DF11A01F2
:10328000FFF7A0FB019801300DF11901FFF79AFB40
:10329000019A07981121022300F03AFB04900EE0F6
:1032A0009DF81A0040F004008DF81A0007981121CB
:1032B0000DF11A02012300F02BFB0490FFE7FFE75A
:1032C000049808B080BD000080B588B006900591D4
:1032D000069812210DF10F02022300F069FA029004
:1032E00006980B210DF11302012300F061FA01464B
:1032F000029808440290029818B1FFE702980790DC
:1033000030E00DF112000DF10F010191FFF75AFBB2
:103310000198411C0DF11100FFF754FB9DF812308C
:1033200005990878022202EA930200F0FD00104499
:1033300008709DF8113005990878012222EA93124D
:1033400000F0FB0040EA820008709DF81300C0F313
:1033500080020599087800F0FE0010440870029879
:103360000790FFE7079808B080BD000080B58AB0DD
:1033700009900891099812210DF11B02022300F017
:1033800017FA05900598D0BBFFE70DF11E000190DC
:103390000DF11B010491FFF715FB0498411C0291EC
:1033A0000DF11D000390FFF70DFB01990498089A99
:1033B00013789DF81E2003F0020302F0F70242EAA0
:1033C00083028DF81E20089A92F800C09DF81D20F7
:1033D000012323EA9C0302F0BF0242EA83128DF824
:1033E0001D20FFF7EFFA02980399FFF7EBFA049A12
:1033F00009981221022300F08BFA0590FFE7099843
:103400000B210DF11F02012300F0D2F901460598AE
:10341000084405900598A8B9FFE70898007800F0DF
:1034200001019DF81F0000F0FB0040EA81008DF8CB
:103430001F0009980B210DF11F02012300F068FA0B
:103440000590FFE705980AB080BD000080B588B000
:10345000079006910798102105AA022300F0A8F909
:1034600004900498002848D1FFE70DF11700009060
:1034700005A90391FFF7A6FA0398411C01910DF1EC
:1034800016000290FFF79EFA00990398069A1378A7
:103490009DF8172003F00F0302F0870242EAC302EF
:1034A0008DF81720069A53789DF8172003F007032C
:1034B00002F0F8021A448DF81720069A927802F06A
:1034C00001039DF8162002F0EF0242EA03128DF884
:1034D00016209DF8162002F0DF028DF81620FFF767
:1034E00071FA01980299FFF76DFA039A0798102173
:1034F000022300F00DFA0490FFE7049808B080BDA5
:1035000080B586B00490039104980E210DF10A0253
:10351000012300F04DF90190019848B9FFE70498A4
:1035200012210DF10B02012300F042F90190FFE797
:10353000019818B1FFE70198059039E09DF80A302D
:1035400003990878082202EA530200F0F7001044B9
:1035500008709DF80A3003990878012222EA530383
:1035600000F0EF0040EA031008709DF80A3003995C
:10357000087822EA930300F0FD0040EA4300087057
:103580009DF80AC003990878042303EA5C0300F05D
:10359000FB00184408709DF80B300399087822EA64
:1035A000530200F0FE001044087001980590FFE7F8
:1035B000059806B080BD000080B584B003900291EC
:1035C00003980E210DF10602012300F0F1F800909E
:1035D0000098C8BBFFE7029801789DF80600012318
:1035E00023EA510100F0FB0040EA81008DF806005B
:1035F000029801789DF8060001F0040100F0F70040
:1036000040EA41008DF80600029801789DF8060016
:1036100001F0080100F0EF0040EA41008DF80600DB
:10362000029801789DF8060023EA111100F0FD00D0
:1036300040EA41008DF8060003980E210DF10602C4
:1036400000F066F90090FFE7009848B9FFE703989B
:1036500012210DF10702012300F0AAF80090FFE704
:103660000098A8B9FFE7029801789DF807000123A8
:1036700023EA010100F0FD0040EA41008DF8070057
:10368000039812210DF1070200F042F90090FFE7C4
:10369000009804B080BD000080B586B0049003910E
:1036A000049813210DF10B02012300F081F8019021
:1036B000019818B1FFE7019805902CE09DF80B00E8
:1036C000C0F340120399087800F0FE00104408701F
:1036D0009DF80B200399087802F0020200F0FD002B
:1036E000104408709DF80B0000F00102039908785F
:1036F00000F0FB0040EA820008709DF80B2003995F
:10370000087802F0040200F0F70040EA4200087076
:1037100001980590FFE7059806B080BD80B584B09C
:1037200003900291039813210DF10702012300F089
:103730003FF800900098B8BBFFE70298007800F0CF
:1037400001019DF8070000F0DF0040EA41108DF80C
:103750000700029801789DF8070001F0020100F0CF
:10376000FD0008448DF8070002980078C0F380013E
:103770009DF8070000F0FE0008448DF8070002984D
:1037800002789DF80700042101EA520100F0FB00D5
:1037900008448DF80700039813210DF10702012357
:1037A00000F0B6F80090FFE7009804B080BD00007C
:1037B00080B586B004908DF80F100292ADF80630F7
:1037C000049820B9FFE74FF0FF3005900CE0049813
:1037D000D0F810C09DF80F10029ABDF80630E047EF
:1037E000009000980590FFE7059806B080BD0000A6
:1037F00080B586B004900391049811210DF109025F
:103800000123FFF7D5FF0190019848B9FFE704981D
:1038100024210DF10A020123FFF7CAFF0190FFE7FF
:10382000019840B9FFE70498272102AA0123FFF776
:10383000BFFF0190FFE7019848B9FFE704980B210B
:103840000DF10B020123FFF7B3FF0190FFE7019891
:1038500018B1FFE70198059057E09DF80900C0F303
:1038600080020399087800F0FE00104408709DF86B
:103870000A3003990878022202EA931200F0FD0050
:10388000104408709DF8080000F0010203990878C0
:1038900000F0FB0040EA820008709DF808200399C0
:1038A000087802F0020200F0F70040EA8200087097
:1038B0009DF808200399087802F0100200F0EF004C
:1038C000104408709DF808200399087802F020023F
:1038D00000F0DF00104408709DF809300399087863
:1038E00001229A4300F0BF0040EA821008709DF860
:1038F0000B006FEA50120399087800F07F0040EA4D
:10390000C210087001980590FFE7059806B080BDC9
:1039100080B586B004908DF80F100292ADF8063095
:10392000049820B9FFE74FF0FF3005900CE00498B1
:10393000D0F80CC09DF80F10029ABDF80630E04791
:10394000009000980590FFE7059806B080BD000044
:1039500040F23471C2F200010020086040F2387178
:10396000C2F20001088040F66061C2F20001086006
:1039700040F6E861C2F20001086040F23C61C2F228
:103980000001086040F2D161C2F20001087040F607
:10399000F061C2F20001087040F24A71C2F2000107
:1039A000087040F66C51C2F20001088040F6646174
:1039B000C2F20001086040F20042C2F2000245F289
:1039C0000001C4F27D41116040F66E51C2F2000167
:1039D000087040F20C71C2F20001086040F2D96137
:1039E000C2F20001087040F2D861C2F20001087012
:1039F00040F2D461C2F20001086040F66C61C2F28C
:103A00000001886148610861C8608860486008609A
:103A10007047000080B586B0059004910598282174
:103A20000DF10A02062300F0AFFA01909DF80B0099
:103A30000499088004990A889DF80A0040EA022047
:103A400008809DF80D000499488004994A889DF8E3
:103A50000C0040EA022048809DF80F0004998880FD
:103A600004998A889DF80E0040EA02208880019817
:103A700006B080BD80B586B00590049105982221DE
:103A80000DF10A02062300F07FFA01909DF80B0069
:103A90000499088004990A889DF80A0040EA0220E7
:103AA00008809DF80D000499488004994A889DF883
:103AB0000C0040EA022048809DF80F00049988809D
:103AC00004998A889DF80E0040EA022088800198B7
:103AD00006B080BD80B584B003908DF80B100398BC
:103AE00012210DF10A02012300F04EFA0190019813
:103AF000A8B9FFE79DF80B109DF80A0001F001013D
:103B000000F0BF0040EA81108DF80A0003981221EE
:103B10000DF10A02012300F00BFB0190FFE7019871
:103B200004B080BD80B584B0039002910398029ADE
:103B30000F21012300F028FA0190019804B080BD04
:103B400081B0ADF80200BDF9020000EE100AB8EE37
:103B5000C00A9FED051A20EE010AB3EE091A30EEF5
:103B6000010A01B0704700BF0000803B80B586B0FD
:103B7000059004910598022100F0E0F90290029866
:103B800048B9FFE705985F210DF10F02012300F00E
:103B9000FBF90290FFE7029838BBFFE79DF80F00A2
:103BA000C0F3C10001460191032814D80199DFE850
:103BB00001F002060A0E0499002008700FE0049933
:103BC000012008700BE004990220087007E00499B6
:103BD0000320087003E0049900200870FFE70598AF
:103BE000002100F0ABF90290FFE7029806B080BD1B
:103BF00080B584B0039002910398022100F09EF9F1
:103C00000190019840B9FFE70398029A46210223E8
:103C100000F0BAF90190FFE7019830B9FFE7039887
:103C2000002100F08BF90190FFE7019804B080BDFE
:103C300080B586B005908DF813109DF813008DF8AF
:103C40001200059804A9FFF7D3FF029002980028FC
:103C500040F0C580FFE79DF810209DF811100191FC
:103C600042EA520040EA920040EAD20040EA1210D2
:103C700040EA521040EA921000F0010040EAD210EF
:103C800001F001021043C1F340021043C1F380026E
:103C90001043C1F3C0021043C1F300121043C1F33B
:103CA00040121043C1F38012104340EAD110C0B259
:103CB000012840F09380FFE705980DF10F01FFF711
:103CC00055FF02900298002840F08780FFE79DF89A
:103CD0000F0001460091032800F279800099DFE887
:103CE00001F00210284A9DF8130020B9FFE70120D7
:103CF0008DF8120004E09DF813008DF81200FFE724
:103D00006AE09DF8130020B9FFE702208DF8120049
:103D10000EE09DF81300012804D1FFE702208DF882
:103D2000120004E09DF813008DF81200FFE7FFE792
:103D300052E09DF8130020B9FFE703208DF8120030
:103D400018E09DF81300012804D1FFE703208DF847
:103D500012000EE09DF81300022804D1FFE70320B3
:103D60008DF8120004E09DF813008DF81200FFE7B3
:103D7000FFE7FFE730E09DF8130020B9FFE70420DC
:103D80008DF8120022E09DF81300012804D1FFE70E
:103D900004208DF8120018E09DF81300022804D1C9
:103DA000FFE704208DF812000EE09DF813000328B1
:103DB00004D1FFE704208DF8120004E09DF8130001
:103DC0008DF81200FFE7FFE7FFE7FFE704E09DF84B
:103DD00013008DF81200FFE7FFE7FFE7FFE7029807
:103DE00048B9FFE7059811210DF10E02012300F0FB
:103DF000CBF80290FFE7029898B9FFE79DF8121000
:103E00009DF80E0000F00F0040EA01108DF80E0042
:103E1000059811210DF10E02012300F089F902909D
:103E2000FFE7029806B080BD80B584B00390029190
:103E300003981E210DF10702012300F0A5F8009060
:103E40009DF80700C0F3400002990870009804B084
:103E500080BD000080B584B003908DF80B100398EE
:103E600011210DF10A02012300F08EF80190019852
:103E7000A8B9FFE79DF80B109DF80A0001F00701B3
:103E800000F0F10040EA41008DF80A00039811218A
:103E90000DF10A02012300F04BF90190FFE70198B0
:103EA00004B080BD80B584B003908DF80B100398EA
:103EB00018210DF10902012300F066F80190019824
:103EC000A8B9FFE79DF80B209DF80900022101EA3F
:103ED000921100F0FD0008448DF8090003981821A4
:103EE0000DF10902012300F023F90190FFE7019889
:103EF00048B9FFE7039862210DF10A02012300F09F
:103F000043F80190FFE70198A8B9FFE79DF80B007F
:103F100000F003019DF80A0000F0E70040EAC1004C
:103F20008DF80A00039862210DF10A02012300F0C6
:103F3000FFF80190FFE7019804B080BD80B584B020
:103F400003908DF80B1003980DF10A020123194616
:103F500000F01AF80190019898B9FFE79DF80B104E
:103F60009DF80A0000F03F0040EA81108DF80A0039
:103F700003980DF10A020123194600F0D9F80190C7
:103F8000FFE7019804B080BD80B586B005908DF83C
:103F900013100392ADF80A300598D0F810C09DF8C0
:103FA0001310039ABDF80A30E0470190019806B05B
:103FB00080BD000080B584B0039002910398122167
:103FC0000DF107020123FFF7DFFF00909DF80700C6
:103FD00000F0010002990870009804B080BD000054
:103FE00080B584B003908DF80B10039812210DF169
:103FF0000A020123FFF7C8FF01900198A0B9FFE76B
:104000009DF80B109DF80A0001F0010100F0FE0080
:1040100008448DF80A00039812210DF10A020123C9
:1040200000F086F80190FFE7019804B080BD000021
:1040300080B584B00390029103981E210DF1070210
:104040000123FFF7A1FF00909DF80700C0F3800057
:1040500002990870009804B080BD000080B584B05B
:1040600003900291039820210DF106020223FFF72D
:104070008BFF00909DF807000299088002990A883A
:104080009DF8060040EA02200880009804B080BD38
:1040900080B584B0039002910398402101AA0423C3
:1040A000FFF772FF00909DF80700029908600299DF
:1040B0000A689DF8060040EA0220086002990A6832
:1040C0009DF8050040EA0220086002990A689DF800
:1040D000040040EA02200860009804B080BD00009F
:1040E00080B584B003908DF80B10039819210DF161
:1040F0000A020123FFF748FF01900198A8B9FFE7E2
:104100009DF80B109DF80A0001F0010100F0DF009E
:1041100040EA41108DF80A00039819210DF10A02B6
:10412000012300F005F80190FFE7019804B080BD7D
:1041300080B586B005908DF813100392ADF80A3063
:104140000598D0F80CC09DF81310039ABDF80A30FA
:10415000E0470190019806B080BD000080B586B0B0
:1041600005908DF813109DF813008DF81200059836
:1041700004A9FFF73DFD02900298002840F0C58099
:10418000FFE79DF810209DF81110019142EA5200BE
:1041900040EA920040EAD20040EA121040EA52108F
:1041A00040EA921000F0010040EAD21001F0010252
:1041B0001043C1F340021043C1F380021043C1F326
:1041C000C0021043C1F300121043C1F34012104368
:1041D000C1F38012104340EAD110C0B2012840F070
:1041E0009380FFE705980DF10F01FFF7BFFC0290E8
:1041F0000298002840F08780FFE79DF80F000146F5
:104200000091032800F279800099DFE801F00210A4
:10421000284A9DF8130020B9FFE701208DF812000D
:1042200004E09DF813008DF81200FFE76AE09DF8A6
:10423000130020B9FFE702208DF812000EE09DF870
:104240001300012804D1FFE702208DF8120004E0DA
:104250009DF813008DF81200FFE7FFE752E09DF88C
:10426000130020B9FFE703208DF8120018E09DF835
:104270001300012804D1FFE703208DF812000EE09F
:104280009DF81300022804D1FFE703208DF81200E7
:1042900004E09DF813008DF81200FFE7FFE7FFE749
:1042A00030E09DF8130020B9FFE704208DF81200DC
:1042B00022E09DF81300012804D1FFE704208DF8C7
:1042C000120018E09DF81300022804D1FFE7042033
:1042D0008DF812000EE09DF81300032804D1FFE7CB
:1042E00004208DF8120004E09DF813008DF81200F0
:1042F000FFE7FFE7FFE7FFE704E09DF813008DF815
:104300001200FFE7FFE7FFE7FFE7029848B9FFE782
:10431000059810210DF10E020123FFF735FE0290E2
:10432000FFE7029898B9FFE79DF812109DF80E007C
:1043300000F00F0040EA01108DF80E0005981021E2
:104340000DF10E020123FFF7F3FE0290FFE7029842
:1043500006B080BD80B584B003908DF80B10039833
:1043600010210DF10A020123FFF70EFE01900198C2
:10437000A8B9FFE79DF80B109DF80A0001F00101B4
:1043800000F0FD0040EA41008DF80A00039810217A
:104390000DF10A020123FFF7CBFE0190FFE7019820
:1043A00004B080BD80B584B00390029103981E21B3
:1043B0000DF107020123FFF7E7FD00909DF80700CC
:1043C00000F0010002990870009804B080BD000060
:1043D00080B584B003908DF80B10039810210DF177
:1043E0000A020123FFF7D0FD01900198A8B9FFE769
:1043F0009DF80B109DF80A0001F0030100F0F30096
:1044000040EA81008DF80A00039810210DF10A029C
:104410000123FFF78DFE0190FFE7019804B080BDF6
:1044200080B584B003908DF80B10039817210DF11F
:104430000A020123FFF7A8FD0190019858BBFFE78E
:104440009DF80B0000F010019DF80A0000F0FB0041
:1044500040EA91008DF80A009DF80B0000F0200161
:104460009DF80A0000F0EF0040EA51008DF80A00C4
:104470009DF80B109DF80A0000F01F0040EA411063
:104480008DF80A00039817210DF10A020123FFF7A6
:104490004FFE0190FFE7019804B080BD80B582B067
:1044A00000200190F1F778F9FCF7DCFDFBF710FE36
:1044B000FBF7DCFAFBF7BEFAFBF76EFCFBF744FAFE
:1044C000FBF732FCFBF7E6FBFBF758FAFBF7D4FCF3
:1044D000FBF700FDFBF746FDFBF7EEFBFBF796F95C
:1044E000FBF77EFAFBF790FCFBF7DEF9FCF778FCB4
:1044F00040B1FFE740F68861C2F200010868013070
:10450000086002E0FDF748FFFFE7FFE7FEE7000075
:1045100080B582B001900198EFF70CFF02B080BD2A
:1045200080B582B00090009820B9FFE76FF00100DD
:10453000019019E0009801210022EFF71DFF20B142
:10454000FFE76FF0050001900EE000984FF40021A6
:104550000022EFF711FF20B1FFE76FF00500019097
:1045600002E000200190FFE7019802B080BD00004A
:10457000B0B58EB00C900C980B900B9820B9FFE75B
:104580006FF001000D9044E10B98406B0A900B987E
:10459000806B0990FFE70B98C06A4021F0F766F93D
:1045A000002800F03381FFE70A984021EBF7B6FEC0
:1045B0000B98D0F81CC00A9A02F1440102F14003A2
:1045C000E04720B1FFE76FF005000D9021E10A9868
:1045D000406C0790002845D0FFE70798012800F0BD
:1045E0009180FFE70798022800F0DE80FFE7079838
:1045F000032800F0F180FFE7079840F2033188427A
:1046000040F00281FFE709983021EBF787FE099916
:1046100005910A9C069420686268A368D4F80CC0CF
:10462000D4F810E065694D61C1F810E0C1F80CC024
:104630008B604A600860A069E269236AD4F824C0EC
:10464000D4F828E0E46ACC62C1F828E0C1F824C0BC
:104650000B62CA61886140F6E061C2F2000101208C
:104660004871D2E00A98B0F84000302849D1FFE7FD
:10467000F1F754F808900998D0F8900040B1FFE79E
:1046800008980999D1F89020801AC1F8980004E0A0
:1046900009990020C1F89800FFE708980999C1F826
:1046A0009000099830303021EBF738FE09990391DA
:1046B0000A9C049420686268A368D4F80CC0D4F8FB
:1046C00010E065694D64C1F840E0C1F83CC08B63FF
:1046D0004A630863A069E269236AD4F824C0D4F865
:1046E00028E0E46ACC65C1F858E0C1F854C00B6515
:1046F000CA64886440F6E061C2F200010120C8701B
:10470000FFE782E00A98B0F8400030284BD1FFE77D
:10471000F1F704F808900998D0F8940040B1FFE749
:1047200008980999D1F89420801AC1F89C0004E0F7
:1047300009990020C1F89C00FFE708980999C1F881
:104740009400099860303021EBF7E8FD0999019158
:104750000A9C029420686268A368D4F80CC0D4F85C
:1047600010E065694D67C1F870E0C1F86CC08B66F8
:104770004A660866A069E269236AD4F824C0D4F8BE
:1047800028E0E46AC1F88C40C1F888E0C1F884C030
:10479000C1F88030CA67886740F6E061C2F2000164
:1047A00001200871FFE730E00A98B0F8400050B1EE
:1047B000FFE70A980078099981F8A000099900207C
:1047C00081F8A20007E00999002081F8A00009996A
:1047D00081F8A200FFE718E00A98B0F8400050B155
:1047E000FFE70A980078099981F8A100099900204B
:1047F00081F8A30007E00999002081F8A100099938
:1048000081F8A300FFE700E0FFE7C4E600200D9079
:10481000FFE70D980EB0B0BD80B582B00090009853
:1048200020B9FFE76FF00100019018E00098012225
:104830001146EFF785FF20B1FFE76FF0050001900B
:104840000DE0009840210222EFF77AFF20B1FFE748
:104850006FF00500019002E000200190FFE7019851
:1048600002B080BD80B58AB00890089807900020FB
:10487000069005900490039002900190079820B94B
:10488000FFE76FF00100099076E00798406B482140
:10489000EBF744FD0798806BA421EBF73FFD002068
:1048A00001900290022003900120049040F2033016
:1048B000059040F6FF7006900798C06A01A9EFF7CF
:1048C000AFFE20B1FFE76FF00500099054E0012032
:1048D0000290002005904FF4706006900798C06A1F
:1048E00001A9EFF79DFE20B1FFE76FF005000990E9
:1048F00042E0022002904FF4806005904FF4706017
:1049000006900798C06A01A9EFF78AFE20B1FFE779
:104910006FF0050009902FE00798C06A69460123EF
:104920000B6002221146EFF7D7FE20B1FFE76FF0D0
:104930000500099020E00798C06AFFF76DFF20B1DD
:10494000FFE76FF00500099016E00798C06AF0F7DE
:1049500045FC20B1FFE76FF0050009900CE00798D7
:10496000C06AFFF7DDFD20B1FFE76FF00500099099
:1049700002E000200990FFE709980AB080BD00001E
:1049800080B592B010900F910E920D9303A828213C
:10499000EBF7C4FC109802900E980190029848B171
:1049A000FFE70F9830B1FFE70E9818B1FFE70D98B9
:1049B00020B9FFE76FF0010011901CE00198402141
:1049C0000091EBF7ABFC00990298C06A019B03AA27
:1049D000EFF766FF20B1FFE76FF0050011900AE0E6
:1049E0000698FDF7FFFF0D99088003980F9908605E
:1049F00000201190FFE7119812B080BD80B592B0F1
:104A000010900F910E92ADF8363004A82421EBF7E8
:104A100085FC109803900E980290039890B1FFE7E0
:104A20000E9820B9FFE7BDF8360058B9FFE70F9997
:104A30000020B0EBD12F05D1FFE7BDF836004128AB
:104A400004D3FFE76FF0010011902BE09DF83600D2
:104A5000FEF734F901900198013020B9FFE76FF0BB
:104A6000010011901EE00F98049000200590069020
:104A70000199079108904FF4801109914FF40011AA
:104A80000A910B900C900398C06A029A04A9EFF760
:104A900079FD20B1FFE76FF00500119002E00020E2
:104AA0001190FFE7119812B080BD000080B584B06E
:104AB0000390039802900298406B01900198426A1B
:104AC000694690479DF8000004B080BD80B586B06F
:104AD00004900391049802900298C06A0190019892
:104AE00018B1FFE7039820B9FFE76FF001000590C8
:104AF00009E001980299098EF0F7E2FD0399086038
:104B000000200590FFE7059806B080BD80B58AB00B
:104B1000099008910792ADF81A3008988DF819009D
:104B2000079805909DF8190040F080008DF8190055
:104B3000099804900498406B03900398026A00213E
:104B4000029190470498C06A0DF119010122019267
:104B50004FF47A730093F7F7F3FB009B0498C06A55
:104B60000599BDF81A20F7F713F901990398026A1D
:104B7000904702980AB080BD80B58AB084460C98F0
:104B8000CDF824C00891ADF81E200693ADF81600AC
:104B900000210491099803900398406B02900298B9
:104BA000026A9047BDF81E0078B1FFE70398C06A1B
:104BB0000899BDF81E204FF47A73F7F7C1FB20B1B6
:104BC000FFE76FF005000490FFE7049878BBFFE76C
:104BD000BDF8160058B3FFE7FF208DF8070000204E
:104BE000ADF80400FFE7BDF80400BDF816108842D8
:104BF0001CDAFFE70398C06A0699BDF804200A444E
:104C00006B464FF47A7119600DF107010123F7F734
:104C1000F7FD20B1FFE76FF00500049006E0FFE725
:104C2000BDF804000130ADF80400DCE7FFE70298AE
:104C3000026A0121904704980AB080BD80B586B011
:104C400004900391049802900298C06A0190019820
:104C500020B9FFE76FF0010005900FE003980028EE
:104C600018BF01208DF8030001980299098E9DF864
:104C70000320F0F73DFD00200590FFE7059806B002
:104C800080BD000080B58AB0099008910792ADF808
:104C90001A3008988DF81900079805900998049023
:104CA0000498406B03900398026A00210291904798
:104CB0000498C06A0DF11901012201924FF47A7330
:104CC0000093F7F73DFB009B0498C06A0599BDF877
:104CD0001A20F7F735FB01990398026A904702986A
:104CE0000AB080BD80B588B0069005910492ADF8F9
:104CF0000E300698029004980190029838B1FFE7B0
:104D0000049820B1FFE7BDF80E0020B9FFE76FF06F
:104D10000100079011E00298C06A0199BDF80E20C9
:104D20004FF0FF33F9F7EEFA20B1FFE76FF005001F
:104D3000079002E000200790FFE7079808B080BDC9
:104D400080B588B084460A98CDF81CC00691ADF8AD
:104D500016200493ADF80E000021029107980190EF
:104D60000198406B00900098026A9047BDF81600C9
:104D700078B1FFE70198C06A0699BDF816204FF494
:104D80007A73F7F7DDFA20B1FFE76FF005000290C4
:104D9000FFE7029898B9FFE7BDF80E0078B1FFE78A
:104DA0000198C06A0499BDF80E204FF47A73F7F7A2
:104DB000C7FA20B1FFE76FF005000290FFE7009807
:104DC000026A01219047029808B080BD83B001902B
:104DD000019820B9FFE700208DF80B005BE040F65A
:104DE0006860C2F20000006868B9FFE7019840F609
:104DF0006861C2F200010860019900204862012048
:104E00008DF80B0047E0019890F8200040F66861AB
:104E1000C2F20001096891F8201088420DDAFFE71C
:104E200040F66861C2F200010868019A5062019878
:104E3000086001208DF80B002DE040F66860C2F29A
:104E4000000000680090FFE70098406AC8B1FFE7E3
:104E5000019890F820000099496A91F82010884242
:104E60000BDAFFE70098406A0199486201980099BF
:104E7000486201208DF80B000DE00098406A009018
:104E8000E2E70198009948620199002048620120F8
:104E90008DF80B00FFE79DF80B0003B07047000092
:104EA00082B000208DF80300FFE79DF8030013286F
:104EB00021D8FFE79DF8030000EB400140F6F860C1
:104EC000C2F2000000EB011090F8210060B9FFE78A
:104ED0009DF8030000EB400140F6F860C2F20000CC
:104EE00000EB0110019009E0FFE79DF8030001309D
:104EF0008DF80300D9E700200190FFE7019802B088
:104F00007047000010B584B08C4686460798069915
:104F1000CDF80CE0CDF808C00192ADF802308DF864
:104F200001108DF80000029803990860BDF8020096
:104F3000039988829DF80100039981F82000EDF71C
:104F40008FFE0146039A0020D06191610399886227
:104F50009DF80000039981F82100019870B1FFE7E6
:104F60000198007850B1FFE70398043001990F22AF
:104F7000EBF7DFF903990020C87408E003980430C8
:104F800046F23741C0F60101EBF7DFF9FFE703997D
:104F90000020486204B010BD82B0ADF80600ADF844
:104FA0000410ADF80220BDF806008005BDF804101D
:104FB0006FF39F2140EA0130BDF802106FF31F31FB
:104FC000084402B07047000080B582B040F2C4309F
:104FD000C2F20000FFF76AFD20B1FFE700208DF864
:104FE000070003E001208DF80700FFE79DF80700A8
:104FF00002B080BD80B584B08DF80B008DF80A102A
:105000009DF80A0020B9FFE76FF00100039021E04E
:1050100040F26570C2F2000001907E21017005210E
:105020004170412181709DF80B10C1709DF80A10EC
:105030000171417890F802C0C378027981EA0C01CD
:10504000594051404171EF218171072100F006F86C
:105050000390FFE7039804B080BD000080B584B0E2
:105060000290ADF8061040F2C430C2F20000C068F1
:1050700018B1FFE7029820B9FFE76FF00100039035
:105080000CE040F2C430C2F20000D0F80CC0029A2A
:10509000BDF806300021E0470390FFE7039804B015
:1050A00080BD000080B586B08DF8130003910F20FD
:1050B0008DF80A009DF813008DF80B00039820B9B5
:1050C000FFE74FF0FF30059016E040F28830C2F263
:1050D0000000D0F818C0039B6A46012111600DF151
:1050E0000A010222E04720B1FFE74FF0FF300590B0
:1050F00002E000200590FFE7059806B080BD0000A3
:1051000080B584B0029000208DF807000090FFE782
:105110000098C0087C2827D8FFE7C0200DF10701C0
:10512000FFF7C0FF20B1FFE74FF0FF3003901FE013
:105130009DF80700C00758B9FFE7029828B1FFE7BC
:105140009DF8070002990870FFE7002003900FE028
:1051500040F28830C2F20000816A01208847FFE7F0
:10516000009801300090D3E74FF0FF300390FFE745
:10517000039804B080BD000080B584B006208DF88F
:105180000B0000238DF80A3040F28830C2F2000094
:10519000D0F814C069460B600DF10B010122E04705
:1051A00020B1FFE74FF0FF3003902AE000208DF898
:1051B0000900FFE79DF8090002281ED8FFE740F22A
:1051C0008830C2F20000816A01208847C0200DF1BA
:1051D0000A01FFF767FF48B9FFE79DF80A0080075B
:1051E000002803D5FFE7002003900AE0FFE79DF8C1
:1051F000090001308DF80900DCE74FF0FF30039023
:10520000FFE7039804B080BD80B584B08DF80B0033
:105210008DF80A101F208DF808009DF80B008DF8FE
:10522000090040F28830C2F20000D0F814C06A468B
:105230000121116002A902220DF10A03E04720B109
:10524000FFE74FF0FF30039002E000200390FFE7FC
:10525000039804B080BD4100080218BF04200A0E64
:1052600018BF40F001004FF07F4232EA010108BF51
:1052700040F00200012808BF0520704710B54FF02C
:105280000E402DED028BB0EE408A18EE104A00EB76
:105290004400B0F1506F4AD84FF0FC40B0EB440FDF
:1052A00022D2B0EEC80AF7EE000A30EEC00AF6EEDF
:1052B000000A60EE208A18EE900A00F073FF01EEFB
:1052C000100A14F0004F1DBFDFED2D0A9FED2D0ACF
:1052D000B1EE411ADFED2C0A08BF9FED2C0AF8EE63
:1052E000001A21EE218A05E0DFED290A68EE088A1E
:1052F000B0EE600A9FED271ADFED271A30EE080A9C
:1053000048EE811A9FED251A08EEA11ADFED241A46
:1053100048EE811A9FED231A08EEA11A68EE281AAA
:10532000BDEC028B01EE810A30EE200A10BD4FF079
:10533000E440B0EB440F0CD918EE100AFFF78BFFD6
:10534000042808BF00F066FEB0EE480ABDEC028BF0
:1053500010BD4FF07F40B0EB440F07D2B0EE480ACB
:10536000BDEC028BBDE8104000F03EBE012000F015
:1053700013FFBDEC028BBDE8104000F03BBE000007
:105380000000C9BF22AAFDB90000C93F22AAFD3909
:105390000000000024FE1C3DC78AD83C1E67383D33
:1053A0001B93993DAFAA2A3E70B54FF068422DED90
:1053B000048BF0EE408A18EE900AB0EE608A18EE88
:1053C000101A02EB4003B3F1654F3CBF02EB410200
:1053D000B2F1654F7DD200BFC0F3C753C1F3C752CE
:1053E0009A1A1B2A09DD10F0004F14BF9FED830AA3
:1053F0009FED830ABDEC048B70BD12F11A0F36DAF3
:1054000011F0004F09D010F0004F0CBF9FED7D0A46
:105410009FED7D0ABDEC048B70BD88EE889A19EE75
:10542000100AFFF718FF042808BF00F0F3FD18EE7C
:10543000900AFFF710FF054618EE100AFFF70BFF62
:10544000044619EE100AFFF706FF042D18BF052DBC
:1054500008D1042C18BF052C04D1002804BF022059
:1054600000F09AFEB0EE490ABDEC048B70BD42001C
:10547000B2EB410F3AD910F0004F19BFDFED630ACC
:105480009FED630ADFED630A9FED630AB0EE481AF1
:105490000A46B1EE688A80F00041F0EE418A10467B
:1054A0000A1A5200B2F1807F34D2484010F0004F07
:1054B000DFED5A1A9FED5A2A1DBFBEEE001A70EE9C
:1054C000E10A30EE420AB6EE001A08BF70EEA10AF9
:1054D00000E040E008BF30EE020AB0EE682A01EEBC
:1054E000482A08EE818AC2EE081A15E011F0004F32
:1054F00004BF9FED4C0AF0EE400AD1D010F0004FEF
:1055000019BFDFED490A9FED490ADFED490A9FED1A
:10551000490AC5E7C8EE881A21EEA11A9FED462A6E
:10552000DFED462A41EE022A9FED452A01EE222AAE
:10553000DFED442A41EE022A9FED432ABDEC048BA5
:1055400001EE222A21EE811A01EE020A30EE210A32
:1055500030EE200A70BD4FF07F42B2EB400F28BF03
:10556000B2EB410F09D2F0EE480AB0EE680ABDEC8A
:10557000048BBDE8704000F03ABD40EA01035B00D7
:1055800008BF41F0FF410BD0B2EB400F08BFB2EBB8
:10559000410F08D120F0804008EE900A21F08041B0
:1055A00008EE101A18E7B2EB400F12BF5FEA410392
:1055B00040F0FF4001F000413FF40EAFB2EB410F6D
:1055C00012BF5FEA400200F0004041F0FF413FF4AB
:1055D00003AF4A0092EA40033FF5FEAE002AACBF9B
:1055E0009FED1A0A9FED1A0A68EE808A28EE008A5B
:1055F00018EE900A18EE101AEEE60000DB0FC9BF95
:10560000DB0FC93FDB0F4940DB0F49C00000C9BFBA
:1056100022AAFDB90000C93F22AAFD390060ED3E73
:10562000C30ACE3700000000000049C022AA7DBA9C
:105630000000494022AA7D3A2DAD65BD8FB8D53D09
:105640000FB511BE61C84C3EA8AAAABE0000804F8B
:105650000000802F10EE101A08B5444A6846B2EBDD
:10566000410F28D94FF0E640B0EB410F94BF002026
:105670004FF0FF3000900098002861DB60EE000AD8
:1056800010F0010F45D010F0020FDFED391A9FED39
:10569000391A00EEA11ADFED381A40EE811A21EE18
:1056A000A01AF0EE400A40EE010A08BFF1EE600ACF
:1056B000B0EE600A08BD314B21F0004293423CD964
:1056C00011F0004FDFED2E0A20EE201ADFED2D0A3B
:1056D00019BF31EE601A71EE200A31EE201A71EE18
:1056E000600ABDEEE01A11EE100A9FED271A00F0D5
:1056F000030000EEC10A9FED251A009000EEC10ADA
:105700009FED231A00EEC10A9FED221A00EEC10A96
:10571000B1E79FED211A9FED210A10F0020F00EE74
:10572000810A9FED1F1A00EE801AB7EE000A00EE04
:10573000810A18BFB1EE400A08BD00F073FC9AE779
:1057400010EE100A4000B0F17F4F3CBFB7EE000AE8
:1057500008BD07D14FF0010000F01EFDBDE8084074
:1057600000F048BCBDE8084000F03EBCB61F927E89
:10577000336D4CB9DA82083CA0AA2ABE490E4946CC
:1057800083F9223F0000004B0000C93F00A0FD3913
:105790000020A2331A61342CB93AB2BACA9F2A3D0A
:1057A000DDFFFFBE10B510EE100A2DED068BB7EE33
:1057B000001A10EE901AB0EE418A0022A0F5000CFB
:1057C000DFEDFE9A4FF00073BCF1FE4F4FF07F44C7
:1057D00003EB410C80F0B481BCF1804FC0F020821B
:1057E000F74901449FEDF73AB1F5005F40F2D482EA
:1057F00000F58021CB0C03F00F0101EE901AC3F3EA
:1058000007137F3BA0EBC350B8EEE12A00EE100A6D
:105810001A44DFEDED2AF0EE411A42EE221AF0EEC4
:10582000613A70EE232A30EE632A12EE900A00F5F8
:1058300000606FF30B0001EE900A73EEE13A33EE75
:10584000804AC1EE223A22EE230A10EE100A00F539
:1058500000606FF30B0000EE100A00EE612A00EE0C
:10586000442A62EE232A70EE221A21EEA12ADFEDED
:10587000D73A02EE233A23EE023A20EE012A22EE34
:10588000811A03EE211A32EE010A10EE100A00F519
:1058900000606FF30B0000EE100A72EE401A31EE5A
:1058A000812A9FEDCB1A60EE011A9FEDCA1A20EEF5
:1058B000011A9FEDC90A02EE001A31EE810A10EEBC
:1058C000100A00F500606FF30B0000EE100AC348E9
:1058D00071EEC01A31EE812A784400EBC10090EDE0
:1058E000003AD0ED011A100101EE100AF8EEC12ABB
:1058F00032EE211A31EE001A31EE031A31EE221A7D
:1059000011EE100A00F500606FF30B0009EE100AAB
:1059100039EE621A31EE431A31EE400A30EE610A76
:1059200032EE40AA10EE900A002100F500606FF3FD
:105930000B0008EE900A084670EEE8AAEAF72DFD83
:1059400029EE280A00F00C01F0EEC00A10EE900AD1
:10595000B0F18B4F0DDD10EE900AB4EB400F08D381
:1059600010EE100A4FF08B4262F31E0008EE900A10
:1059700013E069EE2A0A38EEAA1A4AEE010A30EE5E
:10598000201A11EE100A00F500606FF30B0008EE0C
:10599000900A30EE680A70EE209A0C20EAF7FDFCBF
:1059A00038EEA90AB5EEC00AF1EE10FA34BFFEEEE9
:1059B000000AF6EE000A30EE800ABDEEC00A10EED4
:1059C000100A011100EE101AF8EEC00A00EE100ADB
:1059D000B8EEC00A38EEC00A30EE290ADFED801AB0
:1059E0009FED801A00EE211ADFED7F1A7F4900F04B
:1059F0000F0040EE011A21EE800A794401EB80018C
:105A000091ED001A7A49794401EB8001D1ED001A39
:105A1000784901EE801A794401EB8000764990EDD7
:105A2000000A31EE001AB0EEE00A10EE100A8842C9
:105A300015DA10EE100AB4EB400F10D39FED6F0A89
:105A400030EE800ADFED6E0A20EE200A68EE010AD1
:105A5000BDEC068BBCEEC00A20EE200A10BD10EE95
:105A6000100A6849884243DA10EE100AB4EB400F7E
:105A70003ED3BDEEE00A68EE010A10EE100A00EB1C
:105A8000D0725110C90501F17E5100EE101AA0EB41
:105A90006200C00560EE200A00F17E5000EE100AA0
:105AA00060EE808A18EE900AB4EB400F0FD102200E
:105AB00000F072FB00F0A6FA10EE101A18EE100AB1
:105AC000BDEC068B61F31E0000EE100A10BD18EE4F
:105AD000900A400011D018EE900AFFF7BCFB042892
:105AE00008BF00F097FAB0EE680ABDEC068B10BD57
:105AF000F5EEC00AF1EE10FA0FD2022000F04CFBD6
:105B000000F088FA10EE101A18EE100ABDEC068BA1
:105B100061F31E0000EE100A10BD022000F03CFBF5
:105B200000F070FA10EE101AB0EE480A10EE100AEB
:105B3000BDEC068B61F31E0000EE100A10BD00BF25
:105B4000BCF1804F6CD300BF00F1FF43B3F1FE4FB7
:105B500024D200BFB0EEC00A10EE100AC1F3C75342
:105B60007F2B0DDB972BBFF63BAEC3F196034FF0B7
:105B7000010C0CFA03F3A3F1010C1CEA010F08D08D
:105B8000012000F009FBBDEC068BBDE8104000F0E1
:105B900031BA0B4218BFBFEE008A21E643001CBF9A
:105BA0004FF08073B3EB400F34D96FF01A02DFED82
:105BB000161A20EE210A10EE100A27E0000000005D
:105BC000001080C0ABAAAA3E0000803D7EE24C3EA1
:105BD00000B03842D49AB8BB3BAA3842080900004A
:105BE000FC596337C9FF753A1872313DA6080000A9
:105BF000DA0800004A0800000000FC420000FE42F3
:105C00000000004B000040430000004D10F0004F2A
:105C1000A0D1E5E5A0F50003B3F1FE4F21D2DFE509
:105C200003EB4103B3F1007F11D3F5EEC00AF1EEAF
:105C300010FA05D1430018BFB4EB400F76D883E7C4
:105C400001F0004141F0FC5100EE901A7CE7B3F105
:105C5000807F06D210EE903AA3F5000300EE903A52
:105C600072E720F000426FF0FF4C604C02EB0C0337
:105C7000A34210D321F000439C44A4450BD3B0F1C0
:105C80007E5F18BF5FEA410C50D0B2F1FF4F98BF62
:105C9000B3F1FF4F05D9BDEC068BBDE8104000F015
:105CA000A6B9B0F1FF4F0FD0C1F3C7527F2A09DB6D
:105CB000972A11DAC2F19602012303FA02F2531E67
:105CC0000B4205D0002208E011F0004F55D128E02A
:105CD0000A4218BF012200D1022210F5000F13D092
:105CE00028B3B0F1004F26D010F1814F4FD04FF0C4
:105CF000FE42B2EB400F94BF01200020012202EBD4
:105D0000E171884239D10CE011F0004F02D0012A34
:105D100038D032E0012A02BF9FED350ABDEC068B78
:105D200010BD9FED340ABDEC068B10BD2FE011F0C5
:105D3000004F0CD121E0B1F1FF4F1ED011F5000F43
:105D400005D011F0004F15D00AB1012A08D0022069
:105D500000F022FABDEC068BBDE8104000F03AB925
:105D6000022000F019FA00F035F9BDEC068BB1EE17
:105D7000400A10BD0AB1012A04D0B0EE690ABDEC98
:105D8000068B10BDBDEC068B9FED1B0A10BDBDEC54
:105D9000068BB7EE000A10BD30EE410AB5EE001AD0
:105DA0009FED172A00EE413AB6EE001A60EE001A97
:105DB00000EE431A61EEC11A9FED101A20EE011A8F
:105DC00020EE020A9FED0F2A01EE820A71EE001A00
:105DD00011EE900A00F500606FF30B0009EE100A57
:105DE00031EE491A31EE00AA9CE50000FFFF3F00AA
:105DF000000080FF0000807F0000008000B0B841FC
:105E0000D49A38BB3BAAB84100B510EE101A2DED5C
:105E1000028B81B0524A6846B2EB410F2ED94FF047
:105E2000E640B0EB410F94BF00204FF0FF300090F0
:105E30000098B0EE408A00286ADB10F0010F4BD0CA
:105E400068EE080A9FED471A9FED470A00EE810AA7
:105E50009FED461A10F0020F00EE801AB7EE000A0E
:105E600000EE810A02BF01B0BDEC028B00BD00BF95
:105E700001B0B1EE400ABDEC028B00BD3C4B21F0FD
:105E80000042934241D911F0004FDFED3A0A20EE73
:105E9000201ADFED390A19BF31EE601A71EE200ABF
:105EA00031EE201A71EE600ABDEEE01A11EE100A12
:105EB0009FED321A00F0030000EEC10A9FED301A88
:105EC000009000EEC10A9FED2F1A00EEC10A9FED6F
:105ED0002E1A00EEC10AABE728EE080A9FED2B1A36
:105EE000DFED2B0A10F0020F40EE010A9FED291A98
:105EF00000EE201A61EE000AB0EE480A08EE200A11
:105F0000B6D101B0BDEC028B00BD00F08BF88FE77D
:105F100018EE100A4000B0F17F4F0DD218EE100AB3
:105F2000FFF799F9042808BF00F074F8B0EE480AAA
:105F300001B0BDEC028B00BD09D1012000F02CF9AD
:105F400001B0BDEC028B5DF804EB00F053B801B07A
:105F5000B0EE480ABDEC028B5DF804EB00F044B8EB
:105F6000B61F927EB93AB2BACA9F2A3DDDFFFFBE84
:105F7000490E494683F9223F0000004B0000C93F0B
:105F800000A0FD390020A2331A61342C336D4CB9C6
:105F9000DA82083CA0AA2ABE10B52DED028BB1EE24
:105FA000C08A18EE100A20F00040C0F1FF40C00F78
:105FB0000AD010EE100A20F00040C0F1FF40C00FE0
:105FC00004BF012000F0E8F8B0EE480ABDEC028BF7
:105FD00010BD0000DFED030AB7EE001A81EE200AC3
:105FE000704700000000000030EE000A704730EEFD
:105FF000200A7047DFED020A80EEA00A7047000019
:10600000000000009FED020A20EE000A7047000029
:10601000000000709FED020A20EE000A70470000A9
:10602000000000102DE9F0014FF07F42B2EB410F6C
:106030009FBF4FF0FF310160BDE8F00170474FF0A6
:10604000004242EA0123C1F3C752783A551112F0D7
:106050001F0C434CCCF120067C44C1F3C752A2F183
:1060600078024FEA621204EB820254F8254008BF1E
:10607000D2E9015612D0556804FA0CF425FA06F755
:106080003C43976805FA0CF527FA06F8D26807FA38
:106090000CFCF24045EA08054CEA0206A4FB034C5E
:1060A000A5FB0352A6FB03631D449D4234BF01269A
:1060B00000261319334416B1934202D903E09342E8
:1060C00001D2012200E00022624402F1200C92067B
:1060D000DC0C42EA443200EE102A5B03DFED210AB9
:1060E000F8EEC01A00EE103A4FEA9C1C11F0004F77
:1060F000B8EE400AC0F800C020EE201A00EE105A98
:10610000DFED190AB8EE400A20EE200A71EE810A8E
:1061100070EE800A10EE902A02F500626FF30B0217
:1061200000EE902A70EEE11A31EEC11ADFED101A7E
:1061300030EE411A9FED0D0A20EE800A01EE210A91
:106140009FED0C1A00EE810A04BFBDE8F001704714
:10615000CCF180510160BDE8F001B1EE400A70471A
:10616000C8020000000000360000802C22AAFD2991
:10617000DB0FC92F0000C92F02E008C8121F08C199
:10618000002AFAD170477047002001E001C1121FB8
:10619000002AFBD1704700000149086070470000E9
:1061A0000000002010B500EE100A2DED028BB1EEBC
:1061B000C08A18EE100A20F00040C0F1FF40C00F66
:1061C0000AD010EE100A20F00040C0F1FF40C00FCE
:1061D00004BF0120FFF7E0FF18EE100ABDEC028BB0
:1061E00010BD000000000000000000000000B33FF0
:1061F000B2BE7D3A00002E40DFCF513800007E4015
:10620000BF51FABA00E0A44019DAC3BA00E0C840AE
:10621000C2ED8AB90040EB40CD1F2CBA00100641F8
:106220002AFFFABA00C01541DFCFD13700D0244190
:106230009A97703A0050334189478E360040414169
:10624000E75B9D3800B04E41C00A98B900A05B41A1
:10625000558F943A00306841DA92C0BA00407441D8
:1062600062B3C63A0000803F00A0853F00908B3F9C
:1062700000C0913F0030983F00F09E3F00F0A53FE6
:106280000050AD3F0000B53F0000BD3F0060C53F7E
:106290000020CE3F0040D73F00C0E03F00C0EA3FB3
:1062A0000020F53F000000007D36AC397D3C3839D8
:1062B000EBDCF438320A7E39124C26399B6AED3910
:1062C000A4EE83397F661E39F6398A392B42653947
:1062D000A48211395B991F39C3EECD39DDE7C6378A
:1062E000A5A22F390000803FC3AA853FC2958B3FEE
:1062F000D3C3913FF037983F32F59E3FD7FEA53F7D
:106300003F58AD3FF304B53FA408BD3F2A67C53FE2
:106310008C24CE3FFD44D73FDFCCE03FC7C0EA3FEF
:106320007D25F53F000000006E83F9A22915444E3B
:10633000D15727FCC0DD34F5999562DB4190433C91
:10634000AB6351FE000000000000000001020304E6
:10635000060708090000000001020304000102030F
:1063600004050607080C1014182030400000000037
:106370000000003F000000000000B4420000B442F2
:10638000000000000000803F00000000000000004E
:1063900000000000000080BF0000000000000000BE
:1063A00000000000000080BF00000000000080BF6F
:1063B000000000000000000000000000000080BF9E
:1063C0000000803F000000000000000008040204FC
:1063D00008010101010101030701000001000200A1
:1063E0000400060008000A000C0010002000400015
:1063F00080000001000000000000003F0000FA449F
:106400000000204100000000F4010000494D554407
:106410004154413200494D5544415441004C45449A
:1064200000464443414E00494D55557064617461C6
:1064300000566F69636500556E6E616D65645461E9
:10644000736B004261726F6D65746572004C6F779B
:10645000506F77657200000078640108000000202A
:1064600010040000D0030008586501081004002043
:10647000A84E000088610108410D126F12833A0492
:1064800011042690D003C3803F28090AD723BDCD2D
:10649000CC4CBD441808A245763F85EB81204F8047
:1064A0003F010201012C490440096548010871457A
:1064B00001084BFD490881DA811013F008422013CE
:1064C000180E4C20700D0C011C5F3D4C0108CD4A8C
:1064D0004414100242022A40F93C0A35803C052B44
:1064E00004024204B93C0D36080242103C197811EE
:1064F00009293DB93C110939F05C100242450933C4
:10650000B40937F01A08B40216011A85286B0D4B2E
:10651000DCE11711450108480A42204BA80108098F
:106520002A3C5AD83C0A31E43C4B680B340B10200F
:10653000023C81DE414D01087944293C4BB80934C5
:106540000A116C781AE578011C4BD80C346A9878DB
:0865500035507D44017210007A
:040000050800024DA0
:00000001FF
