:020000040800F2
:1000000040510020610200081902010825F1000892
:1000100015020108690F0008152301087302000882
:10002000000000000000000000000000290D010891
:10003000ED2F000800000000ED0201081910010872
:100040007D0200087D0200087D0200087D02000894
:100050007D0200087D0200087D0200087D02000884
:100060007D0200087D0200087D0200087D02000874
:100070007D0200087D0200087D020008D9390008D1
:100080007D0200087D0200087D0200087D02000854
:100090007D0200087D0200087D0200087D02000844
:1000A0007D0200087D0200087D0200087D02000834
:1000B0007D020008453C00087D0200087D02000822
:1000C0007D0200087D0200087D0200087D02000814
:1000D000000000007D0200087D020008ED390008E4
:1000E000FD3900087D0200087D0200087D0200083D
:1000F0007D0200087D0200087D0200087D020008E4
:100100007D0200087D020008991501087D020008A3
:100110007D0200087D0200087D0200087D020008C3
:100120007D0200087D020008792201087D02000896
:100130007D0200087D0200087D0200087D020008A3
:100140007D0200087D0200087D0200087D02000893
:100150007D0200087D0200087D0200087D02000883
:100160007D0200087D0200087D0200087D02000873
:100170007D0200087D0200087D0200087D02000863
:100180007D0200087D0200087D0200087D02000853
:100190007D0200087D0200087D0200087D02000843
:1001A0007D0200087D0200087D0200087D02000833
:1001B0007D0200087D0200087D0200087D02000823
:1001C0007D0200087D0200087D0200087D02000813
:1001D0007D0200087D0200087D0200087D02000803
:1001E0007D0200087D0200087D0200087D020008F3
:1001F0007D0200087D0200087D0200087D020008E3
:100200007D0200087D0200087D0200080000000059
:10021000000000007D020008000000007D020008D0
:100220007D0200087D0200087D0200087D020008B2
:100230007D0200087D0200087D0200087D020008A2
:100240007D0200087D0200087D020008DFF80CD066
:1002500000F0A6F800480047952E01084051002004
:100260000748804707480047FEE7FEE7FEE7FEE74E
:10027000FEE7FEE7FEE7FEE7FEE7FEE7FEE700003B
:10028000611401084D0200082DE9F05F05460020C9
:1002900092469B4688460646814640241BE02846F7
:1002A00041464746224600F068F853465A46C01A6F
:1002B000914110D311461846224600F04FF82D1AEE
:1002C00067EB01084F4622460120002100F046F866
:1002D00017EB00094E41201EA4F10104DFDC484663
:1002E00031462A464346BDE8F09F40EA01039B079A
:1002F00003D009E008C9121F08C0042AFAD203E09B
:1003000011F8013B00F8013B521EF9D27047D2B2FE
:1003100001E000F8012B491EFBD270470022F6E7EE
:1003200010B513460A4604461946FFF7F0FF20466B
:1003300010BD10B5044604E00B7800F8013B03B192
:10034000491C521EF8D2204610BD034611F8012B5D
:1003500000F8012B002AF9D118467047202A04DB47
:10036000203A00FA02F1002070479140C2F12003C8
:1003700020FA03F3194390407047202A04DB203A07
:1003800021FA02F00021704721FA02F3D040C2F1B5
:100390002002914008431946704700207047000032
:1003A0001CB509480090094801900546009C06E0EC
:1003B000E06840F0010394E8070098471034AC422D
:1003C000F6D3FFF747FF0000044D0108244D010854
:1003D00070B58C1810F8015B15F0070301D110F807
:1003E000013B2A1106D110F8012B03E010F8016B34
:1003F00001F8016B5B1EF9D12B0705D40023521EB7
:100400000DD401F8013BFAE710F8013BCB1A921C1E
:1004100003E013F8015B01F8015B521EF9D5A1421C
:10042000D8D3002070BD000080B588B0ADF81E00A4
:1004300000208DF81D00BDF81E0008B9FFE7FBE0A5
:100440000DF11D0002F0D4FD40B1FFE740F6185158
:10045000C2F20001086901300861EDE09DF81D005D
:1004600008B9FFE7E8E00DF1170002F069FE40B1BE
:10047000FFE740F61851C2F2000108690130086137
:10048000DAE09DF817109DF818209DF81900000477
:1004900040EA0220084404909DF81200000600285B
:1004A00005D5FFE7049800F17F400490FFE79DF831
:1004B0001A109DF81B209DF81C00000440EA022041
:1004C00008440390039840B9FFE740F61851C2F280
:1004D0000001086901300861AEE09DED040AB8EE44
:1004E000C00A9FED561A20EE010A40F2BC20C2F26B
:1004F000000080ED010A9DED030AB8EE400A9FED71
:10050000501A80EE010A8DED020A40F2A420C2F2D8
:100510000000007868B9FFE7029840F2A021C2F21B
:100520000001086040F2A421C2F20001012008701D
:1005300034E040F20400C2F2000090ED000A9FEDAA
:10054000411A30EE010A80ED000A90ED000AB5EE86
:10055000001A30EE011A80EE010A8DED010A9DEDC0
:10056000010A9DED022A40F2A021C2F2000191EDA4
:10057000001A32EE412A20EE020A30EE010A81ED25
:10058000000A9DED011AB7EE000A30EE411A90ED17
:10059000000A20EE010A80ED000AFFE740F2A020E9
:1005A000C2F20000016840F2BC20C2F200000090DC
:1005B000016090ED000A9FED241A80EE010ADFED44
:1005C000230A13F049FD0098B0EE401AB7EE000A76
:1005D00030EE410A9FED1E1A20EE010A80ED020A5C
:1005E00040F2AC20C2F20000007888B9FFE740F288
:1005F000BC20C2F20000806840F2A821C2F20001D3
:10060000086040F2AC21C2F2000101200870FFE74F
:1006100040F2BC21C2F2000191ED020A40F2A82092
:10062000C2F2000090ED001A30EE410A81ED030A9B
:10063000086901300861FFE708B080BD000080371D
:100640000000C8450AD7233C00507D44B1DC423E3F
:10065000002A2D4780B586B0049040F29452C2F231
:100660000002002050611061D06090605060106006
:100670002C211170049A0121019112F0A5F8019921
:100680000390049A084612F09FF80290039818B15C
:10069000FFE70398059008E0029818B1FFE7029879
:1006A000059002E000200590FFE7059806B080BDA8
:1006B00080B582B012F00EFB0190019802B080BDAF
:1006C00080B584B0ADF80A0001918DF80320BDF823
:1006D0000A0040F2FE71884207DCFFE7019820B172
:1006E000FFE79DF8030020B9FFE76FF001000390DA
:1006F00008E0BDF80A0001999DF8032012F084FB80
:100700000390FFE7039804B080BD000080B584B07B
:10071000ADF80E0012F074FB40F2CC40C2F20000C3
:1007200012F0F6F90190019818B9FFE711F008FEF0
:100730000DE00198B0F1FF3F08DCFFE740F61851EB
:10074000C2F20001C8690130C861FFE7FFE740F26B
:10075000FC40C2F2000012F0FDF940B1FFE740F6A4
:100760001851C2F20001086A01300862FFE740F246
:100770002C50C2F2000012F03BFA40B1FFE740F605
:100780001851C2F20001486A01304862FFE711F0D7
:10079000BBFE40F27000C2F20000007838B9FFE7FB
:1007A00040F2B021C2F200010020086047E040F6AC
:1007B0007450C2F20000407990B9FFE740F67450DF
:1007C000C2F20000C07858B9FFE740F67450C2F298
:1007D0000000007920B9FFE76420ADF8020003E0D3
:1007E0000520ADF80200FFE7BDF80E2040F2B02072
:1007F000C2F200000168114401600068BDF80210F7
:1008000088421CD3FFE740F2B021C2F20001002071
:10081000086005F071FFCDF80A0040F202300DF1DA
:100820000A01042212F0F0FA40B1FFE740F6185135
:10083000C2F20001886901308861FFE7FFE704B078
:1008400080BD000080B58AB0ADF8260040F29C0063
:10085000C2F2000005A90C2202F02AFE9DF8140045
:100860009DF8151040EA0120ADF80E009DF8160025
:100870009DF8171040EA0120ADF810009DF818000F
:100880009DF8191040EA0120ADF812009DF81A00F9
:100890009DF81B1040EA0120ADF808009DF81C00EF
:1008A0009DF81D1040EA0120ADF80A009DF81E00D9
:1008B0009DF81F1040EA0120ADF80C0000208DF8D3
:1008C0000700FFE79DF80700022832D8FFE79DF8F0
:1008D00007100DF10E0030F9110000EE100AB8EE0D
:1008E000C00A9FED531A20EE010A40F24040C2F2C6
:1008F000000000EB810080ED000A9DF8071002A8BF
:1009000030F9110000EE100AB8EEC00A9FED491A46
:1009100020EE010A40F2D450C2F2000000EB810048
:1009200080ED000AFFE79DF8070001308DF8070011
:10093000C8E740F2CE30C2F200000078002874D040
:10094000FFE740F2B800C2F2000005A90C2202F055
:10095000AFFD9DF814009DF8151040EA0120ADF898
:100960000E009DF816009DF8171040EA0120ADF822
:1009700010009DF818009DF8191040EA0120ADF80C
:1009800012009DF81A009DF81B1040EA0120ADF8F6
:1009900008009DF81C009DF81D1040EA0120ADF8EC
:1009A0000A009DF81E009DF81F1040EA0120ADF8D6
:1009B0000C0000208DF80600FFE79DF806000228D5
:1009C00032D8FFE79DF806100DF10E0030F9110046
:1009D00000EE100AB8EEC00A9FED151A20EE010ACB
:1009E00040F24C40C2F2000000EB810080ED000AB2
:1009F0009DF8061002A830F9110000EE100AB8EEBA
:100A0000C00A9FED0C1A20EE010A40F2E050C2F23B
:100A1000000000EB810080ED000AFFE79DF8060072
:100A200001308DF80600C8E7FFE70AB080BD00BFBF
:100A3000000080390000003D80B582B040F29C008B
:100A4000C2F2000000F0BEF80090009818B1FFE775
:100A500000980190B2E040F2B800C2F2000000F04D
:100A6000B1F80090009838B9FFE740F2CE31C2F2F9
:100A7000000101200870FFE740F29C00C2F2000074
:100A800002F078FC0090009818B1FFE70098019000
:100A900094E040F2CE30C2F20000007890B1FFE75F
:100AA00040F2B800C2F2000002F064FC009000982E
:100AB00038B1FFE740F2CE31C2F2000100200870E9
:100AC000FFE7FFE740F2DC5004F02EFC40F29C0010
:100AD000C2F2000002F01AFC0090009818B1FFE783
:100AE000009801906AE00A2004F01EFC40F29C008D
:100AF000C2F2000002F01AFC0090009818B1FFE763
:100B0000009801905AE040F2CE30C2F20000007826
:100B100038B3FFE740F2B800C2F2000002F0F6FB83
:100B20000090009838B1FFE740F2CE31C2F20001E8
:100B30000020087014E00A2004F0F6FB40F2B80030
:100B4000C2F2000002F0F2FB0090009838B1FFE71B
:100B500040F2CE31C2F2000100200870FFE7FFE74B
:100B6000FFE740F29C00C2F2000002F043FC00905C
:100B7000009818B1FFE7009801901FE040F2CE30D6
:100B8000C2F20000007890B1FFE740F2B800C2F274
:100B9000000002F02FFC0090009838B1FFE740F20F
:100BA000CE31C2F2000100200870FFE7FFE74FF4EA
:100BB000967004F0B9FB00200190FFE7019802B0A5
:100BC00080BD000080B584B00290029802F08CFCD9
:100BD0000190019818B1FFE70198039041E0029855
:100BE00002F0BAFC0190019818B1FFE70198039058
:100BF00037E0029802F02EFC0190019818B1FFE74F
:100C0000019803902DE0029802F0C4FB0190019836
:100C100018B1FFE70198039023E00298202102F029
:100C200033FD0190019818B1FFE70198039018E097
:100C30000298602102F056FD0190019818B1FFE77B
:100C4000019803900DE00298062102F0C7FC019084
:100C5000019818B1FFE70198039002E0002003908B
:100C6000FFE7039804B080BD80B584B08DF80B0019
:100C7000002001909DF80B0070B1FFE79DF80B007C
:100C8000012809D0FFE79DF80B00022804D0FFE7F8
:100C90006FF0010003901DE09DF80B0040F2710120
:100CA000C2F2000108709DF80B0028B9FFE7002090
:100CB00002F01EFB01900AE09DF80B00012805D10F
:100CC000FFE7012002F014FB0190FFE7FFE7019826
:100CD0000390FFE7039804B080BD000080B582B0A8
:100CE000ADF80600BDF8060040B1FFE740F2710024
:100CF000C2F200000078022801D0FFE70BE002F00A
:100D0000D9FA40B1FFE740F61851C2F20001486D30
:100D100001304865FFE702B080BD000080B584B0B7
:100D200040F60400C4F20240006800F040010020D8
:100D3000B0EB911F04D1FFE711F0C4FD039065E013
:100D400002F0FEFC20B1FFE74FF0FF3003905DE0C2
:100D50000DF1070002F0F8FC20B1FFE74FF0FF3083
:100D6000039053E09DF8070020B9FFE711F0AAFDBA
:100D700003904BE09DF807008DF8060005F0BCFCE1
:100D80000290FFE705F0B8FC0299401AC0087C28E1
:100D90001DD8FFE70DF1070002F0D6FC20B1FFE7F8
:100DA0004FF0FF30039031E09DF807109DF80600EA
:100DB00008408DF806009DF8060020B9FFE711F005
:100DC00081FD039022E00A2004F0AEFADAE7012068
:100DD00005F0BAFD022005F0B7FD082005F0B4FDCE
:100DE000202005F0B1FD40F64001C4F20241086840
:100DF00040F0FF00086040F60001C4F202410868BC
:100E000040F08000086000200390FFE7039804B0E2
:100E100080BD000080B540F25C51C2F200010020AC
:100E2000087002F08DFC80BD80B582B0ADF8060080
:100E300040F25C50C2F200000078F0B9FFE740F6E3
:100E40007450C2F20000C078B0B1FFE740F67450B1
:100E5000C2F20000007978B1FFE711F017FF20B16E
:100E6000FFE711F025FF38B9FFE740F25C51C2F20D
:100E7000000101200870FFE714E00DF1050002F009
:100E800063FC40B1FFE740F61851C2F20001086B65
:100E90000130086306E09DF8050018B9FFE711F07E
:100EA00011FDFFE702B080BD80B584B08DF80B0066
:100EB0009DF80B00652804D3FFE76FF00100039055
:100EC00014E09DF80B0018B9FFE76A20019003E0D9
:100ED0009DF80B000190FFE701988DF80A009DF83E
:100EE0000A10002012F0BAFD0390FFE7039804B047
:100EF00080BD000080B582B0ADF8060040F67450A9
:100F0000C2F200008079012807D0FFE740F2B42147
:100F1000C2F200010020087024E040F2B420C2F2C6
:100F20000000007870B9FFE705F0E6FB40F2B82159
:100F3000C2F20001086040F2B421C2F200010120B7
:100F400008700FE005F0D8FB40F2B821C2F20001B2
:100F50000968401A00097C2801D8FFE702E011F077
:100F600041FDFFE702B080BDFFE7FEE784B00290DD
:100F70000191009202980199884203DAFFE70198F3
:100F800003900AE002980099884203DDFFE7009889
:100F9000039002E002980390FFE7039804B07047C3
:100FA00085B004900498006A039004980068406932
:100FB00020F4430003990843049909684861049B9D
:100FC0001A6958699969DB6918431043084303900B
:100FD0000498016801205022C4F20202914202905A
:100FE00000F06781FFE70498016801205022C5F2F4
:100FF00002029142029000F05C81FFE704980168D0
:101000000120D022C4F202029142029000F05181EC
:10101000FFE7049801680120D022C5F20202914244
:10102000029000F04681FFE704980168012040F239
:101030005012C4F202029142029000F03A81FFE79E
:1010400004980168012040F25012C5F20202914258
:10105000029000F02E81FFE704980168012040F221
:10106000D012C4F202029142029000F02281FFE706
:1010700004980168012040F2D012C5F202029142A8
:10108000029000F01681FFE704980168012040F209
:101090005022C4F202029142029000F00A81FFE75E
:1010A00004980168012040F25022C5F202029142E8
:1010B000029000F0FE80FFE704980168012040F2F2
:1010C000D022C4F202029142029000F0F280FFE7C7
:1010D00004980168012040F2D022C5F20202914238
:1010E000029000F0E680FFE704980168012040F2DA
:1010F0005032C4F202029142029000F0DA80FFE71F
:1011000004980168012040F25032C5F20202914277
:10111000029000F0CE80FFE704980168012040F2C1
:10112000D032C4F202029142029000F0C280FFE786
:1011300004980168012040F2D032C5F202029142C7
:10114000029000F0B680FFE704980168012041F2A8
:101150005002C4F202029142029000F0AA80FFE71E
:1011600004980168012041F25002C5F20202914246
:10117000029000F09E80FFE704980168012041F290
:10118000D002C4F202029142029000F09280FFE786
:1011900004980168012041F2D002C5F20202914296
:1011A000029000F08680FFE704980168012041F278
:1011B0005012C4F20202914202907AD0FFE70498E2
:1011C0000168012041F25012C5F2020291420290E0
:1011D0006FD0FFE704980168012041F2D012C4F2F9
:1011E00002029142029064D0FFE704980168012056
:1011F00041F2D012C5F202029142029059D0FFE7AB
:1012000004980168012041F25022C4F20202914286
:1012100002904ED0FFE704980168012041F250226D
:10122000C5F202029142029043D0FFE704980168A0
:10123000012041F2D022C4F202029142029038D041
:10124000FFE704980168012041F2D022C5F20202B2
:10125000914202902DD0FFE704980168012041F2ED
:101260005032C4F202029142029022D0FFE7049869
:101270000168012041F25032C5F20202914202900F
:1012800017D0FFE704980168012041F2D032C4F280
:101290000202914202900CD0FFE7049800684EF6DB
:1012A0003041CAF6FD710844B0FA80F0400902905E
:1012B000FFE70298C007B8B1FFE70498426A836A63
:1012C000C06A0021CFF6F07101EB035101F07C718F
:1012D00008436FF00F0101EB021101F47C7101432F
:1012E000039808430390FFE704980068006C00F03F
:1012F0008020039908430499096808640499886860
:101300000A791043096B084303900498C068B0F54C
:10131000806F40F07C81FFE7049801680120502233
:10132000C4F202029142019000F06781FFE7049845
:10133000016801205022C5F202029142019000F0A2
:101340005C81FFE7049801680120D022C4F2020208
:101350009142019000F05181FFE70498016801205B
:10136000D022C5F202029142019000F04681FFE7CF
:1013700004980168012040F25012C4F20202914226
:10138000019000F03A81FFE704980168012040F2E3
:101390005012C5F202029142019000F02E81FFE747
:1013A00004980168012040F2D012C4F20202914276
:1013B000019000F02281FFE704980168012040F2CB
:1013C000D012C5F202029142019000F01681FFE7AF
:1013D00004980168012040F25022C4F202029142B6
:1013E000019000F00A81FFE704980168012040F2B3
:1013F0005022C5F202029142019000F0FE80FFE708
:1014000004980168012040F2D022C4F20202914205
:10141000019000F0F280FFE704980168012040F29B
:10142000D022C5F202029142019000F0E680FFE76F
:1014300004980168012040F25032C4F20202914245
:10144000019000F0DA80FFE704980168012040F283
:101450005032C5F202029142019000F0CE80FFE7C7
:1014600004980168012040F2D032C4F20202914295
:10147000019000F0C280FFE704980168012040F26B
:10148000D032C5F202029142019000F0B680FFE72F
:1014900004980168012041F25002C4F20202914214
:1014A000019000F0AA80FFE704980168012041F252
:1014B0005002C5F202029142019000F09E80FFE7C7
:1014C00004980168012041F2D002C4F20202914264
:1014D000019000F09280FFE704980168012041F23A
:1014E000D002C5F202029142019000F08680FFE72F
:1014F00004980168012041F25012C4F202029142A4
:1015000001907AD0FFE704980168012041F250125F
:10151000C5F20202914201906FD0FFE70498016882
:10152000012041F2D012C4F202029142019064D033
:10153000FFE704980168012041F2D012C5F20202CF
:101540009142019059D0FFE704980168012041F2CF
:101550005022C4F20202914201904ED0FFE704985B
:101560000168012041F25022C5F20202914201902D
:1015700043D0FFE704980168012041F2D022C4F271
:1015800002029142019038D0FFE7049801680120DF
:1015900041F2D022C5F20202914201902DD0FFE724
:1015A00004980168012041F25032C4F202029142D3
:1015B000019022D0FFE704980168012041F25032E7
:1015C000C5F202029142019017D0FFE7049801682A
:1015D000012041F2D032C4F20202914201900CD0BB
:1015E000FFE7049800684EF63041CAF6FD710844E2
:1015F000B0FA80F040090190FFE70198C00728B1D8
:10160000FFE7039840F480600390FFE70CE0049844
:10161000C068B0F5007F05D1FFE7039840F4007083
:10162000039000E0FFE7FFE70498416B039808434D
:10163000039004980068406C42F20011C3F6C04168
:1016400008400399084304990968486404980168AC
:101650000020886404980168012040F25032C4F2EE
:101660000202914200904ED0FFE7049801680120E9
:1016700040F25032C5F202029142009043D0FFE79F
:1016800004980168012040F2D032C4F20202914273
:10169000009038D0FFE704980168012040F2D03272
:1016A000C5F20202914200902DD0FFE70498016834
:1016B000012041F25032C4F202029142009022D045
:1016C000FFE704980168012041F25032C5F202029E
:1016D0009142009017D0FFE704980168012041F281
:1016E000D032C4F20202914200900CD0FFE704987D
:1016F00000684EF63041CAF6FD710844B0FA80F039
:1017000040090090FFE70098C00740B1FFE7049848
:10171000016800204865049909688865FFE7049816
:1017200001680020C86705B07047000085B00190CF
:10173000019890ED062A90ED070A90ED085A90ED79
:10174000094A22EE021ABEEE003A31EE036A20EE9A
:10175000001A31EE061A90ED0A7A62EE040A20EEC3
:10176000056A36EE606AD0ED0B0A26EE206A21EE9D
:10177000071A31EE061A22EE052A20EE040A30EE90
:10178000020A90ED0C2A20EE020A30EE010A30EE39
:10179000000A8DED020A019890ED062A90ED075A95
:1017A00090ED081A90ED094A22EE046A25EE010A2E
:1017B00030EE060A90ED0A7A22EE026A76EE030A0D
:1017C00021EE016A36EE206AD0ED0B0A26EE206A81
:1017D00020EE070A30EE060A22EE052A21EE041A50
:1017E00031EE421A90ED0C2A21EE021A30EE010A77
:1017F00030EE000A8DED030A019890ED062A90ED77
:10180000076A90ED081A90ED090A22EE015A26EEB9
:10181000004A34EE454A90ED0A5A22EE066A21EE5D
:10182000001A31EE061A90ED0B6A21EE061A24EE2C
:10183000054A31EE041A22EE022A32EE032A20EE85
:10184000000A30EE020A90ED0C2A20EE020A30EE79
:10185000010A30EE000A8DED040A01980078014675
:101860000091022804D3FFE70098022809D011E074
:101870009DED040ABFEE001A30EE010A8DED040A58
:1018800008E09DED040AB7EE001A30EE010A8DED76
:10189000040AFFE79DED020ADDED030A9DED041A3F
:1018A00005B0704785B00090009B9869D9691A6AA5
:1018B0005B6A04930392029101909DED010ADDEDB4
:1018C000020A9DED031ADDED041A05B07047000011
:1018D00080B582B00190019844F62041C0F6010124
:1018E00000F0D8F8019800F003F802B080BD0000C5
:1018F00080B58EB00D900D9A4FF07E50099000206B
:101900000A900B900C9009990A9BDDF82CC0DDF829
:1019100030E0C2F824E0C2F820C0D36191610D9A92
:101920000690079008900699079BDDF820C0C2F842
:1019300030C0D36291620D9A012182F834100D9A61
:101940000021C4F2201191630D9981F840000D9A95
:101950000390049005900399049BDDF814C0C2F82D
:101960004CC0936451640D9A0090019002900099CC
:10197000019BDDF808C0C2F858C0536511650D9988
:1019800081F85C000D9908660D9A516951660D99B0
:1019900081F868000D99C8660D99486908670EB00E
:1019A00080BD000080B590B00F908DED0E0A0F98AD
:1019B00090ED060A90ED073A90ED081A90ED092A8D
:1019C00023EE013A20EE020A30EE030A21EE013A3C
:1019D000B6EE001A8DED011A31EE431A22EE022AFC
:1019E00071EE420A12F03AF98DED0D0A9DED0D0AE5
:1019F0008DED020A9DED0E0A00F0C0FC9DED011A6E
:101A0000B0EE402A9DED020A30EE420A20EE010AB5
:101A10008DED0C0A9DED0C0A12F076FA8DED080A98
:101A2000002009900A909DED0C0A12F047FEB0EEDE
:101A3000401A9FED170A30EE410A8DED0B0A0F9800
:101A400003909DED080ADDED090A9DED0A1ADDED12
:101A50000B1A90ED062AD0ED072A90ED083AD0ED4A
:101A6000093A00F07FFE0399CDED071A8DED061AB5
:101A7000CDED050A8DED040A0498059A069BDDF864
:101A80001CC0C1F824C00B62CA61886110B080BD5F
:101A90000000008080B586B005900491049800781D
:101AA000059908700498406805994860049890ED7D
:101AB000020AB5EE400AF1EE10FA05D1FFE79FEDFC
:101AC0004C0A8DED030A09E0049890ED020A9FED9F
:101AD000471A20EE010A8DED030AFFE79DED030A88
:101AE000059880ED020A049890ED030AB5EE400ACD
:101AF000F1EE10FA05D1FFE79FED3D0A8DED020AE8
:101B000011E0049890ED030A00F038FC12F0D6FDC5
:101B1000B6EE001A20EE010AF0EE000A12F09CFA6E
:101B20008DED020AFFE79DED020A059880ED030A9C
:101B3000049890ED040AB5EE400AF1EE10FA05D1D2
:101B4000FFE79FED2B0A8DED010A11E0049890ED5F
:101B5000040A00F013FC12F0B1FDB6EE001A20EEFC
:101B6000010AF0EE000A12F077FA8DED010AFFE7A4
:101B70009DED010A059880ED040A049840690599D5
:101B80004861059948694866059948690867049855
:101B900090ED010AB5EE400AF1EE10FA04D0FFE72D
:101BA0000498406948B9FFE705994FF6FF70C7F6FA
:101BB0007F70C86005990861FFE7059890F83400C8
:101BC000C00720B9FFE7059948688863FFE70598D3
:101BD00090ED011AB2EE040A30EE410AB0EE081A96
:101BE00080EE010A80ED0F0A06B080BD48E17A3F21
:101BF000FFFF7F7F80B5CAB08DED491ACDED480A51
:101C00008DED470ACDED462A8DED452ACDED441ADE
:101C10008DED434ACDED423A8DED413A4090CDED08
:101C20003F4A40994498459A469B0B63CA62886232
:101C30009DED470AB0EEC00A409890ED021AB4EE4E
:101C4000410AF1EE10FA1ADCFFE79DED480AB0EE0A
:101C5000C00A409890ED021AB4EE410AF1EE10FA73
:101C60000DDCFFE79DED490AB0EEC00A409890ED0B
:101C7000021AB4EE410AF1EE10FA1CDDFFE7409BB8
:101C80009869D9691A6A5B6A3E933D923C913B9090
:101C90004098FFF72DFE40993B983C9A3D9BDDF81C
:101CA000F8C0C1F824C00B62CA6188614099012064
:101CB00081F84000FFE7409890F83400C00768B30F
:101CC000FFE7409890ED0E0A90ED0F1A9DED3F2A28
:101CD00021EE021A30EE410A80ED0E0A409890ED96
:101CE000011A90ED0E0AB4EE410AF1EE10FA09DB8A
:101CF000FFE7409890ED010AB5EE400AF1EE10FAC8
:101D00000BD1FFE74099486888634099002081F82B
:101D10003400409981F84000FFE7FFE740980DF05C
:101D2000B5F88DED3A1ACDED390A8DED380A00205F
:101D30003790369035904099012081F85C009DEDF8
:101D4000440ADDED450A9DED461A01F00FF8002822
:101D500079D1FFE7409804909DED440ADDED450AF6
:101D60009DED461A01F054F88DED311ACDED300A93
:101D70008DED2F0A9DED2F0ADDED300A9DED311A14
:101D8000DDED381A9DED392ADDED3A2A01F0F8FE35
:101D900004998DED341ACDED330A8DED320A329867
:101DA000339A349BCB648A644864409890F834003A
:101DB000C00790B9FFE7409890ED110AD0ED120AE4
:101DC00090ED131A00F0FEFF409890ED031AB4EE68
:101DD000410AF1EE10FA09DCFFE74099002081F892
:101DE0005C004099086E0938086604E04099086E66
:101DF00001300866FFE74099086E496E884207DDAA
:101E0000FFE7409900204866409981F85C0003E0B4
:101E1000409948694866FFE740984269006E002192
:101E2000FFF7A4F840990866409890F85C00C00756
:101E300040B9FFE7409A506C916CD26C3792369162
:101E40003590FFE7FFE700202E902D902C904099D1
:101E5000012081F868009DED410ADDED420A9DED0B
:101E6000431A00F083FF002840F09780FFE7409876
:101E70000DF094F88DED2B1ACDED2A0A8DED290A7F
:101E8000409803909DED380ADDED390A9DED3A1A30
:101E9000DDED411A9DED422ADDED432A00F098FE6A
:101EA0008DED221ACDED210A8DED200A9DED200A3F
:101EB000DDED210A9DED221A00F0AAFF8DED251A15
:101EC000CDED240A8DED230A9DED230ADDED240AD4
:101ED0009DED251ADDED291A9DED2A2ADDED2B2A2F
:101EE00001F04EFE03998DED281ACDED270A8DEDF8
:101EF000260A2698279A289B8B654A65086540988C
:101F000090F83400C00790B9FFE7409890ED140AAC
:101F1000D0ED150A90ED161A00F054FF409890EDA0
:101F2000041AB4EE410AF1EE10FA09DCFFE7409919
:101F3000002081F868004099C86E0938C86604E03E
:101F40004099C86E0130C866FFE74099C86E096FB6
:101F5000884207DDFFE7409900200867409981F833
:101F6000680003E0409948690867FFE740984269C4
:101F7000C06E0021FEF7FAFF4099C866409890F8BD
:101F80006800C00740B9FFE7409A106D516D926D2F
:101F90002E922D912C90FFE7FFE7B6EE000A00F09D
:101FA000EDF9F0EE401A9DED470ADDED480A9DED92
:101FB000491A00F057FF8DED1F1ACDED1E0A8DED69
:101FC0001D0A9DED350ADDED360A9DED371ADDED72
:101FD0002C1A9DED2D2ADDED2E2A00F09DFD8DEDB4
:101FE000161ACDED150A8DED140A4098D0ED0E1A93
:101FF0009DED140ADDED150A9DED161A00F032FF75
:102000008DED191ACDED180A8DED170A9DED1D0AFB
:10201000DDED1E0A9DED1F1ADDED171A9DED182A44
:10202000DDED192A00F078FD8DED1C1ACDED1B0AAF
:102030008DED1A0A40980190DDED3F1A9DED1A0AC8
:10204000DDED1B0A9DED1C1A00F00CFF01988DEDD3
:102050000B1ACDED0A0A8DED090A90ED060AD0EDB6
:10206000070A90ED081AD0ED091A9DED092ADDED59
:102070000A2A9DED0B3A00F0C7FC0198CDED0F1A2E
:102080008DED0E1ACDED0D0A8DED0C0A90ED060AC0
:10209000D0ED070A90ED081AD0ED091A9DED0C2A33
:1020A000DDED0D2A9DED0E3ADDED0F3A00F07EFAE2
:1020B0000199CDED131A8DED121ACDED110A8DEDAA
:1020C000100A1098119A129BDDF84CC0C1F824C078
:1020D0000B62CA6188614098029090ED060AD0EDCB
:1020E000070A90ED081AD0ED091A00F007FB0299D3
:1020F000CDED081A8DED071ACDED060A8DED050A16
:102100000598069A079BDDF820C0C1F824C00B6231
:10211000CA6188614AB080BD80B58CB08DED0B1A64
:10212000CDED0A0A8DED090ACDED082A8DED072ABD
:10213000CDED061A05908DED043A05980021019128
:1021400002910391DDED044A9DED090ADDED0A0AD5
:102150009DED0B1ADDED061A9DED072ADDED082A2F
:102160009DED013ADDED023A9DED034AFFF742FD98
:10217000059890F83400C00730B1FFE705989FED4F
:10218000030AFFF70FFCFFE70CB080BD0000000062
:1021900080B582B08DED000A9DED000ABFEE001AF9
:1021A000B4EE410AF1EE10FA06DCFFE740F6DB7010
:1021B000CBF6C970019016E09DED000AB7EE001A4B
:1021C000B4EE410AF1EE10FA06DBFFE740F6DB70F1
:1021D000C3F6C970019006E09DED000A11F0A8FC5D
:1021E0008DED010AFFE79DED010A02B080BD000000
:1021F00085B0049003919DED030AB8EE401AB7EE46
:10220000000A80EE010A9FED0C1A20EE010A0498E4
:1022100080ED000A039804994860049900208860C2
:1022200004990090019002900098019A029B4B61E2
:102230000A61C86005B07047FDAD003E80B592B040
:102240008DED0E1ACDED0D0A8DED0C0A0B900B984D
:102250009DED0C0ADDED0D0A9DED0E1AD0ED031A71
:1022600090ED042AD0ED052A00F07EFE8DED0A1ACD
:10227000CDED090A8DED080A089809990A9A0E927F
:102280000D910C909DED0C0AB0EEC00AB0EE081A4C
:10229000B4EE410AF1EE10FA18DCFFE79DED0D0AED
:1022A000B0EEC00AB0EE081AB4EE410AF1EE10FA30
:1022B0000CDCFFE79DED0E0AB0EEC00AB0EE081A86
:1022C000B4EE410AF1EE10FA0ADDFFE70B990020A7
:1022D00088600C980D990E9A119210910F9045E01C
:1022E0000B984168806888420BD2FFE70B99886899
:1022F000013088600C980D990E9A119210910F90F0
:1023000034E00B980190D0ED001A9DED0C0ADDED44
:102310000D0A9DED0E1A00F0CFFD01988DED041A07
:10232000CDED030A8DED020A90ED030AD0ED040A0B
:1023300090ED051ADDED021A9DED032ADDED042A6C
:1023400000F018FC01998DED071ACDED060A8DED10
:10235000050A0598069A079B4B610A61C8600C98AC
:102360000D990E9A119210910F90FFE79DED0F0AB3
:10237000DDED100A9DED111A12B080BD81B08DED1A
:10238000000A9DED000A9FED031A20EE010A01B03C
:10239000704700BF35FA8E3C82B08DED010A01987E
:1023A0000090009941F21240C5F61F70A0EB610049
:1023B00000909DED000A9DED011A9FED082A21EE87
:1023C000021A21EE001A21EE001A9FED052A31EEC5
:1023D000021A20EE010A02B0704700BF12D336BFC6
:1023E000FF51D83FF0B58FB0189E179D169CDDF8B1
:1023F00054E0DDF850C00B960A950994CDF820E022
:10240000CDF81CC006930592049103908DED021A3D
:10241000CDED010A8DED000A9DED031A9DED043A04
:102420009DED050A9DED004A9DED015A9DED022AA4
:1024300023EE053A21EE041A31EE031A20EE020AC9
:1024400030EE010A8DED0C0A9DED061A9DED073A5E
:102450009DED080A9DED004A9DED015A9DED022A71
:1024600023EE053A21EE041A31EE031A20EE020A99
:1024700030EE010A8DED0D0A9DED091A9DED0A3A27
:102480009DED0B0A9DED004A9DED015A9DED022A3E
:1024900023EE053A21EE041A31EE031A20EE020A69
:1024A00030EE010A8DED0E0A9DED0C0ADDED0D0AF0
:1024B0009DED0E1A0FB0F0BDF0B5A1B02A9E299D7A
:1024C000289CDDF89CE0DDF898C08DED1D1ACDED5F
:1024D0001C0A8DED1B0A1A9619951894CDF85CE02C
:1024E000CDF858C01593149213911290CDED112A86
:1024F0008DED102ACDED0F1A8DED0E4ACDED0D3A72
:102500008DED0C3A9DED1B0ADDED1C0A9DED1D1AAB
:10251000DDED0C1A9DED0D2ADDED0E2A00F0F6FC26
:102520008DED081ACDED070A8DED060A9DED060A20
:10253000DDED070A9DED081ADDED0F1A9DED102A5D
:10254000DDED112A00F0B6FB8DED0B1ACDED0A0A78
:102550008DED090A12981399149A159BDDF858C04D
:10256000179C189D199E1A9F9DED090ADDED0A0A18
:102570009DED0B1AEE46CEF81070CEF80C60CEF83A
:102580000850CEF80440CEF800C0FFF72BFF8DEDC9
:10259000201ACDED1F0A8DED1E0A9DED1E0ADDED00
:1025A0001F0A9DED201A21B0F0BD00008CB0CDEDCA
:1025B000071A8DED061ACDED050A8DED040ACDED55
:1025C000033A8DED023ACDED012A8DED002A9DED05
:1025D000040A9DED001A30EE010A8DED080A9DED0A
:1025E000050A9DED011A30EE010A8DED090A9DEDF7
:1025F000060A9DED021A30EE010A8DED0A0A9DEDE4
:10260000070A9DED031A30EE010A8DED0B0A9DEDD0
:10261000080ADDED090A9DED0A1ADDED0B1A0CB072
:10262000704700008CB0CDED071A8DED061ACDED88
:10263000050A8DED040ACDED033A8DED023ACDED9C
:10264000012A8DED002A9DED040A9DED001A20EE71
:10265000010A8DED080A9DED050A9DED011A20EE97
:10266000010A8DED090A9DED060A9DED021A20EE84
:10267000010A8DED0A0A9DED070A9DED031A20EE71
:10268000010A8DED0B0A9DED080ADDED090A9DEDAD
:102690000A1ADDED0B1A0CB07047000080B588B047
:1026A000CDED071A8DED061ACDED050A8DED040A64
:1026B0009DED042ADDED052A9DED063ADDED073A94
:1026C000B0EE420AF0EE620AB0EE431AF0EE631A80
:1026D000FFF7A8FFCDED031A8DED021ACDED010A2B
:1026E0008DED000A9DED000ADDED010A9DED021A57
:1026F000DDED031A00F008F908B080BD80B588B0A0
:10270000CDED031A8DED021ACDED010A8DED000A13
:102710009DED000ADDED010A9DED021ADDED031AC3
:10272000FFF7BCFFFFF738FEB0EE402A9DED000A30
:10273000DDED010A9DED021ADDED031A00F0AEF8A1
:10274000CDED071A8DED061ACDED050A8DED040AC3
:102750009DED040ADDED050A9DED061ADDED071A73
:1027600008B080BD8CB0CDED071A8DED061ACDED09
:10277000050A8DED040ACDED033A8DED023ACDED5B
:10278000012A8DED002A9DED040A9DED055A9DED6F
:10279000063A9DED071A9DED006A9DED017A9DEDCB
:1027A000024A9DED032A25EE075A20EE060A30EE76
:1027B000450A23EE043A30EE430A21EE021A30EEC7
:1027C000410A8DED080A9DED007A9DED016A9DEDAF
:1027D000022A9DED034A9DED043A9DED055A9DEDBB
:1027E000060A9DED071A25EE075A23EE063A33EE48
:1027F000053A20EE040A30EE030A21EE021A30EE0A
:10280000410A8DED090A9DED004A9DED012A9DEDDD
:10281000026A9DED037A9DED043A9DED055A9DED0A
:10282000061A9DED070A25EE075A23EE063A33EE07
:10283000453A21EE041A31EE031A20EE020A30EE78
:10284000010A8DED0A0A9DED002A9DED014A9DEDDC
:10285000027A9DED036A9DED041A9DED055A9DEDEA
:10286000063A9DED070A25EE075A21EE061A31EECB
:10287000051A23EE043A31EE431A20EE020A30EE36
:10288000010A8DED0B0A9DED080ADDED090A9DEDAB
:102890000A1ADDED0B1A0CB07047000089B0CDEDBF
:1028A000041A8DED031ACDED020A8DED010A8DEDAE
:1028B000002A9DED010A9DED001A20EE010A8DED22
:1028C000050A9DED020A9DED001A20EE010A8DED2C
:1028D000060A9DED030A9DED001A20EE010A8DED1A
:1028E000070A9DED040A9DED001A20EE010A8DED08
:1028F000080A9DED050ADDED060A9DED071ADDEDDE
:10290000081A09B07047000084B0CDED031A8DEDB0
:10291000021ACDED010A8DED000A9DED000A9DED34
:10292000013A9DED022A9DED031A30EE030A30EEC6
:10293000020A30EE010A04B07047000080B588B08A
:10294000CDED041A8DED031ACDED020A8DED010ACD
:102950009DED011A9DED023A9DED030A9DED042ABD
:1029600021EE033A20EE020A30EE030A22EE022A9A
:1029700021EE011A31EE021AB6EE002A8DED002A80
:1029800071EE420A11F06AF900F0B8F88DED050A0F
:102990009DED010A9DED021A9DED032A9DED043A7D
:1029A00021EE031A20EE020A30EE410A30EE000A50
:1029B000FFF7EEFB00F0A2F89DED002A8DED060A70
:1029C0009DED011A9DED023A9DED030A9DED044A2D
:1029D00021EE044A23EE000A30EE040A23EE033A05
:1029E00021EE011A31EE031A71EE420A11F036F9A6
:1029F00000F084F88DED070A9DED050ADDED060A6D
:102A00009DED071A08B080BD8BB0CDED061A8DED97
:102A1000051ACDED040A8DED030A8DED023ACDEDD8
:102A2000012A8DED002A9DED043A9DED050A9DEDEC
:102A3000061A9DED004A9DED015A9DED022A20EEF9
:102A4000450A23EE043A30EE430A21EE021A30EE34
:102A5000410A8DED070A9DED004A9DED012A9DED8D
:102A6000025A9DED030A9DED053A9DED061A23EEEF
:102A7000053A20EE040A30EE030A21EE021A30EE87
:102A8000410A8DED080A9DED002A9DED014A9DED5C
:102A9000025A9DED031A9DED043A9DED060A23EEC0
:102AA000053A21EE041A31EE431A20EE020A30EE06
:102AB000010A8DED090A9DED002A9DED015A9DED5B
:102AC000024A9DED030A9DED043A9DED051A23EEA1
:102AD000053A20EE040A30EE030A21EE021A30EE27
:102AE000410A8DED0A0A9DED070ADDED080A9DED0C
:102AF000091ADDED0A1A0BB07047000081B08DEDA8
:102B0000000A9DED000A9FED031A20EE010A01B0B4
:102B1000704700BFE02E654289B08DED051ACDEDFE
:102B2000040A8DED030ACDED022A8DED012ACDEDCB
:102B3000001A9DED030A9DED001A30EE010A8DED9D
:102B4000060A9DED040A9DED011A30EE010A8DED95
:102B5000070A9DED050A9DED021A30EE010A8DED82
:102B6000080A9DED060ADDED070A9DED081A09B079
:102B70007047000089B08DED051ACDED040A8DED8A
:102B8000030ACDED022A8DED012ACDED001A9DED4F
:102B9000030A9DED001A30EE010A8DED060A9DED47
:102BA000040A9DED011A30EE010A8DED070A9DED34
:102BB000050A9DED021A30EE010A8DED080A9DED21
:102BC000060ADDED070A9DED081A09B070470000FE
:102BD00089B08DED051ACDED040A8DED030ACDED1A
:102BE000022A8DED012ACDED001A9DED013A9DEDF1
:102BF000022A9DED040A9DED051A21EE031A20EE2E
:102C0000020A30EE410A8DED060A9DED031A9DED94
:102C1000050A9DED002A9DED023A21EE031A20EEF1
:102C2000020A30EE410A8DED070A9DED003A9DED56
:102C3000012A9DED030A9DED041A21EE031A20EEF0
:102C4000020A30EE410A8DED080A9DED060ADDED1F
:102C5000070A9DED081A09B07047000080B58AB0D8
:102C60008DED091ACDED080A8DED070ACDED062A86
:102C70008DED052ACDED041A9DED070ADDED080A5C
:102C80009DED091ADDED041A9DED052ADDED062AFC
:102C900000F03EF88DED031ACDED020A8DED010A2C
:102CA0009DED010ADDED020A9DED031A00F08AF99F
:102CB0000AB080BD89B08DED051ACDED040A8DED09
:102CC000030ACDED022A8DED012ACDED001A9DED0E
:102CD000030A9DED001A20EE010A8DED060A9DED16
:102CE000040A9DED011A20EE010A8DED070A9DED03
:102CF000050A9DED021A20EE010A8DED080A9DEDF0
:102D0000060ADDED070A9DED081A09B070470000BC
:102D100089B08DED051ACDED040A8DED030ACDEDD8
:102D2000022A8DED012ACDED001A9DED030A9DEDDD
:102D3000001A20EE010A8DED060A9DED040A9DEDB4
:102D4000011A20EE010A8DED070A9DED050A9DEDA1
:102D5000021A20EE010A8DED080A9DED060ADDED4E
:102D6000070A9DED081A09B07047000084B08DED88
:102D7000031ACDED020A8DED010A9DED010A002036
:102D8000B5EE400AF1EE10FA009015D1FFE79DED87
:102D9000020A0020B5EE400AF1EE10FA00900BD1C5
:102DA000FFE79DED030A0020B5EE400AF1EE10FAB0
:102DB00008BF01200090FFE7009800F0010004B078
:102DC0007047000080B586B08DED051ACDED040A80
:102DD0008DED030ADDED031A9DED042ADDED052AD4
:102DE000B0EE610AF0EE420AB0EE621AFFF790FF11
:102DF0008DED021ACDED010A8DED000A9DED000A60
:102E0000DDED010A9DED021A00F0DCF806B080BD90
:102E100080B586B08DED021ACDED010A8DED000A68
:102E20009DED000ADDED010A9DED021AFFF7CAFFD4
:102E3000FFF7B2FAF0EE401A9DED000ADDED010A4F
:102E40009DED021A00F00EF88DED051ACDED040A85
:102E50008DED030A9DED030ADDED040A9DED051AD3
:102E600006B080BD87B08DED031ACDED020A8DED61
:102E7000010ACDED001A9DED010A9DED001A20EE2C
:102E8000010A8DED040A9DED020A9DED001A20EE67
:102E9000010A8DED050A9DED030A9DED001A20EE55
:102EA000010A8DED060A9DED040ADDED050A9DED92
:102EB000061A07B07047000087B08DED031ACDEDFC
:102EC000020A8DED010ACDED001A9DED010A9DED7E
:102ED000001A20EE010A8DED040A9DED020A9DED17
:102EE000001A20EE010A8DED050A9DED030A9DED05
:102EF000001A20EE010A8DED060A9DED040ADDEDB3
:102F0000050A9DED061A07B07047000089B08DEDE7
:102F1000051ACDED040A8DED030ACDED022A8DEDE3
:102F2000012ACDED001A9DED030A9DED001A30EE49
:102F3000410A8DED060A9DED040A9DED011A30EE61
:102F4000410A8DED070A9DED050A9DED021A30EE4E
:102F5000410A8DED080A9DED060ADDED070A9DED9B
:102F6000081A09B07047000089B08DED051ACDED43
:102F7000040A8DED030ACDED022A8DED012ACDED77
:102F8000001A9DED030A9DED001A30EE410A8DED09
:102F9000060A9DED040A9DED011A30EE410A8DED01
:102FA000070A9DED050A9DED021A30EE410A8DEDEE
:102FB000080A9DED060ADDED070A9DED081A09B025
:102FC0007047000083B08DED021ACDED010A8DED42
:102FD000000A9DED000A9DED012A9DED021A30EEDA
:102FE000020A30EE010A03B070470000704700008B
:102FF00080B584B0029000208DF8070040F2800078
:10300000C2F20000D0F810C027210DF10702012301
:10301000E0470090009818B1FFE70098039008E09F
:103020009DF8070000F0010002990870002003904D
:10303000FFE7039804B080BD80B584B040F2800003
:10304000C2F2000002900298D0F810C00DF1030205
:1030500001231946E0470190019818B1FFE7019854
:10306000039069E0012002F05FF900F079F8019027
:10307000019818B1FFE7019803905DE0322000F05D
:10308000ADF80190019818B1FFE70198039053E063
:103090000298D0F810C027210DF103020123E04768
:1030A0000190019818B1FFE70198039044E0DC20FB
:1030B0008DF803000298D0F80CC037210DF10302FF
:1030C0000123E0470190019818B1FFE701980390B0
:1030D00032E0052002F028F940208DF80300029824
:1030E000D0F80CC036210DF103020123E047019016
:1030F000019818B1FFE7019803901DE001238DF8B6
:1031000003300298D0F80CC015210DF10302E047FE
:103110000190019818B1FFE7019803900CE0DD20C1
:103120008DF803000298D0F80CC037210DF103028E
:103130000123E0470390FFE7039804B080BD00003F
:1031400080B582B0019040F28000C2F20000D0F859
:1031500010C0019A1D210623E04702B080BD000087
:1031600080B584B040F28000C2F20000D0F810C0F8
:103170000DF1070201231946E0470290029818B1A9
:10318000FFE70298039026E09DF80700502804D03E
:10319000FFE74FF0FF3003901DE040F28000C2F2E5
:1031A0000000D0F810C002210DF106020123E04713
:1031B0000290029818B1FFE7029803900BE09DF887
:1031C0000600322804D0FFE74FF0FF30039002E002
:1031D00000200390FFE7039804B080BD80B586B05F
:1031E000049000208DF80F000190FFE701980499EA
:1031F00088422DD2FFE740F28000C2F20000D0F8F2
:1032000010C028210DF10F020123E047029002981F
:1032100018B1FFE7029805901EE09DF80F004007E7
:10322000002804D5FFE74FF0FF30059014E09DF82B
:103230000F008007002803D5FFE7002005900BE072
:10324000012002F071F8FFE7019801300190CDE70D
:103250006FF002000590FFE7059806B080BD000002
:1032600080B582B08DF8070040F22C10C2F2000049
:10327000026A9DF80710904702B080BD80B582B009
:103280008DF8070040F26810C2F20000026A9DF853
:103290000710904702B080BD80B582B08DF807005E
:1032A00040F2A410C2F20000026A9DF80710904795
:1032B00002B080BD80B582B040F2E010C2F20000E2
:1032C000426A6946904720B1FFE74FF0FF30019016
:1032D0000BE040F2E010C2F20000026A0099B1FA7D
:1032E00081F1490990470190FFE7019802B080BD44
:1032F00080B582B08DF8070040F2E010C2F2000005
:10330000026A9DF80710904702B080BD80B584B076
:10331000039000208DF807000398D0F80CC00A2114
:103320000DF107020123E04704B080BD80B584B0F1
:103330000290FF208DF803000298D0F810C04621BB
:103340000DF103020123E0470190019818B1FFE756
:10335000019803900AE09DF8030020B1FFE74FF0C9
:10336000FF30039002E000200390FFE7039804B0D1
:1033700080BD000080B584B00390A2208DF80700C6
:103380000398D0F80CC00A210DF107020123E04791
:1033900004B080BD80B584B002900298D0F810C00F
:1033A00008210DF103020123E0470190019818B1B3
:1033B000FFE7019803901AE09DF8030000F0FC007D
:1033C0008DF803000298D0F80CC008210DF103021B
:1033D0000123E0470190019818B1FFE7019803909D
:1033E00005E0022001F0A0FF00200390FFE7039812
:1033F00004B080BD80B584B002900298D0F810C0AF
:1034000008210DF103020123E0470190019818B152
:10341000FFE7019803901AE09DF8030040F00300D5
:103420008DF803000298D0F80CC008210DF10302BA
:103430000123E0470190019818B1FFE7019803903C
:1034400005E0022001F070FF00200390FFE70398E1
:1034500004B080BD80B584B002900298D0F810C04E
:1034600002210DF103020123E0470190019818B1F8
:10347000FFE70198039017E09DF8030040F040003B
:103480008DF803000298D0F80CC002210DF1030260
:103490000123E0470190019818B1FFE701980390DC
:1034A00002E000200390FFE7039804B080BD000015
:1034B00080B586B004900391ADF80A200498D0F846
:1034C00010C0039ABDF80A303521E04701900198F9
:1034D00018B1FFE70198059002E000200590FFE792
:1034E000059806B080BD000080B584B002900298B7
:1034F000D0F810C000210DF103020123E047019034
:10350000019818B1FFE70198039021E09DF80300AE
:10351000052803D0FFE70120039019E00298D0F8B6
:1035200010C00DF1020201231946E04701900198F5
:1035300018B1FFE7019803900AE09DF802007C288B
:1035400003D0FFE70120039002E000200390FFE793
:10355000039804B080BD000080B586B00490B02010
:103560008DF80B000498D0F80CC060210DF10B020F
:103570000123E04703900A2001F0D6FE00200190CD
:10358000FFE70198B0F5FA7F20DAFFE7012000900D
:1035900001F0CAFE009B0498D0F810C04D210DF137
:1035A0000B02E0470390039818B1FFE703980590DA
:1035B00010E09DF80B00802803D1FFE70020059064
:1035C00008E0FFE7019801300190DAE76FF00200B0
:1035D0000590FFE7059806B080BD000080B586B075
:1035E00004908DF80F109DF80F008DF805000498D9
:1035F000D0F810C003210DF107020123E04702902B
:10360000029818B1FFE70298059039E00498D0F8C5
:1036100010C004210DF106020123E0470290029838
:1036200018B1FFE7029805902AE09DF8070000F026
:10363000F0009DF8051008438DF807009DF806007E
:1036400000F0F0009DF8051008438DF8060004987E
:10365000D0F80CC003210DF107020123E0470290CE
:10366000029818B1FFE70298059009E00498D0F895
:103670000CC004210DF106020123E0470590FFE78D
:10368000059806B080BD000080B586B004908DF826
:103690000F109DF80F008DF806000498D0F810C0A8
:1036A00003210DF107020123E0470290029818B1AF
:1036B000FFE70298059012E09DF8070000F08F00E8
:1036C0009DF8061008438DF807000498D0F80CC048
:1036D00003210DF107020123E0470590FFE705985C
:1036E00006B080BD80B586B004908DF80F109DF8AF
:1036F0000F008DF806000498D0F810C004210DF1D9
:1037000007020123E0470290029818B1FFE70298F0
:10371000059012E09DF8070000F08F009DF806105C
:1037200008438DF807000498D0F80CC004210DF16F
:1037300007020123E0470590FFE7059806B080BD2A
:1037400080B50CF067FE80BD80B582B00190019815
:103750000CF092FE02B080BD80B586B0FF208DF8DF
:103760000F004CF20F00ADF80C0000238DF80A306A
:1037700040F2D400C2F20000D0F814C069460B60D9
:103780000DF10F010122E04720B1FFE76FF00A00C1
:1037900005904AE0012001F0C7FDFFE740F2D400A8
:1037A000C2F20000D0F818C06A460121116003A9D6
:1037B00002220DF10B03E04704900498B0F1FF3FA3
:1037C00003DCFFE7049805902FE0012001F0ACFD39
:1037D0009DF80A0001308DF80A00C0B2642804DBAD
:1037E000FFE76FF0020005901FE0FFE79DF80B0078
:1037F000C0070028D2D1FFE700F01AF8049004981F
:10380000B0F1FF3F03DCFFE7049805900DE000F006
:1038100041F804900498B0F1FF3F03DCFFE70498FF
:10382000059002E000200590FFE7059806B080BDF6
:1038300080B584B09F20ADF80A000020ADF80800E4
:1038400040F2D400C2F20000D0F818C0694602224B
:103850000A600DF10A0102ABE04701900198B0F156
:10386000FF3F03DCFFE70198039010E09DF808009C
:103870005E2805D1FFE79DF80900C12804D0FFE7C5
:103880004FF0FF30039002E000200390FFE7039821
:1038900004B080BD80B584B04AF21F00ADF80A00C4
:1038A00000208DF8090040F2D400C2F20000D0F8E8
:1038B00014C06A46012111600DF10A0102220DF1C6
:1038C0000903E0470190019818B1FFE701980390C0
:1038D00025E00F208DF80A00FF208DF8090040F246
:1038E000D400C2F20000D0F818C06A46012111606D
:1038F0000DF10A0102220DF10903E0470190019840
:1039000018B1FFE70198039009E09DF8090000F065
:103910003800002818BF4FF0FF300390FFE70398EE
:1039200004B080BD80B586B005900491039200205C
:103930000290FFE7029802284CDCFFE70598029A04
:1039400000EB820090ED000A40F2D420C2F20000A9
:1039500000EB820040F20801C2F20001009101EB8D
:1039600082010EF091FC0498029A00EB820090ED27
:10397000000A40F2E020C2F2000000EB820040F2B8
:103980001401C2F20001019101EB82010EF07CFCF6
:10399000009A0198059B029903EB810393ED000ABD
:1039A00002EB8102D2ED000A049A02EB810292ED51
:1039B000001A00EB8100D0ED001A0CF065FC0398B2
:1039C000029900EB810080ED000AFFE702980130C8
:1039D0000290AFE706B080BD80B5102002F0B0FCC9
:1039E00080BD000072B6FFE7FEE7000080B540F240
:1039F0007070C2F2000002F069F880BD80B540F23C
:103A00007070C2F2000002F061F880BD83B00290D5
:103A10004AF60040C4F200000090029800684AF69E
:103A20000001C4F20001884205D1FFE7009800F5CB
:103A300054700090FFE700980299086402980068AB
:103A4000D0F8800020F4F810029A1168526B40EA16
:103A50000240C1F8800000987030029948640298D2
:103A60000068D0F8800020F07060029A1168926BB4
:103A700040EA0260C1F880000098B0300299886482
:103A8000009800F5C4700299C864009800F5187099
:103A900002990865009800F51E7002994865009823
:103AA0000190FFE70198009901F55471884208D20E
:103AB000FFE7019900200860FFE7019804300190BA
:103AC000F0E703B07047000088B0079006910592B8
:103AD00004930698406848B9FFE706980168826831
:103AE0000069104340EA8140039009E006980168AC
:103AF000826800691043084340F080400390FFE76C
:103B00000698D0F820C0C16842698369C06940EA5C
:103B10000C601843104340EA014002900798406D42
:103B2000049901EBC10100EBC100019003980199D8
:103B3000086001980430019002980199086001988A
:103B40000430019000200090FFE700980699CA68B1
:103B500044F61041C0F60101895C88420DD2FFE7AE
:103B60000598009940580199086001980430019027
:103B7000FFE7009804300090E7E708B070470000C6
:103B800080B58CB08DED081ACDED070A8DED060AD3
:103B9000CDED052A8DED042ACDED031A9DED060A23
:103BA000DDED070A9DED081ADDED031A9DED042AEF
:103BB000DDED052AFFF752F8B5EE400AF1EE10FAF6
:103BC00023DAFFE79DED060ADDED070A9DED081AF1
:103BD000DDED031A9DED042ADDED052AFEF7F8FF61
:103BE0008DED021ACDED010A8DED000A9DED000A62
:103BF000DDED010A9DED021AFFF70AF98DED0B1AB2
:103C0000CDED0A0A8DED090A14E09DED060ADDED01
:103C1000070A9DED081ADDED031A9DED042ADDED7E
:103C2000052AFEF7D5FF8DED0B1ACDED0A0A8DEDB5
:103C3000090AFFE79DED090ADDED0A0A9DED0B1A61
:103C40000CB080BD80B540F2D460C2F2000001F03B
:103C500021F880BD40F29050C2F200000068704729
:103C600080B5C0B020901F9100208DF87B001B9084
:103C70001F98C0680021C4F27F01884201D0FFE78D
:103C800000E0FFE7FFE7209890F85400012804D1F6
:103C9000FFE702208DF88700FDE32099012081F8DD
:103CA0005400FFE7FFE7209800680BF0DFFD0028D5
:103CB00040F0DD83FFE71F980068012810D0FFE780
:103CC0001F9800680221C0F2304188420DD1FFE701
:103CD0001F98C0680021C4F27F01884205D1FFE728
:103CE000209800680BF062FDFFE7209800681F999C
:103CF0000A6849680BF0C2FD209800680BF0B6FD19
:103D00001A90209800680BF091FD19901A980028DD
:103D100040F0B881FFE71998002840F0B381FFE731
:103D20001F988068B0F1004F0ED1FFE7209800681F
:103D30001F99096800220BF0BFFD209800684FF022
:103D400000410BF065FE0CE0209800681F9A116896
:103D500092680BF0B1FD2098006800210BF058FE2E
:103D6000FFE71F98406920990968C96801F01801A8
:103D7000890888401D901F98006904281CD0FFE71F
:103D8000209800681F990A6809691D9B0BF0E6FDE1
:103D9000209800681F9A116992690BF011FE209813
:103DA00000681F9A1169127F013AB2FA82F2520931
:103DB00052060BF0F1FD64E12098006800210BF041
:103DC00025FD000348B9FFE72098006800210BF0AB
:103DD0001DFDC0F38460189018E020980068002151
:103DE0000BF014FD90FAA0F03E903E9820B9FFE74A
:103DF00020208DF8FF0005E03E98B0FA80F08DF8A5
:103E0000FF00FFE79DF8FF001890FFE71898179054
:103E10001F980068000330B9FFE71F980068C0F3DF
:103E20008460169015E01F98006890FAA0F03C900E
:103E30003C9820B9FFE720208DF8F70005E03C987A
:103E4000B0FA80F08DF8F700FFE79DF8F7001690C4
:103E5000FFE717981699884207D1FFE72098006876
:103E6000002211460BF0C0FDFFE7209800680121F9
:103E70000BF0CCFC000348B9FFE720980068012153
:103E80000BF0C4FCC0F38460159018E02098006823
:103E900001210BF0BBFC90FAA0F03A903A9820B9BF
:103EA000FFE720208DF8EF0005E03A98B0FA80F0A7
:103EB0008DF8EF00FFE79DF8EF001590FFE71598EC
:103EC00014901F980068000330B9FFE71F9800683E
:103ED000C0F38460139015E01F98006890FAA0F07A
:103EE0003890389820B9FFE720208DF8E70005E0EA
:103EF0003898B0FA80F08DF8E700FFE79DF8E7000A
:103F00001390FFE714981399884207D1FFE7209890
:103F10000068012100220BF067FDFFE72098006890
:103F200002210BF073FC000348B9FFE720980068FA
:103F300002210BF06BFCC0F38460129018E0209813
:103F4000006802210BF062FC90FAA0F036903698DF
:103F500020B9FFE720208DF8DF0005E03698B0FAA1
:103F600080F08DF8DF00FFE79DF8DF001290FFE79B
:103F7000129811901F980068000330B9FFE71F984E
:103F80000068C0F38460109015E01F98006890FAF4
:103F9000A0F03490349820B9FFE720208DF8D700A6
:103FA00005E03498B0FA80F08DF8D700FFE79DF86F
:103FB000D7001090FFE711981099884207D1FFE7CA
:103FC00020980068022100220BF00EFDFFE72098E8
:103FD000006803210BF01AFC000348B9FFE72098A2
:103FE000006803210BF012FCC0F384600F9018E00E
:103FF0002098006803210BF009FC90FAA0F03290A1
:10400000329820B9FFE720208DF8CF0005E03298E4
:10401000B0FA80F08DF8CF00FFE79DF8CF000F9049
:10402000FFE70F980E901F980068000330B9FFE774
:104030001F980068C0F384600D9015E01F98006819
:1040400090FAA0F03090309820B9FFE720208DF84A
:10405000C70005E03098B0FA80F08DF8C700FFE7A0
:104060009DF8C7000D90FFE70E980D99884207D183
:10407000FFE720980068032100220BF0B5FCFFE762
:10408000FFE7FFE7209800680BF0E0FB002840F016
:104090004481FFE7209800681F9A1168D2680BF0EE
:1040A00027FC1F98C0680021C4F27F01884240F0BD
:1040B0003381FFE7209800680C901F980068000388
:1040C00030B9FFE71F980068C0F384600B9015E0DB
:1040D0001F98006890FAA0F02E902E9820B9FFE764
:1040E00020208DF8BF0005E02E98B0FA80F08DF802
:1040F000BF00FFE79DF8BF000B90FFE70B98013072
:1041000000F01F0009287DD8FFE71F980068000312
:1041100030B9FFE71F980068C0F384600A9015E08B
:104120001F98006890FAA0F02C902C9820B9FFE717
:1041300020208DF8B70005E02C98B0FA80F08DF8BB
:10414000B700FFE79DF8B7000A90FFE70A98013033
:1041500000F01F00800609901F980068000330B926
:10416000FFE71F980068C0F38460089015E01F986F
:10417000006890FAA0F02A902A9820B9FFE7202042
:104180008DF8AF0005E02A98B0FA80F08DF8AF0006
:10419000FFE79DF8AF000890FFE709980899013103
:1041A00001F01F0201219140084307901F98006809
:1041B000000330B9FFE71F980068C0F384600690E1
:1041C00015E01F98006890FAA0F02890289820B970
:1041D000FFE720208DF8A70005E02898B0FA80F0CE
:1041E0008DF8A700FFE79DF8A7000690FFE7079866
:1041F0000699013101F01F0101EB410140EA015034
:10420000059082E01F980068000330B9FFE71F980F
:104210000068C0F38460049015E01F98006890FA6D
:10422000A0F02690269820B9FFE720208DF89F0067
:1042300005E02698B0FA80F08DF89F00FFE79DF822
:104240009F000490FFE70498013000F01F008006F3
:1042500003901F980068000330B9FFE71F980068BB
:10426000C0F38460029015E01F98006890FAA0F0F7
:104270002490249820B9FFE720208DF8970005E0CE
:104280002498B0FA80F08DF89700FFE79DF897002A
:104290000290FFE703980299013101F01F0201210A
:1042A0009140084301901F980068000330B9FFE770
:1042B0001F980068C0F38460009015E01F980068A4
:1042C00090FAA0F02290229820B9FFE720208DF8E4
:1042D0008F0005E02298B0FA80F08DF88F00FFE79C
:1042E0009DF88F000090FFE701990098013000F0E1
:1042F0001F0000EB40020020CFF6206000EB0250D0
:10430000084340F000700590FFE70C9805991F9A4C
:1043100092680BF0D1FAFFE7FFE71F98408848F258
:104320000801084200F0A280FFE748F20030C4F222
:1043300002200BF063FA1C901F9800680021CCF259
:104340002131884233D1FFE79DF872000006002832
:104350002DD4FFE72098006848F20001C4F2022142
:10436000884223D1FFE71C9840F4000148F2003056
:10437000C4F202200BF0E4FA40F22000C2F2000086
:104380000068800942F66351C0F23E51A0FB011063
:104390008109022000EB41001B90FFE71B9820B130
:1043A000FFE71B9801381B90F8E7FFE75DE01F98D7
:1043B00000680021C4F22931884219D1FFE79DF835
:1043C0007300C007A0B9FFE72098006848F2001109
:1043D000C4F2022188420AD1FFE71C9840F08071A4
:1043E00048F20030C4F202200BF0AAFAFFE73BE0EB
:1043F0001F9800680021CCF2527188421AD1FFE761
:104400009DF872004006002814D4FFE72098006849
:1044100048F20001C4F2022188420AD1FFE71C9849
:1044200040F4800148F20030C4F202200BF088FA18
:10443000FFE718E01F9800680021C4F25A71884213
:104440000FD1FFE72098006848F20001C4F2022172
:10445000884205D0FFE7209800680BF0B3F9FFE72A
:1044600000E0FFE7FFE7FFE7FFE7FFE708E020994D
:10447000886D40F02000886501208DF87B00FFE703
:10448000FFE72099002081F85400FFE79DF87B00AA
:104490008DF88700FFE79DF8870040B080BD0000E1
:1044A00080B588B0069000208DF81700019006981E
:1044B00020B9FFE701208DF81F004FE10698006941
:1044C00040B1FFE7069890F82000012801D1FFE7EE
:1044D000FFE7FFE70698806D50B9FFE7069800F008
:1044E00041F906990020C865069981F85400FFE754
:1044F000069800680BF0A2F928B1FFE7069800685B
:104500000BF048F9FFE7069800680BF0A7F9F0B93F
:10451000FFE7069800680BF061F940F22000C2F254
:1045200000000068800942F66351C0F23E51A0FBD2
:1045300001108109022000EB41000190FFE7019882
:1045400020B1FFE7019801380190F8E7FFE70698EE
:1045500000680BF083F970B9FFE70699886D40F0A9
:10456000100088650699C86D40F00100C8650120FB
:104570008DF81700FFE7069800680BF077F90390B5
:104580000698806DC006002800F1DA80FFE70398E6
:10459000002840F0D580FFE70698806D40F00200CB
:1045A00020F4807006998865069800680BF04EF933
:1045B000E0B9FFE748F20000C4F202200BF046F930
:1045C000009048F20010C4F202200BF03FF90146BF
:1045D0000098084348B9FFE70698416848F2003060
:1045E000C4F202200BF09EF9FFE7FFE706994A7E2E
:1045F000886B40EA42308A68CB681843104391F8D0
:10460000201040EA01400490069890F8200001280C
:104610000BD1FFE70698416A0020CFF6FE7000EB51
:104620004141049808430490FFE70698806A50B11E
:10463000FFE70699886AC96A00F478700143049814
:1046400008430490FFE706980068C06844F2070139
:10465000CFF6F07108400499084306990968C860CC
:1046600006980068006920F04060069A1168126B95
:1046700010430861069800680BF0D8F80290039880
:10468000E8BBFFE70298D0BBFFE70699087E91F8E8
:104690003410800340EA4100049006980068C06826
:1046A00044F2020188430499084306990968C860E6
:1046B000069890F83C00012819D1FFE70698006899
:1046C000006940F2FD7120EA0102069B1968186C2E
:1046D000D3F844E0D3F848C040EA0E0040EA0C00AA
:1046E000DB6C1843104340F00100086106E00698B7
:1046F0000168086920F001000861FFE7FFE70698FC
:10470000006901280CD1FFE706980068006B20F0D3
:104710000F00069A1168D269013A1043086306E057
:1047200006980168086B20F00F000863FFE7069801
:10473000806D40F0010020F002000699886508E0D5
:104740000699886D40F01000886501208DF81700EB
:10475000FFE79DF817008DF81F00FFE79DF81F0089
:1047600008B080BD80B5CCB04B9000204A904990F5
:1047700048904790469004A84FF48471FBF7CEFD13
:104780004B98006848F20001C4F20221884245D1EA
:10479000FFE7002005904FF400110491399004A820
:1047A00005F072FA18B1FFE7FFF71CF9FFE740F2D6
:1047B000F820C2F2000001680131016000680128A0
:1047C00010D1FFE7FFE740F68C40C4F202400168D9
:1047D00041F480610160006800F4806003900398F8
:1047E000FFE7FFE7FFE740F68C40C4F202400168B4
:1047F00041F001010160006800F0010002900298A0
:10480000FFE70220469003204790002048900020B8
:10481000C4F2022046A901F0CBFD4EE04B9800689F
:1048200048F20011C4F20221884245D1FFE700207E
:1048300005904FF400110491399004A805F024FA72
:1048400018B1FFE7FFF7CEF8FFE740F2F820C2F219
:1048500000000168013101600068012810D1FFE704
:10486000FFE740F68C40C4F20240016841F48061E9
:104870000160006800F4806001900198FFE7FFE7A5
:10488000FFE740F68C40C4F20240016841F00101AC
:104890000160006800F0010000900098FFE7082028
:1048A000469003204790002048900020C4F2022048
:1048B00046A901F07DFDFFE7FFE74CB080BD000099
:1048C00087B006900591049200208DF80F001F20FC
:1048D00002909DF81400C00720B9FFE701208DF871
:1048E0000F004BE0FFE70299481E02900020019064
:1048F00051B1FFE70598029901F01F0120FA01F17B
:10490000012088430190FFE70198C00708B1FFE745
:10491000E9E70498009018282BD80099DFE801F007
:1049200028292929292929291F2929292929292902
:1049300016292929292929290D000298072804D395
:10494000FFE701208DF80F00FFE716E00298082826
:1049500004D3FFE701208DF80F00FFE70DE0029878
:10496000102804D3FFE701208DF80F00FFE704E0D3
:1049700003E001208DF80F00FFE7FFE79DF80F002F
:1049800078B9FFE7059806990968486106980068B4
:10499000806820F018000499084306990968886027
:1049A000FFE79DF80F0007B07047000080B582B0A8
:1049B0000090009820B9FFE701208DF8070057E02C
:1049C0000098407F38B9FFE70099002008770098E9
:1049D00000F052F8FFE7009902204877009800792C
:1049E00080B9FFE70098016841F6B750C0F2C140B6
:1049F000486100980068806820F0180000990968F4
:104A000088600BE000988168C268FFF759FF20B109
:104A1000FFE701208DF807002AE0FFE700984079C2
:104A200030B9FFE7009801684FF0FF30086104E0FB
:104A30000098016800690861FFE7009800688068D5
:104A400020F06000009A1168526910438860009855
:104A50000068806820F08000009A11689269104315
:104A6000886000990120487700208DF80700FFE753
:104A70009DF8070002B080BD82B0019001980068E7
:104A800043F20001C4F20201884210D1FFE7FFE7C0
:104A900040F68840C4F20240016841F48051016050
:104AA000006800F4805000900098FFE7FFE702B034
:104AB0007047000080B584B0029001F01DFE0190A7
:104AC000029820B9FFE701208DF80F0079E00298E5
:104AD00090F8540002280DD0FFE702992020886545
:104AE000FFE70299002081F84C00FFE701208DF8D4
:104AF0000F0066E002980168486940F004004861D0
:104B00000299052081F85400FFE7029800680069C7
:104B10008004002827D4FFE701F0EEFD0199401A38
:104B200006281FD3FFE70299886D40F010008865C2
:104B30000299032081F85400029890F85000000672
:104B4000002805D5FFE70298416F01200873FFE7B1
:104B5000FFE70299002081F84C00FFE701208DF863
:104B60000F002EE0D1E702980168486940F002008A
:104B700048610299042081F85400029801684FF4BA
:104B8000FE40C8600299012081F85400029890F814
:104B900050000006002809D5FFE70298416F012068
:104BA00008730298016800208864FFE7FFE7029914
:104BB000002081F84C00FFE7FFE700208DF80F0090
:104BC000FFE79DF80F0004B080BD000082B00090A8
:104BD000009820B9FFE701208DF807001CE000983D
:104BE00090F85400022807D0FFE70099202088653C
:104BF00001208DF807000FE00099042081F854008F
:104C000000980168486942F2040210434861FFE7D6
:104C100000208DF80700FFE79DF8070002B07047FD
:104C200085B003900291039820B9FFE701208DF829
:104C300013002AE00398006840F6FF718843019052
:104C4000039800685038C0F3C411012088400090D8
:104C50009DF80800C006002813D5FFE7029800F071
:104C60001100112806D1FFE7009A01994868104306
:104C7000486005E0009A0199486890434860FFE762
:104C8000FFE700208DF81300FFE79DF8130005B043
:104C90007047000080B584B003900398006840F628
:104CA000FF7188430290039800685038C0F3C41124
:104CB0000120884001900298C06801990840009046
:104CC000009808B9FFE74DE10398006800694005C6
:104CD000002813D5FFE703980068406940050028C5
:104CE0000BD5FFE7039801684FF48060C860039913
:104CF000886D40F001008865FFE7FFE703980068D2
:104D000000690005002813D5FFE703980068406993
:104D1000000500280BD5FFE7039801684FF40060F9
:104D2000C8600399886D40F002008865FFE7FFE7DF
:104D3000039800680069C004002813D5FFE70398B2
:104D400000684069C00400280BD5FFE7039801689C
:104D50004FF48050C8600399886D40F00400886566
:104D6000FFE7FFE70398006800694004002813D5B7
:104D7000FFE7039800684069400400280BD5FFE76F
:104D8000039801684FF48040C8600399886D40F033
:104D900008008865FFE7FFE7039800680069800561
:104DA000002816D5FFE703980068406980050028B1
:104DB0000ED5FFE7039801684FF40070C8600398B0
:104DC000406E20B1FFE70398416E8847FFE7FFE799
:104DD000FFE70398006800698004002850D5FFE7CA
:104DE0000398006840698004002848D5FFE70398CD
:104DF00001684FF40050C860039890F854000428EC
:104E00002FD1FFE703980168486920F400504861FA
:104E100003980168486940F0020048610399012045
:104E200081F85400039890F850000006002809D536
:104E3000FFE70398416F0120087303980168002081
:104E40008864FFE7FFE70399002081F84C00FFE743
:104E50000398C06E20B1FFE70398C16E8847FFE753
:104E600080E00399052081F854000398006F20B179
:104E7000FFE70398016F8847FFE7FFE7FFE7FFE7DA
:104E8000039800680069C005002842D5FFE7039831
:104E900000684069C00500283AD5FFE7039890F8FC
:104EA00050000006002814D5FFE703980068C06F83
:104EB00070B9FFE703980068806C40B9FFE7039979
:104EC000012081F854000399496F0873FFE7FFE759
:104ED0000AE003980068806C28B9FFE70399012075
:104EE00081F85400FFE7FFE7039801684FF4407032
:104EF000C860FFE70399002081F84C00FFE70398A2
:104F0000006E20B1FFE70398016E8847FFE7FFE7D7
:104F1000FFE70398806D28B3FFE7039801684869AD
:104F200040F0020048610399012081F85400039881
:104F300090F850000006002805D5FFE70398416F60
:104F400001200873FFE7FFE70399002081F84C0078
:104F5000FFE70398806E20B1FFE70398816E8847D2
:104F6000FFE7FFE704B080BD80B584B0029001F098
:104F7000C3FB0190029820B9FFE701208DF80F00D4
:104F8000CEE10298C068B0F5007F01D0FFE7FFE7EF
:104F90000298406BB0F5805F01D1FFE7FFE7029810
:104FA000016801205022C4F202029142009000F0F8
:104FB0006781FFE70298016801205022C5F20202D2
:104FC0009142009000F05C81FFE7029801680120A7
:104FD000D022C4F202029142009000F05181FFE71A
:104FE000029801680120D022C5F20202914200908D
:104FF00000F04681FFE702980168012040F250125C
:10500000C4F202029142009000F03A81FFE7029858
:105010000168012040F25012C5F202029142009054
:1050200000F02E81FFE702980168012040F2D012C3
:10503000C4F202029142009000F02281FFE7029840
:105040000168012040F2D012C5F2020291420090A4
:1050500000F01681FFE702980168012040F250221B
:10506000C4F202029142009000F00A81FFE7029828
:105070000168012040F25022C5F2020291420090E4
:1050800000F0FE80FFE702980168012040F2D02284
:10509000C4F202029142009000F0F280FFE7029811
:1050A0000168012040F2D022C5F202029142009034
:1050B00000F0E680FFE702980168012040F25032DC
:1050C000C4F202029142009000F0DA80FFE70298F9
:1050D0000168012040F25032C5F202029142009074
:1050E00000F0CE80FFE702980168012040F2D03244
:1050F000C4F202029142009000F0C280FFE70298E1
:105100000168012040F2D032C5F2020291420090C3
:1051100000F0B680FFE702980168012041F25002DA
:10512000C4F202029142009000F0AA80FFE70298C8
:105130000168012041F25002C5F202029142009042
:1051400000F09E80FFE702980168012041F2D00242
:10515000C4F202029142009000F09280FFE70298B0
:105160000168012041F2D002C5F202029142009092
:1051700000F08680FFE702980168012041F250129A
:10518000C4F20202914200907AD0FFE702980168CF
:10519000012041F25012C5F20202914200906FD0FC
:1051A000FFE702980168012041F2D012C4F2020226
:1051B0009142009064D0FFE702980168012041F21B
:1051C000D012C5F202029142009059D0FFE7029836
:1051D0000168012041F25022C4F202029142009083
:1051E0004ED0FFE702980168012041F25022C5F23B
:1051F00002029142009043D0FFE70298016801202B
:1052000041F2D022C4F202029142009038D0FFE76E
:1052100002980168012041F2D022C5F202029142B7
:1052200000902DD0FFE702980168012041F2503232
:10523000C4F202029142009022D0FFE70298016876
:10524000012041F25032C5F202029142009017D083
:10525000FFE702980168012041F2D032C4F2020255
:10526000914200900CD0FFE7029800684EF6304162
:10527000CAF6FD710844B0FA80F040090090FFE7DB
:105280000098C00708B1FFE7FFE7FFE70299002099
:1052900081F84C00FFE7029890F8540060B9FFE7EE
:1052A0000299002008660299486602998866029968
:1052B000C86602990867FFE70299022081F8540046
:1052C00002980168486940F006004861FFE70298CB
:1052D00000684069C00798B1FFE701F00DFA019935
:1052E000401A06280BD3FFE702991020886502991F
:1052F000032081F8540001208DF80F0010E0E6E74C
:105300000298FBF74DFE0299486B08650299002050
:105310008865029A012182F854108DF80F00FFE78A
:105320009DF80F0004B080BD80B584B0039001F0FB
:10533000E3F90290039801900198013048B1FFE72A
:1053400040F29420C2F200000178019808440190D4
:10535000FFE7FFE701F0D0F90299401A019988426E
:1053600001D2FFE7F6E704B080BD000086B00490EC
:1053700003910292049890F85C008DF80700BDF844
:105380000C0010F4C07F01D0FFE7FFE79DF8070095
:10539000012806D0FFE79DF80700022840F0DE80D4
:1053A000FFE704980068806D00909DF80C004007AE
:1053B00030B1FFE79DF80000C007002847D0FFE7A5
:1053C0009DF80C0010F0380F06D0FFE79DF80000A4
:1053D000800700283BD5FFE7BDF80C0010F4E07F04
:1053E00006D0FFE79DF80000400700282FD5FFE713
:1053F0009DF80D0010F01E0F06D0FFE79DF800008D
:105400000007002823D5FFE79DF80D0010F0E00FFE
:1054100006D0FFE79DF80000C006002817D5FFE77B
:105420009DF80E00800730B1FFE79DF80000800670
:1054300000280CD5FFE79DF80E0010F0FC0F0DD0F2
:10544000FFE79DF800004006002807D4FFE7049816
:105450000168C86D40F00100C865FFE79DF80C00C9
:10546000400730B1FFE79DF80000C007002847D192
:10547000FFE79DF80C0010F0380F06D0FFE79DF80D
:105480000000800700283BD4FFE7BDF80C0010F4B3
:10549000E07F06D0FFE79DF80000400700282FD4EA
:1054A000FFE79DF80D0010F01E0F06D0FFE79DF8F6
:1054B00000000007002823D4FFE79DF80D0010F03E
:1054C000E00F06D0FFE79DF80000C006002817D4C3
:1054D000FFE79DF80E00800730B1FFE79DF8000060
:1054E000800600280CD4FFE79DF80E0010F0FC0F9A
:1054F0000DD0FFE79DF800004006002807D5FFE724
:1055000004980168C86D40F00200C865FFE79DF887
:105510000C000006002809D5FFE7029A04980168EC
:10552000D1F8DC001043C1F8DC00FFE79DF80D0066
:10553000C00748B1FFE7029A04980168D1F8E0007B
:105540001043C1F8E000FFE7039A04980168486D32
:105550001043486500208DF8170008E00499086E94
:1055600040F00200086601208DF81700FFE79DF863
:10557000170006B07047000080B586B00490039114
:1055800002920398406808B9FFE700E0FFE704983B
:1055900090F85C0002282FD1FFE704980068D0F84B
:1055A000C4008002002809D5FFE70499086E40F482
:1055B0000070086601208DF8170026E00498006846
:1055C000D0F8C400C0F30140019004980399029AF6
:1055D000019BFEF779FA0199012000FA01F1049A82
:1055E0001268C2F8CC100199884004998865FFE7D9
:1055F00000208DF8170008E00499086E40F00800BC
:10560000086601208DF81700FFE79DF8170006B027
:1056100080BD000087B005900491059890F85C006B
:105620008DF803009DF80300012805D0FFE79DF8E1
:10563000030002283CD1FFE704980068B8B9FFE7EF
:1056400004998868CB680A694969800740EAC360A1
:1056500040EA0240084303900598006C04994968A9
:1056600000EB810001900398019908601CE0049808
:10567000C168006940EA41700390049881684069FC
:1056800040EA817002900598406C0499496800EBEB
:10569000C1000190039801990860019804300190BD
:1056A000029801990860FFE700208DF81B0008E0D0
:1056B0000599086E40F00200086601208DF81B0075
:1056C000FFE79DF81B0007B07047000085B0DDF8CC
:1056D00014C00390029101920093039890F85C002B
:1056E000012819D1FFE703980068D0F8800020F066
:1056F0003F0002990901019A41EA8201009A41EAB8
:105700004201059A1143084303990968C1F88000D2
:1057100000208DF8130008E00399086E40F00400A3
:10572000086601208DF81300FFE79DF8130005B00F
:105730007047000085B0039002910192039890F8A1
:105740005C008DF803009DF80300012805D0FFE7F9
:105750009DF80300022816D1FFE70198012807D120
:10576000FFE7029A03980168886D9043886506E018
:10577000029A03980168886D10438865FFE700204E
:105780008DF8130008E00399086E40F002000866E7
:1057900001208DF81300FFE79DF8130005B0704756
:1057A00081B0009001B0704782B0019000910198E3
:1057B00040F27071C2F2000188420DD1FFE79DF8FE
:1057C00002000007002807D5FFE740F6C841C2F2F3
:1057D000000101200870FFE702B0704783B002901B
:1057E000019102980068406C0090009800F007005A
:1057F000019908600098C0F3022001994860009860
:1058000000F01800019988600098C0F340100199D9
:10581000C8600098C0F38010019908619DF80000ED
:10582000C009019948610098C0F3C02001998861BE
:105830000098C0F300300199C8610098C0F340306F
:10584000019908620098C0F380300199486200987D
:10585000C0F3064001998862002003B07047000041
:1058600083B0029001910198402808D1FFE7029887
:105870000068D0F8900000F00F00009007E0029858
:105880000068D0F8980000F00F000090FFE7009843
:1058900003B070478AB008900791069205930020E4
:1058A0000190089890F85C008DF803009DF80300C3
:1058B000022840F0FA80FFE7079840283ED1FFE732
:1058C00008980068D0F89000000748B9FFE70899E9
:1058D000086E40F48070086601208DF82700EDE026
:1058E00008980068D0F8900000F080710120B0EBBB
:1058F000116F0FD1FFE708980068D0F8800000F41E
:1059000000710120B0EB512F03D1FFE7012001907E
:10591000FFE7FFE708980068D0F8900000F44071B6
:10592000019800EB112001900898806C019901EB1F
:10593000C10100EBC1000490FFE73DE0089800685A
:10594000D0F89800000748B9FFE70899086E40F4BE
:105950008070086601208DF82700AFE00898006885
:10596000D0F8980000F080710120B0EB116F0FD1DA
:10597000FFE708980068D0F8800000F480710120EB
:10598000B0EB112F03D1FFE701200190FFE7FFE704
:1059900008980068D0F8980000F44071019800EB76
:1059A000112001900898C06C019901EBC10100EB36
:1059B000C1000490FFE7FFE70498006800F0804012
:1059C000069948600698406838B9FFE7049800686F
:1059D000C0F38A400699086006E00498006820F049
:1059E000604006990860FFE70498006800F00050E6
:1059F000069988600498006800F0004006990861E4
:105A0000049804300490049800880699C8610498AA
:105A10000068C0F303400699C8600498006800F469
:105A20008010069948610498006800F400100699F7
:105A3000886104980068C0F30660069908620498BB
:105A40000068C00F069948620498043004900498D6
:105A5000039000200290FFE702980699CA6844F676
:105A60001041C0F60101895C88420AD2FFE7039821
:105A7000029A805C05998854FFE7029801300290F1
:105A8000EAE70798402806D1FFE7019808990968D6
:105A9000C1F8940005E0019808990968C1F89C00D4
:105AA000FFE700208DF8270008E00899086E40F015
:105AB0000800086601208DF82700FFE79DF8270001
:105AC0000AB0704781B0009001B0704780B58AB0CD
:105AD000099009980068006D00F4E050089009985A
:105AE0000068416D08980840089009980068006DAA
:105AF00000F00700079009980068416D079808407A
:105B0000079009980068006D00F038000690099829
:105B10000068416D06980840069009980068006D7D
:105B200000F47100059009980068416D05980840DF
:105B3000059009980068006D00F4602004900998B1
:105B40000068416D04980840049009980068406D11
:105B5000019009980068006D00909DF8000000F029
:105B600040010020B0EB911F12D0FFE79DF8040028
:105B700000F040010020B0EB911F08D0FFE709982A
:105B80000168402008650998FFF79CFFFFE7FFE7E1
:105B90009DF80100C007E0B1FFE79DF80500C007D0
:105BA000B0B1FFE709980068D0F8D80002900998D2
:105BB0000068D0F8E0100298084002900998016847
:105BC0004FF4807008650998029900F09DFBFFE78B
:105BD000FFE7089848B1FFE7089809990968086540
:105BE0000998089900F09CFBFFE7079848B1FFE788
:105BF00007980999096808650998079900F0D0FA8B
:105C0000FFE7069848B1FFE7069809990968086513
:105C10000998069900F0D6FAFFE79DF8010000F018
:105C200002010020B0EB510F13D0FFE79DF80500F3
:105C300000F002010020B0EB510F09D0FFE70998F6
:105C400001684FF400700865099800F06FFBFFE7EA
:105C5000FFE79DF800100020B0EBD11F1DD0FFE73B
:105C60009DF804100020B0EBD11F15D0FFE7099874
:105C70000068D0F8D400039009980068D0F8DC10D0
:105C800003980840039009980168802008650998E6
:105C9000039900F03FFBFFE7FFE79DF8010000F0EC
:105CA00020010020B0EB511F13D0FFE79DF8050045
:105CB00000F020010020B0EB511F09D0FFE7099848
:105CC00001684FF400500865099800F019FBFFE7E0
:105CD000FFE79DF801100020B0EBD11F11D0FFE7C6
:105CE0009DF805100020B0EBD11F09D0FFE70998FF
:105CF00001684FF400400865099800F0FDFAFFE7DD
:105D0000FFE79DF8010000F040010020B0EB911F7B
:105D100015D0FFE79DF8050000F040010020B0EB32
:105D2000911F0BD0FFE7099801684FF48040086588
:105D30000999086E40F080000866FFE7FFE70498C5
:105D400048B1FFE70498099909680865099804991A
:105D5000FFF72AFDFFE7059850B1FFE7059809997D
:105D600009680865059A0999086E10430866FFE7F7
:105D70000998006E20B1FFE70998FFF711FDFFE7D2
:105D80000AB080BD80B584B00290029820B9FFE7C8
:105D900001208DF80F0057E1029800684AF2004197
:105DA000C4F20001884201D1FFE7FFE70298806852
:105DB000B0F5407F01D1FFE7FFE7029890F85C0063
:105DC00040B9FFE70299002081F85D00029800F0D9
:105DD0003FF9FFE702980168886920F010008861A8
:105DE00000F08AFC0190FFE70298006880690007D4
:105DF000002815D5FFE700F07FFC0199401A0B2819
:105E00000DD3FFE70299086E40F001000866029981
:105E1000032081F85C0001208DF80F0014E1E3E716
:105E200002980168886940F00100886100F064FC14
:105E30000190FFE7029800688069C007A8B9FFE7F2
:105E400000F05AFC0199401A0B280DD3FFE7029984
:105E5000086E40F0010008660299032081F85C009A
:105E600001208DF80F00EFE0E4E7029801688869EF
:105E700040F002008861029800684AF20041C4F2D2
:105E80000001884208D1FFE7029840684AF20051B9
:105E9000C4F200010860FFE70298007C012807D1E6
:105EA000FFE702980168886920F04000886106E0F9
:105EB00002980168886940F040008861FFE7029815
:105EC000407C012807D1FFE702980168886940F407
:105ED0008040886106E002980168886920F480406B
:105EE0008861FFE70298807C012807D1FFE70298CC
:105EF0000168886920F48050886106E00298016892
:105F0000886940F480508861FFE7029800688069E2
:105F100020F44070029A11689268104388610298D8
:105F20000168886920F0A400886102980168086906
:105F300020F0100008610298C068012807D1FFE72F
:105F400002980168886940F0040088612BE002989B
:105F5000C06830B3FFE70298C068022819D0FFE795
:105F600002980168886940F08000886102980168A1
:105F7000086940F0100008610298C068032807D142
:105F8000FFE702980168886940F020008861FFE718
:105F900006E002980168886940F020008861FFE708
:105FA00000E0FFE7FFE7029A116853699069D2F8B1
:105FB0001CE0A0F1010C6FF0FF0000EB0E2040EAA6
:105FC0004C60126A013A10430022CFF6FF7202EBD6
:105FD00003421043C86102988068B0F5407F1CD12D
:105FE000FFE7029A1168536A906AD2F82CE00138F0
:105FF0006FF0FF0C0CEB0E2C40EA0C00D2F830C016
:106000006FF00F0202EB0C1210430022CFF6FF726A
:1060100002EB03421043C860FFE702980168C26BBD
:10602000D1F8C0001043C1F8C0000298FDF7EEFCA3
:1060300002990020886502990866029A012182F877
:106040005C108DF80F00FFE79DF80F0004B080BDD5
:1060500080B58EB00D9000200C900B900A900990A6
:1060600008900D9800684AF20041C4F2000188428D
:106070004ED1FFE740F2FC20C2F20000016801317E
:1060800001600068012810D1FFE7FFE740F6A0405B
:10609000C4F20240016841F400710160006800F43C
:1060A000007007900798FFE7FFE7FFE740F68C4096
:1060B000C4F20240016841F001010160006800F093
:1060C000010006900698FFE74FF4C05008900220A8
:1060D0000990002102910A910B9009200C90002058
:1060E000C4F2022008A900F063F9029A2720019067
:1060F000114600F009FC019800F0FCFB029A2820F0
:106100000390114600F000FC039800F0F3FB44E01C
:106110000D9800684AF60001C4F2000188423BD1A4
:10612000FFE740F2FC20C2F200000168013101608B
:106130000068012810D1FFE7FFE740F6A040C4F255
:106140000240016841F400710160006800F40070D1
:1061500005900598FFE7FFE7FFE740F68C40C4F2A3
:106160000240016841F002010160006800F0020095
:1061700004900498FFE76020089002200990002016
:106180000A900B9009200C9040F20040C4F20220CB
:1061900008A900F00DF9FFE7FFE70EB080BD000091
:1061A00080B582B001900091019800684AF20041E8
:1061B000C4F20001884203D1FFE70CF0A3FDFFE722
:1061C00002B080BD82B00190009102B07047000023
:1061D00082B00090009890F85C00012810D1FFE791
:1061E0000099022081F85C0000980168886920F01D
:1061F000010088610099002008668DF8070008E01A
:106200000099086E40F00400086601208DF8070030
:10621000FFE79DF8070002B07047000083B00190CF
:1062200000200090019890F85C00022857D1FFE709
:1062300001980168886940F001008861FFE70198D2
:1062400000688069C007A8B9FFE700980B280DD344
:10625000FFE70199086E40F00100086601990320EC
:1062600081F85C0001208DF80B0041E000980130BE
:106270000090E4E70020009001980168886920F010
:1062800010008861FFE70198006880690007002816
:1062900015D5FFE700980B280DD3FFE70199086E8D
:1062A00040F0010008660199032081F85C0001209C
:1062B0008DF80B001CE0009801300090E3E7019896
:1062C0000168886940F002008861019900208865B2
:1062D000019A012182F85C108DF80B0008E0019909
:1062E000086E40F00800086601208DF80B00FFE7FB
:1062F0009DF80B0003B0704781B0009001B070476B
:1063000081B0009001B0704782B00190009102B05E
:106310007047000082B00190009102B07047000009
:1063200082B00190009102B07047000081B00090EF
:1063300001B0704781B0ADF8020001B070470000B5
:1063400080B582B0ADF8060042F20C00C4F2024003
:106350000068BDF8061008420CD0FFE7BDF8060043
:1063600042F20C01C4F202410860BDF8060000F0E0
:1063700019F8FFE742F21000C4F202400068BDF8CD
:10638000061008420CD0FFE7BDF8060042F21001EB
:10639000C4F202410860BDF80600FFF7CBFFFFE73B
:1063A00002B080BD81B0ADF8020001B070470000BE
:1063B00085B00490039100200090FFE703980068E7
:1063C0000099C840002800F06681FFE70398006844
:1063D000009A01219140084001900198002800F0A6
:1063E0005681FFE703984068022805D0FFE703982D
:1063F0004068122828D1FFE7049800996FF0030243
:1064000002EA51010844006A0290009800F0070077
:1064100081000F2000FA01F102988843029003984E
:10642000006900F00F00009901F00701890000FAEF
:1064300001F102980843029002980499009B02EA35
:10644000530211440862FFE7049800680290009824
:106450004100032000FA01F102988843029003985A
:10646000406800F003000099490000FA01F1029829
:106470000843029002980499086003984068012834
:106480000FD0FFE70398406802280AD0FFE703987F
:106490004068112805D0FFE70398406812282FD1E3
:1064A000FFE704988068029000984100032000FAFA
:1064B00001F10298884302900398C068009949004E
:1064C00000FA01F10298084302900298049988604A
:1064D0000498406802900099012000FA01F10298A6
:1064E0008843029003984068C0F30010009900FAB6
:1064F00001F1029808430290029804994860FFE76E
:106500000398406800F0030003280CD1FFE70398CC
:10651000406800F0030003281DD1FFE7039880685E
:10652000012818D0FFE70498C06802900098410045
:10653000032000FA01F102988843029003988068D2
:106540000099490000FA01F102980843029002986C
:106550000499C860FFE70398C079C006002840F19D
:106560009580FFE7009820F0030042F26002C4F239
:10657000024280580290009800F00300C1000F20F2
:1065800000FA01F102988843029004984FF6004106
:10659000CBF6FD510840800A009901F00301C900C3
:1065A00000FA01F10298084302900298009921F044
:1065B0000301885042F20000C4F2024000680290D9
:1065C000019902988843029003988079C0060028B8
:1065D00005D5FFE70199029808430290FFE702986A
:1065E00042F20001C4F20241086042F20400C4F227
:1065F0000240006802900199029888430290039833
:1066000080798006002805D5FFE7019902980843A4
:106610000290FFE7029842F20401C4F202410860CE
:1066200042F28400C4F2024000680290019902988C
:1066300088430290039880798007002805D5FFE7FA
:106640000199029808430290FFE7029842F2840100
:10665000C4F20241086042F28000C4F202400068C5
:106660000290019902988843029003988079C007AC
:1066700028B1FFE70199029808430290FFE70298CA
:1066800042F28001C4F202410860FFE7FFE7009890
:106690000130009092E605B07047000082B0019092
:1066A000ADF8021001980069BDF80210084204D04C
:1066B000FFE701208DF8010003E000208DF80100C4
:1066C000FFE79DF8010002B07047000082B0019022
:1066D000ADF802108DF801209DF8010028B1FFE708
:1066E000BDF802000199886104E0BDF8020001993B
:1066F0008862FFE702B0704740F67C50C2F20000AB
:106700000068704782B0019000208DF8030040F2CD
:106710000040C4F203000068C00720B1FFE7012079
:106720008DF803000AE040F20041C4F2030108685A
:1067300020F00400019A10430860FFE79DF8030071
:1067400002B0704740F20041C4F20301086840F013
:10675000010008600020704740F29420C2F200005F
:10676000027840F67C51C2F20001086810440860CB
:106770007047000080B582B0032000F0DDF805F01E
:106780009BF940F62041C4F20241096801F00F0272
:1067900044F6F831C0F60101895CC84040F220019E
:1067A000C2F200010860042007F04CF9002000F05C
:1067B00011F820B1FFE701208DF8070005E000F097
:1067C00093F800208DF80700FFE79DF8070002B05E
:1067D00080BD000080B586B004900020039040F298
:1067E0009420C2F20000007820B9FFE701208DF864
:1067F000170075E04EF21000CEF20000006840076E
:10680000002812D5FFE740F22000C2F20000006825
:1068100040F29421C2F200010A784FF47A71B1FB80
:10682000F2F1B0FBF1F0039040E007F07FF9029045
:106830000298019040B1FFE70198012816D0FFE7C8
:106840000198022821D02FE040F22000C2F200007F
:10685000006840F29421C2F200010A784FF4FA5124
:10686000B1FBF2F1B0FBF1F003901EE040F2942096
:10687000C2F2000001784FF47A70B0FBF1F14FF4EE
:10688000FA40B0FBF1F003900FE040F29420C2F226
:10689000000001784FF47A70B0FBF1F14FF4004042
:1068A000B0FBF1F0039000E0FFE7FFE7039807F08B
:1068B00017F920B1FFE701208DF8170010E00499C7
:1068C0004FF0FF300022009200F01EF8009804996B
:1068D00040F29822C2F2000211608DF81700FFE723
:1068E0009DF8170006B080BD80B5052000F024F8A3
:1068F00080BD000080B582B0ADF80600BDF906008D
:106900000BF002FF02B080BD80B586B0ADF8160076
:10691000049103920BF010FF0290BDF91600019054
:1069200002980499039A09F079FC014601980BF04A
:106930000BFF06B080BD000080B582B001900198C9
:106940000BF024FF02B080BD81B0009000996FF081
:10695000FF0060EA010240F64801C4F20241086803
:106960001040086001B0704792B009904FF4403079
:1069700006900999086804904968059190FAA0F07A
:106980001090109820B9FFE720208DF8470005E00F
:106990001098B0FA80F08DF84700FFE70498059949
:1069A0009DF84720083202F01F02914008430290F0
:1069B000099908688968039190FAA0F00E900E98E2
:1069C00020B9FFE720208DF83F0005E00E98B0FACF
:1069D00080F08DF83F00FFE7029803999DF83F3063
:1069E000102202EB430202F01E029140084308907D
:1069F00009980068019090FAA0F00C900C9820B9CA
:106A0000FFE720208DF8370005E00C98B0FA80F001
:106A10008DF83700FFE701989DF8371001F01F024D
:106A20004FF480719140084300900998006890FAF3
:106A3000A0F00A900A9820B9FFE720208DF82F00D7
:106A400005E00A98B0FA80F08DF82F00FFE7009873
:106A50009DF82F201E2101EA42024FF4403191405F
:106A60000843079040F64801C4F202410868079ABB
:106A70009043089A1043086012B0704740F6000136
:106A8000C4F20241086840F0010008604EF610515F
:106A9000CEF20001086840F004000860BFF34F8F99
:106AA000BFF36F8F30BF704789B0089040F6344015
:106AB000C4F2024000686FF35F20059040F6284062
:106AC000C4F20240016801F0030107910168C1F3BB
:106AD000052106910068C0F300100490049840F668
:106AE0003841C4F20241096889B2C90800FB01F0CB
:106AF00000EE100AB8EE400A8DED020A0698002852
:106B000000F03D81FFE707980090012808D0FFE7DB
:106B10000098022830D0FFE70098032849D065E0AC
:106B200040F60040C4F202400068C0F3C10149F2DF
:106B30000000C0F2D030C84003909DED030AB8EECB
:106B4000400A9DED061AB8EE411A80EE010A9DED4D
:106B5000051AB8EE411A9DED022A9FED8F3A22EEFA
:106B6000032A31EE021AB7EE002A31EE021A20EEA5
:106B7000010A8DED010A65E09DED060AB8EE401AA6
:106B80009FED860A80EE010A9DED051AB8EE411AC6
:106B90009DED022A9FED803A22EE032A31EE021A81
:106BA000B7EE002A31EE021A20EE010A8DED010A3D
:106BB00048E09DED060AB8EE401A9FED760A80EE99
:106BC000010A9DED051AB8EE411A9DED022A9FEDCE
:106BD000723A22EE032A31EE021AB7EE002A31EEA3
:106BE000021A20EE010A8DED010A2BE040F600406A
:106BF000C4F202400068C0F3C10149F20000C0F2D3
:106C0000D030C84003909DED030AB8EE400A9DEDD8
:106C1000061AB8EE411A80EE010A9DED051AB8EE8B
:106C2000411A9DED022A9FED5C3A22EE032A31EED5
:106C3000021AB7EE002A31EE021A20EE010A8DED9B
:106C4000010AFFE740F60040C4F2024000688001FC
:106C5000002827D5FFE740F62840C4F2024000682C
:106C6000C003002819D5FFE79DED010A40F6344026
:106C7000C4F20240006880B2400A01EE100AB8EE89
:106C8000411AB7EE002A31EE021A80EE010A089886
:106C9000BCEEC00A80ED000A03E0089900200860FD
:106CA000FFE703E0089900200860FFE740F6004096
:106CB000C4F2024000688001002827D5FFE740F6B3
:106CC0002840C4F2024000688003002819D5FFE77D
:106CD0009DED010A40F63440C4F202400068C0F362
:106CE000064001EE100AB8EE411AB7EE002A31EE66
:106CF000021A80EE010A0898BCEEC00A80ED010A73
:106D000003E0089900204860FFE703E008990020AD
:106D10004860FFE740F60040C4F20240006880018E
:106D2000002827D5FFE740F62840C4F2024000685B
:106D30004003002819D5FFE79DED010A40F63440D5
:106D4000C4F202400068C0F3066001EE100AB8EE1B
:106D5000411AB7EE002A31EE021A80EE010A0898B5
:106D6000BCEEC00A80ED020A03E0089900208860AA
:106D7000FFE703E0089900208860FFE707E0089933
:106D8000002008600899486008998860FFE709B00A
:106D9000704700BF20BCBE4B000000390024744A7D
:106DA00089B0089040F63C40C4F2024000686FF39E
:106DB0005F20059040F62C40C4F20240016801F0CB
:106DC000030107910168C1F3052106910068C0F332
:106DD00000100490049840F64041C4F20241096852
:106DE00089B2C90800FB01F000EE100AB8EE400AB3
:106DF0008DED020A0698002800F03D81FFE7079814
:106E00000090012808D0FFE70098022830D0FFE763
:106E10000098032849D065E040F60040C4F20240E3
:106E20000068C0F3C10149F20000C0F2D030C84090
:106E300003909DED030AB8EE400A9DED061AB8EEE8
:106E4000411A80EE010A9DED051AB8EE411A9DED3A
:106E5000022A9FED8F3A22EE032A31EE021AB7EE94
:106E6000002A31EE021A20EE010A8DED010A65E0DA
:106E70009DED060AB8EE401A9FED860A80EE010AE3
:106E80009DED051AB8EE411A9DED022A9FED803A5C
:106E900022EE032A31EE021AB7EE002A31EE021A70
:106EA00020EE010A8DED010A48E09DED060AB8EEDC
:106EB000401A9FED760A80EE010A9DED051AB8EEA4
:106EC000411A9DED022A9FED723A22EE032A31EE1D
:106ED000021AB7EE002A31EE021A20EE010A8DEDF9
:106EE000010A2BE040F60040C4F202400068C0F303
:106EF000C10149F20000C0F2D030C84003909DEDBE
:106F0000030AB8EE400A9DED061AB8EE411A80EE6B
:106F1000010A9DED051AB8EE411A9DED022A9FED7A
:106F20005C3A22EE032A31EE021AB7EE002A31EE65
:106F3000021A20EE010A8DED010AFFE740F600403B
:106F4000C4F2024000680001002827D5FFE740F6A0
:106F50002C40C4F202400068C003002819D5FFE7A6
:106F60009DED010A40F63C40C4F20240006880B248
:106F7000400A01EE100AB8EE411AB7EE002A31EECF
:106F8000021A80EE010A0898BCEEC00A80ED000AE1
:106F900003E0089900200860FFE703E0089900205B
:106FA0000860FFE740F60040C4F2024000680001BC
:106FB000002827D5FFE740F62C40C4F202400068C5
:106FC0008003002819D5FFE79DED010A40F63C40FB
:106FD000C4F202400068C0F3064001EE100AB8EEA9
:106FE000411AB7EE002A31EE021A80EE010A089823
:106FF000BCEEC00A80ED010A03E008990020486059
:10700000FFE703E0089900204860FFE740F60040F2
:10701000C4F2024000680001002827D5FFE740F6CF
:107020002C40C4F2024000684003002819D5FFE755
:107030009DED010A40F63C40C4F202400068C0F3F6
:10704000066001EE100AB8EE411AB7EE002A31EEE2
:10705000021A80EE010A0898BCEEC00A80ED020A0E
:1070600003E0089900208860FFE703E0089900200A
:107070008860FFE707E008990020086008994860E9
:1070800008998860FFE709B0704700BF20BCBE4B7D
:10709000000000390024744A89B0089040F644404A
:1070A000C4F2024000686FF35F20059040F6304064
:1070B000C4F20240016801F0030107910168C1F3C5
:1070C000052106910068C0F300100490049840F672
:1070D0004841C4F20241096889B2C90800FB01F0C5
:1070E00000EE100AB8EE400A8DED020A069800285C
:1070F00000F03D81FFE707980090012808D0FFE7E6
:107100000098022830D0FFE70098032849D065E0B6
:1071100040F60040C4F202400068C0F3C10149F2E9
:107120000000C0F2D030C84003909DED030AB8EED5
:10713000400A9DED061AB8EE411A80EE010A9DED57
:10714000051AB8EE411A9DED022A9FED8F3A22EE04
:10715000032A31EE021AB7EE002A31EE021A20EEAF
:10716000010A8DED010A65E09DED060AB8EE401AB0
:107170009FED860A80EE010A9DED051AB8EE411AD0
:107180009DED022A9FED803A22EE032A31EE021A8B
:10719000B7EE002A31EE021A20EE010A8DED010A47
:1071A00048E09DED060AB8EE401A9FED760A80EEA3
:1071B000010A9DED051AB8EE411A9DED022A9FEDD8
:1071C000723A22EE032A31EE021AB7EE002A31EEAD
:1071D000021A20EE010A8DED010A2BE040F6004074
:1071E000C4F202400068C0F3C10149F20000C0F2DD
:1071F000D030C84003909DED030AB8EE400A9DEDE3
:10720000061AB8EE411A80EE010A9DED051AB8EE95
:10721000411A9DED022A9FED5C3A22EE032A31EEDF
:10722000021AB7EE002A31EE021A20EE010A8DEDA5
:10723000010AFFE740F60040C4F202400068800007
:10724000002827D5FFE740F63040C4F2024000682E
:10725000C003002819D5FFE79DED010A40F6444020
:10726000C4F20240006880B2400A01EE100AB8EE93
:10727000411AB7EE002A31EE021A80EE010A089890
:10728000BCEEC00A80ED000A03E008990020086007
:10729000FFE703E0089900200860FFE740F60040A0
:1072A000C4F2024000688000002827D5FFE740F6BE
:1072B0003040C4F2024000688003002819D5FFE77F
:1072C0009DED010A40F64440C4F202400068C0F35C
:1072D000064001EE100AB8EE411AB7EE002A31EE70
:1072E000021A80EE010A0898BCEEC00A80ED010A7D
:1072F00003E0089900204860FFE703E008990020B8
:107300004860FFE740F60040C4F202400068800099
:10731000002827D5FFE740F63040C4F2024000685D
:107320004003002819D5FFE79DED010A40F64440CF
:10733000C4F202400068C0F3066001EE100AB8EE25
:10734000411AB7EE002A31EE021A80EE010A0898BF
:10735000BCEEC00A80ED020A03E0089900208860B4
:10736000FFE703E0089900208860FFE707E008993D
:10737000002008600899486008998860FFE709B014
:10738000704700BF20BCBE4B000000390024744A87
:1073900080B59CB01B911A901A981B9980F00070D0
:1073A000084300285BD1FFE740F6F040C4F20240FA
:1073B000016801F440710E9100688007002809D52A
:1073C000FFE70E98B0F5807F04D1FFE74FF400404F
:1073D000109042E040F6F040C4F202400068000124
:1073E000002809D5FFE70E98B0F5007F04D1FFE72C
:1073F0004FF4FA4010902FE040F60040C4F20240F3
:1074000000688003002823D5FFE70E98B0F5407F81
:107410001ED1FFE740F61C40C4F20240006800F4B1
:107420007C50B0F5007F0FD3FFE740F61C40C4F25C
:1074300002400068C0F3052147F64000C0F27D100D
:10744000B0FBF1F0109002E000201090FFE702E0A6
:1074500000201090FFE7FFE7FFE702F012BC1A9848
:107460000C901B990D9180F001000843002800F05A
:10747000C682FFE70D990C9880F0020008430028AF
:1074800000F03B83FFE70D990C9880F0040008435F
:10749000002800F0A783FFE70D990C9880F0080002
:1074A0000843002800F01E84FFE70D990C9880F037
:1074B00010000843002800F09884FFE70D990C980D
:1074C00080F020000843002800F01285FFE70D99A6
:1074D0000C9880F040000843002800F08C85FFE7FE
:1074E0000D990C9880F080000843002800F0068673
:1074F000FFE70D990C9880F480700843002800F095
:107500008086FFE70D990C9880F4007008430028EE
:1075100000F0FA86FFE70D990C9880F4806008432C
:10752000002800F07487FFE70D990C9880F4006044
:107530000843002800F0E987FFE70D990C9880F4D4
:1075400080500843002801F05E80FFE70D990C98F9
:1075500080F400500843002801F06181FFE70D9995
:107560000C9880F480400843002801F0AA81FFE7CE
:107570000D990C9880F400400843002801F0F38135
:10758000FFE70D990C9880F480300843002801F043
:107590008E82FFE70D990C9880F400300843002894
:1075A00001F0C282FFE70D990C9880F48020084317
:1075B000002801F06583FFE70D990C9880F4002006
:1075C0000843002800F0BF80FFE70D990C9880F475
:1075D00080100843002800F04381FFE70D990C98C4
:1075E00080F400100843002801F07E80FFE70D9929
:1075F0000C9880F480000843002800F0BE81FFE76B
:107600000D990C9880F400000843002800F0D68102
:10761000FFE70D990C9880F080600843002802F085
:107620009882FFE70D990C9880F0006008430028CD
:1076300001F0B986FFE70D990C9880F0805008435F
:10764000002801F02F87FFE70D990C9880F000507B
:107650000843002801F0B387FFE70D990C9880F0EC
:1076600080400843002802F03380FFE70D990C9812
:1076700080F000400843002802F0AE80FFE70C983D
:107680000D9981F001010843002802F02981FFE7EC
:107690000C980D9981F002010843002802F0A481A2
:1076A000FFE70C980D9981F004010843002801F0D0
:1076B0004386FFE70C980D9981F0080108430028E4
:1076C00002F00782FFE70C980D9981F01001084342
:1076D000002802F09482FFE70C980D9981F02001B8
:1076E0000843002801F07883FFE70C980D9981F09A
:1076F00040010843002801F01B84FFE70C980D9916
:1077000081F080010843002801F0BE84FFE70C9857
:107710000D9981F480710843002801F06185FFE72D
:107720000C980D9981F400710843002801F04880FD
:10773000FFE70C980D9981F480610843002801F05F
:10774000648102F09ABA40F6E840C4F20240006850
:1077500000F4E0200E900E980B90A0B1FFE70B987C
:10776000B0F5803F15D0FFE70B98B0F5003F16D07D
:10777000FFE70B98B0F5403F17D0FFE70B98B0F547
:10778000802F18D067E017A8FFF78EF9189810908F
:1077900064E014A8FFF704FB149810905EE011A8B1
:1077A000FFF77AFC1198109058E048F20000C0F200
:1077B000BB00109052E040F6E840C4F2024000687E
:1077C00000F040400F9040F60040C4F202400068D4
:1077D0008007002811D5FFE70F9870B9FFE740F642
:1077E0000040C4F202400068C0F3C10149F2000049
:1077F000C0F2D030C84010902CE040F60040C4F2F7
:1078000002400068800500280BD5FFE70F98B0F113
:10781000804F06D1FFE740F60010C0F23D00109007
:1078200017E040F60040C4F20240006880030028E0
:107830000BD5FFE70F98B0F1004F06D1FFE747F6F1
:107840004000C0F27D10109002E000201090FFE791
:10785000FFE7FFE702E000201090FFE702F010BA18
:1078600040F6E840C4F20240006800F460100E9058
:107870000E980A90A0B1FFE70A98B0F5002F15D036
:10788000FFE70A98B0F5801F16D0FFE70A98B0F519
:10789000C01F17D0FFE70A98B0F5001F18D067E0A7
:1078A00017A8FFF701F91898109064E014A8FFF7E3
:1078B00077FA149810905EE011A8FFF7EDFB11988D
:1078C000109058E048F20000C0F2BB00109052E067
:1078D00040F6E840C4F20240006800F040400F90DB
:1078E00040F60040C4F2024000688007002811D52D
:1078F000FFE70F9870B9FFE740F60040C4F202407E
:107900000068C0F3C10149F20000C0F2D030C840A5
:1079100010902CE040F60040C4F202400068800560
:1079200000280BD5FFE70F98B0F1804F06D1FFE795
:1079300040F60010C0F23D00109017E040F6004005
:10794000C4F202400068800300280BD5FFE70F98BF
:10795000B0F1004F06D1FFE747F64000C0F27D10BE
:10796000109002E000201090FFE7FFE7FFE702E041
:1079700000201090FFE702F083B940F6E440C4F223
:107980000240006800F040000E900E9830B9FFE70A
:1079900017A8FFF789F8189810900DE00E98402866
:1079A00006D1FFE714A8FFF7FBF91698109002E044
:1079B00000201090FFE7FFE702F062B940F6E440D4
:1079C000C4F20240006800F080000E900E9830B9BA
:1079D000FFE717A8FFF768F8189810900DE00E98C9
:1079E000802806D1FFE714A8FFF7DAF9169810905F
:1079F00002E000201090FFE7FFE702F041B940F6F7
:107A0000D840C4F20240006800F007000E900E98C3
:107A100020B9FFE704F028F810906CE040F6004031
:107A2000C4F202400068000100280AD5FFE70E9862
:107A3000012806D1FFE714A8FFF7B2F915981090B6
:107A400058E040F60040C4F2024000688000002880
:107A50000AD5FFE70E98022806D1FFE711A8FFF725
:107A60001BFB1298109044E040F60040C4F2024024
:107A700000688007002812D5FFE70E9803280ED172
:107A8000FFE740F60040C4F202400068C0F3C101C5
:107A900049F20000C0F2D030C840109028E040F613
:107AA0000040C4F202400068800500280AD5FFE7C4
:107AB0000E98042806D1FFE740F60010C0F23D0002
:107AC000109014E040F6F040C4F2024000688007D5
:107AD000002808D5FFE70E98052804D1FFE74FF4EA
:107AE0000040109002E000201090FFE7FFE7FFE762
:107AF000FFE7FFE7FFE702F0C3B840F6D840C4F263
:107B00000240006800F038000E900E9820B9FFE7A0
:107B100003F096FF109063E040F60040C4F202408C
:107B20000068000100280AD5FFE70E98082806D152
:107B3000FFE714A8FFF734F9159810904FE00E985E
:107B4000102806D1FFE711A8FFF7A6FA12981090A7
:107B500044E040F60040C4F202400068800700287C
:107B600012D5FFE70E9818280ED1FFE740F6004027
:107B7000C4F202400068C0F3C10149F20000C0F243
:107B8000D030C840109028E040F60040C4F20240D7
:107B90000068800500280AD5FFE70E98202806D146
:107BA000FFE740F60010C0F23D00109014E040F6F0
:107BB000F040C4F2024000688007002808D5FFE7C3
:107BC0000E98282804D1FFE74FF40040109002E0FF
:107BD00000201090FFE7FFE7FFE7FFE7FFE7FFE781
:107BE00002F04EB840F6D840C4F20240006800F4FB
:107BF000E0700E900E9820B9FFE703F021FF10907F
:107C00006EE040F60040C4F2024000680001002827
:107C10000AD5FFE70E98402806D1FFE714A8FFF722
:107C2000BFF8159810905AE040F60040C4F20240A8
:107C30000068800000280AD5FFE70E98802806D14A
:107C4000FFE711A8FFF728FA1298109046E040F6D7
:107C50000040C4F2024000688007002812D5FFE708
:107C60000E98C0280ED1FFE740F60040C4F2024053
:107C70000068C0F3C10149F20000C0F2D030C84032
:107C800010902AE040F60040C4F2024000688005EF
:107C900000280BD5FFE70E98B0F5807F06D1FFE7EF
:107CA00040F60010C0F23D00109015E040F6F040A4
:107CB000C4F2024000688007002809D5FFE70E984B
:107CC000B0F5A07F04D1FFE74FF40040109002E030
:107CD00000201090FFE7FFE7FFE7FFE7FFE7FFE780
:107CE00001F0CEBF40F6D840C4F20240006800F474
:107CF00060600E900E9820B9FFE703F0A1FE10908F
:107D000071E040F60040C4F2024000680001002823
:107D10000BD5FFE70E98B0F5007F06D1FFE714A85A
:107D2000FFF73EF8159810905CE040F60040C4F272
:107D300002400068800000280BD5FFE70E98B0F5E0
:107D4000806F06D1FFE711A8FFF7A6F912981090EF
:107D500047E040F60040C4F2024000688007002877
:107D600013D5FFE70E98B0F5C06F0ED1FFE740F6D0
:107D70000040C4F202400068C0F3C10149F20000B3
:107D8000C0F2D030C84010902AE040F60040C4F263
:107D900002400068800500280BD5FFE70E98B0F57B
:107DA000006F06D1FFE740F60010C0F23D001090D2
:107DB00015E040F6F040C4F2024000688007002859
:107DC00009D5FFE70E98B0F5206F04D1FFE74FF417
:107DD0000040109002E000201090FFE7FFE7FFE76F
:107DE000FFE7FFE7FFE701F04BBF40F6D840C4F2E2
:107DF0000240006800F4E0400E900E9820B9FFE7C2
:107E000003F01EFE109071E040F60040C4F2024004
:107E10000068000100280BD5FFE70E98B0F5805FE1
:107E200006D1FFE714A8FEF7BBFF159810905CE0A1
:107E300040F60040C4F202400068800000280BD5E4
:107E4000FFE70E98B0F5005F06D1FFE711A8FFF736
:107E500023F91298109047E040F60040C4F2024027
:107E600000688007002813D5FFE70E98B0F5405F43
:107E70000ED1FFE740F60040C4F202400068C0F3B4
:107E8000C10149F20000C0F2D030C84010902AE091
:107E900040F60040C4F202400068800500280BD57F
:107EA000FFE70E98B0F5804F06D1FFE740F60010CF
:107EB000C0F23D00109015E040F6F040C4F20240E0
:107EC00000688007002809D5FFE70E98B0F5A04F9D
:107ED00004D1FFE74FF40040109002E00020109022
:107EE000FFE7FFE7FFE7FFE7FFE7FFE701F0C8BEB7
:107EF00040F6D840C4F20240006800F460300E90B2
:107F00000E9820B9FFE703F09BFD109071E040F65A
:107F10000040C4F202400068000100280BD5FFE7D2
:107F20000E98B0F5004F06D1FFE714A8FEF738FF12
:107F3000159810905CE040F60040C4F202400068E2
:107F4000800000280BD5FFE70E98B0F5803F06D1E2
:107F5000FFE711A8FFF7A0F81298109047E040F64D
:107F60000040C4F2024000688007002813D5FFE7F4
:107F70000E98B0F5C03F0ED1FFE740F60040C4F2C6
:107F800002400068C0F3C10149F20000C0F2D030E5
:107F9000C84010902AE040F60040C4F20240006859
:107FA000800500280BD5FFE70E98B0F5003F06D1FD
:107FB000FFE740F60010C0F23D00109015E040F6DB
:107FC000F040C4F2024000688007002809D5FFE7AE
:107FD0000E98B0F5203F04D1FFE74FF40040109019
:107FE00002E000201090FFE7FFE7FFE7FFE7FFE771
:107FF000FFE701F045BE40F6D840C4F202400068F9
:1080000000F4E0100E900E9820B9FFE703F018FD81
:10801000109071E040F60040C4F202400068000198
:1080200000280BD5FFE70E98B0F5802F06D1FFE7AB
:1080300014A8FEF7B5FE159810905CE040F60040DD
:10804000C4F202400068800000280BD5FFE70E98BC
:10805000B0F5002F06D1FFE711A8FFF71DF8129821
:10806000109047E040F60040C4F2024000688007EC
:10807000002813D5FFE70E98B0F5402F0ED1FFE78B
:1080800040F60040C4F202400068C0F3C10149F26A
:108090000000C0F2D030C84010902AE040F6004006
:1080A000C4F202400068800500280BD5FFE70E9857
:1080B000B0F5801F06D1FFE740F60010C0F23D008A
:1080C000109015E040F6F040C4F2024000688007CE
:1080D000002809D5FFE70E98B0F5A01F04D1FFE7EF
:1080E0004FF40040109002E000201090FFE7FFE7FF
:1080F000FFE7FFE7FFE7FFE701F0C2BD40F6D8402A
:10810000C4F20240006800F460000E900E9820B99E
:10811000FFE703F095FC109071E040F60040C4F2D8
:1081200002400068000100280BD5FFE70E98B0F56B
:10813000001F06D1FFE714A8FEF732FE1598109035
:108140005CE040F60040C4F2024000688000002875
:108150000BD5FFE70E98B0F5800F06D1FFE711A809
:10816000FEF79AFF1298109047E040F60040C4F2E4
:10817000024000688007002813D5FFE70E98B0F58D
:10818000C00F0ED1FFE740F60040C4F20240006885
:10819000C0F3C10149F20000C0F2D030C8401090D5
:1081A0002AE040F60040C4F2024000688005002842
:1081B0000BD5FFE70E98B0F5000F06D1FFE740F6AC
:1081C0000010C0F23D00109015E040F6F040C4F2FF
:1081D000024000688007002809D5FFE70E98B0F537
:1081E000200F04D1FFE74FF40040109002E0002080
:1081F0001090FFE7FFE7FFE7FFE7FFE7FFE701F08A
:108200003FBD40F6D840C4F20240006800F0E06094
:108210000E900E9820B9FFE703F012FC109071E069
:1082200040F60040C4F202400068000100280BD56F
:10823000FFE70E98B0F1807F06D1FFE714A8FEF7A4
:10824000AFFD159810905CE040F60040C4F202408B
:108250000068800000280BD5FFE70E98B0F1007F82
:1082600006D1FFE711A8FEF717FF1298109047E01C
:1082700040F60040C4F2024000688007002813D591
:10828000FFE70E98B0F1407F0ED1FFE740F60040C7
:10829000C4F202400068C0F3C10149F20000C0F21C
:1082A000D030C84010902AE040F60040C4F20240AE
:1082B0000068800500280BD5FFE70E98B0F1806FAD
:1082C00006D1FFE740F60010C0F23D00109015E027
:1082D00040F6F040C4F2024000688007002809D54B
:1082E000FFE70E98B0F1A06F04D1FFE74FF4004014
:1082F000109002E000201090FFE7FFE7FFE7FFE7A4
:10830000FFE7FFE701F0BCBC40F6D840C4F20240F2
:10831000006800F060500E900E9820B9FFE703F05F
:108320008FFB109071E040F60040C4F202400068FC
:10833000000100280BD5FFE70E98B0F1006F06D1C1
:10834000FFE714A8FEF72CFD159810905CE040F6AE
:108350000040C4F202400068800000280BD5FFE70F
:108360000E98B0F1805F06D1FFE711A8FEF794FEEA
:108370001298109047E040F60040C4F202400068B6
:108380008007002813D5FFE70E98B0F1C05F0ED12B
:10839000FFE740F60040C4F202400068C0F3C101AC
:1083A00049F20000C0F2D030C84010902AE040F6F8
:1083B0000040C4F202400068800500280BD5FFE7AA
:1083C0000E98B0F1005F06D1FFE740F60010C0F252
:1083D0003D00109015E040F6F040C4F20240006805
:1083E0008007002809D5FFE70E98B0F1205F04D17F
:1083F000FFE74FF40040109002E000201090FFE7EC
:10840000FFE7FFE7FFE7FFE7FFE701F039BC40F6D2
:10841000DC40C4F20240006800F007000E900E98A5
:1084200020B9FFE703F00CFB10906CE040F6004031
:10843000C4F202400068000100280AD5FFE70E9848
:10844000012806D1FFE714A8FEF7AAFC15981090A2
:1084500058E040F60040C4F2024000688000002866
:108460000AD5FFE70E98022806D1FFE711A8FEF70C
:1084700013FE1298109044E040F60040C4F202400F
:1084800000688007002812D5FFE70E9803280ED158
:10849000FFE740F60040C4F202400068C0F3C101AB
:1084A00049F20000C0F2D030C840109028E040F6F9
:1084B0000040C4F202400068800500280AD5FFE7AA
:1084C0000E98042806D1FFE740F60010C0F23D00E8
:1084D000109014E040F6F040C4F2024000688007BB
:1084E000002808D5FFE70E98052804D1FFE74FF4D0
:1084F0000040109002E000201090FFE7FFE7FFE748
:10850000FFE7FFE7FFE701F0BBBB40F6DC40C4F24A
:108510000240006800F070000E900E9820B9FFE74E
:1085200003F08EFA10906CE040F60040C4F2024076
:108530000068000100280AD5FFE70E98102806D130
:10854000FFE714A8FEF72CFC1598109058E040F6B1
:108550000040C4F202400068800000280AD5FFE70E
:108560000E98202806D1FFE711A8FEF795FD129876
:10857000109044E040F60040C4F2024000688007DA
:10858000002812D5FFE70E9830280ED1FFE740F6FD
:108590000040C4F202400068C0F3C10149F200008B
:1085A000C0F2D030C840109028E040F60040C4F23D
:1085B00002400068800500280AD5FFE70E98402891
:1085C00006D1FFE740F60010C0F23D00109014E025
:1085D00040F6F040C4F2024000688007002808D549
:1085E000FFE70E98502804D1FFE74FF400401090A9
:1085F00002E000201090FFE7FFE7FFE7FFE7FFE75B
:10860000FFE701F03DBB40F6E040C4F202400068E5
:1086100000F0E0600E900E9820B9FFE703F038FA02
:1086200010905FE00E98B0F1807F06D1FFE714A8AC
:10863000FEF7B6FB1598109053E00E98B0F1007F4E
:1086400006D1FFE711A8FEF727FD1298109047E02A
:1086500040F60040C4F2024000688007002813D5AD
:10866000FFE70E98B0F1407F0ED1FFE740F60040E3
:10867000C4F202400068C0F3C10149F20000C0F238
:10868000D030C84010902AE040F60040C4F20240CA
:108690000068800500280BD5FFE70E98B0F1806FC9
:1086A00006D1FFE740F60010C0F23D00109015E043
:1086B00040F6F040C4F2024000688007002809D567
:1086C000FFE70E98B0F1A06F04D1FFE74FF4004030
:1086D000109002E000201090FFE7FFE7FFE7FFE7C0
:1086E000FFE7FFE701F0CCBA40F6E840C4F20240F1
:1086F000006800F007000E900E9820B9FFE703F025
:1087000085F910905AE00E98012804D1FFE703F094
:10871000D3F9109051E00E98022806D1FFE714A873
:10872000FEF73EFB1698109046E040F60040C4F27B
:1087300002400068800300280AD5FFE70E9803284E
:1087400006D1FFE747F64000C0F27D10109032E0FE
:1087500040F60040C4F2024000688007002812D5AD
:10876000FFE70E9804280ED1FFE740F60040C4F260
:1087700002400068C0F3C10149F20000C0F2D030ED
:10878000C840109016E040F60040C4F20240006875
:10879000800500280AD5FFE70E98052806D1FFE7D7
:1087A00040F60010C0F23D00109002E00020109052
:1087B000FFE7FFE7FFE7FFE7FFE7FFE701F060BA4A
:1087C00040F6E840C4F20240006800F008000E9055
:1087D00040F6F040C4F2024000688007002807D548
:1087E000FFE70E9820B9FFE74FF40040109014E027
:1087F00040F6F040C4F2024000680001002808D5AD
:10880000FFE70E98082804D1FFE74FF4FA401090D4
:1088100002E000201090FFE7FFE701F031BA40F6D8
:10882000E440C4F20240006800F440300E900E981C
:1088300020B9FFE703F004F9109040E00E98B0F57E
:10884000803F06D1FFE711A8FEF726FC1398109091
:1088500034E040F60040C4F202400068800700287F
:1088600013D5FFE70E98B0F5003F0ED1FFE740F6B5
:108870000040C4F202400068C0F3C10149F20000A8
:10888000C0F2D030C840109017E040F60040C4F26B
:1088900002400068800500280BD5FFE70E98B0F570
:1088A000403F06D1FFE740F60010C0F23D001090B7
:1088B00002E000201090FFE7FFE7FFE7FFE701F08D
:1088C000DFB940F6E440C4F20240006800F4402002
:1088D0000E900E9820B9FFE703F0B2F8109040E038
:1088E0000E98B0F5802F06D1FFE711A8FEF7D4FB54
:1088F0001398109034E040F60040C4F20240006843
:108900008007002813D5FFE70E98B0F5002F0ED191
:10891000FFE740F60040C4F202400068C0F3C10126
:1089200049F20000C0F2D030C840109017E040F685
:108930000040C4F202400068800500280BD5FFE724
:108940000E98B0F5402F06D1FFE740F60010C0F2B8
:108950003D00109002E000201090FFE7FFE7FFE7E6
:10896000FFE701F08DB940F6E440C4F20240006830
:1089700000F440100E900E9820B9FFE703F088F83D
:10898000109040E00E98B0F5801F06D1FFE711A8C7
:10899000FEF782FB1398109034E040F60040C4F2DA
:1089A000024000688007002813D5FFE70E98B0F555
:1089B000001F0ED1FFE740F60040C4F202400068FD
:1089C000C0F3C10149F20000C0F2D030C84010909D
:1089D00017E040F60040C4F202400068800500281D
:1089E0000BD5FFE70E98B0F5401F06D1FFE740F624
:1089F0000010C0F23D00109002E000201090FFE750
:108A0000FFE7FFE7FFE701F03BB940F6E440C4F2BF
:108A10000240006800F440000E900E9820B9FFE775
:108A200003F036F8109040E00E98B0F5800F06D1B4
:108A3000FFE711A8FEF730FB1398109034E040F6E2
:108A40000040C4F2024000688007002813D5FFE709
:108A50000E98B0F5000F0ED1FFE740F60040C4F2CB
:108A600002400068C0F3C10149F20000C0F2D030FA
:108A7000C840109017E040F60040C4F20240006881
:108A8000800500280BD5FFE70E98B0F5400F06D102
:108A9000FFE740F60010C0F23D00109002E0002019
:108AA0001090FFE7FFE7FFE7FFE701F0E9B840F6C6
:108AB000E440C4F20240006800F040700E900E984E
:108AC00020B9FFE702F0BCFF10902BE00E98B0F148
:108AD000807F06D1FFE711A8FEF7DEFA1398109009
:108AE0001FE040F60040C4F2024000688007002802
:108AF00013D5FFE70E98B0F1007F0ED1FFE740F6E7
:108B00000040C4F202400068C0F3C10149F2000015
:108B1000C0F2D030C840109002E000201090FFE773
:108B2000FFE7FFE701F0ACB840F6DC40C4F20240DA
:108B3000006800F4E0600E900E980990C8B1FFE75D
:108B40000998B0F5807F18D0FFE70998B0F5007F4D
:108B500019D0FFE70998B0F5407F1AD0FFE70998D0
:108B6000B0F5806F26D0FFE70998B0F5A06F32D03E
:108B700081E002F08DFF109080E014A8FEF710F95C
:108B8000149810907AE011A8FEF786FA13981090C6
:108B900074E040F6F040C4F202400068800700280C
:108BA00004D5FFE74FF40040109002E00020109041
:108BB000FFE763E040F6F040C4F2024000680001C5
:108BC000002804D5FFE74FF4FA40109002E000209F
:108BD0001090FFE752E040F6E840C4F2024000681F
:108BE00000F040400F9040F60040C4F202400068A0
:108BF0008007002811D5FFE70F9870B9FFE740F60E
:108C00000040C4F202400068C0F3C10149F2000014
:108C1000C0F2D030C84010902CE040F60040C4F2C2
:108C200002400068800500280BD5FFE70F98B0F1DF
:108C3000804F06D1FFE740F60010C0F23D001090D3
:108C400017E040F60040C4F20240006880030028AC
:108C50000BD5FFE70F98B0F1004F06D1FFE747F6BD
:108C60004000C0F27D10109002E000201090FFE75D
:108C7000FFE7FFE702E000201090FFE701F000B8F7
:108C800040F6DC40C4F20240006800F4E0400E9080
:108C90000E980890C8B1FFE70898B0F5805F18D02B
:108CA000FFE70898B0F5005F19D0FFE70898B0F526
:108CB000405F1AD0FFE70898B0F5804F26D0FFE755
:108CC0000898B0F5A04F32D081E002F0B9FE1090C4
:108CD00080E014A8FEF764F8149810907AE011A8C8
:108CE000FEF7DAF91398109074E040F6F040C4F201
:108CF000024000688007002804D5FFE74FF40040D9
:108D0000109002E000201090FFE763E040F6F04092
:108D1000C4F2024000680001002804D5FFE74FF4C8
:108D2000FA40109002E000201090FFE752E040F679
:108D3000E840C4F20240006800F040400F9040F666
:108D40000040C4F2024000688007002811D5FFE708
:108D50000F9870B9FFE740F60040C4F20240006887
:108D6000C0F3C10149F20000C0F2D030C8401090F9
:108D70002CE040F60040C4F2024000688005002864
:108D80000BD5FFE70F98B0F1804F06D1FFE740F613
:108D90000010C0F23D00109017E040F60040C4F211
:108DA00002400068800300280BD5FFE70F98B0F160
:108DB000004F06D1FFE747F64000C0F27D1010904B
:108DC00002E000201090FFE7FFE7FFE702E000204D
:108DD0001090FFE700F054BF40F6DC40C4F20240C0
:108DE000006800F4E0200E900E980790C8B1FFE7ED
:108DF0000798B0F5803F18D0FFE70798B0F5003F1F
:108E000019D0FFE70798B0F5403F1AD0FFE7079861
:108E1000B0F5802F26D0FFE70798B0F5A02F32D00D
:108E200081E002F035FE109080E014A8FDF7B8FF55
:108E3000149810907AE011A8FEF72EF9139810906C
:108E400074E040F6F040C4F2024000688007002859
:108E500004D5FFE74FF40040109002E0002010908E
:108E6000FFE763E040F6F040C4F202400068000112
:108E7000002804D5FFE74FF4FA40109002E00020EC
:108E80001090FFE752E040F6E840C4F2024000686C
:108E900000F040400F9040F60040C4F202400068ED
:108EA0008007002811D5FFE70F9870B9FFE740F65B
:108EB0000040C4F202400068C0F3C10149F2000062
:108EC000C0F2D030C84010902CE040F60040C4F210
:108ED00002400068800500280BD5FFE70F98B0F12D
:108EE000804F06D1FFE740F60010C0F23D00109021
:108EF00017E040F60040C4F20240006880030028FA
:108F00000BD5FFE70F98B0F1004F06D1FFE747F60A
:108F10004000C0F27D10109002E000201090FFE7AA
:108F2000FFE7FFE702E000201090FFE700F0A8BE97
:108F300040F6DC40C4F20240006800F4E0000E900D
:108F40000E980690C8B1FFE70698B0F5801F18D0BC
:108F5000FFE70698B0F5001F19D0FFE70698B0F5B7
:108F6000401F1AD0FFE70698B0F5800F26D0FFE724
:108F70000698B0F5A00F32D081E002F089FD109084
:108F800080E014A8FDF70CFF149810907AE011A867
:108F9000FEF782F81398109074E040F6F040C4F2A7
:108FA000024000688007002804D5FFE74FF4004026
:108FB000109002E000201090FFE763E040F6F040E0
:108FC000C4F2024000680001002804D5FFE74FF416
:108FD000FA40109002E000201090FFE752E040F6C7
:108FE000E840C4F20240006800F040400F9040F6B4
:108FF0000040C4F2024000688007002811D5FFE756
:109000000F9870B9FFE740F60040C4F202400068D4
:10901000C0F3C10149F20000C0F2D030C840109046
:109020002CE040F60040C4F20240006880050028B1
:109030000BD5FFE70F98B0F1804F06D1FFE740F660
:109040000010C0F23D00109017E040F60040C4F25E
:1090500002400068800300280BD5FFE70F98B0F1AD
:10906000004F06D1FFE747F64000C0F27D10109098
:1090700002E000201090FFE7FFE7FFE702E000209A
:109080001090FFE700F0FCBD40F6DC40C4F2024067
:10909000006800F0E0600E900E980590C8B1FFE700
:1090A0000598B0F1807F18D0FFE70598B0F1007FF8
:1090B00019D0FFE70598B0F1407F1AD0FFE7059877
:1090C000B0F1806F26D0FFE70598B0F1A06F32D0E5
:1090D00081E002F0DDFC109080E014A8FDF760FE56
:1090E000149810907AE011A8FDF7D6FF139810900D
:1090F00074E040F6F040C4F20240006880070028A7
:1091000004D5FFE74FF40040109002E000201090DB
:10911000FFE763E040F6F040C4F20240006800015F
:10912000002804D5FFE74FF4FA40109002E0002039
:109130001090FFE752E040F6E840C4F202400068B9
:1091400000F040400F9040F60040C4F2024000683A
:109150008007002811D5FFE70F9870B9FFE740F6A8
:109160000040C4F202400068C0F3C10149F20000AF
:10917000C0F2D030C84010902CE040F60040C4F25D
:1091800002400068800500280BD5FFE70F98B0F17A
:10919000804F06D1FFE740F60010C0F23D0010906E
:1091A00017E040F60040C4F2024000688003002847
:1091B0000BD5FFE70F98B0F1004F06D1FFE747F658
:1091C0004000C0F27D10109002E000201090FFE7F8
:1091D000FFE7FFE702E000201090FFE700F050BD3E
:1091E00040F6DC40C4F20240006800F0E0400E901F
:1091F0000E980490C8B1FFE70498B0F1805F18D0D2
:10920000FFE70498B0F1005F19D0FFE70498B0F1D0
:10921000405F1AD0FFE70498B0F1804F26D0FFE7F7
:109220000498B0F1A04F32D081E002F031FC1090F0
:1092300080E014A8FDF7B4FD149810907AE011A80E
:10924000FDF72AFF1398109074E040F6F040C4F246
:10925000024000688007002804D5FFE74FF4004073
:10926000109002E000201090FFE763E040F6F0402D
:10927000C4F2024000680001002804D5FFE74FF463
:10928000FA40109002E000201090FFE752E040F614
:10929000E840C4F20240006800F040400F9040F601
:1092A0000040C4F2024000688007002811D5FFE7A3
:1092B0000F9870B9FFE740F60040C4F20240006822
:1092C000C0F3C10149F20000C0F2D030C840109094
:1092D0002CE040F60040C4F20240006880050028FF
:1092E0000BD5FFE70F98B0F1804F06D1FFE740F6AE
:1092F0000010C0F23D00109017E040F60040C4F2AC
:1093000002400068800300280BD5FFE70F98B0F1FA
:10931000004F06D1FFE747F64000C0F27D101090E5
:1093200002E000201090FFE7FFE7FFE702E00020E7
:109330001090FFE700F0A4BC40F6E840C4F2024001
:10934000006800F440700E9040F60040C4F2024005
:1093500000688003002809D5FFE70E9830B9FFE7C1
:1093600047F64000C0F27D1010901AE00E98B0F55C
:10937000807F06D1FFE717A8FDF796FB189810909D
:109380000EE00E98B0F5007F06D1FFE714A8FDF7B8
:1093900007FD1598109002E000201090FFE7FFE70E
:1093A000FFE700F06DBC40F6E040C4F20240006808
:1093B00000F007000E900E98039004286DD80399D2
:1093C000DFE801F003090F151B0017A8FDF76CFB80
:1093D0001898109064E014A8FDF7E2FC149810901F
:1093E0005EE011A8FDF758FE1198109058E048F281
:1093F0000000C0F2BB00109052E040F6E840C4F21A
:109400000240006800F040400F9040F60040C4F277
:10941000024000688007002811D5FFE70F9870B957
:10942000FFE740F60040C4F202400068C0F3C1010B
:1094300049F20000C0F2D030C84010902CE040F655
:109440000040C4F202400068800500280BD5FFE709
:109450000F98B0F1804F06D1FFE740F60010C0F240
:109460003D00109017E040F60040C4F20240006852
:10947000800300280BD5FFE70F98B0F1004F06D10D
:10948000FFE747F64000C0F27D10109002E0002098
:109490001090FFE7FFE7FFE702E000201090FFE7F2
:1094A00000F0EEBB40F6E040C4F20240006800F07D
:1094B00038000E900E980290202800F27C800299CD
:1094C000DFE801F011797979797979791779797902
:1094D000797979791D7979797979797923797979AE
:1094E00079797979290017A8FDF7DEFA1898109094
:1094F00064E014A8FDF754FC149810905EE011A8E5
:10950000FDF7CAFD1198109058E048F20000C0F233
:10951000BB00109052E040F6E840C4F20240006800
:1095200000F040400F9040F60040C4F20240006856
:109530008007002811D5FFE70F9870B9FFE740F6C4
:109540000040C4F202400068C0F3C10149F20000CB
:10955000C0F2D030C84010902CE040F60040C4F279
:1095600002400068800500280BD5FFE70F98B0F196
:10957000804F06D1FFE740F60010C0F23D0010908A
:1095800017E040F60040C4F2024000688003002863
:109590000BD5FFE70F98B0F1004F06D1FFE747F674
:1095A0004000C0F27D10109002E000201090FFE714
:1095B000FFE7FFE702E000201090FFE760E340F6DE
:1095C000E040C4F20240006800F4E0700E900E9893
:1095D000019088B1FFE70198402813D0FFE7019878
:1095E000802815D0FFE70198C02817D0FFE7019821
:1095F000B0F5807F18D067E017A8FDF755FA1898E6
:10960000109064E014A8FDF7CBFB149810905EE076
:1096100011A8FDF741FD1198109058E048F20000A4
:10962000C0F2BB00109052E040F6E840C4F20240A5
:10963000006800F040400F9040F60040C4F2024045
:1096400000688007002811D5FFE70F9870B9FFE781
:1096500040F60040C4F202400068C0F3C10149F284
:109660000000C0F2D030C84010902CE040F600401E
:10967000C4F202400068800500280BD5FFE70F9870
:10968000B0F1804F06D1FFE740F60010C0F23D0078
:10969000109017E040F60040C4F2024000688003DA
:1096A00000280BD5FFE70F98B0F1004F06D1FFE778
:1096B00047F64000C0F27D10109002E000201090AC
:1096C000FFE7FFE7FFE702E000201090FFE7D7E2A7
:1096D00040F6E040C4F20240006800F460600E9082
:1096E0000E9820B9FFE702F0BFF9109073E040F642
:1096F0000040C4F202400068000100280BD5FFE7DB
:109700000E98B0F5007F06D1FFE714A8FDF748FBDF
:10971000159810905EE040F60040C4F202400068E8
:10972000800000280BD5FFE70E98B0F5806F06D1BA
:10973000FFE711A8FDF7B0FC1298109049E040F641
:109740000040C4F2024000688007002813D5FFE7FC
:109750000E98B0F5C06F0ED1FFE740F60040C4F29E
:1097600002400068C0F3C10149F20000C0F2D030ED
:10977000C84010902CE040F60040C4F2024000685F
:10978000800500280BD5FFE70E98B0F5006F06D1D5
:10979000FFE740F60010C0F23D00109017E040F6E1
:1097A0000040C4F202400068800300280BD5FFE7A8
:1097B0000E98B0F5206F06D1FFE747F64000C0F2E3
:1097C0007D10109002E000201090FFE7FFE7FFE718
:1097D000FFE7FFE7FFE753E240F6E040C4F2024054
:1097E000006800F4E0400E900E9820B9FFE702F008
:1097F0004FF9109073E040F60040C4F20240006858
:10980000000100280BD5FFE70E98B0F5805F06D168
:10981000FFE714A8FDF7C4FA159810905EE040F633
:109820000040C4F202400068800000280BD5FFE72A
:109830000E98B0F5005F06D1FFE711A8FDF72CFCEC
:109840001298109049E040F60040C4F202400068CF
:109850008007002813D5FFE70E98B0F5405F0ED1C2
:10986000FFE740F60040C4F202400068C0F3C101C7
:1098700049F20000C0F2D030C84010902CE040F611
:109880000040C4F202400068800500280BD5FFE7C5
:109890000E98B0F5804F06D1FFE740F60010C0F2F9
:1098A0003D00109017E040F60040C4F2024000680E
:1098B000800300280BD5FFE70E98B0F5A04F06D126
:1098C000FFE747F64000C0F27D10109002E0002054
:1098D0001090FFE7FFE7FFE7FFE7FFE7FFE7CFE1D4
:1098E00040F6E040C4F20240006800F460300E90A0
:1098F0000E9820B9FFE702F0B7F8109073E040F639
:109900000040C4F202400068000100280BD5FFE7C8
:109910000E98B0F5004F06D1FFE714A8FDF740FA06
:10992000159810905EE040F60040C4F202400068D6
:10993000800000280BD5FFE70E98B0F5803F06D1D8
:10994000FFE711A8FDF7A8FB1298109049E040F638
:109950000040C4F2024000688007002813D5FFE7EA
:109960000E98B0F5C03F0ED1FFE740F60040C4F2BC
:1099700002400068C0F3C10149F20000C0F2D030DB
:10998000C84010902CE040F60040C4F2024000684D
:10999000800500280BD5FFE70E98B0F5003F06D1F3
:1099A000FFE740F60010C0F23D00109017E040F6CF
:1099B0000040C4F202400068800300280BD5FFE796
:1099C0000E98B0F5203F06D1FFE747F64000C0F201
:1099D0007D10109002E000201090FFE7FFE7FFE706
:1099E000FFE7FFE7FFE74BE140F6E440C4F2024047
:1099F000006800F003000E900E980090032864D8D1
:109A00000099DFE801F002060C1201F0FFFF109050
:109A10005EE017A8FDF748F81898109058E014A8D1
:109A2000FDF7BEF91698109052E040F6E840C4F2F7
:109A30000240006800F040400F9040F60040C4F241
:109A4000024000688007002811D5FFE70F9870B921
:109A5000FFE740F60040C4F202400068C0F3C101D5
:109A600049F20000C0F2D030C84010902CE040F61F
:109A70000040C4F202400068800500280BD5FFE7D3
:109A80000F98B0F1804F06D1FFE740F60010C0F20A
:109A90003D00109017E040F60040C4F2024000681C
:109AA000800300280BD5FFE70F98B0F1004F06D1D7
:109AB000FFE747F64000C0F27D10109002E0002062
:109AC0001090FFE7FFE7FFE702E000201090FFE7BC
:109AD000D6E040F6E840C4F20240006800F0C00062
:109AE0000E9040F6F040C4F2024000688007002863
:109AF00007D5FFE70E9820B9FFE74FF4004010901C
:109B000026E040F6F040C4F2024000680001002860
:109B100008D5FFE70E98402804D1FFE74FF4FA403C
:109B2000109014E040F60040C4F202400068800546
:109B3000002808D5FFE70E98802804D1FFE748F2F7
:109B40001200109002E000201090FFE7FFE7FFE70F
:109B500096E040F6E840C4F20240006800F03000B1
:109B60000E9040F60040C4F20240006880040028D5
:109B700009D5FFE70E9830B9FFE746F60040C0F27E
:109B8000DC2010903AE040F60040C4F20240006849
:109B9000800100280AD5FFE70E98102806D1FFE7BC
:109BA00017A8FCF781FF1898109026E040F6F040C7
:109BB000C4F2024000688007002808D5FFE70E982D
:109BC000202804D1FFE74FF40040109014E040F645
:109BD000F040C4F2024000680001002808D5FFE709
:109BE0000E98302804D1FFE74FF4FA40109002E0BD
:109BF00000201090FFE7FFE7FFE7FFE740E040F6B7
:109C0000E440C4F20240006800F030000E900E986C
:109C1000102806D1FFE717A8FCF746FF1898109008
:109C20002EE040F60040C4F20240006880000028A8
:109C30000AD5FFE70E98202806D1FFE711A8FDF707
:109C40002BFA1298109016E040F60040C4F2024041
:109C50000068800400280AD5FFE70E98302806D156
:109C6000FFE746F60040C0F2DC20109002E0002042
:109C70001090FFE7FFE7FFE702E000201090FFE70A
:109C8000FFE710981CB080BD80B5ACB02B900020D1
:109C90008DF8A3008DF8A2002B98C078C00760B1A2
:109CA000FFE740F6E841C4F20241086820F0404076
:109CB0002B9A926D10430860FFE72B980068C0074D
:109CC000002837D0FFE72B98C06D2790052817D8BC
:109CD0002799DFE801F003040B12131414E02B980A
:109CE000083006F023FC8DF8A3000DE02B983030EF
:109CF00006F0D2FC8DF8A30006E005E004E003E0E6
:109D000001208DF8A300FFE79DF8A30060B9FFE7ED
:109D100040F6D841C4F20241086820F007002B9AAF
:109D2000D26D1043086004E09DF8A3008DF8A200F6
:109D3000FFE7FFE72B9800788007002840F14A8072
:109D4000FFE72B98006E2690282829D82699DFE86F
:109D500001F0152727272727272716272727272713
:109D600027271D2727272727272724272727272790
:109D700027272527272727272727260014E02B9882
:109D8000083006F0D3FB8DF8A3000DE02B9830309F
:109D900006F082FC8DF8A30006E005E004E003E095
:109DA00001208DF8A300FFE79DF8A30060B9FFE74D
:109DB00040F6D841C4F20241086820F038002B9ADE
:109DC000126E1043086004E09DF8A3008DF8A20015
:109DD000FFE7FFE72B9800784007002847D5FFE70B
:109DE0002B98406E2590B0B1FFE72598402813D0FE
:109DF000FFE72598802816D0FFE72598C02819D0BE
:109E0000FFE72598B0F5807F15D0FFE72598B0F5DE
:109E1000A07F11D011E014E02B98083006F086FBEB
:109E20008DF8A3000DE02B98303006F035FC8DF84E
:109E3000A30006E005E004E003E001208DF8A300A4
:109E4000FFE79DF8A30060B9FFE740F6D841C4F2F0
:109E50000241086820F4E0702B9A526E10430860AB
:109E600004E09DF8A3008DF8A200FFE7FFE72B9820
:109E70000078000700284AD5FFE72B98806E2490D1
:109E8000C8B1FFE72498B0F5007F15D0FFE724980C
:109E9000B0F5806F17D0FFE72498B0F5C06F19D0E8
:109EA000FFE72498B0F5006F15D0FFE72498B0F5D0
:109EB000206F11D011E014E02B98083006F036FB2B
:109EC0008DF8A3000DE02B98303006F0E5FB8DF8FF
:109ED000A30006E005E004E003E001208DF8A30004
:109EE000FFE79DF8A30060B9FFE740F6D841C4F250
:109EF0000241086820F460602B9A926E104308605B
:109F000004E09DF8A3008DF8A200FFE7FFE72B987F
:109F10000078C00600284AD5FFE72B98C06E239032
:109F2000C8B1FFE72398B0F5805F15D0FFE723980D
:109F3000B0F5005F17D0FFE72398B0F5405F19D068
:109F4000FFE72398B0F5804F15D0FFE72398B0F5D1
:109F5000A04F11D011E014E02B98083006F0E6FA7B
:109F60008DF8A3000DE02B98303006F095FB8DF8AE
:109F7000A30006E005E004E003E001208DF8A30063
:109F8000FFE79DF8A30060B9FFE740F6D841C4F2AF
:109F90000241086820F4E0402B9AD26E104308601A
:109FA00004E09DF8A3008DF8A200FFE7FFE72B98DF
:109FB0000078800600284AD5FFE72B98006F229092
:109FC000C8B1FFE72298B0F5004F15D0FFE72298FF
:109FD000B0F5803F17D0FFE72298B0F5C03F19D009
:109FE000FFE72298B0F5003F15D0FFE72298B0F5C3
:109FF000203F11D011E014E02B98083006F096FABB
:10A000008DF8A3000DE02B98303006F045FB8DF85D
:10A01000A30006E005E004E003E001208DF8A300C2
:10A02000FFE79DF8A30060B9FFE740F6D841C4F20E
:10A030000241086820F460302B9A126F10430860C8
:10A0400004E09DF8A3008DF8A200FFE7FFE72B983E
:10A050000078400600284AD5FFE72B98406F2190F2
:10A06000C8B1FFE72198B0F5802F15D0FFE7219800
:10A07000B0F5002F17D0FFE72198B0F5402F19D089
:10A08000FFE72198B0F5801F15D0FFE72198B0F5C4
:10A09000A01F11D011E014E02B98083006F046FA0A
:10A0A0008DF8A3000DE02B98303006F0F5FA8DF80E
:10A0B000A30006E005E004E003E001208DF8A30022
:10A0C000FFE79DF8A30060B9FFE740F6D841C4F26E
:10A0D0000241086820F4E0102B9A526F1043086088
:10A0E00004E09DF8A3008DF8A200FFE7FFE72B989E
:10A0F0000078000600284AD5FFE72B98806F209053
:10A10000C8B1FFE72098B0F5001F15D0FFE72098F1
:10A11000B0F5800F17D0FFE72098B0F5C00F19D029
:10A12000FFE72098B0F5000F15D0FFE72098B0F5B5
:10A13000200F11D011E014E02B98083006F0F6F94A
:10A140008DF8A3000DE02B98303006F0A5FA8DF8BD
:10A15000A30006E005E004E003E001208DF8A30081
:10A16000FFE79DF8A30060B9FFE740F6D841C4F2CD
:10A170000241086820F460002B9A926F1043086037
:10A1800004E09DF8A3008DF8A200FFE7FFE72B98FD
:10A190004078C00700284AD0FFE72B98C06F1F9077
:10A1A000C8B1FFE71F98B0F1807F15D0FFE71F9877
:10A1B000B0F1007F17D0FFE71F98B0F1407F19D0B2
:10A1C000FFE71F98B0F1806F15D0FFE71F98B0F13F
:10A1D000A06F11D011E014E02B98083006F0A6F91A
:10A1E0008DF8A3000DE02B98303006F055FA8DF86D
:10A1F000A30006E005E004E003E001208DF8A300E1
:10A20000FFE79DF8A30060B9FFE740F6D841C4F22C
:10A210000241086820F0E0602B9AD26F104308607A
:10A2200004E09DF8A3008DF8A200FFE7FFE72B985C
:10A230004078800700284CD5FFE72B98D0F88000A5
:10A240001E90C8B1FFE71E98B0F1006F15D0FFE770
:10A250001E98B0F1805F17D0FFE71E98B0F1C05F85
:10A2600019D0FFE71E98B0F1005F15D0FFE71E98E8
:10A27000B0F1205F11D011E014E02B98083006F007
:10A2800055F98DF8A3000DE02B98303006F004FA54
:10A290008DF8A30006E005E004E003E001208DF85E
:10A2A000A300FFE79DF8A30068B9FFE740F6D84197
:10A2B000C4F20241086820F060502B9AD2F8802046
:10A2C0001043086004E09DF8A3008DF8A200FFE7AA
:10A2D000FFE72B9840784007002839D5FFE72B98F7
:10A2E000D0F884001D90052817D81D99DFE801F0EB
:10A2F00003040B12131414E02B98083006F016F91F
:10A300008DF8A3000DE02B98303006F0C5F98DF8DC
:10A31000A30006E005E004E003E001208DF8A300BF
:10A32000FFE79DF8A30068B9FFE740F6DC41C4F2FF
:10A330000241086820F007002B9AD2F884201043CD
:10A34000086004E09DF8A3008DF8A200FFE7FFE796
:10A350002B9840780007002847D5FFE72B98D0F8C6
:10A3600088001C90A0B1FFE71C98102811D0FFE7CF
:10A370001C98202814D0FFE71C98302817D0FFE73E
:10A380001C98402814D0FFE71C98502811D011E0E9
:10A3900014E02B98083006F0C9F88DF8A3000DE002
:10A3A0002B98303006F078F98DF8A30006E005E030
:10A3B00004E003E001208DF8A300FFE79DF8A3006F
:10A3C00068B9FFE740F6DC41C4F20241086820F0BA
:10A3D00070002B9AD2F888201043086004E09DF8A2
:10A3E000A3008DF8A200FFE7FFE72B984078C00696
:10A3F00000284CD5FFE72B98D0F88C001B90C8B1F3
:10A40000FFE71B98B0F1807F15D0FFE71B98B0F1F4
:10A41000007F17D0FFE71B98B0F1407F19D0FFE70E
:10A420001B98B0F1806F15D0FFE71B98B0F1A06FBB
:10A4300011D011E014E02B98083006F077F88DF871
:10A44000A3000DE02B98303006F026F98DF8A3001C
:10A4500006E005E004E003E001208DF8A300FFE73B
:10A460009DF8A30068B9FFE740F6E041C4F202415D
:10A47000086820F0E0602B9AD2F88C201043086026
:10A4800004E09DF8A3008DF8A200FFE7FFE72B98FA
:10A490004078800600283AD5FFE72B98D0F8900046
:10A4A0001A9078B1FFE71A98B0F5803F0BD0FFE71C
:10A4B0001A98B0F5003F0DD0FFE71A98B0F5403F6D
:10A4C00009D009E00CE02B98303006F0E5F88DF863
:10A4D000A30005E004E003E001208DF8A300FFE7FE
:10A4E0009DF8A30068B9FFE740F6E441C4F20241D9
:10A4F000086820F440302B9AD2F89020104308606E
:10A5000004E09DF8A3008DF8A200FFE7FFE72B9879
:10A510004078400600283AD5FFE72B98D0F8940001
:10A52000199078B1FFE71998B0F5802F0BD0FFE7AD
:10A530001998B0F5002F0DD0FFE71998B0F5402F0E
:10A5400009D009E00CE02B98303006F0A5F88DF822
:10A55000A30005E004E003E001208DF8A300FFE77D
:10A560009DF8A30068B9FFE740F6E441C4F2024158
:10A57000086820F440202B9AD2F8942010430860F9
:10A5800004E09DF8A3008DF8A200FFE7FFE72B98F9
:10A590004078000600283AD5FFE72B98D0F89800BD
:10A5A000189078B1FFE71898B0F5801F0BD0FFE73F
:10A5B0001898B0F5001F0DD0FFE71898B0F5401FB0
:10A5C00009D009E00CE02B98303006F065F88DF8E2
:10A5D000A30005E004E003E001208DF8A300FFE7FD
:10A5E0009DF8A30068B9FFE740F6E441C4F20241D8
:10A5F000086820F440102B9AD2F898201043086085
:10A6000004E09DF8A3008DF8A200FFE7FFE72B9878
:10A610004079400700283AD5FFE72B98D0F89C00F6
:10A62000179078B1FFE71798B0F5800F0BD0FFE7D0
:10A630001798B0F5000F0DD0FFE71798B0F5400F51
:10A6400009D009E00CE02B98303006F025F88DF8A1
:10A65000A30005E004E003E001208DF8A300FFE77C
:10A660009DF8A30068B9FFE740F6E441C4F2024157
:10A67000086820F440002B9AD2F89C201043086010
:10A6800004E09DF8A3008DF8A200FFE7FFE72B98F8
:10A690008078C007A0B3FFE72B98D0F8A0001690F1
:10A6A00050B1FFE71698B0F1807F06D0FFE716980B
:10A6B000B0F1007F08D008E00BE02B98303005F0B7
:10A6C000EBFF8DF8A30004E003E001208DF8A30068
:10A6D000FFE79DF8A30068B9FFE740F6E441C4F244
:10A6E0000241086820F040702B9AD2F8A020104355
:10A6F000086004E09DF8A3008DF8A200FFE7FFE7E3
:10A700002B9840790007002811D5FFE7FFE740F6B6
:10A710001C41C4F20241086820F4004008602B98F4
:10A72000D0F80421086810430860FFE7FFE72B9882
:10A730008078800700284CD5FFE72B98D0F8A4003C
:10A740001590C8B1FFE71598B0F5807F15D0FFE7E9
:10A750001598B0F5007F17D0FFE71598B0F5407F4A
:10A7600019D0FFE71598B0F5806F15D0FFE7159861
:10A77000B0F5A06F11D011E014E02B98083005F06F
:10A78000D5FE8DF8A3000DE02B98303005F084FF46
:10A790008DF8A30006E005E004E003E001208DF859
:10A7A000A300FFE79DF8A30068B9FFE740F6DC418E
:10A7B000C4F20241086820F4E0602B9AD2F8A42089
:10A7C0001043086004E09DF8A3008DF8A200FFE7A5
:10A7D000FFE72B988078400700284CD5FFE72B989F
:10A7E000D0F8A8001490C8B1FFE71498B0F5805FC6
:10A7F00015D0FFE71498B0F5005F17D0FFE7149865
:10A80000B0F5405F19D0FFE71498B0F5804F15D030
:10A81000FFE71498B0F5A04F11D011E014E02B9889
:10A82000083005F083FE8DF8A3000DE02B98303042
:10A8300005F032FF8DF8A30006E005E004E003E038
:10A8400001208DF8A300FFE79DF8A30068B9FFE79A
:10A8500040F6DC41C4F20241086820F4E0402B9A43
:10A86000D2F8A8201043086004E09DF8A3008DF8FA
:10A87000A200FFE7FFE72B980079800600284CD55F
:10A88000FFE72B98D0F8AC001390C8B1FFE71398FE
:10A89000B0F5803F15D0FFE71398B0F5003F17D013
:10A8A000FFE71398B0F5403F19D0FFE71398B0F5D4
:10A8B000802F15D0FFE71398B0F5A02F11D011E02D
:10A8C00014E02B98083005F031FE8DF8A3000DE060
:10A8D0002B98303005F0E0FE8DF8A30006E005E08F
:10A8E00004E003E001208DF8A300FFE79DF8A3003A
:10A8F00068B9FFE740F6DC41C4F20241086820F481
:10A90000E0202B9AD2F8AC201043086004E09DF8B8
:10A91000A3008DF8A200FFE7FFE72B98007940061F
:10A9200000284CD5FFE72B98D0F8B0001290C8B1A2
:10A93000FFE71298B0F5801F15D0FFE71298B0F529
:10A94000001F17D0FFE71298B0F5401F19D0FFE79E
:10A950001298B0F5800F15D0FFE71298B0F5A00F50
:10A9600011D011E014E02B98083005F0DFFD8DF8D0
:10A97000A3000DE02B98303005F08EFE8DF8A3007B
:10A9800006E005E004E003E001208DF8A300FFE706
:10A990009DF8A30068B9FFE740F6DC41C4F202412C
:10A9A000086820F4E0002B9AD2F8B0201043086029
:10A9B00004E09DF8A3008DF8A200FFE7FFE72B98C5
:10A9C0000079000600284CD5FFE72B98D0F8B4009A
:10A9D0001190C8B1FFE71198B0F1807F15D0FFE763
:10A9E0001198B0F1007F17D0FFE71198B0F1407FC8
:10A9F00019D0FFE71198B0F1806F15D0FFE71198DB
:10AA0000B0F1A06F11D011E014E02B98083005F0E0
:10AA10008DFD8DF8A3000DE02B98303005F03CFE45
:10AA20008DF8A30006E005E004E003E001208DF8C6
:10AA3000A300FFE79DF8A30068B9FFE740F6DC41FB
:10AA4000C4F20241086820F0E0602B9AD2F8B420EA
:10AA50001043086004E09DF8A3008DF8A200FFE712
:10AA6000FFE72B984079C00700284CD0FFE72B98D0
:10AA7000D0F8B8001090C8B1FFE71098B0F1805F2F
:10AA800015D0FFE71098B0F1005F17D0FFE71098DE
:10AA9000B0F1405F19D0FFE71098B0F1804F15D0AA
:10AAA000FFE71098B0F1A04F11D011E014E02B98FF
:10AAB000083005F03BFD8DF8A3000DE02B983030F9
:10AAC00005F0EAFD8DF8A30006E005E004E003E0F0
:10AAD00001208DF8A300FFE79DF8A30068B9FFE708
:10AAE00040F6DC41C4F20241086820F0E0402B9AB5
:10AAF000D2F8B8201043086004E09DF8A3008DF858
:10AB0000A200FFE7FFE72B988078000700284ED5CA
:10AB1000FFE72B98D0F8C0000F90A0B1FFE70F9887
:10AB2000B0F5803F18D0FFE70F98B0F5003F1AD07E
:10AB3000FFE70F98B0F5403F1CD0FFE70F98B0F546
:10AB4000802F18D018E040F62841C4F2024108686E
:10AB500040F40030086013E02B98083005F0E6FC64
:10AB60008DF8A3000CE02B98303005F095FD8DF8A2
:10AB7000A30005E004E003E001208DF8A300FFE757
:10AB80009DF8A30068B9FFE740F6E841C4F202412E
:10AB9000086820F4E0202B9AD2F8C0201043086007
:10ABA00004E09DF8A3008DF8A200FFE7FFE72B98D3
:10ABB0008078C00600284DD5FFE72B98D0F8C40058
:10ABC0000E90A0B1FFE70E98B0F5002F18D0FFE768
:10ABD0000E98B0F5801F1AD0FFE70E98B0F5C01F91
:10ABE0001CD0FFE70E98B0F5001F17D017E040F615
:10ABF0002841C4F20241086840F40030086012E0C5
:10AC00002B98083005F092FC8DF8A3000BE02B98F0
:10AC1000303005F041FD8DF8A30004E003E0012091
:10AC20008DF8A300FFE79DF8A30068B9FFE740F6A1
:10AC3000E841C4F20241086820F460102B9AD2F86F
:10AC4000C4201043086004E09DF8A3008DF8A20022
:10AC5000FFE7FFE72B9880788006002834D5FFE7D0
:10AC60002B98D0F8D4000D90022809D3FFE70D9857
:10AC7000022806D0FFE70D980338032808D308E020
:10AC80000BE02B98083005F051FC8DF8A30004E090
:10AC900003E001208DF8A300FFE79DF8A30068B949
:10ACA000FFE740F6E841C4F20241086820F00700DF
:10ACB0002B9AD2F8D4201043086004E09DF8A3003A
:10ACC0008DF8A200FFE7FFE72B9840798007002866
:10ACD00027D5FFE72B98D0F8D8000C9020B1FFE7DC
:10ACE0000C98082801D001E004E003E001208DF871
:10ACF000A300FFE79DF8A30068B9FFE740F6E8412D
:10AD0000C4F20241086820F008002B9AD2F8D8203B
:10AD10001043086004E09DF8A3008DF8A200FFE74F
:10AD2000FFE72B98C0788007002840F1B580FFE747
:10AD300040F62401C4F20241086840F001000860B6
:10AD4000FBF7DAFC2990FFE740F62400C4F202404A
:10AD50000068C00760B9FFE7FBF7CEFC2999401AED
:10AD6000032804D3FFE703208DF8A30000E0EBE7FE
:10AD70009DF8A300002840F08980FFE740F6F040EE
:10AD8000C4F20240006800F440702A902A98D0B1C2
:10AD9000FFE72A982B99D1F8F810884213D0FFE7E3
:10ADA00040F6F041C4F20241086820F440702A9055
:10ADB000086840F480300860086820F4803008603B
:10ADC0002A980860FFE79DF8A800C007E0B1FFE7F8
:10ADD000FBF792FC2990FFE740F6F040C4F20240F6
:10ADE0000068800700280ED4FFE7FBF785FC29994F
:10ADF000401A41F28931884204D3FFE703208DF8DD
:10AE0000A30000E0E8E7FFE79DF8A300C0BBFFE771
:10AE1000FFE72B98D0F8F80000F44070B0F5407FC1
:10AE200013D1FFE740F61C41C4F20241086820F448
:10AE30007C502B9AD2F8F8204FF6F043C0F6FF73FF
:10AE40001A4040EA1210086008E040F61C41C4F2C3
:10AE50000241086820F47C500860FFE740F6F041AA
:10AE6000C4F20241086820F4407008602B98D0F8C2
:10AE7000F8206FF31F32086810430860FFE704E012
:10AE80009DF8A3008DF8A200FFE704E09DF8A30061
:10AE90008DF8A200FFE7FFE72B98C0784007002855
:10AEA00039D5FFE72B98D0F8C8000B9060B1FFE7C9
:10AEB0000B98102809D0FFE70B9820280ED0FFE749
:10AEC0000B9830280BD00BE00EE040F62841C4F27E
:10AED0000241086840F40030086005E004E003E047
:10AEE00001208DF8A300FFE79DF8A30068B9FFE7F4
:10AEF00040F6E841C4F20241086820F030002B9A85
:10AF0000D2F8C8201043086004E09DF8A3008DF833
:10AF1000A200FFE7FFE72B9880784006002835D590
:10AF2000FFE72B98D0F8CC000A9020B1FFE70A98F1
:10AF3000402809D00FE040F62841C4F202410868D9
:10AF400040F4003008600AE02B98083005F0EEFA73
:10AF50008DF8A30003E001208DF8A300FFE79DF822
:10AF6000A30068B9FFE740F6E441C4F20241086873
:10AF700020F040002B9AD2F8CC201043086004E067
:10AF80009DF8A3008DF8A200FFE7FFE72B988078DB
:10AF90000006002835D5FFE72B98D0F8D00009909F
:10AFA00020B1FFE70998802809D00FE040F628413A
:10AFB000C4F20241086840F4003008600AE02B98AF
:10AFC000083005F0B3FA8DF8A30003E001208DF8F6
:10AFD000A300FFE79DF8A30068B9FFE740F6E4414E
:10AFE000C4F20241086820F080002B9AD2F8D020E9
:10AFF0001043086004E09DF8A3008DF8A200FFE76D
:10B00000FFE72B98C0780007002840D5FFE72B9872
:10B01000D0F8E000089004281ED80899DFE801F075
:10B02000030C131A1B0040F62841C4F202410868C1
:10B0300040F40030086013E02B98083005F076FAF1
:10B040008DF8A3000CE02B98303005F025FB8DF82F
:10B05000A30005E004E003E001208DF8A300FFE772
:10B060009DF8A30068B9FFE740F6E041C4F2024151
:10B07000086820F007002B9AD2F8E02010430860FF
:10B0800004E09DF8A3008DF8A200FFE7FFE72B98EE
:10B09000C078C006002840F14F80FFE72B98D0F819
:10B0A000E400079020282CD80799DFE801F0112A46
:10B0B0002A2A2A2A2A2A1A2A2A2A2A2A2A2A212A09
:10B0C0002A2A2A2A2A2A282A2A2A2A2A2A2A29000D
:10B0D00040F62841C4F20241086840F4003008609C
:10B0E00013E02B98083005F021FA8DF8A3000CE04E
:10B0F0002B98303005F0D0FA8DF8A30005E004E07D
:10B1000003E001208DF8A300FFE79DF8A30068B9D4
:10B11000FFE740F6E041C4F20241086820F0380041
:10B120002B9AD2F8E4201043086004E09DF8A300B5
:10B130008DF8A200FFE7FFE72B98C0788006002873
:10B140004BD5FFE72B98D0F8E800069088B1FFE7D1
:10B150000698402816D0FFE70698802819D0FFE708
:10B160000698C0281CD0FFE70698B0F5807F18D05D
:10B1700018E040F62841C4F20241086840F400306B
:10B18000086013E02B98083005F0D0F98DF8A30083
:10B190000CE02B98303005F07FFA8DF8A30005E025
:10B1A00004E003E001208DF8A300FFE79DF8A30071
:10B1B00068B9FFE740F6E041C4F20241086820F4B4
:10B1C000E0702B9AD2F8E8201043086004E09DF864
:10B1D000A3008DF8A200FFE7FFE72B98C078400698
:10B1E00000284CD5FFE72B98D0F8EC000590C8B1AB
:10B1F000FFE70598B0F5007F15D0FFE70598B0F59B
:10B20000806F17D0FFE70598B0F5C06F19D0FFE742
:10B210000598B0F5006F15D0FFE70598B0F5206FE1
:10B2200011D011E014E02B98083005F07FF98DF86B
:10B23000A3000DE02B98303005F02EFA8DF8A30016
:10B2400006E005E004E003E001208DF8A300FFE73D
:10B250009DF8A30068B9FFE740F6E041C4F202415F
:10B26000086820F460602B9AD2F8EC201043086044
:10B2700004E09DF8A3008DF8A200FFE7FFE72B98FC
:10B28000C078000600284CD5FFE72B98D0F8F000D6
:10B290000490C8B1FFE70498B0F5805F15D0FFE7D0
:10B2A0000498B0F5005F17D0FFE70498B0F5405F51
:10B2B00019D0FFE70498B0F5804F15D0FFE7049848
:10B2C000B0F5A04F11D011E014E02B98083005F034
:10B2D0002DF98DF8A3000DE02B98303005F0DCF946
:10B2E0008DF8A30006E005E004E003E001208DF8FE
:10B2F000A300FFE79DF8A30068B9FFE740F6E0412F
:10B30000C4F20241086820F4E0402B9AD2F8F02001
:10B310001043086004E09DF8A3008DF8A200FFE749
:10B32000FFE72B980079C00700284CD0FFE72B9847
:10B33000D0F8F4000390C8B1FFE70398B0F5004FD0
:10B3400015D0FFE70398B0F5803F17D0FFE70398CB
:10B35000B0F5C03F19D0FFE70398B0F5003F15D016
:10B36000FFE70398B0F5203F11D011E014E02B98CF
:10B37000083005F0DBF88DF8A3000DE02B98303095
:10B3800005F08AF98DF8A30006E005E004E003E08B
:10B3900001208DF8A300FFE79DF8A30068B9FFE73F
:10B3A00040F6E041C4F20241086820F460302B9A74
:10B3B000D2F8F4201043086004E09DF8A3008DF853
:10B3C000A200FFE7FFE72B9800798007002838D517
:10B3D000FFE72B98D0F8DC000290032816D80299DA
:10B3E000DFE801F002030C1314E040F62841C4F238
:10B3F0000241086840F4003008600BE02B980830E8
:10B4000005F094F88DF8A30004E003E001208DF826
:10B41000A300FFE79DF8A30068B9FFE740F6E44109
:10B42000C4F20241086820F003002B9AD2F8DC2015
:10B430001043086004E09DF8A3008DF8A200FFE728
:10B44000FFE72B980079400700283CD5FFE72B98B1
:10B45000D0F8BC00019050B1FFE70198B0F5807FB3
:10B4600006D0FFE70198B0F5007F0AD010E013E0A6
:10B4700040F62841C4F20241086840F400300860F8
:10B480000AE02B98083005F051F88DF8A30003E08E
:10B4900001208DF8A300FFE79DF8A30068B9FFE73E
:10B4A00040F6E841C4F20241086820F440702B9A4B
:10B4B000D2F8BC201043086004E09DF8A3008DF88A
:10B4C000A200FFE7FFE72B980079C00600283BD5D4
:10B4D000FFE72B98D0F800010090102808D0FFE774
:10B4E000009820280DD0FFE70098302810D010E0F9
:10B4F00040F62841C4F20241086840F40030086078
:10B500000BE02B98303005F0C7F88DF8A30004E06D
:10B5100003E001208DF8A300FFE79DF8A30068B9C0
:10B52000FFE740F6E441C4F20241086820F0300031
:10B530002B9AD2F800211043086004E09DF8A30084
:10B540008DF8A200FFE7FFE72B980079000700289D
:10B550000DD5FFE740F6E841C4F20241086820F04B
:10B56000C0002B9AD2F8FC2010430860FFE79DF83A
:10B57000A2002CB080BD000080B586B0049003917D
:10B58000049820B9FFE701208DF817003AE20398EC
:10B5900042F20001C4F20201096801F00F01884281
:10B5A00016D9FFE742F20000C4F20200016821F060
:10B5B0000F01039A11430160006800F00F00039926
:10B5C000884204D0FFE701208DF817001AE2FFE758
:10B5D00004980078C00600281BD5FFE7049840694E
:10B5E00040F62041C4F20241096801F4E041B0EBA9
:10B5F000112F0DD9FFE740F62041C4F2024108683F
:10B6000020F4E040049A526940EA02200860FFE713
:10B61000FFE704980078000700281BD5FFE704988F
:10B62000006940F62041C4F20241096801F4E0617A
:10B63000B0EB111F0DD9FFE740F62041C4F20241E3
:10B64000086820F4E060049A126940EA0210086079
:10B65000FFE7FFE7049800784007002819D5FFE7C7
:10B660000498C06840F62041C4F20241096801F024
:10B67000700188420CD9FFE740F62041C4F2024134
:10B68000086820F07000049AD26810430860FFE751
:10B69000FFE7049800788007002819D5FFE7049891
:10B6A000806840F62041C4F20241096801F00F01B0
:10B6B00088420CD9FFE740F62041C4F202410868F5
:10B6C00020F00F00049A926810430860FFE7FFE73C
:10B6D00004980078C007002800F0D180FFE70498A4
:10B6E000406803280ED1FFE740F60040C4F2024054
:10B6F00000688001002804D4FFE701208DF81700BE
:10B7000080E135E00498406802280ED1FFE740F65A
:10B710000040C4F2024000688003002804D4FFE720
:10B7200001208DF817006DE121E0049840680128A0
:10B730000ED1FFE740F60040C4F2024000688005E9
:10B74000002804D4FFE701208DF817005AE10DE02E
:10B7500040F60040C4F2024000688007002804D48C
:10B76000FFE701208DF817004CE1FFE7FFE7FFE757
:10B7700040F61C41C4F20241086820F00300049A1C
:10B78000526810430860FAF7B7FF019004984068C8
:10B7900003281AD1FFE7FFE740F61C40C4F202403D
:10B7A000006800F0180018280ED0FFE7FAF7A4FF91
:10B7B0000199401A41F28931884204D3FFE70320FE
:10B7C0008DF817001EE1E7E758E00498406802286A
:10B7D0001AD1FFE7FFE740F61C40C4F202400068C0
:10B7E00000F0180010280ED0FFE7FAF785FF019946
:10B7F000401A41F28931884204D3FFE703208DF8D3
:10B800001700FFE0E7E738E00498406801281AD104
:10B81000FFE7FFE740F61C40C4F20240006800F07A
:10B82000180008280ED0FFE7FAF766FF0199401AC2
:10B8300041F28931884204D3FFE703208DF81700D5
:10B84000E0E0E7E718E0FFE740F61C40C4F2024002
:10B85000006810F0180F0ED0FFE7FAF74DFF0199BE
:10B86000401A41F28931884204D3FFE703208DF862
:10B870001700C7E0E8E7FFE7FFE7FFE7FFE7049807
:10B8800000788007002819D5FFE70498806840F603
:10B890002041C4F20241096801F00F0188420CD234
:10B8A000FFE740F62041C4F20241086820F00F0093
:10B8B000049A926810430860FFE7FFE7039842F29A
:10B8C0000001C4F20201096801F00F01884216D29A
:10B8D000FFE742F20000C4F20200016821F00F010C
:10B8E000039A11430160006800F00F000399884239
:10B8F00004D0FFE701208DF8170083E0FFE70498EC
:10B9000000784007002819D5FFE70498C06840F682
:10B910002041C4F20241096801F0700188420CD252
:10B92000FFE740F62041C4F20241086820F07000B1
:10B93000049AD26810430860FFE7FFE70498007894
:10B94000000700281BD5FFE70498006940F6204156
:10B95000C4F20241096801F4E061B0EB111F0DD29D
:10B96000FFE740F62041C4F20241086820F4E0609D
:10B97000049A126940EA02100860FFE7FFE70498A2
:10B980000078C00600281BD5FFE70498406940F600
:10B990002041C4F20241096801F4E041B0EB112FEB
:10B9A0000DD2FFE740F62041C4F20241086820F4BE
:10B9B000E040049A526940EA02200860FFE7FFE78E
:10B9C00000F07AF840F62041C4F20241096801F023
:10B9D0000F0244F6F831C0F60101895CC84040F21C
:10B9E0002001C2F20001086040F29820C2F200007B
:10B9F0000068FAF7EFFE8DF80B009DF80B008DF84C
:10BA00001700FFE79DF8170006B080BD80B500F075
:10BA100053F840F62041C4F20241096801F00F02D8
:10BA200044F6F831C0F60101895C01F01F0120FAEB
:10BA300001F140F22000C2F200000160006880BD08
:10BA400080B5FFF7E3FF40F62041C4F202410968E8
:10BA5000C1F3021244F60841C0F60101895C01F00D
:10BA60001F01C84080BD000080B5FFF7CFFF40F642
:10BA70002041C4F202410968C1F3022244F60841A0
:10BA8000C0F60101895C01F01F01C84080BD0000C3
:10BA900080B5FFF7BBFF40F62041C4F202410968C0
:10BAA000C1F3023244F60841C0F60101895C01F09D
:10BAB0001F01C84080BD000089B040F61C40C4F2A0
:10BAC0000240006800F01800082806D1FFE740F6A1
:10BAD0000010C0F23D00049048E140F61C40C4F262
:10BAE0000240006810F0180F21D1FFE740F6004037
:10BAF000C4F20240006800F020010020B0EB511FAA
:10BB00000ED0FFE740F60040C4F202400068C0F3E8
:10BB1000C10149F20000C0F2D030C840049005E0F5
:10BB200049F20000C0F2D0300490FFE71DE140F67A
:10BB30001C40C4F20240006800F01800102806D132
:10BB4000FFE747F64000C0F27D1004900CE140F69C
:10BB50001C40C4F20240006800F01800182840F0B1
:10BB6000FC80FFE740F62840C4F20240016801F083
:10BB7000030108910168C1F3052106910068C0F333
:10BB800000100590059840F63841C4F2024109685A
:10BB900089B2C90800FB01F000EE100AB8EE400AB5
:10BBA0008DED020A0698002800F0D380FFE7089880
:10BBB0000090012809D0FFE70098022800F08D804E
:10BBC000FFE70098032864D088E040F60040C4F204
:10BBD0000240006800F020010020B0EB511F33D07C
:10BBE000FFE740F60040C4F202400068C0F3C10124
:10BBF00049F20000C0F2D030C84003909DED030A26
:10BC0000B8EE400A9DED061AB8EE411A80EE010A20
:10BC100040F63440C4F2024000686FF35F2001EE4A
:10BC2000100AB8EE411A9DED022A9FED533A22EE1A
:10BC3000032A31EE021AB7EE002A31EE021A20EE84
:10BC4000010A8DED010A23E09DED060AB8EE401AC7
:10BC50009FED4A0A80EE010A40F63440C4F20240E9
:10BC600000686FF35F2001EE100AB8EE411A9DEDF7
:10BC7000022A9FED413A22EE032A31EE021AB7EE74
:10BC8000002A31EE021A20EE010A8DED010AFFE7CB
:10BC900048E09DED060AB8EE401A9FED360A80EEA8
:10BCA000010A40F63440C4F2024000686FF35F209E
:10BCB00001EE100AB8EE411A9DED022A9FED2E3AD0
:10BCC00022EE032A31EE021AB7EE002A31EE021AF2
:10BCD00020EE010A8DED010A24E0FFE79DED060A42
:10BCE000B8EE401A9FED260A80EE010A40F6344075
:10BCF000C4F2024000686FF35F2001EE100AB8EE54
:10BD0000411A9DED022A9FED1C3A22EE032A31EEE4
:10BD1000021AB7EE002A31EE021A20EE010A8DED6A
:10BD2000010AFFE740F63440C4F20240006881B2E5
:10BD3000012000EB512007909DED010A9DED071AAF
:10BD4000B8EE411A80EE010ABCEEC00A8DED040A7D
:10BD500002E000200490FFE705E049F20000C0F295
:10BD6000D0300490FFE7FFE7FFE7FFE7049809B052
:10BD7000704700BF20BCBE4B000000390024744C4B
:10BD80000024744A80B588B00690069828B9FFE769
:10BD900001208DF81F0000F0EFBC40F61C40C4F2FB
:10BDA0000240006800F01800049040F62840C4F2F9
:10BDB0000240006800F00300039006980078C00677
:10BDC000002840F18080FFE70498082808D0FFE7AA
:10BDD000049818281DD1FFE70398022819D1FFE71E
:10BDE0000698C06928B9FFE701208DF81F0000F010
:10BDF000C3BCFFE740F61841C4F20241086820F4D2
:10BE00007C10069A126A40EA02400860FFE7FFE7EA
:10BE100058E00698C06988B3FFE740F60041C4F2D5
:10BE20000241086840F480700860FAF765FC0590EC
:10BE3000FFE740F60040C4F2024000688005002899
:10BE40000DD4FFE7FAF758FC0599401A032805D3EB
:10BE5000FFE703208DF81F0000F08EBCE9E7FFE745
:10BE600040F61841C4F20241086820F47C10069A9A
:10BE7000126A40EA02400860FFE722E040F6004113
:10BE8000C4F20241086820F480700860FAF734FCBC
:10BE90000590FFE740F60040C4F2024000688005CC
:10BEA00000280DD5FFE7FAF727FC0599401A03286B
:10BEB00005D3FFE703208DF81F0000F05DBCE9E724
:10BEC000FFE7FFE7FFE706980078C007002800F0CB
:10BED000B980FFE70498102808D0FFE704981828D5
:10BEE0000ED1FFE7039803280AD1FFE706984068C0
:10BEF00028B9FFE701208DF81F0000F03DBCA0E04D
:10BF0000FFE706984068B0F5803F09D1FFE740F6AB
:10BF10000041C4F20241086840F48030086056E0F5
:10BF20000698406888B9FFE740F60041C4F2024134
:10BF3000086820F480300860086820F480100860E9
:10BF4000086820F48020086040E006984068B0F55A
:10BF5000A02F11D1FFE740F60041C4F2024108686A
:10BF600040F480200860086820F4801008600868A9
:10BF700040F48030086028E006984068B0F5A81FBB
:10BF800011D1FFE740F60041C4F20241086840F4D5
:10BF900080200860086840F480100860086840F459
:10BFA0008030086010E040F60041C4F202410868A9
:10BFB00020F480300860086820F480200860086859
:10BFC00020F480100860FFE7FFE7FFE7FFE7FFE7E7
:10BFD00006984068D0B1FFE7FAF78EFB0590FFE7BF
:10BFE00040F60040C4F202400068800300280CD4F0
:10BFF000FFE7FAF781FB0599401A652804D3FFE7AC
:10C0000003208DF81F00B7E3EAE719E0FAF774FBA5
:10C010000590FFE740F60040C4F20240006880034C
:10C0200000280CD5FFE7FAF767FB0599401A652849
:10C0300004D3FFE703208DF81F009DE3EAE7FFE745
:10C04000FFE7FFE7069800788007002840F1C380EB
:10C05000FFE7049840B1FFE7049818285ED1FFE796
:10C06000039801285AD1FFE70698C06820B9FFE776
:10C0700001208DF81F007FE3049840BBFFE740F6E6
:10C080000040C4F20240006800F0180006990969F7
:10C0900088421BD0FFE740F60041C4F20241086825
:10C0A00020F01800069A126910430860FFF7AEFCF2
:10C0B00040F29820C2F200000068FAF78BFB20B132
:10C0C000FFE701208DF81F0056E3FFE7FFE7FAF7CF
:10C0D00013FB0590FFE740F60040C4F20240006801
:10C0E000800700280CD4FFE7FAF706FB0599401AF1
:10C0F000032804D3FFE703208DF81F003CE3EAE7A1
:10C1000040F61041C4F20241086820F4FE00069A8D
:10C11000526940EA02400860FFE75BE00698C068A9
:10C12000A8B3FFE740F60041C4F20241086820F0DE
:10C130001800069A126910430860086840F0010070
:10C140000860FAF7D9FA0590FFE740F60040C4F21C
:10C1500002400068800700280CD4FFE7FAF7CCFA09
:10C160000599401A032804D3FFE703208DF81F0028
:10C1700002E3EAE740F61041C4F20241086820F405
:10C18000FE00069A526940EA0240086021E040F64B
:10C190000041C4F20241086820F001000860FAF78B
:10C1A000ABFA0590FFE740F60040C4F20240006899
:10C1B000800700280CD5FFE7FAF79EFA0599401A88
:10C1C000032804D3FFE703208DF81F00D4E2EAE739
:10C1D000FFE7FFE7FFE7069800780007002849D54A
:10C1E000FFE70698806910B3FFE740F6F041C4F21C
:10C1F0000241086840F080600860FAF77DFA059017
:10C20000FFE740F6F040C4F2024000680001002859
:10C210000CD4FFE7FAF770FA0599401A032804D303
:10C22000FFE703208DF81F00A6E2EAE721E040F6D1
:10C23000F041C4F20241086820F080600860FAF71B
:10C240005BFA0590FFE740F6F040C4F20240006858
:10C25000000100280CD5FFE7FAF74EFA0599401ABD
:10C26000032804D3FFE703208DF81F0084E2EAE7E8
:10C27000FFE7FFE7069800784007002840F1CC80F0
:10C28000FFE740F62400C4F202400068C00708BB84
:10C29000FFE740F62401C4F20241086840F00100C3
:10C2A0000860FAF729FA0590FFE740F62400C4F287
:10C2B00002400068C00760B9FFE7FAF71DFA059968
:10C2C000401A032804D3FFE703208DF81F0053E230
:10C2D000EBE7FFE7FFE706988068012809D1FFE751
:10C2E00040F6F041C4F20241086840F001000860E5
:10C2F00054E00698806888B9FFE740F6F041C4F240
:10C300000241086820F001000860086820F0800001
:10C310000860086820F0040008603EE00698806825
:10C32000052811D1FFE740F6F041C4F20241086848
:10C3300040F004000860086820F080000860086889
:10C3400040F00100086027E006988068852811D138
:10C35000FFE740F6F041C4F20241086840F00400F3
:10C360000860086840F080000860086840F001003C
:10C37000086010E040F6F041C4F20241086820F085
:10C3800001000860086820F004000860086820F0D8
:10C3900080000860FFE7FFE7FFE7FFE7FFE7069899
:10C3A0008068E0B1FFE7FAF7A7F90590FFE740F6EC
:10C3B000F040C4F202400068800700280ED4FFE776
:10C3C000FAF79AF90599401A41F28931884204D363
:10C3D000FFE703208DF81F00CEE1E8E71BE0FAF746
:10C3E0008BF90590FFE740F6F040C4F20240006888
:10C3F000800700280ED5FFE7FAF77EF90599401A65
:10C4000041F28931884204D3FFE703208DF81F00F1
:10C41000B2E1E8E7FFE7FFE706980078800600282A
:10C4200049D5FFE70698406A10B3FFE740F60041A0
:10C43000C4F20241086840F480500860FAF75CF9E1
:10C440000590FFE740F60040C4F202400068800417
:10C4500000280CD4FFE7FAF74FF90599401A032892
:10C4600004D3FFE703208DF81F0085E1EAE721E010
:10C4700040F60041C4F20241086820F48050086090
:10C48000FAF73AF90590FFE740F60040C4F202409F
:10C490000068800400280CD5FFE7FAF72DF905990C
:10C4A000401A032804D3FFE703208DF81F0063E13F
:10C4B000EAE7FFE7FFE70698806A002800F0588166
:10C4C000FFE70498182800F0D580FFE70698806AF7
:10C4D000022840F0A180FFE740F60041C4F202418B
:10C4E000086820F080700860FAF706F90590FFE709
:10C4F00040F60040C4F202400068800100280CD5DC
:10C50000FFE7FAF7F9F80599401A032804D3FFE783
:10C5100003208DF81F002FE1EAE7FFE740F62841EE
:10C52000C4F20241086843F603729043069BDA6A3C
:10C530001B6B42EA0322104308600699486BD1F84E
:10C5400038C0CB6B0A6C01386FF35F204FF6006187
:10C55000CFF6FF7101EB4C2189B208440021CFF6E0
:10C56000FF7101EB034101F4FE0108444FF07F41EC
:10C5700001EB026101F0FE41084440F63441C4F28F
:10C5800002410860FFE740F62841C4F202410091F1
:10C59000086820F0100008600698C06CC00040F6E3
:10C5A0003842C4F202421060086840F0100008608F
:10C5B000086820F00C00069A526C10430860086866
:10C5C00020F02000069A926C10430860086840F43E
:10C5D0008030086040F60041C4F20241086840F033
:10C5E00080700860FAF788F80590FFE740F6004091
:10C5F000C4F202400068800100280CD4FFE7FAF77B
:10C600007BF80599401A032804D3FFE703208DF82F
:10C610001F00B1E0EAE72CE040F60041C4F202411D
:10C62000086820F080700860FAF766F80590FFE768
:10C6300040F60040C4F202400068800100280CD59A
:10C64000FFE7FAF759F80599401A032804D3FFE7E2
:10C6500003208DF81F008FE0EAE740F62841C4F27E
:10C66000024108684FF6FC72CFF6F872104008607D
:10C67000FFE77CE040F62840C4F2024000680290E8
:10C6800040F63440C4F20240006801900698806A87
:10C69000012837D0FFE7029800F003000699C96A25
:10C6A00088422FD1FFE7029800F47C510698006B76
:10C6B000B0EB112F26D1FFE701986FF35F200699A9
:10C6C000496B013988421DD1FFE7BDF80410069877
:10C6D000806B0138B0EB512F14D1FFE7019800F4C3
:10C6E000FE010698C06B0138B0EB114F0AD1FFE78D
:10C6F000019800F0FE410698006C0138B0EB116F14
:10C7000004D0FFE701208DF81F0035E040F63840E7
:10C71000C4F20240006881B20698C06CB0EBD10F41
:10C7200024D0FFE740F62841C4F20241086820F017
:10C7300010000860F9F7E0FF0590FFE7F9F7DCFF6C
:10C740000599401A08B9FFE7F8E70698C06CC000E1
:10C7500040F63841C4F20241086040F62841C4F274
:10C760000241086840F010000860FFE7FFE7FFE7BC
:10C7700000208DF81F00FFE79DF81F0008B080BD66
:10C7800080B586B00490049820B9FFE701208DF8A9
:10C790001700B5E10498006844F60041C4F20101B5
:10C7A00088422DD0FFE70498006844F60041C5F2A6
:10C7B0000101884224D0FFE70498006842F200019A
:10C7C000C4F2004188421BD0FFE70498006842F29F
:10C7D0000001C5F20041884212D0FFE704980068CA
:10C7E00045F20001C4F20101884209D0FFE7049834
:10C7F000006845F20001C5F20101884201D1FFE75E
:10C8000000E0FFE70498406A08B9FFE7FFE70499F2
:10C81000002088620498006844F60041C4F20101D7
:10C8200088422DD0FFE70498006844F60041C5F225
:10C830000101884224D0FFE70498006842F2000119
:10C84000C4F2004188421BD0FFE70498006842F21E
:10C850000001C5F20041884212D0FFE70498006849
:10C8600045F20001C4F20101884209D0FFE70498B3
:10C87000006845F20001C5F20101884209D1FFE7D5
:10C880000498C068102804D3FFE701208DF8170032
:10C8900036E1049804F0FEF902900498006844F62A
:10C8A0000041C4F2010188422DD0FFE704980068DE
:10C8B00044F60041C5F20101884224D0FFE7049804
:10C8C000006842F20001C4F2004188421BD0FFE739
:10C8D0000498006842F20001C5F20041884212D07B
:10C8E000FFE70498006845F20001C4F201018842A4
:10C8F00009D0FFE70498006845F20001C5F2010184
:10C90000884204D1FFE7029808283AD8FFE7049844
:10C91000006843F20001C4F2010188422DD0FFE714
:10C920000498006843F20001C5F20101884224D056
:10C93000FFE70498006843F60001C4F20001884252
:10C940001BD0FFE70498006843F60001C5F2000120
:10C95000884212D0FFE70498006843F60041C4F211
:10C960000001884209D0FFE70498006843F60041BF
:10C97000C5F20001884208D1FFE70298112804D3CC
:10C98000FFE701208DF81700BAE0049890F88900BD
:10C9900040B9FFE70499002081F88800049800F06E
:10C9A000B3F8FFE70499022081F889000498016830
:10C9B000086820F00100086004980068806800F4AE
:10C9C000F810039004988069B0F1806F1BD1FFE7E5
:10C9D00004984068B0F5800F04D1FFE70498806B9D
:10C9E00050B1FFE70498406868B9FFE70498806B8E
:10C9F000B0F1805F07D1FFE704980168086840F450
:10CA000080500860FFE7049880794006002810D520
:10CA1000FFE70498C06807280BD3FFE70498006875
:10CA2000006820F48070049A1168126D1043086049
:10CA300006E004980168086820F480700860FFE749
:10CA4000049B1968DA68D869D3F828C040EA0C005A
:10CA5000DDF80CC040EA0C00DB6B18431043886023
:10CA6000049A0192506B516A0843916B0843916993
:10CA700008431168D2F804C09368D2F810E040EA85
:10CA80000E00D2F814E040EA0E00D2F820E040EAAE
:10CA90000E0040EA0C00D2F84CC040EA0C001843EB
:10CAA000936C1843936D1843D36D1843126E104363
:10CAB000C8600498406808B9FFE7FFE70498016878
:10CAC000086D20F001000865049880794006002870
:10CAD0000BD5FFE704980068C06820F00040049A76
:10CAE0001168526D1043C860FFE704990020C1F837
:10CAF0008C00049A012182F889108DF81700FFE755
:10CB00009DF8170006B080BD80B5D4B053900020CA
:10CB10005290519050904F904E900CA84FF48471C9
:10CB2000F3F7FCFB5398006843F20001C4F20101E3
:10CB300088423CD1FFE700200D904FF000610C913E
:10CB400044900CA8FDF7A0F818B1FFE7F6F74AFFEC
:10CB5000FFE7FFE740F6A440C4F20240016841F459
:10CB600080510160006800F480500B900B98FFE743
:10CB7000FFE740F68C40C4F20240016841F0010139
:10CB80000160006800F001000A900A98FFE7E020C9
:10CB90004E9002204F9000205090519005205290CE
:10CBA0000020C4F202204EA9F9F702FCDCE0539801
:10CBB000006843F60001C4F2000188423ED1FFE75D
:10CBC00000200D904FF080510C9145900CA8FDF77E
:10CBD0005BF818B1FFE7F6F705FFFFE7FFE740F660
:10CBE0009C40C4F20240016841F480410160006849
:10CBF00000F4804009900998FFE7FFE740F68C4079
:10CC0000C4F20240016841F002010160006800F0D6
:10CC1000020008900898FFE74FF460404E90022011
:10CC20004F900120509051900520529040F20040CA
:10CC3000C4F202204EA9F9F7BBFB94E053980068B8
:10CC400043F60041C4F20001884252D1FFE70020C0
:10CC50000D904FF000510C9146900CA8FDF714F880
:10CC600018B1FFE7F6F7BEFEFFE7FFE740F69C408E
:10CC7000C4F20240016841F400410160006800F420
:10CC8000004007900798FFE7FFE740F68C40C4F2AA
:10CC90000240016841F004010160006800F00400F6
:10CCA00006900698FFE74FF440604E9002200090F7
:10CCB0004F900120509003205190062001905290F7
:10CCC00040F60000C4F2022002904EA90391F9F749
:10CCD0006FFB009B019A029803994FF4805CCDF89A
:10CCE00038C14F930023509351935292F9F760FB50
:10CCF00038E05398006844F60041C4F201018842CC
:10CD00002FD1FFE7FFE740F6A440C4F202400168DC
:10CD100041F400210160006800F4002005900598AE
:10CD2000FFE7FFE740F68C40C4F20240016841F0A3
:10CD300010010160006800F0100004900498FFE703
:10CD400064204E9002204F9000205090519005207A
:10CD5000529041F20000C4F202204EA9F9F728FBDC
:10CD6000FFE7FFE7FFE7FFE754B080BD80B588B07D
:10CD700006900591ADF812200393069800682030C4
:10CD800002900698006844F60041C4F2010188420E
:10CD90002DD0FFE70698006844F60041C5F2010176
:10CDA000884224D0FFE70698006842F20001C4F2EE
:10CDB000004188421BD0FFE70698006842F200015C
:10CDC000C5F20041884212D0FFE70698006845F29C
:10CDD0000001C4F20101884209D0FFE7069800680B
:10CDE00045F20001C5F20101884201D1FFE700E0F0
:10CDF000FFE7F9F781FC0190069890F88900012877
:10CE000004D0FFE702208DF81F000BE2059820B147
:10CE1000FFE7BDF8120020B9FFE701208DF81F00E1
:10CE200000E2FFE7069890F88800012804D1FFE7A8
:10CE300002208DF81F00F5E10699012081F8880095
:10CE4000FFE7FFE70699032081F889000699002093
:10CE5000C1F88C000599069A5166BDF81210069A21
:10CE6000A2F86810BDF81210069AA2F86A10069986
:10CE7000C8660699A1F870000699A1F87200069993
:10CE8000C8670699886706988068B0F5C02F07D1F3
:10CE9000FFE706980168086840F40060086009E050
:10CEA00006980068C068012161F35240069909683C
:10CEB000C860FFE70698006840684FF6FF71884336
:10CEC000BDF8121008440699096848600698016880
:10CED000086840F00100086006984068B0F5800FCF
:10CEE00007D1FFE706980168086840F40070086001
:10CEF000FFE70698C06810287ED3FFE70698006811
:10CF000043F20001C4F2010188422DD0FFE70698E8
:10CF1000006843F20001C5F20101884224D0FFE716
:10CF20000698006843F60001C4F2000188421BD055
:10CF3000FFE70698006843F60001C5F20001884249
:10CF400012D0FFE70698006843F60041C4F20001E2
:10CF5000884209D0FFE70698006843F60041C5F211
:10CF60000001884248D1FFE7FFE70698B0F86A0061
:10CF7000002840D0FFE70698006840698007002835
:10CF800010D5FFE706980168406E006808620699B0
:10CF9000486E043048660699B1F86A000138A1F875
:10CFA0006A0027E0F9F7A8FB0199401A0399884223
:10CFB00004D3FFE70398013018B9FFE70398C0B91D
:10CFC000FFE7069803F0DAFD0699D1F88C0040F4EB
:10CFD0008070C1F88C000699012081F88900FFE774
:10CFE0000699002081F88800FFE703208DF81F00D4
:10CFF00018E1FFE7B9E7E8E00698C068082863D3BE
:10D00000FFE7FFE70698B0F86A0000285BD0FFE76B
:10D01000069800684069800700282BD5FFE706982E
:10D02000B0F86A00022814D3FFE70698C06B80B1FD
:10D03000FFE706980168406E006808620699486E2E
:10D04000043048660699B1F86A000238A1F86A000F
:10D050000FE00698406E0088029908800699486E95
:10D06000023048660699B1F86A000138A1F86A00F2
:10D07000FFE727E0F9F740FB0199401A039988423E
:10D0800004D3FFE70398013018B9FFE70398C0B94C
:10D09000FFE7069803F072FD0699D1F88C0040F482
:10D0A0008070C1F88C000699012081F88900FFE7A3
:10D0B0000699002081F88800FFE703208DF81F0003
:10D0C000B0E0FFE79EE77FE0FFE70698B0F86A0070
:10D0D000002878D0FFE7069800684069800700289C
:10D0E00048D5FFE70698B0F86A00042815D3FFE793
:10D0F0000698C06B412810D3FFE706980168406E80
:10D10000006808620699486E043048660699B1F8CE
:10D110006A000438A1F86A002BE00698B0F86A00AB
:10D12000022814D3FFE70698C06B80B1FFE706988A
:10D13000406E0088029908800699486E0230486661
:10D140000699B1F86A000238A1F86A0010E0069862
:10D150000168406E007881F820000699486E013021
:10D1600048660699B1F86A000138A1F86A00FFE73D
:10D17000FFE727E0F9F7C0FA0199401A03998842BE
:10D1800004D3FFE70398013018B9FFE70398C0B94B
:10D19000FFE7069803F0F2FC0699D1F88C0040F402
:10D1A0008070C1F88C000699012081F88900FFE7A2
:10D1B0000699002081F88800FFE703208DF81F0002
:10D1C00030E0FFE781E7FFE7FFE70698039B01995F
:10D1D0006A4611600821002203F072FD40B1FFE7AA
:10D1E0000699D1F88C0040F02000C1F88C00FFE7D0
:10D1F000069803F0C3FC0699012081F88900FFE737
:10D200000699002081F88800FFE70698D0F88C0086
:10D2100020B1FFE701208DF81F0003E000208DF80A
:10D220001F00FFE79DF81F0008B080BD80B590B0DB
:10D23000DDF848C00E900D910C92ADF82E300E988E
:10D24000006820300A900E980068303009900E98DF
:10D25000C16B012000EB5110ADF812000E98006870
:10D2600044F60041C4F2010188422DD0FFE70E9838
:10D27000006844F60041C5F20101884224D0FFE76E
:10D280000E98006842F20001C4F2004188421BD0AF
:10D29000FFE70E98006842F20001C5F200418842A3
:10D2A00012D0FFE70E98006845F20001C4F20101B8
:10D2B000884209D0FFE70E98006845F20001C5F2E8
:10D2C0000101884201D1FFE700E0FFE7F9F714FA16
:10D2D0000890BDF82E00ADF81600BDF82E00ADF890
:10D2E00014000E9890F88900012804D0FFE702206E
:10D2F0008DF83F00A2E30D9838B1FFE70C9820B1FC
:10D30000FFE7BDF82E0020B9FFE701208DF83F00B0
:10D3100094E3FFE70E9890F88800012804D1FFE716
:10D3200002208DF83F0089E30E99012081F88800E2
:10D33000FFE7FFE70E99052081F889000E9900208C
:10D34000C1F88C000C990E9AD166BDF82E100E9A79
:10D35000A2F87210BDF82E100E9AA2F870100D9956
:10D360000E9A5166BDF82E100E9AA2F86A10BDF8FA
:10D370002E100E9AA2F868100E9988670E99C86749
:10D380000E980068C06820F4C0200E990968C86033
:10D390000E98006843F20001C4F2010188422DD0CA
:10D3A000FFE70E98006843F20001C5F201018842D0
:10D3B00024D0FFE70E98006843F60001C4F2000194
:10D3C00088421BD0FFE70E98006843F60001C5F2C3
:10D3D0000001884212D0FFE70E98006843F6004132
:10D3E000C4F20001884209D0FFE70E98006843F6B6
:10D3F0000041C5F20001884203D1FFE710200790E9
:10D4000002E008200790FFE70E98006840684FF69A
:10D41000FF718843BDF82E1008440E9909684860D2
:10D420000E980168086840F0010008600E98406896
:10D43000B0F5800F07D1FFE70E980168086840F447
:10D4400000700860FFE70E98C0681028C0F0EC80FC
:10D45000FFE70E98006843F20001C4F20101884220
:10D460002ED0FFE70E98006843F20001C5F20101DB
:10D47000884225D0FFE70E98006843F60001C4F209
:10D48000000188421CD0FFE70E98006843F60001B7
:10D49000C5F20001884213D0FFE70E98006843F6FA
:10D4A0000041C4F2000188420AD0FFE70E980068EC
:10D4B00043F60041C5F20001884240F0B580FFE725
:10D4C000079880080790FFE7BDF816100120039029
:10D4D00039B9FFE7BDF81400002818BF01200390F8
:10D4E000FFE70398C007002800F09D80FFE70E9833
:10D4F000006840698007002822D5FFE7BDF81600C4
:10D50000F0B1FFE7BDF81400BDF81610079A1144FA
:10D51000884215D2FFE70E980168406E00680862E5
:10D520000E99486E043048660E99B1F86A000138C9
:10D53000A1F86A000E98B0F86A00ADF81600FFE78F
:10D540000E98006840690690BDF81400002869D064
:10D55000FFE70E9800684069C007B0B1FFE70E987A
:10D560000068006B0E99C96E08600E99C86E043091
:10D57000C8660E99B1F872000138A1F872000E98D1
:10D58000B0F87200ADF814004BE0BDF81400BDF81F
:10D59000121088421CDAFFE79DF8190000060028E7
:10D5A00016D5FFE70E980068006B0E99C96E0860EB
:10D5B0000E99C86E0430C8660E99B1F87200013831
:10D5C000A1F872000E98B0F87200ADF8140027E0D0
:10D5D000F9F792F80899401A1299884204D3FFE7A4
:10D5E0001298013018B9FFE71298C0B9FFE70E98FA
:10D5F00003F0C4FA0E99D1F88C0040F48070C1F8A1
:10D600008C000E99012081F88900FFE70E99002017
:10D6100081F88800FFE703208DF83F000EE2FFE766
:10D62000FFE7FFE750E7DCE10E98C0680828C0F08C
:10D63000DE80FFE7079840080790FFE7BDF8161067
:10D640000120029039B9FFE7BDF81400002818BF87
:10D6500001200290FFE70298C007002800F0C68072
:10D66000FFE70E98006840698007002822D5FFE791
:10D67000BDF81600F0B1FFE7BDF81400BDF81610B4
:10D68000079A1144884215D2FFE70E98406E008831
:10D690000A9908800E99486E023048660E99B1F8D2
:10D6A0006A000138A1F86A000E98B0F86A00ADF877
:10D6B0001600FFE70E98006840690690BDF8140058
:10D6C000002800F09280FFE70E9800684069C007CC
:10D6D000A8B1FFE7099800880E99C96E08800E99D5
:10D6E000C86E0230C8660E99B1F872000138A1F810
:10D6F00072000E98B0F87200ADF8140074E0BDF836
:10D700001400BDF81210884224DAFFE79DF81900D2
:10D71000000600281ED5FFE7099800880E99C96EFB
:10D7200008800E99C86E0230C866099800880E9964
:10D73000C96E08800E99C86E0230C8660E99B1F89D
:10D7400072000238A1F872000E98B0F87200ADF8BD
:10D75000140048E0BDF8140001281BD1FFE79DF834
:10D7600019008006002815D5FFE7099800880E9952
:10D77000C96E08800E99C86E0230C8660E99B1F85D
:10D7800072000138A1F872000E98B0F87200ADF87E
:10D79000140027E0F8F7B0FF0899401A1299884260
:10D7A00004D3FFE71298013018B9FFE71298C0B907
:10D7B000FFE70E9803F0E2F90E99D1F88C0040F4DF
:10D7C0008070C1F88C000E99012081F88900FFE774
:10D7D0000E99002081F88800FFE703208DF83F00B4
:10D7E0002CE1FFE7FFE7FFE7FFE727E7F8E0FFE7C8
:10D7F000BDF816100120019039B9FFE7BDF81400FB
:10D80000002818BF01200190FFE70198C0070028F9
:10D8100000F0E580FFE70E98006840698007002867
:10D8200023D5FFE7BDF81600F8B1FFE7BDF81400F7
:10D83000BDF81610079A1144884216D2FFE70E98D9
:10D840000168406E007881F820000E99486E013022
:10D8500048660E99B1F86A000138A1F86A000E987E
:10D86000B0F86A00ADF81600FFE70E98006840694E
:10D870000690BDF81400002800F0B080FFE70E9875
:10D8800000684069C007B8B1FFE70E98006890F8DB
:10D8900030000E99C96E08700E99C86E0130C866C6
:10D8A0000E99B1F872000138A1F872000E98B0F824
:10D8B0007200ADF8140090E0BDF81400BDF812102D
:10D8C00088423EDAFFE79DF819000006002838D5A7
:10D8D000FFE70E98006890F830000E99C96E087046
:10D8E0000E99C86E0130C8660E98006890F8300036
:10D8F0000E99C96E08700E99C86E0130C8660E98F0
:10D90000006890F830000E99C96E08700E99C86EC4
:10D910000130C8660E98006890F830000E99C96E04
:10D9200008700E99C86E0130C8660E99B1F8720081
:10D930000438A1F872000E98B0F87200ADF8140027
:10D940004AE0BDF8140003281DD8FFE79DF8190030
:10D9500010F0600F17D0FFE70E98006890F83000C5
:10D960000E99C96E08700E99C86E0130C8660E997E
:10D97000B1F872000138A1F872000E98B0F8720088
:10D98000ADF8140027E0F8F7B7FE0899401A12998D
:10D99000884204D3FFE71298013018B9FFE71298C4
:10D9A000C0B9FFE70E9803F0E9F80E99D1F88C00A2
:10D9B00040F48070C1F88C000E99012081F8890034
:10D9C000FFE70E99002081F88800FFE703208DF81B
:10D9D0003F0033E0FFE7FFE7FFE7FFE708E7FFE788
:10D9E000FFE70E98129B08996A46116008210022F1
:10D9F00003F066F940B1FFE70E99D1F88C0040F0D2
:10DA00002000C1F88C00FFE70E9803F0B7F80E99DC
:10DA1000012081F88900FFE70E99002081F8880035
:10DA2000FFE70E98D0F88C0020B1FFE701208DF8B9
:10DA30003F0003E000208DF83F00FFE79DF83F0026
:10DA400010B080BD82B0019001980090042843D8A6
:10DA50000099DFE801F00C1D2F4103004EF2100188
:10DA6000CEF20001086840F00400086035E04EF294
:10DA70001001CEF20001086820F00400086040F6B2
:10DA8000E441C4F20241086820F00C00086024E080
:10DA90004EF21001CEF20001086820F00400086088
:10DAA00040F6E441C4F202410868012262F38300B7
:10DAB000086012E04EF21001CEF20001086820F07A
:10DAC0000400086040F6E441C4F202410868022202
:10DAD00062F38300086000E0FFE702B070470000D7
:10DAE00082B0009000980138B0F1807F03D3FFE747
:10DAF0000120019016E0009801384EF21401CEF298
:10DB0000000108604EF21801CEF20001002008600A
:10DB10004EF21002CEF20002116841F003011160D2
:10DB20000190FFE7019802B07047000083B04EF209
:10DB30001000CEF2000000684007002803D5FFE780
:10DB40000420029020E040F6E440C4F20240006865
:10DB500000F00C0001900198009040B1FFE70098A0
:10DB6000042807D0FFE70098082806D008E0002026
:10DB7000029008E00120029005E00220029002E0FD
:10DB800000200290FFE7FFE7029803B07047000013
:10DB900081B0009001B0704781B0009001B0704733
:10DBA00081B0009001B0704781B0009001B0704723
:10DBB00081B0009001B0704781B0009001B0704713
:10DBC00085B003900291FFE7039890F83C0001288C
:10DBD00004D1FFE702208DF81300F6E0039901203D
:10DBE00081F83C00FFE7FFE70399022081F83D0040
:10DBF000039800684068019003980068806800906E
:10DC00000398006842F60041C4F2010188421BD02B
:10DC1000FFE70398006842F60041C5F2010188421F
:10DC200012D0FFE70398006843F20041C4F20101FB
:10DC3000884209D0FFE70398006843F20041C5F22B
:10DC4000010188420AD1FFE7019820F47000019099
:10DC500002984168019808430190FFE701984FF648
:10DC60008F71CFF6FF51084001900298016801982A
:10DC70000843019001980399096848600398006877
:10DC800042F60041C4F20101884200F08280FFE7C1
:10DC90000398006842F60041C5F20101884278D03D
:10DCA000FFE703980068B0F1804F72D0FFE7039858
:10DCB0000068B0F1A04F6CD0FFE70398006840F215
:10DCC0000041C4F20001884263D0FFE70398006876
:10DCD00040F20041C5F2000188425AD0FFE70398A4
:10DCE000006840F60001C4F20001884251D0FFE70D
:10DCF0000398006840F60001C5F20001884248D050
:10DD0000FFE70398006840F60041C4F20001884232
:10DD10003FD0FFE70398006840F60041C5F20001DC
:10DD2000884236D0FFE70398006843F20041C4F20E
:10DD3000010188422DD0FFE70398006843F20041BB
:10DD4000C5F20101884224D0FFE70398006841F63C
:10DD50000001C4F2000188421BD0FFE7039800686D
:10DD600041F60001C5F20001884212D0FFE7039896
:10DD7000006844F20001C4F20101884209D0FFE7C3
:10DD80000398006844F20001C5F2010188420ED1F7
:10DD9000FFE7009820F080000090029881680098CA
:10DDA000084300900098039909688860FFE7039989
:10DDB000012081F83D00FFE70399002081F83C0035
:10DDC000FFE700208DF81300FFE79DF8130005B072
:10DDD0007047000081B0009001B0704780B582B0FC
:10DDE0000090009820B9FFE701208DF8070045E07A
:10DDF000009890F83D0040B9FFE70099002081F8B5
:10DE00003C00009800F03EF8FFE70099022081F8FE
:10DE10003D00009951F8040B03F0C6FB0099012066
:10DE200081F84800FFE70099012081F83E00009941
:10DE300081F83F00009981F84000009981F8410085
:10DE4000009981F84200009981F84300FFE7FFE75D
:10DE50000099012081F84400009981F8450000995B
:10DE600081F84600009981F84700FFE700990120FA
:10DE700081F83D0000208DF80700FFE79DF80700BE
:10DE800002B080BD80B584B003900398006841F271
:10DE90000041C4F20001884219D1FFE7FFE740F6D4
:10DEA0009C40C4F20240016841F02001016000681A
:10DEB00000F0200002900298FFE732200190032238
:10DEC0001146F8F721FD0198F8F714FDFFE704B0BB
:10DED00080BD000083B00190019890F83D000128BA
:10DEE00004D0FFE701208DF80B00B8E00199022073
:10DEF00081F83D0001980168C86840F00100C860E1
:10DF00000198006842F60041C4F20101884200F025
:10DF10008280FFE70198006842F60041C5F20101E6
:10DF2000884278D0FFE701980068B0F1804F72D046
:10DF3000FFE701980068B0F1A04F6CD0FFE70198AF
:10DF4000006840F20041C4F20001884263D0FFE75C
:10DF50000198006840F20041C5F2000188425AD0A1
:10DF6000FFE70198006840F60001C4F20001884212
:10DF700051D0FFE70198006840F60001C5F20001AA
:10DF8000884248D0FFE70198006840F60041C4F29B
:10DF9000000188423FD0FFE70198006840F6004149
:10DFA000C5F20001884236D0FFE70198006843F2CD
:10DFB0000041C4F2010188422DD0FFE701980068BA
:10DFC00043F20041C5F20101884224D0FFE70198E5
:10DFD000006841F60001C4F2000188421BD0FFE74F
:10DFE0000198006841F60001C5F20001884212D094
:10DFF000FFE70198006844F20001C4F20101884281
:10E0000009D0FFE70198006844F20001C5F2010160
:10E01000884219D1FFE70198006880680721C0F2A3
:10E02000010108400090009806280CD0FFE70098F6
:10E03000B0F5803F07D0FFE701980168086840F01D
:10E0400001000860FFE706E001980168086840F0F9
:10E0500001000860FFE700208DF80B00FFE79DF846
:10E060000B0003B07047000081B0009001B0704712
:10E0700080B584B0039003980068C068029003984C
:10E080000068006901909DF804008007002824D5ED
:10E09000FFE79DF80800800700281DD5FFE70398DB
:10E0A00001686FF002000861039901200877039866
:10E0B00000688069800720B1FFE70398FFF7D4FF6D
:10E0C00006E0039800F054F9039800F055F9FFE7D3
:10E0D000039900200877FFE7FFE79DF80400400759
:10E0E000002825D5FFE79DF80800400700281ED529
:10E0F000FFE7039801686FF00400086103990220AC
:10E10000087703980068806910F4407F04D0FFE727
:10E110000398FFF7A9FF06E0039800F029F9039898
:10E1200000F02AF9FFE7039900200877FFE7FFE7EF
:10E130009DF804000007002824D5FFE79DF808009B
:10E14000000700281DD5FFE7039801686FF008005D
:10E15000086103990420087703980068C069800764
:10E1600020B1FFE70398FFF77FFF06E0039800F078
:10E17000FFF8039800F000F9FFE703990020087703
:10E18000FFE7FFE79DF80400C006002825D5FFE75C
:10E190009DF80800C00600281ED5FFE70398016817
:10E1A0006FF0100008610399082008770398006851
:10E1B000C06910F4407F04D0FFE70398FFF754FFD5
:10E1C00006E0039800F0D4F8039800F0D5F8FFE7D4
:10E1D000039900200877FFE7FFE79DF80400C007D8
:10E1E00078B1FFE79DF80800C00748B1FFE7039842
:10E1F00001686FF001000861039800F0C1F8FFE7C3
:10E20000FFE7019800F08000802806D0FFE79DF826
:10E2100005008006002810D5FFE79DF808000006DD
:10E22000002809D5FFE7039801686FF402500861E0
:10E230000398FFF7B1FCFFE7FFE79DF80500C00773
:10E2400080B1FFE79DF808000006002809D5FFE728
:10E25000039801686FF4807008610398FFF798FCD9
:10E26000FFE7FFE79DF804004006002810D5FFE710
:10E270009DF808004006002809D5FFE703980168CB
:10E280006FF040000861039800F092F8FFE7FFE7A5
:10E290009DF804008006002810D5FFE79DF80800CF
:10E2A0008006002809D5FFE7039801686FF0200079
:10E2B00008610398FFF774FCFFE7FFE79DF806008D
:10E2C000C006002810D5FFE79DF80A00C006002808
:10E2D00009D5FFE7039801686FF48010086103987F
:10E2E000FFF766FCFFE7FFE79DF8060080060028C1
:10E2F00010D5FFE79DF80A008006002809D5FFE742
:10E30000039801686FF4001008610398FFF74CFC54
:10E31000FFE7FFE79DF806004006002810D5FFE75D
:10E320009DF80A004006002809D5FFE70398016818
:10E330006FF4800008610398FFF73EFCFFE7FFE7FA
:10E340009DF806000006002810D5FFE79DF80A009A
:10E350000006002809D5FFE7039801686FF4000064
:10E3600008610398FFF736FDFFE7FFE704B080BDC3
:10E3700081B0009001B0704781B0009001B070474B
:10E3800080B582B001900198006841F20041C4F26A
:10E39000000188420AD1FFE740F29051C2F2000129
:10E3A00008680130086002F0DDFDFFE702B080BDC3
:10E3B00081B0009001B0704783B00190FFE70198F1
:10E3C00090F88400012804D1FFE702208DF80B00AB
:10E3D0002CE00199012081F88400FFE7FFE7019913
:10E3E0002420C1F888000198006800680090019816
:10E3F0000168086820F001000860009820F00050D3
:10E400000090019900204866009801990968086009
:10E4100001992020C1F88800FFE70199002081F8C8
:10E420008400FFE700208DF80B00FFE79DF80B004C
:10E4300003B0704782B00190ADF8021002B070478F
:10E4400081B0009001B0704780B584B00290019116
:10E45000FFE7029890F88400012804D1FFE702202A
:10E460008DF80F0032E00299012081F88400FFE767
:10E47000FFE702992420C1F888000298006800682C
:10E48000009002980168086820F001000860029876
:10E490000068806820F0606001990843029909686B
:10E4A0008860029803F046FA0098029909680860AB
:10E4B00002992020C1F88800FFE70299002081F826
:10E4C0008400FFE700208DF80F00FFE79DF80F00A4
:10E4D00004B080BD80B584B002900191FFE702983E
:10E4E00090F88400012804D1FFE702208DF80F0086
:10E4F00032E00299012081F88400FFE7FFE70299EA
:10E500002420C1F8880002980068006800900298F2
:10E510000168086820F001000860029800688068BF
:10E5200020F06040019908430299096888600298C8
:10E5300003F000FA00980299096808600299202007
:10E54000C1F88800FFE70299002081F88400FFE706
:10E5500000208DF80F00FFE79DF80F0004B080BD8C
:10E5600081B0009001B0704781B0009001B0704759
:10E5700081B0009001B0704780B58EB00D900D98BD
:10E580000068C0690C900D98006800680B900D98A9
:10E59000006880680A900C9840F60F0108400990C6
:10E5A0000998E0B9FFE79DF830008006002815D5EE
:10E5B000FFE79DF82C008006002806D4FFE79DF8B1
:10E5C0002B00C006002809D5FFE70D98406F20B149
:10E5D000FFE70D98416F8847FFE76CE2FFE7099876
:10E5E000002800F0F980FFE70A980121C1F200013C
:10E5F000084209D1FFE70B9840F22011C0F2004118
:10E60000084200F0E980FFE79DF83000C00788B1BC
:10E61000FFE79DF82D00C00760B1FFE70D98016886
:10E62000012008620D99D1F8900040F00100C1F876
:10E630009000FFE79DF830008007002811D5FFE724
:10E640009DF82800C00760B1FFE70D98016802201F
:10E6500008620D99D1F8900040F00400C1F89000D4
:10E66000FFE79DF830004007002811D5FFE79DF82F
:10E670002800C00760B1FFE70D9801680420086218
:10E680000D99D1F8900040F00200C1F89000FFE72A
:10E690009DF830000007002819D5FFE79DF82C00F1
:10E6A0008006002807D4FFE70A980121C1F2000183
:10E6B00008420CD0FFE70D980168082008620D9908
:10E6C000D1F8900040F00800C1F89000FFE79DF8F5
:10E6D00031000007002813D5FFE79DF82F00400701
:10E6E00000280DD5FFE70D9801684FF4006008621F
:10E6F0000D99D1F8900040F02000C1F89000FFE79C
:10E700000D98D0F89000002865D0FFE79DF8300004
:10E710008006002815D5FFE79DF82C00800600280C
:10E7200006D4FFE79DF82B00C006002809D5FFE7B7
:10E730000D98406F20B1FFE70D98416F8847FFE7C4
:10E74000FFE70D98D0F8900008900D980068806859
:10E7500000F04000402806D0FFE79DF8200010F0B0
:10E76000280F2FD0FFE70D9803F082FA0D9800686C
:10E7700080684006002820D5FFE70D98D0F880007B
:10E78000B0B1FFE70D98D0F8801041F65140C0F6C7
:10E790000100C8660D98D0F88000F6F717FA30B17E
:10E7A000FFE70D98D0F88000C16E8847FFE703E0CF
:10E7B0000D98FFF7DDFEFFE703E00D98FFF7D8FEA9
:10E7C000FFE707E00D98FFF7D3FE0D990020C1F891
:10E7D0009000FFE7FFE76EE10D98C06E012840F062
:10E7E0000B81FFE79DF83000C006002840F104814E
:10E7F000FFE79DF82C00C006002840F1FD80FFE7F0
:10E800000D980168102008620D9800688068400625
:10E81000002840F18F80FFE70D98D0F88000006855
:10E82000806CADF81E00BDF81E00002867D0FFE721
:10E83000BDF81E000D99B1F85C1088425FDAFFE761
:10E84000BDF81E000D99A1F85E000D98D0F880006B
:10E85000006D812846D0FFE7FFE7FFE70D980068CD
:10E8600050E8000F20F480700690FFE706990D989D
:10E87000026842E800100028F0D1FFE7FFE7FFE759
:10E88000FFE70D98006850E8020F20F001000590A6
:10E89000FFE705990D98026842E802100028F0D1C0
:10E8A000FFE7FFE70D992020C1F88C000D990020AB
:10E8B000C866FFE7FFE70D98006850E8000F20F0FA
:10E8C00010000490FFE704990D98026842E80010D8
:10E8D0000028F0D1FFE7FFE70D98D0F88000F6F7A9
:10E8E000E9F8FFE70D99022008670D98B0F85C1071
:10E8F000B0F85E20891A89B2FFF79CFD19E0BDF8D7
:10E900001E000D99B1F85C10884211D1FFE70D98F7
:10E91000D0F88000006D812809D1FFE70D99022011
:10E9200008670D98B0F85C10FFF784FDFFE7FFE77C
:10E93000FFE7C0E00D99B1F85C00B1F85E10401A35
:10E94000ADF80E000D98B0F85E00002853D0FFE738
:10E95000BDF80E0000284ED0FFE7FFE7FFE70D9857
:10E96000006850E8000F20F490700290FFE70299D1
:10E970000D98026842E800100028F0D1FFE7FFE799
:10E98000FFE7FFE70D98006850E8020F4FF6FE71B1
:10E99000CEF6FF7108400190FFE701990D980268DB
:10E9A00042E802100028EDD1FFE7FFE70D99202093
:10E9B000C1F88C000D990020C8660D994867FFE7E3
:10E9C000FFE70D98006850E8000F20F0100000905D
:10E9D000FFE700990D98026842E800100028F0D186
:10E9E000FFE7FFE70D99022008670D98BDF80E10AC
:10E9F000FFF720FDFFE75EE09DF83200C00600282B
:10EA00000FD5FFE79DF82A004006002809D5FFE74B
:10EA10000D9801684FF4801008620D98FFF7A4FD6F
:10EA200049E09DF830000006002815D5FFE79DF865
:10EA30002C000006002806D4FFE79DF82A000006F7
:10EA4000002809D5FFE70D98806F20B1FFE70D98EA
:10EA5000816F8847FFE72EE09DF8300040060028D0
:10EA60000AD5FFE79DF82C004006002804D5FFE7F3
:10EA70000D9803F04DF91EE09DF8320000060028C5
:10EA80000AD5FFE79DF82F004006002804D5FFE7D0
:10EA90000D98FFF765FD0EE09DF83300C00750B1FB
:10EAA000FFE79DF82F000006002804D5FFE70D982A
:10EAB000FFF7C6FCFFE70EB080BD000080B582B056
:10EAC0000090009820B9FFE701208DF8070046E08C
:10EAD0000098806908B1FFE700E0FFE70098D0F8F0
:10EAE000880040B9FFE70099002081F88400009871
:10EAF00000F03AF8FFE700992420C1F88800009858
:10EB00000168086820F0010008600098806A20B160
:10EB1000FFE7009802F054FFFFE7009803F01AF9AE
:10EB2000012804D1FFE701208DF8070017E00098C5
:10EB30000168486820F4904048600098016888683F
:10EB400020F02A00886000980168086840F0010001
:10EB50000860009802F0D8FF8DF80700FFE79DF8E5
:10EB6000070002B080BD000080B5D0B04F900020FB
:10EB70004E904D904C904B904A9008A84FF4847161
:10EB8000F1F7CCFB4F98006843F60001C4F2010195
:10EB9000884240F08380FFE700200990012108911E
:10EBA0001F9008A8FBF770F818B1FFE7F4F71AFFF9
:10EBB000FFE7FFE740F6A440C4F20240016841F4D9
:10EBC00080410160006800F4804007900798FFE7EB
:10EBD000FFE740F68C40C4F20240016841F00101B9
:10EBE0000160006800F0010006900698FFE74FF40E
:10EBF000C0604A9002204B90012001904C90002070
:10EC000002904D9007204E900020C4F202204AA9A5
:10EC1000F7F7CEFB019A029940F2D460C2F20000ED
:10EC2000039040F25013C4F20203036016234360C2
:10EC300081604FF48063C360082303614161816197
:10EC4000C161016242628262C16201634163F6F79F
:10EC50008BF918B1FFE7F4F7C5FEFFE7FFE74F9820
:10EC600040F2D461C2F20001C1674F98C865FFE766
:10EC700040F2D460C2F200001021F5F7D1FF18B1C4
:10EC8000FFE7F4F7AFFEFFE73A20009000221146BD
:10EC9000F7F73AFE0098F7F72DFE46E04F98006828
:10ECA00046F20041C4F2000188423DD1FFE7002056
:10ECB000099020210891249008A8FAF7E5FF18B1DF
:10ECC000FFE7F4F78FFEFFE7FFE740F69C40C4F252
:10ECD0000240016841F000710160006800F00070BE
:10ECE00005900598FFE7FFE740F68C40C4F202402C
:10ECF000016841F004010160006800F00400049024
:10ED00000498FFE7C0204A9002204B9001204C90CD
:10ED100000204D9007204E9040F60000C4F20220E3
:10ED20004AA9F7F745FBFFE7FFE750B080BD0000B9
:10ED300080B58AB008900791ADF81A20059308981D
:10ED4000D0F88800202840F09580FFE7079820B190
:10ED5000FFE7BDF81A0020B9FFE701208DF8270072
:10ED60008CE00898006880680006002807D5FFE757
:10ED700008980168886820F080008860FFE708999B
:10ED80000020C1F8900008992120C1F88800F7F709
:10ED9000B3FC0290BDF81A000899A1F85400BDF820
:10EDA0001A000899A1F8560008988068B0F5805FAD
:10EDB00009D1FFE70898006928B9FFE7002004900F
:10EDC0000798039004E00798049000200390FFE761
:10EDD000FFE70898B0F8560088B3FFE70898029B51
:10EDE00005996A4611608021002203F0BFF940B105
:10EDF000FFE708992020C1F8880003208DF827003C
:10EE00003CE0049858B9FFE7039800886FF35F204F
:10EE100008990968886203980230039008E0049812
:10EE20000078089909688862049801300490FFE727
:10EE30000899B1F856000138A1F85600C9E70898BA
:10EE4000029B05996A4611604021002203F08EF969
:10EE500040B1FFE708992020C1F8880003208DF811
:10EE600027000BE008992020C1F8880000208DF8C9
:10EE7000270003E002208DF82700FFE79DF8270018
:10EE80000AB080BD81B0009001B0704785B001909C
:10EE90000198007801460091022804D3FFE700980A
:10EEA000022834D06BE0019890ED061A90ED070A25
:10EEB00090ED083A90ED092A21EE031A20EE020A9D
:10EEC00030EE410A8DED020A019890ED061A90EDA0
:10EED000073A90ED080A90ED092A21EE031A20EE78
:10EEE000020A30EE010A8DED030A019890ED061A30
:10EEF00090ED090A21EE011ABEEE002A31EE021A47
:10EF000020EE000A30EE010A8DED040A3CE0019883
:10EF100090ED060A90ED071A90ED082A90ED093A57
:10EF200021EE031A20EE020A30EE410A8DED020AAC
:10EF3000019890ED061A90ED073A90ED080A90EDD1
:10EF4000092A21EE031A20EE020A30EE011A9FED83
:10EF5000120A30EE410A8DED030A019890ED060A7F
:10EF600090ED091A20EE002AB6EE000A30EE420AB1
:10EF700021EE011A30EE410A8DED040A04E0002072
:10EF8000029003900490FFE79DED020ADDED030A75
:10EF90009DED041A05B070470000008085B0019017
:10EFA000019800780146009140B1FFE700980128E0
:10EFB00038D0FFE7009802286CD0A3E0019890EDCC
:10EFC000061A90ED070A90ED082A90ED093A21EE15
:10EFD000031A20EE020A30EE010A8DED020A0198B2
:10EFE00090ED061A90ED080A21EE011ABEEE002AF5
:10EFF00031EE021A20EE000A30EE010A8DED030A0E
:10F00000019890ED061A90ED073A90ED080A90ED00
:10F01000092A21EE031A20EE020A30EE410A8DED94
:10F02000040A74E0019890ED060A90ED071A20EEAC
:10F03000002AB6EE000A30EE420A21EE011A30EE46
:10F04000410A8DED020A019890ED060A90ED071A2B
:10F0500090ED083A90ED092A21EE031A20EE020AFB
:10F0600030EE410A8DED030A019890ED061A90EDFD
:10F07000070A90ED083A90ED092A21EE031A20EED6
:10F08000020A30EE011A9FED260A30EE410A8DED9C
:10F09000040A3CE0019890ED061A90ED070A90ED05
:10F0A000082A90ED093A21EE031A20EE020A30EE0A
:10F0B000011A9FED1B0A30EE410A8DED020A0198FC
:10F0C00090ED060A90ED081A20EE002AB6EE000A2E
:10F0D00030EE420A21EE011A30EE410A8DED030AAC
:10F0E000019890ED060A90ED072A90ED081A90ED30
:10F0F000093A21EE031A20EE020A30EE410A8DEDA4
:10F10000040A04E00020029003900490FFE79DEDC4
:10F11000020ADDED030A9DED041A05B0704700BF39
:10F1200000000080FFE7FEE784B0039002918DEDC0
:10F13000010ACDED000A039908684A688B6840F21D
:10F140000831C2F200018B604A600860029B1868B7
:10F150005A689B684B610A61C86001988861009891
:10F16000C86104B07047000083B0029001918DED3A
:10F17000000A029908684A688B6840F20831C2F2B6
:10F1800000018B624A620862019B18685A689B689A
:10F190004B630A63C8620098C86303B070470000FD
:10F1A00080B584B040F6EC31C2F200010020087056
:10F1B00040F6FE31C2F20001087040F6FC31C2F2A6
:10F1C0000001088040F60041C2F20001086048607A
:10F1D000886040F6F031C2F2000108604860886043
:10F1E00040F67451C2F20001087040F26050C2F261
:10F1F0000000019064210291F2F7FAFF0198029950
:10F200001830F2F7F5FF40F25840C2F200000390C8
:10F21000F2F75EFB039844F6A841C0F60101F2F74D
:10F2200039FC04B080BD0000F0B5A3B08DF88B00B0
:10F2300040F20830C2F20000099090ED070A0C304D
:10F24000002101F0DFFA0998C1681F91016920913E
:10F250004169219101681C9141681D9180681E904F
:10F260009DED1F0ADDED200A9DED211A44F6384E72
:10F27000C0F6010ECDF820E0DEF80000DEF8041044
:10F28000DEF80820DEF80C30DEF810C0DEF814409E
:10F29000DEF81850DEF81C60DEF8207040F2740EC4
:10F2A000C2F2000EDEED001A9EED012ADEED022A0A
:10F2B00040F2EC5EC2F2000E9EED003ADEED013A45
:10F2C0009EED024AEE46CEF81070CEF80C60CEF8F5
:10F2D0000850CEF80440CEF800C0F3F7EDF8DDF8A2
:10F2E00020E08DED1B1ACDED1A0A8DED190A199843
:10F2F0001A991B9A219220911F909DED1C0ADDED19
:10F300001D0A9DED1E1ADEF80000DEF80410DEF87E
:10F310000820DEF80C30DEF810C0DEF81440DEF80D
:10F320001850DEF81C60DEF8207040F2640EC2F265
:10F33000000EDEED001A9EED012ADEED022A40F2FB
:10F34000580EC2F2000E9EED003ADEED013A9EED3F
:10F35000024AEE46CEF81070CEF80C60CEF8085097
:10F36000CEF80440CEF800C0F3F7A6F88DED181AD9
:10F37000CDED170A8DED160A16981799189A1E9258
:10F380001D911C909DED1F0ADDED200A9DED211AB7
:10F3900040F26050C2F20000F2F750FF09988DED84
:10F3A000151ACDED140A8DED130A1399149A159BB5
:10F3B000219320921F911F9A40F24831C2F200011E
:10F3C000CA60209A0A61219A4A611C9A0A601D9AB1
:10F3D0004A601E9A8A60C069C8619DF88B00012846
:10F3E00040F09380FFE740F20830C2F20000059041
:10F3F00090ED0F0A2C30012101F004FA0598C16A42
:10F400001F91016B2091406B21909DED1F0ADDED56
:10F41000200A9DED211A44F65C4EC0F6010ECDF88F
:10F4200018E0DEF80000DEF80410DEF80820DEF850
:10F430000C30DEF810C0DEF81440DEF81850DEF8AC
:10F440001C60DEF8207040F2740EC2F2000EDEED99
:10F45000001A9EED012ADEED022A40F2EC5EC2F2B5
:10F46000000E9EED033ADEED043A9EED054AEE46AF
:10F47000CEF81070CEF80C60CEF80850CEF80440EC
:10F48000CEF800C0F3F718F88DED121ACDED110A81
:10F490008DED100A10981199129A219220911F90C7
:10F4A0009DED1F0ADDED200A9DED211A40F260500E
:10F4B000C2F200001830F2F7C1FE8DED0F1ACDED4B
:10F4C0000E0A8DED0D0A0D980E990F9A219220913A
:10F4D0001F901F9840F24831C2F2000141F82C0FF2
:10F4E00007912098486021988860A1F120000AAA1D
:10F4F000F4F718FA07990A9841F8200C0B9841F88C
:10F500001C0C0C9841F8180CFFE723B0F0BD00006C
:10F5100080B582B0ADF8060040F24040C2F2000073
:10F5200040F2D451C2F200019FED140ADFED140A3B
:10F53000FFF7FAFD40F2CE30C2F20000007868B169
:10F54000FFE740F24C40C2F2000040F2E051C2F24C
:10F5500000019FED0B0AFFF707FEFFE740F2CE30F8
:10F56000C2F200000078FFF75FFE40F24830C2F2BE
:10F57000000000F007F802B080BD00BF00000000EE
:10F580000AD7233C80B594B013901398C0681090AC
:10F5900013980069119013984069129013980068AD
:10F5A0000D90139840680E90139880680F901398F0
:10F5B00090ED073A9DED100ADDED110A9DED121A4E
:10F5C000DDED0D1A9DED0E2ADDED0F2A40F25840BB
:10F5D000C2F200000190F2F79FFD0198F2F762F984
:10F5E000CDED091A8DED081ACDED070A8DED060A4D
:10F5F0009DED060ADDED070A9DED081ADDED091AFD
:10F60000F3F79CF98DED0C1ACDED0B0A8DED0A0A7E
:10F6100040F2AC51C2F200010A980B9A0C9B8B602D
:10F620004A60086040F61850C2F20000806880BB53
:10F63000FFE740F2B850C2F20000007848B3FFE79D
:10F6400040F2CE30C2F20000007838B1FFE740F25D
:10F65000B850C2F200004078D8B1FFE740F6EC3075
:10F66000C2F200000078092813D8FFE740F6EC3218
:10F67000C2F200021078411CC8B211700A2807D1EA
:10F68000FFE740F67451C2F2000101200870FFE765
:10F69000FFE740F25840C2F20000F2F747F88DED64
:10F6A000051ACDED040A8DED030A9DED101A9DEDAE
:10F6B000112A9DED120A22EE022A21EE011A31EEE4
:10F6C000021A20EE000A30EE010A05F0BFF88DEDB7
:10F6D000020A40F6FC30C2F200000088632855D8C8
:10F6E000FFE79DED020AB0EE081AB4EE410AF1EE12
:10F6F00010FA4BDAFFE79DED031A40F60040C2F224
:10F70000000090ED000A30EE010A80ED000A9DED48
:10F71000041A90ED010A30EE010A80ED010A9DED18
:10F72000051A90ED020A30EE010A80ED020A40F659
:10F73000FC30C2F200000188013101800088642899
:10F7400023D3FFE740F60041C2F2000191ED000A29
:10F750009FED0F1A80EE010A40F6F030C2F2000071
:10F7600080ED000A91ED010A80EE010A80ED010AA8
:10F7700091ED020A80EE010A80ED020A40F6FE31A8
:10F78000C2F2000101200870FFE7FFE714B080BD5E
:10F790000000C84281B00090009988684FF6C0729E
:10F7A000C5F6FF721040886001B0704781B00090CC
:10F7B00048F2C801C4F20221086840F00100086064
:10F7C00001B0704781B000900099D1F8C80040F0B6
:10F7D0000100C1F8C80001B07047000081B000907E
:10F7E0000098806840F080504FF6C071C7F6FF71F6
:10F7F00008400099886001B07047000081B0009017
:10F800000098806800F0E07001B0704783B002900B
:10F8100001910298019900EB8100603000900098FE
:10F82000006800F0F84003B07047000081B000901D
:10F8300000988068C0F3C00001B0704781B00090AC
:10F8400000988068C0F3407001B0704781B00090AC
:10F850000098806800F0010001B0704781B000900E
:10F8600000988068C0F3007001B0704781B00090CC
:10F8700000988068C0F3800001B0704784B00390A6
:10F88000029101920398029901F4407100EB9110EA
:10F890003030009000980068029901F01F021F218B
:10F8A000914088430199C1F38461914008430099D4
:10F8B000086004B07047000084B003900291019288
:10F8C0000398029901F0007100EBD15014300090C0
:10F8D000009800680299C1F30452072191408843BF
:10F8E0000199914008430099086004B070470000F6
:10F8F00083B00290019100920298D0F8B000019973
:10F900006FF31F518843009A02F018034FF6FF72FD
:10F91000C0F20F02DA40114008440299C1F8B00069
:10F9200003B0704782B0019000910198806820F484
:10F930007C10009908430199886002B0704700006C
:10F9400082B0019000910198806820F0E0700099E9
:10F9500008430199886002B07047000085B00490A8
:10F960000391029201930498039900EB81006030A7
:10F970000090009800684FF20001C0F2FF31014092
:10F98000029800F0F840019A1043084340F000400C
:10F990000099086005B0704784B00390029101920D
:10F9A0000398029900EB8100603000900098006895
:10F9B00020F00070019908430099086004B0704776
:10F9C00084B00390029101920398029900EB8100A8
:10F9D000603000900098006820F080700199084322
:10F9E0000099086004B0704784B0039002910192BE
:10F9F0000398029900EB8100603000900098006845
:10FA000020F00040019908430099086004B0704755
:10FA100082B0019000910198406920F00040009967
:10FA200008430199486102B07047000080B58AB070
:10FA30000021009109910891079106910591049187
:10FA40000391029140F20460C2F20000019048F27A
:10FA50000002C4F2022202604FF400224260816080
:10FA6000C160016104224261017641760122C261D6
:10FA700080F820108162C16280F8341001638163D4
:10FA800080F83C10F4F70CFD18B1FFE7F3F7AAFF7C
:10FA9000FFE70220C0F230400290062003900020D1
:10FAA00004907F21059104210691079040F20460A3
:10FAB000C2F2000002A9F4F7D3F818B1FFE7F3F798
:10FAC00091FFFFE70AB080BD80B58AB000210091A8
:10FAD0000991089107910691059104910391029172
:10FAE00040F26C60C2F20000019048F20012C4F2D1
:10FAF000022202604FF4002242608160C160016115
:10FB000004224261017641760122C26180F8201010
:10FB10008162C16280F834100163816380F83C1017
:10FB2000F4F7BEFC18B1FFE7F3F75CFFFFE748F21C
:10FB30000000C3F6F06002900620039000200490BD
:10FB40007F21059104210691079040F26C60C2F27A
:10FB5000000002A9F4F784F818B1FFE7F3F742FFB9
:10FB6000FFE70AB080BD000080B540F24C70C2F2E1
:10FB7000000043F20001C4F20201016000210171A2
:10FB800041714161816101210162F4F70FFF18B1F8
:10FB9000FFE7F3F727FFFFE780BD000080B582B0E5
:10FBA00040F27070C2F2000001904AF20041C4F2CB
:10FBB00000010160002141604FF440728260C16029
:10FBC00001744174817405234361062282614FF000
:10FBD0000E0CC0F81CC00362012343628262122330
:10FBE000C36202630A2242638163C163F6F7CAF803
:10FBF00018B1FFE7F3F7F6FEFFE702B080BD0000A3
:10FC000080B582B040F2D470C2F2000000904AF693
:10FC10000001C4F200010160002101914160816096
:10FC2000C1600174417481741022426101228261B9
:10FC3000C261026242628262C262026341638163A4
:10FC4000C163F6F79FF818B1FFE7F3F7CBFEFFE7C4
:10FC500002B080BD80B582B0FFE740F68840C4F2B4
:10FC60000240016841F001010160006800F00100FC
:10FC700001900198FFE71D20009000221146F6F741
:10FC800043FE0098F6F736FE02B080BD80B59CB00A
:10FC900000201B901A90199018901790FFE740F6DB
:10FCA0008C40C4F20240016841F01001016000681C
:10FCB00000F0100016901698FFE7FFE740F68C4022
:10FCC000C4F20240016841F004010160006800F0E4
:10FCD000040015901598FFE7FFE740F68C40C4F24A
:10FCE0000240016841F080010160006800F080007E
:10FCF00014901498FFE7FFE740F68C40C4F20240EE
:10FD0000016841F001010160006800F001001390FA
:10FD10001398FFE7FFE740F68C40C4F20240016809
:10FD200041F002010160006800F002001290129898
:10FD3000FFE7FFE740F68C40C4F20240016841F063
:10FD400008010160006800F0080011901198FFE7B9
:10FD500041F20000C4F2022002904CF2080101912D
:10FD600000220F92F6F7B2FC0F9A40F60000C4F2A0
:10FD700002200A9030210391F6F7A8FC0F9A40F276
:10FD80000040C4F20220069095210491F6F79EFCF3
:10FD900006984FF48051059101220B92F6F796FCDC
:10FDA0000F9A40F60040C4F2022008904FF4004140
:10FDB0000791F6F78BFC0F9A0020C4F202200C90FA
:10FDC0004FF480710991F6F781FC07990B9A0C9812
:10FDD000F6F77CFC019B02980B9A0F9917931892E7
:10FDE00019911A9117A90D91F6F7E2FA02980D9957
:10FDF0000F9A102317930023C1F22103189319922D
:10FE0000F6F7D6FADDF80CC00A980B9B0D990F9AFD
:10FE1000CDF85CC0189319921A92F6F7C9FADDF87A
:10FE200010C006980B9B0D990F9ACDF85CC01893E3
:10FE300019921A92F6F7BCFADDF814C006980B9BDB
:10FE40000D990F9ACDF85CC01893199202220E9268
:10FE50001A92F6F7ADFADDF81CC008980B9B0D99C5
:10FE60000F9ACDF85CC0189319921A92F6F7A0FA7F
:10FE7000099B0A980D990F9A179318921992F6F701
:10FE800097FA0B9B0C980D990F9A4FF4014CCDF8F3
:10FE90005CC0189319921A92F6F78AFA0E990F9A83
:10FEA0000F201090F6F730FD1098F6F723FD1CB0E8
:10FEB00080BD000080B50020F6F724FC18B1FFE7F4
:10FEC000F3F790FDFFE7F6F73DFC18B1FFE7F3F716
:10FED00089FDFFE780BD000080B582B040F63800A4
:10FEE000C2F20000009043F20001C4F2010101607F
:10FEF0004FF4800141600021019181600722C260BE
:10FF00004FF0007303614FF0807343614FF08063E3
:10FF100083614FF04053C361016241628162C262FA
:10FF200041638163C1638164C16401654165816529
:10FF3000C1650166FCF724FC18B1FFE7F3F752FD39
:10FF4000FFE702B080BD000080B582B040F6C80077
:10FF5000C2F20000009043F60001C4F2000101600B
:10FF60004FF4800141600021019181600722C2604D
:10FF70004FF0007303614FF0807343614FF0806373
:10FF800083614FF04053C361016241628162C2628A
:10FF900041638163C1638164C164016541658165B9
:10FFA000C1650166FCF7ECFB18B1FFE7F3F71AFD3A
:10FFB000FFE702B080BD000080B582B040F6581067
:10FFC000C2F20000009043F60041C4F2000101605B
:10FFD0004FF4800141600021019181600722C260DD
:10FFE0004FF0007303614FF0807343614FF0806303
:10FFF00083614FF04053C361016241628162C2621A
:020000040801F1
:1000000041638163C1638164C16401654165816548
:10001000C1650166FCF7B4FB18B1FFE7F3F7E2FC3A
:10002000FFE702B080BD000080B582B040F6E81066
:10003000C2F20000009044F60041C4F201010160E8
:100040004FF4800141600021019181600722C2606C
:100050004FF0007303614FF0807343614FF0806392
:1000600083614FF04053C361016241628162C262A9
:1000700041638163C1638164C164016541658165D8
:10008000C1650166FCF77CFB18B1FFE7F3F7AAFC3A
:10009000FFE702B080BD000080B584B0002103916D
:1000A0000291019140F67820C2F2000041F2004234
:1000B000C4F200020260F9224260816040F2E7323D
:1000C000C2608161FDF78AFE18B1FFE7F3F78AFC91
:1000D000FFE700200190039040F67820C2F2000074
:1000E00001A9FDF76DFD18B1FFE7F3F77BFCFFE712
:1000F00004B080BD80B582B040F6C420C2F20000DA
:10010000009043F60001C4F2010101604FF4613137
:100110004160002101918160C16001610C22426156
:100120008161C161016241628162FEF7C7FC18B161
:10013000FFE7F3F757FCFFE740F6C420C2F20000E8
:100140000021FEF7C7F918B1FFE7F3F74BFCFFE713
:1001500040F6C420C2F200000021FEF775F918B184
:10016000FFE7F3F73FFCFFE740F6C420C2F20000D0
:10017000FEF722F918B1FFE7F3F734FCFFE702B00E
:1001800080BD000080B582B040F65830C2F2000059
:10019000009046F20041C4F2000101604FF4165194
:1001A0004160002101918160C16001610C224261C6
:1001B0008161C161016241628162FEF77FFC18B119
:1001C000FFE7F3F70FFCFFE740F65830C2F20000FC
:1001D0000021FEF77FF918B1FFE7F3F703FCFFE713
:1001E00040F65830C2F200000021FEF72DF918B198
:1001F000FFE7F3F7F7FBFFE740F65830C2F20000E5
:10020000FEF7DAF818B1FFE7F3F7ECFBFFE702B00F
:1002100080BD0000FFE7FEE7FFE7FEE788B007903C
:1002200006910592079800F0070004900498C0F129
:100230000700052803D3FFE70420019004E0049899
:10024000C0F107000190FFE7019803900498043083
:10025000062803D8FFE70020009003E00498033845
:100260000090FFE70098029006980399012202FA95
:1002700001F101390840029B984005999A40013AE2
:100280001140084308B0704787B08DED060ACDEDE8
:10029000050A8DED041ACDED031A9DED050A9DEDBD
:1002A000031A30EE010A8DED020A9DED030A9DED61
:1002B000021A80EE010A8DED010A9DED050A9DED01
:1002C000021A80EE010A8DED000A9DED010A9DEDF6
:1002D000062A9DED001A9DED043A21EE031A20EE48
:1002E000020A30EE010A07B07047000070470000B4
:1002F00080B5C4B002A801904FF48471F0F70EF8F5
:100300000198042103910021C4F2200102910321EC
:1003100004910221059110220692079108910991FA
:100320000C210A9100210B910C914FF400310D9199
:100330004FF4007131913D91F9F7A6FC18B1FFE738
:10034000F3F750FBFFE744B080BD000080B58EB0EE
:1003500002A801902C21EFF7E1FF019940F27070A3
:10036000C2F20000F5F73AFA20B1FFE76FF005009E
:100370000D904BE040F6C840C2F20000007830B962
:10038000FFE7079818B9FFE700200D903EE040F620
:10039000C841C2F200010020087040F27070C2F241
:1003A0000000F5F73BFF50B1FFE740F6C841C2F24D
:1003B0000001012008706FF005000D9026E040F26A
:1003C0007070C2F20000F5F703FF50B1FFE740F68E
:1003D000C841C2F20001012008706FF005000D90C5
:1003E00014E040F27070C2F2000002F08DFD50B1D6
:1003F000FFE740F6C841C2F20001012008706FF02B
:1004000005000D9002E000200D90FFE70D980EB062
:1004100080BD000080B58AB000200490099008904B
:100420000790069005900690022100910791089090
:100430004FF40050059040F60000C4F202200190F5
:1004400005A90391F5F7B4FF009A01980399059265
:10045000F5F7AEFF0399012005900020C4F20220B9
:100460000290F5F7A5FF0298039904220592F5F78B
:100470009FFF04980AB080BD80B584B00290002030
:100480008DF80700029820B9FFE76FF00100039094
:1004900049E040F60000C4F202204FF40051F6F7A4
:1004A000FDF8012807D1FFE79DF8070040F00100A3
:1004B0008DF80700FFE740F60000C4F20220022199
:1004C000F6F7ECF8012807D1FFE79DF8070040F0A8
:1004D00002008DF80700FFE70020C4F2022001218E
:1004E000F6F7DCF8012807D1FFE79DF8070040F098
:1004F00004008DF80700FFE70020C4F20220042169
:10050000F6F7CCF8012807D1FFE79DF8070040F087
:1005100008008DF80700FFE79DF8070002990870B2
:1005200000200390FFE7039804B080BD80B584B03D
:10053000029040F60041C4F20241086820F0806059
:100540000860F6F7D9F80190FFE740F60040C4F2E2
:100550000240006800F000610020B0EBD16F0CD0C9
:10056000FFE7F6F7C9F80199401A032804D3FFE71B
:1005700003208DF80F008BE0E7E7FFE740F62C4102
:10058000C4F20241086843F603729043029B1A6862
:100590005B6842EA03221043086002998868D1F838
:1005A0000CC00B694A6901386FF35F204FF6006198
:1005B000CFF6FF7101EB4C2189B208440021CFF640
:1005C000FF7101EB034101F4FE0108444FF07F414C
:1005D00001EB026101F0FE41084440F63C41C4F2E7
:1005E00002410860FFE740F62C41C4F2024100914D
:1005F000086820F00C00029A9269104308600868AD
:1006000020F02000029AD269104308600298426AE2
:10061000086810430860086820F01000086040F681
:100620004042C4F2024210684FF6F8739843029BAE
:100630001B6A40EAC3001060086840F010000860C0
:1006400040F60041C4F20241086840F08060086052
:10065000F6F752F80190FFE740F60040C4F202407E
:10066000006800F000610020B0EBD16F0CD1FFE713
:10067000F6F742F80199401A032804D3FFE7032054
:100680008DF80F0004E0E7E700208DF80F00FFE78A
:100690009DF80F0004B080BD80B584B0029040F694
:1006A0000041C4F20241086820F080500860F6F76B
:1006B00023F80190FFE740F60040C4F202400068D2
:1006C00000F000510020B0EB517F0CD0FFE7F6F7AF
:1006D00013F80199401A032804D3FFE703208DF88B
:1006E0000F008BE0E7E7FFE740F63041C4F202413C
:1006F000086843F603729043029B1A685B6842EAFB
:1007000003221043086002998868D1F80CC00B6975
:100710004A6901386FF35F204FF60061CFF6FF7131
:1007200001EB4C2189B208440021CFF6FF7101EBA7
:10073000034101F4FE0108444FF07F4101EB0261E7
:1007400001F0FE41084440F64441C4F20241086011
:10075000FFE740F63041C4F202410091086820F002
:100760000C00029A926910430860086820F020008B
:10077000029AD269104308600298426A08681043DE
:100780000860086820F01000086040F64842C4F293
:10079000024210684FF6F8739843029B1B6A40EAC6
:1007A000C3001060086840F01000086040F6004187
:1007B000C4F20241086840F080500860F5F79CFFE1
:1007C0000190FFE740F60040C4F20240006800F0EC
:1007D00000510020B0EB517F0CD1FFE7F5F78CFF03
:1007E0000199401A032804D3FFE703208DF80F0076
:1007F00004E0E7E700208DF80F00FFE79DF80F0009
:1008000004B080BD80B588B007908DED060A8DF8E4
:1008100017109DF8171040F2B850C2F20000405C6B
:1008200008B1FFE7A1E19DED060A9FEDD11A20EE88
:10083000010A8DED040A9DED040AB7EE001AB4EE2C
:10084000410AF1EE10FA04DDFFE74FF07E5004900C
:10085000FFE7002003900290FFE7029802285BDC8C
:10086000FFE79DF8171040F2C830C2F20000405C6C
:1008700088B9FFE70798029A50F822009DF81710F0
:1008800001EB410340F29031C2F2000101EB830120
:1008900041F82200FFE79DED040A0798029A00EB59
:1008A000820090ED002A9DF8170000EB400140F215
:1008B0009030C2F2000000EB810101EB820191ED6A
:1008C000001A32EE412A20EE020A30EE010A81EDD2
:1008D000000A079A029902EB810292ED000A9DF844
:1008E000172002EB420200EB820000EB810090ED4A
:1008F000001A30EE410A8DED010A9DED010A9DEDD1
:10090000031A20EE000A30EE010A8DED030AFFE71C
:10091000029801300290A0E79DF8172040F2C831FC
:10092000C2F20001012088549DED030A03F08EFFFE
:100930008DED000A00989DF8171001EB410240F67A
:100940000C41C2F2000141F822009DED000AB1EE17
:10095000041AB4EE410AF1EE10FA2ADDFFE79DF821
:10096000172040F2C031C2F20001002041F82200FD
:100970009DF8172040F2CA31C2F2000121F812009E
:100980009DF8171001EB410240F2A831C2F20001BC
:1009900001EB820290609DF8172002EB420201EB0E
:1009A000820250609DF8172002EB420241F82200BB
:1009B00014E09DED060A9DF8171040F2C030C2F217
:1009C000000000EB810090ED001A9FED6A2A20EEF6
:1009D000020A30EE010A80ED000AFFE79DF81710C9
:1009E00040F2C030C2F2000000EB810090ED000A3E
:1009F0009FED611AB4EE410AF1EE10FAC0F2968052
:100A0000FFE7079890ED001A9DF8170000EB4001F2
:100A100040F2A830C2F2000000EB810191ED000A23
:100A200030EE010A81ED000A079991ED011A9DF857
:100A3000171001EB410100EB810191ED010A30EE4D
:100A4000010A81ED010A079991ED021A9DF817102C
:100A500001EB410100EB810090ED020A30EE010A4A
:100A600080ED020A9DF8172040F2CA30C2F2000061
:100A700030F81210013120F812109DF8171030F8DC
:100A80001100282851DBFFE79DF8170000EB40011B
:100A900040F2A83CC2F2000C0CEB810292ED000A7D
:100AA00040F2CA32C2F2000232F8100001EE100A1F
:100AB000B8EEC11A80EE010A40F2EC50C2F200001A
:100AC00000EB810181ED000A9DF8173003EB430133
:100AD0000CEB810E9EED010A32F8133001EE103A54
:100AE000B8EEC11A80EE010A00EB810181ED010A26
:100AF0009DF8173003EB43010CEB810C9CED020ACF
:100B000032F8132001EE102AB8EEC11A80EE010A65
:100B100000EB810080ED020A9DF8172040F2B851E9
:100B2000C2F2000101208854FFE7FFE79DF817108B
:100B300040F2C030C2F2000050F8210001EB410247
:100B400040F60C41C2F2000101EB820250609DF8B8
:100B5000172040F2CA30C2F2000030F8120002EB57
:100B6000420201EB82010881FFE708B080BD00BFAF
:100B7000DA0F494100007A440000484282B00190F7
:100B8000019800684069009001980168886940F008
:100B90000800886101980168886940F01000886148
:100BA00001980168086820F0010008600198016858
:100BB000086940F26F3290430861019801688868C3
:100BC00020F440408860019890F88900042815D0EE
:100BD000FFE79DF80000800600280ED5FFE7019989
:100BE000D1F88C0040F08000C1F88C0001980168B9
:100BF000886940F020008861FFE7FFE7019890F8DE
:100C00008900032815D0FFE79DF800004006002862
:100C10000ED5FFE70199D1F88C0040F00400C1F82F
:100C20008C0001980168886940F040008861FFE706
:100C3000FFE79DF80100800700280ED5FFE7019926
:100C4000D1F88C0040F00100C1F88C0001980168D7
:100C5000886940F400708861FFE79DF80100C007D3
:100C600070B1FFE70199D1F88C0040F00800C1F89D
:100C70008C0001980168886940F480708861FFE702
:100C800001990020A1F86A000199A1F8720002B050
:100C90007047000083B002900298C16B012000EB06
:100CA000511001900298C068013000900098073000
:100CB000C00800900098019900FB01F003B0704754
:100CC00080B586B0DDF820C0049003918DF80B202C
:100CD0000193FFE704980068406903990840401AAF
:100CE000B0FA80F040099DF80B10884214D1FFE75C
:100CF000F5F702FD0899401A0199884204D3FFE7ED
:100D00000198013018B9FFE7019820B9FFE70320E7
:100D10008DF8170004E0DDE700208DF81700FFE7ED
:100D20009DF8170006B080BD7047000010B588B070
:100D3000DDF828C006900591ADF812208DF811302D
:100D4000069848B1FFE7BDF8120028B1FFE79DF80B
:100D50001100202804D3FFE700208DF81F0030E0A9
:100D600002F0D2FD0390039820B9FFE700208DF830
:100D70001F0026E003980699059ABDF812309DF8E9
:100D800011C0EE460224CEF80440CEF800C002F0B6
:100D9000EDFD039802F04EFD012807D0FFE703990F
:100DA000002081F821008DF81F000AE00A9820B188
:100DB000FFE703980A990860FFE701208DF81F00FC
:100DC000FFE79DF81F0008B010BD000080B584B09B
:100DD00000F090F840F20030C2F20000694608606E
:100DE00040F64500C0F6000044F6C041C0F60101DF
:100DF0000A2203920323FFF799FF039A40F204307B
:100E0000C2F200006946086041F61D10C0F60100FC
:100E100044F6D241C0F601010423FFF787FF40F2F8
:100E2000D020C2F200006946086041F60510C0F605
:100E3000010044F6EE41C0F60101012201920523B2
:100E4000FFF774FF019A40F2EC20C2F200006946FD
:100E5000086040F20D70C0F6000044F6CC41C0F6C8
:100E6000010115230293FFF761FF019A029B40F2F3
:100E70003C40C2F200006946086040F6F560C0F6EA
:100E8000000044F6DC41C0F60101FFF74FFF029B72
:100E900040F28830C2F200006946086040F6DD404A
:100EA000C0F6000044F6C841C0F601014FF47A7262
:100EB000FFF73CFF039A40F28C30C2F20000694613
:100EC000086040F62960C0F6000044F6F841C0F61C
:100ED00001011623FFF72AFF012808D0FFE740F69B
:100EE0001851C2F20001C86A0130C862FFE704B0BD
:100EF00080BD000080B582B040F61451C2F20001FE
:100F0000002008608DF80700FFE79DF80700132810
:100F100026D8FFE79DF8070000EB400140F680501F
:100F2000C2F20000009000EB01103021EFF7F6F95B
:100F300000999DF8070000EB400001EB0012002033
:100F400082F821009DF8072002EB420201EB02111A
:100F50004862FFE79DF8070001308DF80700D4E7ED
:100F600002B080BD80B586B040F61450C2F20000D9
:100F700000680590F2F76EFE0490FFE705980028E0
:100F800045D0FFE7049805998969401A03900398B2
:100F90000599898A884236D3FFE70498059900228B
:100FA000CA6188610598006860B3FFE74EF21800D7
:100FB000CEF2000000900068029005980168808AD7
:100FC000884700980068019001980299884208D3E8
:100FD000FFE702984DF29001C0F20301084402902D
:100FE000FFE702980199401A00EE100AB8EE400A95
:100FF0009FED081A20EE010A0598BCEEC00A80EDAC
:101000000A0AFFE7FFE70598406A0590B6E706B0D1
:1010100080BD00BF6F12833B80B5F5F79DFB80BD9F
:1010200080B584B0ADF80A00BDF80A0018B9FFE732
:101030000020039041E04EF6FC50CEF20000006824
:10104000C001002808D5FFE741F20000CEF2000001
:101050000068C00720B9FFE76FF0060003902CE09E
:1010600040F22000C2F200000268BDF80AC000236E
:1010700044F23F20C0F20F001946E2FB0C0144F29B
:101080004022C0F20F02EFF7FFF8009041F2040097
:10109000CEF2000000680190FFE741F20400CEF2BA
:1010A000000000680199401A0099884202D2FFE7C7
:1010B00000BFF2E700200390FFE7039804B080BD73
:1010C00080B58CB0FF208DF82A0000200990EFF742
:1010D00025FE58B1FFE740F61851C2F20001886AB8
:1010E000013088624FF0FF300B901EE140F2F0219A
:1010F000C2F20001059100200490C1F803000860CD
:10110000012107910722069202F07AFC049B059ABE
:10111000069984460798C2F800C013715071917106
:10112000F2F7ACF840B1FFE740F61851C2F2000107
:10113000086B01300863FFE70120F2F791F840B136
:10114000FFE740F61851C2F20001086B0130086356
:10115000FFE70120F2F7A0F840B1FFE740F6185191
:10116000C2F20001086B01300863FFE76420F4F766
:10117000DBF800F0DDF840F2CE31C2F200010020D1
:1011800003900870FEF70CF8039840F67451C2F211
:1011900000014870F1F750FF40B1FFE740F61851E9
:1011A000C2F20001C8680130C86006E040F6745120
:1011B000C2F2000101204870FFE7EFF73DFC40B1AB
:1011C000FFE740F61851C2F20001886801308860DC
:1011D000FFE740F60000C4F2022020210122029223
:1011E000F5F774FA029A40F20040C4F20220114668
:1011F000F5F76CFAF2F7B0FA40B1FFE740F6185194
:10120000C2F2000148690130486106E040F67451BD
:10121000C2F2000101208870FFE7EFF749FA40B100
:10122000FFE740F61851C2F20001486801304860FB
:10123000FFE7EFF7EFFD58B1FFE740F61851C2F2B4
:101240000001886A013088624FF0FF300B906CE03B
:10125000FFF7BCFD40F67820C2F20000FCF73AFE32
:101260006420EFF7F7F940B1FFE740F61851C2F2FA
:101270000001C86C0130C864FFE7F5F73DFA08903B
:10128000FFE740F67450C2F200004179002001905F
:1012900059B9FFE7F5F730FA0899411A0020B1F57E
:1012A0007A7F38BF01200190FFE70198C00720B185
:1012B000FFE70120F4F738F8E3E740F67450C2F294
:1012C00000004079B8B1FFE70220F4F72DF801F0F3
:1012D00037F840F2E030C2F200000078EFF7E4FDAA
:1012E00040B1FFE740F61851C2F20001886B0130AF
:1012F0008863FFE7FFE7FFE740F67450C2F20000A3
:101300000078012804D0FFE70A20F4F70DF8F3E78E
:1013100040F67451C2F200010120887140F6B830E5
:10132000F4F702F800200B90FFE70B980CB080BD9B
:1013300081B04EF6FC51CEF20001086840F080709A
:10134000086041F20000CEF2000000688001002831
:1013500004D5FFE76FF0070000901CE041F20401A4
:10136000CEF200010020086041F20000CEF2000041
:10137000016841F001010160BFF34F8FBFF36F8F30
:101380000068C00720B9FFE76FF00500009002E099
:1013900000200090FFE7009801B0704780B59CB036
:1013A00008A85021EEF7BAFF00200790069005909C
:1013B000049003900290FFE740F61000C4F2024050
:1013C000016841F030010160006800F030000190D8
:1013D0000198FFE7FFE740F61400C4F202400068FE
:1013E00000F00800082801D0FFE7F4E7012008908A
:1013F0004FF4803009900220129003211391149031
:101400002821159116900421179118900C201990FD
:1014100000201A901B9008A8FAF7B4FC18B1FFE757
:10142000F2F7E0FAFFE71F2002900320039000206C
:10143000049005900690079002A80521FAF79CF801
:1014400018B1FFE7F2F7CEFAFFE742F20001C4F26B
:1014500002010868022262F3051008601CB080BD1A
:1014600082B04EF68851CEF20001086840F4700058
:10147000086040F60042C4F202420120106040F6CB
:101480001C41C4F2024100200090086040F6204157
:10149000C4F20241086011684EF6E323CEF6E2235F
:1014A0001940116040F62841C4F20241086040F63C
:1014B0002C41C4F20241086040F63041C4F20241BE
:1014C000086040F63443C4F2024340F28021C0F287
:1014D0000111196040F63843C4F20243186040F627
:1014E0003C43C4F20243196040F64043C4F2024355
:1014F000186040F64443C4F20243196040F6484184
:10150000C4F202410860116821F48021116040F6A4
:101510005041C4F2024108604EF60851CEF200017B
:101520004FF00060086042F21800C4F20200006848
:1015300000F0604001900198B0F1604F05D0FFE7E6
:101540000198B0F1404F24D1FFE742F21C00C4F2F1
:1015500002000068C00778B1FFE742F20C01C4F254
:10156000020142F63B20C0F61900086046F67F6093
:10157000C4F65D400860FFE742F21C01C4F20201BC
:10158000086840F002000860086840F00100086048
:10159000FFE702B07047000080B540F67820C2F245
:1015A0000000FCF765FD80BD83B0029001910298B8
:1015B00000680090029842F60041C4F2010188429E
:1015C00052D0FFE7029842F60041C5F2010188427D
:1015D0004AD0FFE70298B0F1804F45D0FFE702986C
:1015E000B0F1A04F40D0FFE7029840F20041C4F2B2
:1015F0000001884238D0FFE7029840F20041C5F26E
:101600000001884230D0FFE7029840F60001C4F2A2
:101610000001884228D0FFE7029840F60001C5F299
:101620000001884220D0FFE7029840F60041C4F252
:101630000001884218D0FFE7029840F60041C5F249
:101640000001884210D0FFE7029843F20041C4F243
:101650000101884208D0FFE7029843F20041C5F239
:10166000010188420AD1FFE7009820F07000009045
:1016700001984168009808430090FFE7029842F6FD
:101680000041C4F20101884200F0BA80FFE70298ED
:1016900042F60041C5F20101884200F0B180FFE747
:1016A0000298B0F1804F00F0AB80FFE70298B0F1F4
:1016B000A04F00F0A580FFE7029840F20041C4F27D
:1016C0000001884200F09C80FFE7029840F2004150
:1016D000C5F20001884200F09380FFE7029840F6CF
:1016E0000001C4F20001884200F08A80FFE70298FE
:1016F00040F60001C5F20001884200F08180FFE75A
:10170000029840F60041C4F20001884278D0FFE719
:10171000029840F60041C5F20001884270D0FFE710
:10172000029843F20041C4F20101884268D0FFE709
:10173000029843F20041C5F20101884260D0FFE700
:10174000029841F60001C4F20001884258D0FFE738
:10175000029841F60001C5F20001884250D0FFE72F
:10176000029841F60041C4F20001884248D0FFE7E8
:10177000029841F60041C5F20001884240D0FFE7DF
:10178000029842F20001C4F20001884238D0FFE71B
:10179000029842F20001C5F20001884230D0FFE712
:1017A000029844F20001C4F20101884228D0FFE708
:1017B000029844F20001C5F20101884220D0FFE7FF
:1017C000029844F20041C4F20101884218D0FFE7B8
:1017D000029844F20041C5F20101884210D0FFE7AF
:1017E000029844F60001C4F20101884208D0FFE7E4
:1017F000029844F60001C5F2010188420AD1FFE7D0
:10180000009820F4407000900198C1680098084347
:101810000090FFE7009820F0800001994969084393
:101820000090009802990860019880680299C86247
:101830000198006802998862029842F60041C4F259
:101840000101884248D0FFE7029842F60041C5F204
:101850000101884240D0FFE7029843F20041C4F200
:101860000101884238D0FFE7029843F20041C5F2F7
:101870000101884230D0FFE7029844F20001C4F22F
:101880000101884228D0FFE7029844F20001C5F226
:101890000101884220D0FFE7029844F20041C4F2DF
:1018A0000101884218D0FFE7029844F20041C5F2D6
:1018B0000101884210D0FFE7029844F60001C4F20B
:1018C0000101884208D0FFE7029844F60001C5F202
:1018D0000101884205D1FFE7019800690299086378
:1018E000FFE702990120486102980069C00730B102
:1018F000FFE70299086920F001000861FFE703B0E3
:101900007047000080B582B0ADF80600BDF8060053
:10191000EEF78AFD00F000FD02B080BD80B582B018
:10192000ADF80600BDF80600FDF7F2FD00F014FD6D
:1019300002B080BD82B001900198406E40B9FFE7CF
:1019400001990120A1F86A000199A1F8680034E02A
:1019500008208DF803008DF8020001980068806867
:10196000C0F342608DF80100019800688068400F64
:101970008DF800009DF802009DF8002044F6884391
:10198000C0F60103995C00FB01F044F68041C0F60B
:1019900001018A5CB0FBF2F0019AA2F86A009DF89E
:1019A00003009DF801209B5C00FB03F0895CB0FB09
:1019B000F1F00199A1F86800FFE702B0704700005C
:1019C00081B00090009890F82800000700280BD5FF
:1019D000FFE700980068406820F40040009A116812
:1019E000926B10434860FFE7009890F82800C0070A
:1019F00058B1FFE700980068406820F40030009A72
:101A00001168D26A10434860FFE7009890F82800F8
:101A1000800700280BD5FFE700980068406820F495
:101A20008030009A1168126B10434860FFE70098FD
:101A300090F82800400700280BD5FFE700980068C1
:101A4000406820F48020009A1168526B104348606F
:101A5000FFE7009890F82800C00600280BD5FFE7A4
:101A600000980068806820F48050009A1168D26B5A
:101A700010438860FFE7009890F82800800600284F
:101A80000BD5FFE700980068806820F40050009AAA
:101A90001168126C10438860FFE7009890F82800E6
:101AA000400600281CD5FFE700980068406820F435
:101AB0008010009A1168526C104348600098406C86
:101AC000B0F5801F0BD1FFE700980068406820F454
:101AD000C000009A1168926C10434860FFE7FFE76E
:101AE000009890F82800000600280BD5FFE7009822
:101AF0000068406820F40020009A1168D26C1043FE
:101B00004860FFE701B0704780B588B0069006993D
:101B10000020C1F89000F4F7EFFD059006980068EA
:101B20000068000700282FD5FFE70698059B6A4646
:101B30006FF07E4111604FF40011002200F016FB9F
:101B400008B3FFE7FFE7FFE70698006850E8000FDB
:101B500020F080000490FFE704990698026842E8AC
:101B600000100028F0D1FFE7FFE706992020C1F818
:101B70008800FFE70699002081F88400FFE7032032
:101B80008DF81F005FE0FFE70698006800684007D7
:101B9000002842D5FFE70698059B6A466FF07E4114
:101BA00011604FF48001002200F0E0FAA0B3FFE7DB
:101BB000FFE7FFE70698006850E8000F20F49070F8
:101BC0000390FFE703990698026842E80010002896
:101BD000F0D1FFE7FFE7FFE7FFE70698006850E86E
:101BE000020F20F001000290FFE7029906980268B8
:101BF00042E802100028F0D1FFE7FFE70699202015
:101C0000C1F88C00FFE70699002081F88400FFE707
:101C100003208DF81F0016E0FFE706992020C1F889
:101C200088000699C1F88C0006990020C8660699BC
:101C30000867FFE70699002081F88400FFE700208D
:101C40008DF81F00FFE79DF81F0008B080BD000061
:101C500080B582B001900198C06D0090009900207D
:101C6000A1F85E000098FCF783FC02B080BD000084
:101C700084B00390FFE7FFE70398006850E8000F87
:101C800020F490700290FFE702990398026842E8FE
:101C900000100028F0D1FFE7FFE7FFE7FFE7039818
:101CA000006850E8020F4FF6FE71CEF6FF71084053
:101CB0000190FFE701990398026842E802100028AA
:101CC000EDD1FFE7FFE70398C06E012814D1FFE7CD
:101CD000FFE7FFE70398006850E8000F20F01000CE
:101CE0000090FFE700990398026842E8001000287E
:101CF000F0D1FFE7FFE7FFE703992020C1F88C0050
:101D000003990020C8660399486704B07047000033
:101D100080B582B00190FFE7FFE70198006850E8C6
:101D2000000F20F040000090FFE700990198026842
:101D300042E800100028F0D1FFE7FFE701992020DA
:101D4000C1F888000199002088670198FDF79AF88A
:101D500002B080BD80B58AB0099000208DF81300D4
:101D60000998006842F20041C4F20041884209D05B
:101D7000FFE70998006842F20041C5F2004188423D
:101D800001D1FFE700E0FFE7099988680B694A691C
:101D9000C96918431043084308900998006800680F
:101DA00046F6F311CCF6FF710840089908430999EB
:101DB0000968086009980068406820F44050099A52
:101DC0001168D268104348600998806908900998A2
:101DD000006842F20041C4F2004188420FD0FFE7A0
:101DE0000998006842F20041C5F20041884206D0DD
:101DF000FFE70998016A089808430890FFE70998E7
:101E0000006880684FF2FF41C1F2FF110840089955
:101E1000084309990968886009980068C06A20F039
:101E20000F00099A1168526A1043C862FFE70998C7
:101E3000006843F60001C4F20101884203D1FFE7C4
:101E400001200690A3E00998006844F20041C4F222
:101E50000001884203D1FFE70220069096E009982E
:101E6000006844F60001C4F20001884203D1FFE794
:101E70000420069089E00998006844F60041C4F205
:101E80000001884203D1FFE7082006907CE0099812
:101E9000006845F20001C4F20001884203D1FFE767
:101EA000102006906FE00998006846F20041C4F2E5
:101EB0000001884203D1FFE72020069062E00998E4
:101EC000006847F60001C4F20001884203D1FFE731
:101ED0004020069055E00998006847F60041C4F29A
:101EE0000001884203D1FFE78020069048E009986E
:101EF000006848F20001C4F20001884204D1FFE703
:101F00004FF4807006903AE00998006846F60001A8
:101F1000C4F20001884204D1FFE74FF4007006903C
:101F20002CE00998006846F60041C4F2000188429E
:101F300004D1FFE74FF4806006901EE00998006826
:101F400048F20041C4F20001884204D1FFE74FF497
:101F50000060069010E00998006842F20041C4F267
:101F60000041884204D1FFE74FF48050069002E020
:101F700000200690FFE7FFE7FFE7FFE7FFE7FFE747
:101F8000FFE7FFE7FFE7FFE7FFE7FFE7FFE7FFE721
:101F90000998006842F20041C4F20041884209D029
:101FA000FFE70998006842F20041C5F2004188420B
:101FB0005CD1FFE706980021F5F7EAF90290029854
:101FC000002852D0FFE7029809994A6A44F69041E6
:101FD000C0F6010131F81210B0FBF1F00390039844
:101FE0000999496801EB4101884207D3FFE703984B
:101FF00009994968B0EB013F04D9FFE701208DF84A
:10200000130031E0029809994A6800924A6A44F63E
:102010009041C0F6010131F81220002301931946C6
:10202000EEF732F9009A019B090241EA10610002C1
:1020300010EB520041F10001EEF726F905900598EA
:10204000B0F5407F0BD3FFE705990020B0EB115F9F
:1020500005D1FFE7059809990968C86003E00120E8
:102060008DF81300FFE7FFE7FFE76FE00998C0690D
:10207000B0F5004F3CD1FFE706980021F5F788F94D
:102080000290029898B3FFE70298099A5168536A40
:1020900044F69042C0F6010232F81320B0FBF2F091
:1020A000400000EB5100B0FBF1F0059005981028BE
:1020B00018D3FFE7BDF81600A0B9FFE7059820F098
:1020C0000F00ADF81E00059800F00E01BDF81E00CF
:1020D00040EA5100ADF81E00BDF81E0009990968DC
:1020E000C86003E001208DF81300FFE7FFE72CE054
:1020F00006980021F5F74CF90290029820B3FFE70B
:102100000298099A5168536A44F69042C0F6010257
:1021100032F81320B0FBF2F000EB5100B0FBF1F00D
:102120000590059810280AD3FFE7BDF8160030B9CE
:10213000FFE7BDF8140009990968C86003E00120B1
:102140008DF81300FFE7FFE7FFE7FFE7099901209C
:10215000A1F86A000999A1F8680009990020486768
:10216000099988679DF813000AB080BD80B586B0D4
:10217000DDF820C0049003918DF80B200193FFE758
:1021800004980068C06903990840401AB0FA80F0CA
:1021900040099DF80B10884266D1FFE7089801308E
:1021A000002860D0FFE7F4F7A7FA0199401A0899D0
:1021B000884203D8FFE7089820B9FFE703208DF88D
:1021C000170055E00498006800684007002849D5CA
:1021D000FFE70398802845D0FFE70398402841D0C7
:1021E000FFE704980068C06900F008010120B0EB27
:1021F000D10F16D1FFE7049801680820009008620B
:102200000498FFF735FD00980499C1F89000FFE7A6
:102210000499002081F88400FFE701208DF8170061
:1022200026E004980068C06900F400610120B0EB6A
:10223000D12F16D1FFE7049801684FF400600862BF
:102240000498FFF715FD04992020C1F89000FFE7DE
:102250000499002081F88400FFE703208DF817001F
:1022600006E0FFE7FFE78BE700208DF81700FFE7A8
:102270009DF8170006B080BD80B540F6C420C2F2BC
:102280000000FCF779F980BD84B08DED030A02905F
:1022900001919DED030A029890ED001A30EE410A7B
:1022A0008DED000A9DED001A029890ED002A9FED39
:1022B000160A21EE001A31EE021A80ED001A01987A
:1022C00090ED001A9DED002A22EE000A20EE020A8F
:1022D00030EE010A9FED0D1A20EE010A80ED000A92
:1022E000019890ED000A9FED0A1AB4EE410AF1EE52
:1022F00010FA07DAFFE7019941F26F20C3F6832055
:102300000860FFE704B07047CDCC4C3D3333733FDA
:102310006F12833AFFE7FEE740F2BC20C2F20000F2
:10232000026840F2D031C2F200010A60C2684A601D
:1023300042688A600069002818BF0120087370474E
:1023400040F2CC40C2F20000007C40F2E031C2F228
:10235000000108707047000080B584B040F258401A
:10236000C2F20000EFF79EFACDED031A8DED021ACE
:10237000CDED010A8DED000A40F24830C2F20000B6
:10238000C26840F22401C2F200010A6002694A6098
:1023900042698A600268CA6042680A61806848616E
:1023A00040F2AC50C2F2000002688A614268CA6121
:1023B0008068086200984862019888620298C86242
:1023C0000398086304B080BD80B582B040F28830C5
:1023D000C2F20000006858B9FFE740F61851C2F297
:1023E0000001486D013048656FF0060001901FE064
:1023F0000220EEF739FC00900098B0F1FF3F0ADCB4
:10240000FFE740F61851C2F20001486D01304865FF
:10241000009801900CE0F1F71DFC014640F2883075
:10242000C2F2000002680020D06191610190FFE7D4
:10243000019802B080BD000080B584B0ADF80A00FC
:10244000BDF80A0058B9FFE740F61851C2F2000182
:10245000486D013048656FF00100039024E040F2C0
:102460008830C2F20000006858B9FFE740F6185102
:10247000C2F20001486D013048656FF0060003901C
:1024800012E0BDF80A0040F28831C2F20001019169
:1024900009688882F1F7DEFB014601980268002096
:1024A000D06191610390FFE7039804B080BD000004
:1024B00080B582B00020EEF7D7FB01900198B0F113
:1024C000FF3F08DCFFE740F61851C2F20001486DFB
:1024D00001304865FFE7019802B080BD80B582B049
:1024E0000120EEF7C1FB01900198B0F1FF3F08DC3D
:1024F000FFE740F61851C2F20001486D013048650F
:10250000FFE7019802B080BD80B584B040F2FC4086
:10251000C2F20000008840F2E431C2F200010391EF
:10252000088000F0B3FB0399887040F67450C2F243
:102530000000C07850B1FFE700F084FB00F078F8AD
:1025400040F2E431C2F20001C870FFE700F01CFB6A
:1025500000F096F840F2E431C2F2000102910871F5
:1025600040F2FC40C2F200000190D0F805208A60E1
:10257000D0F80920CA60D0F80D200A61D0F81120E7
:102580004A61D0F815208A61D0F81920CA61D0F8C4
:102590001D200A62D0F821204A62D0F82500886206
:1025A00040F22C50C2F200000088888500F080FBC9
:1025B000029981F82E0040F67450C2F200000079B2
:1025C00058B1FFE700F050FB00F032F840F2E43180
:1025D000C2F2000181F82F00FFE700F023FB00F0BA
:1025E0004FF840F2E431C2F2000181F8300040F2CD
:1025F0002C50C2F20000D0F805204A63D0F8092020
:102600008A63D0F80D20CA63D0F811200A64D0F88C
:1026100015204A64D0F819208A64D0F81D20CA64B5
:10262000D0F821200A65D0F82500486504B080BDA7
:1026300082B08DF806009DF806000146009105283D
:1026400015D80099DFE801F0031307130B0F0220E0
:102650008DF807000FE003208DF807000BE0042041
:102660008DF8070007E001208DF8070003E0002047
:102670008DF80700FFE79DF8070002B070470000E3
:1026800082B0ADF80400BDF804000146009119289D
:102690000CD0FFE7009832280CD0FFE700984B28B9
:1026A0000CD0FFE7009864280CD00FE001208DF8D3
:1026B00007000FE002208DF807000BE003208DF8E3
:1026C000070007E004208DF8070003E000208DF8E4
:1026D0000700FFE79DF8070002B0704780B582B0A1
:1026E000FFF7FCFE4FF4FA600190F2F71DFEFFF7D2
:1026F000DFFE0198F2F718FE4FF4FA70FFF79CFE28
:10270000FFF762FEFFE7FEE781B0ADF80200BDF91A
:10271000020000280ED4FFE7BDF9021001F01F02ED
:10272000012090404A094EF20011CEF2000141F81A
:102730002200FFE701B070474EF60C50CEF20000C9
:102740000068C0F30220704782B0ADF80600009127
:10275000BDF9060000280AD4FFE700980001BDF982
:1027600006104EF20042CEF2000288540BE00098B0
:102770000001BDF8061001F00F014EF61452CEF222
:1027800000028854FFE702B07047000083B0029057
:10279000029800F0070000904EF60C51CEF20001B6
:1027A0000868019001984FF6FF02104001900198CF
:1027B000009A40EA02200022C0F2FA52104301902F
:1027C0000198086003B0704780B584B08DF80B00A5
:1027D0008DF80A1001929DF80B0048B1FFE79DF8B3
:1027E0000B00012804D0FFE76FF00100039037E0F1
:1027F0009DF80B00012100F02BFB9DF80B009DF8CC
:102800000A1000F031F848B1FFE79DF80B000021F5
:1028100000F01EFB4FF0FF30039021E0F3F76CFF58
:102820000090FFE79DF80B0000F0BEF9012814D1DD
:10283000FFE7F3F761FF0099401A0199884204D33A
:10284000FFE70198013018B9FFE7019820B9FFE7C9
:102850006FF00200039003E0E4E700200390FFE73D
:10286000039804B080BD000080B582B08DF80300ED
:102870008DF802109DF8030028B9FFE74FF444706B
:10288000ADF800000EE09DF80300012805D1FFE738
:1028900040F21130ADF8000003E06FF0010001904C
:1028A0000CE0FFE7BDF800009DF8022040F29451D3
:1028B000C2F20001EDF704FF0190FFE7019802B0BA
:1028C00080BD000080B58AB0002008900790069077
:1028D000F0F736FF58B1FFE740F61851C2F2000199
:1028E000086B013008634FF0FF30099077E001205A
:1028F0000090F4F729F802200190F4F725F8082059
:102900000290F4F721F820200390F4F71DF80098C6
:10291000019940F64003C4F202431A6842F0FF02F4
:102920001A6040F60003C4F202431A6842F08002C3
:102930001A600022059207920891069006A804905A
:10294000F4F712F8019904980691F4F70DF802993A
:1029500004980691F4F708F8039904980691F4F79F
:1029600003F80598F0F798FC40B1FFE740F61851DE
:10297000C2F20001086B01300863FFE70020F0F7A6
:102980007DFC40B1FFE740F61851C2F20001086B30
:1029900001300863FFE70020F0F762FC40B1FFE779
:1029A00040F61851C2F20001086B01300863FFE7DE
:1029B00040F64001C4F20241086840F0FF000860A0
:1029C00072B6F4F75BF862B640F61851C2F2000135
:1029D000486B013048634FF0FF300990FFE70998DA
:1029E0000AB080BD80B501F023F808B9FFE734E0F4
:1029F00040F2C950C2F20000007840F2CA51C2F25F
:102A000000010978884228D0FFE740F2C950C2F29D
:102A10000000017840F2BA50C2F20000415C002090
:102A200001F01CF840B1FFE740F61851C2F2000176
:102A3000886B0130886310E040F2C951C2F2000196
:102A40000878013041F21212C1F21112A0FB0232D9
:102A5000C2EB0212801A0870FFE780BD83B00190BC
:102A6000019800900F284AD80099DFE801F0080C7F
:102A70001014181C2024282C3034383C40440020EA
:102A80008DF80B003FE001208DF80B003BE00220A9
:102A90008DF80B0037E003208DF80B0033E00420A5
:102AA0008DF80B002FE005208DF80B002BE00620A1
:102AB0008DF80B0027E007208DF80B0023E008209D
:102AC0008DF80B001FE00C208DF80B001BE0102090
:102AD0008DF80B0017E014208DF80B0013E0182080
:102AE0008DF80B000FE020208DF80B000BE030205C
:102AF0008DF80B0007E040208DF80B0003E000206C
:102B00008DF80B00FFE79DF80B0003B07047000045
:102B100080B582B00090009820B9FFE76FF0010007
:102B2000019014E040F67450C2F20000407918B9E8
:102B3000FFE7052001900AE0009840F62441C2F228
:102B400000013022EDF7D1FB00200190FFE7019852
:102B500002B080BD80B582B00090009820B9FFE738
:102B60006FF0010001900BE0009840F62441C2F2A2
:102B7000000130313022EDF7B8FB00200190FFE773
:102B8000019802B080BD000080B58CB040F62440B2
:102B9000C2F2000000F1300168463022EDF7A5FBDB
:102BA000BDF803000CB080BD82B08DF803009DF825
:102BB000030040B9FFE740F62440C2F2000090F85D
:102BC000A200019011E09DF80300012808D1FFE761
:102BD00040F62440C2F2000090F8A300019004E007
:102BE000FFE76FF001000190FFE7019802B0704726
:102BF00080B582B00090009820B9FFE76FF0010027
:102C000001900BE0009840F62441C2F200016031CF
:102C10003022EDF76AFB00200190FFE7019802B037
:102C200080BD000080B58CB040F62440C2F20000A8
:102C300000F1600168463022EDF757FBBDF8030054
:102C40000CB080BD80B58CB040F62440C2F20000CC
:102C500000F1300168463022EDF747FB9DF8020095
:102C600000F00F000CB080BD80B58CB040F6244061
:102C7000C2F2000000F1600168463022EDF735FB3A
:102C80009DF8020000F00F000CB080BD80B58CB044
:102C900040F62440C2F2000000F1300168463022C4
:102CA000EDF723FB9DF8020000090CB080BD000089
:102CB00080B58CB040F62440C2F2000000F1600103
:102CC00068463022EDF711FB9DF8020000090CB0B8
:102CD00080BD000080B582B040F2F000C2F200007A
:102CE000006820B9FFE74FF0FF30019007E040F2A5
:102CF000F000C2F20000016888470190FFE70198E8
:102D000002B080BD80B582B040F2F000C2F2000097
:102D1000406820B9FFE74FF0FF30019007E040F234
:102D2000F000C2F20000416888470190FFE7019877
:102D300002B080BD83B08DF807009DF80700014602
:102D40000091402800F254800099DFE801F021242E
:102D5000272A2D303336395151513C5151513F5171
:102D60005151425151514551515151515151485177
:102D700051515151515151515151515151514B5149
:102D800051515151515151515151515151514E0087
:102D90000020029030E0012002902DE002200290FD
:102DA0002AE00320029027E00420029024E005207E
:102DB000029021E0062002901EE0072002901BE016
:102DC0000820029018E00920029015E00A200290E5
:102DD00012E00B2002900FE00C2002900CE00D207E
:102DE000029009E00E20029006E00F20029003E01E
:102DF0004FF0FF300290FFE7029803B070470000E9
:102E000080B5FDF7A3FA80BD80B584B0ADF80A00A7
:102E100001918DF8032040F2F000C2F20000C0687A
:102E200020B9FFE74FF0FF3003900DE040F2F000D3
:102E3000C2F20000D0F80CC0BDF80A10019A9DF84B
:102E40000330E0470390FFE7039804B080BD000023
:102E500081B08DF803008DF802109DF8030048B989
:102E6000FFE79DF8020040F62441C2F2000181F81C
:102E7000A200FFE79DF80300012809D1FFE79DF8B4
:102E8000020040F62441C2F2000181F8A300FFE7EE
:102E900001B0704780B582B000200190F3F76AFC62
:102EA000FEF77CFAFDF724FAFCF7F0FEFCF7D2FE01
:102EB000FDF782F8FCF758FEFDF746F8FCF7FAFF3D
:102EC000FCF76CFEFDF7E8F8FDF714F9FDF75AF989
:102ED000FDF702F8FCF7AAFDFCF792FEFDF7A4F857
:102EE000FCF7F2FDFEF7ECF840B1FFE740F61851B1
:102EF000C2F2000108680130086002E0FFF7EEFB53
:102F0000FFE7FFE7FEE7000080B582B00090009881
:102F100020B9FFE76FF00100019019E0009801214E
:102F20000022F2F723FA20B1FFE76FF005000190CD
:102F30000EE000984FF400210022F2F717FA20B1BA
:102F4000FFE76FF00500019002E000200190FFE72D
:102F5000019802B080BD0000B0B58EB00C900C9806
:102F60000B900B9820B9FFE76FF001000D9044E142
:102F70000B98406B0A900B98806B0990FFE70B98B9
:102F8000C06A4021F2F76CFC002800F03381FFE7B3
:102F90000A984021EDF7C2F90B98D0F81CC00A9AA4
:102FA00002F1440102F14003E04720B1FFE76FF076
:102FB00005000D9021E10A98406C0790002845D04B
:102FC000FFE70798012800F09180FFE707980228A3
:102FD00000F0DE80FFE70798032800F0F180FFE7AC
:102FE000079840F20331884240F00281FFE70998D8
:102FF0003021EDF793F9099905910A9C0694206810
:103000006268A368D4F80CC0D4F810E065694D611B
:10301000C1F810E0C1F80CC08B604A600860A0697C
:10302000E269236AD4F824C0D4F828E0E46ACC62C8
:10303000C1F828E0C1F824C00B62CA61886140F67B
:103040007451C2F2000101204871D2E00A98B0F830
:103050004000302849D1FFE7F3F74EFB089009986C
:10306000D0F8900040B1FFE708980999D1F8902076
:10307000801AC1F8980004E009990020C1F898006E
:10308000FFE708980999C1F890000998303030217D
:10309000EDF744F9099903910A9C04942068626849
:1030A000A368D4F80CC0D4F810E065694D64C1F889
:1030B00040E0C1F83CC08B634A630863A069E269E1
:1030C000236AD4F824C0D4F828E0E46ACC65C1F8B7
:1030D00058E0C1F854C00B65CA64886440F6745166
:1030E000C2F200010120C870FFE782E00A98B0F840
:1030F000400030284BD1FFE7F3F7FEFA089009981B
:10310000D0F8940040B1FFE708980999D1F89420CD
:10311000801AC1F89C0004E009990020C1F89C00C5
:10312000FFE708980999C1F89400099860303021A8
:10313000EDF7F4F8099901910A9C029420686268FD
:10314000A368D4F80CC0D4F810E065694D67C1F8E5
:1031500070E0C1F86CC08B664A660866A069E269D7
:10316000236AD4F824C0D4F828E0E46AC1F88C407B
:10317000C1F888E0C1F884C0C1F88030CA678867A8
:1031800040F67451C2F2000101200871FFE730E0FF
:103190000A98B0F8400050B1FFE70A980078099902
:1031A00081F8A0000999002081F8A20007E00999A0
:1031B000002081F8A000099981F8A200FFE718E03B
:1031C0000A98B0F8400050B1FFE70A9800780999D2
:1031D00081F8A1000999002081F8A30007E009996E
:1031E000002081F8A100099981F8A300FFE700E021
:1031F000FFE7C4E600200D90FFE70D980EB0B0BDCC
:1032000080B582B00090009820B9FFE76FF0010010
:10321000019018E0009801221146F2F78BFA20B1D4
:10322000FFE76FF0050001900DE0009840210222B9
:10323000F2F780FA20B1FFE76FF00500019002E09D
:1032400000200190FFE7019802B080BD80B58AB0F0
:10325000089008980790002006900590049003902D
:1032600002900190079820B9FFE76FF001000990E4
:1032700076E00798406B4821EDF750F80798806B8F
:10328000A421EDF74BF8002001900290022003905A
:103290000120049040F20330059040F6FF70069044
:1032A0000798C06A01A9F2F7B5F920B1FFE76FF0FE
:1032B0000500099054E001200290002005904FF491
:1032C000706006900798C06A01A9F2F7A3F920B1CF
:1032D000FFE76FF00500099042E0022002904FF4F2
:1032E000806005904FF4706006900798C06A01A94D
:1032F000F2F790F920B1FFE76FF0050009902FE099
:103300000798C06A694601230B6002221146F2F752
:10331000DDF920B1FFE76FF00500099020E0079884
:10332000C06AFFF76DFF20B1FFE76FF0050009905D
:1033300016E00798C06AF2F74BFF20B1FFE76FF085
:10334000050009900CE00798C06AFFF7DDFD20B189
:10335000FFE76FF00500099002E000200990FFE709
:1033600009980AB080BD000080B592B010900F910E
:103370000E920D9303A82821ECF7D0FF109802902D
:103380000E980190029848B1FFE70F9830B1FFE71F
:103390000E9818B1FFE70D9820B9FFE76FF0010014
:1033A00011901CE0019840210091ECF7B7FF0099C3
:1033B0000298C06A019B03AAF2F76CFA20B1FFE7FA
:1033C0006FF0050011900AE00698FFF747FB0D9992
:1033D000088003980F99086000201190FFE711986A
:1033E00012B080BD80B592B010900F910E92ADF8E2
:1033F000363004A82421ECF791FF109803900E9822
:103400000290039890B1FFE70E9820B9FFE7BDF84E
:10341000360058B9FFE70F990020B0EBD12F05D146
:10342000FFE7BDF83600412804D3FFE76FF0010045
:1034300011902BE09DF83600FFF77CFC019001987D
:10344000013020B9FFE76FF0010011901EE00F98E6
:1034500004900020059006900199079108904FF480
:10346000801109914FF400110A910B900C90039870
:10347000C06A029A04A9F2F77FF820B1FFE76FF063
:103480000500119002E000201190FFE7119812B0A2
:1034900080BD000080B584B003900398029002982C
:1034A000406B01900198426A694690479DF8000080
:1034B00004B080BD80B586B004900391049802905A
:1034C0000298C06A0190019818B1FFE7039820B9EB
:1034D000FFE76FF00100059009E001980299098E5D
:1034E000F3F7DCF80399086000200590FFE70598E2
:1034F00006B080BD80B5ADF6680D8446DDF8700875
:10350000CDF864C8CDF86018ADF85E28CDF858380D
:10351000ADF856080DF1160003904FF40461ECF776
:10352000FDFEFF208DF81600DDF864184868098953
:1035300000220492F3F7CAF8DDF864080068DDF8A9
:103540006018BDF85E2864230293F9F70FFCDDF8DC
:1035500008C00399DDF864080068DDF85828BDF854
:103560005638EE46CEF800C0F9F760FEDDF8641874
:10357000486809890122F3F7A9F804980DF6680D47
:1035800080BD000080B58CB00A908DF8271008929D
:10359000ADF81E30002006900590FF2004900A9898
:1035A000006820B1FFE70A98406820B9FFE76FF094
:1035B00004000B9031E09DF8270040F080008DF86A
:1035C00027000A994868098900220392F3F77EF8D8
:1035D00001200290FDF724FD029A0A9800680DF17F
:1035E000270164230193F9F7C1FB01990A98006848
:1035F000089ABDF81E30EC46CCF8001004A9F9F783
:1036000015FE0298FDF70CFD029A0A99486809898F
:10361000F3F75CF803980B90FFE70B980CB080BDB4
:1036200080B592B011908DF843100F92ADF83A30FA
:10363000002204928DF830200B920A9209928DF8A4
:1036400020200792069205929DF8430040F08000EA
:103650008DF82400119948680989F3F737F801209B
:103660000290FDF7DDFC11980068BDF83A100131B9
:103670006B4664221A608BB209A905AA0392F9F776
:10368000D5FD0298FDF7CCFC029A1199486809898A
:10369000F3F71CF803990F980131BDF83A20ECF7C5
:1036A00024FE049812B080BD80B588B006908DF8D5
:1036B00017100492ADF80E300698006820B1FFE7AD
:1036C0000698406820B9FFE76FF0040007902DE0EE
:1036D0009DF8170000F07F008DF8170006994868E4
:1036E000098900220292F2F7F1FF01200190FDF713
:1036F00097FC019A069800680DF117016423009366
:10370000F9F734FB009B069800680499BDF80E2079
:10371000F9F72CFB0198FDF783FC019A069948689C
:103720000989F2F7D3FF02980790FFE7079808B0DE
:1037300080BD000080B586B004900391049802908B
:103740000298C06A0190019820B9FFE76FF001006C
:1037500005900FE00398002818BF01208DF80300A2
:1037600001980299098E9DF80320F2F7AFFF00201F
:103770000590FFE7059806B080BD000080B588B0D1
:10378000069005910492ADF80E30069802900498C8
:103790000190029838B1FFE7049820B1FFE7BDF827
:1037A0000E0020B9FFE76FF00100079011E00298CA
:1037B000C06A0199BDF80E204FF0FF33FBF7B8FA4D
:1037C00020B1FFE76FF00500079002E000200790AE
:1037D000FFE7079808B080BD80B588B084460A9896
:1037E000CDF81CC00691ADF816200493ADF80E007C
:1037F00007994868098900220292F2F767FF079843
:1038000000680699BDF8162064230193F9F7AEFA13
:10381000019B079800680499BDF80E20F9F7A6FAF5
:103820000799486809890122F2F750FF029808B009
:1038300080BD000083B00190019820B9FFE700200F
:103840008DF80B005BE040F61450C2F200000068F7
:1038500068B9FFE7019840F61451C2F20001086010
:1038600001990020486201208DF80B0047E0019883
:1038700090F8200040F61451C2F20001096891F856
:10388000201088420DDAFFE740F61451C2F2000121
:103890000868019A50620198086001208DF80B00B9
:1038A0002DE040F61450C2F2000000680090FFE7DF
:1038B0000098406AC8B1FFE7019890F8200000998D
:1038C000496A91F8201088420BDAFFE70098406AB5
:1038D0000199486201980099486201208DF80B0017
:1038E0000DE00098406A0090E2E701980099486274
:1038F00001990020486201208DF80B00FFE79DF838
:103900000B0003B07047000082B000208DF8030068
:10391000FFE79DF80300132821D8FFE79DF8030077
:1039200000EB400140F68050C2F2000000EB0110B5
:1039300090F8210060B9FFE79DF8030000EB40011B
:1039400040F68050C2F2000000EB0110019009E047
:10395000FFE79DF8030001308DF80300D9E7002050
:103960000190FFE7019802B07047000010B584B0E5
:103970008C46864607980699CDF80CE0CDF808C02D
:103980000192ADF802308DF801108DF80000029818
:1039900003990860BDF80200039988829DF8010030
:1039A000039981F82000F0F755F90146039A0020A9
:1039B000D0619161039988629DF80000039981F8B4
:1039C0002100019870B1FFE70198007850B1FFE73E
:1039D0000398043001990F22ECF7ABFC0399002007
:1039E000C87408E00398043044F6E241C0F60101CF
:1039F000ECF7ABFCFFE703990020486204B010BD70
:103A000082B0ADF80600ADF80410ADF80220BDF8A4
:103A100006008005BDF804106FF39F2140EA0130D5
:103A2000BDF802106FF31F31084402B07047000068
:103A300080B582B040F25820C2F20000FFF72AFDA4
:103A400020B1FFE700208DF8070003E001208DF88A
:103A50000700FFE79DF8070002B080BD80B584B085
:103A60008DF80B008DF80A109DF80A0020B9FFE7C9
:103A70006FF00100039021E040F2CB50C2F2000051
:103A800001907E21017005214170412181709DF8D6
:103A90000B10C1709DF80A100171417890F802C0B6
:103AA000C378027981EA0C01594051404171EF21FC
:103AB0008171072100F006F80390FFE7039804B036
:103AC00080BD000080B584B00290ADF8061040F2D1
:103AD0005820C2F20000C06818B1FFE7029820B970
:103AE000FFE76FF0010003900CE040F25820C2F2B3
:103AF0000000D0F80CC0029ABDF806300021E04763
:103B00000390FFE7039804B080BD4100080218BF8E
:103B100004200A0E18BF40F001004FF07F4232EA45
:103B2000010108BF40F00200012808BF05207047CE
:103B300010B54FF00E402DED028BB0EE408A18EE1E
:103B4000104A00EB4400B0F1506F4AD84FF0FC40EF
:103B5000B0EB440F22D2B0EEC80AF7EE000A30EE06
:103B6000C00AF6EE000A60EE208A18EE900A00F015
:103B700073FF01EE100A14F0004F1DBFDFED2D0A98
:103B80009FED2D0AB1EE411ADFED2C0A08BF9FED23
:103B90002C0AF8EE001A21EE218A05E0DFED290A51
:103BA00068EE088AB0EE600A9FED271ADFED271A4B
:103BB00030EE080A48EE811A9FED251A08EEA11A88
:103BC000DFED241A48EE811A9FED231A08EEA11AA0
:103BD00068EE281ABDEC028B01EE810A30EE200A55
:103BE00010BD4FF0E440B0EB440F0CD918EE100AB2
:103BF000FFF78BFF042808BF00F066FEB0EE480A0E
:103C0000BDEC028B10BD4FF07F40B0EB440F07D2EC
:103C1000B0EE480ABDEC028BBDE8104000F03EBE9D
:103C2000012000F013FFBDEC028BBDE8104000F056
:103C30003BBE00000000C9BF22AAFDB90000C93F79
:103C400022AAFD390000000024FE1C3DC78AD83C92
:103C50001E67383D1B93993DAFAA2A3E70B54FF0C1
:103C600068422DED048BF0EE408A18EE900AB0EE1B
:103C7000608A18EE101A02EB4003B3F1654F3CBFA7
:103C800002EB4102B2F1654F7DD200BFC0F3C753D2
:103C9000C1F3C7529A1A1B2A09DD10F0004F14BF56
:103CA0009FED830A9FED830ABDEC048B70BD12F17A
:103CB0001A0F36DA11F0004F09D010F0004F0CBF88
:103CC0009FED7D0A9FED7D0ABDEC048B70BD88EEF3
:103CD000889A19EE100AFFF718FF042808BF00F0B1
:103CE000F3FD18EE900AFFF710FF054618EE100AD4
:103CF000FFF70BFF044619EE100AFFF706FF042D2D
:103D000018BF052D08D1042C18BF052C04D100289C
:103D100004BF022000F09AFEB0EE490ABDEC048B0D
:103D200070BD4200B2EB410F3AD910F0004F19BFFD
:103D3000DFED630A9FED630ADFED630A9FED630A1F
:103D4000B0EE481A0A46B1EE688A80F00041F0EE03
:103D5000418A10460A1A5200B2F1807F34D248409C
:103D600010F0004FDFED5A1A9FED5A2A1DBFBEEE2C
:103D7000001A70EEE10A30EE420AB6EE001A08BFF1
:103D800070EEA10A00E040E008BF30EE020AB0EE9B
:103D9000682A01EE482A08EE818AC2EE081A15E068
:103DA00011F0004F04BF9FED4C0AF0EE400AD1D055
:103DB00010F0004F19BFDFED490A9FED490ADFED12
:103DC000490A9FED490AC5E7C8EE881A21EEA11AF3
:103DD0009FED462ADFED462A41EE022A9FED452A55
:103DE00001EE222ADFED442A41EE022A9FED432A0A
:103DF000BDEC048B01EE222A21EE811A01EE020AAB
:103E000030EE210A30EE200A70BD4FF07F42B2EB57
:103E1000400F28BFB2EB410F09D2F0EE480AB0EED6
:103E2000680ABDEC048BBDE8704000F03ABD40EA82
:103E300001035B0008BF41F0FF410BD0B2EB400F24
:103E400008BFB2EB410F08D120F0804008EE900A85
:103E500021F0804108EE101A18E7B2EB400F12BFB4
:103E60005FEA410340F0FF4001F000413FF40EAF34
:103E7000B2EB410F12BF5FEA400200F0004041F098
:103E8000FF413FF403AF4A0092EA40033FF5FEAE24
:103E9000002AACBF9FED1A0A9FED1A0A68EE808ACD
:103EA00028EE008A18EE900A18EE101AEEE60000CE
:103EB000DB0FC9BFDB0FC93FDB0F4940DB0F49C038
:103EC0000000C9BF22AAFDB90000C93F22AAFD39DE
:103ED0000060ED3EC30ACE3700000000000049C07C
:103EE00022AA7DBA0000494022AA7D3A2DAD65BDC7
:103EF0008FB8D53D0FB511BE61C84C3EA8AAAABE69
:103F00000000804F0000802F10EE101A08B5444AC0
:103F10006846B2EB410F28D94FF0E640B0EB410FB5
:103F200094BF00204FF0FF3000900098002861DB24
:103F300060EE000A10F0010F45D010F0020FDFED27
:103F4000391A9FED391A00EEA11ADFED381A40EE4A
:103F5000811A21EEA01AF0EE400A40EE010A08BFD5
:103F6000F1EE600AB0EE600A08BD314B21F000426C
:103F700093423CD911F0004FDFED2E0A20EE201ABB
:103F8000DFED2D0A19BF31EE601A71EE200A31EE15
:103F9000201A71EE600ABDEEE01A11EE100A9FEDD4
:103FA000271A00F0030000EEC10A9FED251A0090C9
:103FB00000EEC10A9FED231A00EEC10A9FED221AFE
:103FC00000EEC10AB1E79FED211A9FED210A10F022
:103FD000020F00EE810A9FED1F1A00EE801AB7EE65
:103FE000000A00EE810A18BFB1EE400A08BD00F0D9
:103FF00073FC9AE710EE100A4000B0F17F4F3CBF0F
:10400000B7EE000A08BD07D14FF0010000F01EFD19
:10401000BDE8084000F048BCBDE8084000F03EBCE8
:10402000B61F927E336D4CB9DA82083CA0AA2ABE34
:10403000490E494683F9223F0000004B0000C93F6A
:1040400000A0FD390020A2331A61342CB93AB2BA6B
:10405000CA9F2A3DDDFFFFBE10B510EE100A2DED00
:10406000068BB7EE001A10EE901AB0EE418A0022CD
:10407000A0F5000CDFEDFE9A4FF00073BCF1FE4F8F
:104080004FF07F4403EB410C80F0B481BCF1804FD2
:10409000C0F02082F74901449FEDF73AB1F5005F87
:1040A00040F2D48200F58021CB0C03F00F0101EE29
:1040B000901AC3F307137F3BA0EBC350B8EEE12A7D
:1040C00000EE100A1A44DFEDED2AF0EE411A42EE3E
:1040D000221AF0EE613A70EE232A30EE632A12EED5
:1040E000900A00F500606FF30B0001EE900A73EE8A
:1040F000E13A33EE804AC1EE223A22EE230A10EE74
:10410000100A00F500606FF30B0000EE100A00EEDD
:10411000612A00EE442A62EE232A70EE221A21EE72
:10412000A12ADFEDD73A02EE233A23EE023A20EE3F
:10413000012A22EE811A03EE211A32EE010A10EE54
:10414000100A00F500606FF30B0000EE100A72EE2B
:10415000401A31EE812A9FEDCB1A60EE011A9FEDD5
:10416000CA1A20EE011A9FEDC90A02EE001A31EEBA
:10417000810A10EE100A00F500606FF30B0000EEEC
:10418000100AC34871EEC01A31EE812A784400EB60
:10419000C10090ED003AD0ED011A100101EE100AB5
:1041A000F8EEC12A32EE211A31EE001A31EE031A6E
:1041B00031EE221A11EE100A00F500606FF30B00C9
:1041C00009EE100A39EE621A31EE431A31EE400A56
:1041D00030EE610A32EE40AA10EE900A002100F59E
:1041E00000606FF30B0008EE900A084670EEE8AA34
:1041F000ECF7D3F829EE280A00F00C01F0EEC00A23
:1042000010EE900AB0F18B4F0DDD10EE900AB4EB7A
:10421000400F08D310EE100A4FF08B4262F31E00DD
:1042200008EE900A13E069EE2A0A38EEAA1A4AEE5E
:10423000010A30EE201A11EE100A00F500606FF34B
:104240000B0008EE900A30EE680A70EE209A0C20FF
:10425000ECF7A3F838EEA90AB5EEC00AF1EE10FAB1
:1042600034BFFEEE000AF6EE000A30EE800ABDEE24
:10427000C00A10EE100A011100EE101AF8EEC00A82
:1042800000EE100AB8EEC00A38EEC00A30EE290A75
:10429000DFED801A9FED801A00EE211ADFED7F1A04
:1042A0007F4900F00F0040EE011A21EE800A7944A8
:1042B00001EB800191ED001A7A49794401EB80010C
:1042C000D1ED001A784901EE801A794401EB8000A3
:1042D000764990ED000A31EE001AB0EEE00A10EED9
:1042E000100A884215DA10EE100AB4EB400F10D312
:1042F0009FED6F0A30EE800ADFED6E0A20EE200A95
:1043000068EE010ABDEC068BBCEEC00A20EE200A66
:1043100010BD10EE100A6849884243DA10EE100A08
:10432000B4EB400F3ED3BDEEE00A68EE010A10EE9A
:10433000100A00EBD0725110C90501F17E5100EE58
:10434000101AA0EB6200C00560EE200A00F17E505A
:1043500000EE100A60EE808A18EE900AB4EB400F6F
:104360000FD1022000F072FB00F0A6FA10EE101A36
:1043700018EE100ABDEC068B61F31E0000EE100A69
:1043800010BD18EE900A400011D018EE900AFFF709
:10439000BCFB042808BF00F097FAB0EE680ABDEC39
:1043A000068B10BDF5EEC00AF1EE10FA0FD2022016
:1043B00000F04CFB00F088FA10EE101A18EE100A0C
:1043C000BDEC068B61F31E0000EE100A10BD02204A
:1043D00000F03CFB00F070FA10EE101AB0EE480A44
:1043E00010EE100ABDEC068B61F31E0000EE100A01
:1043F00010BD00BFBCF1804F6CD300BF00F1FF4384
:10440000B3F1FE4F24D200BFB0EEC00A10EE100A86
:10441000C1F3C7537F2B0DDB972BBFF63BAEC3F128
:1044200096034FF0010C0CFA03F3A3F1010C1CEA04
:10443000010F08D0012000F009FBBDEC068BBDE8A0
:10444000104000F031BA0B4218BFBFEE008A21E6DF
:1044500043001CBF4FF08073B3EB400F34D96FF0B3
:104460001A02DFED161A20EE210A10EE100A27E0DC
:1044700000000000001080C0ABAAAA3E0000803DF2
:104480007EE24C3E00B03842D49AB8BB3BAA3842D8
:1044900008090000FC596337C9FF753A1872313DAD
:1044A000A6080000DA0800004A0800000000FC42EC
:1044B0000000FE420000004B000040430000004DA1
:1044C00010F0004FA0D1E5E5A0F50003B3F1FE4FD9
:1044D00021D2DFE503EB4103B3F1007F11D3F5EE09
:1044E000C00AF1EE10FA05D1430018BFB4EB400F3B
:1044F00076D883E701F0004141F0FC5100EE901ABC
:104500007CE7B3F1807F06D210EE903AA3F500036A
:1045100000EE903A72E720F000426FF0FF4C604CE2
:1045200002EB0C03A34210D321F000439C44A445AA
:104530000BD3B0F17E5F18BF5FEA410C50D0B2F1EF
:10454000FF4F98BFB3F1FF4F05D9BDEC068BBDE817
:10455000104000F0A6B9B0F1FF4F0FD0C1F3C75221
:104560007F2A09DB972A11DAC2F19602012303FAA6
:1045700002F2531E0B4205D0002208E011F0004F5A
:1045800055D128E00A4218BF012200D1022210F5BD
:10459000000F13D028B3B0F1004F26D010F1814F97
:1045A0004FD04FF0FE42B2EB400F94BF01200020ED
:1045B000012202EBE171884239D10CE011F0004F89
:1045C00002D0012A38D032E0012A02BF9FED350A1D
:1045D000BDEC068B10BD9FED340ABDEC068B10BD03
:1045E0002FE011F0004F0CD121E0B1F1FF4F1ED0B0
:1045F00011F5000F05D011F0004F15D00AB1012AB6
:1046000008D0022000F022FABDEC068BBDE8104075
:1046100000F03AB9022000F019FA00F035F9BDECCB
:10462000068BB1EE400A10BD0AB1012A04D0B0EEEB
:10463000690ABDEC068B10BDBDEC068B9FED1B0A15
:1046400010BDBDEC068BB7EE000A10BD30EE410A7E
:10465000B5EE001A9FED172A00EE413AB6EE001AA9
:1046600060EE001A00EE431A61EEC11A9FED101AB7
:1046700020EE011A20EE020A9FED0F2A01EE820AB7
:1046800071EE001A11EE900A00F500606FF30B0056
:1046900009EE100A31EE491A31EE00AA9CE500003D
:1046A000FFFF3F00000080FF0000807F00000080CF
:1046B00000B0B841D49A38BB3BAAB84100B510EE5F
:1046C000101A2DED028B81B0524A6846B2EB410FB1
:1046D0002ED94FF0E640B0EB410F94BF00204FF0D1
:1046E000FF3000900098B0EE408A00286ADB10F09E
:1046F000010F4BD068EE080A9FED471A9FED470A5D
:1047000000EE810A9FED461A10F0020F00EE801AAB
:10471000B7EE000A00EE810A02BF01B0BDEC028BC9
:1047200000BD00BF01B0B1EE400ABDEC028B00BD80
:104730003C4B21F00042934241D911F0004FDFED94
:104740003A0A20EE201ADFED390A19BF31EE601A5D
:1047500071EE200A31EE201A71EE600ABDEEE01A09
:1047600011EE100A9FED321A00F0030000EEC10AAC
:104770009FED301A009000EEC10A9FED2F1A00EE57
:10478000C10A9FED2E1A00EEC10AABE728EE080A17
:104790009FED2B1ADFED2B0A10F0020F40EE010AFD
:1047A0009FED291A00EE201A61EE000AB0EE480AC9
:1047B00008EE200AB6D101B0BDEC028B00BD00F0BE
:1047C0008BF88FE718EE100A4000B0F17F4F0DD242
:1047D00018EE100AFFF799F9042808BF00F074F8E2
:1047E000B0EE480A01B0BDEC028B00BD09D101203A
:1047F00000F02CF901B0BDEC028B5DF804EB00F089
:1048000053B801B0B0EE480ABDEC028B5DF804EB82
:1048100000F044B8B61F927EB93AB2BACA9F2A3D98
:10482000DDFFFFBE490E494683F9223F0000004BE1
:104830000000C93F00A0FD390020A2331A61342CCA
:10484000336D4CB9DA82083CA0AA2ABE10B52DED12
:10485000028BB1EEC08A18EE100A20F00040C0F1C1
:10486000FF40C00F0AD010EE100A20F00040C0F147
:10487000FF40C00F04BF012000F0E8F8B0EE480A86
:10488000BDEC028B10BD0000DFED030AB7EE001A8D
:1048900081EE200A704700000000000030EE000AA0
:1048A000704730EE200A7047DFED020A80EEA00A62
:1048B00070470000000000009FED020A20EE000A91
:1048C00070470000000000709FED020A20EE000A11
:1048D00070470000000000102DE9F0014FF07F420A
:1048E000B2EB410F9FBF4FF0FF310160BDE8F00117
:1048F00070474FF0004242EA0123C1F3C752783AB1
:10490000551112F01F0C434CCCF120067C44C1F32E
:10491000C752A2F178024FEA621204EB820254F805
:10492000254008BFD2E9015612D0556804FA0CF4AC
:1049300025FA06F73C43976805FA0CF527FA06F8BE
:10494000D26807FA0CFCF24045EA08054CEA020678
:10495000A4FB034CA5FB0352A6FB03631D449D422D
:1049600034BF012600261319334416B1934202D9ED
:1049700003E0934201D2012200E00022624402F1EE
:10498000200C9206DC0C42EA443200EE102A5B0353
:10499000DFED210AF8EEC01A00EE103A4FEA9C1C37
:1049A00011F0004FB8EE400AC0F800C020EE201A07
:1049B00000EE105ADFED190AB8EE400A20EE200A88
:1049C00071EE810A70EE800A10EE902A02F5006204
:1049D0006FF30B0200EE902A70EEE11A31EEC11A6D
:1049E000DFED101A30EE411A9FED0D0A20EE800A1D
:1049F00001EE210A9FED0C1A00EE810A04BFBDE80A
:104A0000F0017047CCF180510160BDE8F001B1EEDA
:104A1000400A7047C8020000000000360000802CE9
:104A200022AAFD29DB0FC92F0000C92F02E008C808
:104A3000121F08C1002AFAD170477047002001E018
:104A400001C1121F002AFBD1704700000149086014
:104A5000704700000000002010B500EE100A2DED98
:104A6000028BB1EEC08A18EE100A20F00040C0F1AF
:104A7000FF40C00F0AD010EE100A20F00040C0F135
:104A8000FF40C00F04BF0120FFF7E0FF18EE100A3F
:104A9000BDEC028B10BD0000000000000000000013
:104AA0000000B33FB2BE7D3A00002E40DFCF513848
:104AB00000007E40BF51FABA00E0A44019DAC3BA40
:104AC00000E0C840C2ED8AB90040EB40CD1F2CBACF
:104AD000001006412AFFFABA00C01541DFCFD137D6
:104AE00000D024419A97703A0050334189478E365E
:104AF00000404141E75B9D3800B04E41C00A98B983
:104B000000A05B41558F943A00306841DA92C0BAF8
:104B10000040744162B3C63A0000803F00A0853F68
:104B200000908B3F00C0913F0030983F00F09E3FC7
:104B300000F0A53F0050AD3F0000B53F0000BD3F75
:104B40000060C53F0020CE3F0040D73F00C0E03F9F
:104B500000C0EA3F0020F53F000000007D36AC3980
:104B60007D3C3839EBDCF438320A7E39124C263978
:104B70009B6AED39A4EE83397F661E39F6398A398E
:104B80002B426539A48211395B991F39C3EECD39A7
:104B9000DDE7C637A5A22F390000803FC3AA853FB5
:104BA000C2958B3FD3C3913FF037983F32F59E3F7C
:104BB000D7FEA53F3F58AD3FF304B53FA408BD3F26
:104BC0002A67C53F8C24CE3FFD44D73FDFCCE03F72
:104BD000C7C0EA3F7D25F53F000000006E83F9A2C3
:104BE0002915444ED15727FCC0DD34F5999562DB79
:104BF0004190433CAB6351FE000000000000000008
:104C00000102030406070809000000000102030472
:104C10000001020304050607080C10141820304098
:104C2000000000000000003F000000000000B4424F
:104C30000000B442000000000000803F00000000BF
:104C40000000000000000000000080BF0000000025
:104C50000000000000000000000080BF0000000015
:104C6000000080BF00000000000000000000000005
:104C7000000080BF0000803F000000000000000036
:104C800008040204080101010101010307010000F9
:104C9000010002000400060008000A000C001000D9
:104CA0002000400080000001000000000000003FE4
:104CB000000080440000204100000000F4010000DA
:104CC000494D5544415441004C45440046444341FC
:104CD0004E00494D5555706461746100566F6963AB
:104CE0006500556E6E616D65645461736B00426161
:104CF000726F6D65746572004C6F77506F77657277
:104D000000000000284D010800000020A002000063
:104D1000D0030008E04D0108A0020020A04E0000D2
:104D20003C4A010800000000610F12803F6F1283AF
:104D30003A0411042690D003EB803F115904591C0A
:104D40004904CB01021013E8091220351002420871
:104D50001EA93601082104811BC8081C1404024244
:104D60004A101C8B85351C2A583811191C1962E908
:104D70001C2A38381C0802423791480FD9370108DD
:104D8000F53401084D320108592F2C8BE53334419D
:104D9000DA69102B7007642113CC0C1B202404014A
:104DA000201A35641AB5645119D411022A40F93C0D
:104DB00019D809333C052B04024204E93C0A361099
:104DC0003C1A08B40216011A7D28011C13580B4224
:104DD000204B1C02082947698800000000000000E1
:040000050800024DA0
:00000001FF
