:020000040800F2
:1000000040510020610200085D02010869F100080A
:1000100059020108C90F000859230108730200089A
:100020000000000000000000000000006D0D01084D
:100030004D30000800000000310301085D10010888
:100040007D0200087D0200087D0200087D02000894
:100050007D0200087D0200087D0200087D02000884
:100060007D0200087D0200087D0200087D02000874
:100070007D0200087D0200087D0200081D3A00088C
:100080007D0200087D0200087D0200087D02000854
:100090007D0200087D0200087D0200087D02000844
:1000A0007D0200087D0200087D0200087D02000834
:1000B0007D020008893C00087D0200087D020008DE
:1000C0007D0200087D0200087D0200087D02000814
:1000D000000000007D0200087D020008313A00089F
:1000E000413A00087D0200087D0200087D020008F8
:1000F0007D0200087D0200087D0200087D020008E4
:100100007D0200087D020008DD1501087D0200085F
:100110007D0200087D0200087D0200087D020008C3
:100120007D0200087D020008BD2201087D02000852
:100130007D0200087D0200087D0200087D020008A3
:100140007D0200087D0200087D0200087D02000893
:100150007D0200087D0200087D0200087D02000883
:100160007D0200087D0200087D0200087D02000873
:100170007D0200087D0200087D0200087D02000863
:100180007D0200087D0200087D0200087D02000853
:100190007D0200087D0200087D0200087D02000843
:1001A0007D0200087D0200087D0200087D02000833
:1001B0007D0200087D0200087D0200087D02000823
:1001C0007D0200087D0200087D0200087D02000813
:1001D0007D0200087D0200087D0200087D02000803
:1001E0007D0200087D0200087D0200087D020008F3
:1001F0007D0200087D0200087D0200087D020008E3
:100200007D0200087D0200087D0200080000000059
:10021000000000007D020008000000007D020008D0
:100220007D0200087D0200087D0200087D020008B2
:100230007D0200087D0200087D0200087D020008A2
:100240007D0200087D0200087D020008DFF80CD066
:1002500000F0A6F800480047912F01084051002007
:100260000748804707480047FEE7FEE7FEE7FEE74E
:10027000FEE7FEE7FEE7FEE7FEE7FEE7FEE700003B
:10028000A51401084D0200082DE9F05F0546002085
:1002900092469B4688460646814640241BE02846F7
:1002A00041464746224600F068F853465A46C01A6F
:1002B000914110D311461846224600F04FF82D1AEE
:1002C00067EB01084F4622460120002100F046F866
:1002D00017EB00094E41201EA4F10104DFDC484663
:1002E00031462A464346BDE8F09F40EA01039B079A
:1002F00003D009E008C9121F08C0042AFAD203E09B
:1003000011F8013B00F8013B521EF9D27047D2B2FE
:1003100001E000F8012B491EFBD270470022F6E7EE
:1003200010B513460A4604461946FFF7F0FF20466B
:1003300010BD10B5044604E00B7800F8013B03B192
:10034000491C521EF8D2204610BD034611F8012B5D
:1003500000F8012B002AF9D118467047202A04DB47
:10036000203A00FA02F1002070479140C2F12003C8
:1003700020FA03F3194390407047202A04DB203A07
:1003800021FA02F00021704721FA02F3D040C2F1B5
:100390002002914008431946704700207047000032
:1003A0001CB509480090094801900546009C06E0EC
:1003B000E06840F0010394E8070098471034AC422D
:1003C000F6D3FFF747FF0000004E0108204E01085A
:1003D00070B58C1810F8015B15F0070301D110F807
:1003E000013B2A1106D110F8012B03E010F8016B34
:1003F00001F8016B5B1EF9D12B0705D40023521EB7
:100400000DD401F8013BFAE710F8013BCB1A921C1E
:1004100003E013F8015B01F8015B521EF9D5A1421C
:10042000D8D3002070BD000080B588B0ADF81E00A4
:1004300000208DF81D00BDF81E0008B9FFE7FBE0A5
:100440000DF11D0002F004FE40B1FFE740F6185127
:10045000C2F20001086901300861EDE09DF81D005D
:1004600008B9FFE7E8E00DF1170002F099FE40B18E
:10047000FFE740F61851C2F2000108690130086137
:10048000DAE09DF817109DF818209DF81900000477
:1004900040EA0220084404909DF81200000600285B
:1004A00005D5FFE7049800F17F400490FFE79DF831
:1004B0001A109DF81B209DF81C00000440EA022041
:1004C00008440390039840B9FFE740F61851C2F280
:1004D0000001086901300861AEE09DED040AB8EE44
:1004E000C00A9FED561A20EE010A40F2BC20C2F26B
:1004F000000080ED010A9DED030AB8EE400A9FED71
:10050000501A80EE010A8DED020A40F2A420C2F2D8
:100510000000007868B9FFE7029840F2A021C2F21B
:100520000001086040F2A421C2F20001012008701D
:1005300034E040F20400C2F2000090ED000A9FEDAA
:10054000411A30EE010A80ED000A90ED000AB5EE86
:10055000001A30EE011A80EE010A8DED010A9DEDC0
:10056000010A9DED022A40F2A021C2F2000191EDA4
:10057000001A32EE412A20EE020A30EE010A81ED25
:10058000000A9DED011AB7EE000A30EE411A90ED17
:10059000000A20EE010A80ED000AFFE740F2A020E9
:1005A000C2F20000016840F2BC20C2F200000090DC
:1005B000016090ED000A9FED241A80EE010ADFED44
:1005C000230A13F0C7FD0098B0EE401AB7EE000AF8
:1005D00030EE410A9FED1E1A20EE010A80ED020A5C
:1005E00040F2AC20C2F20000007888B9FFE740F288
:1005F000BC20C2F20000806840F2A821C2F20001D3
:10060000086040F2AC21C2F2000101200870FFE74F
:1006100040F2BC21C2F2000191ED020A40F2A82092
:10062000C2F2000090ED001A30EE410A81ED030A9B
:10063000086901300861FFE708B080BD000080371D
:100640000000C8450AD7233C00507D44B1DC423E3F
:10065000002A2D4780B582B08DF80700009140F246
:100660009450C2F20000002141610161C1608160CB
:1006700041600160012101709DF80700009A12F0AD
:10068000F3F802B080BD000080B586B08DF8170089
:100690008DED040ACDED030A8DED021ACDED011AA0
:1006A0008DED002A40F29451C2F200010020486111
:1006B0000861C8608860486008601D200870049860
:1006C000C1F801000398C1F805000298C1F80900BB
:1006D0000198C1F80D000098C1F811009DF81700AD
:1006E000182112F011F906B080BD000080B582B06B
:1006F0008DF807008DF80610009240F29451C2F276
:100700000001002048610861C86088604860086096
:1007100008709DF8060048709DF80700009A0221B5
:1007200012F0A2F802B080BD80B586B0049040F20D
:100730009452C2F20002002050611061D0609060BB
:10074000506010602C211170049A0121019112F067
:100750008BF801990390049A084612F085F80290EC
:10076000039818B1FFE70398059008E0029818B1C4
:10077000FFE70298059002E000200590FFE705984A
:1007800006B080BD80B582B012F022FB01900198C6
:1007900002B080BD80B584B0ADF80A0001918DF83B
:1007A0000320BDF80A0040F2FE71884207DCFFE733
:1007B000019820B1FFE79DF8030020B9FFE76FF033
:1007C0000100039008E0BDF80A0001999DF803209C
:1007D00012F098FB0390FFE7039804B080BD00007F
:1007E00080B584B0ADF80E0012F088FB40F2CC402A
:1007F000C2F2000012F00AFA0190019818B9FFE75E
:1008000011F0C0FD0DE00198B0F1FF3F08DCFFE7FB
:1008100040F61851C2F20001C8690130C861FFE713
:10082000FFE740F2FC40C2F2000012F011FA40B1C2
:10083000FFE740F61851C2F20001086A0130086271
:10084000FFE740F22C50C2F2000012F04FFA40B124
:10085000FFE740F61851C2F20001486A01304862D1
:10086000FFE711F0D3FD40F27000C2F20000007803
:1008700038B9FFE740F2B021C2F200010020086061
:1008800047E040F67450C2F20000407990B9FFE7AB
:1008900040F67450C2F20000C07858B9FFE740F645
:1008A0007450C2F20000007920B9FFE76420ADF86F
:1008B000020003E00520ADF80200FFE7BDF80E20BE
:1008C00040F2B020C2F200000168114401600068EB
:1008D000BDF8021088421CD3FFE740F2B021C2F2FB
:1008E00000010020086005F029FFCDF80A0040F261
:1008F00002300DF10A01042212F004FB40B1FFE7BF
:1009000040F61851C2F20001886901308861FFE7A2
:10091000FFE704B080BD000080B58AB0ADF82600C6
:1009200040F29C00C2F2000005A90C2202F0E2FD98
:100930009DF814009DF8151040EA0120ADF80E0056
:100940009DF816009DF8171040EA0120ADF8100040
:100950009DF818009DF8191040EA0120ADF812002A
:100960009DF81A009DF81B1040EA0120ADF8080020
:100970009DF81C009DF81D1040EA0120ADF80A000A
:100980009DF81E009DF81F1040EA0120ADF80C00F4
:1009900000208DF80700FFE79DF80700022832D8F5
:1009A000FFE79DF807100DF10E0030F9110000EE81
:1009B000100AB8EEC00A9FED531A20EE010A40F269
:1009C0004040C2F2000000EB810080ED000A9DF87B
:1009D000071002A830F9110000EE100AB8EEC00AA4
:1009E0009FED491A20EE010A40F2D450C2F20000F5
:1009F00000EB810080ED000AFFE79DF80700013061
:100A00008DF80700C8E740F2CE30C2F2000000784F
:100A1000002874D0FFE740F2B800C2F2000005A938
:100A20000C2202F067FD9DF814009DF8151040EAB5
:100A30000120ADF80E009DF816009DF8171040EA51
:100A40000120ADF810009DF818009DF8191040EA3B
:100A50000120ADF812009DF81A009DF81B1040EA25
:100A60000120ADF808009DF81C009DF81D1040EA1B
:100A70000120ADF80A009DF81E009DF81F1040EA05
:100A80000120ADF80C0000208DF80600FFE79DF86E
:100A90000600022832D8FFE79DF806100DF10E007F
:100AA00030F9110000EE100AB8EEC00A9FED151AD9
:100AB00020EE010A40F24C40C2F2000000EB81003F
:100AC00080ED000A9DF8061002A830F9110000EE32
:100AD000100AB8EEC00A9FED0C1A20EE010A40F28F
:100AE000E050C2F2000000EB810080ED000AFFE759
:100AF0009DF8060001308DF80600C8E7FFE70AB050
:100B000080BD00BF000080390000003D80B582B08C
:100B100040F29C00C2F2000000F0BEF80090009885
:100B200018B1FFE700980190B2E040F2B800C2F2BD
:100B3000000000F0B1F80090009838B9FFE740F2EB
:100B4000CE31C2F2000101200870FFE740F29C00A4
:100B5000C2F2000002F030FC0090009818B1FFE7EC
:100B60000098019094E040F2CE30C2F2000000788C
:100B700090B1FFE740F2B800C2F2000002F01CFCA6
:100B80000090009838B1FFE740F2CE31C2F2000188
:100B900000200870FFE7FFE740F2DC5004F0E6FBBE
:100BA00040F29C00C2F2000002F0D2FB00900098DC
:100BB00018B1FFE7009801906AE00A2004F0D6FB24
:100BC00040F29C00C2F2000002F0D2FB00900098BC
:100BD00018B1FFE7009801905AE040F2CE30C2F21F
:100BE0000000007838B3FFE740F2B800C2F200001E
:100BF00002F0AEFB0090009838B1FFE740F2CE3132
:100C0000C2F200010020087014E00A2004F0AEFBDC
:100C100040F2B800C2F2000002F0AAFB0090009877
:100C200038B1FFE740F2CE31C2F200010020087077
:100C3000FFE7FFE7FFE740F29C00C2F2000002F08E
:100C4000FBFB0090009818B1FFE7009801901FE0AF
:100C500040F2CE30C2F20000007890B1FFE740F2DF
:100C6000B800C2F2000002F0E7FB0090009838B133
:100C7000FFE740F2CE31C2F2000100200870FFE72A
:100C8000FFE74FF4967004F071FB00200190FFE73E
:100C9000019802B080BD000080B584B00290029837
:100CA00002F044FC0190019818B1FFE7019803900D
:100CB00041E0029802F072FC0190019818B1FFE740
:100CC0000198039037E0029802F0E6FB019001984A
:100CD00018B1FFE7019803902DE0029802F07CFB29
:100CE0000190019818B1FFE70198039023E0029862
:100CF000202102F0EBFC0190019818B1FFE7019868
:100D0000039018E00298602102F00EFD0190019816
:100D100018B1FFE7019803900DE00298062102F058
:100D20007FFC0190019818B1FFE70198039002E061
:100D300000200390FFE7039804B080BD80B582B027
:100D4000ADF80600BDF8060040B1FFE740F27100C3
:100D5000C2F200000078022801D0FFE70BE002F0A9
:100D6000D9FA40B1FFE740F61851C2F20001486DD0
:100D700001304865FFE702B080BD000080B584B057
:100D800040F60400C4F20240006800F04001002078
:100D9000B0EB911F04D1FFE711F012FE039065E064
:100DA00002F0F0FC20B1FFE74FF0FF3003905DE070
:100DB0000DF1070002F0EAFC20B1FFE74FF0FF3031
:100DC000039053E09DF8070020B9FFE711F0F8FD0C
:100DD00003904BE09DF807008DF8060005F0AEFC8F
:100DE0000290FFE705F0AAFC0299401AC0087C288F
:100DF0001DD8FFE70DF1070002F0C8FC20B1FFE7A6
:100E00004FF0FF30039031E09DF807109DF8060089
:100E100008408DF806009DF8060020B9FFE711F0A4
:100E2000CFFD039022E00A2004F0A0FADAE70120C7
:100E300005F0ACFD022005F0A9FD082005F0A6FD97
:100E4000202005F0A3FD40F64001C4F202410868ED
:100E500040F0FF00086040F60001C4F2024108685B
:100E600040F08000086000200390FFE7039804B082
:100E700080BD000080B540F25C51C2F2000100204C
:100E8000087002F07FFC80BD80B582B0ADF806002E
:100E900040F25C50C2F200000078F0B9FFE740F683
:100EA0007450C2F20000C078B0B1FFE740F6745051
:100EB000C2F20000007978B1FFE711F065FF20B1C0
:100EC000FFE711F073FF38B9FFE740F25C51C2F25F
:100ED000000101200870FFE714E00DF1050002F0A9
:100EE00055FC40B1FFE740F61851C2F20001086B13
:100EF0000130086306E09DF8050018B9FFE711F01E
:100F00005FFDFFE702B080BD80B584B08DF80B00B7
:100F10009DF80B00652804D3FFE76FF001000390F4
:100F200014E09DF80B0018B9FFE76A20019003E078
:100F30009DF80B000190FFE701988DF80A009DF8DD
:100F40000A10002012F008FE0390FFE7039804B097
:100F500080BD000080B582B0ADF8060040F6745048
:100F6000C2F200008079012807D0FFE740F2B421E7
:100F7000C2F200010020087024E040F2B420C2F266
:100F80000000007870B9FFE705F0D8FB40F2B82107
:100F9000C2F20001086040F2B421C2F20001012057
:100FA00008700FE005F0CAFB40F2B821C2F2000160
:100FB0000968401A00097C2801D8FFE702E011F017
:100FC0008FFDFFE702B080BDFFE7FEE784B002902F
:100FD0000191009202980199884203DAFFE7019893
:100FE00003900AE002980099884203DDFFE7009829
:100FF000039002E002980390FFE7039804B0704763
:1010000085B004900498006A0390049800684069D1
:1010100020F4430003990843049909684861049B3C
:101020001A6958699969DB691843104308430390AA
:101030000498016801205022C4F2020291420290F9
:1010400000F06781FFE70498016801205022C5F293
:1010500002029142029000F05C81FFE7049801686F
:101060000120D022C4F202029142029000F051818C
:10107000FFE7049801680120D022C5F202029142E4
:10108000029000F04681FFE704980168012040F2D9
:101090005012C4F202029142029000F03A81FFE73E
:1010A00004980168012040F25012C5F202029142F8
:1010B000029000F02E81FFE704980168012040F2C1
:1010C000D012C4F202029142029000F02281FFE7A6
:1010D00004980168012040F2D012C5F20202914248
:1010E000029000F01681FFE704980168012040F2A9
:1010F0005022C4F202029142029000F00A81FFE7FE
:1011000004980168012040F25022C5F20202914287
:10111000029000F0FE80FFE704980168012040F291
:10112000D022C4F202029142029000F0F280FFE766
:1011300004980168012040F2D022C5F202029142D7
:10114000029000F0E680FFE704980168012040F279
:101150005032C4F202029142029000F0DA80FFE7BE
:1011600004980168012040F25032C5F20202914217
:10117000029000F0CE80FFE704980168012040F261
:10118000D032C4F202029142029000F0C280FFE726
:1011900004980168012040F2D032C5F20202914267
:1011A000029000F0B680FFE704980168012041F248
:1011B0005002C4F202029142029000F0AA80FFE7BE
:1011C00004980168012041F25002C5F202029142E6
:1011D000029000F09E80FFE704980168012041F230
:1011E000D002C4F202029142029000F09280FFE726
:1011F00004980168012041F2D002C5F20202914236
:10120000029000F08680FFE704980168012041F217
:101210005012C4F20202914202907AD0FFE7049881
:101220000168012041F25012C5F20202914202907F
:101230006FD0FFE704980168012041F2D012C4F298
:1012400002029142029064D0FFE7049801680120F5
:1012500041F2D012C5F202029142029059D0FFE74A
:1012600004980168012041F25022C4F20202914226
:1012700002904ED0FFE704980168012041F250220D
:10128000C5F202029142029043D0FFE70498016840
:10129000012041F2D022C4F202029142029038D0E1
:1012A000FFE704980168012041F2D022C5F2020252
:1012B000914202902DD0FFE704980168012041F28D
:1012C0005032C4F202029142029022D0FFE7049809
:1012D0000168012041F25032C5F2020291420290AF
:1012E00017D0FFE704980168012041F2D032C4F220
:1012F0000202914202900CD0FFE7049800684EF67B
:101300003041CAF6FD710844B0FA80F040090290FD
:10131000FFE70298C007B8B1FFE70498426A836A02
:10132000C06A0021CFF6F07101EB035101F07C712E
:1013300008436FF00F0101EB021101F47C710143CE
:10134000039808430390FFE704980068006C00F0DE
:1013500080200399084304990968086404998868FF
:101360000A791043096B084303900498C068B0F5EC
:10137000806F40F07C81FFE70498016801205022D3
:10138000C4F202029142019000F06781FFE70498E5
:10139000016801205022C5F202029142019000F042
:1013A0005C81FFE7049801680120D022C4F20202A8
:1013B0009142019000F05181FFE7049801680120FB
:1013C000D022C5F202029142019000F04681FFE76F
:1013D00004980168012040F25012C4F202029142C6
:1013E000019000F03A81FFE704980168012040F283
:1013F0005012C5F202029142019000F02E81FFE7E7
:1014000004980168012040F2D012C4F20202914215
:10141000019000F02281FFE704980168012040F26A
:10142000D012C5F202029142019000F01681FFE74E
:1014300004980168012040F25022C4F20202914255
:10144000019000F00A81FFE704980168012040F252
:101450005022C5F202029142019000F0FE80FFE7A7
:1014600004980168012040F2D022C4F202029142A5
:10147000019000F0F280FFE704980168012040F23B
:10148000D022C5F202029142019000F0E680FFE70F
:1014900004980168012040F25032C4F202029142E5
:1014A000019000F0DA80FFE704980168012040F223
:1014B0005032C5F202029142019000F0CE80FFE767
:1014C00004980168012040F2D032C4F20202914235
:1014D000019000F0C280FFE704980168012040F20B
:1014E000D032C5F202029142019000F0B680FFE7CF
:1014F00004980168012041F25002C4F202029142B4
:10150000019000F0AA80FFE704980168012041F2F1
:101510005002C5F202029142019000F09E80FFE766
:1015200004980168012041F2D002C4F20202914203
:10153000019000F09280FFE704980168012041F2D9
:10154000D002C5F202029142019000F08680FFE7CE
:1015500004980168012041F25012C4F20202914243
:1015600001907AD0FFE704980168012041F25012FF
:10157000C5F20202914201906FD0FFE70498016822
:10158000012041F2D012C4F202029142019064D0D3
:10159000FFE704980168012041F2D012C5F202026F
:1015A0009142019059D0FFE704980168012041F26F
:1015B0005022C4F20202914201904ED0FFE70498FB
:1015C0000168012041F25022C5F2020291420190CD
:1015D00043D0FFE704980168012041F2D022C4F211
:1015E00002029142019038D0FFE70498016801207F
:1015F00041F2D022C5F20202914201902DD0FFE7C4
:1016000004980168012041F25032C4F20202914272
:10161000019022D0FFE704980168012041F2503286
:10162000C5F202029142019017D0FFE704980168C9
:10163000012041F2D032C4F20202914201900CD05A
:10164000FFE7049800684EF63041CAF6FD71084481
:10165000B0FA80F040090190FFE70198C00728B177
:10166000FFE7039840F480600390FFE70CE00498E4
:10167000C068B0F5007F05D1FFE7039840F4007023
:10168000039000E0FFE7FFE70498416B03980843ED
:10169000039004980068406C42F20011C3F6C04108
:1016A000084003990843049909684864049801684C
:1016B0000020886404980168012040F25032C4F28E
:1016C0000202914200904ED0FFE704980168012089
:1016D00040F25032C5F202029142009043D0FFE73F
:1016E00004980168012040F2D032C4F20202914213
:1016F000009038D0FFE704980168012040F2D03212
:10170000C5F20202914200902DD0FFE704980168D3
:10171000012041F25032C4F202029142009022D0E4
:10172000FFE704980168012041F25032C5F202023D
:101730009142009017D0FFE704980168012041F220
:10174000D032C4F20202914200900CD0FFE704981C
:1017500000684EF63041CAF6FD710844B0FA80F0D8
:1017600040090090FFE70098C00740B1FFE70498E8
:10177000016800204865049909688865FFE70498B6
:1017800001680020C86705B07047000085B001906F
:10179000019890ED062A90ED070A90ED085A90ED19
:1017A000094A22EE021ABEEE003A31EE036A20EE3A
:1017B000001A31EE061A90ED0A7A62EE040A20EE63
:1017C000056A36EE606AD0ED0B0A26EE206A21EE3D
:1017D000071A31EE061A22EE052A20EE040A30EE30
:1017E000020A90ED0C2A20EE020A30EE010A30EED9
:1017F000000A8DED020A019890ED062A90ED075A35
:1018000090ED081A90ED094A22EE046A25EE010ACD
:1018100030EE060A90ED0A7A22EE026A76EE030AAC
:1018200021EE016A36EE206AD0ED0B0A26EE206A20
:1018300020EE070A30EE060A22EE052A21EE041AEF
:1018400031EE421A90ED0C2A21EE021A30EE010A16
:1018500030EE000A8DED030A019890ED062A90ED16
:10186000076A90ED081A90ED090A22EE015A26EE59
:10187000004A34EE454A90ED0A5A22EE066A21EEFD
:10188000001A31EE061A90ED0B6A21EE061A24EECC
:10189000054A31EE041A22EE022A32EE032A20EE25
:1018A000000A30EE020A90ED0C2A20EE020A30EE19
:1018B000010A30EE000A8DED040A01980078014615
:1018C0000091022804D3FFE70098022809D011E014
:1018D0009DED040ABFEE001A30EE010A8DED040AF8
:1018E00008E09DED040AB7EE001A30EE010A8DED16
:1018F000040AFFE79DED020ADDED030A9DED041ADF
:1019000005B0704785B00090009B9869D9691A6A44
:101910005B6A04930392029101909DED010ADDED53
:10192000020A9DED031ADDED041A05B070470000B0
:1019300080B582B00190019844F61C51C0F60101B7
:1019400000F0D8F8019800F003F802B080BD000064
:1019500080B58EB00D900D9A4FF07E50099000200A
:101960000A900B900C9009990A9BDDF82CC0DDF8C9
:1019700030E0C2F824E0C2F820C0D36191610D9A32
:101980000690079008900699079BDDF820C0C2F8E2
:1019900030C0D36291620D9A012182F834100D9A01
:1019A0000021C4F2201191630D9981F840000D9A35
:1019B0000390049005900399049BDDF814C0C2F8CD
:1019C0004CC0936451640D9A00900190029000996C
:1019D000019BDDF808C0C2F858C0536511650D9928
:1019E00081F85C000D9908660D9A516951660D9950
:1019F00081F868000D99C8660D99486908670EB0AE
:101A000080BD000080B590B00F908DED0E0A0F984C
:101A100090ED060A90ED073A90ED081A90ED092A2C
:101A200023EE013A20EE020A30EE030A21EE013ADB
:101A3000B6EE001A8DED011A31EE431A22EE022A9B
:101A400071EE420A12F088F98DED0D0A9DED0D0A36
:101A50008DED020A9DED0E0A00F0C0FC9DED011A0D
:101A6000B0EE402A9DED020A30EE420A20EE010A55
:101A70008DED0C0A9DED0C0A12F0C4FA8DED080AEA
:101A8000002009900A909DED0C0A12F095FEB0EE30
:101A9000401A9FED170A30EE410A8DED0B0A0F98A0
:101AA00003909DED080ADDED090A9DED0A1ADDEDB2
:101AB0000B1A90ED062AD0ED072A90ED083AD0EDEA
:101AC000093A00F07FFE0399CDED071A8DED061A55
:101AD000CDED050A8DED040A0498059A069BDDF804
:101AE0001CC0C1F824C00B62CA61886110B080BDFF
:101AF0000000008080B586B00590049104980078BD
:101B0000059908700498406805994860049890ED1C
:101B1000020AB5EE400AF1EE10FA05D1FFE79FED9B
:101B20004C0A8DED030A09E0049890ED020A9FED3E
:101B3000471A20EE010A8DED030AFFE79DED030A27
:101B4000059880ED020A049890ED030AB5EE400A6C
:101B5000F1EE10FA05D1FFE79FED3D0A8DED020A87
:101B600011E0049890ED030A00F038FC12F024FE16
:101B7000B6EE001A20EE010AF0EE000A12F0EAFAC0
:101B80008DED020AFFE79DED020A059880ED030A3C
:101B9000049890ED040AB5EE400AF1EE10FA05D172
:101BA000FFE79FED2B0A8DED010A11E0049890EDFF
:101BB000040A00F013FC12F0FFFDB6EE001A20EE4E
:101BC000010AF0EE000A12F0C5FA8DED010AFFE7F6
:101BD0009DED010A059880ED040A04984069059975
:101BE00048610599486948660599486908670498F5
:101BF00090ED010AB5EE400AF1EE10FA04D0FFE7CD
:101C00000498406948B9FFE705994FF6FF70C7F699
:101C10007F70C86005990861FFE7059890F8340067
:101C2000C00720B9FFE7059948688863FFE7059872
:101C300090ED011AB2EE040A30EE410AB0EE081A35
:101C400080EE010A80ED0F0A06B080BD48E17A3FC0
:101C5000FFFF7F7F80B5CAB08DED491ACDED480AF0
:101C60008DED470ACDED462A8DED452ACDED441A7E
:101C70008DED434ACDED423A8DED413A4090CDEDA8
:101C80003F4A40994498459A469B0B63CA628862D2
:101C90009DED470AB0EEC00A409890ED021AB4EEEE
:101CA000410AF1EE10FA1ADCFFE79DED480AB0EEAA
:101CB000C00A409890ED021AB4EE410AF1EE10FA13
:101CC0000DDCFFE79DED490AB0EEC00A409890EDAB
:101CD000021AB4EE410AF1EE10FA1CDDFFE7409B58
:101CE0009869D9691A6A5B6A3E933D923C913B9030
:101CF0004098FFF72DFE40993B983C9A3D9BDDF8BC
:101D0000F8C0C1F824C00B62CA6188614099012003
:101D100081F84000FFE7409890F83400C00768B3AE
:101D2000FFE7409890ED0E0A90ED0F1A9DED3F2AC7
:101D300021EE021A30EE410A80ED0E0A409890ED35
:101D4000011A90ED0E0AB4EE410AF1EE10FA09DB29
:101D5000FFE7409890ED010AB5EE400AF1EE10FA67
:101D60000BD1FFE74099486888634099002081F8CB
:101D70003400409981F84000FFE7FFE740980DF0FC
:101D8000A7F88DED3A1ACDED390A8DED380A00200D
:101D90003790369035904099012081F85C009DED98
:101DA000440ADDED450A9DED461A01F00FF80028C2
:101DB00079D1FFE7409804909DED440ADDED450A96
:101DC0009DED461A01F054F88DED311ACDED300A33
:101DD0008DED2F0A9DED2F0ADDED300A9DED311AB4
:101DE000DDED381A9DED392ADDED3A2A01F0EAFEE3
:101DF00004998DED341ACDED330A8DED320A329807
:101E0000339A349BCB648A644864409890F83400D9
:101E1000C00790B9FFE7409890ED110AD0ED120A83
:101E200090ED131A00F0FEFF409890ED031AB4EE07
:101E3000410AF1EE10FA09DCFFE74099002081F831
:101E40005C004099086E0938086604E04099086E05
:101E500001300866FFE74099086E496E884207DD49
:101E6000FFE7409900204866409981F85C0003E054
:101E7000409948694866FFE740984269006E002132
:101E8000FFF7A4F840990866409890F85C00C007F6
:101E900040B9FFE7409A506C916CD26C3792369102
:101EA0003590FFE7FFE700202E902D902C90409971
:101EB000012081F868009DED410ADDED420A9DEDAB
:101EC000431A00F083FF002840F09780FFE7409816
:101ED0000DF086F88DED2B1ACDED2A0A8DED290A2D
:101EE000409803909DED380ADDED390A9DED3A1AD0
:101EF000DDED411A9DED422ADDED432A00F098FE0A
:101F00008DED221ACDED210A8DED200A9DED200ADE
:101F1000DDED210A9DED221A00F0AAFF8DED251AB4
:101F2000CDED240A8DED230A9DED230ADDED240A73
:101F30009DED251ADDED291A9DED2A2ADDED2B2ACE
:101F400001F040FE03998DED281ACDED270A8DEDA5
:101F5000260A2698279A289B8B654A65086540982B
:101F600090F83400C00790B9FFE7409890ED140A4C
:101F7000D0ED150A90ED161A00F054FF409890ED40
:101F8000041AB4EE410AF1EE10FA09DCFFE74099B9
:101F9000002081F868004099C86E0938C86604E0DE
:101FA0004099C86E0130C866FFE74099C86E096F56
:101FB000884207DDFFE7409900200867409981F8D3
:101FC000680003E0409948690867FFE74098426964
:101FD000C06E0021FEF7FAFF4099C866409890F85D
:101FE0006800C00740B9FFE7409A106D516D926DCF
:101FF0002E922D912C90FFE7FFE7B6EE000A00F03D
:10200000EDF9F0EE401A9DED470ADDED480A9DED31
:10201000491A00F057FF8DED1F1ACDED1E0A8DED08
:102020001D0A9DED350ADDED360A9DED371ADDED11
:102030002C1A9DED2D2ADDED2E2A00F09DFD8DED53
:10204000161ACDED150A8DED140A4098D0ED0E1A32
:102050009DED140ADDED150A9DED161A00F032FF14
:102060008DED191ACDED180A8DED170A9DED1D0A9B
:10207000DDED1E0A9DED1F1ADDED171A9DED182AE4
:10208000DDED192A00F078FD8DED1C1ACDED1B0A4F
:102090008DED1A0A40980190DDED3F1A9DED1A0A68
:1020A000DDED1B0A9DED1C1A00F00CFF01988DED73
:1020B0000B1ACDED0A0A8DED090A90ED060AD0ED56
:1020C000070A90ED081AD0ED091A9DED092ADDEDF9
:1020D0000A2A9DED0B3A00F0C7FC0198CDED0F1ACE
:1020E0008DED0E1ACDED0D0A8DED0C0A90ED060A60
:1020F000D0ED070A90ED081AD0ED091A9DED0C2AD3
:10210000DDED0D2A9DED0E3ADDED0F3A00F07EFA81
:102110000199CDED131A8DED121ACDED110A8DED49
:10212000100A1098119A129BDDF84CC0C1F824C017
:102130000B62CA6188614098029090ED060AD0ED6A
:10214000070A90ED081AD0ED091A00F007FB029972
:10215000CDED081A8DED071ACDED060A8DED050AB5
:102160000598069A079BDDF820C0C1F824C00B62D1
:10217000CA6188614AB080BD80B58CB08DED0B1A04
:10218000CDED0A0A8DED090ACDED082A8DED072A5D
:10219000CDED061A05908DED043A059800210191C8
:1021A00002910391DDED044A9DED090ADDED0A0A75
:1021B0009DED0B1ADDED061A9DED072ADDED082ACF
:1021C0009DED013ADDED023A9DED034AFFF742FD38
:1021D000059890F83400C00730B1FFE705989FEDEF
:1021E000030AFFF70FFCFFE70CB080BD0000000002
:1021F00080B582B08DED000A9DED000ABFEE001A99
:10220000B4EE410AF1EE10FA06DCFFE740F6DB70AF
:10221000CBF6C970019016E09DED000AB7EE001AEA
:10222000B4EE410AF1EE10FA06DBFFE740F6DB7090
:10223000C3F6C970019006E09DED000A11F0F6FCAE
:102240008DED010AFFE79DED010A02B080BD00009F
:1022500085B0049003919DED030AB8EE401AB7EEE5
:10226000000A80EE010A9FED0C1A20EE010A049884
:1022700080ED000A03980499486004990020886062
:1022800004990090019002900098019A029B4B6182
:102290000A61C86005B07047FDAD003E80B592B0E0
:1022A0008DED0E1ACDED0D0A8DED0C0A0B900B98ED
:1022B0009DED0C0ADDED0D0A9DED0E1AD0ED031A11
:1022C00090ED042AD0ED052A00F07EFE8DED0A1A6D
:1022D000CDED090A8DED080A089809990A9A0E921F
:1022E0000D910C909DED0C0AB0EEC00AB0EE081AEC
:1022F000B4EE410AF1EE10FA18DCFFE79DED0D0A8D
:10230000B0EEC00AB0EE081AB4EE410AF1EE10FACF
:102310000CDCFFE79DED0E0AB0EEC00AB0EE081A25
:10232000B4EE410AF1EE10FA0ADDFFE70B99002046
:1023300088600C980D990E9A119210910F9045E0BB
:102340000B984168806888420BD2FFE70B99886838
:10235000013088600C980D990E9A119210910F908F
:1023600034E00B980190D0ED001A9DED0C0ADDEDE4
:102370000D0A9DED0E1A00F0CFFD01988DED041AA7
:10238000CDED030A8DED020A90ED030AD0ED040AAB
:1023900090ED051ADDED021A9DED032ADDED042A0C
:1023A00000F018FC01998DED071ACDED060A8DEDB0
:1023B000050A0598069A079B4B610A61C8600C984C
:1023C0000D990E9A119210910F90FFE79DED0F0A53
:1023D000DDED100A9DED111A12B080BD81B08DEDBA
:1023E000000A9DED000A9FED031A20EE010A01B0DC
:1023F000704700BF35FA8E3C82B08DED010A01981E
:102400000090009941F21240C5F61F70A0EB6100E8
:1024100000909DED000A9DED011A9FED082A21EE26
:10242000021A21EE001A21EE001A9FED052A31EE64
:10243000021A20EE010A02B0704700BF12D336BF65
:10244000FF51D83FF0B58FB0189E179D169CDDF850
:1024500054E0DDF850C00B960A950994CDF820E0C1
:10246000CDF81CC006930592049103908DED021ADD
:10247000CDED010A8DED000A9DED031A9DED043AA4
:102480009DED050A9DED004A9DED015A9DED022A44
:1024900023EE053A21EE041A31EE031A20EE020A69
:1024A00030EE010A8DED0C0A9DED061A9DED073AFE
:1024B0009DED080A9DED004A9DED015A9DED022A11
:1024C00023EE053A21EE041A31EE031A20EE020A39
:1024D00030EE010A8DED0D0A9DED091A9DED0A3AC7
:1024E0009DED0B0A9DED004A9DED015A9DED022ADE
:1024F00023EE053A21EE041A31EE031A20EE020A09
:1025000030EE010A8DED0E0A9DED0C0ADDED0D0A8F
:102510009DED0E1A0FB0F0BDF0B5A1B02A9E299D19
:10252000289CDDF89CE0DDF898C08DED1D1ACDEDFE
:102530001C0A8DED1B0A1A9619951894CDF85CE0CB
:10254000CDF858C01593149213911290CDED112A25
:102550008DED102ACDED0F1A8DED0E4ACDED0D3A11
:102560008DED0C3A9DED1B0ADDED1C0A9DED1D1A4B
:10257000DDED0C1A9DED0D2ADDED0E2A00F0F6FCC6
:102580008DED081ACDED070A8DED060A9DED060AC0
:10259000DDED070A9DED081ADDED0F1A9DED102AFD
:1025A000DDED112A00F0B6FB8DED0B1ACDED0A0A18
:1025B0008DED090A12981399149A159BDDF858C0ED
:1025C000179C189D199E1A9F9DED090ADDED0A0AB8
:1025D0009DED0B1AEE46CEF81070CEF80C60CEF8DA
:1025E0000850CEF80440CEF800C0FFF72BFF8DED69
:1025F000201ACDED1F0A8DED1E0A9DED1E0ADDEDA0
:102600001F0A9DED201A21B0F0BD00008CB0CDED69
:10261000071A8DED061ACDED050A8DED040ACDEDF4
:10262000033A8DED023ACDED012A8DED002A9DEDA4
:10263000040A9DED001A30EE010A8DED080A9DEDA9
:10264000050A9DED011A30EE010A8DED090A9DED96
:10265000060A9DED021A30EE010A8DED0A0A9DED83
:10266000070A9DED031A30EE010A8DED0B0A9DED70
:10267000080ADDED090A9DED0A1ADDED0B1A0CB012
:10268000704700008CB0CDED071A8DED061ACDED28
:10269000050A8DED040ACDED033A8DED023ACDED3C
:1026A000012A8DED002A9DED040A9DED001A20EE11
:1026B000010A8DED080A9DED050A9DED011A20EE37
:1026C000010A8DED090A9DED060A9DED021A20EE24
:1026D000010A8DED0A0A9DED070A9DED031A20EE11
:1026E000010A8DED0B0A9DED080ADDED090A9DED4D
:1026F0000A1ADDED0B1A0CB07047000080B588B0E7
:10270000CDED071A8DED061ACDED050A8DED040A03
:102710009DED042ADDED052A9DED063ADDED073A33
:10272000B0EE420AF0EE620AB0EE431AF0EE631A1F
:10273000FFF7A8FFCDED031A8DED021ACDED010ACA
:102740008DED000A9DED000ADDED010A9DED021AF6
:10275000DDED031A00F008F908B080BD80B588B03F
:10276000CDED031A8DED021ACDED010A8DED000AB3
:102770009DED000ADDED010A9DED021ADDED031A63
:10278000FFF7BCFFFFF738FEB0EE402A9DED000AD0
:10279000DDED010A9DED021ADDED031A00F0AEF841
:1027A000CDED071A8DED061ACDED050A8DED040A63
:1027B0009DED040ADDED050A9DED061ADDED071A13
:1027C00008B080BD8CB0CDED071A8DED061ACDEDA9
:1027D000050A8DED040ACDED033A8DED023ACDEDFB
:1027E000012A8DED002A9DED040A9DED055A9DED0F
:1027F000063A9DED071A9DED006A9DED017A9DED6B
:10280000024A9DED032A25EE075A20EE060A30EE15
:10281000450A23EE043A30EE430A21EE021A30EE66
:10282000410A8DED080A9DED007A9DED016A9DED4E
:10283000022A9DED034A9DED043A9DED055A9DED5A
:10284000060A9DED071A25EE075A23EE063A33EEE7
:10285000053A20EE040A30EE030A21EE021A30EEA9
:10286000410A8DED090A9DED004A9DED012A9DED7D
:10287000026A9DED037A9DED043A9DED055A9DEDAA
:10288000061A9DED070A25EE075A23EE063A33EEA7
:10289000453A21EE041A31EE031A20EE020A30EE18
:1028A000010A8DED0A0A9DED002A9DED014A9DED7C
:1028B000027A9DED036A9DED041A9DED055A9DED8A
:1028C000063A9DED070A25EE075A21EE061A31EE6B
:1028D000051A23EE043A31EE431A20EE020A30EED6
:1028E000010A8DED0B0A9DED080ADDED090A9DED4B
:1028F0000A1ADDED0B1A0CB07047000089B0CDED5F
:10290000041A8DED031ACDED020A8DED010A8DED4D
:10291000002A9DED010A9DED001A20EE010A8DEDC1
:10292000050A9DED020A9DED001A20EE010A8DEDCB
:10293000060A9DED030A9DED001A20EE010A8DEDB9
:10294000070A9DED040A9DED001A20EE010A8DEDA7
:10295000080A9DED050ADDED060A9DED071ADDED7D
:10296000081A09B07047000084B0CDED031A8DED50
:10297000021ACDED010A8DED000A9DED000A9DEDD4
:10298000013A9DED022A9DED031A30EE030A30EE66
:10299000020A30EE010A04B07047000080B588B02A
:1029A000CDED041A8DED031ACDED020A8DED010A6D
:1029B0009DED011A9DED023A9DED030A9DED042A5D
:1029C00021EE033A20EE020A30EE030A22EE022A3A
:1029D00021EE011A31EE021AB6EE002A8DED002A20
:1029E00071EE420A11F0B8F900F0B8F88DED050A61
:1029F0009DED010A9DED021A9DED032A9DED043A1D
:102A000021EE031A20EE020A30EE410A30EE000AEF
:102A1000FFF7EEFB00F0A2F89DED002A8DED060A0F
:102A20009DED011A9DED023A9DED030A9DED044ACC
:102A300021EE044A23EE000A30EE040A23EE033AA4
:102A400021EE011A31EE031A71EE420A11F084F9F7
:102A500000F084F88DED070A9DED050ADDED060A0C
:102A60009DED071A08B080BD8BB0CDED061A8DED37
:102A7000051ACDED040A8DED030A8DED023ACDED78
:102A8000012A8DED002A9DED043A9DED050A9DED8C
:102A9000061A9DED004A9DED015A9DED022A20EE99
:102AA000450A23EE043A30EE430A21EE021A30EED4
:102AB000410A8DED070A9DED004A9DED012A9DED2D
:102AC000025A9DED030A9DED053A9DED061A23EE8F
:102AD000053A20EE040A30EE030A21EE021A30EE27
:102AE000410A8DED080A9DED002A9DED014A9DEDFC
:102AF000025A9DED031A9DED043A9DED060A23EE60
:102B0000053A21EE041A31EE431A20EE020A30EEA5
:102B1000010A8DED090A9DED002A9DED015A9DEDFA
:102B2000024A9DED030A9DED043A9DED051A23EE40
:102B3000053A20EE040A30EE030A21EE021A30EEC6
:102B4000410A8DED0A0A9DED070ADDED080A9DEDAB
:102B5000091ADDED0A1A0BB07047000081B08DED47
:102B6000000A9DED000A9FED031A20EE010A01B054
:102B7000704700BFE02E654289B08DED051ACDED9E
:102B8000040A8DED030ACDED022A8DED012ACDED6B
:102B9000001A9DED030A9DED001A30EE010A8DED3D
:102BA000060A9DED040A9DED011A30EE010A8DED35
:102BB000070A9DED050A9DED021A30EE010A8DED22
:102BC000080A9DED060ADDED070A9DED081A09B019
:102BD0007047000089B08DED051ACDED040A8DED2A
:102BE000030ACDED022A8DED012ACDED001A9DEDEF
:102BF000030A9DED001A30EE010A8DED060A9DEDE7
:102C0000040A9DED011A30EE010A8DED070A9DEDD3
:102C1000050A9DED021A30EE010A8DED080A9DEDC0
:102C2000060ADDED070A9DED081A09B0704700009D
:102C300089B08DED051ACDED040A8DED030ACDEDB9
:102C4000022A8DED012ACDED001A9DED013A9DED90
:102C5000022A9DED040A9DED051A21EE031A20EECD
:102C6000020A30EE410A8DED060A9DED031A9DED34
:102C7000050A9DED002A9DED023A21EE031A20EE91
:102C8000020A30EE410A8DED070A9DED003A9DEDF6
:102C9000012A9DED030A9DED041A21EE031A20EE90
:102CA000020A30EE410A8DED080A9DED060ADDEDBF
:102CB000070A9DED081A09B07047000080B58AB078
:102CC0008DED091ACDED080A8DED070ACDED062A26
:102CD0008DED052ACDED041A9DED070ADDED080AFC
:102CE0009DED091ADDED041A9DED052ADDED062A9C
:102CF00000F03EF88DED031ACDED020A8DED010ACC
:102D00009DED010ADDED020A9DED031A00F08AF93E
:102D10000AB080BD89B08DED051ACDED040A8DEDA8
:102D2000030ACDED022A8DED012ACDED001A9DEDAD
:102D3000030A9DED001A20EE010A8DED060A9DEDB5
:102D4000040A9DED011A20EE010A8DED070A9DEDA2
:102D5000050A9DED021A20EE010A8DED080A9DED8F
:102D6000060ADDED070A9DED081A09B0704700005C
:102D700089B08DED051ACDED040A8DED030ACDED78
:102D8000022A8DED012ACDED001A9DED030A9DED7D
:102D9000001A20EE010A8DED060A9DED040A9DED54
:102DA000011A20EE010A8DED070A9DED050A9DED41
:102DB000021A20EE010A8DED080A9DED060ADDEDEE
:102DC000070A9DED081A09B07047000084B08DED28
:102DD000031ACDED020A8DED010A9DED010A0020D6
:102DE000B5EE400AF1EE10FA009015D1FFE79DED27
:102DF000020A0020B5EE400AF1EE10FA00900BD165
:102E0000FFE79DED030A0020B5EE400AF1EE10FA4F
:102E100008BF01200090FFE7009800F0010004B017
:102E20007047000080B586B08DED051ACDED040A1F
:102E30008DED030ADDED031A9DED042ADDED052A73
:102E4000B0EE610AF0EE420AB0EE621AFFF790FFB0
:102E50008DED021ACDED010A8DED000A9DED000AFF
:102E6000DDED010A9DED021A00F0DCF806B080BD30
:102E700080B586B08DED021ACDED010A8DED000A08
:102E80009DED000ADDED010A9DED021AFFF7CAFF74
:102E9000FFF7B2FAF0EE401A9DED000ADDED010AEF
:102EA0009DED021A00F00EF88DED051ACDED040A25
:102EB0008DED030A9DED030ADDED040A9DED051A73
:102EC00006B080BD87B08DED031ACDED020A8DED01
:102ED000010ACDED001A9DED010A9DED001A20EECC
:102EE000010A8DED040A9DED020A9DED001A20EE07
:102EF000010A8DED050A9DED030A9DED001A20EEF5
:102F0000010A8DED060A9DED040ADDED050A9DED31
:102F1000061A07B07047000087B08DED031ACDED9B
:102F2000020A8DED010ACDED001A9DED010A9DED1D
:102F3000001A20EE010A8DED040A9DED020A9DEDB6
:102F4000001A20EE010A8DED050A9DED030A9DEDA4
:102F5000001A20EE010A8DED060A9DED040ADDED52
:102F6000050A9DED061A07B07047000089B08DED87
:102F7000051ACDED040A8DED030ACDED022A8DED83
:102F8000012ACDED001A9DED030A9DED001A30EEE9
:102F9000410A8DED060A9DED040A9DED011A30EE01
:102FA000410A8DED070A9DED050A9DED021A30EEEE
:102FB000410A8DED080A9DED060ADDED070A9DED3B
:102FC000081A09B07047000089B08DED051ACDEDE3
:102FD000040A8DED030ACDED022A8DED012ACDED17
:102FE000001A9DED030A9DED001A30EE410A8DEDA9
:102FF000060A9DED040A9DED011A30EE410A8DEDA1
:10300000070A9DED050A9DED021A30EE410A8DED8D
:10301000080A9DED060ADDED070A9DED081A09B0C4
:103020007047000083B08DED021ACDED010A8DEDE1
:10303000000A9DED000A9DED012A9DED021A30EE79
:10304000020A30EE010A03B070470000704700002A
:1030500080B584B0029000208DF8070040F2800017
:10306000C2F20000D0F810C027210DF107020123A1
:10307000E0470090009818B1FFE70098039008E03F
:103080009DF8070000F001000299087000200390ED
:10309000FFE7039804B080BD80B584B040F28000A3
:1030A000C2F2000002900298D0F810C00DF10302A5
:1030B00001231946E0470190019818B1FFE70198F4
:1030C000039069E0012002F051F900F079F80190D5
:1030D000019818B1FFE7019803905DE0322000F0FD
:1030E000ADF80190019818B1FFE70198039053E003
:1030F0000298D0F810C027210DF103020123E04708
:103100000190019818B1FFE70198039044E0DC209A
:103110008DF803000298D0F80CC037210DF103029E
:103120000123E0470190019818B1FFE7019803904F
:1031300032E0052002F01AF940208DF803000298D1
:10314000D0F80CC036210DF103020123E0470190B5
:10315000019818B1FFE7019803901DE001238DF855
:1031600003300298D0F80CC015210DF10302E0479E
:103170000190019818B1FFE7019803900CE0DD2061
:103180008DF803000298D0F80CC037210DF103022E
:103190000123E0470390FFE7039804B080BD0000DF
:1031A00080B582B0019040F28000C2F20000D0F8F9
:1031B00010C0019A1D210623E04702B080BD000027
:1031C00080B584B040F28000C2F20000D0F810C098
:1031D0000DF1070201231946E0470290029818B149
:1031E000FFE70298039026E09DF80700502804D0DE
:1031F000FFE74FF0FF3003901DE040F28000C2F285
:103200000000D0F810C002210DF106020123E047B2
:103210000290029818B1FFE7029803900BE09DF826
:103220000600322804D0FFE74FF0FF30039002E0A1
:1032300000200390FFE7039804B080BD80B586B0FE
:10324000049000208DF80F000190FFE70198049989
:1032500088422DD2FFE740F28000C2F20000D0F891
:1032600010C028210DF10F020123E04702900298BF
:1032700018B1FFE7029805901EE09DF80F00400787
:10328000002804D5FFE74FF0FF30059014E09DF8CB
:103290000F008007002803D5FFE7002005900BE012
:1032A000012002F063F8FFE7019801300190CDE7BB
:1032B0006FF002000590FFE7059806B080BD0000A2
:1032C00080B582B08DF8070040F22C10C2F20000E9
:1032D000026A9DF80710904702B080BD80B582B0A9
:1032E0008DF8070040F26810C2F20000026A9DF8F3
:1032F0000710904702B080BD80B582B08DF80700FE
:1033000040F2A410C2F20000026A9DF80710904734
:1033100002B080BD80B582B040F2E010C2F2000081
:10332000426A6946904720B1FFE74FF0FF300190B5
:103330000BE040F2E010C2F20000026A0099B1FA1C
:1033400081F1490990470190FFE7019802B080BDE3
:1033500080B584B0039000208DF807000398D0F862
:103360000CC00A210DF107020123E04704B080BD23
:1033700080B584B00290FF208DF803000298D0F849
:1033800010C046210DF103020123E047019001988E
:1033900018B1FFE7019803900AE09DF8030020B1FF
:1033A000FFE74FF0FF30039002E000200390FFE7BB
:1033B000039804B080BD000080B584B00390A220C3
:1033C0008DF807000398D0F80CC00A210DF1070210
:1033D0000123E04704B080BD80B584B0029002981C
:1033E000D0F810C008210DF103020123E04701903D
:1033F000019818B1FFE7019803901AE09DF80300C7
:1034000000F0FC008DF803000298D0F80CC00821F1
:103410000DF103020123E0470190019818B1FFE785
:103420000198039005E0022001F0A0FF0020039026
:10343000FFE7039804B080BD80B584B00290029885
:10344000D0F810C008210DF103020123E0470190DC
:10345000019818B1FFE7019803901AE09DF8030066
:1034600040F003008DF803000298D0F80CC008214A
:103470000DF103020123E0470190019818B1FFE725
:103480000198039005E0022001F070FF00200390F6
:10349000FFE7039804B080BD80B584B00290029825
:1034A000D0F810C002210DF103020123E047019082
:1034B000019818B1FFE70198039017E09DF8030009
:1034C00040F040008DF803000298D0F80CC00221B3
:1034D0000DF103020123E0470190019818B1FFE7C5
:1034E0000198039002E000200390FFE7039804B0E6
:1034F00080BD000080B586B004900391ADF80A202D
:103500000498D0F810C0039ABDF80A303521E0477E
:103510000190019818B1FFE70198059002E00020A2
:103520000590FFE7059806B080BD000080B584B027
:1035300002900298D0F810C000210DF1030201237F
:10354000E0470190019818B1FFE70198039021E04E
:103550009DF80300052803D0FFE70120039019E040
:103560000298D0F810C00DF1020201231946E0477D
:103570000190019818B1FFE7019803900AE09DF8C7
:1035800002007C2803D0FFE70120039002E0002026
:103590000390FFE7039804B080BD000080B586B0BB
:1035A0000490B0208DF80B000498D0F80CC0602176
:1035B0000DF10B020123E04703900A2001F0D6FE33
:1035C00000200190FFE70198B0F5FA7F20DAFFE7CD
:1035D0000120009001F0CAFE009B0498D0F810C0B2
:1035E0004D210DF10B02E0470390039818B1FFE75E
:1035F0000398059010E09DF80B00802803D1FFE7A9
:103600000020059008E0FFE7019801300190DAE71B
:103610006FF002000590FFE7059806B080BD00003E
:1036200080B586B004908DF80F109DF80F008DF8CE
:1036300005000498D0F810C003210DF10702012302
:10364000E0470290029818B1FFE70298059039E030
:103650000498D0F810C004210DF106020123E047C0
:103660000290029818B1FFE7029805902AE09DF8B1
:10367000070000F0F0009DF8051008438DF80700E2
:103680009DF8060000F0F0009DF8051008438DF845
:1036900006000498D0F80CC003210DF107020123A5
:1036A000E0470290029818B1FFE70298059009E000
:1036B0000498D0F80CC004210DF106020123E04764
:1036C0000590FFE7059806B080BD000080B586B084
:1036D00004908DF80F109DF80F008DF806000498E7
:1036E000D0F810C003210DF107020123E04702903A
:1036F000029818B1FFE70298059012E09DF80700C4
:1037000000F08F009DF8061008438DF8070004981C
:10371000D0F80CC003210DF107020123E04705900A
:10372000FFE7059806B080BD80B586B004908DF89F
:103730000F109DF80F008DF806000498D0F810C007
:1037400004210DF107020123E0470290029818B10D
:10375000FFE70298059012E09DF8070000F08F0047
:103760009DF8061008438DF807000498D0F80CC0A7
:1037700004210DF107020123E0470590FFE70598BA
:1037800006B080BD80B50CF067FE80BD80B582B00C
:10379000019001980CF092FE02B080BD80B586B019
:1037A000FF208DF80F004CF20F00ADF80C00002345
:1037B0008DF80A3040F2D400C2F20000D0F814C0F4
:1037C00069460B600DF10F010122E04720B1FFE7D0
:1037D0006FF00A0005904AE0012001F0C7FDFFE705
:1037E00040F2D400C2F20000D0F818C06A460121AD
:1037F000116003A902220DF10B03E0470490049825
:10380000B0F1FF3F03DCFFE7049805902FE00120B3
:1038100001F0ACFD9DF80A0001308DF80A00C0B23D
:10382000642804DBFFE76FF0020005901FE0FFE76C
:103830009DF80B00C0070028D2D1FFE700F01AF86E
:1038400004900498B0F1FF3F03DCFFE70498059073
:103850000DE000F041F804900498B0F1FF3F03DC64
:10386000FFE70498059002E000200590FFE7059827
:1038700006B080BD80B584B09F20ADF80A0000205E
:10388000ADF8080040F2D400C2F20000D0F818C031
:10389000694602220A600DF10A0102ABE04701907D
:1038A0000198B0F1FF3F03DCFFE70198039010E0BF
:1038B0009DF808005E2805D1FFE79DF80900C128A2
:1038C00004D0FFE74FF0FF30039002E000200390A8
:1038D000FFE7039804B080BD80B584B04AF21F00B2
:1038E000ADF80A0000208DF8090040F2D400C2F2C1
:1038F0000000D0F814C06A46012111600DF10A01E0
:1039000002220DF10903E0470190019818B1FFE789
:103910000198039025E00F208DF80A00FF208DF814
:10392000090040F2D400C2F20000D0F818C06A4684
:10393000012111600DF10A0102220DF10903E04796
:103940000190019818B1FFE70198039009E09DF8F4
:10395000090000F03800002818BF4FF0FF30039036
:10396000FFE7039804B080BD80B586B00590049150
:10397000039200200290FFE7029802284CDCFFE748
:103980000598029A00EB820090ED000A40F2D420E4
:10399000C2F2000000EB820040F20801C2F2000116
:1039A000009101EB82010EF091FC0498029A00EB69
:1039B000820090ED000A40F2E020C2F2000000EB2D
:1039C000820040F21401C2F20001019101EB820178
:1039D0000EF07CFC009A0198059B029903EB810391
:1039E00093ED000A02EB8102D2ED000A049A02EB89
:1039F000810292ED001A00EB8100D0ED001A0CF06C
:103A000065FC0398029900EB810080ED000AFFE756
:103A1000029801300290AFE706B080BD80B510205B
:103A200002F0B0FC80BD000072B6FFE7FEE70000C8
:103A300080B540F27070C2F2000002F069F880BDFB
:103A400080B540F27070C2F2000002F061F880BDF3
:103A500083B002904AF60040C4F200000090029841
:103A600000684AF60001C4F20001884205D1FFE770
:103A7000009800F554700090FFE7009802990864E0
:103A800002980068D0F8800020F4F810029A1168BB
:103A9000526B40EA0240C1F88000009870300299F1
:103AA000486402980068D0F8800020F07060029AA4
:103AB0001168926B40EA0260C1F880000098B03053
:103AC00002998864009800F5C4700299C86400984F
:103AD00000F5187002990865009800F51E700299AB
:103AE000486500980190FFE70198009901F554712D
:103AF000884208D2FFE7019900200860FFE701989B
:103B000004300190F0E703B07047000088B00790E0
:103B10000691059204930698406848B9FFE7069815
:103B2000016882680069104340EA8140039009E01F
:103B300006980168826800691043084340F080409D
:103B40000390FFE70698D0F820C0C16842698369F6
:103B5000C06940EA0C601843104340EA01400290FB
:103B60000798406D049901EBC10100EBC100019081
:103B70000398019908600198043001900298019916
:103B8000086001980430019000200090FFE7009841
:103B90000699CA6844F60C51C0F60101895C884256
:103BA0000DD2FFE7059800994058019908600198E7
:103BB00004300190FFE7009804300090E7E708B078
:103BC0007047000080B58CB08DED081ACDED070A66
:103BD0008DED060ACDED052A8DED042ACDED031AF3
:103BE0009DED060ADDED070A9DED081ADDED031ACD
:103BF0009DED042ADDED052AFFF760F8B5EE400AD9
:103C0000F1EE10FA23DAFFE79DED060ADDED070A73
:103C10009DED081ADDED031A9DED042ADDED052A60
:103C2000FFF706F88DED021ACDED010A8DED000AC1
:103C30009DED000ADDED010A9DED021AFFF718F96E
:103C40008DED0B1ACDED0A0A8DED090A14E09DEDFC
:103C5000060ADDED070A9DED081ADDED031A9DED5C
:103C6000042ADDED052AFEF7E3FF8DED0B1ACDEDFD
:103C70000A0A8DED090AFFE79DED090ADDED0A0A42
:103C80009DED0B1A0CB080BD80B540F2D460C2F23D
:103C9000000001F021F880BD40F29050C2F2000017
:103CA0000068704780B5C0B020901F9100208DF84B
:103CB0007B001B901F98C0680021C4F27F018842DE
:103CC00001D0FFE700E0FFE7FFE7209890F85400FD
:103CD000012804D1FFE702208DF88700FDE3209939
:103CE000012081F85400FFE7FFE7209800680BF0FF
:103CF000DFFD002840F0DD83FFE71F980068012802
:103D000010D0FFE71F9800680221C0F230418842BE
:103D10000DD1FFE71F98C0680021C4F27F018842DF
:103D200005D1FFE7209800680BF062FDFFE72098BF
:103D300000681F990A6849680BF0C2FD2098006866
:103D40000BF0B6FD1A90209800680BF091FD1990C9
:103D50001A98002840F0B881FFE71998002840F031
:103D6000B381FFE71F988068B0F1004F0ED1FFE7E5
:103D7000209800681F99096800220BF0BFFD209869
:103D800000684FF000410BF065FE0CE020980068E1
:103D90001F9A116892680BF0B1FD2098006800210D
:103DA0000BF058FEFFE71F98406920990968C96821
:103DB00001F01801890888401D901F9800690428A7
:103DC0001CD0FFE7209800681F990A6809691D9BAD
:103DD0000BF0E6FD209800681F9A116992690BF0BC
:103DE00011FE209800681F9A1169127F013AB2FAF9
:103DF00082F2520952060BF0F1FD64E1209800684E
:103E000000210BF025FD000348B9FFE7209800686A
:103E100000210BF01DFDC0F38460189018E020987D
:103E2000006800210BF014FD90FAA0F03E903E983F
:103E300020B9FFE720208DF8FF0005E03E98B0FA9A
:103E400080F08DF8FF00FFE79DF8FF001890FFE776
:103E5000189817901F980068000330B9FFE71F9863
:103E60000068C0F38460169015E01F98006890FA0F
:103E7000A0F03C903C9820B9FFE720208DF8F70097
:103E800005E03C98B0FA80F08DF8F700FFE79DF868
:103E9000F7001690FFE717981699884207D1FFE7B9
:103EA00020980068002211460BF0C0FDFFE7209823
:103EB000006801210BF0CCFC000348B9FFE7209813
:103EC000006801210BF0C4FCC0F38460159018E079
:103ED0002098006801210BF0BBFC90FAA0F03A900A
:103EE0003A9820B9FFE720208DF8EF0005E03A98D6
:103EF000B0FA80F08DF8EF00FFE79DF8EF00159025
:103F0000FFE7159814901F980068000330B9FFE789
:103F10001F980068C0F38460139015E01F98006834
:103F200090FAA0F03890389820B9FFE720208DF85B
:103F3000E70005E03898B0FA80F08DF8E700FFE779
:103F40009DF8E7001390FFE714981399884207D172
:103F5000FFE720980068012100220BF067FDFFE7D2
:103F60002098006802210BF073FC000348B9FFE7BA
:103F70002098006802210BF06BFCC0F38460129063
:103F800018E02098006802210BF062FC90FAA0F083
:103F90003690369820B9FFE720208DF8DF0005E045
:103FA0003698B0FA80F08DF8DF00FFE79DF8DF006B
:103FB0001290FFE7129811901F980068000330B923
:103FC000FFE71F980068C0F38460109015E01F9809
:103FD000006890FAA0F03490349820B9FFE72020D0
:103FE0008DF8D70005E03498B0FA80F08DF8D7004E
:103FF000FFE79DF8D7001090FFE7119810998842CD
:1040000007D1FFE720980068022100220BF00EFD87
:10401000FFE72098006803210BF01AFC000348B961
:10402000FFE72098006803210BF012FCC0F38460C6
:104030000F9018E02098006803210BF009FC90FA1B
:10404000A0F03290329820B9FFE720208DF8CF0001
:1040500005E03298B0FA80F08DF8CF00FFE79DF8C8
:10406000CF000F90FFE70F980E901F980068000395
:1040700030B9FFE71F980068C0F384600D9015E029
:104080001F98006890FAA0F03090309820B9FFE7B0
:1040900020208DF8C70005E03098B0FA80F08DF848
:1040A000C700FFE79DF8C7000D90FFE70E980D9938
:1040B000884207D1FFE720980068032100220BF017
:1040C000B5FCFFE7FFE7FFE7209800680BF0E0FB97
:1040D000002840F04481FFE7209800681F9A11688B
:1040E000D2680BF027FC1F98C0680021C4F27F0142
:1040F000884240F03381FFE7209800680C901F98B9
:104100000068000330B9FFE71F980068C0F38460BF
:104110000B9015E01F98006890FAA0F02E902E9852
:1041200020B9FFE720208DF8BF0005E02E98B0FAF7
:1041300080F08DF8BF00FFE79DF8BF000B90FFE710
:104140000B98013000F01F0009287DD8FFE71F9869
:104150000068000330B9FFE71F980068C0F384606F
:104160000A9015E01F98006890FAA0F02C902C9807
:1041700020B9FFE720208DF8B70005E02C98B0FAB1
:1041800080F08DF8B700FFE79DF8B7000A90FFE7D1
:104190000A98013000F01F00800609901F980068FF
:1041A000000330B9FFE71F980068C0F384600890EF
:1041B00015E01F98006890FAA0F02A902A9820B97C
:1041C000FFE720208DF8AF0005E02A98B0FA80F0D4
:1041D0008DF8AF00FFE79DF8AF000890FFE7099862
:1041E0000899013101F01F02012191400843079015
:1041F0001F980068000330B9FFE71F980068C0F3FC
:104200008460069015E01F98006890FAA0F028904E
:10421000289820B9FFE720208DF8A70005E028980E
:10422000B0FA80F08DF8A700FFE79DF8A700069090
:10423000FFE707980699013101F01F0101EB4101E9
:1042400040EA0150059082E01F980068000330B9F1
:10425000FFE71F980068C0F38460049015E01F9882
:10426000006890FAA0F02690269820B9FFE7202059
:104270008DF89F0005E02698B0FA80F08DF89F0039
:10428000FFE79DF89F000490FFE70498013000F0DD
:104290001F00800603901F980068000330B9FFE7F5
:1042A0001F980068C0F38460029015E01F980068B2
:1042B00090FAA0F02490249820B9FFE720208DF8F0
:1042C000970005E02498B0FA80F08DF89700FFE79A
:1042D0009DF897000290FFE703980299013101F0E1
:1042E0001F0201219140084301901F9800680003BC
:1042F00030B9FFE71F980068C0F38460009015E0B4
:104300001F98006890FAA0F02290229820B9FFE749
:1043100020208DF88F0005E02298B0FA80F08DF80B
:104320008F00FFE79DF88F000090FFE7019900984C
:10433000013000F01F0000EB40020020CFF62060AB
:1043400000EB0250084340F000700590FFE70C9826
:1043500005991F9A92680BF0D1FAFFE7FFE71F98C3
:10436000408848F20801084200F0A280FFE748F2C6
:104370000030C4F202200BF063FA1C901F98006812
:104380000021CCF22131884233D1FFE79DF8720041
:10439000000600282DD4FFE72098006848F20001AD
:1043A000C4F20221884223D1FFE71C9840F40001A7
:1043B00048F20030C4F202200BF0E4FA40F2200090
:1043C000C2F200000068800942F66351C0F23E511B
:1043D000A0FB01108109022000EB41001B90FFE7C8
:1043E0001B9820B1FFE71B9801381B90F8E7FFE707
:1043F0005DE01F9800680021C4F22931884219D17C
:10440000FFE79DF87300C007A0B9FFE72098006898
:1044100048F20011C4F2022188420AD1FFE71C9839
:1044200040F0807148F20030C4F202200BF0AAFA8A
:10443000FFE73BE01F9800680021CCF252718842F0
:104440001AD1FFE79DF872004006002814D4FFE758
:104450002098006848F20001C4F2022188420AD183
:10446000FFE71C9840F4800148F20030C4F20220BB
:104470000BF088FAFFE718E01F9800680021C4F2EB
:104480005A7188420FD1FFE72098006848F2000176
:10449000C4F20221884205D0FFE7209800680BF0A3
:1044A000B3F9FFE700E0FFE7FFE7FFE7FFE7FFE71C
:1044B00008E02099886D40F02000886501208DF883
:1044C0007B00FFE7FFE72099002081F85400FFE719
:1044D0009DF87B008DF88700FFE79DF8870040B0CE
:1044E00080BD000080B588B0069000208DF81700D0
:1044F0000190069820B9FFE701208DF81F004FE1D9
:104500000698006940B1FFE7069890F8200001285E
:1045100001D1FFE7FFE7FFE70698806D50B9FFE79D
:10452000069800F041F906990020C865069981F8BF
:104530005400FFE7069800680BF0A2F928B1FFE7E6
:10454000069800680BF048F9FFE7069800680BF042
:10455000A7F9F0B9FFE7069800680BF061F940F29F
:104560002000C2F200000068800942F66351C0F2E8
:104570003E51A0FB01108109022000EB4100019097
:10458000FFE7019820B1FFE7019801380190F8E7B3
:10459000FFE7069800680BF083F970B9FFE706990A
:1045A000886D40F0100088650699C86D40F00100E4
:1045B000C86501208DF81700FFE7069800680BF02A
:1045C00077F903900698806DC006002800F1DA8024
:1045D000FFE70398002840F0D580FFE70698806D3C
:1045E00040F0020020F48070069988650698006803
:1045F0000BF04EF9E0B9FFE748F20000C4F20220E8
:104600000BF046F9009048F20010C4F202200BF0C3
:104610003FF901460098084348B9FFE7069841680A
:1046200048F20030C4F202200BF09EF9FFE7FFE7EA
:1046300006994A7E886B40EA42308A68CB68184304
:10464000104391F8201040EA01400490069890F839
:10465000200001280BD1FFE70698416A0020CFF621
:10466000FE7000EB4141049808430490FFE7069870
:10467000806A50B1FFE70699886AC96A00F47870C9
:104680000143049808430490FFE706980068C06857
:1046900044F20701CFF6F0710840049908430699E7
:1046A0000968C86006980068006920F04060069AB2
:1046B0001168126B10430861069800680BF0D8F877
:1046C00002900398E8BBFFE70298D0BBFFE706998A
:1046D000087E91F83410800340EA41000490069867
:1046E0000068C06844F202018843049908430699AF
:1046F0000968C860069890F83C00012819D1FFE7C6
:1047000006980068006940F2FD7120EA0102069BEC
:104710001968186CD3F844E0D3F848C040EA0E009A
:1047200040EA0C00DB6C1843104340F001000861C4
:1047300006E006980168086920F001000861FFE7BB
:10474000FFE70698006901280CD1FFE7069800688A
:10475000006B20F00F00069A1168D269013A1043ED
:10476000086306E006980168086B20F00F000863F4
:10477000FFE70698806D40F0010020F002000699E6
:10478000886508E00699886D40F010008865012072
:104790008DF81700FFE79DF817008DF81F00FFE761
:1047A0009DF81F0008B080BD80B5CCB04B900020B4
:1047B0004A90499048904790469004A84FF48471DD
:1047C000FBF7ACFD4B98006848F20001C4F20221EF
:1047D000884245D1FFE7002005904FF40011049175
:1047E000399004A805F072FA18B1FFE7FFF71CF939
:1047F000FFE740F2F820C2F20000016801310160D9
:104800000068012810D1FFE7FFE740F68C40C4F2B2
:104810000240016841F480610160006800F480603A
:1048200003900398FFE7FFE7FFE740F68C40C4F2F0
:104830000240016841F001010160006800F00100E0
:1048400002900298FFE70220469003204790002044
:1048500048900020C4F2022046A901F0CBFD4EE0B2
:104860004B98006848F20011C4F20221884245D1F9
:10487000FFE7002005904FF400110491399004A83F
:1048800005F024FA18B1FFE7FFF7CEF8FFE740F292
:10489000F820C2F2000001680131016000680128BF
:1048A00010D1FFE7FFE740F68C40C4F202400168F8
:1048B00041F480610160006800F48060019001981B
:1048C000FFE7FFE7FFE740F68C40C4F202400168D3
:1048D00041F001010160006800F0010000900098C3
:1048E000FFE70820469003204790002048900020D2
:1048F000C4F2022046A901F07DFDFFE7FFE74CB0BE
:1049000080BD000087B006900591049200208DF8CC
:104910000F001F2002909DF81400C00720B9FFE788
:1049200001208DF80F004BE0FFE70299481E02902E
:104930000020019051B1FFE70598029901F01F0195
:1049400020FA01F1012088430190FFE70198C00798
:1049500008B1FFE7E9E70498009018282BD80099E0
:10496000DFE801F028292929292929291F292929AE
:104970002929292916292929292929290D000298B7
:10498000072804D3FFE701208DF80F00FFE716E0AA
:104990000298082804D3FFE701208DF80F00FFE7F5
:1049A0000DE00298102804D3FFE701208DF80F00D6
:1049B000FFE704E003E001208DF80F00FFE7FFE7C9
:1049C0009DF80F0078B9FFE70598069909684861D6
:1049D00006980068806820F018000499084306993A
:1049E00009688860FFE79DF80F0007B07047000076
:1049F00080B582B00090009820B9FFE701208DF8C3
:104A0000070057E00098407F38B9FFE70099002081
:104A10000877009800F052F8FFE7009902204877E5
:104A20000098007980B9FFE70098016841F6B75017
:104A3000C0F2C140486100980068806820F018000A
:104A40000099096888600BE000988168C268FFF7E8
:104A500059FF20B1FFE701208DF807002AE0FFE7AA
:104A60000098407930B9FFE7009801684FF0FF30B7
:104A7000086104E00098016800690861FFE7009898
:104A80000068806820F06000009A11685269104345
:104A9000886000980068806820F08000009A1168A3
:104AA00092691043886000990120487700208DF8B2
:104AB0000700FFE79DF8070002B080BD82B00190BB
:104AC0000198006843F20001C4F20201884210D14B
:104AD000FFE7FFE740F68840C4F20240016841F476
:104AE00080510160006800F4805000900098FFE75A
:104AF000FFE702B07047000080B584B0029001F07B
:104B00001DFE0190029820B9FFE701208DF80F00EB
:104B100079E0029890F8540002280DD0FFE702993E
:104B200020208865FFE70299002081F84C00FFE70C
:104B300001208DF80F0066E002980168486940F096
:104B4000040048610299052081F85400FFE70298AB
:104B5000006800698004002827D4FFE701F0EEFD1B
:104B60000199401A06281FD3FFE70299886D40F08B
:104B7000100088650299032081F85400029890F88B
:104B800050000006002805D5FFE70298416F01207C
:104B90000873FFE7FFE70299002081F84C00FFE768
:104BA00001208DF80F002EE0D1E7029801684869D6
:104BB00040F0020048610299042081F854000298F4
:104BC00001684FF4FE40C8600299012081F854004A
:104BD000029890F850000006002809D5FFE70298D7
:104BE000416F012008730298016800208864FFE784
:104BF000FFE70299002081F84C00FFE7FFE7002063
:104C00008DF80F00FFE79DF80F0004B080BD000095
:104C100082B00090009820B9FFE701208DF80700CE
:104C20001CE0009890F85400022807D0FFE7009994
:104C30002020886501208DF807000FE000990420EE
:104C400081F8540000980168486942F20402104358
:104C50004861FFE700208DF80700FFE79DF8070097
:104C600002B0704785B003900291039820B9FFE726
:104C700001208DF813002AE00398006840F6FF71C8
:104C800088430190039800685038C0F3C411012094
:104C9000884000909DF80800C006002813D5FFE763
:104CA000029800F01100112806D1FFE7009A01993F
:104CB00048681043486005E0009A019948689043AD
:104CC0004860FFE7FFE700208DF81300FFE79DF83D
:104CD000130005B07047000080B584B003900398BE
:104CE000006840F6FF7188430290039800685038CE
:104CF000C0F3C4110120884001900298C068019956
:104D000008400090009808B9FFE74DE1039800685B
:104D100000694005002813D5FFE703980068406943
:104D2000400500280BD5FFE7039801684FF4806029
:104D3000C8600399886D40F001008865FFE7FFE7D0
:104D40000398006800690005002813D5FFE7039861
:104D500000684069000500280BD5FFE7039801684B
:104D60004FF40060C8600399886D40F002008865C8
:104D7000FFE7FFE7039800680069C004002813D527
:104D8000FFE7039800684069C00400280BD5FFE7DF
:104D9000039801684FF48050C8600399886D40F013
:104DA00004008865FFE7FFE7039800680069400496
:104DB000002813D5FFE703980068406940040028E5
:104DC0000BD5FFE7039801684FF48040C860039952
:104DD000886D40F008008865FFE7FFE703980068EA
:104DE00000698005002816D5FFE703980068406930
:104DF000800500280ED5FFE7039801684FF4007086
:104E0000C8600398406E20B1FFE70398416E884761
:104E1000FFE7FFE7FFE703980068006980040028C8
:104E200050D5FFE70398006840698004002848D502
:104E3000FFE7039801684FF40050C860039890F8AA
:104E4000540004282FD1FFE703980168486920F433
:104E50000050486103980168486940F002004861C9
:104E60000399012081F85400039890F8500000063F
:104E7000002809D5FFE70398416F012008730398C4
:104E8000016800208864FFE7FFE70399002081F8AC
:104E90004C00FFE70398C06E20B1FFE70398C16E96
:104EA0008847FFE780E00399052081F854000398C4
:104EB000006F20B1FFE70398016F8847FFE7FFE726
:104EC000FFE7FFE7039800680069C005002842D5A6
:104ED000FFE7039800684069C00500283AD5FFE75E
:104EE000039890F850000006002814D5FFE70398B7
:104EF0000068C06F70B9FFE703980068806C40B924
:104F0000FFE70399012081F854000399496F087362
:104F1000FFE7FFE70AE003980068806C28B9FFE725
:104F20000399012081F85400FFE7FFE70398016827
:104F30004FF44070C860FFE70399002081F84C00EF
:104F4000FFE70398006E20B1FFE70398016E8847E2
:104F5000FFE7FFE7FFE70398806D28B3FFE70398BB
:104F60000168486940F0020048610399012081F816
:104F70005400039890F850000006002805D5FFE77C
:104F80000398416F01200873FFE7FFE703990020B2
:104F900081F84C00FFE70398806E20B1FFE703988B
:104FA000816E8847FFE7FFE704B080BD80B584B01D
:104FB000029001F0C3FB0190029820B9FFE70120A5
:104FC0008DF80F00CEE10298C068B0F5007F01D0E7
:104FD000FFE7FFE70298406BB0F5805F01D1FFE784
:104FE000FFE70298016801205022C4F202029142B8
:104FF000009000F06781FFE70298016801205022CD
:10500000C5F202029142009000F05C81FFE7029835
:1050100001680120D022C4F202029142009000F007
:105020005181FFE7029801680120D022C5F20202F7
:105030009142009000F04681FFE70298016801204C
:1050400040F25012C4F202029142009000F03A8104
:10505000FFE702980168012040F25012C5F20202F7
:105060009142009000F02E81FFE702980168012034
:1050700040F2D012C4F202029142009000F022816C
:10508000FFE702980168012040F2D012C5F2020247
:105090009142009000F01681FFE70298016801201C
:1050A00040F25022C4F202029142009000F00A81C4
:1050B000FFE702980168012040F25022C5F2020287
:1050C0009142009000F0FE80FFE702980168012005
:1050D00040F2D022C4F202029142009000F0F2802D
:1050E000FFE702980168012040F2D022C5F20202D7
:1050F0009142009000F0E680FFE7029801680120ED
:1051000040F25032C4F202029142009000F0DA8084
:10511000FFE702980168012040F25032C5F2020216
:105120009142009000F0CE80FFE7029801680120D4
:1051300040F2D032C4F202029142009000F0C280EC
:10514000FFE702980168012040F2D032C5F2020266
:105150009142009000F0B680FFE7029801680120BC
:1051600041F25002C4F202029142009000F0AA8083
:10517000FFE702980168012041F25002C5F20202E5
:105180009142009000F09E80FFE7029801680120A4
:1051900041F2D002C4F202029142009000F09280EB
:1051A000FFE702980168012041F2D002C5F2020235
:1051B0009142009000F08680FFE70298016801208C
:1051C00041F25012C4F20202914200907AD0FFE7FD
:1051D00002980168012041F25012C5F20202914288
:1051E00000906FD0FFE702980168012041F2D012D1
:1051F000C4F202029142009064D0FFE70298016875
:10520000012041F2D012C5F202029142009059D021
:10521000FFE702980168012041F25022C4F2020225
:10522000914200904ED0FFE702980168012041F2C0
:105230005022C5F202029142009043D0FFE702984B
:105240000168012041F2D022C4F202029142009092
:1052500038D0FFE702980168012041F2D022C5F260
:105260000202914200902DD0FFE7029801680120D0
:1052700041F25032C4F202029142009022D0FFE784
:1052800002980168012041F25032C5F202029142B7
:10529000009017D0FFE702980168012041F2D03258
:1052A000C4F20202914200900CD0FFE7029800681D
:1052B0004EF63041CAF6FD710844B0FA80F040095C
:1052C0000090FFE70098C00708B1FFE7FFE7FFE79E
:1052D0000299002081F84C00FFE7029890F85400F2
:1052E00060B9FFE7029900200866029948660299B2
:1052F00088660299C86602990867FFE7029902204A
:1053000081F8540002980168486940F0060048613D
:10531000FFE7029800684069C00798B1FFE701F015
:105320000DFA0199401A06280BD3FFE702991020C5
:1053300088650299032081F8540001208DF80F0040
:1053400010E0E6E70298FBF75BFE0299486B086500
:10535000029900208865029A012182F854108DF884
:105360000F00FFE79DF80F0004B080BD80B584B04A
:10537000039001F0E3F90290039801900198013045
:1053800048B1FFE740F29420C2F200000178019892
:1053900008440190FFE7FFE701F0D0F90299401AB5
:1053A0000199884201D2FFE7F6E704B080BD000012
:1053B00086B0049003910292049890F85C008DF8F6
:1053C0000700BDF80C0010F4C07F01D0FFE7FFE735
:1053D0009DF80700012806D0FFE79DF80700022886
:1053E00040F0DE80FFE704980068806D00909DF833
:1053F0000C00400730B1FFE79DF80000C00700280F
:1054000047D0FFE79DF80C0010F0380F06D0FFE7FB
:105410009DF80000800700283BD5FFE7BDF80C0091
:1054200010F4E07F06D0FFE79DF800004007002859
:105430002FD5FFE79DF80D0010F01E0F06D0FFE7F7
:105440009DF800000007002823D5FFE79DF80D0018
:1054500010F0E00F06D0FFE79DF80000C00600281E
:1054600017D5FFE79DF80E00800730B1FFE79DF8E4
:105470000000800600280CD5FFE79DF80E0010F014
:10548000FC0F0DD0FFE79DF800004006002807D470
:10549000FFE704980168C86D40F00100C865FFE7A8
:1054A0009DF80C00400730B1FFE79DF80000C007F1
:1054B000002847D1FFE79DF80C0010F0380F06D008
:1054C000FFE79DF80000800700283BD4FFE7BDF808
:1054D0000C0010F4E07F06D0FFE79DF800004007C5
:1054E00000282FD4FFE79DF80D0010F01E0F06D006
:1054F000FFE79DF800000007002823D4FFE79DF890
:105500000D0010F0E00F06D0FFE79DF80000C00688
:10551000002817D4FFE79DF80E00800730B1FFE7A1
:105520009DF80000800600280CD4FFE79DF80E00CF
:1055300010F0FC0F0DD0FFE79DF80000400600289A
:1055400007D5FFE704980168C86D40F00200C86500
:10555000FFE79DF80C000006002809D5FFE7029A36
:1055600004980168D1F8DC001043C1F8DC00FFE7C3
:105570009DF80D00C00748B1FFE7029A0498016842
:10558000D1F8E0001043C1F8E000FFE7039A049867
:105590000168486D1043486500208DF8170008E049
:1055A0000499086E40F00200086601208DF817008B
:1055B000FFE79DF8170006B07047000080B586B081
:1055C0000490039102920398406808B9FFE700E055
:1055D000FFE7049890F85C0002282FD1FFE70498B9
:1055E0000068D0F8C4008002002809D5FFE70499BC
:1055F000086E40F40070086601208DF8170026E060
:1056000004980068D0F8C400C0F3014001900498E9
:105610000399029A019BFEF779FA0199012000FA99
:1056200001F1049A1268C2F8CC10019988400499DB
:105630008865FFE700208DF8170008E00499086EE0
:1056400040F00800086601208DF81700FFE79DF87C
:10565000170006B080BD000087B005900491059842
:1056600090F85C008DF803009DF80300012805D038
:10567000FFE79DF8030002283CD1FFE7049800688B
:10568000B8B9FFE704998868CB680A694969800757
:1056900040EAC36040EA0240084303900598006C6A
:1056A0000499496800EB8100019003980199086012
:1056B0001CE00498C168006940EA417003900498B6
:1056C0008168406940EA817002900598406C0499B5
:1056D000496800EBC10001900398019908600198A6
:1056E00004300190029801990860FFE700208DF8CE
:1056F0001B0008E00599086E40F0020008660120D2
:105700008DF81B00FFE79DF81B0007B070470000F5
:1057100085B0DDF814C003900291019200930398C4
:1057200090F85C00012819D1FFE703980068D0F8D1
:10573000800020F03F0002990901019A41EA8201AC
:10574000009A41EA4201059A114308430399096806
:10575000C1F8800000208DF8130008E00399086E5E
:1057600040F00400086601208DF81300FFE79DF863
:10577000130005B07047000085B0039002910192BC
:10578000039890F85C008DF803009DF80300012851
:1057900005D0FFE79DF80300022816D1FFE7019826
:1057A000012807D1FFE7029A03980168886D9043AA
:1057B000886506E0029A03980168886D1043886541
:1057C000FFE700208DF8130008E00399086E40F011
:1057D0000200086601208DF81300FFE79DF8130012
:1057E00005B0704781B0009001B0704782B0019061
:1057F0000091019840F27071C2F2000188420DD10F
:10580000FFE79DF802000007002807D5FFE740F6F4
:10581000C841C2F2000101200870FFE702B07047E2
:1058200083B00290019102980068406C009000984B
:1058300000F00700019908600098C0F30220019968
:105840004860009800F01800019988600098C0F343
:1058500040100199C8600098C0F380100199086158
:105860009DF80000C009019948610098C0F3C0206C
:10587000019988610098C0F300300199C8610098CF
:10588000C0F34030019908620098C0F3803001995C
:1058900048620098C0F3064001998862002003B076
:1058A0007047000083B0029001910198402808D110
:1058B000FFE702980068D0F8900000F00F00009019
:1058C00007E002980068D0F8980000F00F00009000
:1058D000FFE7009803B070478AB0089007910692DE
:1058E000059300200190089890F85C008DF8030063
:1058F0009DF80300022840F0FA80FFE7079840284F
:105900003ED1FFE708980068D0F89000000748B93A
:10591000FFE70899086E40F48070086601208DF852
:105920002700EDE008980068D0F8900000F0807142
:105930000120B0EB116F0FD1FFE708980068D0F895
:10594000800000F400710120B0EB512F03D1FFE77C
:1059500001200190FFE7FFE708980068D0F8900069
:1059600000F44071019800EB112001900898806CC0
:10597000019901EBC10100EBC1000490FFE73DE09C
:1059800008980068D0F89800000748B9FFE7089920
:10599000086E40F48070086601208DF82700AFE0A3
:1059A00008980068D0F8980000F080710120B0EBF2
:1059B000116F0FD1FFE708980068D0F8800000F45D
:1059C00080710120B0EB112F03D1FFE7012001907E
:1059D000FFE7FFE708980068D0F8980000F44071EE
:1059E000019800EB112001900898C06C019901EB1F
:1059F000C10100EBC1000490FFE7FFE704980068D5
:105A000000F08040069948600698406838B9FFE782
:105A100004980068C0F38A400699086006E004987C
:105A2000006820F0604006990860FFE7049800686D
:105A300000F00050069988600498006800F000406B
:105A40000699086104980430049004980088069927
:105A5000C86104980068C0F303400699C8600498C0
:105A6000006800F48010069948610498006800F40A
:105A700000100699886104980068C0F306600699D2
:105A8000086204980068C00F0699486204980430C0
:105A900004900498039000200290FFE70298069972
:105AA000CA6844F60C51C0F60101895C88420AD2EA
:105AB000FFE70398029A805C05998854FFE70298F3
:105AC00001300290EAE70798402806D1FFE70198E5
:105AD00008990968C1F8940005E0019808990968D7
:105AE000C1F89C00FFE700208DF8270008E0089926
:105AF000086E40F00800086601208DF82700FFE7D7
:105B00009DF827000AB0704781B0009001B070473F
:105B100080B58AB0099009980068006D00F4E050E3
:105B2000089009980068416D089808400890099805
:105B30000068006D00F00700079009980068416D4B
:105B400007980840079009980068006D00F0380039
:105B5000069009980068416D0698084006900998DB
:105B60000068006D00F47100059009980068416DAF
:105B700005980840059009980068006D00F46020C1
:105B8000049009980068416D0498084004900998B1
:105B90000068406D019009980068006D00909DF8C4
:105BA000000000F040010020B0EB911F12D0FFE791
:105BB0009DF8040000F040010020B0EB911F08D0D8
:105BC000FFE709980168402008650998FFF79CFFE6
:105BD000FFE7FFE79DF80100C007E0B1FFE79DF890
:105BE0000500C007B0B1FFE709980068D0F8D800F9
:105BF000029009980068D0F8E010029808400290DE
:105C0000099801684FF4807008650998029900F0BE
:105C10009DFBFFE7FFE7089848B1FFE7089809995F
:105C2000096808650998089900F09CFBFFE7079848
:105C300048B1FFE707980999096808650998079925
:105C400000F0D0FAFFE7069848B1FFE706980999F7
:105C5000096808650998069900F0D6FAFFE79DF8EB
:105C6000010000F002010020B0EB510F13D0FFE75C
:105C70009DF8050000F002010020B0EB510F09D0A3
:105C8000FFE7099801684FF400700865099800F073
:105C90006FFBFFE7FFE79DF800100020B0EBD11F7E
:105CA0001DD0FFE79DF804100020B0EBD11F15D0E8
:105CB000FFE709980068D0F8D400039009980068BD
:105CC000D0F8DC1003980840039009980168802000
:105CD00008650998039900F03FFBFFE7FFE79DF88F
:105CE000010000F020010020B0EB511F13D0FFE7AE
:105CF0009DF8050000F020010020B0EB511F09D0F5
:105D0000FFE7099801684FF400500865099800F012
:105D100019FBFFE7FFE79DF801100020B0EBD11F52
:105D200011D0FFE79DF805100020B0EBD11F09D07E
:105D3000FFE7099801684FF400400865099800F0F2
:105D4000FDFAFFE7FFE79DF8010000F040010020A9
:105D5000B0EB911F15D0FFE79DF8050000F0400162
:105D60000020B0EB911F0BD0FFE7099801684FF4BA
:105D7000804008650999086E40F080000866FFE7DA
:105D8000FFE7049848B1FFE7049809990968086596
:105D900009980499FFF72AFDFFE7059850B1FFE73E
:105DA0000598099909680865059A0999086E1043CC
:105DB0000866FFE70998006E20B1FFE70998FFF732
:105DC00011FDFFE70AB080BD80B584B00290029853
:105DD00020B9FFE701208DF80F0057E10298006815
:105DE0004AF20041C4F20001884201D1FFE7FFE717
:105DF00002988068B0F5407F01D1FFE7FFE7029885
:105E000090F85C0040B9FFE70299002081F85D003E
:105E1000029800F03FF9FFE702980168886920F0D6
:105E20001000886100F08AFC0190FFE7029800688A
:105E300080690007002815D5FFE700F07FFC019975
:105E4000401A0B280DD3FFE70299086E40F00100BD
:105E500008660299032081F85C0001208DF80F008C
:105E600014E1E3E702980168886940F00100886165
:105E700000F064FC0190FFE7029800688069C007A9
:105E8000A8B9FFE700F05AFC0199401A0B280DD37E
:105E9000FFE70299086E40F00100086602990320AE
:105EA00081F85C0001208DF80F00EFE0E4E7029834
:105EB0000168886940F002008861029800684AF22F
:105EC0000041C4F20001884208D1FFE7029840680F
:105ED0004AF20051C4F200010860FFE70298007C1A
:105EE000012807D1FFE702980168886920F0400087
:105EF000886106E002980168886940F04000886186
:105F0000FFE70298407C012807D1FFE7029801686B
:105F1000886940F48040886106E0029801688869D9
:105F200020F480408861FFE70298807C012807D137
:105F3000FFE702980168886920F48050886106E0D4
:105F400002980168886940F480508861FFE70298F0
:105F50000068806920F44070029A116892681043CA
:105F6000886102980168886920F0A400886102981D
:105F70000168086920F0100008610298C0680128D3
:105F800007D1FFE702980168886940F00400886142
:105F90002BE00298C06830B3FFE70298C06802287F
:105FA00019D0FFE702980168886940F08000886195
:105FB00002980168086940F0100008610298C06802
:105FC000032807D1FFE702980168886940F02000A4
:105FD0008861FFE706E002980168886940F02000C8
:105FE0008861FFE700E0FFE7FFE7029A1168536965
:105FF0009069D2F81CE0A0F1010C6FF0FF0000EBFB
:106000000E2040EA4C60126A013A10430022CFF69B
:10601000FF7202EB03421043C86102988068B0F53A
:10602000407F1CD1FFE7029A1168536A906AD2F848
:106030002CE001386FF0FF0C0CEB0E2C40EA0C004A
:10604000D2F830C06FF00F0202EB0C1210430022A6
:10605000CFF6FF7202EB03421043C860FFE70298DD
:106060000168C26BD1F8C0001043C1F8C0000298AB
:10607000FDF7EEFC02990020886502990866029AF5
:10608000012182F85C108DF80F00FFE79DF80F00EA
:1060900004B080BD80B58EB00D9000200C900B90A8
:1060A0000A90099008900D9800684AF20041C4F2E5
:1060B000000188424ED1FFE740F2FC20C2F200000E
:1060C0000168013101600068012810D1FFE7FFE796
:1060D00040F6A040C4F20240016841F40071016042
:1060E000006800F4007007900798FFE7FFE7FFE7FC
:1060F00040F68C40C4F20240016841F001010160A9
:10610000006800F0010006900698FFE74FF4C050C9
:10611000089002200990002102910A910B90092019
:106120000C900020C4F2022008A900F063F9029A42
:1061300027200190114600F009FC019800F0FCFBBB
:10614000029A28200390114600F000FC039800F00A
:10615000F3FB44E00D9800684AF60001C4F2000128
:1061600088423BD1FFE740F2FC20C2F20000016808
:10617000013101600068012810D1FFE7FFE740F618
:10618000A040C4F20240016841F40071016000685F
:1061900000F4007005900598FFE7FFE7FFE740F681
:1061A0008C40C4F20240016841F0020101600068C5
:1061B00000F0020004900498FFE76020089002209D
:1061C000099000200A900B9009200C9040F20040AA
:1061D000C4F2022008A900F00DF9FFE7FFE70EB0B6
:1061E00080BD000080B582B00190009101980068E8
:1061F0004AF20041C4F20001884203D1FFE70CF0EB
:10620000FFFDFFE702B080BD82B00190009102B0B7
:106210007047000082B00090009890F85C00012860
:1062200010D1FFE70099022081F85C000098016816
:10623000886920F0010088610099002008668DF8C7
:10624000070008E00099086E40F00400086601208D
:106250008DF80700FFE79DF8070002B070470000C7
:1062600083B0019000200090019890F85C00022813
:1062700057D1FFE701980168886940F00100886103
:10628000FFE7019800688069C007A8B9FFE7009898
:106290000B280DD3FFE70199086E40F00100086656
:1062A0000199032081F85C0001208DF80B0041E08A
:1062B000009801300090E4E7002000900198016808
:1062C000886920F010008861FFE701980068806904
:1062D0000007002815D5FFE700980B280DD3FFE72E
:1062E0000199086E40F0010008660199032081F8C9
:1062F0005C0001208DF80B001CE00098013000903C
:10630000E3E701980168886940F00200886101991B
:1063100000208865019A012182F85C108DF80B003D
:1063200008E00199086E40F00800086601208DF829
:106330000B00FFE79DF80B0003B0704781B00090A1
:1063400001B0704781B0009001B0704782B00190F9
:10635000009102B07047000082B00190009102B03D
:106360007047000082B00190009102B070470000B9
:1063700081B0009001B0704781B0ADF8020001B06B
:106380007047000080B582B0ADF8060042F20C0004
:10639000C4F202400068BDF8061008420CD0FFE7C6
:1063A000BDF8060042F20C01C4F202410860BDF8DB
:1063B000060000F019F8FFE742F21000C4F20240B4
:1063C0000068BDF8061008420CD0FFE7BDF80600D3
:1063D00042F21001C4F202410860BDF80600FFF766
:1063E000CBFFFFE702B080BD81B0ADF8020001B085
:1063F0007047000085B00490039100200090FFE7F3
:10640000039800680099C840002800F06681FFE703
:1064100003980068009A012191400840019001987A
:10642000002800F05681FFE703984068022805D055
:10643000FFE703984068122828D1FFE704980099E5
:106440006FF0030202EA51010844006A02900098CA
:1064500000F0070081000F2000FA01F10298884344
:1064600002900398006900F00F00009901F0070105
:10647000890000FA01F102980843029002980499F9
:10648000009B02EA530211440862FFE70498006887
:10649000029000984100032000FA01F1029888431D
:1064A00002900398406800F003000099490000FA48
:1064B00001F1029808430290029804990860039839
:1064C000406801280FD0FFE70398406802280AD0EF
:1064D000FFE703984068112805D0FFE7039840685C
:1064E00012282FD1FFE7049880680290009841009D
:1064F000032000FA01F10298884302900398C068D3
:106500000099490000FA01F10298084302900298AC
:10651000049988600498406802900099012000FA6C
:1065200001F102988843029003984068C0F300107C
:10653000009900FA01F10298084302900298049928
:106540004860FFE70398406800F0030003280CD17F
:10655000FFE70398406800F0030003281DD1FFE720
:1065600003988068012818D0FFE70498C06802905B
:1065700000984100032000FA01F10298884302903C
:10658000039880680099490000FA01F102980843D5
:10659000029002980499C860FFE70398C079C0068A
:1065A000002840F19580FFE7009820F0030042F2B8
:1065B0006002C4F2024280580290009800F003008A
:1065C000C1000F2000FA01F102988843029004985C
:1065D0004FF60041CBF6FD510840800A009901F0CA
:1065E0000301C90000FA01F10298084302900298E1
:1065F000009921F00301885042F20000C4F20240E9
:10660000006802900199029888430290039880796B
:10661000C006002805D5FFE70199029808430290BB
:10662000FFE7029842F20001C4F20241086042F220
:106630000400C4F202400068029001990298884365
:106640000290039880798006002805D5FFE701991C
:10665000029808430290FFE7029842F20401C4F254
:106660000241086042F28400C4F2024000680290D5
:106670000199029888430290039880798007002846
:1066800005D5FFE70199029808430290FFE70298B9
:1066900042F28401C4F20241086042F28000C4F276
:1066A0000240006802900199029888430290039882
:1066B0008079C00728B1FFE701990298084302904A
:1066C000FFE7029842F28001C4F202410860FFE74E
:1066D000FFE700980130009092E605B07047000097
:1066E00082B00190ADF8021001980069BDF8021067
:1066F000084204D0FFE701208DF8010003E00020EC
:106700008DF80100FFE79DF8010002B0704700001E
:1067100082B00190ADF802108DF801209DF80100C3
:1067200028B1FFE7BDF802000199886104E0BDF8D7
:10673000020001998862FFE702B0704740F67C5082
:10674000C2F200000068704782B0019000208DF80E
:10675000030040F20040C4F203000068C00720B10B
:10676000FFE701208DF803000AE040F20041C4F287
:106770000301086820F00400019A10430860FFE755
:106780009DF8030002B0704740F20041C4F20301DB
:10679000086840F0010008600020704740F2942033
:1067A000C2F20000027840F67C51C2F20001086893
:1067B000104408607047000080B582B0032000F0EC
:1067C000DDF805F09BF940F62041C4F2024109686A
:1067D00001F00F0244F6F441C0F60101895CC840A3
:1067E00040F22001C2F200010860042007F04CF9D9
:1067F000002000F011F820B1FFE701208DF807001C
:1068000005E000F093F800208DF80700FFE79DF801
:10681000070002B080BD000080B586B00490002063
:10682000039040F29420C2F20000007820B9FFE704
:1068300001208DF8170075E04EF21000CEF2000036
:1068400000684007002812D5FFE740F22000C2F29E
:106850000000006840F29421C2F200010A784FF46F
:106860007A71B1FBF2F1B0FBF1F0039040E007F078
:106870007FF902900298019040B1FFE7019801284A
:1068800016D0FFE70198022821D02FE040F2200027
:10689000C2F20000006840F29421C2F200010A78BE
:1068A0004FF4FA51B1FBF2F1B0FBF1F003901EE0AE
:1068B00040F29420C2F2000001784FF47A70B0FBED
:1068C000F1F14FF4FA40B0FBF1F003900FE040F229
:1068D0009420C2F2000001784FF47A70B0FBF1F11D
:1068E0004FF40040B0FBF1F0039000E0FFE7FFE75A
:1068F000039807F017F920B1FFE701208DF8170082
:1069000010E004994FF0FF300022009200F01EF8D2
:106910000098049940F29822C2F2000211608DF8AA
:106920001700FFE79DF8170006B080BD80B5052071
:1069300000F024F880BD000080B582B0ADF80600FC
:10694000BDF906000BF030FF02B080BD80B586B007
:10695000ADF81600049103920BF03EFF0290BDF9D2
:106960001600019002980499039A09F079FC0146F7
:1069700001980BF039FF06B080BD000080B582B0F1
:10698000019001980BF052FF02B080BD81B00090E1
:1069900000996FF0FF0060EA010240F64801C4F27E
:1069A000024108681040086001B0704792B0099039
:1069B0004FF44030069009990868049049680591A1
:1069C00090FAA0F01090109820B9FFE720208DF8E1
:1069D000470005E01098B0FA80F08DF84700FFE717
:1069E000049805999DF84720083202F01F02914053
:1069F00008430290099908688968039190FAA0F009
:106A00000E900E9820B9FFE720208DF83F0005E09A
:106A10000E98B0FA80F08DF83F00FFE702980399D6
:106A20009DF83F30102202EB430202F01E0291401B
:106A30000843089009980068019090FAA0F00C9023
:106A40000C9820B9FFE720208DF8370005E00C985E
:106A5000B0FA80F08DF83700FFE701989DF8371005
:106A600001F01F024FF48071914008430090099893
:106A7000006890FAA0F00A900A9820B9FFE7202059
:106A80008DF82F0005E00A98B0FA80F08DF82F00FD
:106A9000FFE700989DF82F201E2101EA42024FF4E3
:106AA000403191400843079040F64801C4F202414A
:106AB0000868079A9043089A1043086012B070471C
:106AC00040F60001C4F20241086840F0010008608D
:106AD0004EF61051CEF20001086840F00400086044
:106AE000BFF34F8FBFF36F8F30BF704789B00890EF
:106AF00040F63440C4F2024000686FF35F20059016
:106B000040F62840C4F20240016801F003010791F9
:106B10000168C1F3052106910068C0F300100490DC
:106B2000049840F63841C4F20241096889B2C908A4
:106B300000FB01F000EE100AB8EE400A8DED020AEB
:106B40000698002800F03D81FFE707980090012893
:106B500008D0FFE70098022830D0FFE7009803280C
:106B600049D065E040F60040C4F202400068C0F33E
:106B7000C10149F20000C0F2D030C84003909DED41
:106B8000030AB8EE400A9DED061AB8EE411A80EEEF
:106B9000010A9DED051AB8EE411A9DED022A9FEDFE
:106BA0008F3A22EE032A31EE021AB7EE002A31EEB6
:106BB000021A20EE010A8DED010A65E09DED060A3C
:106BC000B8EE401A9FED860A80EE010A9DED051A87
:106BD000B8EE411A9DED022A9FED803A22EE032A7B
:106BE00031EE021AB7EE002A31EE021A20EE010A47
:106BF0008DED010A48E09DED060AB8EE401A9FEDC2
:106C0000760A80EE010A9DED051AB8EE411A9DED57
:106C1000022A9FED723A22EE032A31EE021AB7EEF3
:106C2000002A31EE021A20EE010A8DED010A2BE056
:106C300040F60040C4F202400068C0F3C10149F2CE
:106C40000000C0F2D030C84003909DED030AB8EEBA
:106C5000400A9DED061AB8EE411A80EE010A9DED3C
:106C6000051AB8EE411A9DED022A9FED5C3A22EE1C
:106C7000032A31EE021AB7EE002A31EE021A20EE94
:106C8000010A8DED010AFFE740F60040C4F2024020
:106C900000688001002827D5FFE740F62840C4F2AD
:106CA00002400068C003002819D5FFE79DED010AE6
:106CB00040F63440C4F20240006880B2400A01EE5F
:106CC000100AB8EE411AB7EE002A31EE021A80EE31
:106CD000010A0898BCEEC00A80ED000A03E008999A
:106CE00000200860FFE703E0089900200860FFE744
:106CF00040F60040C4F2024000688001002827D519
:106D0000FFE740F62840C4F20240006880030028F4
:106D100019D5FFE79DED010A40F63440C4F2024068
:106D20000068C0F3064001EE100AB8EE411AB7EE53
:106D3000002A31EE021A80EE010A0898BCEEC00A61
:106D400080ED010A03E0089900204860FFE703E0B6
:106D5000089900204860FFE740F60040C4F2024076
:106D600000688001002827D5FFE740F62840C4F2DC
:106D7000024000684003002819D5FFE79DED010A95
:106D800040F63440C4F202400068C0F3066001EEF1
:106D9000100AB8EE411AB7EE002A31EE021A80EE60
:106DA000010A0898BCEEC00A80ED020A03E00899C7
:106DB00000208860FFE703E0089900208860FFE773
:106DC00007E00899002008600899486008998860E1
:106DD000FFE709B0704700BF20BCBE4B0000003980
:106DE0000024744A89B0089040F63C40C4F2024046
:106DF00000686FF35F20059040F62C40C4F202401B
:106E0000016801F0030107910168C1F305210691B2
:106E10000068C0F300100490049840F64041C4F2AA
:106E20000241096889B2C90800FB01F000EE100AAE
:106E3000B8EE400A8DED020A0698002800F03D8168
:106E4000FFE707980090012808D0FFE70098022884
:106E500030D0FFE70098032849D065E040F60040B5
:106E6000C4F202400068C0F3C10149F20000C0F260
:106E7000D030C84003909DED030AB8EE400A9DED66
:106E8000061AB8EE411A80EE010A9DED051AB8EE19
:106E9000411A9DED022A9FED8F3A22EE032A31EE30
:106EA000021AB7EE002A31EE021A20EE010A8DED29
:106EB000010A65E09DED060AB8EE401A9FED860ACC
:106EC00080EE010A9DED051AB8EE411A9DED022AE9
:106ED0009FED803A22EE032A31EE021AB7EE002A25
:106EE00031EE021A20EE010A8DED010A48E09DED17
:106EF000060AB8EE401A9FED760A80EE010A9DED73
:106F0000051AB8EE411A9DED022A9FED723A22EE63
:106F1000032A31EE021AB7EE002A31EE021A20EEF1
:106F2000010A8DED010A2BE040F60040C4F2024058
:106F30000068C0F3C10149F20000C0F2D030C8407F
:106F400003909DED030AB8EE400A9DED061AB8EED7
:106F5000411A80EE010A9DED051AB8EE411A9DED29
:106F6000022A9FED5C3A22EE032A31EE021AB7EEB6
:106F7000002A31EE021A20EE010A8DED010AFFE728
:106F800040F60040C4F2024000680001002827D506
:106F9000FFE740F62C40C4F202400068C00300281E
:106FA00019D5FFE79DED010A40F63C40C4F20240CE
:106FB000006880B2400A01EE100AB8EE411AB7EE3E
:106FC000002A31EE021A80EE010A0898BCEEC00ACF
:106FD00080ED000A03E0089900200860FFE703E065
:106FE000089900200860FFE740F60040C4F2024024
:106FF00000680001002827D5FFE740F62C40C4F2C6
:10700000024000688003002819D5FFE79DED010AC2
:1070100040F63C40C4F202400068C0F3064001EE76
:10702000100AB8EE411AB7EE002A31EE021A80EECD
:10703000010A0898BCEEC00A80ED010A03E0089935
:1070400000204860FFE703E0089900204860FFE760
:1070500040F60040C4F2024000680001002827D535
:10706000FFE740F62C40C4F20240006840030028CD
:1070700019D5FFE79DED010A40F63C40C4F20240FD
:107080000068C0F3066001EE100AB8EE411AB7EED0
:10709000002A31EE021A80EE010A0898BCEEC00AFE
:1070A00080ED020A03E0089900208860FFE703E012
:1070B000089900208860FFE707E008990020086031
:1070C0000899486008998860FFE709B0704700BFD9
:1070D00020BCBE4B000000390024744A89B00890DF
:1070E00040F64440C4F2024000686FF35F20059010
:1070F00040F63040C4F20240016801F003010791FC
:107100000168C1F3052106910068C0F300100490E6
:10711000049840F64841C4F20241096889B2C9089E
:1071200000FB01F000EE100AB8EE400A8DED020AF5
:107130000698002800F03D81FFE70798009001289D
:1071400008D0FFE70098022830D0FFE70098032816
:1071500049D065E040F60040C4F202400068C0F348
:10716000C10149F20000C0F2D030C84003909DED4B
:10717000030AB8EE400A9DED061AB8EE411A80EEF9
:10718000010A9DED051AB8EE411A9DED022A9FED08
:107190008F3A22EE032A31EE021AB7EE002A31EEC0
:1071A000021A20EE010A8DED010A65E09DED060A46
:1071B000B8EE401A9FED860A80EE010A9DED051A91
:1071C000B8EE411A9DED022A9FED803A22EE032A85
:1071D00031EE021AB7EE002A31EE021A20EE010A51
:1071E0008DED010A48E09DED060AB8EE401A9FEDCC
:1071F000760A80EE010A9DED051AB8EE411A9DED62
:10720000022A9FED723A22EE032A31EE021AB7EEFD
:10721000002A31EE021A20EE010A8DED010A2BE060
:1072200040F60040C4F202400068C0F3C10149F2D8
:107230000000C0F2D030C84003909DED030AB8EEC4
:10724000400A9DED061AB8EE411A80EE010A9DED46
:10725000051AB8EE411A9DED022A9FED5C3A22EE26
:10726000032A31EE021AB7EE002A31EE021A20EE9E
:10727000010A8DED010AFFE740F60040C4F202402A
:1072800000688000002827D5FFE740F63040C4F2B0
:1072900002400068C003002819D5FFE79DED010AF0
:1072A00040F64440C4F20240006880B2400A01EE59
:1072B000100AB8EE411AB7EE002A31EE021A80EE3B
:1072C000010A0898BCEEC00A80ED000A03E00899A4
:1072D00000200860FFE703E0089900200860FFE74E
:1072E00040F60040C4F2024000688000002827D524
:1072F000FFE740F63040C4F20240006880030028F7
:1073000019D5FFE79DED010A40F64440C4F2024062
:107310000068C0F3064001EE100AB8EE411AB7EE5D
:10732000002A31EE021A80EE010A0898BCEEC00A6B
:1073300080ED010A03E0089900204860FFE703E0C0
:10734000089900204860FFE740F60040C4F2024080
:1073500000688000002827D5FFE740F63040C4F2DF
:10736000024000684003002819D5FFE79DED010A9F
:1073700040F64440C4F202400068C0F3066001EEEB
:10738000100AB8EE411AB7EE002A31EE021A80EE6A
:10739000010A0898BCEEC00A80ED020A03E00899D1
:1073A00000208860FFE703E0089900208860FFE77D
:1073B00007E00899002008600899486008998860EB
:1073C000FFE709B0704700BF20BCBE4B000000398A
:1073D0000024744A80B59CB01B911A901A981B998E
:1073E00080F00070084300285BD1FFE740F6F040D2
:1073F000C4F20240016801F440710E9100688007F8
:10740000002809D5FFE70E98B0F5807F04D1FFE78B
:107410004FF40040109042E040F6F040C4F20240C9
:1074200000680001002809D5FFE70E98B0F5007F3D
:1074300004D1FFE74FF4FA4010902FE040F60040EF
:10744000C4F2024000688003002823D5FFE70E98AD
:10745000B0F5407F1ED1FFE740F61C40C4F2024069
:10746000006800F47C50B0F5007F0FD3FFE740F6D2
:107470001C40C4F202400068C0F3052147F64000FA
:10748000C0F27D10B0FBF1F0109002E000201090EF
:10749000FFE702E000201090FFE7FFE7FFE702F0C0
:1074A00012BC1A980C901B990D9180F001000843B2
:1074B000002800F0C682FFE70D990C9880F00200CA
:1074C0000843002800F03B83FFE70D990C9880F0FB
:1074D00004000843002800F0A783FFE70D990C98EB
:1074E00080F008000843002800F01E84FFE70D9993
:1074F0000C9880F010000843002800F09884FFE703
:107500000D990C9880F020000843002800F01285A7
:10751000FFE70D990C9880F040000843002800F028
:107520008C85FFE70D990C9880F0800008430028B7
:1075300000F00686FFE70D990C9880F480700843F0
:10754000002800F08086FFE70D990C9880F4007009
:107550000843002800F0FA86FFE70D990C9880F4A4
:1075600080600843002800F07487FFE70D990C98AD
:1075700080F400600843002800F0E987FFE70D99D8
:107580000C9880F480500843002801F05E80FFE7EB
:107590000D990C9880F400500843002801F0618197
:1075A000FFE70D990C9880F480400843002801F013
:1075B000AA81FFE70D990C9880F400400843002849
:1075C00001F0F381FFE70D990C9880F480300843B7
:1075D000002801F08E82FFE70D990C9880F40030AE
:1075E0000843002801F0C282FFE70D990C9880F44F
:1075F00080200843002801F06583FFE70D990C986F
:1076000080F400200843002800F0BF80FFE70D99B8
:107610000C9880F480100843002800F04381FFE7B5
:107620000D990C9880F400100843002801F07E802A
:10763000FFE70D990C9880F480000843002800F0C3
:10764000BE81FFE70D990C9880F4000008430028E4
:1076500000F0D681FFE70D990C9880F08060084318
:10766000002802F09882FFE70D990C9880F00060E6
:107670000843002801F0B986FFE70D990C9880F0C7
:1076800080500843002801F02F87FFE70D990C98E0
:1076900080F000500843002801F0B387FFE70D9900
:1076A0000C9880F080400843002802F03380FFE708
:1076B0000D990C9880F000400843002802F0AE803D
:1076C000FFE70C980D9981F001010843002802F0B2
:1076D0002981FFE70C980D9981F0020108430028E9
:1076E00002F0A481FFE70C980D9981F00401084392
:1076F000002801F04386FFE70C980D9981F00801FE
:107700000843002802F00782FFE70C980D9981F0EA
:1077100010010843002802F09482FFE70C980D99AD
:1077200081F020010843002801F07883FFE70C98DE
:107730000D9981F040010843002801F01B84FFE708
:107740000C980D9981F080010843002801F0BE8457
:10775000FFE70C980D9981F480710843002801F02F
:107760006185FFE70C980D9981F4007108430028AA
:1077700001F04880FFE70C980D9981F4806108437F
:10778000002801F0648102F09ABA40F6E840C4F2A1
:107790000240006800F4E0200E900E980B90A0B11B
:1077A000FFE70B98B0F5803F15D0FFE70B98B0F5D9
:1077B000003F16D0FFE70B98B0F5403F17D0FFE72A
:1077C0000B98B0F5802F18D067E017A8FFF78EF957
:1077D0001898109064E014A8FFF704FB1498109018
:1077E0005EE011A8FFF77AFC1198109058E048F27B
:1077F0000000C0F2BB00109052E040F6E840C4F236
:107800000240006800F040400F9040F60040C4F293
:10781000024000688007002811D5FFE70F9870B973
:10782000FFE740F60040C4F202400068C0F3C10127
:1078300049F20000C0F2D030C84010902CE040F671
:107840000040C4F202400068800500280BD5FFE725
:107850000F98B0F1804F06D1FFE740F60010C0F25C
:107860003D00109017E040F60040C4F2024000686E
:10787000800300280BD5FFE70F98B0F1004F06D129
:10788000FFE747F64000C0F27D10109002E00020B4
:107890001090FFE7FFE7FFE702E000201090FFE70E
:1078A00002F010BA40F6E840C4F20240006800F46A
:1078B00060100E900E980A90A0B1FFE70A98B0F5FC
:1078C000002F15D0FFE70A98B0F5801F16D0FFE70C
:1078D0000A98B0F5C01F17D0FFE70A98B0F5001F4F
:1078E00018D067E017A8FFF701F91898109064E026
:1078F00014A8FFF777FA149810905EE011A8FFF72C
:10790000EDFB1198109058E048F20000C0F2BB0067
:10791000109052E040F6E840C4F20240006800F0E7
:1079200040400F9040F60040C4F2024000688007DB
:10793000002811D5FFE70F9870B9FFE740F6004027
:10794000C4F202400068C0F3C10149F20000C0F275
:10795000D030C84010902CE040F60040C4F2024005
:107960000068800500280BD5FFE70F98B0F1804F25
:1079700006D1FFE740F60010C0F23D00109017E07E
:1079800040F60040C4F202400068800300280BD596
:10799000FFE70F98B0F1004F06D1FFE747F6400030
:1079A000C0F27D10109002E000201090FFE7FFE78A
:1079B000FFE702E000201090FFE702F083B940F6F5
:1079C000E440C4F20240006800F040000E900E98BF
:1079D00030B9FFE717A8FFF789F8189810900DE065
:1079E0000E98402806D1FFE714A8FFF7FBF9169878
:1079F000109002E000201090FFE7FFE702F062B96C
:107A000040F6E440C4F20240006800F080000E90AE
:107A10000E9830B9FFE717A8FFF768F8189810908C
:107A20000DE00E98802806D1FFE714A8FFF7DAF9D9
:107A30001698109002E000201090FFE7FFE702F098
:107A400041B940F6D840C4F20240006800F0070097
:107A50000E900E9820B9FFE704F028F810906CE023
:107A600040F60040C4F202400068000100280AD538
:107A7000FFE70E98012806D1FFE714A8FFF7B2F937
:107A80001598109058E040F60040C4F2024000689B
:107A9000800000280AD5FFE70E98022806D1FFE7EC
:107AA00011A8FFF71BFB1298109044E040F600402D
:107AB000C4F2024000688007002812D5FFE70E9844
:107AC00003280ED1FFE740F60040C4F202400068F0
:107AD000C0F3C10149F20000C0F2D030C84010909C
:107AE00028E040F60040C4F202400068800500280B
:107AF0000AD5FFE70E98042806D1FFE740F60010EC
:107B0000C0F23D00109014E040F6F040C4F2024094
:107B100000688007002808D5FFE70E98052804D1E3
:107B2000FFE74FF40040109002E000201090FFE7C4
:107B3000FFE7FFE7FFE7FFE7FFE702F0C3B840F624
:107B4000D840C4F20240006800F038000E900E9851
:107B500020B9FFE703F096FF109063E040F6004085
:107B6000C4F202400068000100280AD5FFE70E9821
:107B7000082806D1FFE714A8FFF734F915981090EC
:107B80004FE00E98102806D1FFE711A8FFF7A6FADC
:107B90001298109044E040F60040C4F202400068A1
:107BA0008007002812D5FFE70E9818280ED1FFE7AE
:107BB00040F60040C4F202400068C0F3C10149F23F
:107BC0000000C0F2D030C840109028E040F60040DD
:107BD000C4F202400068800500280AD5FFE70E982D
:107BE000202806D1FFE740F60010C0F23D001090BB
:107BF00014E040F6F040C4F202400068800700281C
:107C000008D5FFE70E98282804D1FFE74FF400407D
:107C1000109002E000201090FFE7FFE7FFE7FFE78A
:107C2000FFE7FFE702F04EB840F6D840C4F202404A
:107C3000006800F4E0700E900E9820B9FFE703F0A2
:107C400021FF10906EE040F60040C4F20240006850
:107C5000000100280AD5FFE70E98402806D1FFE76B
:107C600014A8FFF7BFF8159810905AE040F60040AE
:107C7000C4F202400068800000280AD5FFE70E9891
:107C8000802806D1FFE711A8FFF728FA1298109074
:107C900046E040F60040C4F2024000688007002839
:107CA00012D5FFE70E98C0280ED1FFE740F600403E
:107CB000C4F202400068C0F3C10149F20000C0F202
:107CC000D030C84010902AE040F60040C4F2024094
:107CD0000068800500280BD5FFE70E98B0F5807F7F
:107CE00006D1FFE740F60010C0F23D00109015E00D
:107CF00040F6F040C4F2024000688007002809D531
:107D0000FFE70E98B0F5A07F04D1FFE74FF40040E5
:107D1000109002E000201090FFE7FFE7FFE7FFE789
:107D2000FFE7FFE701F0CEBF40F6D840C4F20240C3
:107D3000006800F460600E900E9820B9FFE703F031
:107D4000A1FE109071E040F60040C4F202400068CD
:107D5000000100280BD5FFE70E98B0F5007F06D193
:107D6000FFE714A8FFF73EF8159810905CE040F686
:107D70000040C4F202400068800000280BD5FFE7F5
:107D80000E98B0F5806F06D1FFE711A8FFF7A6F9AE
:107D90001298109047E040F60040C4F2024000689C
:107DA0008007002813D5FFE70E98B0F5C06F0ED1FD
:107DB000FFE740F60040C4F202400068C0F3C10192
:107DC00049F20000C0F2D030C84010902AE040F6DE
:107DD0000040C4F202400068800500280BD5FFE790
:107DE0000E98B0F5006F06D1FFE740F60010C0F224
:107DF0003D00109015E040F6F040C4F202400068EB
:107E00008007002809D5FFE70E98B0F5206F04D150
:107E1000FFE74FF40040109002E000201090FFE7D1
:107E2000FFE7FFE7FFE7FFE7FFE701F04BBF40F6A3
:107E3000D840C4F20240006800F4E0400E900E9872
:107E400020B9FFE703F01EFE109071E040F60040FD
:107E5000C4F202400068000100280BD5FFE70E982D
:107E6000B0F5805F06D1FFE714A8FEF7BBFF1598B9
:107E700010905CE040F60040C4F2024000688000D0
:107E800000280BD5FFE70E98B0F5005F06D1FFE79D
:107E900011A8FFF723F91298109047E040F6004030
:107EA000C4F2024000688007002813D5FFE70E984F
:107EB000B0F5405F0ED1FFE740F60040C4F202404B
:107EC0000068C0F3C10149F20000C0F2D030C840E0
:107ED00010902AE040F60040C4F20240006880059D
:107EE00000280BD5FFE70E98B0F5804F06D1FFE7CD
:107EF00040F60010C0F23D00109015E040F6F04052
:107F0000C4F2024000688007002809D5FFE70E98F8
:107F1000B0F5A04F04D1FFE74FF40040109002E00D
:107F200000201090FFE7FFE7FFE7FFE7FFE7FFE72D
:107F300001F0C8BE40F6D840C4F20240006800F428
:107F400060300E900E9820B9FFE703F09BFD109073
:107F500071E040F60040C4F20240006800010028D1
:107F60000BD5FFE70E98B0F5004F06D1FFE714A838
:107F7000FEF738FF159810905CE040F60040C4F220
:107F800002400068800000280BD5FFE70E98B0F58E
:107F9000803F06D1FFE711A8FFF7A0F812981090D4
:107FA00047E040F60040C4F2024000688007002825
:107FB00013D5FFE70E98B0F5C03F0ED1FFE740F6AE
:107FC0000040C4F202400068C0F3C10149F2000061
:107FD000C0F2D030C84010902AE040F60040C4F211
:107FE00002400068800500280BD5FFE70E98B0F529
:107FF000003F06D1FFE740F60010C0F23D001090B0
:1080000015E040F6F040C4F2024000688007002806
:1080100009D5FFE70E98B0F5203F04D1FFE74FF4F4
:108020000040109002E000201090FFE7FFE7FFE71C
:10803000FFE7FFE7FFE701F045BE40F6D840C4F296
:108040000240006800F4E0100E900E9820B9FFE79F
:1080500003F018FD109071E040F60040C4F20240B9
:108060000068000100280BD5FFE70E98B0F5802FBF
:1080700006D1FFE714A8FEF7B5FE159810905CE056
:1080800040F60040C4F202400068800000280BD592
:10809000FFE70E98B0F5002F06D1FFE711A8FFF714
:1080A0001DF81298109047E040F60040C4F20240DC
:1080B00000688007002813D5FFE70E98B0F5402F21
:1080C0000ED1FFE740F60040C4F202400068C0F362
:1080D000C10149F20000C0F2D030C84010902AE03F
:1080E00040F60040C4F202400068800500280BD52D
:1080F000FFE70E98B0F5801F06D1FFE740F60010AD
:10810000C0F23D00109015E040F6F040C4F202408D
:1081100000688007002809D5FFE70E98B0F5A01F7A
:1081200004D1FFE74FF40040109002E000201090CF
:10813000FFE7FFE7FFE7FFE7FFE7FFE701F0C2BD6B
:1081400040F6D840C4F20240006800F460000E908F
:108150000E9820B9FFE703F095FC109071E040F60F
:108160000040C4F202400068000100280BD5FFE780
:108170000E98B0F5001F06D1FFE714A8FEF732FEF7
:10818000159810905CE040F60040C4F20240006890
:10819000800000280BD5FFE70E98B0F5800F06D1C0
:1081A000FFE711A8FEF79AFF1298109047E040F6FB
:1081B0000040C4F2024000688007002813D5FFE7A2
:1081C0000E98B0F5C00F0ED1FFE740F60040C4F2A4
:1081D00002400068C0F3C10149F20000C0F2D03093
:1081E000C84010902AE040F60040C4F20240006807
:1081F000800500280BD5FFE70E98B0F5000F06D1DB
:10820000FFE740F60010C0F23D00109015E040F688
:10821000F040C4F2024000688007002809D5FFE75B
:108220000E98B0F5200F04D1FFE74FF400401090F6
:1082300002E000201090FFE7FFE7FFE7FFE7FFE71E
:10824000FFE701F03FBD40F6D840C4F202400068AD
:1082500000F0E0600E900E9820B9FFE703F012FCEA
:10826000109071E040F60040C4F202400068000146
:1082700000280BD5FFE70E98B0F1807F06D1FFE70D
:1082800014A8FEF7AFFD159810905CE040F6004092
:10829000C4F202400068800000280BD5FFE70E986A
:1082A000B0F1007F06D1FFE711A8FEF717FF129883
:1082B000109047E040F60040C4F20240006880079A
:1082C000002813D5FFE70E98B0F1407F0ED1FFE7ED
:1082D00040F60040C4F202400068C0F3C10149F218
:1082E0000000C0F2D030C84010902AE040F60040B4
:1082F000C4F202400068800500280BD5FFE70E9805
:10830000B0F1806F06D1FFE740F60010C0F23D00EB
:10831000109015E040F6F040C4F20240006880077B
:10832000002809D5FFE70E98B0F1A06F04D1FFE750
:108330004FF40040109002E000201090FFE7FFE7AC
:10834000FFE7FFE7FFE7FFE701F0BCBC40F6D840DE
:10835000C4F20240006800F060500E900E9820B900
:10836000FFE703F08FFB109071E040F60040C4F28D
:1083700002400068000100280BD5FFE70E98B0F11D
:10838000006F06D1FFE714A8FEF72CFD159810909A
:108390005CE040F60040C4F2024000688000002823
:1083A0000BD5FFE70E98B0F1805F06D1FFE711A86B
:1083B000FEF794FE1298109047E040F60040C4F299
:1083C000024000688007002813D5FFE70E98B0F13F
:1083D000C05F0ED1FFE740F60040C4F202400068E3
:1083E000C0F3C10149F20000C0F2D030C840109083
:1083F0002AE040F60040C4F20240006880050028F0
:108400000BD5FFE70E98B0F1005F06D1FFE740F60D
:108410000010C0F23D00109015E040F6F040C4F2AC
:10842000024000688007002809D5FFE70E98B0F1E8
:10843000205F04D1FFE74FF40040109002E00020DD
:108440001090FFE7FFE7FFE7FFE7FFE7FFE701F037
:1084500039BC40F6DC40C4F20240006800F007007E
:108460000E900E9820B9FFE703F00CFB10906CE023
:1084700040F60040C4F202400068000100280AD51E
:10848000FFE70E98012806D1FFE714A8FEF7AAFC23
:108490001598109058E040F60040C4F20240006881
:1084A000800000280AD5FFE70E98022806D1FFE7D2
:1084B00011A8FEF713FE1298109044E040F6004019
:1084C000C4F2024000688007002812D5FFE70E982A
:1084D00003280ED1FFE740F60040C4F202400068D6
:1084E000C0F3C10149F20000C0F2D030C840109082
:1084F00028E040F60040C4F20240006880050028F1
:108500000AD5FFE70E98042806D1FFE740F60010D1
:10851000C0F23D00109014E040F6F040C4F202407A
:1085200000688007002808D5FFE70E98052804D1C9
:10853000FFE74FF40040109002E000201090FFE7AA
:10854000FFE7FFE7FFE7FFE7FFE701F0BBBB40F610
:10855000DC40C4F20240006800F070000E900E98FB
:1085600020B9FFE703F08EFA10906CE040F600406F
:10857000C4F202400068000100280AD5FFE70E9807
:10858000102806D1FFE714A8FEF72CFC15981090D0
:1085900058E040F60040C4F2024000688000002825
:1085A0000AD5FFE70E98202806D1FFE711A8FEF7AD
:1085B00095FD1298109044E040F60040C4F202404D
:1085C00000688007002812D5FFE70E9830280ED1EA
:1085D000FFE740F60040C4F202400068C0F3C1016A
:1085E00049F20000C0F2D030C840109028E040F6B8
:1085F0000040C4F202400068800500280AD5FFE769
:108600000E98402806D1FFE740F60010C0F23D006A
:10861000109014E040F6F040C4F202400068800779
:10862000002808D5FFE70E98502804D1FFE74FF443
:108630000040109002E000201090FFE7FFE7FFE706
:10864000FFE7FFE7FFE701F03DBB40F6E040C4F283
:108650000240006800F0E0600E900E9820B9FFE73D
:1086600003F038FA10905FE00E98B0F1807F06D1E9
:10867000FFE714A8FEF7B6FB1598109053E00E988C
:10868000B0F1007F06D1FFE711A8FEF727FD129891
:10869000109047E040F60040C4F2024000688007B6
:1086A000002813D5FFE70E98B0F1407F0ED1FFE709
:1086B00040F60040C4F202400068C0F3C10149F234
:1086C0000000C0F2D030C84010902AE040F60040D0
:1086D000C4F202400068800500280BD5FFE70E9821
:1086E000B0F1806F06D1FFE740F60010C0F23D0008
:1086F000109015E040F6F040C4F202400068800798
:10870000002809D5FFE70E98B0F1A06F04D1FFE76C
:108710004FF40040109002E000201090FFE7FFE7C8
:10872000FFE7FFE7FFE7FFE701F0CCBA40F6E840DC
:10873000C4F20240006800F007000E900E9820B9C5
:10874000FFE703F085F910905AE00E98012804D154
:10875000FFE703F0D3F9109051E00E98022806D1FC
:10876000FFE714A8FEF73EFB1698109046E040F68F
:108770000040C4F202400068800300280AD5FFE7E9
:108780000E98032806D1FFE747F64000C0F27D109F
:10879000109032E040F60040C4F2024000688007CA
:1087A000002812D5FFE70E9804280ED1FFE740F607
:1087B0000040C4F202400068C0F3C10149F2000069
:1087C000C0F2D030C840109016E040F60040C4F22D
:1087D00002400068800500280AD5FFE70E980528AA
:1087E00006D1FFE740F60010C0F23D00109002E015
:1087F00000201090FFE7FFE7FFE7FFE7FFE7FFE755
:1088000001F060BA40F6E840C4F20240006800F0AF
:1088100008000E9040F6F040C4F202400068800765
:10882000002807D5FFE70E9820B9FFE74FF4004076
:10883000109014E040F6F040C4F2024000680001DD
:10884000002808D5FFE70E98082804D1FFE74FF469
:10885000FA40109002E000201090FFE7FFE701F0DF
:1088600031BA40F6E440C4F20240006800F44030FF
:108870000E900E9820B9FFE703F004F9109040E045
:108880000E98B0F5803F06D1FFE711A8FEF726FC51
:108890001398109034E040F60040C4F202400068A3
:1088A0008007002813D5FFE70E98B0F5003F0ED1E2
:1088B000FFE740F60040C4F202400068C0F3C10187
:1088C00049F20000C0F2D030C840109017E040F6E6
:1088D0000040C4F202400068800500280BD5FFE785
:1088E0000E98B0F5403F06D1FFE740F60010C0F209
:1088F0003D00109002E000201090FFE7FFE7FFE747
:10890000FFE701F0DFB940F6E440C4F2024000683E
:1089100000F440200E900E9820B9FFE703F0B2F863
:10892000109040E00E98B0F5802F06D1FFE711A817
:10893000FEF7D4FB1398109034E040F60040C4F2E8
:10894000024000688007002813D5FFE70E98B0F5B5
:10895000002F0ED1FFE740F60040C4F2024000684D
:10896000C0F3C10149F20000C0F2D030C8401090FD
:1089700017E040F60040C4F202400068800500287D
:108980000BD5FFE70E98B0F5402F06D1FFE740F674
:108990000010C0F23D00109002E000201090FFE7B0
:1089A000FFE7FFE7FFE701F08DB940F6E440C4F2CE
:1089B0000240006800F440100E900E9820B9FFE7C6
:1089C00003F088F8109040E00E98B0F5801F06D1B3
:1089D000FFE711A8FEF782FB1398109034E040F6F1
:1089E0000040C4F2024000688007002813D5FFE76A
:1089F0000E98B0F5001F0ED1FFE740F60040C4F21C
:108A000002400068C0F3C10149F20000C0F2D0305A
:108A1000C840109017E040F60040C4F202400068E1
:108A2000800500280BD5FFE70E98B0F5401F06D152
:108A3000FFE740F60010C0F23D00109002E0002079
:108A40001090FFE7FFE7FFE7FFE701F03BB940F6D3
:108A5000E440C4F20240006800F440000E900E981A
:108A600020B9FFE703F036F8109040E00E98B0F51B
:108A7000800F06D1FFE711A8FEF730FB1398109086
:108A800034E040F60040C4F202400068800700284D
:108A900013D5FFE70E98B0F5000F0ED1FFE740F6B3
:108AA0000040C4F202400068C0F3C10149F2000076
:108AB000C0F2D030C840109017E040F60040C4F239
:108AC00002400068800500280BD5FFE70E98B0F53E
:108AD000400F06D1FFE740F60010C0F23D001090B5
:108AE00002E000201090FFE7FFE7FFE7FFE701F05B
:108AF000E9B840F6E440C4F20240006800F040707B
:108B00000E900E9820B9FFE702F0BCFF10902BE00A
:108B10000E98B0F1807F06D1FFE711A8FEF7DEFACC
:108B2000139810901FE040F60040C4F20240006825
:108B30008007002813D5FFE70E98B0F1007F0ED113
:108B4000FFE740F60040C4F202400068C0F3C101F4
:108B500049F20000C0F2D030C840109002E000207E
:108B60001090FFE7FFE7FFE701F0ACB840F6DC400C
:108B7000C4F20240006800F4E0600E900E98099084
:108B8000C8B1FFE70998B0F5807F18D0FFE70998D2
:108B9000B0F5007F19D0FFE70998B0F5407F1AD0F3
:108BA000FFE70998B0F5806F26D0FFE70998B0F588
:108BB000A06F32D081E002F08DFF109080E014A809
:108BC000FEF710F9149810907AE011A8FEF786FAD3
:108BD0001398109074E040F6F040C4F20240006830
:108BE0008007002804D5FFE74FF40040109002E012
:108BF00000201090FFE763E040F6F040C4F202402E
:108C000000680001002804D5FFE74FF4FA401090F7
:108C100002E000201090FFE752E040F6E840C4F286
:108C20000240006800F040400F9040F60040C4F25F
:108C3000024000688007002811D5FFE70F9870B93F
:108C4000FFE740F60040C4F202400068C0F3C101F3
:108C500049F20000C0F2D030C84010902CE040F63D
:108C60000040C4F202400068800500280BD5FFE7F1
:108C70000F98B0F1804F06D1FFE740F60010C0F228
:108C80003D00109017E040F60040C4F2024000683A
:108C9000800300280BD5FFE70F98B0F1004F06D1F5
:108CA000FFE747F64000C0F27D10109002E0002080
:108CB0001090FFE7FFE7FFE702E000201090FFE7DA
:108CC00001F000B840F6DC40C4F20240006800F455
:108CD000E0400E900E980890C8B1FFE70898B0F5F4
:108CE000805F18D0FFE70898B0F5005F19D0FFE764
:108CF0000898B0F5405F1AD0FFE70898B0F5804FAC
:108D000026D0FFE70898B0F5A04F32D081E002F0FE
:108D1000B9FE109080E014A8FEF764F81498109043
:108D20007AE011A8FEF7DAF91398109074E040F693
:108D3000F040C4F2024000688007002804D5FFE735
:108D40004FF40040109002E000201090FFE763E035
:108D500040F6F040C4F2024000680001002804D54B
:108D6000FFE74FF4FA40109002E000201090FFE778
:108D700052E040F6E840C4F20240006800F0404093
:108D80000F9040F60040C4F20240006880070028BF
:108D900011D5FFE70F9870B9FFE740F60040C4F225
:108DA00002400068C0F3C10149F20000C0F2D030B7
:108DB000C84010902CE040F60040C4F20240006829
:108DC000800500280BD5FFE70F98B0F1804F06D142
:108DD000FFE740F60010C0F23D00109017E040F6AB
:108DE0000040C4F202400068800300280BD5FFE772
:108DF0000F98B0F1004F06D1FFE747F64000C0F2F0
:108E00007D10109002E000201090FFE7FFE7FFE7E1
:108E100002E000201090FFE700F054BF40F6DC4075
:108E2000C4F20240006800F4E0200E900E98079013
:108E3000C8B1FFE70798B0F5803F18D0FFE7079863
:108E4000B0F5003F19D0FFE70798B0F5403F1AD0C2
:108E5000FFE70798B0F5802F26D0FFE70798B0F519
:108E6000A02F32D081E002F035FE109080E014A8EF
:108E7000FDF7B8FF149810907AE011A8FEF72EF9CC
:108E80001398109074E040F6F040C4F2024000687D
:108E90008007002804D5FFE74FF40040109002E05F
:108EA00000201090FFE763E040F6F040C4F202407B
:108EB00000680001002804D5FFE74FF4FA40109045
:108EC00002E000201090FFE752E040F6E840C4F2D4
:108ED0000240006800F040400F9040F60040C4F2AD
:108EE000024000688007002811D5FFE70F9870B98D
:108EF000FFE740F60040C4F202400068C0F3C10141
:108F000049F20000C0F2D030C84010902CE040F68A
:108F10000040C4F202400068800500280BD5FFE73E
:108F20000F98B0F1804F06D1FFE740F60010C0F275
:108F30003D00109017E040F60040C4F20240006887
:108F4000800300280BD5FFE70F98B0F1004F06D142
:108F5000FFE747F64000C0F27D10109002E00020CD
:108F60001090FFE7FFE7FFE702E000201090FFE727
:108F700000F0A8BE40F6DC40C4F20240006800F4F5
:108F8000E0000E900E980690C8B1FFE70698B0F585
:108F9000801F18D0FFE70698B0F5001F19D0FFE733
:108FA0000698B0F5401F1AD0FFE70698B0F5800F7D
:108FB00026D0FFE70698B0F5A00F32D081E002F08E
:108FC00089FD109080E014A8FDF70CFF1498109014
:108FD0007AE011A8FEF782F81398109074E040F63A
:108FE000F040C4F2024000688007002804D5FFE783
:108FF0004FF40040109002E000201090FFE763E083
:1090000040F6F040C4F2024000680001002804D598
:10901000FFE74FF4FA40109002E000201090FFE7C5
:1090200052E040F6E840C4F20240006800F04040E0
:109030000F9040F60040C4F202400068800700280C
:1090400011D5FFE70F9870B9FFE740F60040C4F272
:1090500002400068C0F3C10149F20000C0F2D03004
:10906000C84010902CE040F60040C4F20240006876
:10907000800500280BD5FFE70F98B0F1804F06D18F
:10908000FFE740F60010C0F23D00109017E040F6F8
:109090000040C4F202400068800300280BD5FFE7BF
:1090A0000F98B0F1004F06D1FFE747F64000C0F23D
:1090B0007D10109002E000201090FFE7FFE7FFE72F
:1090C00002E000201090FFE700F0FCBD40F6DC401D
:1090D000C4F20240006800F0E0600E900E98059027
:1090E000C8B1FFE70598B0F1807F18D0FFE7059879
:1090F000B0F1007F19D0FFE70598B0F1407F1AD09A
:10910000FFE70598B0F1806F26D0FFE70598B0F132
:10911000A06F32D081E002F0DDFC109080E014A856
:10912000FDF760FE149810907AE011A8FDF7D6FFC5
:109130001398109074E040F6F040C4F202400068CA
:109140008007002804D5FFE74FF40040109002E0AC
:1091500000201090FFE763E040F6F040C4F20240C8
:1091600000680001002804D5FFE74FF4FA40109092
:1091700002E000201090FFE752E040F6E840C4F221
:109180000240006800F040400F9040F60040C4F2FA
:10919000024000688007002811D5FFE70F9870B9DA
:1091A000FFE740F60040C4F202400068C0F3C1018E
:1091B00049F20000C0F2D030C84010902CE040F6D8
:1091C0000040C4F202400068800500280BD5FFE78C
:1091D0000F98B0F1804F06D1FFE740F60010C0F2C3
:1091E0003D00109017E040F60040C4F202400068D5
:1091F000800300280BD5FFE70F98B0F1004F06D190
:10920000FFE747F64000C0F27D10109002E000201A
:109210001090FFE7FFE7FFE702E000201090FFE774
:1092200000F050BD40F6DC40C4F20240006800F09F
:10923000E0400E900E980490C8B1FFE70498B0F19A
:10924000805F18D0FFE70498B0F1005F19D0FFE706
:109250000498B0F1405F1AD0FFE70498B0F1804F56
:1092600026D0FFE70498B0F1A04F32D081E002F0A1
:1092700031FC109080E014A8FDF7B4FD1498109014
:109280007AE011A8FDF72AFF1398109074E040F6D9
:10929000F040C4F2024000688007002804D5FFE7D0
:1092A0004FF40040109002E000201090FFE763E0D0
:1092B00040F6F040C4F2024000680001002804D5E6
:1092C000FFE74FF4FA40109002E000201090FFE713
:1092D00052E040F6E840C4F20240006800F040402E
:1092E0000F9040F60040C4F202400068800700285A
:1092F00011D5FFE70F9870B9FFE740F60040C4F2C0
:1093000002400068C0F3C10149F20000C0F2D03051
:10931000C84010902CE040F60040C4F202400068C3
:10932000800500280BD5FFE70F98B0F1804F06D1DC
:10933000FFE740F60010C0F23D00109017E040F645
:109340000040C4F202400068800300280BD5FFE70C
:109350000F98B0F1004F06D1FFE747F64000C0F28A
:109360007D10109002E000201090FFE7FFE7FFE77C
:1093700002E000201090FFE700F0A4BC40F6E840B7
:10938000C4F20240006800F440700E9040F60040C5
:10939000C4F2024000688003002809D5FFE70E9858
:1093A00030B9FFE747F64000C0F27D1010901AE098
:1093B0000E98B0F5807F06D1FFE717A8FDF796FB62
:1093C000189810900EE00E98B0F5007F06D1FFE7D8
:1093D00014A8FDF707FD1598109002E000201090EA
:1093E000FFE7FFE7FFE700F06DBC40F6E040C4F2A6
:1093F0000240006800F007000E900E9803900428C9
:109400006DD80399DFE801F003090F151B0017A8B9
:10941000FDF76CFB1898109064E014A8FDF7E2FCCF
:10942000149810905EE011A8FDF758FE1198109066
:1094300058E048F20000C0F2BB00109052E040F645
:10944000E840C4F20240006800F040400F9040F64F
:109450000040C4F2024000688007002811D5FFE7F1
:109460000F9870B9FFE740F60040C4F20240006870
:10947000C0F3C10149F20000C0F2D030C8401090E2
:109480002CE040F60040C4F202400068800500284D
:109490000BD5FFE70F98B0F1804F06D1FFE740F6FC
:1094A0000010C0F23D00109017E040F60040C4F2FA
:1094B00002400068800300280BD5FFE70F98B0F149
:1094C000004F06D1FFE747F64000C0F27D10109034
:1094D00002E000201090FFE7FFE7FFE702E0002036
:1094E0001090FFE700F0EEBB40F6E040C4F202400F
:1094F000006800F038000E900E980290202800F2CC
:109500007C800299DFE801F01179797979797979AC
:1095100017797979797979791D7979797979797979
:109520002379797979797979290017A8FDF7DEFA15
:109530001898109064E014A8FDF754FC149810904B
:109540005EE011A8FDF7CAFD1198109058E048F2AE
:109550000000C0F2BB00109052E040F6E840C4F2B8
:109560000240006800F040400F9040F60040C4F216
:10957000024000688007002811D5FFE70F9870B9F6
:10958000FFE740F60040C4F202400068C0F3C101AA
:1095900049F20000C0F2D030C84010902CE040F6F4
:1095A0000040C4F202400068800500280BD5FFE7A8
:1095B0000F98B0F1804F06D1FFE740F60010C0F2DF
:1095C0003D00109017E040F60040C4F202400068F1
:1095D000800300280BD5FFE70F98B0F1004F06D1AC
:1095E000FFE747F64000C0F27D10109002E0002037
:1095F0001090FFE7FFE7FFE702E000201090FFE791
:1096000060E340F6E040C4F20240006800F4E0701D
:109610000E900E98019088B1FFE70198402813D072
:10962000FFE70198802815D0FFE70198C02817D0E0
:10963000FFE70198B0F5807F18D067E017A8FDF725
:1096400055FA1898109064E014A8FDF7CBFB149815
:1096500010905EE011A8FDF741FD1198109058E0C0
:1096600048F20000C0F2BB00109052E040F6E84023
:10967000C4F20240006800F040400F9040F6004005
:10968000C4F2024000688007002811D5FFE70F9858
:1096900070B9FFE740F60040C4F202400068C0F332
:1096A000C10149F20000C0F2D030C84010902CE057
:1096B00040F60040C4F202400068800500280BD547
:1096C000FFE70F98B0F1804F06D1FFE740F600109A
:1096D000C0F23D00109017E040F60040C4F2024096
:1096E0000068800300280BD5FFE70F98B0F1004F0A
:1096F00006D1FFE747F64000C0F27D10109002E06F
:1097000000201090FFE7FFE7FFE702E00020109045
:10971000FFE7D7E240F6E040C4F20240006800F400
:1097200060600E900E9820B9FFE702F0BFF910902C
:1097300073E040F60040C4F20240006800010028D7
:109740000BD5FFE70E98B0F5007F06D1FFE714A810
:10975000FDF748FB159810905EE040F60040C4F21B
:1097600002400068800000280BD5FFE70E98B0F596
:10977000806F06D1FFE711A8FDF7B0FC129810909A
:1097800049E040F60040C4F202400068800700282B
:1097900013D5FFE70E98B0F5C06F0ED1FFE740F686
:1097A0000040C4F202400068C0F3C10149F2000069
:1097B000C0F2D030C84010902CE040F60040C4F217
:1097C00002400068800500280BD5FFE70E98B0F531
:1097D000006F06D1FFE740F60010C0F23D00109088
:1097E00017E040F60040C4F2024000688003002801
:1097F0000BD5FFE70E98B0F5206F06D1FFE747F6CF
:109800004000C0F27D10109002E000201090FFE7B1
:10981000FFE7FFE7FFE7FFE7FFE753E240F6E0403F
:10982000C4F20240006800F4E0400E900E9820B9A7
:10983000FFE702F04FF9109073E040F60040C4F2E9
:1098400002400068000100280BD5FFE70E98B0F534
:10985000805F06D1FFE714A8FDF7C4FA15981090B1
:109860005EE040F60040C4F202400068800000283C
:109870000BD5FFE70E98B0F5005F06D1FFE711A802
:10988000FDF72CFC1298109049E040F60040C4F21D
:10989000024000688007002813D5FFE70E98B0F556
:1098A000405F0ED1FFE740F60040C4F2024000687E
:1098B000C0F3C10149F20000C0F2D030C84010909E
:1098C0002CE040F60040C4F2024000688005002809
:1098D0000BD5FFE70E98B0F5804F06D1FFE740F6B5
:1098E0000010C0F23D00109017E040F60040C4F2B6
:1098F00002400068800300280BD5FFE70E98B0F502
:10990000A04F06D1FFE747F64000C0F27D1010904F
:1099100002E000201090FFE7FFE7FFE7FFE7FFE727
:10992000FFE7CFE140F6E040C4F20240006800F4F7
:1099300060300E900E9820B9FFE702F0B7F8109053
:1099400073E040F60040C4F20240006800010028C5
:109950000BD5FFE70E98B0F5004F06D1FFE714A82E
:10996000FDF740FA159810905EE040F60040C4F212
:1099700002400068800000280BD5FFE70E98B0F584
:10998000803F06D1FFE711A8FDF7A8FB12981090C1
:1099900049E040F60040C4F2024000688007002819
:1099A00013D5FFE70E98B0F5C03F0ED1FFE740F6A4
:1099B0000040C4F202400068C0F3C10149F2000057
:1099C000C0F2D030C84010902CE040F60040C4F205
:1099D00002400068800500280BD5FFE70E98B0F51F
:1099E000003F06D1FFE740F60010C0F23D001090A6
:1099F00017E040F60040C4F20240006880030028EF
:109A00000BD5FFE70E98B0F5203F06D1FFE747F6EC
:109A10004000C0F27D10109002E000201090FFE79F
:109A2000FFE7FFE7FFE7FFE7FFE74BE140F6E44032
:109A3000C4F20240006800F003000E900E980090FF
:109A4000032864D80099DFE801F002060C1201F047
:109A5000FFFF10905EE017A8FDF748F818981090E7
:109A600058E014A8FDF7BEF91698109052E040F6A1
:109A7000E840C4F20240006800F040400F9040F619
:109A80000040C4F2024000688007002811D5FFE7BB
:109A90000F9870B9FFE740F60040C4F2024000683A
:109AA000C0F3C10149F20000C0F2D030C8401090AC
:109AB0002CE040F60040C4F2024000688005002817
:109AC0000BD5FFE70F98B0F1804F06D1FFE740F6C6
:109AD0000010C0F23D00109017E040F60040C4F2C4
:109AE00002400068800300280BD5FFE70F98B0F113
:109AF000004F06D1FFE747F64000C0F27D101090FE
:109B000002E000201090FFE7FFE7FFE702E00020FF
:109B10001090FFE7D6E040F6E840C4F2024000684B
:109B200000F0C0000E9040F6F040C4F20240006821
:109B30008007002807D5FFE70E9820B9FFE74FF40C
:109B40000040109026E040F6F040C4F20240006869
:109B50000001002808D5FFE70E98402804D1FFE750
:109B60004FF4FA40109014E040F60040C4F2024076
:109B700000688005002808D5FFE70E98802804D1EA
:109B8000FFE748F21200109002E000201090FFE77B
:109B9000FFE7FFE796E040F6E840C4F202400068C5
:109BA00000F030000E9040F60040C4F20240006821
:109BB0008004002809D5FFE70E9830B9FFE746F684
:109BC0000040C0F2DC2010903AE040F60040C4F2C1
:109BD00002400068800100280AD5FFE70E9810288F
:109BE00006D1FFE717A8FCF781FF1898109026E030
:109BF00040F6F040C4F2024000688007002808D513
:109C0000FFE70E98202804D1FFE74FF400401090A2
:109C100014E040F6F040C4F2024000680001002861
:109C200008D5FFE70E98302804D1FFE74FF4FA403B
:109C3000109002E000201090FFE7FFE7FFE7FFE74A
:109C400040E040F6E440C4F20240006800F030001A
:109C50000E900E98102806D1FFE717A8FCF746FFD4
:109C6000189810902EE040F60040C4F202400068C0
:109C7000800000280AD5FFE70E98202806D1FFE7CC
:109C800011A8FDF72BFA1298109016E040F600404C
:109C9000C4F202400068800400280AD5FFE70E984D
:109CA000302806D1FFE746F60040C0F2DC201090D5
:109CB00002E000201090FFE7FFE7FFE702E000204E
:109CC0001090FFE7FFE710981CB080BD80B5ACB0E6
:109CD0002B9000208DF8A3008DF8A2002B98C0785F
:109CE000C00760B1FFE740F6E841C4F202410868EE
:109CF00020F040402B9A926D10430860FFE72B98AC
:109D00000068C007002837D0FFE72B98C06D279068
:109D1000052817D82799DFE801F003040B12131464
:109D200014E02B98083006F023FC8DF8A3000DE01A
:109D30002B98303006F0D2FC8DF8A30006E005E049
:109D400004E003E001208DF8A300FFE79DF8A300E5
:109D500060B9FFE740F6D841C4F20241086820F03C
:109D600007002B9AD26D1043086004E09DF8A30011
:109D70008DF8A200FFE7FFE72B9800788007002806
:109D800040F14A80FFE72B98006E2690282829D8BA
:109D90002699DFE801F015272727272727271627E9
:109DA0002727272727271D27272727272727242750
:109DB000272727272727252727272727272726005D
:109DC00014E02B98083006F0D3FB8DF8A3000DE0CB
:109DD0002B98303006F082FC8DF8A30006E005E0F9
:109DE00004E003E001208DF8A300FFE79DF8A30045
:109DF00060B9FFE740F6D841C4F20241086820F09C
:109E000038002B9A126E1043086004E09DF8A300FE
:109E10008DF8A200FFE7FFE72B98007840070028A5
:109E200047D5FFE72B98406E2590B0B1FFE7259806
:109E3000402813D0FFE72598802816D0FFE7259803
:109E4000C02819D0FFE72598B0F5807F15D0FFE72F
:109E50002598B0F5A07F11D011E014E02B980830C0
:109E600006F086FB8DF8A3000DE02B98303006F04D
:109E700035FC8DF8A30006E005E004E003E00120D6
:109E80008DF8A300FFE79DF8A30060B9FFE740F657
:109E9000D841C4F20241086820F4E0702B9A526E57
:109EA0001043086004E09DF8A3008DF8A200FFE7CE
:109EB000FFE72B980078000700284AD5FFE72B988A
:109EC000806E2490C8B1FFE72498B0F5007F15D0CC
:109ED000FFE72498B0F5806F17D0FFE72498B0F51E
:109EE000C06F19D0FFE72498B0F5006F15D0FFE7D9
:109EF0002498B0F5206F11D011E014E02B980830B1
:109F000006F036FB8DF8A3000DE02B98303006F0FC
:109F1000E5FB8DF8A30006E005E004E003E0012086
:109F20008DF8A300FFE79DF8A30060B9FFE740F6B6
:109F3000D841C4F20241086820F460602B9A926E06
:109F40001043086004E09DF8A3008DF8A200FFE72D
:109F5000FFE72B980078C00600284AD5FFE72B982A
:109F6000C06E2390C8B1FFE72398B0F5805F15D08D
:109F7000FFE72398B0F5005F17D0FFE72398B0F50F
:109F8000405F19D0FFE72398B0F5804F15D0FFE769
:109F90002398B0F5A04F11D011E014E02B980830B1
:109FA00006F0E6FA8DF8A3000DE02B98303006F0AD
:109FB00095FB8DF8A30006E005E004E003E0012036
:109FC0008DF8A300FFE79DF8A30060B9FFE740F616
:109FD000D841C4F20241086820F4E0402B9AD26EC6
:109FE0001043086004E09DF8A3008DF8A200FFE78D
:109FF000FFE72B980078800600284AD5FFE72B98CA
:10A00000006F2290C8B1FFE72298B0F5004F15D03D
:10A01000FFE72298B0F5803F17D0FFE72298B0F510
:10A02000C03F19D0FFE72298B0F5003F15D0FFE7F9
:10A030002298B0F5203F11D011E014E02B980830A1
:10A0400006F096FA8DF8A3000DE02B98303006F05C
:10A0500045FB8DF8A30006E005E004E003E00120E5
:10A060008DF8A300FFE79DF8A30060B9FFE740F675
:10A07000D841C4F20241086820F460302B9A126F74
:10A080001043086004E09DF8A3008DF8A200FFE7EC
:10A09000FFE72B980078400600284AD5FFE72B9869
:10A0A000406F2190C8B1FFE72198B0F5802F15D0FF
:10A0B000FFE72198B0F5002F17D0FFE72198B0F502
:10A0C000402F19D0FFE72198B0F5801F15D0FFE78A
:10A0D0002198B0F5A01F11D011E014E02B980830A2
:10A0E00006F046FA8DF8A3000DE02B98303006F00C
:10A0F000F5FA8DF8A30006E005E004E003E0012096
:10A100008DF8A300FFE79DF8A30060B9FFE740F6D4
:10A11000D841C4F20241086820F4E0102B9A526F33
:10A120001043086004E09DF8A3008DF8A200FFE74B
:10A13000FFE72B980078000600284AD5FFE72B9808
:10A14000806F2090C8B1FFE72098B0F5001F15D0B0
:10A15000FFE72098B0F5800F17D0FFE72098B0F503
:10A16000C00F19D0FFE72098B0F5000F15D0FFE71A
:10A170002098B0F5200F11D011E014E02B98083092
:10A1800006F0F6F98DF8A3000DE02B98303006F0BC
:10A19000A5FA8DF8A30006E005E004E003E0012045
:10A1A0008DF8A300FFE79DF8A30060B9FFE740F634
:10A1B000D841C4F20241086820F460002B9A926FE3
:10A1C0001043086004E09DF8A3008DF8A200FFE7AB
:10A1D000FFE72B984078C00700284AD0FFE72B986C
:10A1E000C06F1F90C8B1FFE71F98B0F1807F15D0F6
:10A1F000FFE71F98B0F1007F17D0FFE71F98B0F17D
:10A20000407F19D0FFE71F98B0F1806F15D0FFE7AE
:10A210001F98B0F1A06F11D011E014E02B98083016
:10A2200006F0A6F98DF8A3000DE02B98303006F06B
:10A2300055FA8DF8A30006E005E004E003E00120F4
:10A240008DF8A300FFE79DF8A30060B9FFE740F693
:10A25000D841C4F20241086820F0E0602B9AD26F26
:10A260001043086004E09DF8A3008DF8A200FFE70A
:10A27000FFE72B984078800700284CD5FFE72B9804
:10A28000D0F880001E90C8B1FFE71E98B0F1006FB3
:10A2900015D0FFE71E98B0F1805F17D0FFE71E983A
:10A2A000B0F1C05F19D0FFE71E98B0F1005F15D084
:10A2B000FFE71E98B0F1205F11D011E014E02B9859
:10A2C000083006F055F98DF8A3000DE02B983030DA
:10A2D00006F004FA8DF8A30006E005E004E003E0D0
:10A2E00001208DF8A300FFE79DF8A30068B9FFE700
:10A2F00040F6D841C4F20241086820F060502B9A21
:10A30000D2F880201043086004E09DF8A3008DF887
:10A31000A200FFE7FFE72B9840784007002839D5D7
:10A32000FFE72B98D0F884001D90052817D81D99B9
:10A33000DFE801F003040B12131414E02B9808302B
:10A3400006F016F98DF8A3000DE02B98303006F0DA
:10A35000C5F98DF8A30006E005E004E003E0012064
:10A360008DF8A300FFE79DF8A30068B9FFE740F66A
:10A37000DC41C4F20241086820F007002B9AD2F8B1
:10A3800084201043086004E09DF8A3008DF8A2002B
:10A39000FFE7FFE72B9840780007002847D5FFE745
:10A3A0002B98D0F888001C90A0B1FFE71C981028CB
:10A3B00011D0FFE71C98202814D0FFE71C98302804
:10A3C00017D0FFE71C98402814D0FFE71C985028AE
:10A3D00011D011E014E02B98083006F0C9F88DF880
:10A3E000A3000DE02B98303006F078F98DF8A3002B
:10A3F00006E005E004E003E001208DF8A300FFE79C
:10A400009DF8A30068B9FFE740F6DC41C4F20241C1
:10A41000086820F070002B9AD2F88820104308605A
:10A4200004E09DF8A3008DF8A200FFE7FFE72B985A
:10A430004078C00600284CD5FFE72B98D0F88C0058
:10A440001B90C8B1FFE71B98B0F1807F15D0FFE7E4
:10A450001B98B0F1007F17D0FFE71B98B0F1407F49
:10A4600019D0FFE71B98B0F1806F15D0FFE71B985C
:10A47000B0F1A06F11D011E014E02B98083006F075
:10A4800077F88DF8A3000DE02B98303006F026F910
:10A490008DF8A30006E005E004E003E001208DF85C
:10A4A000A300FFE79DF8A30068B9FFE740F6E0418D
:10A4B000C4F20241086820F0E0602B9AD2F88C20A8
:10A4C0001043086004E09DF8A3008DF8A200FFE7A8
:10A4D000FFE72B984078800600283AD5FFE72B98B5
:10A4E000D0F890001A9078B1FFE71A98B0F5803F45
:10A4F0000BD0FFE71A98B0F5003F0DD0FFE71A9890
:10A50000B0F5403F09D009E00CE02B98303006F060
:10A51000E5F88DF8A30005E004E003E001208DF8E4
:10A52000A300FFE79DF8A30068B9FFE740F6E44108
:10A53000C4F20241086820F440302B9AD2F89020EF
:10A540001043086004E09DF8A3008DF8A200FFE727
:10A55000FFE72B984078400600283AD5FFE72B9874
:10A56000D0F89400199078B1FFE71998B0F5802FD2
:10A570000BD0FFE71998B0F5002F0DD0FFE7199821
:10A58000B0F5402F09D009E00CE02B98303006F0F0
:10A59000A5F88DF8A30005E004E003E001208DF8A4
:10A5A000A300FFE79DF8A30068B9FFE740F6E44188
:10A5B000C4F20241086820F440202B9AD2F894207B
:10A5C0001043086004E09DF8A3008DF8A200FFE7A7
:10A5D000FFE72B984078000600283AD5FFE72B9834
:10A5E000D0F89800189078B1FFE71898B0F5801F60
:10A5F0000BD0FFE71898B0F5001F0DD0FFE71898B3
:10A60000B0F5401F09D009E00CE02B98303006F07F
:10A6100065F88DF8A30005E004E003E001208DF863
:10A62000A300FFE79DF8A30068B9FFE740F6E44107
:10A63000C4F20241086820F440102B9AD2F8982006
:10A640001043086004E09DF8A3008DF8A200FFE726
:10A65000FFE72B984079400700283AD5FFE72B9871
:10A66000D0F89C00179078B1FFE71798B0F5800FED
:10A670000BD0FFE71798B0F5000F0DD0FFE7179844
:10A68000B0F5400F09D009E00CE02B98303006F00F
:10A6900025F88DF8A30005E004E003E001208DF823
:10A6A000A300FFE79DF8A30068B9FFE740F6E44187
:10A6B000C4F20241086820F440002B9AD2F89C2092
:10A6C0001043086004E09DF8A3008DF8A200FFE7A6
:10A6D000FFE72B988078C007A0B3FFE72B98D0F84E
:10A6E000A000169050B1FFE71698B0F1807F06D019
:10A6F000FFE71698B0F1007F08D008E00BE02B9838
:10A70000303005F0EBFF8DF8A30004E003E00120FA
:10A710008DF8A300FFE79DF8A30068B9FFE740F6B6
:10A72000E441C4F20241086820F040702B9AD2F84C
:10A73000A0201043086004E09DF8A3008DF8A2005B
:10A74000FFE7FFE72B9840790007002811D5FFE7C6
:10A75000FFE740F61C41C4F20241086820F40040C3
:10A7600008602B98D0F80421086810430860FFE7C0
:10A77000FFE72B988078800700284CD5FFE72B98BF
:10A78000D0F8A4001590C8B1FFE71598B0F5807F08
:10A7900015D0FFE71598B0F5007F17D0FFE71598A3
:10A7A000B0F5407F19D0FFE71598B0F5806F15D050
:10A7B000FFE71598B0F5A06F11D011E014E02B98C9
:10A7C000083005F0D5FE8DF8A3000DE02B98303051
:10A7D00005F084FF8DF8A30006E005E004E003E047
:10A7E00001208DF8A300FFE79DF8A30068B9FFE7FB
:10A7F00040F6DC41C4F20241086820F4E0602B9A84
:10A80000D2F8A4201043086004E09DF8A3008DF85E
:10A81000A200FFE7FFE72B988078400700284CD57F
:10A82000FFE72B98D0F8A8001490C8B1FFE7149860
:10A83000B0F5805F15D0FFE71498B0F5005F17D032
:10A84000FFE71498B0F5405F19D0FFE71498B0F512
:10A85000804F15D0FFE71498B0F5A04F11D011E04C
:10A8600014E02B98083005F083FE8DF8A3000DE06E
:10A870002B98303005F032FF8DF8A30006E005E09C
:10A8800004E003E001208DF8A300FFE79DF8A3009A
:10A8900068B9FFE740F6DC41C4F20241086820F4E1
:10A8A000E0402B9AD2F8A8201043086004E09DF8FD
:10A8B000A3008DF8A200FFE7FFE72B980079800640
:10A8C00000284CD5FFE72B98D0F8AC001390C8B106
:10A8D000FFE71398B0F5803F15D0FFE71398B0F568
:10A8E000003F17D0FFE71398B0F5403F19D0FFE7BE
:10A8F0001398B0F5802F15D0FFE71398B0F5A02F6F
:10A9000011D011E014E02B98083005F031FE8DF8DD
:10A91000A3000DE02B98303005F0E0FE8DF8A30089
:10A9200006E005E004E003E001208DF8A300FFE766
:10A930009DF8A30068B9FFE740F6DC41C4F202418C
:10A94000086820F4E0202B9AD2F8AC20104308606D
:10A9500004E09DF8A3008DF8A200FFE7FFE72B9825
:10A960000079400600284CD5FFE72B98D0F8B000BE
:10A970001290C8B1FFE71298B0F5801F15D0FFE71D
:10A980001298B0F5001F17D0FFE71298B0F5401FDE
:10A9900019D0FFE71298B0F5800F15D0FFE7129895
:10A9A000B0F5A00F11D011E014E02B98083005F09D
:10A9B000DFFD8DF8A3000DE02B98303005F08EFE02
:10A9C0008DF8A30006E005E004E003E001208DF827
:10A9D000A300FFE79DF8A30068B9FFE740F6DC415C
:10A9E000C4F20241086820F4E0002B9AD2F8B020AB
:10A9F0001043086004E09DF8A3008DF8A200FFE773
:10AA0000FFE72B980079000600284CD5FFE72B982C
:10AA1000D0F8B4001190C8B1FFE71198B0F1807F71
:10AA200015D0FFE71198B0F1007F17D0FFE711981C
:10AA3000B0F1407F19D0FFE71198B0F1806F15D0C9
:10AA4000FFE71198B0F1A06F11D011E014E02B983E
:10AA5000083005F08DFD8DF8A3000DE02B98303007
:10AA600005F03CFE8DF8A30006E005E004E003E0FD
:10AA700001208DF8A300FFE79DF8A30068B9FFE768
:10AA800040F6DC41C4F20241086820F0E0602B9AF5
:10AA9000D2F8B4201043086004E09DF8A3008DF8BC
:10AAA000A200FFE7FFE72B984079C00700284CD0B1
:10AAB000FFE72B98D0F8B8001090C8B1FFE71098C6
:10AAC000B0F1805F15D0FFE71098B0F1005F17D0AC
:10AAD000FFE71098B0F1405F19D0FFE71098B0F190
:10AAE000804F15D0FFE71098B0F1A04F11D011E0C2
:10AAF00014E02B98083005F03BFD8DF8A3000DE025
:10AB00002B98303005F0EAFD8DF8A30006E005E053
:10AB100004E003E001208DF8A300FFE79DF8A30007
:10AB200068B9FFE740F6DC41C4F20241086820F052
:10AB3000E0402B9AD2F8B8201043086004E09DF85A
:10AB4000A3008DF8A200FFE7FFE72B9880780007AD
:10AB500000284ED5FFE72B98D0F8C0000F90A0B189
:10AB6000FFE70F98B0F5803F18D0FFE70F98B0F5DA
:10AB7000003F1AD0FFE70F98B0F5403F1CD0FFE729
:10AB80000F98B0F5802F18D018E040F62841C4F295
:10AB90000241086840F40030086013E02B98083048
:10ABA00005F0E6FC8DF8A3000CE02B98303005F0A2
:10ABB00095FD8DF8A30005E004E003E001208DF889
:10ABC000A300FFE79DF8A30068B9FFE740F6E8415E
:10ABD000C4F20241086820F4E0202B9AD2F8C02089
:10ABE0001043086004E09DF8A3008DF8A200FFE781
:10ABF000FFE72B988078C00600284DD5FFE72B98FB
:10AC0000D0F8C4000E90A0B1FFE70E98B0F5002F69
:10AC100018D0FFE70E98B0F5801F1AD0FFE70E9806
:10AC2000B0F5C01F1CD0FFE70E98B0F5001F17D07D
:10AC300017E040F62841C4F20241086840F40030B1
:10AC4000086012E02B98083005F092FC8DF8A30004
:10AC50000BE02B98303005F041FD8DF8A30004E0A7
:10AC600003E001208DF8A300FFE79DF8A30068B979
:10AC7000FFE740F6E841C4F20241086820F46010A2
:10AC80002B9AD2F8C4201043086004E09DF8A3007A
:10AC90008DF8A200FFE7FFE72B9880788006002858
:10ACA00034D5FFE72B98D0F8D4000D90022809D3B3
:10ACB000FFE70D98022806D0FFE70D980338032818
:10ACC00008D308E00BE02B98083005F051FC8DF814
:10ACD000A30004E003E001208DF8A300FFE79DF846
:10ACE000A30068B9FFE740F6E841C4F202410868F2
:10ACF00020F007002B9AD2F8D4201043086004E01B
:10AD00009DF8A3008DF8A200FFE7FFE72B9840799C
:10AD10008007002827D5FFE72B98D0F8D8000C90A3
:10AD200020B1FFE70C98082801D001E004E003E01F
:10AD300001208DF8A300FFE79DF8A30068B9FFE7A5
:10AD400040F6E841C4F20241086820F008002B9A5E
:10AD5000D2F8D8201043086004E09DF8A3008DF8D5
:10AD6000A200FFE7FFE72B98C0788007002840F19A
:10AD7000B580FFE740F62401C4F20241086840F0C4
:10AD800001000860FBF7DAFC2990FFE740F6240099
:10AD9000C4F202400068C00760B9FFE7FBF7CEFCD1
:10ADA0002999401A032804D3FFE703208DF8A30054
:10ADB00000E0EBE79DF8A300002840F08980FFE762
:10ADC00040F6F040C4F20240006800F440702A905F
:10ADD0002A98D0B1FFE72A982B99D1F8F810884229
:10ADE00013D0FFE740F6F041C4F20241086820F4B6
:10ADF00040702A90086840F480300860086820F4A9
:10AE0000803008602A980860FFE79DF8A800C00716
:10AE1000E0B1FFE7FBF792FC2990FFE740F6F04036
:10AE2000C4F202400068800700280ED4FFE7FBF759
:10AE300085FC2999401A41F28931884204D3FFE701
:10AE400003208DF8A30000E0E8E7FFE79DF8A300EA
:10AE5000C0BBFFE7FFE72B98D0F8F80000F4407084
:10AE6000B0F5407F13D1FFE740F61C41C4F2024128
:10AE7000086820F47C502B9AD2F8F8204FF6F04363
:10AE8000C0F6FF731A4040EA1210086008E040F66E
:10AE90001C41C4F20241086820F47C500860FFE7BE
:10AEA00040F6F041C4F20241086820F440700860A6
:10AEB0002B98D0F8F8206FF31F3208681043086011
:10AEC000FFE704E09DF8A3008DF8A200FFE704E08F
:10AED0009DF8A3008DF8A200FFE7FFE72B98C0784C
:10AEE0004007002839D5FFE72B98D0F8C8000B9011
:10AEF00060B1FFE70B98102809D0FFE70B982028D6
:10AF00000ED0FFE70B9830280BD00BE00EE040F698
:10AF10002841C4F20241086840F40030086005E0AE
:10AF200004E003E001208DF8A300FFE79DF8A300F3
:10AF300068B9FFE740F6E841C4F20241086820F032
:10AF400030002B9AD2F8C8201043086004E09DF826
:10AF5000A3008DF8A200FFE7FFE72B98807840065A
:10AF6000002835D5FFE72B98D0F8CC000A9020B107
:10AF7000FFE70A98402809D00FE040F62841C4F2C4
:10AF80000241086840F4003008600AE02B9808305D
:10AF900005F0EEFA8DF8A30003E001208DF8A30080
:10AFA000FFE79DF8A30068B9FFE740F6E441C4F26B
:10AFB0000241086820F040002B9AD2F8CC201043C0
:10AFC000086004E09DF8A3008DF8A200FFE7FFE70A
:10AFD0002B9880780006002835D5FFE72B98D0F80D
:10AFE000D000099020B1FFE70998802809D00FE030
:10AFF00040F62841C4F20241086840F4003008607D
:10B000000AE02B98083005F0B3FA8DF8A30003E0AE
:10B0100001208DF8A300FFE79DF8A30068B9FFE7C2
:10B0200040F6E441C4F20241086820F080002B9A07
:10B03000D2F8D0201043086004E09DF8A3008DF8FA
:10B04000A200FFE7FFE72B98C0780007002840D553
:10B05000FFE72B98D0F8E000089004281ED8089944
:10B06000DFE801F0030C131A1B0040F62841C4F27C
:10B070000241086840F40030086013E02B98083063
:10B0800005F076FA8DF8A3000CE02B98303005F02F
:10B0900025FB8DF8A30005E004E003E001208DF816
:10B0A000A300FFE79DF8A30068B9FFE740F6E04181
:10B0B000C4F20241086820F007002B9AD2F8E02081
:10B0C0001043086004E09DF8A3008DF8A200FFE79C
:10B0D000FFE72B98C078C006002840F14F80FFE7BB
:10B0E0002B98D0F8E400079020282CD80799DFE8A7
:10B0F00001F0112A2A2A2A2A2A2A1A2A2A2A2A2A3C
:10B100002A2A212A2A2A2A2A2A2A282A2A2A2A2AAA
:10B110002A2A290040F62841C4F20241086840F476
:10B120000030086013E02B98083005F021FA8DF804
:10B13000A3000CE02B98303005F0D0FA8DF8A30076
:10B1400005E004E003E001208DF8A300FFE79DF88F
:10B15000A30068B9FFE740F6E041C4F20241086885
:10B1600020F038002B9AD2F8E4201043086004E065
:10B170009DF8A3008DF8A200FFE7FFE72B98C078A9
:10B18000800600284BD5FFE72B98D0F8E800069002
:10B1900088B1FFE70698402816D0FFE70698802878
:10B1A00019D0FFE70698C0281CD0FFE70698B0F535
:10B1B000807F18D018E040F62841C4F202410868A8
:10B1C00040F40030086013E02B98083005F0D0F907
:10B1D0008DF8A3000CE02B98303005F07FFA8DF845
:10B1E000A30005E004E003E001208DF8A300FFE7E1
:10B1F0009DF8A30068B9FFE740F6E041C4F20241C0
:10B20000086820F4E0702B9AD2F8E8201043086018
:10B2100004E09DF8A3008DF8A200FFE7FFE72B985C
:10B22000C078400600284CD5FFE72B98D0F8EC00FA
:10B230000590C8B1FFE70598B0F5007F15D0FFE78E
:10B240000598B0F5806F17D0FFE70598B0F5C06F8F
:10B2500019D0FFE70598B0F5006F15D0FFE7059806
:10B26000B0F5206F11D011E014E02B98083005F0F4
:10B270007FF98DF8A3000DE02B98303005F02EFA01
:10B280008DF8A30006E005E004E003E001208DF85E
:10B29000A300FFE79DF8A30068B9FFE740F6E0418F
:10B2A000C4F20241086820F460602B9AD2F8EC20C6
:10B2B0001043086004E09DF8A3008DF8A200FFE7AA
:10B2C000FFE72B98C078000600284CD5FFE72B98A5
:10B2D000D0F8F0000490C8B1FFE70498B0F5805FA3
:10B2E00015D0FFE70498B0F5005F17D0FFE704988A
:10B2F000B0F5405F19D0FFE70498B0F5804F15D046
:10B30000FFE70498B0F5A04F11D011E014E02B989E
:10B31000083005F02DF98DF8A3000DE02B983030A2
:10B3200005F0DCF98DF8A30006E005E004E003E099
:10B3300001208DF8A300FFE79DF8A30068B9FFE79F
:10B3400040F6E041C4F20241086820F4E0402B9A44
:10B35000D2F8F0201043086004E09DF8A3008DF8B7
:10B36000A200FFE7FFE72B980079C00700284CD028
:10B37000FFE72B98D0F8F4000390C8B1FFE70398DB
:10B38000B0F5004F15D0FFE70398B0F5803F17D018
:10B39000FFE70398B0F5C03F19D0FFE70398B0F579
:10B3A000003F15D0FFE70398B0F5203F11D011E022
:10B3B00014E02B98083005F0DBF88DF8A3000DE0C1
:10B3C0002B98303005F08AF98DF8A30006E005E0EF
:10B3D00004E003E001208DF8A300FFE79DF8A3003F
:10B3E00068B9FFE740F6E041C4F20241086820F482
:10B3F00060302B9AD2F8F4201043086004E09DF8E6
:10B40000A3008DF8A200FFE7FFE72B9800798007E3
:10B41000002838D5FFE72B98D0F8DC0002900328ED
:10B4200016D80299DFE801F002030C1314E040F68D
:10B430002841C4F20241086840F4003008600BE083
:10B440002B98083005F094F88DF8A30004E003E091
:10B4500001208DF8A300FFE79DF8A30068B9FFE77E
:10B4600040F6E441C4F20241086820F003002B9A40
:10B47000D2F8DC201043086004E09DF8A3008DF8AA
:10B48000A200FFE7FFE72B980079400700283CD592
:10B49000FFE72B98D0F8BC00019050B1FFE701986E
:10B4A000B0F5807F06D0FFE70198B0F5007F0AD0A5
:10B4B00010E013E040F62841C4F20241086840F46D
:10B4C000003008600AE02B98083005F051F88DF83C
:10B4D000A30003E001208DF8A300FFE79DF8A3007F
:10B4E00068B9FFE740F6E841C4F20241086820F479
:10B4F00040702B9AD2F8BC201043086004E09DF8FD
:10B50000A3008DF8A200FFE7FFE72B980079C006A3
:10B5100000283BD5FFE72B98D0F8000100901028B9
:10B5200008D0FFE7009820280DD0FFE700983028CA
:10B5300010D010E040F62841C4F20241086840F4FF
:10B54000003008600BE02B98303005F0C7F88DF81C
:10B55000A30004E003E001208DF8A300FFE79DF8BD
:10B56000A30068B9FFE740F6E441C4F2024108686D
:10B5700020F030002B9AD2F800211043086004E03C
:10B580009DF8A3008DF8A200FFE7FFE72B98007954
:10B59000000700280DD5FFE740F6E841C4F202415C
:10B5A000086820F0C0002B9AD2F8FC2010430860F5
:10B5B000FFE79DF8A2002CB080BD000080B586B0EA
:10B5C00004900391049820B9FFE701208DF817003B
:10B5D0003AE2039842F20001C4F20201096801F064
:10B5E0000F01884216D9FFE742F20000C4F20200C0
:10B5F000016821F00F01039A11430160006800F017
:10B600000F000399884204D0FFE701208DF817004E
:10B610001AE2FFE704980078C00600281BD5FFE770
:10B620000498406940F62041C4F20241096801F4DF
:10B63000E041B0EB112F0DD9FFE740F62041C4F2F5
:10B640000241086820F4E040049A526940EA02206E
:10B650000860FFE7FFE704980078000700281BD583
:10B66000FFE70498006940F62041C4F202410968EE
:10B6700001F4E061B0EB111F0DD9FFE740F6204166
:10B68000C4F20241086820F4E060049A126940EABA
:10B6900002100860FFE7FFE70498007840070028E1
:10B6A00019D5FFE70498C06840F62041C4F2024172
:10B6B000096801F0700188420CD9FFE740F620418B
:10B6C000C4F20241086820F07000049AD268104366
:10B6D0000860FFE7FFE7049800788007002819D585
:10B6E000FFE70498806840F62041C4F202410968EF
:10B6F00001F00F0188420CD9FFE740F62041C4F267
:10B700000241086820F00F00049A92681043086014
:10B71000FFE7FFE704980078C007002800F0D18019
:10B72000FFE70498406803280ED1FFE740F6004089
:10B73000C4F2024000688001002804D4FFE7012021
:10B740008DF8170080E135E00498406802280ED19A
:10B75000FFE740F60040C4F2024000688003002882
:10B7600004D4FFE701208DF817006DE121E0049873
:10B77000406801280ED1FFE740F60040C4F20240C5
:10B7800000688005002804D4FFE701208DF8170029
:10B790005AE10DE040F60040C4F202400068800724
:10B7A000002804D4FFE701208DF817004CE1FFE7E3
:10B7B000FFE7FFE740F61C41C4F20241086820F0B1
:10B7C0000300049A526810430860FAF7B7FF01902B
:10B7D0000498406803281AD1FFE7FFE740F61C40B1
:10B7E000C4F20240006800F0180018280ED0FFE7ED
:10B7F000FAF7A4FF0199401A41F28931884204D333
:10B80000FFE703208DF817001EE1E7E758E00498F2
:10B81000406802281AD1FFE7FFE740F61C40C4F257
:10B820000240006800F0180010280ED0FFE7FAF779
:10B8300085FF0199401A41F28931884204D3FFE71C
:10B8400003208DF81700FFE0E7E738E00498406830
:10B8500001281AD1FFE7FFE740F61C40C4F202407E
:10B86000006800F0180008280ED0FFE7FAF766FF1E
:10B870000199401A41F28931884204D3FFE703203D
:10B880008DF81700E0E0E7E718E0FFE740F61C401E
:10B89000C4F20240006810F0180F0ED0FFE7FAF76C
:10B8A0004DFF0199401A41F28931884204D3FFE7E4
:10B8B00003208DF81700C7E0E8E7FFE7FFE7FFE7A1
:10B8C000FFE7049800788007002819D5FFE704985F
:10B8D000806840F62041C4F20241096801F00F017E
:10B8E00088420CD2FFE740F62041C4F202410868CA
:10B8F00020F00F00049A926810430860FFE7FFE70A
:10B90000039842F20001C4F20201096801F00F013C
:10B91000884216D2FFE742F20000C4F2020001683A
:10B9200021F00F01039A11430160006800F00F003D
:10B930000399884204D0FFE701208DF8170083E0C7
:10B94000FFE7049800784007002819D5FFE704981E
:10B95000C06840F62041C4F20241096801F070015C
:10B9600088420CD2FFE740F62041C4F20241086849
:10B9700020F07000049AD26810430860FFE7FFE7E8
:10B9800004980078000700281BD5FFE70498006999
:10B9900040F62041C4F20241096801F4E061B0EBD5
:10B9A000111F0DD2FFE740F62041C4F202410868A2
:10B9B00020F4E060049A126940EA02100860FFE790
:10B9C000FFE704980078C00600281BD5FFE704981D
:10B9D000406940F62041C4F20241096801F4E041A7
:10B9E000B0EB112F0DD2FFE740F62041C4F2024127
:10B9F000086820F4E040049A526940EA0220086096
:10BA0000FFE7FFE700F07AF840F62041C4F2024178
:10BA1000096801F00F0244F6F441C0F60101895CA7
:10BA2000C84040F22001C2F20001086040F29820B4
:10BA3000C2F200000068FAF7EFFE8DF80B009DF8E7
:10BA40000B008DF81700FFE79DF8170006B080BDCA
:10BA500080B500F053F840F62041C4F20241096875
:10BA600001F00F0244F6F441C0F60101895C01F0D7
:10BA70001F0120FA01F140F22000C2F20000016033
:10BA8000006880BD80B5FFF7E3FF40F62041C4F2B7
:10BA900002410968C1F3021244F60451C0F60101E3
:10BAA000895C01F01F01C84080BD000080B5FFF730
:10BAB000CFFF40F62041C4F202410968C1F30222DF
:10BAC00044F60451C0F60101895C01F01F01C84031
:10BAD00080BD000080B5FFF7BBFF40F62041C4F2F7
:10BAE00002410968C1F3023244F60451C0F6010173
:10BAF000895C01F01F01C84080BD000089B040F69C
:10BB00001C40C4F20240006800F01800082806D16A
:10BB1000FFE740F60010C0F23D00049048E140F617
:10BB20001C40C4F20240006810F0180F21D1FFE75A
:10BB300040F60040C4F20240006800F020010020FE
:10BB4000B0EB511F0ED0FFE740F60040C4F20240B8
:10BB50000068C0F3C10149F20000C0F2D030C84013
:10BB6000049005E049F20000C0F2D0300490FFE7F5
:10BB70001DE140F61C40C4F20240006800F01800CD
:10BB8000102806D1FFE747F64000C0F27D10049070
:10BB90000CE140F61C40C4F20240006800F01800BE
:10BBA000182840F0FC80FFE740F62840C4F202402D
:10BBB000016801F0030108910168C1F305210691B4
:10BBC0000068C0F300100590059840F63841C4F2B3
:10BBD0000241096889B2C90800FB01F000EE100AB1
:10BBE000B8EE400A8DED020A0698002800F0D380D6
:10BBF000FFE708980090012809D0FFE70098022885
:10BC000000F08D80FFE70098032864D088E040F6BC
:10BC10000040C4F20240006800F020010020B0EBB8
:10BC2000511F33D0FFE740F60040C4F202400068E5
:10BC3000C0F3C10149F20000C0F2D030C840039007
:10BC40009DED030AB8EE400A9DED061AB8EE411AC2
:10BC500080EE010A40F63440C4F2024000686FF3FF
:10BC60005F2001EE100AB8EE411A9DED022A9FED09
:10BC7000533A22EE032A31EE021AB7EE002A31EED1
:10BC8000021A20EE010A8DED010A23E09DED060A5D
:10BC9000B8EE401A9FED4A0A80EE010A40F63440A1
:10BCA000C4F2024000686FF35F2001EE100AB8EEA4
:10BCB000411A9DED022A9FED413A22EE032A31EE10
:10BCC000021AB7EE002A31EE021A20EE010A8DEDBB
:10BCD000010AFFE748E09DED060AB8EE401A9FED25
:10BCE000360A80EE010A40F63440C4F20240006891
:10BCF0006FF35F2001EE100AB8EE411A9DED022AA3
:10BD00009FED2E3A22EE032A31EE021AB7EE002AF8
:10BD100031EE021A20EE010A8DED010A24E0FFE760
:10BD20009DED060AB8EE401A9FED260A80EE010A44
:10BD300040F63440C4F2024000686FF35F2001EE29
:10BD4000100AB8EE411A9DED022A9FED1C3A22EE30
:10BD5000032A31EE021AB7EE002A31EE021A20EE63
:10BD6000010A8DED010AFFE740F63440C4F20240BB
:10BD7000006881B2012000EB512007909DED010A7F
:10BD80009DED071AB8EE411A80EE010ABCEEC00A1A
:10BD90008DED040A02E000200490FFE705E049F27F
:10BDA0000000C0F2D0300490FFE7FFE7FFE7FFE7B5
:10BDB000049809B0704700BF20BCBE4B000000399A
:10BDC0000024744C0024744A80B588B0069006980C
:10BDD00028B9FFE701208DF81F0000F0EFBC40F606
:10BDE0001C40C4F20240006800F01800049040F6C5
:10BDF0002840C4F20240006800F003000390069857
:10BE00000078C006002840F18080FFE704980828E9
:10BE100008D0FFE7049818281DD1FFE703980228EF
:10BE200019D1FFE70698C06928B9FFE701208DF80E
:10BE30001F0000F0C3BCFFE740F61841C4F2024106
:10BE4000086820F47C10069A126A40EA02400860F2
:10BE5000FFE7FFE758E00698C06988B3FFE740F6C0
:10BE60000041C4F20241086840F480700860FAF7AB
:10BE700065FC0590FFE740F60040C4F20240006810
:10BE8000800500280DD4FFE7FAF758FC0599401A01
:10BE9000032805D3FFE703208DF81F0000F08EBCB8
:10BEA000E9E7FFE740F61841C4F20241086820F4D0
:10BEB0007C10069A126A40EA02400860FFE722E01E
:10BEC00040F60041C4F20241086820F48070086026
:10BED000FAF734FC0590FFE740F60040C4F2024058
:10BEE0000068800500280DD5FFE7FAF727FC0599C3
:10BEF000401A032805D3FFE703208DF81F0000F048
:10BF00005DBCE9E7FFE7FFE7FFE706980078C007B9
:10BF1000002800F0B980FFE70498102808D0FFE758
:10BF2000049818280ED1FFE7039803280AD1FFE7E9
:10BF30000698406828B9FFE701208DF81F0000F03F
:10BF40003DBCA0E0FFE706984068B0F5803F09D10E
:10BF5000FFE740F60041C4F20241086840F4803037
:10BF6000086056E00698406888B9FFE740F600414F
:10BF7000C4F20241086820F480300860086820F4A8
:10BF800080100860086820F48020086040E006986F
:10BF90004068B0F5A02F11D1FFE740F60041C4F290
:10BFA0000241086840F480200860086820F480108E
:10BFB0000860086840F48030086028E0069840680F
:10BFC000B0F5A81F11D1FFE740F60041C4F20241CD
:10BFD000086840F480200860086840F48010086019
:10BFE000086840F48030086010E040F60041C4F278
:10BFF0000241086820F480300860086820F480203E
:10C000000860086820F480100860FFE7FFE7FFE79A
:10C01000FFE7FFE706984068D0B1FFE7FAF78EFB2D
:10C020000590FFE740F60040C4F20240006880033C
:10C0300000280CD4FFE7FAF781FB0599401A652820
:10C0400004D3FFE703208DF81F00B7E3EAE719E008
:10C05000FAF774FB0590FFE740F60040C4F2024097
:10C060000068800300280CD5FFE7FAF767FB059905
:10C07000401A652804D3FFE703208DF81F009DE3D5
:10C08000EAE7FFE7FFE7FFE7069800788007002868
:10C0900040F1C380FFE7049840B1FFE704981828F7
:10C0A0005ED1FFE7039801285AD1FFE70698C068E0
:10C0B00020B9FFE701208DF81F007FE3049840BB03
:10C0C000FFE740F60040C4F20240006800F01800AC
:10C0D0000699096988421BD0FFE740F60041C4F287
:10C0E0000241086820F01800069A1269104308609F
:10C0F000FFF7AEFC40F29820C2F200000068FAF7A9
:10C100008BFB20B1FFE701208DF81F0056E3FFE70E
:10C11000FFE7FAF713FB0590FFE740F60040C4F293
:10C1200002400068800700280CD4FFE7FAF706FBFE
:10C130000599401A032804D3FFE703208DF81F0058
:10C140003CE3EAE740F61041C4F20241086820F4FB
:10C15000FE00069A526940EA02400860FFE75BE091
:10C160000698C068A8B3FFE740F60041C4F2024158
:10C17000086820F01800069A1269104308600868E1
:10C1800040F001000860FAF7D9FA0590FFE740F6A1
:10C190000040C4F202400068800700280CD4FFE78A
:10C1A000FAF7CCFA0599401A032804D3FFE70320D5
:10C1B0008DF81F0002E3EAE740F61041C4F20241A5
:10C1C000086820F4FE00069A526940EA02400860BE
:10C1D00021E040F60041C4F20241086820F001006D
:10C1E0000860FAF7ABFA0590FFE740F60040C4F2AA
:10C1F00002400068800700280CD5FFE7FAF79EFA96
:10C200000599401A032804D3FFE703208DF81F0087
:10C21000D4E2EAE7FFE7FFE7FFE7069800780007C8
:10C22000002849D5FFE70698806910B3FFE740F67C
:10C23000F041C4F20241086840F080600860FAF7FB
:10C240007DFA0590FFE740F6F040C4F20240006836
:10C25000000100280CD4FFE7FAF770FA0599401A9C
:10C26000032804D3FFE703208DF81F00A6E2EAE7C6
:10C2700021E040F6F041C4F20241086820F08060FD
:10C280000860FAF75BFA0590FFE740F6F040C4F269
:10C2900002400068000100280CD5FFE7FAF74EFACB
:10C2A0000599401A032804D3FFE703208DF81F00E7
:10C2B00084E2EAE7FFE7FFE70698007840070028F6
:10C2C00040F1CC80FFE740F62400C4F20240006851
:10C2D000C00708BBFFE740F62401C4F2024108682A
:10C2E00040F001000860FAF729FA0590FFE740F6F0
:10C2F0002400C4F202400068C00760B9FFE7FAF703
:10C300001DFA0599401A032804D3FFE703208DF88E
:10C310001F0053E2EBE7FFE7FFE70698806801287C
:10C3200009D1FFE740F6F041C4F20241086840F04D
:10C330000100086054E00698806888B9FFE740F67D
:10C34000F041C4F20241086820F00100086008686A
:10C3500020F080000860086820F0040008603EE0DB
:10C3600006988068052811D1FFE740F6F041C4F235
:10C370000241086840F004000860086820F080006E
:10C380000860086840F00100086027E006988068AF
:10C39000852811D1FFE740F6F041C4F20241086858
:10C3A00040F004000860086840F0800008600868F9
:10C3B00040F00100086010E040F6F041C4F2024194
:10C3C000086820F001000860086820F00400086098
:10C3D000086820F080000860FFE7FFE7FFE7FFE75D
:10C3E000FFE706988068E0B1FFE7FAF7A7F9059044
:10C3F000FFE740F6F040C4F20240006880070028E2
:10C400000ED4FFE7FAF79AF90599401A41F28931FB
:10C41000884204D3FFE703208DF81F00CEE1E8E750
:10C420001BE0FAF78BF90590FFE740F6F040C4F205
:10C4300002400068800700280ED5FFE7FAF77EF972
:10C440000599401A41F28931884204D3FFE703205D
:10C450008DF81F00B2E1E8E7FFE7FFE706980078F4
:10C460008006002849D5FFE70698406A10B3FFE729
:10C4700040F60041C4F20241086840F48050086070
:10C48000FAF75CF90590FFE740F60040C4F202407D
:10C490000068800400280CD4FFE7FAF74FF90599EB
:10C4A000401A032804D3FFE703208DF81F0085E11D
:10C4B000EAE721E040F60041C4F20241086820F4B6
:10C4C00080500860FAF73AF90590FFE740F600401F
:10C4D000C4F202400068800400280CD5FFE7FAF798
:10C4E0002DF90599401A032804D3FFE703208DF89E
:10C4F0001F0063E1EAE7FFE7FFE70698806A00288C
:10C5000000F05881FFE70498182800F0D580FFE775
:10C510000698806A022840F0A180FFE740F60041BB
:10C52000C4F20241086820F080700860FAF706F94A
:10C530000590FFE740F60040C4F202400068800129
:10C5400000280CD5FFE7FAF7F9F80599401A0328F7
:10C5500004D3FFE703208DF81F002FE1EAE7FFE790
:10C5600040F62841C4F20241086843F60372904342
:10C57000069BDA6A1B6B42EA0322104308600699A5
:10C58000486BD1F838C0CB6B0A6C01386FF35F2071
:10C590004FF60061CFF6FF7101EB4C2189B20844E0
:10C5A0000021CFF6FF7101EB034101F4FE010844C5
:10C5B0004FF07F4101EB026101F0FE41084440F67B
:10C5C0003441C4F202410860FFE740F62841C4F25A
:10C5D00002410091086820F0100008600698C06CC5
:10C5E000C00040F63842C4F202421060086840F0D1
:10C5F00010000860086820F00C00069A526C104386
:10C600000860086820F02000069A926C10430860C9
:10C61000086840F48030086040F60041C4F20241EE
:10C62000086840F080700860FAF788F80590FFE726
:10C6300040F60040C4F202400068800100280CD49B
:10C64000FFE7FAF77BF80599401A032804D3FFE7C0
:10C6500003208DF81F00B1E0EAE72CE040F600412E
:10C66000C4F20241086820F080700860FAF766F8AA
:10C670000590FFE740F60040C4F2024000688001E8
:10C6800000280CD5FFE7FAF759F80599401A032856
:10C6900004D3FFE703208DF81F008FE0EAE740F6A0
:10C6A0002841C4F2024108684FF6FC72CFF6F872D6
:10C6B00010400860FFE77CE040F62840C4F20240EA
:10C6C0000068029040F63440C4F2024000680190D5
:10C6D0000698806A012837D0FFE7029800F003002F
:10C6E0000699C96A88422FD1FFE7029800F47C516D
:10C6F0000698006BB0EB112F26D1FFE701986FF37E
:10C700005F200699496B013988421DD1FFE7BDF8CA
:10C7100004100698806B0138B0EB512F14D1FFE75D
:10C72000019800F4FE010698C06B0138B0EB114F80
:10C730000AD1FFE7019800F0FE410698006C01382D
:10C74000B0EB116F04D0FFE701208DF81F0035E03A
:10C7500040F63840C4F20240006881B20698C06CCE
:10C76000B0EBD10F24D0FFE740F62841C4F20241DC
:10C77000086820F010000860F9F7E0FF0590FFE777
:10C78000F9F7DCFF0599401A08B9FFE7F8E70698C2
:10C79000C06CC00040F63841C4F20241086040F667
:10C7A0002841C4F20241086840F010000860FFE729
:10C7B000FFE7FFE700208DF81F00FFE79DF81F004F
:10C7C00008B080BD80B586B00490049820B9FFE71A
:10C7D00001208DF81700B5E10498006844F6004187
:10C7E000C4F2010188422DD0FFE70498006844F6A6
:10C7F0000041C5F20101884224D0FFE70498006897
:10C8000042F20001C4F2004188421BD0FFE70498C5
:10C81000006842F20001C5F20041884212D0FFE7F1
:10C820000498006845F20001C4F20101884209D071
:10C83000FFE70498006845F20001C5F20101884253
:10C8400001D1FFE700E0FFE70498406A08B9FFE77D
:10C85000FFE70499002088620498006844F60041CC
:10C86000C4F2010188422DD0FFE70498006844F625
:10C870000041C5F20101884224D0FFE70498006816
:10C8800042F20001C4F2004188421BD0FFE7049845
:10C89000006842F20001C5F20041884212D0FFE771
:10C8A0000498006845F20001C4F20101884209D0F1
:10C8B000FFE70498006845F20001C5F201018842D3
:10C8C00009D1FFE70498C068102804D3FFE70120CE
:10C8D0008DF8170036E1049804F0FEF902900498F0
:10C8E000006844F60041C4F2010188422DD0FFE700
:10C8F0000498006844F60041C5F20101884224D042
:10C90000FFE70498006842F20001C4F20041884247
:10C910001BD0FFE70498006842F20001C5F2004115
:10C92000884212D0FFE70498006845F20001C4F283
:10C930000101884209D0FFE70498006845F2000130
:10C94000C5F20101884204D1FFE7029808283AD8CD
:10C95000FFE70498006843F20001C4F20101884235
:10C960002DD0FFE70498006843F20001C5F20101F1
:10C97000884224D0FFE70498006843F60001C4F21F
:10C98000000188421BD0FFE70498006843F60001CD
:10C99000C5F20001884212D0FFE70498006843F610
:10C9A0000041C4F20001884209D0FFE70498006802
:10C9B00043F60041C5F20001884208D1FFE7029822
:10C9C000112804D3FFE701208DF81700BAE004987E
:10C9D00090F8890040B9FFE70499002081F88800A9
:10C9E000049800F0B3F8FFE70499022081F8890069
:10C9F00004980168086820F0010008600498006845
:10CA0000806800F4F810039004988069B0F1806F9A
:10CA10001BD1FFE704984068B0F5800F04D1FFE711
:10CA20000498806B50B1FFE70498406868B9FFE74D
:10CA30000498806BB0F1805F07D1FFE7049801682C
:10CA4000086840F480500860FFE704988079400649
:10CA5000002810D5FFE70498C06807280BD3FFE72C
:10CA600004980068006820F48070049A1168126DC0
:10CA70001043086006E004980168086820F480709C
:10CA80000860FFE7049B1968DA68D869D3F828C002
:10CA900040EA0C00DDF80CC040EA0C00DB6B1843E8
:10CAA00010438860049A0192506B516A0843916B5D
:10CAB0000843916908431168D2F804C09368D2F81A
:10CAC00010E040EA0E00D2F814E040EA0E00D2F87E
:10CAD00020E040EA0E0040EA0C00D2F84CC040EAE8
:10CAE0000C001843936C1843936D1843D36D18438F
:10CAF000126E1043C8600498406808B9FFE7FFE76A
:10CB000004980168086D20F0010008650498807998
:10CB1000400600280BD5FFE704980068C06820F0A5
:10CB20000040049A1168526D1043C860FFE70499F1
:10CB30000020C1F88C00049A012182F889108DF838
:10CB40001700FFE79DF8170006B080BD80B5D4B090
:10CB5000539000205290519050904F904E900CA8BE
:10CB60004FF48471F3F7DAFB5398006843F2000145
:10CB7000C4F2010188423CD1FFE700200D904FF044
:10CB800000610C9144900CA8FDF7A0F818B1FFE7E4
:10CB9000F6F74AFFFFE7FFE740F6A440C4F2024081
:10CBA000016841F480510160006800F480500B90EE
:10CBB0000B98FFE7FFE740F68C40C4F202400168A3
:10CBC00041F001010160006800F001000A900A983C
:10CBD000FFE7E0204E9002204F90002050905190AF
:10CBE000052052900020C4F202204EA9F9F702FC61
:10CBF000DCE05398006843F60001C4F2000188426B
:10CC00003ED1FFE700200D904FF080510C914590F0
:10CC10000CA8FDF75BF818B1FFE7F6F705FFFFE793
:10CC2000FFE740F69C40C4F20240016841F48041B5
:10CC30000160006800F4804009900998FFE7FFE771
:10CC400040F68C40C4F20240016841F002010160EC
:10CC5000006800F0020008900898FFE74FF4604079
:10CC60004E9002204F9001205090519005205290FC
:10CC700040F20040C4F202204EA9F9F7BBFB94E059
:10CC80005398006843F60041C4F20001884252D133
:10CC9000FFE700200D904FF000510C9146900CA83A
:10CCA000FDF714F818B1FFE7F6F7BEFEFFE7FFE760
:10CCB00040F69C40C4F20240016841F4004101602A
:10CCC000006800F4004007900798FFE7FFE740F690
:10CCD0008C40C4F20240016841F004010160006828
:10CCE00000F0040006900698FFE74FF440604E9075
:10CCF000022000904F900120509003205190062078
:10CD00000190529040F60000C4F2022002904EA919
:10CD10000391F9F76FFB009B019A029803994FF476
:10CD2000805CCDF838C14F930023509351935292B9
:10CD3000F9F760FB38E05398006844F60041C4F20C
:10CD4000010188422FD1FFE7FFE740F6A440C4F27B
:10CD50000240016841F400210160006800F40020F5
:10CD600005900598FFE7FFE740F68C40C4F20240CB
:10CD7000016841F010010160006800F010000490AB
:10CD80000498FFE764204E9002204F9000205090BE
:10CD900051900520529041F20000C4F202204EA9A9
:10CDA000F9F728FBFFE7FFE7FFE7FFE754B080BD97
:10CDB00080B588B006900591ADF8122003930698CF
:10CDC0000068203002900698006844F60041C4F2E2
:10CDD000010188422DD0FFE70698006844F6004123
:10CDE000C5F20101884224D0FFE70698006842F2AC
:10CDF0000001C4F2004188421BD0FFE7069800689A
:10CE000042F20001C5F20041884212D0FFE70698C5
:10CE1000006845F20001C4F20101884209D0FFE731
:10CE20000698006845F20001C5F20101884201D16F
:10CE3000FFE700E0FFE7F9F781FC0190069890F822
:10CE40008900012804D0FFE702208DF81F000BE2C3
:10CE5000059820B1FFE7BDF8120020B9FFE70120D7
:10CE60008DF81F0000E2FFE7069890F8880001287F
:10CE700004D1FFE702208DF81F00F5E1069901209B
:10CE800081F88800FFE7FFE70699032081F8890011
:10CE900006990020C1F88C000599069A5166BDF8E4
:10CEA0001210069AA2F86810BDF81210069AA2F89D
:10CEB0006A100699C8660699A1F870000699A1F84B
:10CEC00072000699C8670699886706988068B0F569
:10CED000C02F07D1FFE706980168086840F400609A
:10CEE000086009E006980068C068012161F35240BB
:10CEF00006990968C860FFE70698006840684FF621
:10CF0000FF718843BDF8121008440699096848600B
:10CF100006980168086840F00100086006984068BB
:10CF2000B0F5800F07D1FFE706980168086840F464
:10CF300000700860FFE70698C06810287ED3FFE7FE
:10CF40000698006843F20001C4F2010188422DD026
:10CF5000FFE70698006843F20001C5F2010188422C
:10CF600024D0FFE70698006843F60001C4F20001F0
:10CF700088421BD0FFE70698006843F60001C5F21F
:10CF80000001884212D0FFE70698006843F600418E
:10CF9000C4F20001884209D0FFE70698006843F612
:10CFA0000041C5F20001884248D1FFE7FFE706983B
:10CFB000B0F86A00002840D0FFE706980068406992
:10CFC0008007002810D5FFE706980168406E0068CA
:10CFD00008620699486E043048660699B1F86A00FE
:10CFE0000138A1F86A0027E0F9F7A8FB0199401A77
:10CFF0000399884204D3FFE70398013018B9FFE78B
:10D000000398C0B9FFE7069803F0DAFD0699D1F856
:10D010008C0040F48070C1F88C000699012081F8E2
:10D020008900FFE70699002081F88800FFE70320C8
:10D030008DF81F0018E1FFE7B9E7E8E00698C0683F
:10D04000082863D3FFE7FFE70698B0F86A000028D6
:10D050005BD0FFE7069800684069800700282BD561
:10D06000FFE70698B0F86A00022814D3FFE7069895
:10D07000C06B80B1FFE706980168406E00680862E7
:10D080000699486E043048660699B1F86A0002387D
:10D09000A1F86A000FE00698406E008802990880A7
:10D0A0000699486E023048660699B1F86A00013860
:10D0B000A1F86A00FFE727E0F9F740FB0199401A61
:10D0C0000399884204D3FFE70398013018B9FFE7BA
:10D0D0000398C0B9FFE7069803F072FD0699D1F8EE
:10D0E0008C0040F48070C1F88C000699012081F812
:10D0F0008900FFE70699002081F88800FFE70320F8
:10D100008DF81F00B0E0FFE79EE77FE0FFE706989D
:10D11000B0F86A00002878D0FFE7069800684069F8
:10D120008007002848D5FFE70698B0F86A00042871
:10D1300015D3FFE70698C06B412810D3FFE7069888
:10D140000168406E006808620699486E04304866BF
:10D150000699B1F86A000438A1F86A002BE0069835
:10D16000B0F86A00022814D3FFE70698C06B80B1BC
:10D17000FFE70698406E0088029908800699486E7D
:10D18000023048660699B1F86A000238A1F86A00D0
:10D1900010E006980168406E007881F8200006993A
:10D1A000486E013048660699B1F86A000138A1F866
:10D1B0006A00FFE7FFE727E0F9F7C0FA0199401A94
:10D1C0000399884204D3FFE70398013018B9FFE7B9
:10D1D0000398C0B9FFE7069803F0F2FC0699D1F86E
:10D1E0008C0040F48070C1F88C000699012081F811
:10D1F0008900FFE70699002081F88800FFE70320F7
:10D200008DF81F0030E0FFE781E7FFE7FFE70698B2
:10D21000039B01996A4611600821002203F072FD08
:10D2200040B1FFE70699D1F88C0040F02000C1F82A
:10D230008C00FFE7069803F0C3FC0699012081F8F3
:10D240008900FFE70699002081F88800FFE706982B
:10D25000D0F88C0020B1FFE701208DF81F0003E01B
:10D2600000208DF81F00FFE79DF81F0008B080BD6B
:10D2700080B590B0DDF848C00E900D910C92ADF8DD
:10D280002E300E98006820300A900E9800683030DA
:10D2900009900E98C16B012000EB5110ADF81200FF
:10D2A0000E98006844F60041C4F2010188422DD076
:10D2B000FFE70E98006844F60041C5F2010188427C
:10D2C00024D0FFE70E98006842F20001C4F200414A
:10D2D00088421BD0FFE70E98006842F20001C5F2B9
:10D2E0000041884212D0FFE70E98006845F2000125
:10D2F000C4F20101884209D0FFE70E98006845F2A8
:10D300000001C5F20101884201D1FFE700E0FFE71B
:10D31000F9F714FA0890BDF82E00ADF81600BDF824
:10D320002E00ADF814000E9890F88900012804D062
:10D33000FFE702208DF83F00A2E30D9838B1FFE728
:10D340000C9820B1FFE7BDF82E0020B9FFE70120BF
:10D350008DF83F0094E3FFE70E9890F888000128CD
:10D3600004D1FFE702208DF83F0089E30E990120E8
:10D3700081F88800FFE7FFE70E99052081F8890012
:10D380000E990020C1F88C000C990E9AD166BDF858
:10D390002E100E9AA2F87210BDF82E100E9AA2F856
:10D3A00070100D990E9A5166BDF82E100E9AA2F8C3
:10D3B0006A10BDF82E100E9AA2F868100E998867B0
:10D3C0000E99C8670E980068C06820F4C0200E99B6
:10D3D0000968C8600E98006843F20001C4F20101B8
:10D3E00088422DD0FFE70E98006843F20001C5F295
:10D3F0000101884224D0FFE70E98006843F600013F
:10D40000C4F2000188421BD0FFE70E98006843F683
:10D410000001C5F20001884212D0FFE70E980068B3
:10D4200043F60041C4F20001884209D0FFE70E989C
:10D43000006843F60041C5F20001884203D1FFE7CE
:10D440001020079002E008200790FFE70E98006880
:10D4500040684FF6FF718843BDF82E1008440E99BE
:10D46000096848600E980168086840F0010008608B
:10D470000E984068B0F5800F07D1FFE70E9801685D
:10D48000086840F400700860FFE70E98C068102834
:10D49000C0F0EC80FFE70E98006843F20001C4F290
:10D4A000010188422ED0FFE70E98006843F2000188
:10D4B000C5F20101884225D0FFE70E98006843F6C7
:10D4C0000001C4F2000188421CD0FFE70E980068FA
:10D4D00043F60001C5F20001884213D0FFE70E9821
:10D4E000006843F60041C4F2000188420AD0FFE719
:10D4F0000E98006843F60041C5F20001884240F0F2
:10D50000B580FFE7079880080790FFE7BDF8161081
:10D510000120039039B9FFE7BDF81400002818BFB7
:10D5200001200390FFE70398C007002800F09D80CA
:10D53000FFE70E98006840698007002822D5FFE7C2
:10D54000BDF81600F0B1FFE7BDF81400BDF81610E5
:10D55000079A1144884215D2FFE70E980168406E81
:10D56000006808620E99486E043048660E99B1F85A
:10D570006A000138A1F86A000E98B0F86A00ADF8A8
:10D580001600FFE70E98006840690690BDF8140089
:10D59000002869D0FFE70E9800684069C007B0B165
:10D5A000FFE70E980068006B0E99C96E08600E992F
:10D5B000C86E0430C8660E99B1F872000138A1F83F
:10D5C00072000E98B0F87200ADF814004BE0BDF890
:10D5D0001400BDF8121088421CDAFFE79DF819000C
:10D5E0000006002816D5FFE70E980068006B0E991C
:10D5F000C96E08600E99C86E0430C8660E99B1F8FD
:10D6000072000138A1F872000E98B0F87200ADF8FF
:10D61000140027E0F9F792F80899401A1299884205
:10D6200004D3FFE71298013018B9FFE71298C0B988
:10D63000FFE70E9803F0C4FA0E99D1F88C0040F47D
:10D640008070C1F88C000E99012081F88900FFE7F5
:10D650000E99002081F88800FFE703208DF83F0035
:10D660000EE2FFE7FFE7FFE750E7DCE10E98C06856
:10D670000828C0F0DE80FFE7079840080790FFE722
:10D68000BDF816100120029039B9FFE7BDF814006B
:10D69000002818BF01200290FFE70298C007002869
:10D6A00000F0C680FFE70E980068406980070028F8
:10D6B00022D5FFE7BDF81600F0B1FFE7BDF8140072
:10D6C000BDF81610079A1144884215D2FFE70E984C
:10D6D000406E00880A9908800E99486E02304866AC
:10D6E0000E99B1F86A000138A1F86A000E98B0F8F6
:10D6F0006A00ADF81600FFE70E98006840690690D2
:10D70000BDF81400002800F09280FFE70E98006832
:10D710004069C007A8B1FFE7099800880E99C96E53
:10D7200008800E99C86E0230C8660E99B1F8720072
:10D730000138A1F872000E98B0F87200ADF814002C
:10D7400074E0BDF81400BDF81210884224DAFFE737
:10D750009DF81900000600281ED5FFE709980088EB
:10D760000E99C96E08800E99C86E0230C866099875
:10D7700000880E99C96E08800E99C86E0230C8667E
:10D780000E99B1F872000238A1F872000E98B0F844
:10D790007200ADF8140048E0BDF8140001281BD158
:10D7A000FFE79DF819008006002815D5FFE70998C6
:10D7B00000880E99C96E08800E99C86E0230C8663E
:10D7C0000E99B1F872000138A1F872000E98B0F805
:10D7D0007200ADF8140027E0F8F7B0FF0899401A7E
:10D7E0001299884204D3FFE71298013018B9FFE775
:10D7F0001298C0B9FFE70E9803F0E2F90E99D1F83C
:10D800008C0040F48070C1F88C000E99012081F8E2
:10D810008900FFE70E99002081F88800FFE70320C8
:10D820008DF83F002CE1FFE7FFE7FFE7FFE727E781
:10D83000F8E0FFE7BDF816100120019039B9FFE7C5
:10D84000BDF81400002818BF01200190FFE70198DF
:10D85000C007002800F0E580FFE70E9800684069E7
:10D860008007002823D5FFE7BDF81600F8B1FFE7D1
:10D87000BDF81400BDF81610079A1144884216D25C
:10D88000FFE70E980168406E007881F820000E993D
:10D89000486E013048660E99B1F86A000138A1F867
:10D8A0006A000E98B0F86A00ADF81600FFE70E980F
:10D8B000006840690690BDF81400002800F0B080B0
:10D8C000FFE70E9800684069C007B8B1FFE70E98FF
:10D8D000006890F830000E99C96E08700E99C86EF5
:10D8E0000130C8660E99B1F872000138A1F87200D3
:10D8F0000E98B0F87200ADF8140090E0BDF8140076
:10D90000BDF8121088423EDAFFE79DF819000006C4
:10D91000002838D5FFE70E98006890F830000E997F
:10D92000C96E08700E99C86E0130C8660E980068FE
:10D9300090F830000E99C96E08700E99C86E0130CB
:10D94000C8660E98006890F830000E99C96E08708D
:10D950000E99C86E0130C8660E98006890F83000C5
:10D960000E99C96E08700E99C86E0130C8660E997E
:10D97000B1F872000438A1F872000E98B0F8720085
:10D98000ADF814004AE0BDF8140003281DD8FFE7E5
:10D990009DF8190010F0600F17D0FFE70E9800688F
:10D9A00090F830000E99C96E08700E99C86E01305B
:10D9B000C8660E99B1F872000138A1F872000E988D
:10D9C000B0F87200ADF8140027E0F8F7B7FE089938
:10D9D000401A1299884204D3FFE71298013018B90F
:10D9E000FFE71298C0B9FFE70E9803F0E9F80E9927
:10D9F000D1F88C0040F48070C1F88C000E990120A1
:10DA000081F88900FFE70E99002081F88800FFE780
:10DA100003208DF83F0033E0FFE7FFE7FFE7FFE774
:10DA200008E7FFE7FFE70E98129B08996A46116026
:10DA30000821002203F066F940B1FFE70E99D1F802
:10DA40008C0040F02000C1F88C00FFE70E9803F036
:10DA5000B7F80E99012081F88900FFE70E990020A0
:10DA600081F88800FFE70E98D0F88C0020B1FFE71E
:10DA700001208DF83F0003E000208DF83F00FFE714
:10DA80009DF83F0010B080BD82B0019001980090D9
:10DA9000042843D80099DFE801F00C1D2F41030052
:10DAA0004EF21001CEF20001086840F00400086058
:10DAB00035E04EF21001CEF20001086820F00400BB
:10DAC000086040F6E441C4F20241086820F00C000E
:10DAD000086024E04EF21001CEF20001086820F048
:10DAE0000400086040F6E441C4F2024108680122E3
:10DAF00062F38300086012E04EF21001CEF20001E2
:10DB0000086820F00400086040F6E441C4F20241D5
:10DB10000868022262F38300086000E0FFE702B0B9
:10DB20007047000082B0009000980138B0F1807F0B
:10DB300003D3FFE70120019016E0009801384EF270
:10DB40001401CEF2000108604EF21801CEF200017D
:10DB5000002008604EF21002CEF20002116841F07F
:10DB6000030111600190FFE7019802B070470000C7
:10DB700083B04EF21000CEF200000068400700288B
:10DB800003D5FFE70420029020E040F6E440C4F211
:10DB90000240006800F00C0001900198009040B134
:10DBA000FFE70098042807D0FFE70098082806D070
:10DBB00008E00020029008E00120029005E0022029
:10DBC000029002E000200290FFE7FFE7029803B016
:10DBD0007047000081B0009001B0704781B00090A4
:10DBE00001B0704781B0009001B0704781B00090E3
:10DBF00001B0704781B0009001B0704781B00090D3
:10DC000001B0704785B003900291FFE7039890F848
:10DC10003C00012804D1FFE702208DF81300F6E054
:10DC20000399012081F83C00FFE7FFE703990220F8
:10DC300081F83D00039800684068019003980068EF
:10DC4000806800900398006842F60041C4F2010128
:10DC500088421BD0FFE70398006842F60041C5F2F6
:10DC60000101884212D0FFE70398006843F20041A7
:10DC7000C4F20101884209D0FFE70398006843F22B
:10DC80000041C5F2010188420AD1FFE7019820F462
:10DC90007000019002984168019808430190FFE7E5
:10DCA00001984FF68F71CFF6FF510840019002980E
:10DCB0000168019808430190019803990968486038
:10DCC0000398006842F60041C4F20101884200F066
:10DCD0008280FFE70398006842F60041C5F2010127
:10DCE000884278D0FFE703980068B0F1804F72D087
:10DCF000FFE703980068B0F1A04F6CD0FFE70398EE
:10DD0000006840F20041C4F20001884263D0FFE79E
:10DD10000398006840F20041C5F2000188425AD0E1
:10DD2000FFE70398006840F60001C4F20001884252
:10DD300051D0FFE70398006840F60001C5F20001EA
:10DD4000884248D0FFE70398006840F60041C4F2DB
:10DD5000000188423FD0FFE70398006840F6004189
:10DD6000C5F20001884236D0FFE70398006843F20D
:10DD70000041C4F2010188422DD0FFE703980068FA
:10DD800043F20041C5F20101884224D0FFE7039825
:10DD9000006841F60001C4F2000188421BD0FFE791
:10DDA0000398006841F60001C5F20001884212D0D4
:10DDB000FFE70398006844F20001C4F201018842C1
:10DDC00009D0FFE70398006844F20001C5F20101A1
:10DDD00088420ED1FFE7009820F080000090029862
:10DDE000816800980843009000980399096888604A
:10DDF000FFE70399012081F83D00FFE70399002028
:10DE000081F83C00FFE700208DF81300FFE79DF844
:10DE1000130005B07047000081B0009001B070475A
:10DE200080B582B00090009820B9FFE701208DF8FE
:10DE3000070045E0009890F83D0040B9FFE70099E1
:10DE4000002081F83C00009800F03EF8FFE70099C0
:10DE5000022081F83D00009951F8040B03F0C6FB45
:10DE60000099012081F84800FFE70099012081F81E
:10DE70003E00009981F83F00009981F84000009928
:10DE800081F84100009981F84200009981F843002F
:10DE9000FFE7FFE70099012081F84400009981F82D
:10DEA0004500009981F84600009981F84700FFE796
:10DEB0000099012081F83D0000208DF80700FFE760
:10DEC0009DF8070002B080BD80B584B00390039830
:10DED000006841F20041C4F20001884219D1FFE715
:10DEE000FFE740F69C40C4F20240016841F0200187
:10DEF0000160006800F0200002900298FFE73220E5
:10DF0000019003221146F8F721FD0198F8F714FD5E
:10DF1000FFE704B080BD000083B00190019890F845
:10DF20003D00012804D0FFE701208DF80B00B8E088
:10DF30000199022081F83D0001980168C86840F00D
:10DF40000100C8600198006842F60041C4F2010176
:10DF5000884200F08280FFE70198006842F60041A5
:10DF6000C5F20101884278D0FFE701980068B0F15E
:10DF7000804F72D0FFE701980068B0F1A04F6CD0DD
:10DF8000FFE70198006840F20041C4F200018842B6
:10DF900063D0FFE70198006840F20041C5F200013C
:10DFA00088425AD0FFE70198006840F60001C4F2A9
:10DFB0000001884251D0FFE70198006840F6000157
:10DFC000C5F20001884248D0FFE70198006840F69A
:10DFD0000041C4F2000188423FD0FFE70198006889
:10DFE00040F60041C5F20001884236D0FFE70198B3
:10DFF000006843F20041C4F2010188422DD0FFE7DE
:10E000000198006843F20041C5F20101884224D022
:10E01000FFE70198006841F60001C4F20001884260
:10E020001BD0FFE70198006841F60001C5F200012E
:10E03000884212D0FFE70198006844F20001C4F260
:10E040000101884209D0FFE70198006844F200010D
:10E05000C5F20101884219D1FFE701980068806884
:10E060000721C0F2010108400090009806280CD05A
:10E07000FFE70098B0F5803F07D0FFE701980168FF
:10E08000086840F001000860FFE706E001980168B9
:10E09000086840F001000860FFE700208DF80B00E1
:10E0A000FFE79DF80B0003B07047000081B00090BF
:10E0B00001B0704780B584B0039003980068C068D1
:10E0C000029003980068006901909DF804008007A1
:10E0D000002824D5FFE79DF80800800700281DD5FB
:10E0E000FFE7039801686FF00200086103990120BF
:10E0F0000877039800688069800720B1FFE70398DC
:10E10000FFF7D4FF06E0039800F054F9039800F0FD
:10E1100055F9FFE7039900200877FFE7FFE79DF82F
:10E1200004004007002825D5FFE79DF808004007B8
:10E1300000281ED5FFE7039801686FF0040008610E
:10E1400003990220087703980068806910F4407FE3
:10E1500004D0FFE70398FFF7A9FF06E0039800F05B
:10E1600029F9039800F02AF9FFE7039900200877BE
:10E17000FFE7FFE79DF804000007002824D5FFE72C
:10E180009DF80800000700281DD5FFE703980168E7
:10E190006FF008000861039904200877039800686D
:10E1A000C069800720B1FFE70398FFF77FFF06E013
:10E1B000039800F0FFF8039800F000F9FFE70399D7
:10E1C00000200877FFE7FFE79DF80400C00600285D
:10E1D00025D5FFE79DF80800C00600281ED5FFE7FB
:10E1E000039801686FF01000086103990820087710
:10E1F00003980068C06910F4407F04D0FFE70398DB
:10E20000FFF754FF06E0039800F0D4F8039800F0FD
:10E21000D5F8FFE7039900200877FFE7FFE79DF8AF
:10E220000400C00778B1FFE79DF80800C00748B1B7
:10E23000FFE7039801686FF001000861039800F0A0
:10E24000C1F8FFE7FFE7019800F08000802806D0C2
:10E25000FFE79DF805008006002810D5FFE79DF830
:10E2600008000006002809D5FFE7039801686FF44D
:10E27000025008610398FFF7B1FCFFE7FFE79DF844
:10E280000500C00780B1FFE79DF8080000060028E0
:10E2900009D5FFE7039801686FF48070086103985F
:10E2A000FFF798FCFFE7FFE79DF804004006002811
:10E2B00010D5FFE79DF808004006002809D5FFE7C4
:10E2C000039801686FF040000861039800F092F82D
:10E2D000FFE7FFE79DF804008006002810D5FFE760
:10E2E0009DF808008006002809D5FFE7039801681B
:10E2F0006FF0200008610398FFF774FCFFE7FFE769
:10E300009DF80600C006002810D5FFE79DF80A001A
:10E31000C006002809D5FFE7039801686FF4801054
:10E3200008610398FFF766FCFFE7FFE79DF806002A
:10E330008006002810D5FFE79DF80A008006002817
:10E3400009D5FFE7039801686FF40010086103988E
:10E35000FFF74CFCFFE7FFE79DF8060040060028AA
:10E3600010D5FFE79DF80A004006002809D5FFE711
:10E37000039801686FF4800008610398FFF73EFC82
:10E38000FFE7FFE79DF806000006002810D5FFE72D
:10E390009DF80A000006002809D5FFE703980168E8
:10E3A0006FF4000008610398FFF736FDFFE7FFE711
:10E3B00004B080BD81B0009001B0704781B0009082
:10E3C00001B0704780B582B001900198006841F2B9
:10E3D0000041C4F2000188420AD1FFE740F29051A7
:10E3E000C2F2000108680130086002F0DDFDFFE7BD
:10E3F00002B080BD81B0009001B0704783B0019041
:10E40000FFE7019890F88400012804D1FFE702207B
:10E410008DF80B002CE00199012081F88400FFE7C2
:10E42000FFE701992420C1F888000198006800687E
:10E43000009001980168086820F0010008600098C9
:10E4400020F0005000900199002048660098019942
:10E450000968086001992020C1F88800FFE7019948
:10E46000002081F88400FFE700208DF80B00FFE713
:10E470009DF80B0003B0704782B00190ADF8021018
:10E4800002B0704781B0009001B0704780B584B091
:10E4900002900191FFE7029890F88400012804D1CE
:10E4A000FFE702208DF80F0032E00299012081F889
:10E4B0008400FFE7FFE702992420C1F88800029852
:10E4C00000680068009002980168086820F0010068
:10E4D000086002980068806820F060600199084335
:10E4E000029909688860029803F046FA0098029938
:10E4F0000968086002992020C1F88800FFE70299A6
:10E50000002081F88400FFE700208DF80F00FFE76E
:10E510009DF80F0004B080BD80B584B002900191D9
:10E52000FFE7029890F88400012804D1FFE7022059
:10E530008DF80F0032E00299012081F88400FFE796
:10E54000FFE702992420C1F888000298006800685B
:10E55000009002980168086820F0010008600298A5
:10E560000068806820F060400199084302990968BA
:10E570008860029803F000FA009802990968086020
:10E5800002992020C1F88800FFE70299002081F855
:10E590008400FFE700208DF80F00FFE79DF80F00D3
:10E5A00004B080BD81B0009001B0704781B0009090
:10E5B00001B0704781B0009001B0704780B58EB057
:10E5C0000D900D980068C0690C900D980068006867
:10E5D0000B900D98006880680A900C9840F60F0127
:10E5E000084009900998E0B9FFE79DF830008006DF
:10E5F000002815D5FFE79DF82C008006002806D4DA
:10E60000FFE79DF82B00C006002809D5FFE70D980D
:10E61000406F20B1FFE70D98416F8847FFE76CE23C
:10E62000FFE70998002800F0F980FFE70A98012128
:10E63000C1F20001084209D1FFE70B9840F2201116
:10E64000C0F20041084200F0E980FFE79DF8300089
:10E65000C00788B1FFE79DF82D00C00760B1FFE754
:10E660000D980168012008620D99D1F8900040F0E2
:10E670000100C1F89000FFE79DF8300080070028F6
:10E6800011D5FFE79DF82800C00760B1FFE70D989E
:10E690000168022008620D99D1F8900040F0040052
:10E6A000C1F89000FFE79DF830004007002811D521
:10E6B000FFE79DF82800C00760B1FFE70D980168EB
:10E6C000042008620D99D1F8900040F00200C1F8D2
:10E6D0009000FFE79DF830000007002819D5FFE7FC
:10E6E0009DF82C008006002807D4FFE70A98012136
:10E6F000C1F2000108420CD0FFE70D980168082024
:10E7000008620D99D1F8900040F00800C1F890001F
:10E71000FFE79DF831000007002813D5FFE79DF8BB
:10E720002F00400700280DD5FFE70D9801684FF432
:10E73000006008620D99D1F8900040F02000C1F807
:10E740009000FFE70D98D0F89000002865D0FFE713
:10E750009DF830008006002815D5FFE79DF82C00B5
:10E760008006002806D4FFE79DF82B00C00600288D
:10E7700009D5FFE70D98406F20B1FFE70D98416F75
:10E780008847FFE7FFE70D98D0F8900008900D98B4
:10E790000068806800F04000402806D0FFE79DF840
:10E7A000200010F0280F2FD0FFE70D9803F082FA19
:10E7B0000D98006880684006002820D5FFE70D9876
:10E7C000D0F88000B0B1FFE70D98D0F8801041F686
:10E7D0009540C0F60100C8660D98D0F88000F6F7A5
:10E7E00017FA30B1FFE70D98D0F88000C16E884766
:10E7F000FFE703E00D98FFF7DDFEFFE703E00D986C
:10E80000FFF7D8FEFFE707E00D98FFF7D3FE0D995D
:10E810000020C1F89000FFE7FFE76EE10D98C06EA1
:10E82000012840F00B81FFE79DF83000C00600286A
:10E8300040F10481FFE79DF82C00C006002840F15C
:10E84000FD80FFE70D980168102008620D980068B0
:10E8500080684006002840F18F80FFE70D98D0F8CF
:10E8600080000068806CADF81E00BDF81E00002816
:10E8700067D0FFE7BDF81E000D99B1F85C10884223
:10E880005FDAFFE7BDF81E000D99A1F85E000D9854
:10E89000D0F88000006D812846D0FFE7FFE7FFE752
:10E8A0000D98006850E8000F20F480700690FFE794
:10E8B00006990D98026842E800100028F0D1FFE7A1
:10E8C000FFE7FFE7FFE70D98006850E8020F20F030
:10E8D00001000590FFE705990D98026842E80210D3
:10E8E0000028F0D1FFE7FFE70D992020C1F88C0048
:10E8F0000D990020C866FFE7FFE70D98006850E813
:10E90000000F20F010000490FFE704990D980268B2
:10E9100042E800100028F0D1FFE7FFE70D98D0F89B
:10E920008000F6F7E9F8FFE70D99022008670D98D7
:10E93000B0F85C10B0F85E20891A89B2FFF79CFD30
:10E9400019E0BDF81E000D99B1F85C10884211D194
:10E95000FFE70D98D0F88000006D812809D1FFE70E
:10E960000D99022008670D98B0F85C10FFF784FD40
:10E97000FFE7FFE7FFE7C0E00D99B1F85C00B1F8F1
:10E980005E10401AADF80E000D98B0F85E00002839
:10E9900053D0FFE7BDF80E0000284ED0FFE7FFE799
:10E9A000FFE70D98006850E8000F20F49070029087
:10E9B000FFE702990D98026842E800100028F0D1A4
:10E9C000FFE7FFE7FFE7FFE70D98006850E8020F59
:10E9D0004FF6FE71CEF6FF7108400190FFE70199F6
:10E9E0000D98026842E802100028EDD1FFE7FFE72A
:10E9F0000D992020C1F88C000D990020C8660D9952
:10EA00004867FFE7FFE70D98006850E8000F20F027
:10EA100010000090FFE700990D98026842E800108E
:10EA20000028F0D1FFE7FFE70D99022008670D9855
:10EA3000BDF80E10FFF720FDFFE75EE09DF8320005
:10EA4000C00600280FD5FFE79DF82A0040060028E1
:10EA500009D5FFE70D9801684FF4801008620D9802
:10EA6000FFF7A4FD49E09DF830000006002815D509
:10EA7000FFE79DF82C000006002806D4FFE79DF86C
:10EA80002A000006002809D5FFE70D98806F20B105
:10EA9000FFE70D98816F8847FFE72EE09DF8300073
:10EAA000400600280AD5FFE79DF82C004006002804
:10EAB00004D5FFE70D9803F04DF91EE09DF83200F4
:10EAC000000600280AD5FFE79DF82F004006002821
:10EAD00004D5FFE70D98FFF765FD0EE09DF83300C4
:10EAE000C00750B1FFE79DF82F000006002804D5AD
:10EAF000FFE70D98FFF7C6FCFFE70EB080BD0000F2
:10EB000080B582B00090009820B9FFE701208DF811
:10EB1000070046E00098806908B1FFE700E0FFE7E2
:10EB20000098D0F8880040B9FFE70099002081F8EC
:10EB30008400009800F03AF8FFE700992420C1F81B
:10EB4000880000980168086820F0010008600098BB
:10EB5000806A20B1FFE7009802F054FFFFE70098B9
:10EB600003F01AF9012804D1FFE701208DF807000E
:10EB700017E000980168486820F4904048600098C9
:10EB80000168886820F02A00886000980168086899
:10EB900040F001000860009802F0D8FF8DF80700EF
:10EBA000FFE79DF8070002B080BD000080B5D0B03F
:10EBB0004F9000204E904D904C904B904A9008A85A
:10EBC0004FF48471F1F7AAFB4F98006843F60001F7
:10EBD000C4F20101884240F08380FFE700200990E1
:10EBE000012108911F9008A8FBF770F818B1FFE702
:10EBF000F4F71AFFFFE7FFE740F6A440C4F2024033
:10EC0000016841F480410160006800F48040079091
:10EC10000798FFE7FFE740F68C40C4F20240016826
:10EC200041F001010160006800F0010006900698C3
:10EC3000FFE74FF4C0604A9002204B900120019002
:10EC40004C90002002904D9007204E900020C4F27E
:10EC500002204AA9F7F7CEFB019A029940F2D4604C
:10EC6000C2F20000039040F25013C4F202030360AA
:10EC70001623436081604FF48063C36008230361FF
:10EC800041618161C161016242628262C16201636C
:10EC90004163F6F78BF918B1FFE7F4F7C5FEFFE71C
:10ECA000FFE74F9840F2D461C2F20001C1674F986C
:10ECB000C865FFE740F2D460C2F200001021F5F70A
:10ECC000D1FF18B1FFE7F4F7AFFEFFE73A2000905D
:10ECD00000221146F7F73AFE0098F7F72DFE46E0BE
:10ECE0004F98006846F20041C4F2000188423DD1CD
:10ECF000FFE70020099020210891249008A8FAF746
:10ED0000E5FF18B1FFE7F4F78FFEFFE7FFE740F6F6
:10ED10009C40C4F20240016841F00071016000684B
:10ED200000F0007005900598FFE7FFE740F68C4083
:10ED3000C4F20240016841F004010160006800F083
:10ED4000040004900498FFE7C0204A9002204B90F2
:10ED500001204C9000204D9007204E9040F600007E
:10ED6000C4F202204AA9F7F745FBFFE7FFE750B0DE
:10ED700080BD000080B58AB008900791ADF81A20D8
:10ED800005930898D0F88800202840F09580FFE788
:10ED9000079820B1FFE7BDF81A0020B9FFE701206E
:10EDA0008DF827008CE0089800688068000600282D
:10EDB00007D5FFE708980168886820F08000886020
:10EDC000FFE708990020C1F8900008992120C1F8B8
:10EDD0008800F7F7B3FC0290BDF81A000899A1F873
:10EDE0005400BDF81A000899A1F8560008988068E8
:10EDF000B0F5805F09D1FFE70898006928B9FFE7FF
:10EE0000002004900798039004E0079804900020E5
:10EE10000390FFE7FFE70898B0F8560088B3FFE7D4
:10EE20000898029B05996A4611608021002203F030
:10EE3000BFF940B1FFE708992020C1F888000320FE
:10EE40008DF827003CE0049858B9FFE70398008844
:10EE50006FF35F2008990968886203980230039075
:10EE600008E00498007808990968886204980130DD
:10EE70000490FFE70899B1F856000138A1F8560050
:10EE8000C9E70898029B05996A4611604021002253
:10EE900003F08EF940B1FFE708992020C1F88800FF
:10EEA00003208DF827000BE008992020C1F8880086
:10EEB00000208DF8270003E002208DF82700FFE7EF
:10EEC0009DF827000AB080BD81B0009001B0704766
:10EED00085B001900198007801460091022804D382
:10EEE000FFE70098022834D06BE0019890ED061AF5
:10EEF00090ED070A90ED083A90ED092A21EE031AE9
:10EF000020EE020A30EE410A8DED020A019890EDE2
:10EF1000061A90ED073A90ED080A90ED092A21EEC5
:10EF2000031A20EE020A30EE010A8DED030A019861
:10EF300090ED061A90ED090A21EE011ABEEE002AA4
:10EF400031EE021A20EE000A30EE010A8DED040ABD
:10EF50003CE0019890ED060A90ED071A90ED082A22
:10EF600090ED093A21EE031A20EE020A30EE410A32
:10EF70008DED020A019890ED061A90ED073A90ED9A
:10EF8000080A90ED092A21EE031A20EE020A30EE5B
:10EF9000011A9FED120A30EE410A8DED030A019825
:10EFA00090ED060A90ED091A20EE002AB6EE000A4E
:10EFB00030EE420A21EE011A30EE410A8DED040ACC
:10EFC00004E00020029003900490FFE79DED020A08
:10EFD000DDED030A9DED041A05B0704700000080C6
:10EFE00085B00190019800780146009140B1FFE79B
:10EFF0000098012838D0FFE7009802286CD0A3E0E1
:10F00000019890ED061A90ED070A90ED082A90ED10
:10F01000093A21EE031A20EE020A30EE010A8DEDC4
:10F02000020A019890ED061A90ED080A21EE011AE5
:10F03000BEEE002A31EE021A20EE000A30EE010A7E
:10F040008DED030A019890ED061A90ED073A90EDC8
:10F05000080A90ED092A21EE031A20EE020A30EE8A
:10F06000410A8DED040A74E0019890ED060A90EDD6
:10F07000071A20EE002AB6EE000A30EE420A21EE10
:10F08000011A30EE410A8DED020A019890ED060A50
:10F0900090ED071A90ED083A90ED092A21EE031A37
:10F0A00020EE020A30EE410A8DED030A019890ED40
:10F0B000061A90ED070A90ED083A90ED092A21EE24
:10F0C000031A20EE020A30EE011A9FED260A30EEF6
:10F0D000410A8DED040A3CE0019890ED061A90ED8E
:10F0E000070A90ED082A90ED093A21EE031A20EE66
:10F0F000020A30EE011A9FED1B0A30EE410A8DED37
:10F10000020A019890ED060A90ED081A20EE002AF6
:10F11000B6EE000A30EE420A21EE011A30EE410A44
:10F120008DED030A019890ED060A90ED072A90ED07
:10F13000081A90ED093A21EE031A20EE020A30EE89
:10F14000410A8DED040A04E000200290039004902F
:10F15000FFE79DED020ADDED030A9DED041A05B0FF
:10F16000704700BF00000080FFE7FEE784B0039017
:10F1700002918DED010ACDED000A039908684A68F5
:10F180008B6840F20831C2F200018B604A6008606F
:10F19000029B18685A689B684B610A61C8600198B5
:10F1A00088610098C86104B07047000083B0029085
:10F1B00001918DED000A029908684A688B6840F257
:10F1C0000831C2F200018B624A620862019B186832
:10F1D0005A689B684B630A63C8620098C86303B0AF
:10F1E0007047000080B584B040F6EC31C2F20001F7
:10F1F0000020087040F6FE31C2F20001087040F6AF
:10F20000FC31C2F20001088040F60041C2F2000168
:10F2100008604860886040F6F031C2F20001086082
:10F220004860886040F67451C2F20001087040F2F4
:10F230006050C2F20000019064210291F3F708F8D7
:10F24000019802991830F3F703F840F25840C2F2DF
:10F2500000000390F2F76CFB039844F6A451C0F64B
:10F260000101F2F747FC04B080BD0000F0B5A3B087
:10F270008DF88B0040F20830C2F20000099090ED4A
:10F28000070A0C30002101F0DFFA0998C1681F91CC
:10F29000016920914169219101681C9141681D918A
:10F2A00080681E909DED1F0ADDED200A9DED211A5C
:10F2B00044F6345EC0F6010ECDF820E0DEF8000022
:10F2C000DEF80410DEF80820DEF80C30DEF810C09E
:10F2D000DEF81440DEF81850DEF81C60DEF820700E
:10F2E00040F2740EC2F2000EDEED001A9EED012A0D
:10F2F000DEED022A40F2EC5EC2F2000E9EED003A14
:10F30000DEED013A9EED024AEE46CEF81070CEF8E0
:10F310000C60CEF80850CEF80440CEF800C0F3F7E9
:10F32000FBF8DDF820E08DED1B1ACDED1A0A8DED0E
:10F33000190A19981A991B9A219220911F909DEDF4
:10F340001C0ADDED1D0A9DED1E1ADEF80000DEF838
:10F350000410DEF80820DEF80C30DEF810C0DEF80D
:10F360001440DEF81850DEF81C60DEF8207040F221
:10F37000640EC2F2000EDEED001A9EED012ADEEDF3
:10F38000022A40F2580EC2F2000E9EED003ADEED67
:10F39000013A9EED024AEE46CEF81070CEF80C60AF
:10F3A000CEF80850CEF80440CEF800C0F3F7B4F819
:10F3B0008DED181ACDED170A8DED160A16981799CE
:10F3C000189A1E921D911C909DED1F0ADDED200ADA
:10F3D0009DED211A40F26050C2F20000F2F75EFF8C
:10F3E00009988DED151ACDED140A8DED130A1399B8
:10F3F000149A159B219320921F911F9A40F2483135
:10F40000C2F20001CA60209A0A61219A4A611C9ADC
:10F410000A601D9A4A601E9A8A60C069C8619DF898
:10F420008B00012840F09380FFE740F20830C2F2E1
:10F430000000059090ED0F0A2C30012101F004FA34
:10F440000598C16A1F91016B2091406B21909DED41
:10F450001F0ADDED200A9DED211A44F6585EC0F624
:10F46000010ECDF818E0DEF80000DEF80410DEF83A
:10F470000820DEF80C30DEF810C0DEF81440DEF8AC
:10F480001850DEF81C60DEF8207040F2740EC2F2F4
:10F49000000EDEED001A9EED012ADEED022A40F29A
:10F4A000EC5EC2F2000E9EED033ADEED043A9EEDF4
:10F4B000054AEE46CEF81070CEF80C60CEF8085033
:10F4C000CEF80440CEF800C0F3F726F88DED121AFE
:10F4D000CDED110A8DED100A10981199129A219212
:10F4E00020911F909DED1F0ADDED200A9DED211A50
:10F4F00040F26050C2F200001830F2F7CFFE8DEDFE
:10F500000F1ACDED0E0A8DED0D0A0D980E990F9A7A
:10F51000219220911F901F9840F24831C2F20001C1
:10F5200041F82C0F07912098486021988860A1F13C
:10F5300020000AAAF4F718FA07990A9841F8200C53
:10F540000B9841F81C0C0C9841F8180CFFE723B0FD
:10F55000F0BD000080B582B0ADF8060040F240403A
:10F56000C2F2000040F2D451C2F200019FED140A31
:10F57000DFED140AFFF7FAFD40F2CE30C2F20000D0
:10F58000007868B1FFE740F24C40C2F2000040F260
:10F59000E051C2F200019FED0B0AFFF707FEFFE703
:10F5A00040F2CE30C2F200000078FFF75FFE40F27A
:10F5B0004830C2F2000000F007F802B080BD00BF82
:10F5C000000000000AD7233C80B594B01390139834
:10F5D000C0681090139800691190139840691290B8
:10F5E000139800680D90139840680E9013988068E7
:10F5F0000F90139890ED073A9DED100ADDED110A7A
:10F600009DED121ADDED0D1A9DED0E2ADDED0F2A8E
:10F6100040F25840C2F200000190F2F7ADFD0198AF
:10F62000F2F770F9CDED091A8DED081ACDED070A44
:10F630008DED060A9DED060ADDED070A9DED081A1F
:10F64000DDED091AF3F7AAF98DED0C1ACDED0B0AD1
:10F650008DED0A0A40F2AC51C2F200010A980B9AF1
:10F660000C9B8B604A60086040F61850C2F20000A4
:10F67000806880BBFFE740F2B850C2F2000000781B
:10F6800048B3FFE740F2CE30C2F20000007838B154
:10F69000FFE740F2B850C2F200004078D8B1FFE76F
:10F6A00040F6EC30C2F200000078092813D8FFE7DA
:10F6B00040F6EC32C2F200021078411CC8B2117060
:10F6C0000A2807D1FFE740F67451C2F20001012079
:10F6D0000870FFE7FFE740F25840C2F20000F2F77F
:10F6E00055F88DED051ACDED040A8DED030A9DED5B
:10F6F000101A9DED112A9DED120A22EE022A21EE2A
:10F70000011A31EE021A20EE000A30EE010A05F06D
:10F710001BF98DED020A40F6FC30C2F200000088B1
:10F72000632855D8FFE79DED020AB0EE081AB4EE43
:10F73000410AF1EE10FA4BDAFFE79DED031A40F6AD
:10F740000040C2F2000090ED000A30EE010A80EDA8
:10F75000000A9DED041A90ED010A30EE010A80EDD9
:10F76000010A9DED051A90ED020A30EE010A80EDC6
:10F77000020A40F6FC30C2F200000188013101802B
:10F780000088642823D3FFE740F60041C2F200015D
:10F7900091ED000A9FED0F1A80EE010A40F6F0305D
:10F7A000C2F2000080ED000A91ED010A80EE010A2C
:10F7B00080ED010A91ED020A80EE010A80ED020A55
:10F7C00040F6FE31C2F2000101200870FFE7FFE7BA
:10F7D00014B080BD0000C84281B0009000998868D4
:10F7E0004FF6C072C5F6FF721040886001B07047D6
:10F7F00081B0009048F2C801C4F20221086840F0CC
:10F800000100086001B0704781B000900099D1F804
:10F81000C80040F00100C1F8C80001B07047000006
:10F8200081B000900098806840F080504FF6C07121
:10F83000C7F6FF7108400099886001B0704700006A
:10F8400081B000900098806800F0E07001B07047CF
:10F8500083B0029001910298019900EB8100603021
:10F8600000900098006800F0F84003B07047000076
:10F8700081B0009000988068C0F3C00001B070476C
:10F8800081B0009000988068C0F3407001B070476C
:10F8900081B000900098806800F0010001B07047CE
:10F8A00081B0009000988068C0F3007001B070478C
:10F8B00081B0009000988068C0F3800001B070476C
:10F8C00084B00390029101920398029901F440716F
:10F8D00000EB91103030009000980068029901F020
:10F8E0001F021F21914088430199C1F38461914017
:10F8F00008430099086004B07047000084B003908A
:10F90000029101920398029901F0007100EBD1502D
:10F9100014300090009800680299C1F30452072146
:10F92000914088430199914008430099086004B0D0
:10F930007047000083B00290019100920298D0F8C5
:10F94000B00001996FF31F518843009A02F0180329
:10F950004FF6FF72C0F20F02DA40114008440299DC
:10F96000C1F8B00003B0704782B0019000910198D7
:10F97000806820F47C10009908430199886002B0E7
:10F980007047000082B0019000910198806820F0DB
:10F99000E070009908430199886002B07047000048
:10F9A00085B004900391029201930498039900EBAF
:10F9B000810060300090009800684FF20001C0F2B2
:10F9C000FF310140029800F0F840019A10430843CB
:10F9D00040F000400099086005B0704784B0039083
:10F9E000029101920398029900EB8100603000902F
:10F9F0000098006820F000700199084300990860A1
:10FA000004B0704784B00390029101920398029968
:10FA100000EB8100603000900098006820F080705A
:10FA2000019908430099086004B0704784B00390BE
:10FA3000029101920398029900EB810060300090DE
:10FA40000098006820F00040019908430099086080
:10FA500004B0704782B0019000910198406920F095
:10FA60000040009908430199486102B070470000C6
:10FA700080B58AB000210091099108910791069103
:10FA8000059104910391029140F20460C2F20000DA
:10FA9000019048F20002C4F2022202604FF40022F8
:10FAA00042608160C1600161042242610176417659
:10FAB0000122C26180F820108162C16280F8341096
:10FAC0000163816380F83C10F4F70CFD18B1FFE787
:10FAD000F3F7AAFFFFE70220C0F2304002900620B1
:10FAE0000390002004907F21059104210691079046
:10FAF00040F20460C2F2000002A9F4F7D3F818B192
:10FB0000FFE7F3F791FFFFE70AB080BD80B58AB049
:10FB100000210091099108910791069105910491A6
:10FB20000391029140F26C60C2F20000019048F231
:10FB30000012C4F2022202604FF40022426081608F
:10FB4000C160016104224261017641760122C261F5
:10FB500080F820108162C16280F8341001638163F3
:10FB600080F83C10F4F7BEFC18B1FFE7F3F75CFF38
:10FB7000FFE748F20000C3F6F06002900620039011
:10FB8000002004907F21059104210691079040F206
:10FB90006C60C2F2000002A9F4F784F818B1FFE724
:10FBA000F3F742FFFFE70AB080BD000080B540F2E6
:10FBB0004C70C2F2000043F20001C4F20201016085
:10FBC0000021017141714161816101210162F4F7FC
:10FBD0000FFF18B1FFE7F3F727FFFFE780BD000035
:10FBE00080B582B040F27070C2F2000001904AF21B
:10FBF0000041C4F200010160002141604FF44072F5
:10FC00008260C160017441748174052343610622DE
:10FC100082614FF00E0CC0F81CC0036201234362E6
:10FC200082621223C36202630A2242638163C16358
:10FC3000F6F7CAF818B1FFE7F3F7F6FEFFE702B0F0
:10FC400080BD000080B582B040F2D470C2F20000E6
:10FC500000904AF60001C4F2000101600021019108
:10FC600041608160C16001744174817410224261FD
:10FC700001228261C261026242628262C2620263E6
:10FC800041638163C163F6F79FF818B1FFE7F3F7AB
:10FC9000CBFEFFE702B080BD80B582B0FFE740F643
:10FCA0008840C4F20240016841F00101016000682F
:10FCB00000F0010001900198FFE71D200090002254
:10FCC0001146F6F743FE0098F6F736FE02B080BD07
:10FCD00080B59CB000201B901A9019901890179036
:10FCE000FFE740F68C40C4F20240016841F0100189
:10FCF0000160006800F0100016901698FFE7FFE71B
:10FD000040F68C40C4F20240016841F004010160F9
:10FD1000006800F0040015901598FFE7FFE740F633
:10FD20008C40C4F20240016841F08001016000682B
:10FD300000F0800014901498FFE7FFE740F68C4035
:10FD4000C4F20240016841F001010160006800F066
:10FD5000010013901398FFE7FFE740F68C40C4F2D0
:10FD60000240016841F002010160006800F00200F9
:10FD700012901298FFE7FFE740F68C40C4F2024071
:10FD8000016841F008010160006800F0080011906E
:10FD90001198FFE741F20000C4F2022002904CF2F9
:10FDA0000801019100220F92F6F7B2FC0F9A40F67B
:10FDB0000000C4F202200A9030210391F6F7A8FC5B
:10FDC0000F9A40F20040C4F202200690952104915F
:10FDD000F6F79EFC06984FF48051059101220B9294
:10FDE000F6F796FC0F9A40F60040C4F20220089005
:10FDF0004FF400410791F6F78BFC0F9A0020C4F2F4
:10FE000002200C904FF480710991F6F781FC07995C
:10FE10000B9A0C98F6F77CFC019B02980B9A0F99B1
:10FE20001793189219911A9117A90D91F6F7E2FA02
:10FE300002980D990F9A102317930023C1F2210302
:10FE400018931992F6F7D6FADDF80CC00A980B9BB6
:10FE50000D990F9ACDF85CC0189319921A92F6F783
:10FE6000C9FADDF810C006980B9B0D990F9ACDF8D2
:10FE70005CC0189319921A92F6F7BCFADDF814C018
:10FE800006980B9B0D990F9ACDF85CC018931992A8
:10FE900002220E921A92F6F7ADFADDF81CC008980D
:10FEA0000B9B0D990F9ACDF85CC0189319921A927A
:10FEB000F6F7A0FA099B0A980D990F9A17931892D2
:10FEC0001992F6F797FA0B9B0C980D990F9A4FF42D
:10FED000014CCDF85CC0189319921A92F6F78AFA81
:10FEE0000E990F9A0F201090F6F730FD1098F6F744
:10FEF00023FD1CB080BD000080B50020F6F724FC77
:10FF000018B1FFE7F3F790FDFFE7F6F73DFC18B1F6
:10FF1000FFE7F3F789FDFFE780BD000080B582B001
:10FF200040F63800C2F20000009043F20001C4F233
:10FF3000010101604FF48001416000210191816065
:10FF40000722C2604FF0007303614FF0807343617A
:10FF50004FF0806383614FF04053C361016241629F
:10FF60008162C26241638163C1638164C16401656E
:10FF700041658165C1650166FCF724FC18B1FFE7A6
:10FF8000F3F752FDFFE702B080BD000080B582B0FC
:10FF900040F6C800C2F20000009043F60001C4F22F
:10FFA000000101604FF480014160002101918160F6
:10FFB0000722C2604FF0007303614FF0807343610A
:10FFC0004FF0806383614FF04053C361016241622F
:10FFD0008162C26241638163C1638164C1640165FE
:10FFE00041658165C1650166FCF7ECFB18B1FFE76F
:10FFF000F3F71AFDFFE702B080BD000080B582B0C4
:020000040801F1
:1000000040F65810C2F20000009043F60041C4F2DE
:10001000000101604FF48001416000210191816085
:100020000722C2604FF0007303614FF08073436199
:100030004FF0806383614FF04053C36101624162BE
:100040008162C26241638163C1638164C16401658D
:1000500041658165C1650166FCF7B4FB18B1FFE736
:10006000F3F7E2FCFFE702B080BD000080B582B08C
:1000700040F6E810C2F20000009044F60041C4F2DD
:10008000010101604FF48001416000210191816014
:100090000722C2604FF0007303614FF08073436129
:1000A0004FF0806383614FF04053C361016241624E
:1000B0008162C26241638163C1638164C16401651D
:1000C00041658165C1650166FCF77CFB18B1FFE7FE
:1000D000F3F7AAFCFFE702B080BD000080B584B052
:1000E000002103910291019140F67820C2F20000B4
:1000F00041F20042C4F200020260F92242608160D3
:1001000040F2E732C2608161FDF78AFE18B1FFE775
:10011000F3F78AFCFFE700200190039040F6782077
:10012000C2F2000001A9FDF76DFD18B1FFE7F3F77A
:100130007BFCFFE704B080BD80B582B040F6C420F0
:10014000C2F20000009043F60001C4F20101016018
:100150004FF461314160002101918160C160016112
:100160000C2242618161C161016241628162FEF7DC
:10017000C7FC18B1FFE7F3F757FCFFE740F6C420D0
:10018000C2F200000021FEF7C7F918B1FFE7F3F74C
:100190004BFCFFE740F6C420C2F200000021FEF74E
:1001A00075F918B1FFE7F3F73FFCFFE740F6C4200D
:1001B000C2F20000FEF722F918B1FFE7F3F734FCB2
:1001C000FFE702B080BD000080B582B040F6583035
:1001D000C2F20000009046F20041C4F2000101604A
:1001E0004FF416514160002101918160C1600161AD
:1001F0000C2242618161C161016241628162FEF74C
:100200007FFC18B1FFE7F3F70FFCFFE740F658302B
:10021000C2F200000021FEF77FF918B1FFE7F3F703
:1002200003FCFFE740F65830C2F200000021FEF761
:100230002DF918B1FFE7F3F7F7FBFFE740F6583069
:10024000C2F20000FEF7DAF818B1FFE7F3F7ECFBB3
:10025000FFE702B080BD0000FFE7FEE7FFE7FEE733
:1002600088B0079006910592079800F00700049067
:100270000498C0F10700052803D3FFE7042001908C
:1002800004E00498C0F107000190FFE70198039093
:1002900004980430062803D8FFE70020009003E00C
:1002A000049803380090FFE700980290069803999D
:1002B000012202FA01F101390840029B9840059998
:1002C0009A40013A1140084308B0704787B08DED5D
:1002D000060ACDED050A8DED041ACDED031A9DED4C
:1002E000050A9DED031A30EE010A8DED020A9DED1F
:1002F000030A9DED021A80EE010A8DED010A9DEDC3
:10030000050A9DED021A80EE010A8DED000A9DEDB1
:10031000010A9DED062A9DED001A9DED043A21EE9D
:10032000031A20EE020A30EE010A07B070470000FF
:100330007047000080B5C4B002A801904FF48471EA
:10034000EFF7ECFF0198042103910021C4F2200192
:100350000291032104910221059110220692079136
:10036000089109910C210A9100210B910C914FF4F5
:1003700000310D914FF4007131913D91F9F7A6FCD8
:1003800018B1FFE7F3F750FBFFE744B080BD000072
:1003900080B58EB002A801902C21EFF7BFFF019924
:1003A00040F27070C2F20000F5F73AFA20B1FFE7B0
:1003B0006FF005000D904BE040F6C840C2F200001F
:1003C000007830B9FFE7079818B9FFE700200D90D3
:1003D0003EE040F6C841C2F200010020087040F241
:1003E0007070C2F20000F5F73BFF50B1FFE740F636
:1003F000C841C2F20001012008706FF005000D90A5
:1004000026E040F27070C2F20000F5F703FF50B131
:10041000FFE740F6C841C2F20001012008706FF00A
:1004200005000D9014E040F27070C2F2000002F07E
:10043000E9FD50B1FFE740F6C841C2F200010120DA
:1004400008706FF005000D9002E000200D90FFE7AE
:100450000D980EB080BD000080B58AB000200490D9
:10046000099008900790069005900690022100914F
:10047000079108904FF40050059040F60000C4F238
:100480000220019005A90391F5F7B4FF009A0198A5
:1004900003990592F5F7AEFF03990120059000201E
:1004A000C4F202200290F5F7A5FF029803990422F6
:1004B0000592F5F79FFF04980AB080BD80B584B01F
:1004C000029000208DF80700029820B9FFE76FF036
:1004D0000100039049E040F60000C4F202204FF40E
:1004E0000051F6F7FDF8012807D1FFE79DF8070056
:1004F00040F001008DF80700FFE740F60000C4F26D
:1005000002200221F6F7ECF8012807D1FFE79DF859
:10051000070040F002008DF80700FFE70020C4F25A
:1005200002200121F6F7DCF8012807D1FFE79DF84A
:10053000070040F004008DF80700FFE70020C4F238
:1005400002200421F6F7CCF8012807D1FFE79DF837
:10055000070040F008008DF80700FFE79DF807004E
:100560000299087000200390FFE7039804B080BD53
:1005700080B584B0029040F60041C4F202410868A0
:1005800020F080600860F6F7D9F80190FFE740F6A8
:100590000040C4F20240006800F000610020B0EBAF
:1005A000D16F0CD0FFE7F6F7C9F80199401A03287C
:1005B00004D3FFE703208DF80F008BE0E7E7FFE7A8
:1005C00040F62C41C4F20241086843F6037290439E
:1005D000029B1A685B6842EA032210430860029992
:1005E0008868D1F80CC00B694A6901386FF35F2045
:1005F0004FF60061CFF6FF7101EB4C2189B2084440
:100600000021CFF6FF7101EB034101F4FE01084424
:100610004FF07F4101EB026101F0FE41084440F6DA
:100620003C41C4F202410860FFE740F62C41C4F2AD
:1006300002410091086820F00C00029A9269104370
:100640000860086820F02000029AD2691043086010
:100650000298426A086810430860086820F0100099
:10066000086040F64042C4F2024210684FF6F87348
:100670009843029B1B6A40EAC3001060086840F080
:100680001000086040F60041C4F20241086840F0E2
:1006900080600860F6F752F80190FFE740F60040EE
:1006A000C4F20240006800F000610020B0EBD16F9E
:1006B0000CD1FFE7F6F742F80199401A032804D35A
:1006C000FFE703208DF80F0004E0E7E700208DF836
:1006D0000F00FFE79DF80F0004B080BD80B584B027
:1006E000029040F60041C4F20241086820F08050B8
:1006F0000860F6F723F80190FFE740F60040C4F2E7
:100700000240006800F000510020B0EB517F0CD097
:10071000FFE7F6F713F80199401A032804D3FFE71F
:1007200003208DF80F008BE0E7E7FFE740F630414C
:10073000C4F20241086843F603729043029B1A68B0
:100740005B6842EA03221043086002998868D1F886
:100750000CC00B694A6901386FF35F204FF60061E6
:10076000CFF6FF7101EB4C2189B208440021CFF68E
:10077000FF7101EB034101F4FE0108444FF07F419A
:1007800001EB026101F0FE41084440F64441C4F22D
:1007900002410860FFE740F63041C4F20241009197
:1007A000086820F00C00029A9269104308600868FB
:1007B00020F02000029AD269104308600298426A31
:1007C000086810430860086820F01000086040F6D0
:1007D0004842C4F2024210684FF6F8739843029BF5
:1007E0001B6A40EAC3001060086840F0100008600F
:1007F00040F60041C4F20241086840F080500860B1
:10080000F5F79CFF0190FFE740F60040C4F202407C
:10081000006800F000510020B0EB517F0CD1FFE7E1
:10082000F5F78CFF0199401A032804D3FFE7032052
:100830008DF80F0004E0E7E700208DF80F00FFE7D8
:100840009DF80F0004B080BD80B588B007908DED95
:10085000060A8DF817109DF8171040F2B850C2F232
:100860000000405C08B1FFE7A1E19DED060A9FEDA5
:10087000D11A20EE010A8DED040A9DED040AB7EEAF
:10088000001AB4EE410AF1EE10FA04DDFFE74FF072
:100890007E500490FFE7002003900290FFE702984B
:1008A00002285BDCFFE79DF8171040F2C830C2F267
:1008B0000000405C88B9FFE70798029A50F82200D0
:1008C0009DF8171001EB410340F29031C2F2000194
:1008D00001EB830141F82200FFE79DED040A079830
:1008E000029A00EB820090ED002A9DF8170000EBC1
:1008F000400140F29030C2F2000000EB810101EBB8
:10090000820191ED001A32EE412A20EE020A30EE09
:10091000010A81ED000A079A029902EB810292ED29
:10092000000A9DF8172002EB420200EB820000EB68
:10093000810090ED001A30EE410A8DED010A9DED27
:10094000010A9DED031A20EE000A30EE010A8DED3A
:10095000030AFFE7029801300290A0E79DF81720F4
:1009600040F2C831C2F20001012088549DED030A13
:1009700003F0EAFF8DED000A00989DF8171001EBD7
:10098000410240F60C41C2F2000141F822009DED07
:10099000000AB1EE041AB4EE410AF1EE10FA2ADDB3
:1009A000FFE79DF8172040F2C031C2F2000100209D
:1009B00041F822009DF8172040F2CA31C2F200012E
:1009C00021F812009DF8171001EB410240F2A83106
:1009D000C2F2000101EB820290609DF8172002EB49
:1009E000420201EB820250609DF8172002EB4202A6
:1009F00041F8220014E09DED060A9DF8171040F220
:100A0000C030C2F2000000EB810090ED001A9FEDB3
:100A10006A2A20EE020A30EE010A80ED000AFFE7A2
:100A20009DF8171040F2C030C2F2000000EB8100C8
:100A300090ED000A9FED611AB4EE410AF1EE10FA52
:100A4000C0F29680FFE7079890ED001A9DF8170016
:100A500000EB400140F2A830C2F2000000EB81013F
:100A600091ED000A30EE010A81ED000A079991ED3F
:100A7000011A9DF8171001EB410100EB810191ED86
:100A8000010A30EE010A81ED010A079991ED021A7F
:100A90009DF8171001EB410100EB810090ED020A77
:100AA00030EE010A80ED020A9DF8172040F2CA30AC
:100AB000C2F2000030F81210013120F812109DF837
:100AC000171030F81100282851DBFFE79DF81700B8
:100AD00000EB400140F2A83CC2F2000C0CEB81029A
:100AE00092ED000A40F2CA32C2F2000232F810005F
:100AF00001EE100AB8EEC11A80EE010A40F2EC5085
:100B0000C2F2000000EB810181ED000A9DF8173070
:100B100003EB43010CEB810E9EED010A32F813301A
:100B200001EE103AB8EEC11A80EE010A00EB810125
:100B300081ED010A9DF8173003EB43010CEB810CAA
:100B40009CED020A32F8132001EE102AB8EEC11A09
:100B500080EE010A00EB810080ED020A9DF817206B
:100B600040F2B851C2F2000101208854FFE7FFE7CC
:100B70009DF8171040F2C030C2F2000050F821007A
:100B800001EB410240F60C41C2F2000101EB82028E
:100B900050609DF8172040F2CA30C2F2000030F8D1
:100BA000120002EB420201EB82010881FFE708B06C
:100BB00080BD00BFDA0F494100007A44000048427E
:100BC00082B0019001980068406900900198016826
:100BD000886940F00800886101980168886940F0E0
:100BE0001000886101980168086820F00100086021
:100BF00001980168086940F26F32904308610198DA
:100C00000168886820F440408860019890F8890065
:100C1000042815D0FFE79DF80000800600280ED5B7
:100C2000FFE70199D1F88C0040F08000C1F88C00FA
:100C300001980168886940F020008861FFE7FFE7BC
:100C4000019890F88900032815D0FFE79DF800006F
:100C5000400600280ED5FFE70199D1F88C0040F03E
:100C60000400C1F88C0001980168886940F04000D8
:100C70008861FFE7FFE79DF80100800700280ED597
:100C8000FFE70199D1F88C0040F00100C1F88C0019
:100C900001980168886940F400708861FFE79DF859
:100CA0000100C00770B1FFE70199D1F88C0040F056
:100CB0000800C1F88C0001980168886940F48070D0
:100CC0008861FFE701990020A1F86A000199A1F865
:100CD000720002B07047000083B002900298C16BAE
:100CE000012000EB511001900298C0680130009083
:100CF00000980730C00800900098019900FB01F0AF
:100D000003B0704780B586B0DDF820C00490039131
:100D10008DF80B200193FFE7049800684069039960
:100D20000840401AB0FA80F040099DF80B10884244
:100D300014D1FFE7F5F702FD0899401A019988429E
:100D400004D3FFE70198013018B9FFE7019820B9F3
:100D5000FFE703208DF8170004E0DDE700208DF8A1
:100D60001700FFE79DF8170006B080BD7047000030
:100D700010B588B0DDF828C006900591ADF81220B6
:100D80008DF81130069848B1FFE7BDF8120028B180
:100D9000FFE79DF81100202804D3FFE700208DF81D
:100DA0001F0030E002F02EFE0390039820B9FFE709
:100DB00000208DF81F0026E003980699059ABDF8DB
:100DC00012309DF811C0EE460224CEF80440CEF851
:100DD00000C002F049FE039802F0AAFD012807D0E6
:100DE000FFE70399002081F821008DF81F000AE039
:100DF0000A9820B1FFE703980A990860FFE70120ED
:100E00008DF81F00FFE79DF81F0008B010BD00001F
:100E100080B584B000F090F840F20030C2F20000DB
:100E20006946086040F61910C0F6000044F6BC514F
:100E3000C0F601010A2203920323FFF799FF039AE8
:100E400040F20430C2F200006946086041F66110C9
:100E5000C0F6010044F6CE51C0F601010423FFF7AD
:100E600087FF40F2D020C2F200006946086041F6D8
:100E70004910C0F6010044F6EA51C0F60101012212
:100E800001920523FFF774FF019A40F2EC20C2F2B1
:100E900000006946086040F2E170C0F6000044F6C8
:100EA000C851C0F6010115230293FFF761FF019AB3
:100EB000029B40F23C40C2F200006946086040F6E6
:100EC0005570C0F6000044F6D851C0F60101FFF796
:100ED0004FFF029B40F28830C2F200006946086072
:100EE00040F63D50C0F6000044F6C451C0F6010182
:100EF0004FF47A72FFF73CFF039A40F28C30C2F253
:100F000000006946086040F68960C0F6000044F6BB
:100F1000F451C0F601011623FFF72AFF012808D07B
:100F2000FFE740F61851C2F20001C86A0130C862FA
:100F3000FFE704B080BD000080B582B040F61451D8
:100F4000C2F20001002008608DF80700FFE79DF85D
:100F50000700132826D8FFE79DF8070000EB4001A3
:100F600040F68050C2F20000009000EB01103021EA
:100F7000EFF7D4F900999DF8070000EB400001EB72
:100F80000012002082F821009DF8072002EB4202A7
:100F900001EB02114862FFE79DF8070001308DF870
:100FA0000700D4E702B080BD80B586B040F614508B
:100FB000C2F2000000680590F2F76EFE0490FFE7B1
:100FC0000598002845D0FFE7049805998969401ADB
:100FD000039003980599898A884236D3FFE70498DD
:100FE00005990022CA6188610598006860B3FFE72F
:100FF0004EF21800CEF200000090006802900598B2
:101000000168808A884700980068019001980299D9
:10101000884208D3FFE702984DF29001C0F2030125
:1010200008440290FFE702980199401A00EE100A66
:10103000B8EE400A9FED081A20EE010A0598BCEEB2
:10104000C00A80ED0A0AFFE7FFE70598406A0590AD
:10105000B6E706B080BD00BF6F12833B80B5F5F7E1
:101060009DFB80BD80B584B0ADF80A00BDF80A00D4
:1010700018B9FFE70020039041E04EF6FC50CEF295
:1010800000000068C001002808D5FFE741F2000019
:10109000CEF200000068C00720B9FFE76FF006003D
:1010A00003902CE040F22000C2F200000268BDF87C
:1010B0000AC0002344F23F20C0F20F001946E2FBB1
:1010C0000C0144F24022C0F20F02EFF7DDF800906D
:1010D00041F20400CEF2000000680190FFE741F207
:1010E0000400CEF2000000680199401A009988427D
:1010F00002D2FFE700BFF2E700200390FFE703986A
:1011000004B080BD80B58CB0FF208DF82A0000208F
:101110000990EFF733FE58B1FFE740F61851C2F2DD
:101120000001886A013088624FF0FF300B901EE1A9
:1011300040F2F021C2F20001059100200490C1F8B4
:1011400003000860012107910722069202F0D6FCF5
:10115000049B059A069984460798C2F800C013714B
:1011600050719171F2F7BAF840B1FFE740F61851AB
:10117000C2F20001086B01300863FFE70120F2F7BB
:101180009FF840B1FFE740F61851C2F20001086B2A
:1011900001300863FFE70120F2F7AEF840B1FFE746
:1011A00040F61851C2F20001086B01300863FFE7F6
:1011B0006420F4F7DBF800F0DDF840F2CE31C2F243
:1011C0000001002003900870FEF70CF8039840F629
:1011D0007451C2F200014870F1F75EFF40B1FFE7C1
:1011E00040F61851C2F20001C8680130C86006E03C
:1011F00040F67451C2F2000101204870FFE7EFF79A
:1012000085FC40B1FFE740F61851C2F20001886842
:1012100001308860FFE740F60000C4F20220202180
:1012200001220292F5F774FA029A40F20040C4F2E9
:1012300002201146F5F76CFAF2F7B0FA40B1FFE779
:1012400040F61851C2F2000148690130486106E0D9
:1012500040F67451C2F2000101208870FFE7EFF7F9
:1012600091FA40B1FFE740F61851C2F20001486818
:1012700001304860FFE7EFF7FDFD58B1FFE740F6AA
:101280001851C2F20001886A013088624FF0FF30C5
:101290000B906CE0FFF7BCFD40F67820C2F2000036
:1012A000FCF73AFE6420EFF73FFA40B1FFE740F663
:1012B0001851C2F20001C86C0130C864FFE7F5F7AD
:1012C0003DFA0890FFE740F67450C2F20000417901
:1012D0000020019059B9FFE7F5F730FA0899411A53
:1012E0000020B1F57A7F38BF01200190FFE7019817
:1012F000C00720B1FFE70120F4F738F8E3E740F634
:101300007450C2F200004079B8B1FFE70220F4F750
:101310002DF801F037F840F2E030C2F2000000781A
:10132000EFF7F2FD40B1FFE740F61851C2F20001BD
:10133000886B01308863FFE7FFE7FFE740F67450F2
:10134000C2F200000078012804D0FFE70A20F4F779
:101350000DF8F3E740F67451C2F2000101208871E4
:1013600040F6B830F4F702F800200B90FFE70B9836
:101370000CB080BD81B04EF6FC51CEF20001086881
:1013800040F08070086041F20000CEF2000000687A
:101390008001002804D5FFE76FF0070000901CE0F3
:1013A00041F20401CEF200010020086041F2000089
:1013B000CEF20000016841F001010160BFF34F8FE0
:1013C000BFF36F8F0068C00720B9FFE76FF005001B
:1013D000009002E000200090FFE7009801B0704705
:1013E00080B59CB008A85021EEF798FF0020079028
:1013F00006900590049003900290FFE740F61000DD
:10140000C4F20240016841F030010160006800F060
:10141000300001900198FFE7FFE740F61400C4F2A6
:101420000240006800F00800082801D0FFE7F4E758
:10143000012008904FF4803009900220129003217F
:10144000139114902821159116900421179118904A
:101450000C20199000201A901B9008A8FAF7B4FCF1
:1014600018B1FFE7F2F7E0FAFFE71F200290032030
:1014700003900020049005900690079002A8052193
:10148000FAF79CF818B1FFE7F2F7CEFAFFE742F25D
:101490000001C4F202010868022262F3051008602C
:1014A0001CB080BD82B04EF68851CEF200010868B3
:1014B00040F47000086040F60042C4F2024201208D
:1014C000106040F61C41C4F2024100200090086008
:1014D00040F62041C4F20241086011684EF6E32351
:1014E000CEF6E2231940116040F62841C4F20241D1
:1014F000086040F62C41C4F20241086040F63041D9
:10150000C4F20241086040F63443C4F2024340F2A0
:101510008021C0F20111196040F63843C4F2024341
:10152000186040F63C43C4F20243196040F6404361
:10153000C4F20243186040F64443C4F20243196007
:1015400040F64841C4F202410860116821F480214C
:10155000116040F65041C4F2024108604EF6085155
:10156000CEF200014FF00060086042F21800C4F2B1
:101570000200006800F0604001900198B0F1604FF7
:1015800005D0FFE70198B0F1404F24D1FFE742F2C8
:101590001C00C4F202000068C00778B1FFE742F205
:1015A0000C01C4F2020142F63B20C0F619000860AB
:1015B00046F67F60C4F65D400860FFE742F21C011A
:1015C000C4F20201086840F002000860086840F0B8
:1015D00001000860FFE702B07047000080B540F6E8
:1015E0007820C2F20000FCF765FD80BD83B0029058
:1015F0000191029800680090029842F60041C4F2FE
:101600000101884252D0FFE7029842F60041C5F23C
:10161000010188424AD0FFE70298B0F1804F45D0DF
:10162000FFE70298B0F1A04F40D0FFE7029840F2E8
:101630000041C4F20001884238D0FFE7029840F22E
:101640000041C5F20001884230D0FFE7029840F621
:101650000001C4F20001884228D0FFE7029840F65A
:101660000001C5F20001884220D0FFE7029840F651
:101670000041C4F20001884218D0FFE7029840F60A
:101680000041C5F20001884210D0FFE7029843F202
:101690000041C4F20101884208D0FFE7029843F2FA
:1016A0000041C5F2010188420AD1FFE7009820F00D
:1016B0007000009001984168009808430090FFE78F
:1016C000029842F60041C4F20101884200F0BA805B
:1016D000FFE7029842F60041C5F20101884200F09E
:1016E000B180FFE70298B0F1804F00F0AB80FFE7D8
:1016F0000298B0F1A04F00F0A580FFE7029840F2F9
:101700000041C4F20001884200F09C80FFE702988B
:1017100040F20041C5F20001884200F09380FFE7EB
:10172000029840F60001C4F20001884200F08A806D
:10173000FFE7029840F60001C5F20001884200F080
:101740008180FFE7029840F60041C4F20001884220
:1017500078D0FFE7029840F60041C5F200018842C8
:1017600070D0FFE7029843F20041C4F201018842C1
:1017700068D0FFE7029843F20041C5F201018842B8
:1017800060D0FFE7029841F60001C4F200018842F0
:1017900058D0FFE7029841F60001C5F200018842E7
:1017A00050D0FFE7029841F60041C4F200018842A0
:1017B00048D0FFE7029841F60041C5F20001884297
:1017C00040D0FFE7029842F20001C4F200018842D3
:1017D00038D0FFE7029842F20001C5F200018842CA
:1017E00030D0FFE7029844F20001C4F201018842C0
:1017F00028D0FFE7029844F20001C5F201018842B7
:1018000020D0FFE7029844F20041C4F2010188426F
:1018100018D0FFE7029844F20041C5F20101884266
:1018200010D0FFE7029844F60001C4F2010188429B
:1018300008D0FFE7029844F60001C5F20101884292
:101840000AD1FFE7009820F4407000900198C16829
:10185000009808430090FFE7009820F0800001996D
:1018600049690843009000980299086001988068CF
:101870000299C8620198006802998862029842F64B
:101880000041C4F20101884248D0FFE7029842F6C5
:101890000041C5F20101884240D0FFE7029843F2BF
:1018A0000041C4F20101884238D0FFE7029843F2B8
:1018B0000041C5F20101884230D0FFE7029844F2AE
:1018C0000001C4F20101884228D0FFE7029844F2E7
:1018D0000001C5F20101884220D0FFE7029844F2DE
:1018E0000041C4F20101884218D0FFE7029844F297
:1018F0000041C5F20101884210D0FFE7029844F68A
:101900000001C4F20101884208D0FFE7029844F6C2
:101910000001C5F20101884205D1FFE70198006985
:1019200002990863FFE70299012048610298006963
:10193000C00730B1FFE70299086920F00100086193
:10194000FFE703B07047000080B582B0ADF8060035
:10195000BDF80600EEF768FD00F000FD02B080BDA6
:1019600080B582B0ADF80600BDF80600FDF7F2FDC7
:1019700000F014FD02B080BD82B001900198406E6D
:1019800040B9FFE701990120A1F86A000199A1F887
:10199000680034E008208DF803008DF802000198FB
:1019A00000688068C0F342608DF80100019800680B
:1019B0008068400F8DF800009DF802009DF800201F
:1019C00044F68453C0F60103995C00FB01F044F631
:1019D0007C51C0F601018A5CB0FBF2F0019AA2F8DA
:1019E0006A009DF803009DF801209B5C00FB03F05A
:1019F000895CB0FBF1F00199A1F86800FFE702B043
:101A00007047000081B00090009890F8280000070F
:101A100000280BD5FFE700980068406820F40040DC
:101A2000009A1168926B10434860FFE7009890F8A5
:101A30002800C00758B1FFE700980068406820F40C
:101A40000030009A1168D26A10434860FFE700989E
:101A500090F82800800700280BD5FFE70098006861
:101A6000406820F48030009A1168126B104348607F
:101A7000FFE7009890F82800400700280BD5FFE703
:101A800000980068406820F48020009A1168526B2A
:101A900010434860FFE7009890F82800C00600282F
:101AA0000BD5FFE700980068806820F48050009A0A
:101AB0001168D26B10438860FFE7009890F8280007
:101AC000800600280BD5FFE700980068806820F4A6
:101AD0000050009A1168126C10438860FFE700986C
:101AE00090F82800400600281CD5FFE70098006801
:101AF000406820F48010009A1168526C10434860CE
:101B00000098406CB0F5801F0BD1FFE7009800688B
:101B1000406820F4C000009A1168926C104348603D
:101B2000FFE7FFE7009890F82800000600280BD593
:101B3000FFE700980068406820F40020009A1168D0
:101B4000D26C10434860FFE701B0704780B588B0A1
:101B5000069006990020C1F89000F4F7EFFD05907B
:101B6000069800680068000700282FD5FFE7069850
:101B7000059B6A466FF07E4111604FF40011002210
:101B800000F016FB08B3FFE7FFE7FFE706980068E1
:101B900050E8000F20F080000490FFE704990698B9
:101BA000026842E800100028F0D1FFE7FFE706993D
:101BB0002020C1F88800FFE70699002081F8840002
:101BC000FFE703208DF81F005FE0FFE7069800683D
:101BD00000684007002842D5FFE70698059B6A4643
:101BE0006FF07E4111604FF48001002200F0E0FAB6
:101BF000A0B3FFE7FFE7FFE70698006850E8000F93
:101C000020F490700390FFE703990698026842E879
:101C100000100028F0D1FFE7FFE7FFE7FFE7069895
:101C2000006850E8020F20F001000290FFE70299DF
:101C30000698026842E802100028F0D1FFE7FFE7AB
:101C400006992020C1F88C00FFE70699002081F852
:101C50008400FFE703208DF81F0016E0FFE70699D8
:101C60002020C1F888000699C1F88C000699002050
:101C7000C86606990867FFE70699002081F8840086
:101C8000FFE700208DF81F00FFE79DF81F0008B058
:101C900080BD000080B582B001900198C06D0090B9
:101CA00000990020A1F85E000098FCF783FC02B0C8
:101CB00080BD000084B00390FFE7FFE70398006851
:101CC00050E8000F20F490700290FFE7029903980B
:101CD000026842E800100028F0D1FFE7FFE7FFE7C5
:101CE000FFE70398006850E8020F4FF6FE71CEF64A
:101CF000FF7108400190FFE701990398026842E8EC
:101D000002100028EDD1FFE7FFE70398C06E01281D
:101D100014D1FFE7FFE7FFE70398006850E8000FE2
:101D200020F010000090FFE700990398026842E855
:101D300000100028F0D1FFE7FFE7FFE7039920201C
:101D4000C1F88C0003990020C8660399486704B065
:101D50007047000080B582B00190FFE7FFE701986F
:101D6000006850E8000F20F040000090FFE7009965
:101D70000198026842E800100028F0D1FFE7FFE771
:101D800001992020C1F888000199002088670198F6
:101D9000FDF79AF802B080BD80B58AB009900020A6
:101DA0008DF813000998006842F20041C4F2004126
:101DB000884209D0FFE70998006842F20041C5F265
:101DC0000041884201D1FFE700E0FFE709998868F8
:101DD0000B694A69C9691843104308430890099878
:101DE0000068006846F6F311CCF6FF7108400899C8
:101DF000084309990968086009980068406820F458
:101E00004050099A1168D268104348600998806967
:101E100008900998006842F20041C4F200418842EB
:101E20000FD0FFE70998006842F20041C5F2004177
:101E3000884206D0FFE70998016A0898084308908D
:101E4000FFE70998006880684FF2FF41C1F2FF1177
:101E5000084008990843099909688860099800684A
:101E6000C06A20F00F00099A1168526A1043C862D4
:101E7000FFE70998006843F60001C4F201018842B7
:101E800003D1FFE701200690A3E00998006844F21F
:101E90000041C4F20001884203D1FFE7022006900E
:101EA00096E00998006844F60001C4F200018842F7
:101EB00003D1FFE70420069089E00998006844F602
:101EC0000041C4F20001884203D1FFE708200690D8
:101ED0007CE00998006845F20001C4F200018842E4
:101EE00003D1FFE7102006906FE00998006846F2E2
:101EF0000041C4F20001884203D1FFE72020069090
:101F000062E00998006847F60001C4F200018842C7
:101F100003D1FFE74020069055E00998006847F696
:101F20000041C4F20001884203D1FFE780200690FF
:101F300048E00998006848F20001C4F200018842B4
:101F400004D1FFE74FF4807006903AE009980068EA
:101F500046F60001C4F20001884204D1FFE74FF4C5
:101F6000007006902CE00998006846F60041C4F223
:101F70000001884204D1FFE74FF4806006901EE024
:101F80000998006848F20041C4F20001884204D177
:101F9000FFE74FF40060069010E00998006842F2F5
:101FA0000041C4F20041884204D1FFE74FF4805061
:101FB000069002E000200690FFE7FFE7FFE7FFE75B
:101FC000FFE7FFE7FFE7FFE7FFE7FFE7FFE7FFE7E1
:101FD000FFE7FFE70998006842F20041C4F20041C0
:101FE000884209D0FFE70998006842F20041C5F233
:101FF000004188425CD1FFE706980021F5F7EAF935
:1020000002900298002852D0FFE7029809994A6A84
:1020100044F68C51C0F6010131F81210B0FBF1F01A
:10202000039003980999496801EB4101884207D35D
:10203000FFE7039809994968B0EB013F04D9FFE72E
:1020400001208DF8130031E0029809994A68009246
:102050004A6A44F68C51C0F6010131F8122000237F
:1020600001931946EEF710F9009A019B090241EA23
:102070001061000210EB520041F10001EEF704F98B
:1020800005900598B0F5407F0BD3FFE70599002038
:10209000B0EB115F05D1FFE7059809990968C860A1
:1020A00003E001208DF81300FFE7FFE7FFE76FE093
:1020B0000998C069B0F5004F3CD1FFE706980021B0
:1020C000F5F788F90290029898B3FFE70298099A09
:1020D0005168536A44F68C52C0F6010232F813205C
:1020E000B0FBF2F0400000EB5100B0FBF1F00590C6
:1020F0000598102818D3FFE7BDF81600A0B9FFE730
:10210000059820F00F00ADF81E00059800F00E01B4
:10211000BDF81E0040EA5100ADF81E00BDF81E00DB
:1021200009990968C86003E001208DF81300FFE7F2
:10213000FFE72CE006980021F5F74CF90290029891
:1021400020B3FFE70298099A5168536A44F68C520B
:10215000C0F6010232F81320B0FBF2F000EB5100A0
:10216000B0FBF1F00590059810280AD3FFE7BDF801
:10217000160030B9FFE7BDF8140009990968C86076
:1021800003E001208DF81300FFE7FFE7FFE7FFE71B
:1021900009990120A1F86A000999A1F86800099934
:1021A00000204867099988679DF813000AB080BD30
:1021B00080B586B0DDF820C0049003918DF80B2027
:1021C0000193FFE704980068C06903990840401A2A
:1021D000B0FA80F040099DF80B10884266D1FFE705
:1021E00008980130002860D0FFE7F4F7A7FA0199BA
:1021F000401A0899884203D8FFE7089820B9FFE7FA
:1022000003208DF8170055E0049800680068400727
:10221000002849D5FFE70398802845D0FFE70398B9
:10222000402841D0FFE704980068C06900F0080129
:102230000120B0EBD10F16D1FFE704980168082008
:10224000009008620498FFF735FD00980499C1F8E2
:102250009000FFE70499002081F88400FFE7012047
:102260008DF8170026E004980068C06900F400614A
:102270000120B0EBD12F16D1FFE7049801684FF48D
:10228000006008620498FFF715FD04992020C1F84A
:102290009000FFE70499002081F88400FFE7032005
:1022A0008DF8170006E0FFE7FFE78BE700208DF8C9
:1022B0001700FFE79DF8170006B080BD80B540F617
:1022C000C420C2F20000FCF779F980BD84B08DED26
:1022D000030A029001919DED030A029890ED001A05
:1022E00030EE410A8DED000A9DED001A029890ED46
:1022F000002A9FED160A21EE001A31EE021A80ED37
:10230000001A019890ED001A9DED002A22EE000AB5
:1023100020EE020A30EE010A9FED0D1A20EE010AAE
:1023200080ED000A019890ED000A9FED0A1AB4EEC4
:10233000410AF1EE10FA07DAFFE7019941F26F2046
:10234000C3F683200860FFE704B07047CDCC4C3D56
:102350003333733F6F12833AFFE7FEE740F2BC204E
:10236000C2F20000026840F2D031C2F200010A60FD
:10237000C2684A6042688A600069002818BF01206C
:102380000873704740F2CC40C2F20000007C40F27B
:10239000E031C2F2000108707047000080B584B0DF
:1023A00040F25840C2F20000EFF7ACFACDED031A4C
:1023B0008DED021ACDED010A8DED000A40F2483094
:1023C000C2F20000C26840F22401C2F200010A60B9
:1023D00002694A6042698A600268CA6042680A61AA
:1023E0008068486140F2AC50C2F2000002688A6125
:1023F0004268CA61806808620098486201988862F1
:102400000298C8620398086304B080BD80B584B0A8
:1024100040F2FC40C2F20000008840F2E431C2F217
:1024200000010391088000F0AFFC0399887040F62A
:102430007450C2F20000C07850B1FFE700F080FC99
:1024400000F020F940F2E431C2F20001C870FFE769
:1024500000F018FC00F03EF940F2E431C2F2000155
:102460000291087140F2FC40C2F200000190D0F8E5
:1024700005208A60D0F80920CA60D0F80D200A61D2
:10248000D0F811204A61D0F815208A61D0F81920BF
:10249000CA61D0F81D200A62D0F821204A62D0F823
:1024A0002500886240F22C50C2F200000088888526
:1024B00000F07CFC029981F82E0040F67450C2F2C4
:1024C0000000007958B1FFE700F04CFC00F0DAF8AA
:1024D00040F2E431C2F2000181F82F00FFE700F082
:1024E0001FFC00F0F7F840F2E431C2F2000181F87D
:1024F000300040F22C50C2F20000D0F805204A63B0
:10250000D0F809208A63D0F80D20CA63D0F81120D2
:102510000A64D0F815204A64D0F819208A64D0F8EB
:102520001D20CA64D0F821200A65D0F8250048652E
:1025300004B080BD80B584B08DF80B009DF80B0011
:1025400080B1FFE79DF80B0001280BD0FFE740F6B4
:102550001851C2F20001C86B0130C8636FF001006E
:10256000039015E09DF80B006421EEF773F80190DD
:102570000198B0F1FF3F08DCFFE740F61851C2F2C6
:102580000001C86B0130C863FFE701980390FFE7C3
:10259000039804B080BD000080B584B08DF80B00B6
:1025A0009DF80B0080B1FFE79DF80B0001280BD0D0
:1025B000FFE740F61851C2F20001486C0130486450
:1025C0006FF00100039016E09DF80B0004216422D7
:1025D000EEF78CF801900198B0F1FF3F08DCFFE7BF
:1025E00040F61851C2F20001486C01304864FFE720
:1025F00001980390FFE7039804B080BD80B588B0D0
:102600008DF81B008DED050ACDED040A8DED031A42
:10261000CDED021A8DED012A9DF81B0080B1FFE778
:102620009DF81B0001280BD0FFE740F61851C2F2BD
:102630000001886C013088646FF0010007901EE093
:102640009DF81B009DED050ADDED040A9DED031AC2
:10265000DDED021A9DED012AEEF716F800900098C4
:10266000B0F1FF3F08DCFFE740F61851C2F200016D
:10267000886C01308864FFE700980790FFE70798AF
:1026800008B080BD82B08DF806009DF806000146B6
:102690000091052815D80099DFE801F0031307130E
:1026A0000B0F02208DF807000FE003208DF80700C4
:1026B0000BE004208DF8070007E001208DF80700EB
:1026C00003E000208DF80700FFE79DF8070002B047
:1026D0007047000082B0ADF80400BDF80400014668
:1026E000009119280CD0FFE7009832280CD0FFE7A2
:1026F00000984B280CD0FFE7009864280CD00FE01E
:1027000001208DF807000FE002208DF807000BE094
:1027100003208DF8070007E004208DF8070003E090
:1027200000208DF80700FFE79DF8070002B0704712
:1027300080B586B00020029005900490FFF72CFF32
:102740000298FFF7F7FE01200390FFF725FF03989B
:10275000FFF7F0FE3220F2F709FEFFE700209FEDC1
:10276000101A8DED001ADFED0F1ACDED011AB7EE3C
:10277000002AB0EE410AF0EE410AFFF73FFF9DED5F
:10278000001ADDED011A0120BFEE002AB0EE410A69
:10279000F0EE410AFFF732FF0A20F2F7E7FDDDE72E
:1027A00000000000CDCC4C3E81B0ADF80200BDF978
:1027B000020000280ED4FFE7BDF9021001F01F024D
:1027C000012090404A094EF20011CEF2000141F87A
:1027D0002200FFE701B070474EF60C50CEF2000029
:1027E0000068C0F30220704782B0ADF80600009187
:1027F000BDF9060000280AD4FFE700980001BDF9E2
:1028000006104EF20042CEF2000288540BE000980F
:102810000001BDF8061001F00F014EF61452CEF281
:1028200000028854FFE702B07047000083B00290B6
:10283000029800F0070000904EF60C51CEF2000115
:102840000868019001984FF6FF021040019001982E
:10285000009A40EA02200022C0F2FA52104301908E
:102860000198086003B0704780B584B08DF80B0004
:102870008DF80A1001929DF80B0048B1FFE79DF812
:102880000B00012804D0FFE76FF00100039037E050
:102890009DF80B00012100F059FB9DF80B009DF8FD
:1028A0000A1000F05FF848B1FFE79DF80B00002127
:1028B00000F04CFB4FF0FF30039021E0F3F73EFFB8
:1028C0000090FFE79DF80B0000F0ECF9012814D10F
:1028D000FFE7F3F733FF0099401A0199884204D3C8
:1028E000FFE70198013018B9FFE7019820B9FFE729
:1028F0006FF00200039003E0E4E700200390FFE79D
:10290000039804B080BD000080B582B08DF803004C
:102910008DF802109DF8030028B9FFE74FF44070CE
:10292000ADF800000EE09DF80300012805D1FFE797
:1029300040F20130ADF8000003E06FF001000190BB
:102940000CE0FFE7BDF800009DF8022040F2945132
:10295000C2F20001EDF71EFF0190FFE7019802B0FF
:1029600080BD000080B582B08DF803008DF80210A4
:102970009DF8030028B9FFE74FF44470ADF800005C
:102980000EE09DF80300012805D1FFE740F2113069
:10299000ADF8000003E06FF0010001900CE0FFE7EC
:1029A000BDF800009DF8022040F29451C2F20001EF
:1029B000EDF7F0FE0190FFE7019802B080BD000046
:1029C00080B58AB00020089007900690F0F7DAFEF4
:1029D00058B1FFE740F61851C2F20001086B013010
:1029E00008634FF0FF30099077E001200090F3F783
:1029F000CDFF02200190F3F7C9FF08200290F3F702
:102A0000C5FF20200390F3F7C1FF0098019940F61D
:102A10004003C4F202431A6842F0FF021A6040F613
:102A20000003C4F202431A6842F080021A600022D6
:102A3000059207920891069006A80490F3F7B6FF56
:102A4000019904980691F3F7B1FF02990498069151
:102A5000F3F7ACFF039904980691F3F7A7FF0598E5
:102A6000F0F74AFC40B1FFE740F61851C2F200010E
:102A7000086B01300863FFE70020F0F72FFC40B13E
:102A8000FFE740F61851C2F20001086B01300863FD
:102A9000FFE70020F0F714FC40B1FFE740F61851C3
:102AA000C2F20001086B01300863FFE740F6400105
:102AB000C4F20241086840F0FF00086072B6F3F704
:102AC000FFFF62B640F61851C2F20001486B0130B8
:102AD00048634FF0FF300990FFE709980AB080BDC6
:102AE00080B501F023F808B9FFE734E040F2C9509F
:102AF000C2F20000007840F2CA51C2F20001097827
:102B0000884228D0FFE740F2C950C2F200000178A5
:102B100040F2BA50C2F20000415C002001F01CF803
:102B200040B1FFE740F61851C2F20001886B013056
:102B3000886310E040F2C951C2F200010878013008
:102B400041F21212C1F21112A0FB0232C2EB0212C8
:102B5000801A0870FFE780BD83B001900198009053
:102B60000F284AD80099DFE801F0080C1014181C4F
:102B70002024282C3034383C404400208DF80B00B1
:102B80003FE001208DF80B003BE002208DF80B00A8
:102B900037E003208DF80B0033E004208DF80B00A4
:102BA0002FE005208DF80B002BE006208DF80B00A0
:102BB00027E007208DF80B0023E008208DF80B009C
:102BC0001FE00C208DF80B001BE010208DF80B008F
:102BD00017E014208DF80B0013E018208DF80B007F
:102BE0000FE020208DF80B000BE030208DF80B005B
:102BF00007E040208DF80B0003E000208DF80B006B
:102C0000FFE79DF80B0003B07047000080B582B06D
:102C10000090009820B9FFE76FF00100019014E0E8
:102C200040F67450C2F20000407918B9FFE7052061
:102C300001900AE0009840F62441C2F200013022DF
:102C4000EDF753FB00200190FFE7019802B080BD33
:102C500080B582B00090009820B9FFE76FF00100C6
:102C600001900BE0009840F62441C2F2000130319F
:102C70003022EDF73AFB00200190FFE7019802B007
:102C800080BD000080B58CB040F62440C2F2000048
:102C900000F1300168463022EDF727FBBDF8030054
:102CA0000CB080BD82B08DF803009DF8030040B9E0
:102CB000FFE740F62440C2F2000090F8A200019025
:102CC00011E09DF80300012808D1FFE740F62440F9
:102CD000C2F2000090F8A300019004E0FFE76FF05B
:102CE00001000190FFE7019802B0704780B582B003
:102CF0000090009820B9FFE76FF0010001900BE011
:102D0000009840F62441C2F2000160313022EDF714
:102D1000ECFA00200190FFE7019802B080BD0000AE
:102D200080B58CB040F62440C2F2000000F1600192
:102D300068463022EDF7D9FABDF803000CB080BD2B
:102D400080B58CB040F62440C2F2000000F13001A2
:102D500068463022EDF7C9FA9DF8020000F00F0036
:102D60000CB080BD80B58CB040F62440C2F20000AB
:102D700000F1600168463022EDF7B7FA9DF80200D5
:102D800000F00F000CB080BD80B58CB040F6244040
:102D9000C2F2000000F1300168463022EDF7A5FADA
:102DA0009DF8020000090CB080BD000080B58CB019
:102DB00040F62440C2F2000000F160016846302273
:102DC000EDF793FA9DF8020000090CB080BD0000F9
:102DD00080B582B040F2F000C2F20000006820B975
:102DE000FFE74FF0FF30019007E040F2F000C2F241
:102DF0000000016888470190FFE7019802B080BD9C
:102E000080B582B040F2F000C2F20000406820B904
:102E1000FFE74FF0FF30019007E040F2F000C2F210
:102E20000000416888470190FFE7019802B080BD2B
:102E300083B08DF807009DF80700014600914028F7
:102E400000F254800099DFE801F02124272A2D3078
:102E50003336395151513C5151513F5151514251E9
:102E60005151455151515151515148515151515167
:102E7000515151515151515151514B515151515148
:102E8000515151515151515151514E000020029018
:102E900030E0012002902DE0022002902AE0032081
:102EA000029027E00420029024E00520029021E017
:102EB000062002901EE0072002901BE008200290EE
:102EC00018E00920029015E00A20029012E00B2081
:102ED00002900FE00C2002900CE00D20029009E01F
:102EE0000E20029006E00F20029003E04FF0FF302A
:102EF0000290FFE7029803B07047000080B5FDF72D
:102F000047FA80BD80B584B0ADF80A0001918DF814
:102F1000032040F2F000C2F20000C06820B9FFE7D1
:102F20004FF0FF3003900DE040F2F000C2F20000DD
:102F3000D0F80CC0BDF80A10019A9DF80330E047A4
:102F40000390FFE7039804B080BD000081B08DF8C6
:102F500003008DF802109DF8030048B9FFE79DF8C3
:102F6000020040F62441C2F2000181F8A200FFE70E
:102F70009DF80300012809D1FFE79DF8020040F603
:102F80002441C2F2000181F8A300FFE701B07047BD
:102F900080B582B000200190F3F70EFCFEF720FA16
:102FA000FDF7C8F9FCF794FEFCF776FEFDF726F86E
:102FB000FCF7FCFDFCF7EAFFFCF79EFFFCF710FEB8
:102FC000FDF78CF8FDF7B8F8FDF7FEF8FCF7A6FF63
:102FD000FCF74EFDFCF736FEFDF748F8FCF796FDD2
:102FE000FEF790F840B1FFE740F61851C2F2000139
:102FF00008680130086002E0FFF79AFBFFE7FFE78F
:10300000FEE7000080B582B00090009820B9FFE78D
:103010006FF00100019019E0009801210022F2F701
:10302000C7F920B1FFE76FF0050001900EE00098AE
:103030004FF400210022F2F7BBF920B1FFE76FF057
:103040000500019002E000200190FFE7019802B026
:1030500080BD0000B0B58EB00C900C980B900B9812
:1030600020B9FFE76FF001000D9044E10B98406B31
:103070000A900B98806B0990FFE70B98C06A40217B
:10308000F2F710FC002800F03381FFE70A98402196
:10309000EDF744F90B98D0F81CC00A9A02F14401EC
:1030A00002F14003E04720B1FFE76FF005000D900B
:1030B00021E10A98406C0790002845D0FFE7079867
:1030C000012800F09180FFE70798022800F0DE80D9
:1030D000FFE70798032800F0F180FFE7079840F228
:1030E0000331884240F00281FFE709983021EDF773
:1030F00015F9099905910A9C069420686268A368ED
:10310000D4F80CC0D4F810E065694D61C1F810E046
:10311000C1F80CC08B604A600860A069E269236A4C
:10312000D4F824C0D4F828E0E46ACC62C1F828E0DE
:10313000C1F824C00B62CA61886140F67451C2F2C2
:10314000000101204871D2E00A98B0F84000302810
:1031500049D1FFE7F3F7F2FA08900998D0F8900008
:1031600040B1FFE708980999D1F89020801AC1F87A
:10317000980004E009990020C1F89800FFE708983A
:103180000999C1F89000099830303021EDF7C6F860
:10319000099903910A9C049420686268A368D4F892
:1031A0000CC0D4F810E065694D64C1F840E0C1F886
:1031B0003CC08B634A630863A069E269236AD4F860
:1031C00024C0D4F828E0E46ACC65C1F858E0C1F81E
:1031D00054C00B65CA64886440F67451C2F20001A1
:1031E0000120C870FFE782E00A98B0F8400030285C
:1031F0004BD1FFE7F3F7A2FA08900998D0F89400B2
:1032000040B1FFE708980999D1F89420801AC1F8D5
:103210009C0004E009990020C1F89C00FFE7089891
:103220000999C1F89400099860303021EDF776F8DB
:10323000099901910A9C029420686268A368D4F8F5
:103240000CC0D4F810E065694D67C1F870E0C1F8B2
:103250006CC08B664A660866A069E269236AD4F886
:1032600024C0D4F828E0E46AC1F88C40C1F888E0B2
:10327000C1F884C0C1F88030CA67886740F67451CD
:10328000C2F2000101200871FFE730E00A98B0F8AF
:10329000400050B1FFE70A980078099981F8A00032
:1032A0000999002081F8A20007E00999002081F81F
:1032B000A000099981F8A200FFE718E00A98B0F889
:1032C000400050B1FFE70A980078099981F8A10001
:1032D0000999002081F8A30007E00999002081F8EE
:1032E000A100099981F8A300FFE700E0FFE7C4E629
:1032F00000200D90FFE70D980EB0B0BD80B582B0F4
:103300000090009820B9FFE76FF00100019018E0ED
:10331000009801221146F2F72FFA20B1FFE76FF073
:10332000050001900DE0009840210222F2F724FAF6
:1033300020B1FFE76FF00500019002E0002001904E
:10334000FFE7019802B080BD80B58AB00890089868
:103350000790002006900590049003900290019041
:10336000079820B9FFE76FF00100099076E0079811
:10337000406B4821ECF7D2FF0798806BA421ECF753
:10338000CDFF0020019002900220039001200490C4
:1033900040F20330059040F6FF7006900798C06A2F
:1033A00001A9F2F759F920B1FFE76FF00500099084
:1033B00054E001200290002005904FF470600690C8
:1033C0000798C06A01A9F2F747F920B1FFE76FF04B
:1033D0000500099042E0022002904FF480600590C1
:1033E0004FF4706006900798C06A01A9F2F734F9AB
:1033F00020B1FFE76FF0050009902FE00798C06A41
:10340000694601230B6002221146F2F781F920B1CF
:10341000FFE76FF00500099020E00798C06AFFF70A
:103420006DFF20B1FFE76FF00500099016E00798E7
:10343000C06AF2F7EFFE20B1FFE76FF005000990D8
:103440000CE00798C06AFFF7DDFD20B1FFE76FF0E1
:103450000500099002E000200990FFE709980AB0F2
:1034600080BD000080B592B010900F910E920D9328
:1034700003A82821ECF752FF109802900E980190B3
:10348000029848B1FFE70F9830B1FFE70E9818B1E6
:10349000FFE70D9820B9FFE76FF0010011901CE0E5
:1034A000019840210091ECF739FF00990298C06A19
:1034B000019B03AAF2F710FA20B1FFE76FF00500B5
:1034C00011900AE00698FFF747FB0D9908800398D2
:1034D0000F99086000201190FFE7119812B080BD8D
:1034E00080B592B010900F910E92ADF8363004A8CE
:1034F0002421ECF713FF109803900E980290039884
:1035000090B1FFE70E9820B9FFE7BDF8360058B933
:10351000FFE70F990020B0EBD12F05D1FFE7BDF8F1
:103520003600412804D3FFE76FF0010011902BE033
:103530009DF83600FFF77CFC01900198013020B91E
:10354000FFE76FF0010011901EE00F98049000203B
:10355000059006900199079108904FF48011099108
:103560004FF400110A910B900C900398C06A029AD4
:1035700004A9F2F723F820B1FFE76FF005001190DE
:1035800002E000201190FFE7119812B080BD00000A
:1035900080B584B00390039802900298406B01902C
:1035A0000198426A694690479DF8000004B080BDCA
:1035B00080B586B004900391049802900298C06A86
:1035C0000190019818B1FFE7039820B9FFE76FF069
:1035D0000100059009E001980299098EF3F780F83F
:1035E0000399086000200590FFE7059806B080BDAC
:1035F00080B5ADF6680D8446DDF87008CDF864C876
:10360000CDF86018ADF85E28CDF85838ADF85608FA
:103610000DF1160003904FF40461ECF77FFEFF20DC
:103620008DF81600DDF864184868098900220492B4
:10363000F3F76EF8DDF864080068DDF86018BDF88F
:103640005E2864230293F9F7B3FBDDF808C0039901
:10365000DDF864080068DDF85828BDF85638EE46F5
:10366000CEF800C0F9F704FEDDF86418486809894F
:103670000122F3F74DF804980DF6680D80BD0000A7
:1036800080B58CB00A908DF827100892ADF81E30E6
:10369000002006900590FF2004900A98006820B151
:1036A000FFE70A98406820B9FFE76FF004000B902D
:1036B00031E09DF8270040F080008DF827000A993E
:1036C0004868098900220392F3F722F8012002904A
:1036D000FDF7C8FC029A0A9800680DF127016423DF
:1036E0000193F9F765FB01990A980068089ABDF8FB
:1036F0001E30EC46CCF8001004A9F9F7B9FD029889
:10370000FDF7B0FC029A0A9948680989F3F700F8B6
:1037100003980B90FFE70B980CB080BD80B592B07A
:1037200011908DF843100F92ADF83A3000220492B8
:103730008DF830200B920A9209928DF82020079282
:10374000069205929DF8430040F080008DF8240019
:10375000119948680989F2F7DBFF01200290FDF713
:1037600081FC11980068BDF83A1001316B46642263
:103770001A608BB209A905AA0392F9F779FD02989C
:10378000FDF770FC029A119948680989F2F7C0FFA9
:1037900003990F980131BDF83A20ECF7A6FD049883
:1037A00012B080BD80B588B006908DF817100492D5
:1037B000ADF80E300698006820B1FFE70698406823
:1037C00020B9FFE76FF0040007902DE09DF8170087
:1037D00000F07F008DF817000699486809890022DB
:1037E0000292F2F795FF01200190FDF73BFC019A50
:1037F000069800680DF1170164230093F9F7D8FAD1
:10380000009B069800680499BDF80E20F9F7D0FADD
:103810000198FDF727FC019A069948680989F2F793
:1038200077FF02980790FFE7079808B080BD000077
:1038300080B586B004900391049802900298C06A03
:103840000190019820B9FFE76FF0010005900FE0AB
:103850000398002818BF01208DF8030001980299F1
:10386000098E9DF80320F2F753FF00200590FFE733
:10387000059806B080BD000080B588B0069005911F
:103880000492ADF80E3006980290049801900298C8
:1038900038B1FFE7049820B1FFE7BDF80E0020B96A
:1038A000FFE76FF00100079011E00298C06A0199EC
:1038B000BDF80E204FF0FF33FBF75CFA20B1FFE7B5
:1038C0006FF00500079002E000200790FFE70798DF
:1038D00008B080BD80B588B084460A98CDF81CC079
:1038E0000691ADF816200493ADF80E0007994868CC
:1038F000098900220292F2F70BFF079800680699E7
:10390000BDF8162064230193F9F752FA019B07983A
:1039100000680499BDF80E20F9F74AFA079948683B
:1039200009890122F2F7F4FE029808B080BD000078
:1039300083B00190019820B9FFE700208DF80B00BB
:103940005BE040F61450C2F20000006868B9FFE77F
:10395000019840F61451C2F200010860019900205C
:10396000486201208DF80B0047E0019890F8200094
:1039700040F61451C2F20001096891F82010884203
:103980000DDAFFE740F61451C2F200010868019A0F
:1039900050620198086001208DF80B002DE040F680
:1039A0001450C2F2000000680090FFE70098406ADF
:1039B000C8B1FFE7019890F820000099496A91F892
:1039C000201088420BDAFFE70098406A01994862AC
:1039D00001980099486201208DF80B000DE00098D5
:1039E000406A0090E2E7019800994862019900203E
:1039F000486201208DF80B00FFE79DF80B0003B033
:103A00007047000082B000208DF80300FFE79DF8AA
:103A10000300132821D8FFE79DF8030000EB4001C5
:103A200040F68050C2F2000000EB011090F8210037
:103A300060B9FFE79DF8030000EB400140F68050BD
:103A4000C2F2000000EB0110019009E0FFE79DF8D1
:103A5000030001308DF80300D9E700200190FFE753
:103A6000019802B07047000010B584B08C468646BD
:103A700007980699CDF80CE0CDF808C00192ADF892
:103A800002308DF801108DF800000298039908604B
:103A9000BDF80200039988829DF80100039981F81E
:103AA0002000F0F7F9F80146039A0020D0619161F7
:103AB000039988629DF80000039981F8210001981C
:103AC00070B1FFE70198007850B1FFE70398043028
:103AD00001990F22ECF72DFC03990020C87408E02F
:103AE0000398043044F6DE51C0F60101ECF72DFCDA
:103AF000FFE703990020486204B010BD82B0ADF822
:103B00000600ADF80410ADF80220BDF806008005EF
:103B1000BDF804106FF39F2140EA0130BDF8021098
:103B20006FF31F31084402B07047000080B582B0C7
:103B300040F25820C2F20000FFF72AFD20B1FFE753
:103B400000208DF8070003E001208DF80700FFE753
:103B50009DF8070002B080BD80B584B08DF80B00E1
:103B60008DF80A109DF80A0020B9FFE76FF00100F8
:103B7000039021E040F2CB50C2F2000001907E2180
:103B8000017005214170412181709DF80B10C170B9
:103B90009DF80A100171417890F802C0C37802794B
:103BA00081EA0C01594051404171EF218171072197
:103BB00000F006F80390FFE7039804B080BD000012
:103BC00080B584B00290ADF8061040F25820C2F2E1
:103BD0000000C06818B1FFE7029820B9FFE76FF056
:103BE000010003900CE040F25820C2F20000D0F82F
:103BF0000CC0029ABDF806300021E0470390FFE7B1
:103C0000039804B080BD4100080218BF04200A0ECA
:103C100018BF40F001004FF07F4232EA010108BFB7
:103C200040F00200012808BF0520704710B54FF092
:103C30000E402DED028BB0EE408A18EE104A00EBDC
:103C40004400B0F1506F4AD84FF0FC40B0EB440F45
:103C500022D2B0EEC80AF7EE000A30EEC00AF6EE45
:103C6000000A60EE208A18EE900A00F073FF01EE61
:103C7000100A14F0004F1DBFDFED2D0A9FED2D0A35
:103C8000B1EE411ADFED2C0A08BF9FED2C0AF8EEC9
:103C9000001A21EE218A05E0DFED290A68EE088A84
:103CA000B0EE600A9FED271ADFED271A30EE080A02
:103CB00048EE811A9FED251A08EEA11ADFED241AAD
:103CC00048EE811A9FED231A08EEA11A68EE281A11
:103CD000BDEC028B01EE810A30EE200A10BD4FF0E0
:103CE000E440B0EB440F0CD918EE100AFFF78BFF3D
:103CF000042808BF00F066FEB0EE480ABDEC028B57
:103D000010BD4FF07F40B0EB440F07D2B0EE480A31
:103D1000BDEC028BBDE8104000F03EBE012000F07B
:103D200013FFBDEC028BBDE8104000F03BBE00006D
:103D30000000C9BF22AAFDB90000C93F22AAFD396F
:103D40000000000024FE1C3DC78AD83C1E67383D99
:103D50001B93993DAFAA2A3E70B54FF068422DEDF6
:103D6000048BF0EE408A18EE900AB0EE608A18EEEE
:103D7000101A02EB4003B3F1654F3CBF02EB410266
:103D8000B2F1654F7DD200BFC0F3C753C1F3C75234
:103D90009A1A1B2A09DD10F0004F14BF9FED830A09
:103DA0009FED830ABDEC048B70BD12F11A0F36DA59
:103DB00011F0004F09D010F0004F0CBF9FED7D0AAD
:103DC0009FED7D0ABDEC048B70BD88EE889A19EEDC
:103DD000100AFFF718FF042808BF00F0F3FD18EEE3
:103DE000900AFFF710FF054618EE100AFFF70BFFC9
:103DF000044619EE100AFFF706FF042D18BF052D23
:103E000008D1042C18BF052C04D1002804BF0220BF
:103E100000F09AFEB0EE490ABDEC048B70BD420082
:103E2000B2EB410F3AD910F0004F19BFDFED630A32
:103E30009FED630ADFED630A9FED630AB0EE481A57
:103E40000A46B1EE688A80F00041F0EE418A1046E1
:103E50000A1A5200B2F1807F34D2484010F0004F6D
:103E6000DFED5A1A9FED5A2A1DBFBEEE001A70EE02
:103E7000E10A30EE420AB6EE001A08BF70EEA10A5F
:103E800000E040E008BF30EE020AB0EE682A01EE22
:103E9000482A08EE818AC2EE081A15E011F0004F98
:103EA00004BF9FED4C0AF0EE400AD1D010F0004F55
:103EB00019BFDFED490A9FED490ADFED490A9FED81
:103EC000490AC5E7C8EE881A21EEA11A9FED462AD5
:103ED000DFED462A41EE022A9FED452A01EE222A15
:103EE000DFED442A41EE022A9FED432ABDEC048B0C
:103EF00001EE222A21EE811A01EE020A30EE210A99
:103F000030EE200A70BD4FF07F42B2EB400F28BF69
:103F1000B2EB410F09D2F0EE480AB0EE680ABDECF0
:103F2000048BBDE8704000F03ABD40EA01035B003D
:103F300008BF41F0FF410BD0B2EB400F08BFB2EB1E
:103F4000410F08D120F0804008EE900A21F0804116
:103F500008EE101A18E7B2EB400F12BF5FEA4103F8
:103F600040F0FF4001F000413FF40EAFB2EB410FD3
:103F700012BF5FEA400200F0004041F0FF413FF411
:103F800003AF4A0092EA40033FF5FEAE002AACBF01
:103F90009FED1A0A9FED1A0A68EE808A28EE008AC1
:103FA00018EE900A18EE101AEEE60000DB0FC9BFFB
:103FB000DB0FC93FDB0F4940DB0F49C00000C9BF21
:103FC00022AAFDB90000C93F22AAFD390060ED3EDA
:103FD000C30ACE3700000000000049C022AA7DBA03
:103FE0000000494022AA7D3A2DAD65BD8FB8D53D70
:103FF0000FB511BE61C84C3EA8AAAABE0000804FF2
:104000000000802F10EE101A08B5444A6846B2EB43
:10401000410F28D94FF0E640B0EB410F94BF00208C
:104020004FF0FF3000900098002861DB60EE000A3E
:1040300010F0010F45D010F0020FDFED391A9FED9F
:10404000391A00EEA11ADFED381A40EE811A21EE7E
:10405000A01AF0EE400A40EE010A08BFF1EE600A35
:10406000B0EE600A08BD314B21F0004293423CD9CA
:1040700011F0004FDFED2E0A20EE201ADFED2D0AA1
:1040800019BF31EE601A71EE200A31EE201A71EE7E
:10409000600ABDEEE01A11EE100A9FED271A00F03B
:1040A000030000EEC10A9FED251A009000EEC10A40
:1040B0009FED231A00EEC10A9FED221A00EEC10AFD
:1040C000B1E79FED211A9FED210A10F0020F00EEDB
:1040D000810A9FED1F1A00EE801AB7EE000A00EE6B
:1040E000810A18BFB1EE400A08BD00F073FC9AE7E0
:1040F00010EE100A4000B0F17F4F3CBFB7EE000A4F
:1041000008BD07D14FF0010000F01EFDBDE80840DA
:1041100000F048BCBDE8084000F03EBCB61F927EEF
:10412000336D4CB9DA82083CA0AA2ABE490E494632
:1041300083F9223F0000004B0000C93F00A0FD3979
:104140000020A2331A61342CB93AB2BACA9F2A3D70
:10415000DDFFFFBE10B510EE100A2DED068BB7EE99
:10416000001A10EE901AB0EE418A0022A0F5000C61
:10417000DFEDFE9A4FF00073BCF1FE4F4FF07F442D
:1041800003EB410C80F0B481BCF1804FC0F0208281
:10419000F74901449FEDF73AB1F5005F40F2D48250
:1041A00000F58021CB0C03F00F0101EE901AC3F350
:1041B00007137F3BA0EBC350B8EEE12A00EE100AD4
:1041C0001A44DFEDED2AF0EE411A42EE221AF0EE2B
:1041D000613A70EE232A30EE632A12EE900A00F55F
:1041E00000606FF30B0001EE900A73EEE13A33EEDC
:1041F000804AC1EE223A22EE230A10EE100A00F5A0
:1042000000606FF30B0000EE100A00EE612A00EE72
:10421000442A62EE232A70EE221A21EEA12ADFED53
:10422000D73A02EE233A23EE023A20EE012A22EE9A
:10423000811A03EE211A32EE010A10EE100A00F57F
:1042400000606FF30B0000EE100A72EE401A31EEC0
:10425000812A9FEDCB1A60EE011A9FEDCA1A20EE5B
:10426000011A9FEDC90A02EE001A31EE810A10EE22
:10427000100A00F500606FF30B0000EE100AC3484F
:1042800071EEC01A31EE812A784400EBC10090ED46
:10429000003AD0ED011A100101EE100AF8EEC12A21
:1042A00032EE211A31EE001A31EE031A31EE221AE3
:1042B00011EE100A00F500606FF30B0009EE100A12
:1042C00039EE621A31EE431A31EE400A30EE610ADD
:1042D00032EE40AA10EE900A002100F500606FF364
:1042E0000B0008EE900A084670EEE8AAECF755F8C5
:1042F00029EE280A00F00C01F0EEC00A10EE900A38
:10430000B0F18B4F0DDD10EE900AB4EB400F08D3E7
:1043100010EE100A4FF08B4262F31E0008EE900A76
:1043200013E069EE2A0A38EEAA1A4AEE010A30EEC4
:10433000201A11EE100A00F500606FF30B0008EE72
:10434000900A30EE680A70EE209A0C20ECF725F8FF
:1043500038EEA90AB5EEC00AF1EE10FA34BFFEEE4F
:10436000000AF6EE000A30EE800ABDEEC00A10EE3A
:10437000100A011100EE101AF8EEC00A00EE100A41
:10438000B8EEC00A38EEC00A30EE290ADFED801A16
:104390009FED801A00EE211ADFED7F1A7F4900F0B1
:1043A0000F0040EE011A21EE800A794401EB8001F2
:1043B00091ED001A7A49794401EB8001D1ED001AA0
:1043C000784901EE801A794401EB8000764990ED3E
:1043D000000A31EE001AB0EEE00A10EE100A884230
:1043E00015DA10EE100AB4EB400F10D39FED6F0AF0
:1043F00030EE800ADFED6E0A20EE200A68EE010A38
:10440000BDEC068BBCEEC00A20EE200A10BD10EEFB
:10441000100A6849884243DA10EE100AB4EB400FE4
:104420003ED3BDEEE00A68EE010A10EE100A00EB82
:10443000D0725110C90501F17E5100EE101AA0EBA7
:104440006200C00560EE200A00F17E5000EE100A06
:1044500060EE808A18EE900AB4EB400F0FD1022074
:1044600000F072FB00F0A6FA10EE101A18EE100A17
:10447000BDEC068B61F31E0000EE100A10BD18EEB5
:10448000900A400011D018EE900AFFF7BCFB0428F8
:1044900008BF00F097FAB0EE680ABDEC068B10BDBD
:1044A000F5EEC00AF1EE10FA0FD2022000F04CFB3C
:1044B00000F088FA10EE101A18EE100ABDEC068B08
:1044C00061F31E0000EE100A10BD022000F03CFB5C
:1044D00000F070FA10EE101AB0EE480A10EE100A52
:1044E000BDEC068B61F31E0000EE100A10BD00BF8C
:1044F000BCF1804F6CD300BF00F1FF43B3F1FE4F1E
:1045000024D200BFB0EEC00A10EE100AC1F3C753A8
:104510007F2B0DDB972BBFF63BAEC3F196034FF01D
:10452000010C0CFA03F3A3F1010C1CEA010F08D0F3
:10453000012000F009FBBDEC068BBDE8104000F047
:1045400031BA0B4218BFBFEE008A21E643001CBF00
:104550004FF08073B3EB400F34D96FF01A02DFEDE8
:10456000161A20EE210A10EE100A27E000000000C3
:10457000001080C0ABAAAA3E0000803D7EE24C3E07
:1045800000B03842D49AB8BB3BAA384208090000B0
:10459000FC596337C9FF753A1872313DA60800000F
:1045A000DA0800004A0800000000FC420000FE4259
:1045B0000000004B000040430000004D10F0004F91
:1045C000A0D1E5E5A0F50003B3F1FE4F21D2DFE570
:1045D00003EB4103B3F1007F11D3F5EEC00AF1EE16
:1045E00010FA05D1430018BFB4EB400F76D883E72B
:1045F00001F0004141F0FC5100EE901A7CE7B3F16C
:10460000807F06D210EE903AA3F5000300EE903AB8
:1046100072E720F000426FF0FF4C604C02EB0C039D
:10462000A34210D321F000439C44A4450BD3B0F126
:104630007E5F18BF5FEA410C50D0B2F1FF4F98BFC8
:10464000B3F1FF4F05D9BDEC068BBDE8104000F07B
:10465000A6B9B0F1FF4F0FD0C1F3C7527F2A09DBD3
:10466000972A11DAC2F19602012303FA02F2531ECD
:104670000B4205D0002208E011F0004F55D128E090
:104680000A4218BF012200D1022210F5000F13D0F8
:1046900028B3B0F1004F26D010F1814F4FD04FF02A
:1046A000FE42B2EB400F94BF01200020012202EB3A
:1046B000E171884239D10CE011F0004F02D0012A9B
:1046C00038D032E0012A02BF9FED350ABDEC068BDF
:1046D00010BD9FED340ABDEC068B10BD2FE011F02C
:1046E000004F0CD121E0B1F1FF4F1ED011F5000FAA
:1046F00005D011F0004F15D00AB1012A08D00220D0
:1047000000F022FABDEC068BBDE8104000F03AB98B
:10471000022000F019FA00F035F9BDEC068BB1EE7D
:10472000400A10BD0AB1012A04D0B0EE690ABDECFE
:10473000068B10BDBDEC068B9FED1B0A10BDBDECBA
:10474000068BB7EE000A10BD30EE410AB5EE001A36
:104750009FED172A00EE413AB6EE001A60EE001AFD
:1047600000EE431A61EEC11A9FED101A20EE011AF5
:1047700020EE020A9FED0F2A01EE820A71EE001A66
:1047800011EE900A00F500606FF30B0009EE100ABD
:1047900031EE491A31EE00AA9CE50000FFFF3F0010
:1047A000000080FF0000807F0000008000B0B84162
:1047B000D49A38BB3BAAB84100B510EE101A2DEDC3
:1047C000028B81B0524A6846B2EB410F2ED94FF0AE
:1047D000E640B0EB410F94BF00204FF0FF30009057
:1047E0000098B0EE408A00286ADB10F0010F4BD031
:1047F00068EE080A9FED471A9FED470A00EE810A0E
:104800009FED461A10F0020F00EE801AB7EE000A74
:1048100000EE810A02BF01B0BDEC028B00BD00BFFB
:1048200001B0B1EE400ABDEC028B00BD3C4B21F063
:104830000042934241D911F0004FDFED3A0A20EED9
:10484000201ADFED390A19BF31EE601A71EE200A25
:1048500031EE201A71EE600ABDEEE01A11EE100A78
:104860009FED321A00F0030000EEC10A9FED301AEE
:10487000009000EEC10A9FED2F1A00EEC10A9FEDD5
:104880002E1A00EEC10AABE728EE080A9FED2B1A9C
:10489000DFED2B0A10F0020F40EE010A9FED291AFE
:1048A00000EE201A61EE000AB0EE480A08EE200A77
:1048B000B6D101B0BDEC028B00BD00F08BF88FE7E4
:1048C00018EE100A4000B0F17F4F0DD218EE100A1A
:1048D000FFF799F9042808BF00F074F8B0EE480A11
:1048E00001B0BDEC028B00BD09D1012000F02CF914
:1048F00001B0BDEC028B5DF804EB00F053B801B0E1
:10490000B0EE480ABDEC028B5DF804EB00F044B851
:10491000B61F927EB93AB2BACA9F2A3DDDFFFFBEEA
:10492000490E494683F9223F0000004B0000C93F71
:1049300000A0FD390020A2331A61342C336D4CB92C
:10494000DA82083CA0AA2ABE10B52DED028BB1EE8A
:10495000C08A18EE100A20F00040C0F1FF40C00FDE
:104960000AD010EE100A20F00040C0F1FF40C00F46
:1049700004BF012000F0E8F8B0EE480ABDEC028B5D
:1049800010BD0000DFED030AB7EE001A81EE200A29
:10499000704700000000000030EE000A704730EE63
:1049A000200A7047DFED020A80EEA00A704700007F
:1049B000000000009FED020A20EE000A7047000090
:1049C000000000709FED020A20EE000A7047000010
:1049D000000000102DE9F0014FF07F42B2EB410FD3
:1049E0009FBF4FF0FF310160BDE8F00170474FF00D
:1049F000004242EA0123C1F3C752783A551112F03E
:104A00001F0C434CCCF120067C44C1F3C752A2F1E9
:104A100078024FEA621204EB820254F8254008BF84
:104A2000D2E9015612D0556804FA0CF425FA06F7BB
:104A30003C43976805FA0CF527FA06F8D26807FA9E
:104A40000CFCF24045EA08054CEA0206A4FB034CC4
:104A5000A5FB0352A6FB03631D449D4234BF012600
:104A600000261319334416B1934202D903E093424E
:104A700001D2012200E00022624402F1200C9206E1
:104A8000DC0C42EA443200EE102A5B03DFED210A1F
:104A9000F8EEC01A00EE103A4FEA9C1C11F0004FDD
:104AA000B8EE400AC0F800C020EE201A00EE105AFE
:104AB000DFED190AB8EE400A20EE200A71EE810AF5
:104AC00070EE800A10EE902A02F500626FF30B027E
:104AD00000EE902A70EEE11A31EEC11ADFED101AE5
:104AE00030EE411A9FED0D0A20EE800A01EE210AF8
:104AF0009FED0C1A00EE810A04BFBDE8F00170477B
:104B0000CCF180510160BDE8F001B1EE400A704780
:104B1000C8020000000000360000802C22AAFD29F7
:104B2000DB0FC92F0000C92F02E008C8121F08C1FF
:104B3000002AFAD170477047002001E001C1121F1E
:104B4000002AFBD17047000001490860704700004F
:104B50000000002010B500EE100A2DED028BB1EE22
:104B6000C08A18EE100A20F00040C0F1FF40C00FCC
:104B70000AD010EE100A20F00040C0F1FF40C00F34
:104B800004BF0120FFF7E0FF18EE100ABDEC028B16
:104B900010BD000000000000000000000000B33F56
:104BA000B2BE7D3A00002E40DFCF513800007E407B
:104BB000BF51FABA00E0A44019DAC3BA00E0C84015
:104BC000C2ED8AB90040EB40CD1F2CBA001006415F
:104BD0002AFFFABA00C01541DFCFD13700D02441F7
:104BE0009A97703A0050334189478E3600404141D0
:104BF000E75B9D3800B04E41C00A98B900A05B4108
:104C0000558F943A00306841DA92C0BA004074413E
:104C100062B3C63A0000803F00A0853F00908B3F02
:104C200000C0913F0030983F00F09E3F00F0A53F4C
:104C30000050AD3F0000B53F0000BD3F0060C53FE4
:104C40000020CE3F0040D73F00C0E03F00C0EA3F19
:104C50000020F53F000000007D36AC397D3C38393E
:104C6000EBDCF438320A7E39124C26399B6AED3976
:104C7000A4EE83397F661E39F6398A392B426539AD
:104C8000A48211395B991F39C3EECD39DDE7C637F0
:104C9000A5A22F390000803FC3AA853FC2958B3F54
:104CA000D3C3913FF037983F32F59E3FD7FEA53FE3
:104CB0003F58AD3FF304B53FA408BD3F2A67C53F49
:104CC0008C24CE3FFD44D73FDFCCE03FC7C0EA3F56
:104CD0007D25F53F000000006E83F9A22915444EA2
:104CE000D15727FCC0DD34F5999562DB4190433CF8
:104CF000AB6351FE0000000000000000010203044D
:104D00000607080900000000010203040001020375
:104D100004050607080C101418203040000000009D
:104D20000000003F000000000000B4420000B44258
:104D3000000000000000803F0000000000000000B4
:104D400000000000000080BF000000000000000024
:104D500000000000000080BF00000000000080BFD5
:104D6000000000000000000000000000000080BF04
:104D70000000803F00000000000000000804020462
:104D80000801010101010103070100000100020007
:104D90000400060008000A000C001000200040007B
:104DA00080000001000000000000003F000080447F
:104DB0000000204100000000F4010000494D55446E
:104DC000415441004C454400464443414E00494D46
:104DD0005555706461746100566F69636500556E66
:104DE0006E616D65645461736B004261726F6D65D5
:104DF000746572004C6F77506F7765720000000029
:104E0000204E010800000020A0020000D00300088E
:104E1000D84E0108A0020020A04E0000384B010827
:104E2000610F12803F6F12833A0411042690D00361
:104E3000EB803F115904591C4904CB01021013E8BF
:104E400009122035100242081EA53701081D0481F1
:104E50001BC8081C140402424A101C8B81361C2AF1
:104E6000583811191C1962E91C2A38381C080242EA
:104E70003791480FD5380108F13501084933010849
:104E800055302C8BE1343441DA65102B70076421E6
:104E900013CC0C1B20240401201A31641AB1645174
:104EA00019D411022A40F93C19D809333C052B04C6
:104EB000024204E93C0A36103C1A08B40216011AF0
:104EC0007928011C13580B42204B1C020829476902
:084ED000880000000000000052
:040000050800024DA0
:00000001FF
