:020000040800F2
:100000007855002061020008210601082DF500083E
:100010001D060108F50E0008652801087302000896
:100020000000000000000000000000003111010885
:100030001930000800000000F5060108211401082D
:100040007D0200087D0200087D0200087D02000894
:100050007D0200087D0200087D0200087D02000884
:100060007D0200087D0200087D0200087D02000874
:100070007D0200087D0200087D020008E9390008C1
:100080007D0200087D0200087D0200087D02000854
:100090007D0200087D0200087D0200087D02000844
:1000A0007D0200087D0200087D0200087D02000834
:1000B0007D020008553C00087D0200087D02000812
:1000C0007D0200087D0200087D0200087D02000814
:1000D000000000007D0200087D020008FD390008D4
:1000E0000D3A00087D0200087D0200087D0200082C
:1000F0007D0200087D0200087D0200087D020008E4
:100100007D0200087D020008A11901087D02000897
:100110007D0200087D0200087D0200087D020008C3
:100120007D0200087D020008C92701087D02000841
:100130007D0200087D0200087D0200087D020008A3
:100140007D0200087D0200087D0200087D02000893
:100150007D0200087D0200087D0200087D02000883
:100160007D0200087D0200087D0200087D02000873
:100170007D0200087D0200087D0200087D02000863
:100180007D0200087D0200087D0200087D02000853
:100190007D0200087D0200087D0200087D02000843
:1001A0007D0200087D0200087D0200087D02000833
:1001B0007D0200087D0200087D0200087D02000823
:1001C0007D0200087D0200087D0200087D02000813
:1001D0007D0200087D0200087D0200087D02000803
:1001E0007D0200087D0200087D0200087D020008F3
:1001F0007D0200087D0200087D0200087D020008E3
:100200007D0200087D0200087D0200080000000059
:10021000000000007D020008000000007D020008D0
:100220007D0200087D0200087D0200087D020008B2
:100230007D0200087D0200087D0200087D020008A2
:100240007D0200087D0200087D020008DFF80CD066
:1002500000F0A6F800480047FD330108785500205B
:100260000748804707480047FEE7FEE7FEE7FEE74E
:10027000FEE7FEE7FEE7FEE7FEE7FEE7FEE700003B
:10028000691801084D0200082DE9F05F05460020BD
:1002900092469B4688460646814640241BE02846F7
:1002A00041464746224600F068F853465A46C01A6F
:1002B000914110D311461846224600F04FF82D1AEE
:1002C00067EB01084F4622460120002100F046F866
:1002D00017EB00094E41201EA4F10104DFDC484663
:1002E00031462A464346BDE8F09F40EA01039B079A
:1002F00003D009E008C9121F08C0042AFAD203E09B
:1003000011F8013B00F8013B521EF9D27047D2B2FE
:1003100001E000F8012B491EFBD270470022F6E7EE
:1003200010B513460A4604461946FFF7F0FF20466B
:1003300010BD10B5044604E00B7800F8013B03B192
:10034000491C521EF8D2204610BD034611F8012B5D
:1003500000F8012B002AF9D118467047202A04DB47
:10036000203A00FA02F1002070479140C2F12003C8
:1003700020FA03F3194390407047202A04DB203A07
:1003800021FA02F00021704721FA02F3D040C2F1B5
:100390002002914008431946704700207047000032
:1003A0001CB509480090094801900546009C06E0EC
:1003B000E06840F0010394E8070098471034AC422D
:1003C000F6D3FFF747FF0000D0520108F0520108B2
:1003D00070B58C1810F8015B15F0070301D110F807
:1003E000013B2A1106D110F8012B03E010F8016B34
:1003F00001F8016B5B1EF9D12B0705D40023521EB7
:100400000DD401F8013BFAE710F8013BCB1A921C1E
:1004100003E013F8015B01F8015B521EF9D5A1421C
:10042000D8D3002070BD000080B588B0ADF81E00A4
:1004300000208DF81D00BDF81E0008B9FFE7FBE0A5
:100440000DF11D0002F0EAFD40B1FFE740F650510A
:10045000C2F20001086901300861EDE09DF81D005D
:1004600008B9FFE7E8E00DF1170002F07FFE40B1A8
:10047000FFE740F65051C2F20001086901300861FF
:10048000DAE09DF817109DF818209DF81900000477
:1004900040EA0220084404909DF81200000600285B
:1004A00005D5FFE7049800F17F400490FFE79DF831
:1004B0001A109DF81B209DF81C00000440EA022041
:1004C00008440390039840B9FFE740F65051C2F248
:1004D0000001086901300861AEE09DED040AB8EE44
:1004E000C00A9FED561A20EE010A40F2F420C2F233
:1004F000000080ED010A9DED030AB8EE400A9FED71
:10050000501A80EE010A8DED020A40F2DC20C2F2A0
:100510000000007868B9FFE7029840F2D821C2F2E3
:100520000001086040F2DC21C2F2000101200870E5
:1005300034E040F20400C2F2000090ED000A9FEDAA
:10054000411A30EE010A80ED000A90ED000AB5EE86
:10055000001A30EE011A80EE010A8DED010A9DEDC0
:10056000010A9DED022A40F2D821C2F2000191ED6C
:10057000001A32EE412A20EE020A30EE010A81ED25
:10058000000A9DED011AB7EE000A30EE411A90ED17
:10059000000A20EE010A80ED000AFFE740F2D820B1
:1005A000C2F20000016840F2F420C2F200000090A4
:1005B000016090ED000A9FED241A80EE010ADFED44
:1005C000230A14F02FF80098B0EE401AB7EE000A94
:1005D00030EE410A9FED1E1A20EE010A80ED020A5C
:1005E00040F2E420C2F20000007888B9FFE740F250
:1005F000F420C2F20000806840F2E021C2F2000163
:10060000086040F2E421C2F2000101200870FFE717
:1006100040F2F421C2F2000191ED020A40F2E02022
:10062000C2F2000090ED001A30EE410A81ED030A9B
:10063000086901300861FFE708B080BD000080371D
:100640000000C8450AD7233C00507D44B1DC423E3F
:10065000002A2D4780B586B0049040F2CC52C2F2F9
:100660000002002050611061D06090605060106006
:100670002C211170049A0121019112F059FB01996A
:100680000390049A084612F053FB0290039818B1A5
:10069000FFE70398059008E0029818B1FFE7029879
:1006A000059002E000200590FFE7059806B080BDA8
:1006B00080B582B012F0C2FD0190019802B080BDF9
:1006C00080B584B0ADF80A0001918DF80320BDF823
:1006D0000A0040F2FE71884207DCFFE7019820B172
:1006E000FFE79DF8030020B9FFE76FF001000390DA
:1006F00008E0BDF80A0001999DF8032012F038FEC9
:100700000390FFE7039804B080BD000080B584B07B
:10071000ADF80E0012F028FE40F20450C2F20000C4
:1007200012F0AAFC0190019818B9FFE712F0B0F896
:100730000DE00198B0F1FF3F08DCFFE740F65051B3
:10074000C2F20001C8690130C861FFE7FFE740F26B
:100750003450C2F2000012F0B1FC40B1FFE740F6A5
:100760005051C2F20001086A01300862FFE740F20E
:100770006450C2F2000012F0EFFC40B1FFE740F617
:100780005051C2F20001486A01304862FFE712F09E
:10079000C3F840F27000C2F20000007838B9FFE7F9
:1007A00040F2E821C2F200010020086047E040F674
:1007B000AC50C2F20000407990B9FFE740F6AC506F
:1007C000C2F20000C07858B9FFE740F6AC50C2F260
:1007D0000000007920B9FFE76420ADF8020003E0D3
:1007E0000520ADF80200FFE7BDF80E2040F2E8203A
:1007F000C2F200000168114401600068BDF80210F7
:1008000088421CD3FFE740F2E821C2F20001002039
:10081000086006F08FF8CDF80A0040F202300DF1C2
:100820000A01042212F0A4FD40B1FFE740F6505146
:10083000C2F20001886901308861FFE7FFE704B078
:1008400080BD000080B58AB0ADF8260040F29C0063
:10085000C2F2000005A90C2202F032FE9DF814003D
:100860009DF8151040EA0120ADF80E009DF8160025
:100870009DF8171040EA0120ADF810009DF818000F
:100880009DF8191040EA0120ADF812009DF81A00F9
:100890009DF81B1040EA0120ADF808009DF81C00EF
:1008A0009DF81D1040EA0120ADF80A009DF81E00D9
:1008B0009DF81F1040EA0120ADF80C0000208DF8D3
:1008C0000700FFE79DF80700022832D8FFE79DF8F0
:1008D00007100DF10E0030F9110000EE100AB8EE0D
:1008E000C00A9FED531A20EE010A40F27840C2F28E
:1008F000000000EB810080ED000A9DF8071002A8BF
:1009000030F9110000EE100AB8EEC00A9FED491A46
:1009100020EE010A40F20C60C2F2000000EB810000
:1009200080ED000AFFE79DF8070001308DF8070011
:10093000C8E740F20640C2F200000078002874D0F8
:10094000FFE740F2B800C2F2000005A90C2202F055
:10095000B7FD9DF814009DF8151040EA0120ADF890
:100960000E009DF816009DF8171040EA0120ADF822
:1009700010009DF818009DF8191040EA0120ADF80C
:1009800012009DF81A009DF81B1040EA0120ADF8F6
:1009900008009DF81C009DF81D1040EA0120ADF8EC
:1009A0000A009DF81E009DF81F1040EA0120ADF8D6
:1009B0000C0000208DF80600FFE79DF806000228D5
:1009C00032D8FFE79DF806100DF10E0030F9110046
:1009D00000EE100AB8EEC00A9FED151A20EE010ACB
:1009E00040F28440C2F2000000EB810080ED000A7A
:1009F0009DF8061002A830F9110000EE100AB8EEBA
:100A0000C00A9FED0C1A20EE010A40F21860C2F2F3
:100A1000000000EB810080ED000AFFE79DF8060072
:100A200001308DF80600C8E7FFE70AB080BD00BFBF
:100A3000000080390000003D80B582B040F29C008B
:100A4000C2F2000000F0BEF80090009818B1FFE775
:100A500000980190B2E040F2B800C2F2000000F04D
:100A6000B1F80090009838B9FFE740F20641C2F2B1
:100A7000000101200870FFE740F29C00C2F2000074
:100A800002F080FC0090009818B1FFE700980190F8
:100A900094E040F20640C2F20000007890B1FFE717
:100AA00040F2B800C2F2000002F06CFC0090009826
:100AB00038B1FFE740F20641C2F2000100200870A1
:100AC000FFE7FFE740F2DC5004F04CFD40F29C00F1
:100AD000C2F2000002F022FC0090009818B1FFE77B
:100AE000009801906AE00A2004F03CFD40F29C006E
:100AF000C2F2000002F022FC0090009818B1FFE75B
:100B0000009801905AE040F20640C2F200000078DE
:100B100038B3FFE740F2B800C2F2000002F0FEFB7B
:100B20000090009838B1FFE740F20641C2F20001A0
:100B30000020087014E00A2004F014FD40F2B80010
:100B4000C2F2000002F0FAFB0090009838B1FFE713
:100B500040F20641C2F2000100200870FFE7FFE703
:100B6000FFE740F29C00C2F2000002F04BFC009054
:100B7000009818B1FFE7009801901FE040F206408E
:100B8000C2F20000007890B1FFE740F2B800C2F274
:100B9000000002F037FC0090009838B1FFE740F207
:100BA0000641C2F2000100200870FFE7FFE74FF4A2
:100BB000967004F0D7FC00200190FFE7019802B086
:100BC00080BD000080B584B00290029802F094FCD1
:100BD0000190019818B1FFE70198039041E0029855
:100BE00002F0C2FC0190019818B1FFE70198039050
:100BF00037E0029802F036FC0190019818B1FFE747
:100C0000019803902DE0029802F0CCFB019001982E
:100C100018B1FFE70198039023E00298202102F029
:100C20003BFD0190019818B1FFE70198039018E08F
:100C30000298602102F05EFD0190019818B1FFE773
:100C4000019803900DE00298062102F0CFFC01907C
:100C5000019818B1FFE70198039002E0002003908B
:100C6000FFE7039804B080BD80B582B0ADF8060000
:100C7000BDF8060040B1FFE740F27100C2F200008B
:100C80000078022801D0FFE70BE002F029FB40B119
:100C9000FFE740F65051C2F20001486D013048654F
:100CA000FFE702B080BD000080B584B040F60400CC
:100CB000C4F20240006800F040010020B0EB911F38
:100CC00004D1FFE712F0B2F8039065E002F040FDB6
:100CD00020B1FFE74FF0FF3003905DE00DF107001A
:100CE00002F03AFD20B1FFE74FF0FF30039053E0F0
:100CF0009DF8070020B9FFE712F098F803904BE049
:100D00009DF807008DF8060005F014FE0290FFE73D
:100D100005F010FE0299401AC0087C281DD8FFE794
:100D20000DF1070002F018FD20B1FFE74FF0FF3092
:100D3000039031E09DF807109DF8060008408DF8FB
:100D400006009DF8060020B9FFE712F06FF8039047
:100D500022E00A2004F006FCDAE7012005F012FF89
:100D6000022005F00FFF082005F00CFF202005F001
:100D700009FF40F64001C4F20241086840F0FF005C
:100D8000086040F60001C4F20241086840F08000AB
:100D9000086000200390FFE7039804B080BD0000C6
:100DA00080B540F29451C2F200010020087002F0B8
:100DB000CFFC80BD80B582B0ADF8060040F2945003
:100DC000C2F200000078F0B9FFE740F6AC50C2F282
:100DD0000000C078B0B1FFE740F6AC50C2F20000AE
:100DE000007978B1FFE712F005FA20B1FFE712F0C1
:100DF00013FA38B9FFE740F29451C2F20001012022
:100E00000870FFE714E00DF1050002F0A5FC40B109
:100E1000FFE740F65051C2F20001086B0130086351
:100E200006E09DF8050018B9FFE711F0FFFFFFE7A6
:100E300002B080BD80B584B08DF80B009DF80B002A
:100E4000652804D3FFE76FF00100039014E09DF8DC
:100E50000B0018B9FFE76A20019003E09DF80B0032
:100E60000190FFE701988DF80A009DF80A10002014
:100E700013F0DAF80390FFE7039804B080BD000098
:100E800080B582B0ADF8060040F6AC50C2F200006A
:100E90008079012807D0FFE740F2EC21C2F200017F
:100EA0000020087024E040F2EC20C2F2000000783C
:100EB00070B9FFE705F03EFD40F2F021C2F20001FB
:100EC000086040F2EC21C2F20001012008700FE03E
:100ED00005F030FD40F2F021C2F200010968401A2D
:100EE00000097C2801D8FFE702E012F02FF8FFE7A5
:100EF00002B080BDFFE7FEE784B00290019100924E
:100F000002980199884203DAFFE7019803900AE00A
:100F100002980099884203DDFFE70098039002E001
:100F200002980390FFE7039804B0704785B00490DF
:100F30000498006A039004980068406920F4430014
:100F400003990843049909684861049B1A69586920
:100F50009969DB69184310430843039004980168BA
:100F600001205022C4F202029142029000F06781F7
:100F7000FFE70498016801205022C5F20202914265
:100F8000029000F05C81FFE7049801680120D02204
:100F9000C4F202029142029000F05181FFE70498EE
:100FA00001680120D022C5F202029142029000F0B5
:100FB0004681FFE704980168012040F25012C4F214
:100FC00002029142029000F03A81FFE70498016822
:100FD000012040F25012C5F202029142029000F04C
:100FE0002E81FFE704980168012040F2D012C4F27C
:100FF00002029142029000F02281FFE7049801680A
:10100000012040F2D012C5F202029142029000F09B
:101010001681FFE704980168012040F25022C4F2D3
:1010200002029142029000F00A81FFE704980168F1
:10103000012040F25022C5F202029142029000F0DB
:10104000FE80FFE704980168012040F2D022C4F23C
:1010500002029142029000F0F280FFE704980168DA
:10106000012040F2D022C5F202029142029000F02B
:10107000E680FFE704980168012040F25032C4F294
:1010800002029142029000F0DA80FFE704980168C2
:10109000012040F25032C5F202029142029000F06B
:1010A000CE80FFE704980168012040F2D032C4F2FC
:1010B00002029142029000F0C280FFE704980168AA
:1010C000012040F2D032C5F202029142029000F0BB
:1010D000B680FFE704980168012041F25002C4F293
:1010E00002029142029000F0AA80FFE70498016892
:1010F000012041F25002C5F202029142029000F03A
:101100009E80FFE704980168012041F2D002C4F2FA
:1011100002029142029000F09280FFE70498016879
:10112000012041F2D002C5F202029142029000F089
:101130008680FFE704980168012041F25012C4F252
:101140000202914202907AD0FFE7049801680120E0
:1011500041F25012C5F20202914202906FD0FFE7B5
:1011600004980168012041F2D012C4F202029142B7
:10117000029064D0FFE704980168012041F2D01288
:10118000C5F202029142029059D0FFE7049801682B
:10119000012041F25022C4F20202914202904ED04C
:1011A000FFE704980168012041F25022C5F20202D3
:1011B0009142029043D0FFE704980168012041F278
:1011C000D022C4F202029142029038D0FFE7049884
:1011D0000168012041F2D022C5F202029142029040
:1011E0002DD0FFE704980168012041F25032C4F28B
:1011F00002029142029022D0FFE704980168012088
:1012000041F25032C5F202029142029017D0FFE73C
:1012100004980168012041F2D032C4F202029142E6
:1012200002900CD0FFE7049800684EF63041CAF6F1
:10123000FD710844B0FA80F040090290FFE702987F
:10124000C007B8B1FFE70498426A836AC06A002108
:10125000CFF6F07101EB035101F07C7108436FF0A0
:101260000F0101EB021101F47C7101430398084363
:101270000390FFE704980068006C00F08020039959
:101280000843049909680864049988680A79104336
:10129000096B084303900498C068B0F5806F40F074
:1012A0007C81FFE70498016801205022C4F2020209
:1012B0009142019000F06781FFE7049801680120E6
:1012C0005022C5F202029142019000F05C81FFE7DA
:1012D000049801680120D022C4F2020291420190D8
:1012E00000F05181FFE7049801680120D022C5F287
:1012F00002029142019000F04681FFE704980168E4
:10130000012040F25012C4F202029142019000F01A
:101310003A81FFE704980168012040F25012C5F2BB
:1013200002029142019000F02E81FFE704980168CB
:10133000012040F2D012C4F202029142019000F06A
:101340002281FFE704980168012040F2D012C5F223
:1013500002029142019000F01681FFE704980168B3
:10136000012040F25022C4F202029142019000F0AA
:101370000A81FFE704980168012040F25022C5F27B
:1013800002029142019000F0FE80FFE7049801689C
:10139000012040F2D022C4F202029142019000F0FA
:1013A000F280FFE704980168012040F2D022C5F2E4
:1013B00002029142019000F0E680FFE70498016884
:1013C000012040F25032C4F202029142019000F03A
:1013D000DA80FFE704980168012040F25032C5F23C
:1013E00002029142019000F0CE80FFE7049801686C
:1013F000012040F2D032C4F202029142019000F08A
:10140000C280FFE704980168012040F2D032C5F2A3
:1014100002029142019000F0B680FFE70498016853
:10142000012041F25002C4F202029142019000F008
:10143000AA80FFE704980168012041F25002C5F23A
:1014400002029142019000F09E80FFE7049801683B
:10145000012041F2D002C4F202029142019000F058
:101460009280FFE704980168012041F2D002C5F2A2
:1014700002029142019000F08680FFE70498016823
:10148000012041F25012C4F20202914201907AD03E
:10149000FFE704980168012041F25012C5F20202F0
:1014A000914201906FD0FFE704980168012041F25A
:1014B000D012C4F202029142019064D0FFE7049876
:1014C0000168012041F2D012C5F20202914201905E
:1014D00059D0FFE704980168012041F25022C4F27C
:1014E0000202914201904ED0FFE70498016801206A
:1014F00041F25022C5F202029142019043D0FFE72F
:1015000004980168012041F2D022C4F20202914203
:10151000019038D0FFE704980168012041F2D02201
:10152000C5F20202914201902DD0FFE704980168B4
:10153000012041F25032C4F202029142019022D0C5
:10154000FFE704980168012041F25032C5F202021F
:101550009142019017D0FFE704980168012041F201
:10156000D032C4F20202914201900CD0FFE70498FD
:1015700000684EF63041CAF6FD710844B0FA80F0BA
:1015800040090190FFE70198C00728B1FFE70398E1
:1015900040F480600390FFE70CE00498C068B0F569
:1015A000007F05D1FFE7039840F40070039000E04E
:1015B000FFE7FFE70498416B039808430390049802
:1015C0000068406C42F20011C3F6C0410840039924
:1015D00008430499096848640498016800208864F5
:1015E00004980168012040F25032C4F20202914294
:1015F00000904ED0FFE704980168012040F250327D
:10160000C5F202029142009043D0FFE704980168BE
:10161000012040F2D032C4F202029142009038D050
:10162000FFE704980168012040F2D032C5F20202BF
:10163000914200902DD0FFE704980168012041F20B
:101640005032C4F202029142009022D0FFE7049887
:101650000168012041F25032C5F20202914200902D
:1016600017D0FFE704980168012041F2D032C4F29C
:101670000202914200900CD0FFE7049800684EF6F9
:101680003041CAF6FD710844B0FA80F0400900907C
:10169000FFE70098C00740B1FFE704980168002009
:1016A0004865049909688865FFE704980168002087
:1016B000C86705B07047000083B0029001910092A6
:1016C000029890F820008007002811D5FFE70198C4
:1016D00030B1FFE701990020CFF601600860FFE715
:1016E000009820B1FFE7009907200860FFE710E0AD
:1016F000019830B1FFE701990020CFF601000860A2
:10170000FFE7009820B1FFE7009905200860FFE798
:10171000FFE703B07047000084B00390029101928C
:10172000009303980068806C4FF6FF718843BDF802
:1017300000100844039909688864039801684FF40D
:10174000FE40C860029803990968C864019803992B
:101750000968086504B0704785B00190019890ED64
:10176000062A90ED070A90ED085A90ED094A22EEFC
:10177000021ABEEE003A31EE036A20EE001A31EE94
:10178000061A90ED0A7A62EE040A20EE056A36EE39
:10179000606AD0ED0B0A26EE206A21EE071A31EEC0
:1017A000061A22EE052A20EE040A30EE020A90ED17
:1017B0000C2A20EE020A30EE010A30EE000A8DED0E
:1017C000020A019890ED062A90ED075A90ED081A4A
:1017D00090ED094A22EE046A25EE010A30EE060A6F
:1017E00090ED0A7A22EE026A76EE030A21EE016A91
:1017F00036EE206AD0ED0B0A26EE206A20EE070AAC
:1018000030EE060A22EE052A21EE041A31EE421AC3
:1018100090ED0C2A21EE021A30EE010A30EE000A99
:101820008DED030A019890ED062A90ED076A90ED80
:10183000081A90ED090A22EE015A26EE004A34EE0B
:10184000454A90ED0A5A22EE066A21EE001A31EE60
:10185000061A90ED0B6A21EE061A24EE054A31EEC7
:10186000041A22EE022A32EE032A20EE000A30EE9B
:10187000020A90ED0C2A20EE020A30EE010A30EE48
:10188000000A8DED040A01980078014600910228B3
:1018900004D3FFE70098022809D011E09DED040A67
:1018A000BFEE001A30EE010A8DED040A08E09DED4E
:1018B000040AB7EE001A30EE010A8DED040AFFE7C4
:1018C0009DED020ADDED030A9DED041A05B0704797
:1018D00085B00090009B9869D9691A6A5B6A049385
:1018E0000392029101909DED010ADDED020A9DED4A
:1018F000031ADDED041A05B07047000080B582B010
:101900000190019845F2EC11C0F6010100F0D8F801
:10191000019800F003F802B080BD000080B58EB0E1
:101920000D900D9A4FF07E50099000200A900B9078
:101930000C9009990A9BDDF82CC0DDF830E0C2F864
:1019400024E0C2F820C0D36191610D9A06900790FF
:1019500008900699079BDDF820C0C2F830C0D3621A
:1019600091620D9A012182F834100D9A0021C4F27F
:10197000201191630D9981F840000D9A0390049015
:1019800005900399049BDDF814C0C2F84CC0936421
:1019900051640D9A0090019002900099019BDDF82E
:1019A00008C0C2F858C0536511650D9981F85C00F4
:1019B0000D9908660D9A516951660D9981F8680074
:1019C0000D99C8660D99486908670EB080BD000082
:1019D00080B590B00F908DED0E0A0F9890ED060A2D
:1019E00090ED073A90ED081A90ED092A23EE013A9E
:1019F00020EE020A30EE030A21EE013AB6EE001A9A
:101A00008DED011A31EE431A22EE022A71EE420ADE
:101A100012F00AFC8DED0D0A9DED0D0A8DED020A06
:101A20009DED0E0A00F0C0FC9DED011AB0EE402ABB
:101A30009DED020A30EE420A20EE010A8DED0C0AFD
:101A40009DED0C0A12F046FD8DED080A002009906C
:101A50000A909DED0C0A13F017F9B0EE401A9FEDB5
:101A6000170A30EE410A8DED0B0A0F9803909DED99
:101A7000080ADDED090A9DED0A1ADDED0B1A90ED5D
:101A8000062AD0ED072A90ED083AD0ED093A00F089
:101A90007FFE0399CDED071A8DED061ACDED050AEF
:101AA0008DED040A0498059A069BDDF81CC0C1F868
:101AB00024C00B62CA61886110B080BD0000008044
:101AC00080B586B005900491049800780599087057
:101AD0000498406805994860049890ED020AB5EEB4
:101AE000400AF1EE10FA05D1FFE79FED4C0A8DEDAB
:101AF000030A09E0049890ED020A9FED471A20EED0
:101B0000010A8DED030AFFE79DED030A059880EDBC
:101B1000020A049890ED030AB5EE400AF1EE10FABD
:101B200005D1FFE79FED3D0A8DED020A11E0049813
:101B300090ED030A00F038FC13F0A6F8B6EE001A98
:101B400020EE010AF0EE000A12F06CFD8DED020AA3
:101B5000FFE79DED020A059880ED030A049890EDD9
:101B6000040AB5EE400AF1EE10FA05D1FFE79FED49
:101B70002B0A8DED010A11E0049890ED040A00F0A3
:101B800013FC13F081F8B6EE001A20EE010AF0EE15
:101B9000000A12F047FD8DED010AFFE79DED010AF5
:101BA000059880ED040A04984069059948610599F3
:101BB00048694866059948690867049890ED010AE4
:101BC000B5EE400AF1EE10FA04D0FFE70498406940
:101BD00048B9FFE705994FF6FF70C7F67F70C860F8
:101BE00005990861FFE7059890F83400C00720B90F
:101BF000FFE7059948688863FFE7059890ED011AAB
:101C0000B2EE040A30EE410AB0EE081A80EE010A84
:101C100080ED0F0A06B080BD48E17A3FFFFF7F7F6D
:101C200080B5CAB08DED491ACDED480A8DED470A51
:101C3000CDED462A8DED452ACDED441A8DED434A72
:101C4000CDED423A8DED413A4090CDED3F4A40997D
:101C50004498459A469B0B63CA6288629DED470A89
:101C6000B0EEC00A409890ED021AB4EE410AF1EECF
:101C700010FA1ADCFFE79DED480AB0EEC00A409862
:101C800090ED021AB4EE410AF1EE10FA0DDCFFE716
:101C90009DED490AB0EEC00A409890ED021AB4EEEC
:101CA000410AF1EE10FA1CDDFFE7409B9869D96903
:101CB0001A6A5B6A3E933D923C913B904098FFF7D5
:101CC0002DFE40993B983C9A3D9BDDF8F8C0C1F849
:101CD00024C00B62CA6188614099012081F84000EC
:101CE000FFE7409890F83400C00768B3FFE74098DA
:101CF00090ED0E0A90ED0F1A9DED3F2A21EE021A8B
:101D000030EE410A80ED0E0A409890ED011A90EDF8
:101D10000E0AB4EE410AF1EE10FA09DBFFE7409833
:101D200090ED010AB5EE400AF1EE10FA0BD1FFE793
:101D30004099486888634099002081F834004099B0
:101D400081F84000FFE7FFE740980DF0A3FA8DED22
:101D50003A1ACDED390A8DED380A002037903690C9
:101D600035904099012081F85C009DED440ADDED3D
:101D7000450A9DED461A01F00FF8002879D1FFE7DA
:101D8000409804909DED440ADDED450A9DED461A0C
:101D900001F054F88DED311ACDED300A8DED2F0A9A
:101DA0009DED2F0ADDED300A9DED311ADDED381A7B
:101DB0009DED392ADDED3A2A01F0EAFE04998DED18
:101DC000341ACDED330A8DED320A3298339A349BB2
:101DD000CB648A644864409890F83400C00790B996
:101DE000FFE7409890ED110AD0ED120A90ED131A1A
:101DF00000F0FEFF409890ED031AB4EE410AF1EEB8
:101E000010FA09DCFFE74099002081F85C00409956
:101E1000086E0938086604E04099086E01300866CB
:101E2000FFE74099086E496E884207DDFFE7409959
:101E300000204866409981F85C0003E040994869B9
:101E40004866FFE740984269006E0021FFF754F8AA
:101E500040990866409890F85C00C00740B9FFE7D9
:101E6000409A506C916CD26C379236913590FFE766
:101E7000FFE700202E902D902C904099012081F8B2
:101E800068009DED410ADDED420A9DED431A00F028
:101E900083FF002840F09780FFE740980DF082FA1A
:101EA0008DED2B1ACDED2A0A8DED290A409803906D
:101EB0009DED380ADDED390A9DED3A1ADDED411A46
:101EC0009DED422ADDED432A00F098FE8DED221AA9
:101ED000CDED210A8DED200A9DED200ADDED210AD0
:101EE0009DED221A00F0AAFF8DED251ACDED240AF2
:101EF0008DED230A9DED230ADDED240A9DED251AC3
:101F0000DDED291A9DED2A2ADDED2B2A01F040FE98
:101F100003998DED281ACDED270A8DED260A269816
:101F2000279A289B8B654A650865409890F834008D
:101F3000C00790B9FFE7409890ED140AD0ED150A5C
:101F400090ED161A00F054FF409890ED041AB4EE8C
:101F5000410AF1EE10FA09DCFFE74099002081F810
:101F600068004099C86E0938C86604E04099C86E98
:101F70000130C866FFE74099C86E096F884207DDE7
:101F8000FFE7409900200867409981F8680003E066
:101F9000409948690867FFE740984269C06E002190
:101FA000FEF7AAFF4099C866409890F86800C007FD
:101FB00040B9FFE7409A106D516D926D2E922D91B0
:101FC0002C90FFE7FFE7B6EE000A00F0EDF9F0EE27
:101FD000401A9DED470ADDED480A9DED491A00F0D3
:101FE00057FF8DED1F1ACDED1E0A8DED1D0A9DEDDB
:101FF000350ADDED360A9DED371ADDED2C1A9DED23
:102000002D2ADDED2E2A00F09DFD8DED161ACDED69
:10201000150A8DED140A4098D0ED0E1A9DED140AA4
:10202000DDED150A9DED161A00F032FF8DED191A3F
:10203000CDED180A8DED170A9DED1D0ADDED1E0A86
:102040009DED1F1ADDED171A9DED182ADDED192AF9
:1020500000F078FD8DED1C1ACDED1B0A8DED1A0AEE
:1020600040980190DDED3F1A9DED1A0ADDED1B0A47
:102070009DED1C1A00F00CFF01988DED0B1ACDEDB3
:102080000A0A8DED090A90ED060AD0ED070A90EDD7
:10209000081AD0ED091A9DED092ADDED0A2A9DEDF9
:1020A0000B3A00F0C7FC0198CDED0F1A8DED0E1A1A
:1020B000CDED0D0A8DED0C0A90ED060AD0ED070A64
:1020C00090ED081AD0ED091A9DED0C2ADDED0D2AD0
:1020D0009DED0E3ADDED0F3A00F07EFA0199CDED5F
:1020E000131A8DED121ACDED110A8DED100A10980C
:1020F000119A129BDDF84CC0C1F824C00B62CA6172
:1021000088614098029090ED060AD0ED070A90EDA4
:10211000081AD0ED091A00F007FB0299CDED081A54
:102120008DED071ACDED060A8DED050A0598069A84
:10213000079BDDF820C0C1F824C00B62CA6188612A
:102140004AB080BD80B58CB08DED0B1ACDED0A0A7A
:102150008DED090ACDED082A8DED072ACDED061A81
:1021600005908DED043A05980021019102910391AB
:10217000DDED044A9DED090ADDED0A0A9DED0B1A1D
:10218000DDED061A9DED072ADDED082A9DED013AE9
:10219000DDED023A9DED034AFFF742FD059890F808
:1021A0003400C00730B1FFE705989FED030AFFF741
:1021B0000FFCFFE70CB080BD0000000080B582B0CE
:1021C0008DED000A9DED000ABFEE001AB4EE410A43
:1021D000F1EE10FA06DCFFE740F6DB70CBF6C970D3
:1021E000019016E09DED000AB7EE001AB4EE410A28
:1021F000F1EE10FA06DBFFE740F6DB70C3F6C970BC
:10220000019006E09DED000A11F078FF8DED010AC6
:10221000FFE79DED010A02B080BD000085B004908B
:1022200003919DED030AB8EE401AB7EE000A80EE66
:10223000010A9FED0C1A20EE010A049880ED000AB5
:1022400003980499486004990020886004990090DC
:10225000019002900098019A029B4B610A61C8604C
:1022600005B07047FDAD003E80B592B08DED0E1A01
:10227000CDED0D0A8DED0C0A0B900B989DED0C0A1F
:10228000DDED0D0A9DED0E1AD0ED031A90ED042A36
:10229000D0ED052A00F07EFE8DED0A1ACDED090A7B
:1022A0008DED080A089809990A9A0E920D910C90E2
:1022B0009DED0C0AB0EEC00AB0EE081AB4EE410A69
:1022C000F1EE10FA18DCFFE79DED0D0AB0EEC00A42
:1022D000B0EE081AB4EE410AF1EE10FA0CDCFFE79A
:1022E0009DED0E0AB0EEC00AB0EE081AB4EE410A37
:1022F000F1EE10FA0ADDFFE70B99002088600C98D8
:102300000D990E9A119210910F9045E00B9841682B
:10231000806888420BD2FFE70B998868013088609B
:102320000C980D990E9A119210910F9034E00B9821
:102330000190D0ED001A9DED0C0ADDED0D0A9DED2A
:102340000E1A00F0CFFD01988DED041ACDED030AB1
:102350008DED020A90ED030AD0ED040A90ED051A06
:10236000DDED021A9DED032ADDED042A00F018FCD4
:1023700001998DED071ACDED060A8DED050A059838
:10238000069A079B4B610A61C8600C980D990E9ADA
:10239000119210910F90FFE79DED0F0ADDED100AED
:1023A0009DED111A12B080BD81B08DED000A9DED3A
:1023B000000A9FED031A20EE010A01B0704700BF2A
:1023C00035FA8E3C82B08DED010A0198009000999B
:1023D00041F21240C5F61F70A0EB610000909DED28
:1023E000000A9DED011A9FED082A21EE021A21EE46
:1023F000001A21EE001A9FED052A31EE021A20EE96
:10240000010A02B0704700BF12D336BFFF51D83F58
:10241000F0B58FB0189E179D169CDDF854E0DDF8DE
:1024200050C00B960A950994CDF820E0CDF81CC059
:1024300006930592049103908DED021ACDED010AE9
:102440008DED000A9DED031A9DED043A9DED050A00
:102450009DED004A9DED015A9DED022A23EE053ABD
:1024600021EE041A31EE031A20EE020A30EE010AC0
:102470008DED0C0A9DED061A9DED073A9DED080ABB
:102480009DED004A9DED015A9DED022A23EE053A8D
:1024900021EE041A31EE031A20EE020A30EE010A90
:1024A0008DED0D0A9DED091A9DED0A3A9DED0B0A81
:1024B0009DED004A9DED015A9DED022A23EE053A5D
:1024C00021EE041A31EE031A20EE020A30EE010A60
:1024D0008DED0E0A9DED0C0ADDED0D0A9DED0E1A37
:1024E0000FB0F0BDF0B5A1B02A9E299D289CDDF863
:1024F0009CE0DDF898C08DED1D1ACDED1C0A8DED28
:102500001B0A1A9619951894CDF85CE0CDF858C0BE
:102510001593149213911290CDED112A8DED102A7E
:10252000CDED0F1A8DED0E4ACDED0D3A8DED0C3A35
:102530009DED1B0ADDED1C0A9DED1D1ADDED0C1A4B
:102540009DED0D2ADDED0E2A00F0F6FC8DED081A4A
:10255000CDED070A8DED060A9DED060ADDED070AB1
:102560009DED081ADDED0F1A9DED102ADDED112A03
:1025700000F0B6FB8DED0B1ACDED0A0A8DED090AC0
:1025800012981399149A159BDDF858C0179C189D42
:10259000199E1A9F9DED090ADDED0A0A9DED0B1AA1
:1025A000EE46CEF81070CEF80C60CEF80850CEF89B
:1025B0000440CEF800C0FFF72BFF8DED201ACDEDC3
:1025C0001F0A8DED1E0A9DED1E0ADDED1F0A9DED11
:1025D000201A21B0F0BD00008CB0CDED071A8DEDB2
:1025E000061ACDED050A8DED040ACDED033A8DED09
:1025F000023ACDED012A8DED002A9DED040A9DEDF4
:10260000001A30EE010A8DED080A9DED050A9DEDD8
:10261000011A30EE010A8DED090A9DED060A9DEDC5
:10262000021A30EE010A8DED0A0A9DED070A9DEDB2
:10263000031A30EE010A8DED0B0A9DED080ADDED5F
:10264000090A9DED0A1ADDED0B1A0CB07047000067
:102650008CB0CDED071A8DED061ACDED050A8DED86
:10266000040ACDED033A8DED023ACDED012A8DED50
:10267000002A9DED040A9DED001A20EE010A8DED61
:10268000080A9DED050A9DED011A20EE010A8DED67
:10269000090A9DED060A9DED021A20EE010A8DED54
:1026A0000A0A9DED070A9DED031A20EE010A8DED41
:1026B0000B0A9DED080ADDED090A9DED0A1ADDED14
:1026C0000B1A0CB07047000080B588B0CDED071A2A
:1026D0008DED061ACDED050A8DED040A9DED042A57
:1026E000DDED052A9DED063ADDED073AB0EE420A32
:1026F000F0EE620AB0EE431AF0EE631AFFF7A8FF9D
:10270000CDED031A8DED021ACDED010A8DED000A13
:102710009DED000ADDED010A9DED021ADDED031AC3
:1027200000F008F908B080BD80B588B0CDED031A7F
:102730008DED021ACDED010A8DED000A9DED000A26
:10274000DDED010A9DED021ADDED031AFFF7BCFF76
:10275000FFF738FEB0EE402A9DED000ADDED010ADC
:102760009DED021ADDED031A00F0AEF8CDED071A6B
:102770008DED061ACDED050A8DED040A9DED040AD6
:10278000DDED050A9DED061ADDED071A08B080BDE6
:102790008CB0CDED071A8DED061ACDED050A8DED45
:1027A000040ACDED033A8DED023ACDED012A8DED0F
:1027B000002A9DED040A9DED055A9DED063A9DED1A
:1027C000071A9DED006A9DED017A9DED024A9DED8F
:1027D000032A25EE075A20EE060A30EE450A23EEBC
:1027E000043A30EE430A21EE021A30EE410A8DED32
:1027F000080A9DED007A9DED016A9DED022A9DED8E
:10280000034A9DED043A9DED055A9DED060A9DEDA6
:10281000071A25EE075A23EE063A33EE053A20EE64
:10282000040A30EE030A21EE021A30EE410A8DED61
:10283000090A9DED004A9DED012A9DED026A9DED7C
:10284000037A9DED043A9DED055A9DED061A9DED26
:10285000070A25EE075A23EE063A33EE453A21EEF3
:10286000041A31EE031A20EE020A30EE010A8DED51
:102870000A0A9DED002A9DED014A9DED027A9DED2B
:10288000036A9DED041A9DED055A9DED063A9DEDF6
:10289000070A25EE075A21EE061A31EE051A23EE35
:1028A000043A31EE431A20EE020A30EE010A8DEDB1
:1028B0000B0A9DED080ADDED090A9DED0A1ADDED12
:1028C0000B1A0CB07047000089B0CDED041A8DEDE5
:1028D000031ACDED020A8DED010A8DED002A9DED62
:1028E000010A9DED001A20EE010A8DED050A9DED0D
:1028F000020A9DED001A20EE010A8DED060A9DEDFB
:10290000030A9DED001A20EE010A8DED070A9DEDE8
:10291000040A9DED001A20EE010A8DED080A9DEDD6
:10292000050ADDED060A9DED071ADDED081A09B06E
:102930007047000084B0CDED031A8DED021ACDED85
:10294000010A8DED000A9DED000A9DED013A9DED15
:10295000022A9DED031A30EE030A30EE020A30EE31
:10296000010A04B07047000080B588B0CDED041AAC
:102970008DED031ACDED020A8DED010A9DED011AD0
:102980009DED023A9DED030A9DED042A21EE033AE6
:1029900020EE020A30EE030A22EE022A21EE011A8C
:1029A00031EE021AB6EE002A8DED002A71EE420ACF
:1029B00011F03AFC00F0B8F88DED050A9DED010A22
:1029C0009DED021A9DED032A9DED043A21EE031AB6
:1029D00020EE020A30EE410A30EE000AFFF7EEFB6D
:1029E00000F0A2F89DED002A8DED060A9DED011A7A
:1029F0009DED023A9DED030A9DED044A21EE044A45
:102A000023EE000A30EE040A23EE033A21EE011A07
:102A100031EE031A71EE420A11F006FC00F084F860
:102A20008DED070A9DED050ADDED060A9DED071AFD
:102A300008B080BD8BB0CDED061A8DED051ACDED39
:102A4000040A8DED030A8DED023ACDED012A8DEDDC
:102A5000002A9DED043A9DED050A9DED061A9DEDB7
:102A6000004A9DED015A9DED022A20EE450A23EE13
:102A7000043A30EE430A21EE021A30EE410A8DED9F
:102A8000070A9DED004A9DED012A9DED025A9DED3C
:102A9000030A9DED053A9DED061A23EE053A20EE58
:102AA000040A30EE030A21EE021A30EE410A8DEDDF
:102AB000080A9DED002A9DED014A9DED025A9DED0B
:102AC000031A9DED043A9DED060A23EE053A21EE28
:102AD000041A31EE431A20EE020A30EE010A8DED9F
:102AE000090A9DED002A9DED015A9DED024A9DEDDA
:102AF000030A9DED043A9DED051A23EE053A20EEFA
:102B0000040A30EE030A21EE021A30EE410A8DED7E
:102B10000A0A9DED070ADDED080A9DED091ADDEDB3
:102B20000A1A0BB07047000081B08DED000A9DEDD0
:102B3000000A9FED031A20EE010A01B0704700BFA2
:102B4000E02E654289B08DED051ACDED040A8DEDBC
:102B5000030ACDED022A8DED012ACDED001A9DED7F
:102B6000030A9DED001A30EE010A8DED060A9DED77
:102B7000040A9DED011A30EE010A8DED070A9DED64
:102B8000050A9DED021A30EE010A8DED080A9DED51
:102B9000060ADDED070A9DED081A09B0704700002E
:102BA00089B08DED051ACDED040A8DED030ACDED4A
:102BB000022A8DED012ACDED001A9DED030A9DED4F
:102BC000001A30EE010A8DED060A9DED040A9DED16
:102BD000011A30EE010A8DED070A9DED050A9DED03
:102BE000021A30EE010A8DED080A9DED060ADDEDB0
:102BF000070A9DED081A09B07047000089B08DEDF5
:102C0000051ACDED040A8DED030ACDED022A8DEDF6
:102C1000012ACDED001A9DED013A9DED022A9DEDB0
:102C2000040A9DED051A21EE031A20EE020A30EE89
:102C3000410A8DED060A9DED031A9DED050A9DEDF5
:102C4000002A9DED023A21EE031A20EE020A30EE30
:102C5000410A8DED070A9DED003A9DED012A9DED9B
:102C6000030A9DED041A21EE031A20EE020A30EE4B
:102C7000410A8DED080A9DED060ADDED070A9DED7E
:102C8000081A09B07047000080B58AB08DED091AA6
:102C9000CDED080A8DED070ACDED062A8DED052A4A
:102CA000CDED041A9DED070ADDED080A9DED091A28
:102CB000DDED041A9DED052ADDED062A00F03EF853
:102CC0008DED031ACDED020A8DED010A9DED010A8D
:102CD000DDED020A9DED031A00F08AF90AB080BD0D
:102CE00089B08DED051ACDED040A8DED030ACDED09
:102CF000022A8DED012ACDED001A9DED030A9DED0E
:102D0000001A20EE010A8DED060A9DED040A9DEDE4
:102D1000011A20EE010A8DED070A9DED050A9DEDD1
:102D2000021A20EE010A8DED080A9DED060ADDED7E
:102D3000070A9DED081A09B07047000089B08DEDB3
:102D4000051ACDED040A8DED030ACDED022A8DEDB5
:102D5000012ACDED001A9DED030A9DED001A20EE2B
:102D6000010A8DED060A9DED040A9DED011A20EE83
:102D7000010A8DED070A9DED050A9DED021A20EE70
:102D8000010A8DED080A9DED060ADDED070A9DEDAD
:102D9000081A09B07047000084B08DED031ACDED1C
:102DA000020A8DED010A9DED010A0020B5EE400AF0
:102DB000F1EE10FA009015D1FFE79DED020A002018
:102DC000B5EE400AF1EE10FA00900BD1FFE79DED51
:102DD000030A0020B5EE400AF1EE10FA08BF012008
:102DE0000090FFE7009800F0010004B07047000079
:102DF00080B586B08DED051ACDED040A8DED030A80
:102E0000DDED031A9DED042ADDED052AB0EE610A21
:102E1000F0EE420AB0EE621AFFF790FF8DED021A53
:102E2000CDED010A8DED000A9DED000ADDED010AF0
:102E30009DED021A00F0DCF806B080BD80B586B0CA
:102E40008DED021ACDED010A8DED000A9DED000A0F
:102E5000DDED010A9DED021AFFF7CAFFFFF7B2FA96
:102E6000F0EE401A9DED000ADDED010A9DED021A1B
:102E700000F00EF88DED051ACDED040A8DED030A74
:102E80009DED030ADDED040A9DED051A06B080BD37
:102E900087B08DED031ACDED020A8DED010ACDED5F
:102EA000001A9DED010A9DED001A20EE010A8DED3C
:102EB000040A9DED020A9DED001A20EE010A8DED37
:102EC000050A9DED030A9DED001A20EE010A8DED25
:102ED000060A9DED040ADDED050A9DED061A07B010
:102EE0007047000087B08DED031ACDED020A8DED1D
:102EF000010ACDED001A9DED010A9DED001A20EEAC
:102F0000010A8DED040A9DED020A9DED001A20EEE6
:102F1000010A8DED050A9DED030A9DED001A20EED4
:102F2000010A8DED060A9DED040ADDED050A9DED11
:102F3000061A07B07047000089B08DED051ACDED77
:102F4000040A8DED030ACDED022A8DED012ACDEDA7
:102F5000001A9DED030A9DED001A30EE410A8DED39
:102F6000060A9DED040A9DED011A30EE410A8DED31
:102F7000070A9DED050A9DED021A30EE410A8DED1E
:102F8000080A9DED060ADDED070A9DED081A09B055
:102F90007047000089B08DED051ACDED040A8DED66
:102FA000030ACDED022A8DED012ACDED001A9DED2B
:102FB000030A9DED001A30EE410A8DED060A9DEDE3
:102FC000040A9DED011A30EE410A8DED070A9DEDD0
:102FD000050A9DED021A30EE410A8DED080A9DEDBD
:102FE000060ADDED070A9DED081A09B070470000DA
:102FF00083B08DED021ACDED010A8DED000A9DED35
:10300000000A9DED012A9DED021A30EE020A30EE13
:10301000010A03B0704700007047000080B584B01B
:10302000029000208DF8070040F28000C2F20000FC
:10303000D0F810C027210DF107020123E0470090CE
:10304000009818B1FFE70098039008E09DF807008A
:1030500000F001000299087000200390FFE7039838
:1030600004B080BD80B584B040F28000C2F20000A0
:1030700002900298D0F810C00DF103020123194606
:10308000E0470190019818B1FFE70198039069E0CB
:10309000012002F067FA00F079F80190019818B168
:1030A000FFE7019803905DE0322000F0ADF8019059
:1030B000019818B1FFE70198039053E00298D0F807
:1030C00010C027210DF103020123E0470190019870
:1030D00018B1FFE70198039044E0DC208DF803006D
:1030E0000298D0F80CC037210DF103020123E0470C
:1030F0000190019818B1FFE70198039032E0052094
:1031000002F030FA40208DF803000298D0F80CC08D
:1031100036210DF103020123E0470190019818B117
:10312000FFE7019803901DE001238DF8033002981A
:10313000D0F80CC015210DF10302E0470190019871
:1031400018B1FFE7019803900CE0DD208DF8030033
:103150000298D0F80CC037210DF103020123E0479B
:103160000390FFE7039804B080BD000080B582B0F3
:10317000019040F28000C2F20000D0F810C0019A25
:103180001D210623E04702B080BD000080B584B059
:1031900040F28000C2F20000D0F810C00DF107022A
:1031A00001231946E0470290029818B1FFE7029800
:1031B000039026E09DF80700502804D0FFE74FF069
:1031C000FF3003901DE040F28000C2F20000D0F812
:1031D00010C002210DF106020123E047029002987F
:1031E00018B1FFE7029803900BE09DF80600322823
:1031F00004D0FFE74FF0FF30039002E0002003907F
:10320000FFE7039804B080BD80B586B0049000202D
:103210008DF80F000190FFE70198049988422DD2A4
:10322000FFE740F28000C2F20000D0F810C0282171
:103230000DF10F020123E0470290029818B1FFE759
:10324000029805901EE09DF80F004007002804D565
:10325000FFE74FF0FF30059014E09DF80F00800766
:10326000002803D5FFE7002005900BE0012002F0C5
:1032700079F9FFE7019801300190CDE76FF0020086
:103280000590FFE7059806B080BD000080B582B0CC
:103290008DF8070040F22C10C2F20000026A9DF87F
:1032A0000710904702B080BD80B582B08DF807004E
:1032B00040F26810C2F20000026A9DF807109047C1
:1032C00002B080BD80B582B08DF8070040F2A41036
:1032D000C2F20000026A9DF80710904702B080BD5C
:1032E00080B582B040F2E010C2F20000426A694646
:1032F000904720B1FFE74FF0FF3001900BE040F224
:10330000E010C2F20000026A0099B1FA81F14909A5
:1033100090470190FFE7019802B080BD80B584B06E
:10332000039000208DF807000398D0F80CC00A2104
:103330000DF107020123E04704B080BD80B584B0E1
:103340000290FF208DF803000298D0F810C04621AB
:103350000DF103020123E0470190019818B1FFE746
:10336000019803900AE09DF8030020B1FFE74FF0B9
:10337000FF30039002E000200390FFE7039804B0C1
:1033800080BD000080B584B00390A2208DF80700B6
:103390000398D0F80CC00A210DF107020123E04781
:1033A00004B080BD80B584B002900298D0F810C0FF
:1033B00008210DF103020123E0470190019818B1A3
:1033C000FFE7019803901AE09DF8030000F0FC006D
:1033D0008DF803000298D0F80CC008210DF103020B
:1033E0000123E0470190019818B1FFE7019803908D
:1033F00005E0022002F0B6F800200390FFE70398F2
:1034000004B080BD80B584B002900298D0F810C09E
:1034100008210DF103020123E0470190019818B142
:10342000FFE7019803901AE09DF8030040F00300C5
:103430008DF803000298D0F80CC008210DF10302AA
:103440000123E0470190019818B1FFE7019803902C
:1034500005E0022002F086F800200390FFE70398C1
:1034600004B080BD80B584B002900298D0F810C03E
:1034700002210DF103020123E0470190019818B1E8
:10348000FFE70198039017E09DF8030040F040002B
:103490008DF803000298D0F80CC002210DF1030250
:1034A0000123E0470190019818B1FFE701980390CC
:1034B00002E000200390FFE7039804B080BD000005
:1034C00080B586B004900391ADF80A200498D0F836
:1034D00010C0039ABDF80A303521E04701900198E9
:1034E00018B1FFE70198059002E000200590FFE782
:1034F000059806B080BD000080B584B002900298A7
:10350000D0F810C000210DF103020123E047019023
:10351000019818B1FFE70198039021E09DF803009E
:10352000052803D0FFE70120039019E00298D0F8A6
:1035300010C00DF1020201231946E04701900198E5
:1035400018B1FFE7019803900AE09DF802007C287B
:1035500003D0FFE70120039002E000200390FFE783
:10356000039804B080BD000080B586B00490B02000
:103570008DF80B000498D0F80CC060210DF10B02FF
:103580000123E04703900A2001F0ECFF00200190A6
:10359000FFE70198B0F5FA7F20DAFFE701200090FD
:1035A00001F0E0FF009B0498D0F810C04D210DF110
:1035B0000B02E0470390039818B1FFE703980590CA
:1035C00010E09DF80B00802803D1FFE70020059054
:1035D00008E0FFE7019801300190DAE76FF00200A0
:1035E0000590FFE7059806B080BD000080B586B065
:1035F00004908DF80F109DF80F008DF805000498C9
:10360000D0F810C003210DF107020123E04702901A
:10361000029818B1FFE70298059039E00498D0F8B5
:1036200010C004210DF106020123E0470290029828
:1036300018B1FFE7029805902AE09DF8070000F016
:10364000F0009DF8051008438DF807009DF806006E
:1036500000F0F0009DF8051008438DF8060004986E
:10366000D0F80CC003210DF107020123E0470290BE
:10367000029818B1FFE70298059009E00498D0F885
:103680000CC004210DF106020123E0470590FFE77D
:10369000059806B080BD000080B586B004908DF816
:1036A0000F109DF80F008DF806000498D0F810C098
:1036B00003210DF107020123E0470290029818B19F
:1036C000FFE70298059012E09DF8070000F08F00D8
:1036D0009DF8061008438DF807000498D0F80CC038
:1036E00003210DF107020123E0470590FFE705984C
:1036F00006B080BD80B586B004908DF80F109DF89F
:103700000F008DF806000498D0F810C004210DF1C8
:1037100007020123E0470290029818B1FFE70298E0
:10372000059012E09DF8070000F08F009DF806104C
:1037300008438DF807000498D0F80CC004210DF15F
:1037400007020123E0470590FFE7059806B080BD1A
:1037500080B50DF063F880BD80B582B0019001980E
:103760000DF08EF802B080BD80B586B0FF208DF8D8
:103770000F004CF20F00ADF80C0000238DF80A305A
:1037800040F2D400C2F20000D0F814C069460B60C9
:103790000DF10F010122E04720B1FFE76FF00A00B1
:1037A00005904AE0012001F0DDFEFFE740F2D40081
:1037B000C2F20000D0F818C06A460121116003A9C6
:1037C00002220DF10B03E04704900498B0F1FF3F93
:1037D00003DCFFE7049805902FE0012001F0C2FE12
:1037E0009DF80A0001308DF80A00C0B2642804DB9D
:1037F000FFE76FF0020005901FE0FFE79DF80B0068
:10380000C0070028D2D1FFE700F01AF8049004980E
:10381000B0F1FF3F03DCFFE7049805900DE000F0F6
:1038200041F804900498B0F1FF3F03DCFFE70498EF
:10383000059002E000200590FFE7059806B080BDE6
:1038400080B584B09F20ADF80A000020ADF80800D4
:1038500040F2D400C2F20000D0F818C0694602223B
:103860000A600DF10A0102ABE04701900198B0F146
:10387000FF3F03DCFFE70198039010E09DF808008C
:103880005E2805D1FFE79DF80900C12804D0FFE7B5
:103890004FF0FF30039002E000200390FFE7039811
:1038A00004B080BD80B584B04AF21F00ADF80A00B4
:1038B00000208DF8090040F2D400C2F20000D0F8D8
:1038C00014C06A46012111600DF10A0102220DF1B6
:1038D0000903E0470190019818B1FFE701980390B0
:1038E00025E00F208DF80A00FF208DF8090040F236
:1038F000D400C2F20000D0F818C06A46012111605D
:103900000DF10A0102220DF10903E047019001982F
:1039100018B1FFE70198039009E09DF8090000F055
:103920003800002818BF4FF0FF300390FFE70398DE
:1039300004B080BD80B586B005900491039200204C
:103940000290FFE7029802284CDCFFE70598029AF4
:1039500000EB820090ED000A40F20C30C2F2000051
:1039600000EB820040F20801C2F20001009101EB7D
:1039700082010EF031FF0498029A00EB820090ED74
:10398000000A40F21830C2F2000000EB820040F260
:103990001401C2F20001019101EB82010EF01CFF43
:1039A000009A0198059B029903EB810393ED000AAD
:1039B00002EB8102D2ED000A049A02EB810292ED41
:1039C000001A00EB8100D0ED001A0CF061FE0398A4
:1039D000029900EB810080ED000AFFE702980130B8
:1039E0000290AFE706B080BD80B5102002F0C6FDA2
:1039F00080BD000072B6FFE7FEE7000080B540F230
:103A0000A870C2F2000002F07FF980BD80B540F2DC
:103A1000A870C2F2000002F077F980BD83B0029076
:103A20004AF60040C4F200000090029800684AF68E
:103A30000001C4F20001884205D1FFE7009800F5BB
:103A400054700090FFE7009802990864029800689B
:103A5000D0F8800020F4F810029A1168526B40EA06
:103A60000240C1F8800000987030029948640298C2
:103A70000068D0F8800020F07060029A1168926BA4
:103A800040EA0260C1F880000098B0300299886472
:103A9000009800F5C4700299C864009800F5187089
:103AA00002990865009800F51E7002994865009813
:103AB0000190FFE70198009901F55471884208D2FE
:103AC000FFE7019900200860FFE7019804300190AA
:103AD000F0E703B07047000088B0079006910592A8
:103AE00004930698406848B9FFE706980168826821
:103AF0000069104340EA8140039009E0069801689C
:103B0000826800691043084340F080400390FFE75B
:103B10000698D0F820C0C16842698369C06940EA4C
:103B20000C601843104340EA014002900798406D32
:103B3000049901EBC10100EBC100019003980199C8
:103B4000086001980430019002980199086001987A
:103B50000430019000200090FFE700980699CA68A1
:103B600045F2DC11C0F60101895C88420DD2FFE705
:103B70000598009940580199086001980430019017
:103B8000FFE7009804300090E7E708B070470000B6
:103B900080B58CB08DED081ACDED070A8DED060AC3
:103BA000CDED052A8DED042ACDED031A9DED060A13
:103BB000DDED070A9DED081ADDED031A9DED042ADF
:103BC000DDED052AFFF760F8B5EE400AF1EE10FAD8
:103BD00023DAFFE79DED060ADDED070A9DED081AE1
:103BE000DDED031A9DED042ADDED052AFFF706F849
:103BF0008DED021ACDED010A8DED000A9DED000A52
:103C0000DDED010A9DED021AFFF718F98DED0B1A93
:103C1000CDED0A0A8DED090A14E09DED060ADDEDF1
:103C2000070A9DED081ADDED031A9DED042ADDED6E
:103C3000052AFEF7E3FF8DED0B1ACDED0A0A8DED97
:103C4000090AFFE79DED090ADDED0A0A9DED0B1A51
:103C50000CB080BD80B540F20C70C2F2000001F0E3
:103C6000C5F880BD40F2C850C2F20000006870473D
:103C700080B5C0B020901F9100208DF87B001B9074
:103C80001F98C0680021C4F27F01884201D0FFE77D
:103C900000E0FFE7FFE7209890F85400012804D1E6
:103CA000FFE702208DF88700FDE32099012081F8CD
:103CB0005400FFE7FFE7209800680BF0DBFF0028C7
:103CC00040F0DD83FFE71F980068012810D0FFE770
:103CD0001F9800680221C0F2304188420DD1FFE7F1
:103CE0001F98C0680021C4F27F01884205D1FFE718
:103CF000209800680BF05EFFFFE7209800681F998E
:103D00000A6849680BF0BEFF209800680BF0B2FF0C
:103D10001A90209800680BF08DFF19901A980028CF
:103D200040F0B881FFE71998002840F0B381FFE721
:103D30001F988068B0F1004F0ED1FFE7209800680F
:103D40001F99096800220BF0BBFF209800684FF014
:103D500000410CF061F80CE0209800681F9A11688F
:103D600092680BF0ADFF2098006800210CF054F829
:103D7000FFE71F98406920990968C96801F0180198
:103D8000890888401D901F98006904281CD0FFE70F
:103D9000209800681F990A6809691D9B0BF0E2FFD3
:103DA000209800681F9A116992690CF00DF820980C
:103DB00000681F9A1169127F013AB2FA82F2520921
:103DC00052060BF0EDFF64E12098006800210BF033
:103DD00021FF000348B9FFE72098006800210BF09D
:103DE00019FFC0F38460189018E020980068002143
:103DF0000BF010FF90FAA0F03E903E9820B9FFE73C
:103E000020208DF8FF0005E03E98B0FA80F08DF894
:103E1000FF00FFE79DF8FF001890FFE71898179044
:103E20001F980068000330B9FFE71F980068C0F3CF
:103E30008460169015E01F98006890FAA0F03C90FE
:103E40003C9820B9FFE720208DF8F70005E03C986A
:103E5000B0FA80F08DF8F700FFE79DF8F7001690B4
:103E6000FFE717981699884207D1FFE72098006866
:103E7000002211460BF0BCFFFFE7209800680121EB
:103E80000BF0C8FE000348B9FFE720980068012145
:103E90000BF0C0FEC0F38460159018E02098006815
:103EA00001210BF0B7FE90FAA0F03A903A9820B9B1
:103EB000FFE720208DF8EF0005E03A98B0FA80F097
:103EC0008DF8EF00FFE79DF8EF001590FFE71598DC
:103ED00014901F980068000330B9FFE71F9800682E
:103EE000C0F38460139015E01F98006890FAA0F06A
:103EF0003890389820B9FFE720208DF8E70005E0DA
:103F00003898B0FA80F08DF8E700FFE79DF8E700F9
:103F10001390FFE714981399884207D1FFE7209880
:103F20000068012100220BF063FFFFE72098006882
:103F300002210BF06FFE000348B9FFE720980068EC
:103F400002210BF067FEC0F38460129018E0209805
:103F5000006802210BF05EFE90FAA0F036903698D1
:103F600020B9FFE720208DF8DF0005E03698B0FA91
:103F700080F08DF8DF00FFE79DF8DF001290FFE78B
:103F8000129811901F980068000330B9FFE71F983E
:103F90000068C0F38460109015E01F98006890FAE4
:103FA000A0F03490349820B9FFE720208DF8D70096
:103FB00005E03498B0FA80F08DF8D700FFE79DF85F
:103FC000D7001090FFE711981099884207D1FFE7BA
:103FD00020980068022100220BF00AFFFFE72098DA
:103FE000006803210BF016FE000348B9FFE7209894
:103FF000006803210BF00EFEC0F384600F9018E000
:104000002098006803210BF005FE90FAA0F0329092
:10401000329820B9FFE720208DF8CF0005E03298D4
:10402000B0FA80F08DF8CF00FFE79DF8CF000F9039
:10403000FFE70F980E901F980068000330B9FFE764
:104040001F980068C0F384600D9015E01F98006809
:1040500090FAA0F03090309820B9FFE720208DF83A
:10406000C70005E03098B0FA80F08DF8C700FFE790
:104070009DF8C7000D90FFE70E980D99884207D173
:10408000FFE720980068032100220BF0B1FEFFE754
:10409000FFE7FFE7209800680BF0DCFD002840F008
:1040A0004481FFE7209800681F9A1168D2680BF0DE
:1040B00023FE1F98C0680021C4F27F01884240F0AF
:1040C0003381FFE7209800680C901F980068000378
:1040D00030B9FFE71F980068C0F384600B9015E0CB
:1040E0001F98006890FAA0F02E902E9820B9FFE754
:1040F00020208DF8BF0005E02E98B0FA80F08DF8F2
:10410000BF00FFE79DF8BF000B90FFE70B98013061
:1041100000F01F0009287DD8FFE71F980068000302
:1041200030B9FFE71F980068C0F384600A9015E07B
:104130001F98006890FAA0F02C902C9820B9FFE707
:1041400020208DF8B70005E02C98B0FA80F08DF8AB
:10415000B700FFE79DF8B7000A90FFE70A98013023
:1041600000F01F00800609901F980068000330B916
:10417000FFE71F980068C0F38460089015E01F985F
:10418000006890FAA0F02A902A9820B9FFE7202032
:104190008DF8AF0005E02A98B0FA80F08DF8AF00F6
:1041A000FFE79DF8AF000890FFE7099808990131F3
:1041B00001F01F0201219140084307901F980068F9
:1041C000000330B9FFE71F980068C0F384600690D1
:1041D00015E01F98006890FAA0F02890289820B960
:1041E000FFE720208DF8A70005E02898B0FA80F0BE
:1041F0008DF8A700FFE79DF8A7000690FFE7079856
:104200000699013101F01F0101EB410140EA015023
:10421000059082E01F980068000330B9FFE71F98FF
:104220000068C0F38460049015E01F98006890FA5D
:10423000A0F02690269820B9FFE720208DF89F0057
:1042400005E02698B0FA80F08DF89F00FFE79DF812
:104250009F000490FFE70498013000F01F008006E3
:1042600003901F980068000330B9FFE71F980068AB
:10427000C0F38460029015E01F98006890FAA0F0E7
:104280002490249820B9FFE720208DF8970005E0BE
:104290002498B0FA80F08DF89700FFE79DF897001A
:1042A0000290FFE703980299013101F01F020121FA
:1042B0009140084301901F980068000330B9FFE760
:1042C0001F980068C0F38460009015E01F98006894
:1042D00090FAA0F02290229820B9FFE720208DF8D4
:1042E0008F0005E02298B0FA80F08DF88F00FFE78C
:1042F0009DF88F000090FFE701990098013000F0D1
:104300001F0000EB40020020CFF6206000EB0250BF
:10431000084340F000700590FFE70C9805991F9A3C
:1043200092680BF0CDFCFFE7FFE71F98408848F24A
:104330000801084200F0A280FFE748F20030C4F212
:1043400002200BF05FFC1C901F9800680021CCF24B
:104350002131884233D1FFE79DF872000006002822
:104360002DD4FFE72098006848F20001C4F2022132
:10437000884223D1FFE71C9840F4000148F2003046
:10438000C4F202200BF0E0FC40F22000C2F2000078
:104390000068800942F66351C0F23E51A0FB011053
:1043A0008109022000EB41001B90FFE71B9820B120
:1043B000FFE71B9801381B90F8E7FFE75DE01F98C7
:1043C00000680021C4F22931884219D1FFE79DF825
:1043D0007300C007A0B9FFE72098006848F20011F9
:1043E000C4F2022188420AD1FFE71C9840F0807194
:1043F00048F20030C4F202200BF0A6FCFFE73BE0DD
:104400001F9800680021CCF2527188421AD1FFE750
:104410009DF872004006002814D4FFE72098006839
:1044200048F20001C4F2022188420AD1FFE71C9839
:1044300040F4800148F20030C4F202200BF084FC0A
:10444000FFE718E01F9800680021C4F25A71884203
:104450000FD1FFE72098006848F20001C4F2022162
:10446000884205D0FFE7209800680BF0AFFBFFE71C
:1044700000E0FFE7FFE7FFE7FFE7FFE708E020993D
:10448000886D40F02000886501208DF87B00FFE7F3
:10449000FFE72099002081F85400FFE79DF87B009A
:1044A0008DF88700FFE79DF8870040B080BD0000D1
:1044B00080B588B0069000208DF81700019006980E
:1044C00020B9FFE701208DF81F004FE10698006931
:1044D00040B1FFE7069890F82000012801D1FFE7DE
:1044E000FFE7FFE70698806D50B9FFE7069800F0F8
:1044F00041F906990020C865069981F85400FFE744
:10450000069800680BF09EFB28B1FFE7069800684C
:104510000BF044FBFFE7069800680BF0A3FBF0B933
:10452000FFE7069800680BF05DFB40F22000C2F246
:1045300000000068800942F66351C0F23E51A0FBC2
:1045400001108109022000EB41000190FFE7019872
:1045500020B1FFE7019801380190F8E7FFE70698DE
:1045600000680BF07FFB70B9FFE70699886D40F09B
:10457000100088650699C86D40F00100C8650120EB
:104580008DF81700FFE7069800680BF073FB0390A7
:104590000698806DC006002800F1DA80FFE70398D6
:1045A000002840F0D580FFE70698806D40F00200BB
:1045B00020F4807006998865069800680BF04AFB25
:1045C000E0B9FFE748F20000C4F202200BF042FB22
:1045D000009048F20010C4F202200BF03BFB0146B1
:1045E0000098084348B9FFE70698416848F2003050
:1045F000C4F202200BF09AFBFFE7FFE706994A7E20
:10460000886B40EA42308A68CB681843104391F8BF
:10461000201040EA01400490069890F820000128FC
:104620000BD1FFE70698416A0020CFF6FE7000EB41
:104630004141049808430490FFE70698806A50B10E
:10464000FFE70699886AC96A00F478700143049804
:1046500008430490FFE706980068C06844F2070129
:10466000CFF6F07108400499084306990968C860BC
:1046700006980068006920F04060069A1168126B85
:1046800010430861069800680BF0D4FA0290039872
:10469000E8BBFFE70298D0BBFFE70699087E91F8D8
:1046A0003410800340EA4100049006980068C06816
:1046B00044F2020188430499084306990968C860D6
:1046C000069890F83C00012819D1FFE70698006889
:1046D000006940F2FD7120EA0102069B1968186C1E
:1046E000D3F844E0D3F848C040EA0E0040EA0C009A
:1046F000DB6C1843104340F00100086106E00698A7
:104700000168086920F001000861FFE7FFE70698EB
:10471000006901280CD1FFE706980068006B20F0C3
:104720000F00069A1168D269013A1043086306E047
:1047300006980168086B20F00F000863FFE70698F1
:10474000806D40F0010020F002000699886508E0C5
:104750000699886D40F01000886501208DF81700DB
:10476000FFE79DF817008DF81F00FFE79DF81F0079
:1047700008B080BD80B5CCB04B9000204A904990E5
:1047800048904790469004A84FF48471FBF7C6FD0B
:104790004B98006848F20001C4F20221884245D1DA
:1047A000FFE7002005904FF400110491399004A810
:1047B00005F088FB18B1FFE7FFF71CF9FFE740F2AF
:1047C0003030C2F200000168013101600068012848
:1047D00010D1FFE7FFE740F68C40C4F202400168C9
:1047E00041F480610160006800F4806003900398E8
:1047F000FFE7FFE7FFE740F68C40C4F202400168A4
:1048000041F001010160006800F00100029002988F
:10481000FFE70220469003204790002048900020A8
:10482000C4F2022046A901F0E1FE4EE04B98006878
:1048300048F20011C4F20221884245D1FFE700206E
:1048400005904FF400110491399004A805F03AFB4B
:1048500018B1FFE7FFF7CEF8FFE740F23030C2F2C1
:1048600000000168013101600068012810D1FFE7F4
:10487000FFE740F68C40C4F20240016841F48061D9
:104880000160006800F4806001900198FFE7FFE795
:10489000FFE740F68C40C4F20240016841F001019C
:1048A0000160006800F0010000900098FFE7082018
:1048B000469003204790002048900020C4F2022038
:1048C00046A901F093FEFFE7FFE74CB080BD000072
:1048D00087B006900591049200208DF80F001F20EC
:1048E00002909DF81400C00720B9FFE701208DF861
:1048F0000F004BE0FFE70299481E02900020019054
:1049000051B1FFE70598029901F01F0120FA01F16A
:10491000012088430190FFE70198C00708B1FFE735
:10492000E9E70498009018282BD80099DFE801F0F7
:1049300028292929292929291F29292929292929F2
:1049400016292929292929290D000298072804D385
:10495000FFE701208DF80F00FFE716E00298082816
:1049600004D3FFE701208DF80F00FFE70DE0029868
:10497000102804D3FFE701208DF80F00FFE704E0C3
:1049800003E001208DF80F00FFE7FFE79DF80F001F
:1049900078B9FFE7059806990968486106980068A4
:1049A000806820F018000499084306990968886017
:1049B000FFE79DF80F0007B07047000080B582B098
:1049C0000090009820B9FFE701208DF8070057E01C
:1049D0000098407F38B9FFE70099002008770098D9
:1049E00000F052F8FFE7009902204877009800791C
:1049F00080B9FFE70098016841F6B750C0F2C140A6
:104A0000486100980068806820F0180000990968E3
:104A100088600BE000988168C268FFF759FF20B1F9
:104A2000FFE701208DF807002AE0FFE700984079B2
:104A300030B9FFE7009801684FF0FF30086104E0EB
:104A40000098016800690861FFE7009800688068C5
:104A500020F06000009A1168526910438860009845
:104A60000068806820F08000009A11689269104305
:104A7000886000990120487700208DF80700FFE743
:104A80009DF8070002B080BD82B0019001980068D7
:104A900043F20001C4F20201884210D1FFE7FFE7B0
:104AA00040F68840C4F20240016841F48051016040
:104AB000006800F4805000900098FFE7FFE702B024
:104AC0007047000080B586B00490049820B1FFE7DD
:104AD0000498406F20B9FFE701208DF8170090E09F
:104AE0000498006D20B9FFE701208DF8170088E0D9
:104AF000049890F854008DF80F00049800684069FD
:104B000000F4803002909DF80F00012809D0FFE7E3
:104B10009DF80F00022863D1FFE7029800285FD0BC
:104B2000FFE7049890F85400012852D1FFE7FFE70F
:104B3000049890F84C00012804D1FFE702208DF87A
:104B400017005EE00499012081F84C00FFE7FFE7C1
:104B50000499022081F854000499496F087304995C
:104B6000002088650499496F0861049801684869C4
:104B700040F4BA4048610498406E38B1FFE70498A9
:104B80000168486940F400704861FFE70498006FCD
:104B900038B1FFE704980168486940F40050486163
:104BA000FFE70498406F006801A90022FCF784FD2C
:104BB00004980168406F4088000408600498016808
:104BC000406F00684FF6FC721040019A1043C867AE
:104BD000FFE704980168486940F0010048610CE073
:104BE000049940208865FFE70499002081F84C0073
:104BF000FFE701208DF8170003E000208DF8170073
:104C0000FFE79DF8170006B080BD000080B584B0B6
:104C1000029001F08FFE0190029820B9FFE7012079
:104C20008DF80F0079E0029890F8540002280DD01A
:104C3000FFE7029920208865FFE70299002081F8AC
:104C40004C00FFE701208DF80F0066E00298016834
:104C5000486940F0040048610299052081F8540039
:104C6000FFE70298006800698004002827D4FFE766
:104C700001F060FE0199401A06281FD3FFE7029950
:104C8000886D40F0100088650299032081F8540077
:104C9000029890F850000006002805D5FFE702981A
:104CA000416F01200873FFE7FFE70299002081F8B8
:104CB0004C00FFE701208DF80F002EE0D1E70298AD
:104CC0000168486940F0020048610299042081F8B7
:104CD0005400029801684FF4FE40C8600299012018
:104CE00081F85400029890F850000006002809D579
:104CF000FFE70298416F01200873029801680020C5
:104D00008864FFE7FFE70299002081F84C00FFE785
:104D1000FFE700208DF80F00FFE79DF80F0004B0BB
:104D200080BD000082B00090009820B9FFE701200C
:104D30008DF807001CE0009890F85400022807D076
:104D4000FFE700992020886501208DF807000FE01B
:104D50000099042081F8540000980168486942F2E3
:104D6000040210434861FFE700208DF80700FFE7C9
:104D70009DF8070002B0704785B003900291039838
:104D800020B9FFE701208DF813002AE0039800689E
:104D900040F6FF7188430190039800685038C0F3D3
:104DA000C4110120884000909DF80800C00600282A
:104DB00013D5FFE7029800F01100112806D1FFE794
:104DC000009A019948681043486005E0009A0199EB
:104DD000486890434860FFE7FFE700208DF8130024
:104DE000FFE79DF8130005B07047000080B584B060
:104DF00003900398006840F6FF718843029003987F
:104E000000685038C0F3C411012088400190029816
:104E1000C068019908400090009808B9FFE74DE18B
:104E20000398006800694005002813D5FFE7039840
:104E300000684069400500280BD5FFE7039801682A
:104E40004FF48060C8600399886D40F00100886568
:104E5000FFE7FFE70398006800690005002813D505
:104E6000FFE7039800684069000500280BD5FFE7BD
:104E7000039801684FF40060C8600399886D40F0A2
:104E800002008865FFE7FFE7039800680069C00437
:104E9000002813D5FFE7039800684069C004002884
:104EA0000BD5FFE7039801684FF48050C860039961
:104EB000886D40F004008865FFE7FFE7039800680D
:104EC00000694004002813D5FFE703980068406993
:104ED000400400280BD5FFE7039801684FF4804099
:104EE000C8600399886D40F008008865FFE7FFE718
:104EF0000398006800698005002816D5FFE703982D
:104F000000684069800500280ED5FFE70398016816
:104F10004FF40070C8600398406E20B1FFE703981B
:104F2000416E8847FFE7FFE7FFE7039800680069E5
:104F30008004002850D5FFE703980068406980048A
:104F4000002848D5FFE7039801684FF40050C86077
:104F5000039890F8540004282FD1FFE703980168C4
:104F6000486920F40050486103980168486940F09E
:104F7000020048610399012081F85400039890F8D9
:104F800050000006002809D5FFE70398416F012073
:104F900008730398016800208864FFE7FFE703991E
:104FA000002081F84C00FFE70398C06E20B1FFE7B6
:104FB0000398C16E8847FFE780E00399052081F8D8
:104FC00054000398006F20B1FFE70398016F8847F2
:104FD000FFE7FFE7FFE7FFE7039800680069C00508
:104FE000002842D5FFE7039800684069C005002803
:104FF0003AD5FFE7039890F850000006002814D532
:10500000FFE703980068C06F70B9FFE70398006876
:10501000806C40B9FFE70399012081F8540003999F
:10502000496F0873FFE7FFE70AE003980068806CA8
:1050300028B9FFE70399012081F85400FFE7FFE753
:10504000039801684FF44070C860FFE7039900209F
:1050500081F84C00FFE70398006E20B1FFE703984A
:10506000016E8847FFE7FFE7FFE70398806D28B3ED
:10507000FFE703980168486940F00200486103991E
:10508000012081F85400039890F850000006002891
:1050900005D5FFE70398416F01200873FFE7FFE79D
:1050A0000399002081F84C00FFE70398806E20B13F
:1050B000FFE70398816E8847FFE7FFE704B080BDF4
:1050C00080B584B0029001F035FC0190029820B9BF
:1050D000FFE701208DF80F00CEE10298C068B0F51F
:1050E000007F01D0FFE7FFE70298406BB0F5805FDB
:1050F00001D1FFE7FFE70298016801205022C4F2C6
:1051000002029142009000F06781FFE70298016877
:1051100001205022C5F202029142009000F05C8111
:10512000FFE7029801680120D022C4F202029142F6
:10513000009000F05181FFE7029801680120D02221
:10514000C5F202029142009000F04681FFE702980A
:105150000168012040F25012C4F202029142009014
:1051600000F03A81FFE702980168012040F25012F6
:10517000C5F202029142009000F02E81FFE70298F2
:105180000168012040F2D012C4F202029142009064
:1051900000F02281FFE702980168012040F2D0125E
:1051A000C5F202029142009000F01681FFE70298DA
:1051B0000168012040F25022C4F2020291420090A4
:1051C00000F00A81FFE702980168012040F25022B6
:1051D000C5F202029142009000F0FE80FFE70298C3
:1051E0000168012040F2D022C4F2020291420090F4
:1051F00000F0F280FFE702980168012040F2D0221F
:10520000C5F202029142009000F0E680FFE70298AA
:105210000168012040F25032C4F202029142009033
:1052200000F0DA80FFE702980168012040F2503276
:10523000C5F202029142009000F0CE80FFE7029892
:105240000168012040F2D032C4F202029142009083
:1052500000F0C280FFE702980168012040F2D032DE
:10526000C5F202029142009000F0B680FFE702987A
:105270000168012041F25002C4F202029142009002
:1052800000F0AA80FFE702980168012041F2500275
:10529000C5F202029142009000F09E80FFE7029862
:1052A0000168012041F2D002C4F202029142009052
:1052B00000F09280FFE702980168012041F2D002DD
:1052C000C5F202029142009000F08680FFE702984A
:1052D0000168012041F25012C4F202029142009092
:1052E0007AD0FFE702980168012041F25012C5F21E
:1052F0000202914200906FD0FFE7029801680120FE
:1053000041F2D012C4F202029142009064D0FFE751
:1053100002980168012041F2D012C5F202029142C6
:10532000009059D0FFE702980168012041F2502215
:10533000C4F20202914200904ED0FFE70298016849
:10534000012041F25022C5F202029142009043D066
:10535000FFE702980168012041F2D022C4F2020264
:105360009142009038D0FFE702980168012041F295
:10537000D022C5F20202914200902DD0FFE70298A0
:105380000168012041F25032C4F2020291420090C1
:1053900022D0FFE702980168012041F25032C5F2A5
:1053A00002029142009017D0FFE7029801680120A5
:1053B00041F2D032C4F20202914200900CD0FFE7D9
:1053C000029800684EF63041CAF6FD710844B0FA02
:1053D00080F040090090FFE70098C00708B1FFE7A0
:1053E000FFE7FFE70299002081F84C00FFE70298F1
:1053F00090F8540060B9FFE702990020086602990E
:105400004866029988660299C86602990867FFE7AC
:105410000299022081F8540002980168486940F01E
:1054200006004861FFE7029800684069C00798B12C
:10543000FFE701F07FFA0199401A06280BD3FFE736
:105440000299102088650299032081F854000120F8
:105450008DF80F0010E0E6E70298FBF767FD029970
:10546000486B0865029900208865029A012182F83C
:1054700054108DF80F00FFE79DF80F0004B080BDB9
:1054800080B586B00490039102920193049820B9EC
:10549000FFE701208DF817005FE00498006D20B150
:1054A000FFE701208DF8170057E0FFE7049890F818
:1054B0004C00012804D1FFE702208DF817004CE0D2
:1054C0000499012081F84C00FFE7FFE7049890F869
:1054D0005400012830D1FFE70499022081F85400DC
:1054E00004990020886504980399029A019BFCF7AF
:1054F00013F904980168486940F4BA404861049877
:10550000406E38B1FFE704980168486940F40070C4
:105510004861FFE70498006F38B1FFE7049801681D
:10552000486940F400504861FFE704980168486901
:1055300040F0010048610CE0049940208865FFE7D5
:105540000499002081F84C00FFE701208DF8170036
:1055500003E000208DF81700FFE79DF8170006B064
:1055600080BD000080B584B0039001F0E3F90290A3
:10557000039801900198013048B1FFE740F2D02034
:10558000C2F200000178019808440190FFE7FFE7AC
:1055900001F0D0F90299401A0199884201D2FFE73F
:1055A000F6E704B080BD000086B00490039102923B
:1055B000049890F85C008DF80700BDF80C0010F41A
:1055C000C07F01D0FFE7FFE79DF80700012806D064
:1055D000FFE79DF80700022840F0DE80FFE704980F
:1055E0000068806D00909DF80C00400730B1FFE727
:1055F0009DF80000C007002847D0FFE79DF80C0089
:1056000010F0380F06D0FFE79DF800008007002853
:105610003BD5FFE7BDF80C0010F4E07F06D0FFE7B4
:105620009DF80000400700282FD5FFE79DF80D00EA
:1056300010F01E0F06D0FFE79DF8000000070028BD
:1056400023D5FFE79DF80D0010F0E00F06D0FFE72F
:105650009DF80000C006002817D5FFE79DF80E0052
:10566000800730B1FFE79DF80000800600280CD5C8
:10567000FFE79DF80E0010F0FC0F0DD0FFE79DF83E
:1056800000004006002807D4FFE704980168C86DB1
:1056900040F00100C865FFE79DF80C00400730B1FD
:1056A000FFE79DF80000C007002847D1FFE79DF8FD
:1056B0000C0010F0380F06D0FFE79DF800008007BF
:1056C00000283BD4FFE7BDF80C0010F4E07F06D0C3
:1056D000FFE79DF80000400700282FD4FFE79DF862
:1056E0000D0010F01E0F06D0FFE79DF80000000728
:1056F000002823D4FFE79DF80D0010F0E00F06D03E
:10570000FFE79DF80000C006002817D4FFE79DF8CA
:105710000E00800730B1FFE79DF8000080060028EA
:105720000CD4FFE79DF80E0010F0FC0F0DD0FFE742
:105730009DF800004006002807D5FFE7049801689F
:10574000C86D40F00200C865FFE79DF80C00000638
:10575000002809D5FFE7029A04980168D1F8DC0017
:105760001043C1F8DC00FFE79DF80D00C00748B109
:10577000FFE7029A04980168D1F8E0001043C1F8ED
:10578000E000FFE7039A04980168486D10434865FC
:1057900000208DF8170008E00499086E40F0020020
:1057A000086601208DF81700FFE79DF8170006B086
:1057B0007047000080B586B0049003910292039870
:1057C000406808B9FFE700E0FFE7049890F85C0044
:1057D00002282FD1FFE704980068D0F8C4008002A7
:1057E000002809D5FFE70499086E40F400700866A8
:1057F00001208DF8170026E004980068D0F8C40056
:10580000C0F30140019004980399029A019BFEF7AE
:1058100063F90199012000FA01F1049A1268C2F8B3
:10582000CC100199884004998865FFE700208DF825
:10583000170008E00499086E40F00800086601208F
:105840008DF81700FFE79DF8170006B080BD000037
:1058500087B005900491059890F85C008DF80300DE
:105860009DF80300012805D0FFE79DF803000228FA
:105870003CD1FFE704980068B8B9FFE7049988684D
:10588000CB680A694969800740EAC36040EA024080
:10589000084303900598006C0499496800EB810067
:1058A00001900398019908601CE00498C1680069A0
:1058B00040EA4170039004988168406940EA817031
:1058C00002900598406C0499496800EBC100019072
:1058D0000398019908600198043001900298019999
:1058E0000860FFE700208DF81B0008E00599086EAE
:1058F00040F00200086601208DF81B00FFE79DF8CC
:105900001B0007B07047000085B0DDF814C003909D
:10591000029101920093039890F85C00012819D13C
:10592000FFE703980068D0F8800020F03F0002995C
:105930000901019A41EA8201009A41EA4201059A6D
:105940001143084303990968C1F8800000208DF8CD
:10595000130008E00399086E40F004000866012077
:105960008DF81300FFE79DF8130005B070470000A5
:1059700085B0039002910192039890F85C008DF835
:1059800003009DF80300012805D0FFE79DF8030000
:10599000022816D1FFE70198012807D1FFE7029AF4
:1059A00003980168886D9043886506E0029A039821
:1059B0000168886D10438865FFE700208DF81300AB
:1059C00008E00399086E40F00200086601208DF897
:1059D0001300FFE79DF8130005B0704781B00090F9
:1059E00001B0704782B001900091019840F2A87117
:1059F000C2F2000188420DD1FFE79DF802000007C6
:105A0000002807D5FFE740F60051C2F2000101204F
:105A10000870FFE702B0704783B0029001910298CE
:105A20000068406C0090009800F007000199086041
:105A30000098C0F3022001994860009800F0180017
:105A4000019988600098C0F340100199C8600098DF
:105A5000C0F38010019908619DF80000C009019908
:105A600048610098C0F3C020019988610098C0F394
:105A700000300199C8610098C0F340300199086274
:105A80000098C0F38030019948620098C0F3064046
:105A900001998862002003B07047000083B0029033
:105AA00001910198402808D1FFE702980068D0F8DA
:105AB000900000F00F00009007E002980068D0F816
:105AC000980000F00F000090FFE7009803B07047C7
:105AD0008AB00890079106920593002001900898DB
:105AE00090F85C008DF803009DF80300022840F058
:105AF000FA80FFE7079840283ED1FFE70898006842
:105B0000D0F89000000748B9FFE70899086E40F404
:105B10008070086601208DF82700EDE00898006885
:105B2000D0F8900000F080710120B0EB116F0FD120
:105B3000FFE708980068D0F8800000F400710120A9
:105B4000B0EB512F03D1FFE701200190FFE7FFE702
:105B500008980068D0F8900000F44071019800EBBC
:105B6000112001900898806C019901EBC10100EBB4
:105B7000C1000490FFE73DE008980068D0F8980065
:105B8000000748B9FFE70899086E40F4807008667E
:105B900001208DF82700AFE008980068D0F8980041
:105BA00000F080710120B0EB116F0FD1FFE7089872
:105BB0000068D0F8800000F480710120B0EB112F54
:105BC00003D1FFE701200190FFE7FFE70898006895
:105BD000D0F8980000F44071019800EB112001907A
:105BE0000898C06C019901EBC10100EBC100049061
:105BF000FFE7FFE70498006800F0804006994860DE
:105C00000698406838B9FFE704980068C0F38A40F6
:105C10000699086006E00498006820F06040069944
:105C20000860FFE70498006800F00050069988605B
:105C30000498006800F00040069908610498043058
:105C40000490049800880699C86104980068C0F31D
:105C500003400699C8600498006800F48010069913
:105C600048610498006800F400100699886104985F
:105C70000068C0F306600699086204980068C00FC7
:105C80000699486204980430049004980390002018
:105C90000290FFE702980699CA6845F2DC11C0F647
:105CA0000101895C88420AD2FFE70398029A805C6E
:105CB00005998854FFE7029801300290EAE70798B7
:105CC000402806D1FFE7019808990968C1F89400B7
:105CD00005E0019808990968C1F89C00FFE70020D9
:105CE0008DF8270008E00899086E40F00800086663
:105CF00001208DF82700FFE79DF827000AB07047C4
:105D000081B0009001B0704780B58AB009900998C1
:105D10000068006D00F4E050089009980068416D3B
:105D200008980840089009980068006D00F0070086
:105D3000079009980068416D0798084007900998F6
:105D40000068006D00F03800069009980068416D09
:105D500006980840069009980068006D00F47100EC
:105D6000059009980068416D0598084005900998CC
:105D70000068006D00F46020049009980068416D8F
:105D800004980840049009980068406D01900998B3
:105D90000068006D00909DF8000000F040010020B8
:105DA000B0EB911F12D0FFE79DF8040000F0400116
:105DB0000020B0EB911F08D0FFE709980168402050
:105DC00008650998FFF79CFFFFE7FFE79DF80100D2
:105DD000C007E0B1FFE79DF80500C007B0B1FFE7DD
:105DE00009980068D0F8D800029009980068D0F8A7
:105DF000E010029808400290099801684FF4807002
:105E000008650998029900F09DFBFFE7FFE70898F5
:105E100048B1FFE708980999096808650998089941
:105E200000F09CFBFFE7079848B1FFE70798099946
:105E3000096808650998079900F0D0FAFFE7069805
:105E400048B1FFE706980999096808650998069915
:105E500000F0D6FAFFE79DF8010000F002010020F3
:105E6000B0EB510F13D0FFE79DF8050000F00201E1
:105E70000020B0EB510F09D0FFE7099801684FF4FB
:105E800000700865099800F06FFBFFE7FFE79DF8D9
:105E900000100020B0EBD11F1DD0FFE79DF80410CB
:105EA0000020B0EBD11F15D0FFE709980068D0F8AB
:105EB000D400039009980068D0F8DC1003980840DB
:105EC000039009980168802008650998039900F0FB
:105ED0003FFBFFE7FFE79DF8010000F020010020F5
:105EE000B0EB511F13D0FFE79DF8050000F0200133
:105EF0000020B0EB511F09D0FFE7099801684FF46B
:105F000000500865099800F019FBFFE7FFE79DF8CE
:105F100001100020B0EBD11F11D0FFE79DF8051054
:105F20000020B0EBD11F09D0FFE7099801684FF4BA
:105F300000400865099800F0FDFAFFE7FFE79DF8CB
:105F4000010000F040010020B0EB911F15D0FFE7E9
:105F50009DF8050000F040010020B0EB911F0BD030
:105F6000FFE7099801684FF4804008650999086EB9
:105F700040F080000866FFE7FFE7049848B1FFE7BC
:105F8000049809990968086509980499FFF72AFD9A
:105F9000FFE7059850B1FFE705980999096808657A
:105FA000059A0999086E10430866FFE70998006E84
:105FB00020B1FFE70998FFF711FDFFE70AB080BDA8
:105FC00080B584B00290029820B9FFE701208DF8D7
:105FD0000F0057E1029800684AF20041C4F2000144
:105FE000884201D1FFE7FFE702988068B0F5407F63
:105FF00001D1FFE7FFE7029890F85C0040B9FFE7A6
:106000000299002081F85D00029800F03FF9FFE757
:1060100002980168886920F01000886100F08AFC0D
:106020000190FFE70298006880690007002815D5F5
:10603000FFE700F07FFC0199401A0B280DD3FFE722
:106040000299086E40F0010008660299032081F869
:106050005C0001208DF80F0014E1E3E7029801686D
:10606000886940F00100886100F064FC0190FFE75E
:10607000029800688069C007A8B9FFE700F05AFCE1
:106080000199401A0B280DD3FFE70299086E40F0E2
:10609000010008660299032081F85C0001208DF858
:1060A0000F00EFE0E4E702980168886940F0020021
:1060B0008861029800684AF20041C4F200018842F7
:1060C00008D1FFE7029840684AF20051C4F200018B
:1060D0000860FFE70298007C012807D1FFE70298DB
:1060E0000168886920F04000886106E00298016834
:1060F000886940F040008861FFE70298407C0128F1
:1061000007D1FFE702980168886940F48040886100
:1061100006E002980168886920F480408861FFE702
:106120000298807C012807D1FFE7029801688869FE
:1061300020F48050886106E002980168886940F484
:1061400080508861FFE702980068806920F4407001
:10615000029A116892681043886102980168886900
:1061600020F0A400886102980168086920F01000FE
:1061700008610298C068012807D1FFE7029801680A
:10618000886940F0040088612BE00298C06830B351
:10619000FFE70298C068022819D0FFE7029801685B
:1061A000886940F08000886102980168086940F0C1
:1061B000100008610298C068032807D1FFE7029821
:1061C0000168886940F020008861FFE706E00298D6
:1061D0000168886940F020008861FFE700E0FFE780
:1061E000FFE7029A116853699069D2F81CE0A0F1A8
:1061F000010C6FF0FF0000EB0E2040EA4C60126AC9
:10620000013A10430022CFF6FF7202EB0342104323
:10621000C86102988068B0F5407F1CD1FFE7029A00
:106220001168536A906AD2F82CE001386FF0FF0CC5
:106230000CEB0E2C40EA0C00D2F830C06FF00F02CD
:1062400002EB0C1210430022CFF6FF7202EB034266
:106250001043C860FFE702980168C26BD1F8C00024
:106260001043C1F8C0000298FDF7D8FB0299002046
:10627000886502990866029A012182F85C108DF8FF
:106280000F00FFE79DF80F0004B080BD80B58EB011
:106290000D9000200C900B900A90099008900D989A
:1062A00000684AF20041C4F2000188424ED1FFE783
:1062B00040F23430C2F20000016801310160006830
:1062C000012810D1FFE7FFE740F6A040C4F20240EA
:1062D000016841F400710160006800F400700790EB
:1062E0000798FFE7FFE7FFE740F68C40C4F2024063
:1062F000016841F001010160006800F001000690B2
:106300000698FFE74FF4C050089002200990002142
:1063100002910A910B9009200C900020C4F20220F7
:1063200008A900F063F9029A27200190114600F0B5
:1063300009FC019800F0FCFB029A2820039011460A
:1063400000F000FC039800F0F3FB44E00D980068B7
:106350004AF60001C4F2000188423BD1FFE740F257
:106360003430C2F200000168013101600068012888
:1063700010D1FFE7FFE740F6A040C4F202400168F9
:1063800041F400710160006800F400700590059808
:10639000FFE7FFE7FFE740F68C40C4F202400168E8
:1063A00041F002010160006800F0020004900498CE
:1063B000FFE7602008900220099000200A900B90CF
:1063C00009200C9040F20040C4F2022008A900F01D
:1063D0000DF9FFE7FFE70EB080BD000080B582B089
:1063E00001900091019800684AF20041C4F2000156
:1063F000884203D1FFE70CF039FFFFE702B080BD10
:1064000082B00190009102B07047000082B000900D
:10641000009890F85C00012810D1FFE70099022055
:1064200081F85C0000980168886920F001008861AB
:106430000099002008668DF8070008E00099086EB2
:1064400040F00400086601208DF80700FFE79DF882
:10645000070002B07047000083B001900020009058
:10646000019890F85C00022857D1FFE70198016875
:10647000886940F001008861FFE701980068806941
:10648000C007A8B9FFE700980B280DD3FFE70199D3
:10649000086E40F0010008660199032081F85C0055
:1064A00001208DF80B0041E0009801300090E4E7F6
:1064B0000020009001980168886920F01000886130
:1064C000FFE70198006880690007002815D5FFE7FD
:1064D00000980B280DD3FFE70199086E40F00100EA
:1064E00008660199032081F85C0001208DF80B00FB
:1064F0001CE0009801300090E3E70198016888698A
:1065000040F002008861019900208865019A01210C
:1065100082F85C108DF80B0008E00199086E40F0DD
:106520000800086601208DF80B00FFE79DF80B00BE
:1065300003B0704781B0009001B0704781B0009007
:1065400001B0704782B00190009102B07047000026
:1065500082B00190009102B07047000082B00190BB
:10656000009102B07047000081B0009001B0704708
:1065700081B0ADF8020001B07047000080B582B074
:10658000ADF8060042F20C00C4F202400068BDF80B
:10659000061008420CD0FFE7BDF8060042F20C01DD
:1065A000C4F202410860BDF8060000F019F8FFE7E8
:1065B00042F21000C4F202400068BDF80610084222
:1065C0000CD0FFE7BDF8060042F21001C4F2024110
:1065D0000860BDF80600FFF7CBFFFFE702B080BD03
:1065E00081B0ADF8020001B07047000085B00490A2
:1065F000039100200090FFE7039800680099C840CD
:10660000002800F06681FFE703980068009A0121E6
:106610009140084001900198002800F05681FFE762
:1066200003984068022805D0FFE7039840681228C5
:1066300028D1FFE7049800996FF0030202EA5101A4
:106640000844006A0290009800F0070081000F20C3
:1066500000FA01F10298884302900398006900F063
:106660000F00009901F00701890000FA01F102987A
:106670000843029002980499009B02EA53021144D5
:106680000862FFE704980068029000984100032028
:1066900000FA01F10298884302900398406800F0E4
:1066A00003000099490000FA01F1029808430290A2
:1066B0000298049908600398406801280FD0FFE70A
:1066C0000398406802280AD0FFE703984068112821
:1066D00005D0FFE70398406812282FD1FFE7049800
:1066E0008068029000984100032000FA01F10298AE
:1066F000884302900398C0680099490000FA01F1AC
:1067000002980843029002980499886004984068AF
:1067100002900099012000FA01F10298884302904A
:1067200003984068C0F30010009900FA01F1029844
:1067300008430290029804994860FFE70398406874
:1067400000F0030003280CD1FFE70398406800F035
:10675000030003281DD1FFE703988068012818D0A3
:10676000FFE70498C068029000984100032000FAF7
:1067700001F10298884302900398806800994900CB
:1067800000FA01F102980843029002980499C86047
:10679000FFE70398C079C006002840F19580FFE725
:1067A000009820F0030042F26002C4F202428058D6
:1067B0000290009800F00300C1000F2000FA01F1E0
:1067C00002988843029004984FF60041CBF6FD51A1
:1067D0000840800A009901F00301C90000FA01F1A4
:1067E0000298084302900298009921F00301885012
:1067F00042F20000C4F2024000680290019902983F
:106800008843029003988079C006002805D5FFE7E9
:106810000199029808430290FFE7029842F20001B2
:10682000C4F20241086042F20400C4F2024000686F
:10683000029001990298884302900398807980061B
:10684000002805D5FFE70199029808430290FFE769
:10685000029842F20401C4F20241086042F284004C
:10686000C4F20240006802900199029888430290A5
:10687000039880798007002805D5FFE701990298E1
:1068800008430290FFE7029842F28401C4F20241F9
:10689000086042F28000C4F2024000680290019950
:1068A00002988843029003988079C00728B1FFE7D7
:1068B0000199029808430290FFE7029842F2800192
:1068C000C4F202410860FFE7FFE700980130009042
:1068D00092E605B07047000082B00190ADF802105A
:1068E00001980069BDF80210084204D0FFE70120BA
:1068F0008DF8010003E000208DF80100FFE79DF80E
:10690000010002B07047000082B00190ADF80210A3
:106910008DF801209DF8010028B1FFE7BDF80200C5
:106920000199886104E0BDF8020001998862FFE7DF
:1069300002B0704741F2B410C2F200000068704724
:1069400082B0019000208DF8030040F20040C4F2B4
:1069500003000068C00720B1FFE701208DF80300A5
:106960000AE040F20041C4F20301086820F004008C
:10697000019A10430860FFE79DF8030002B07047DA
:1069800040F20041C4F20301086840F001000860D1
:106990000020704740F2D020C2F20000027841F29D
:1069A000B411C2F20001086810440860704700008A
:1069B00080B582B0032000F0DDF805F09BF940F6C9
:1069C0002041C4F20241096801F00F0245F2C411EE
:1069D000C0F60101895CC84040F22001C2F200010A
:1069E0000860042007F04CF9002000F011F820B1F5
:1069F000FFE701208DF8070005E000F093F8002084
:106A00008DF80700FFE79DF8070002B080BD000089
:106A100080B586B004900020039040F2D020C2F2EE
:106A20000000007820B9FFE701208DF8170075E01D
:106A30004EF21000CEF2000000684007002812D588
:106A4000FFE740F22000C2F20000006840F2D021CF
:106A5000C2F200010A784FF47A71B1FBF2F1B0FB97
:106A6000F1F0039040E007F07FF902900298019066
:106A700040B1FFE70198012816D0FFE701980228EE
:106A800021D02FE040F22000C2F20000006840F266
:106A9000D021C2F200010A784FF4FA51B1FBF2F1B1
:106AA000B0FBF1F003901EE040F2D020C2F20000F3
:106AB00001784FF47A70B0FBF1F14FF4FA40B0FB7B
:106AC000F1F003900FE040F2D020C2F20000017814
:106AD0004FF47A70B0FBF1F14FF40040B0FBF1F0ED
:106AE000039000E0FFE7FFE7039807F017F920B1F4
:106AF000FFE701208DF8170010E004994FF0FF30F8
:106B00000022009200F01EF80098049940F2D4226E
:106B1000C2F2000211608DF81700FFE79DF8170020
:106B200006B080BD80B5052000F024F880BD0000CF
:106B300080B582B0ADF80600BDF906000CF098F8FB
:106B400002B080BD80B586B0ADF816000491039206
:106B50000CF0A6F80290BDF9160001900298049975
:106B6000039A09F05FFD014601980CF0A1F806B008
:106B700080BD000080B582B0019001980CF0BAF899
:106B800002B080BD81B0009000996FF0FF0060EA14
:106B9000010240F64801C4F2024108681040086052
:106BA00001B0704792B009904FF4403006900999B7
:106BB000086804904968059190FAA0F01090109828
:106BC00020B9FFE720208DF8470005E01098B0FAC3
:106BD00080F08DF84700FFE7049805999DF847205D
:106BE000083202F01F029140084302900999086898
:106BF0008968039190FAA0F00E900E9820B9FFE7F3
:106C000020208DF83F0005E00E98B0FA80F08DF856
:106C10003F00FFE7029803999DF83F30102202EBF6
:106C2000430202F01E029140084308900998006850
:106C3000019090FAA0F00C900C9820B9FFE720206A
:106C40008DF8370005E00C98B0FA80F08DF8370029
:106C5000FFE701989DF8371001F01F024FF4807193
:106C60009140084300900998006890FAA0F00A90BB
:106C70000A9820B9FFE720208DF82F0005E00A9838
:106C8000B0FA80F08DF82F00FFE700989DF82F20D4
:106C90001E2101EA42024FF440319140084307901F
:106CA00040F64801C4F202410868079A9043089AE6
:106CB0001043086012B0704740F60001C4F2024170
:106CC000086840F0010008604EF61051CEF2000155
:106CD000086840F004000860BFF34F8FBFF36F8F68
:106CE00030BF704789B0089040F63440C4F202408B
:106CF00000686FF35F20059040F62840C4F2024020
:106D0000016801F0030107910168C1F305210691B3
:106D10000068C0F300100490049840F63841C4F2B3
:106D20000241096889B2C90800FB01F000EE100AAF
:106D3000B8EE400A8DED020A0698002800F03D8169
:106D4000FFE707980090012808D0FFE70098022885
:106D500030D0FFE70098032849D065E040F60040B6
:106D6000C4F202400068C0F3C10149F20000C0F261
:106D7000D030C84003909DED030AB8EE400A9DED67
:106D8000061AB8EE411A80EE010A9DED051AB8EE1A
:106D9000411A9DED022A9FED8F3A22EE032A31EE31
:106DA000021AB7EE002A31EE021A20EE010A8DED2A
:106DB000010A65E09DED060AB8EE401A9FED860ACD
:106DC00080EE010A9DED051AB8EE411A9DED022AEA
:106DD0009FED803A22EE032A31EE021AB7EE002A26
:106DE00031EE021A20EE010A8DED010A48E09DED18
:106DF000060AB8EE401A9FED760A80EE010A9DED74
:106E0000051AB8EE411A9DED022A9FED723A22EE64
:106E1000032A31EE021AB7EE002A31EE021A20EEF2
:106E2000010A8DED010A2BE040F60040C4F2024059
:106E30000068C0F3C10149F20000C0F2D030C84080
:106E400003909DED030AB8EE400A9DED061AB8EED8
:106E5000411A80EE010A9DED051AB8EE411A9DED2A
:106E6000022A9FED5C3A22EE032A31EE021AB7EEB7
:106E7000002A31EE021A20EE010A8DED010AFFE729
:106E800040F60040C4F2024000688001002827D587
:106E9000FFE740F62840C4F202400068C003002823
:106EA00019D5FFE79DED010A40F63440C4F20240D7
:106EB000006880B2400A01EE100AB8EE411AB7EE3F
:106EC000002A31EE021A80EE010A0898BCEEC00AD0
:106ED00080ED000A03E0089900200860FFE703E066
:106EE000089900200860FFE740F60040C4F2024025
:106EF00000688001002827D5FFE740F62840C4F24B
:106F0000024000688003002819D5FFE79DED010AC3
:106F100040F63440C4F202400068C0F3064001EE7F
:106F2000100AB8EE411AB7EE002A31EE021A80EECE
:106F3000010A0898BCEEC00A80ED010A03E0089936
:106F400000204860FFE703E0089900204860FFE761
:106F500040F60040C4F2024000688001002827D5B6
:106F6000FFE740F62840C4F20240006840030028D2
:106F700019D5FFE79DED010A40F63440C4F2024006
:106F80000068C0F3066001EE100AB8EE411AB7EED1
:106F9000002A31EE021A80EE010A0898BCEEC00AFF
:106FA00080ED020A03E0089900208860FFE703E013
:106FB000089900208860FFE707E008990020086032
:106FC0000899486008998860FFE709B0704700BFDA
:106FD00020BCBE4B000000390024744A89B00890E0
:106FE00040F63C40C4F2024000686FF35F20059019
:106FF00040F62C40C4F20240016801F00301079101
:107000000168C1F3052106910068C0F300100490E7
:10701000049840F64041C4F20241096889B2C908A7
:1070200000FB01F000EE100AB8EE400A8DED020AF6
:107030000698002800F03D81FFE70798009001289E
:1070400008D0FFE70098022830D0FFE70098032817
:1070500049D065E040F60040C4F202400068C0F349
:10706000C10149F20000C0F2D030C84003909DED4C
:10707000030AB8EE400A9DED061AB8EE411A80EEFA
:10708000010A9DED051AB8EE411A9DED022A9FED09
:107090008F3A22EE032A31EE021AB7EE002A31EEC1
:1070A000021A20EE010A8DED010A65E09DED060A47
:1070B000B8EE401A9FED860A80EE010A9DED051A92
:1070C000B8EE411A9DED022A9FED803A22EE032A86
:1070D00031EE021AB7EE002A31EE021A20EE010A52
:1070E0008DED010A48E09DED060AB8EE401A9FEDCD
:1070F000760A80EE010A9DED051AB8EE411A9DED63
:10710000022A9FED723A22EE032A31EE021AB7EEFE
:10711000002A31EE021A20EE010A8DED010A2BE061
:1071200040F60040C4F202400068C0F3C10149F2D9
:107130000000C0F2D030C84003909DED030AB8EEC5
:10714000400A9DED061AB8EE411A80EE010A9DED47
:10715000051AB8EE411A9DED022A9FED5C3A22EE27
:10716000032A31EE021AB7EE002A31EE021A20EE9F
:10717000010A8DED010AFFE740F60040C4F202402B
:1071800000680001002827D5FFE740F62C40C4F234
:1071900002400068C003002819D5FFE79DED010AF1
:1071A00040F63C40C4F20240006880B2400A01EE62
:1071B000100AB8EE411AB7EE002A31EE021A80EE3C
:1071C000010A0898BCEEC00A80ED000A03E00899A5
:1071D00000200860FFE703E0089900200860FFE74F
:1071E00040F60040C4F2024000680001002827D5A4
:1071F000FFE740F62C40C4F20240006880030028FC
:1072000019D5FFE79DED010A40F63C40C4F202406B
:107210000068C0F3064001EE100AB8EE411AB7EE5E
:10722000002A31EE021A80EE010A0898BCEEC00A6C
:1072300080ED010A03E0089900204860FFE703E0C1
:10724000089900204860FFE740F60040C4F2024081
:1072500000680001002827D5FFE740F62C40C4F263
:10726000024000684003002819D5FFE79DED010AA0
:1072700040F63C40C4F202400068C0F3066001EEF4
:10728000100AB8EE411AB7EE002A31EE021A80EE6B
:10729000010A0898BCEEC00A80ED020A03E00899D2
:1072A00000208860FFE703E0089900208860FFE77E
:1072B00007E00899002008600899486008998860EC
:1072C000FFE709B0704700BF20BCBE4B000000398B
:1072D0000024744A89B0089040F64440C4F2024049
:1072E00000686FF35F20059040F63040C4F2024022
:1072F000016801F0030107910168C1F305210691BE
:107300000068C0F300100490049840F64841C4F2AD
:107310000241096889B2C90800FB01F000EE100AB9
:10732000B8EE400A8DED020A0698002800F03D8173
:10733000FFE707980090012808D0FFE7009802288F
:1073400030D0FFE70098032849D065E040F60040C0
:10735000C4F202400068C0F3C10149F20000C0F26B
:10736000D030C84003909DED030AB8EE400A9DED71
:10737000061AB8EE411A80EE010A9DED051AB8EE24
:10738000411A9DED022A9FED8F3A22EE032A31EE3B
:10739000021AB7EE002A31EE021A20EE010A8DED34
:1073A000010A65E09DED060AB8EE401A9FED860AD7
:1073B00080EE010A9DED051AB8EE411A9DED022AF4
:1073C0009FED803A22EE032A31EE021AB7EE002A30
:1073D00031EE021A20EE010A8DED010A48E09DED22
:1073E000060AB8EE401A9FED760A80EE010A9DED7E
:1073F000051AB8EE411A9DED022A9FED723A22EE6F
:10740000032A31EE021AB7EE002A31EE021A20EEFC
:10741000010A8DED010A2BE040F60040C4F2024063
:107420000068C0F3C10149F20000C0F2D030C8408A
:1074300003909DED030AB8EE400A9DED061AB8EEE2
:10744000411A80EE010A9DED051AB8EE411A9DED34
:10745000022A9FED5C3A22EE032A31EE021AB7EEC1
:10746000002A31EE021A20EE010A8DED010AFFE733
:1074700040F60040C4F2024000688000002827D592
:10748000FFE740F63040C4F202400068C003002825
:1074900019D5FFE79DED010A40F64440C4F20240D1
:1074A000006880B2400A01EE100AB8EE411AB7EE49
:1074B000002A31EE021A80EE010A0898BCEEC00ADA
:1074C00080ED000A03E0089900200860FFE703E070
:1074D000089900200860FFE740F60040C4F202402F
:1074E00000688000002827D5FFE740F63040C4F24E
:1074F000024000688003002819D5FFE79DED010ACE
:1075000040F64440C4F202400068C0F3064001EE79
:10751000100AB8EE411AB7EE002A31EE021A80EED8
:10752000010A0898BCEEC00A80ED010A03E0089940
:1075300000204860FFE703E0089900204860FFE76B
:1075400040F60040C4F2024000688000002827D5C1
:10755000FFE740F63040C4F20240006840030028D4
:1075600019D5FFE79DED010A40F64440C4F2024000
:107570000068C0F3066001EE100AB8EE411AB7EEDB
:10758000002A31EE021A80EE010A0898BCEEC00A09
:1075900080ED020A03E0089900208860FFE703E01D
:1075A000089900208860FFE707E00899002008603C
:1075B0000899486008998860FFE709B0704700BFE4
:1075C00020BCBE4B000000390024744A80B59CB03A
:1075D0001B911A901A981B9980F00070084300289C
:1075E0005BD1FFE740F6F040C4F20240016801F4CD
:1075F00040710E9100688007002809D5FFE70E98BA
:10760000B0F5807F04D1FFE74FF40040109042E0D6
:1076100040F6F040C4F2024000680001002809D59D
:10762000FFE70E98B0F5007F04D1FFE74FF4FA4072
:1076300010902FE040F60040C4F202400068800342
:10764000002823D5FFE70E98B0F5407F1ED1FFE755
:1076500040F61C40C4F20240006800F47C50B0F5D3
:10766000007F0FD3FFE740F61C40C4F202400068E1
:10767000C0F3052147F64000C0F27D10B0FBF1F0E9
:10768000109002E000201090FFE702E00020109030
:10769000FFE7FFE7FFE702F012BC1A980C901B9976
:1076A0000D9180F001000843002800F0C682FFE73A
:1076B0000D990C9880F002000843002800F03B83ED
:1076C000FFE70D990C9880F004000843002800F0B3
:1076D000A783FFE70D990C9880F008000843002865
:1076E00000F01E84FFE70D990C9880F0100008430D
:1076F000002800F09884FFE70D990C9880F0200096
:107700000843002800F01285FFE70D990C9880F0DF
:1077100040000843002800F08C85FFE70D990C9885
:1077200080F080000843002800F00686FFE70D99EE
:107730000C9880F480700843002800F08086FFE7F2
:107740000D990C9880F400700843002800F0FA8628
:10775000FFE70D990C9880F480600843002800F042
:107760007487FFE70D990C9880F4006008430028A7
:1077700000F0E987FFE70D990C9880F480500843EA
:10778000002801F05E80FFE70D990C9880F400500E
:107790000843002801F06181FFE70D990C9880F4FF
:1077A00080400843002801F0AA81FFE70D990C985A
:1077B00080F400400843002801F0F381FFE70D99B1
:1077C0000C9880F480300843002801F08E82FFE797
:1077D0000D990C9880F400300843002801F0C28213
:1077E000FFE70D990C9880F480200843002801F0F1
:1077F0006583FFE70D990C9880F40020084300286A
:1078000000F0BF80FFE70D990C9880F480100843CA
:10781000002800F04381FFE70D990C9880F40010D8
:107820000843002801F07E80FFE70D990C9880F452
:1078300080000843002800F0BE81FFE70D990C98F6
:1078400080F400000843002800F0D681FFE70D997E
:107850000C9880F080600843002802F09882FFE7CF
:107860000D990C9880F000600843002801F0B9865B
:10787000FFE70D990C9880F080500843002801F034
:107880002F87FFE70D990C9880F0005008430028DF
:1078900001F0B387FFE70D990C9880F08040084312
:1078A000002802F03380FFE70D990C9880F000402B
:1078B0000843002802F0AE80FFE70C980D9981F094
:1078C00001010843002802F02981FFE70C980D9977
:1078D00081F002010843002802F0A481FFE70C9820
:1078E0000D9981F004010843002801F04386FFE769
:1078F0000C980D9981F008010843002802F00782D6
:10790000FFE70C980D9981F010010843002802F060
:107910009482FFE70C980D9981F02001084300281C
:1079200001F07883FFE70C980D9981F0400108433E
:10793000002801F01B84FFE70C980D9981F080016D
:107940000843002801F0BE84FFE70C980D9981F4EC
:1079500080710843002801F06185FFE70C980D99BC
:1079600081F400710843002801F04880FFE70C987B
:107970000D9981F480610843002801F0648102F0D0
:107980009ABA40F6E840C4F20240006800F4E020F1
:107990000E900E980B90A0B1FFE70B98B0F5803FCA
:1079A00015D0FFE70B98B0F5003F16D0FFE70B9816
:1079B000B0F5403F17D0FFE70B98B0F5802F18D0F7
:1079C00067E017A8FFF78EF91898109064E014A8E4
:1079D000FFF704FB149810905EE011A8FFF77AFC03
:1079E0001198109058E048F20000C0F2BB001090CF
:1079F00052E040F6E840C4F20240006800F0404027
:107A00000F9040F60040C4F2024000688007002852
:107A100011D5FFE70F9870B9FFE740F60040C4F2B8
:107A200002400068C0F3C10149F20000C0F2D0304A
:107A3000C84010902CE040F60040C4F202400068BC
:107A4000800500280BD5FFE70F98B0F1804F06D1D5
:107A5000FFE740F60010C0F23D00109017E040F63E
:107A60000040C4F202400068800300280BD5FFE705
:107A70000F98B0F1004F06D1FFE747F64000C0F283
:107A80007D10109002E000201090FFE7FFE7FFE775
:107A900002E000201090FFE702F010BA40F6E84044
:107AA000C4F20240006800F460100E900E980A9034
:107AB000A0B1FFE70A98B0F5002F15D0FFE70A98AC
:107AC000B0F5801F16D0FFE70A98B0F5C01F17D099
:107AD000FFE70A98B0F5001F18D067E017A8FFF776
:107AE00001F91898109064E014A8FFF777FA149839
:107AF00010905EE011A8FFF7EDFB1198109058E090
:107B000048F20000C0F2BB00109052E040F6E8409E
:107B1000C4F20240006800F040400F9040F6004080
:107B2000C4F2024000688007002811D5FFE70F98D3
:107B300070B9FFE740F60040C4F202400068C0F3AD
:107B4000C10149F20000C0F2D030C84010902CE0D2
:107B500040F60040C4F202400068800500280BD5C2
:107B6000FFE70F98B0F1804F06D1FFE740F6001015
:107B7000C0F23D00109017E040F60040C4F2024011
:107B80000068800300280BD5FFE70F98B0F1004F85
:107B900006D1FFE747F64000C0F27D10109002E0EA
:107BA00000201090FFE7FFE7FFE702E000201090C1
:107BB000FFE702F083B940F6E440C4F202400068F7
:107BC00000F040000E900E9830B9FFE717A8FFF7BD
:107BD00089F8189810900DE00E98402806D1FFE71C
:107BE00014A8FFF7FBF91698109002E000201090FF
:107BF000FFE7FFE702F062B940F6E440C4F202405A
:107C0000006800F080000E900E9830B9FFE717A8CA
:107C1000FFF768F8189810900DE00E98802806D1AC
:107C2000FFE714A8FFF7DAF91698109002E0002099
:107C30001090FFE7FFE702F041B940F6D840C4F2E8
:107C40000240006800F007000E900E9820B9FFE790
:107C500004F028F810906CE040F60040C4F20240B6
:107C60000068000100280AD5FFE70E98012806D118
:107C7000FFE714A8FFF7B2F91598109058E040F606
:107C80000040C4F202400068800000280AD5FFE7E7
:107C90000E98022806D1FFE711A8FFF71BFB1298E8
:107CA000109044E040F60040C4F2024000688007B3
:107CB000002812D5FFE70E9803280ED1FFE740F603
:107CC0000040C4F202400068C0F3C10149F2000064
:107CD000C0F2D030C840109028E040F60040C4F216
:107CE00002400068800500280AD5FFE70E980428A6
:107CF00006D1FFE740F60010C0F23D00109014E0FE
:107D000040F6F040C4F2024000688007002808D521
:107D1000FFE70E98052804D1FFE74FF400401090CC
:107D200002E000201090FFE7FFE7FFE7FFE7FFE733
:107D3000FFE702F0C3B840F6D840C4F20240006842
:107D400000F038000E900E9820B9FFE703F096FF80
:107D5000109063E040F60040C4F202400068000169
:107D600000280AD5FFE70E98082806D1FFE714A8D7
:107D7000FFF734F9159810904FE00E98102806D1AF
:107D8000FFE711A8FFF7A6FA1298109044E040F61A
:107D90000040C4F2024000688007002812D5FFE7C7
:107DA0000E9818280ED1FFE740F60040C4F20240BA
:107DB0000068C0F3C10149F20000C0F2D030C840F1
:107DC000109028E040F60040C4F2024000688005B0
:107DD00000280AD5FFE70E98202806D1FFE740F6D5
:107DE0000010C0F23D00109014E040F6F040C4F2E4
:107DF000024000688007002808D5FFE70E98282871
:107E000004D1FFE74FF40040109002E000201090F2
:107E1000FFE7FFE7FFE7FFE7FFE7FFE702F04EB806
:107E200040F6D840C4F20240006800F4E0700E90C2
:107E30000E9820B9FFE703F021FF10906EE040F6A6
:107E40000040C4F202400068000100280AD5FFE7A4
:107E50000E98402806D1FFE714A8FFF7BFF8159841
:107E600010905AE040F60040C4F2024000688000E2
:107E700000280AD5FFE70E98802806D1FFE711A851
:107E8000FFF728FA1298109046E040F60040C4F23E
:107E9000024000688007002812D5FFE70E98C0282E
:107EA0000ED1FFE740F60040C4F202400068C0F384
:107EB000C10149F20000C0F2D030C84010902AE061
:107EC00040F60040C4F202400068800500280BD54F
:107ED000FFE70E98B0F5807F06D1FFE740F600106F
:107EE000C0F23D00109015E040F6F040C4F20240B0
:107EF00000688007002809D5FFE70E98B0F5A07F3D
:107F000004D1FFE74FF40040109002E000201090F1
:107F1000FFE7FFE7FFE7FFE7FFE7FFE701F0CEBF7F
:107F200040F6D840C4F20240006800F460600E9051
:107F30000E9820B9FFE703F0A1FE109071E040F623
:107F40000040C4F202400068000100280BD5FFE7A2
:107F50000E98B0F5007F06D1FFE714A8FFF73EF8B2
:107F6000159810905CE040F60040C4F202400068B2
:107F7000800000280BD5FFE70E98B0F5806F06D182
:107F8000FFE711A8FFF7A6F91298109047E040F616
:107F90000040C4F2024000688007002813D5FFE7C4
:107FA0000E98B0F5C06F0ED1FFE740F60040C4F266
:107FB00002400068C0F3C10149F20000C0F2D030B5
:107FC000C84010902AE040F60040C4F20240006829
:107FD000800500280BD5FFE70E98B0F5006F06D19D
:107FE000FFE740F60010C0F23D00109015E040F6AB
:107FF000F040C4F2024000688007002809D5FFE77E
:108000000E98B0F5206F04D1FFE74FF400401090B8
:1080100002E000201090FFE7FFE7FFE7FFE7FFE740
:10802000FFE701F04BBF40F6D840C4F202400068C1
:1080300000F4E0400E900E9820B9FFE703F01EFE1A
:10804000109071E040F60040C4F202400068000168
:1080500000280BD5FFE70E98B0F5805F06D1FFE74B
:1080600014A8FEF7BBFF159810905CE040F60040A6
:10807000C4F202400068800000280BD5FFE70E988C
:10808000B0F5005F06D1FFE711A8FFF723F91298BA
:10809000109047E040F60040C4F2024000688007BC
:1080A000002813D5FFE70E98B0F5405F0ED1FFE72B
:1080B00040F60040C4F202400068C0F3C10149F23A
:1080C0000000C0F2D030C84010902AE040F60040D6
:1080D000C4F202400068800500280BD5FFE70E9827
:1080E000B0F5804F06D1FFE740F60010C0F23D002A
:1080F000109015E040F6F040C4F20240006880079E
:10810000002809D5FFE70E98B0F5A04F04D1FFE78E
:108110004FF40040109002E000201090FFE7FFE7CE
:10812000FFE7FFE7FFE7FFE701F0C8BE40F6D840F2
:10813000C4F20240006800F460300E900E9820B93E
:10814000FFE703F09BFD109071E040F60040C4F2A1
:1081500002400068000100280BD5FFE70E98B0F53B
:10816000004F06D1FFE714A8FEF738FF15981090CE
:108170005CE040F60040C4F2024000688000002845
:108180000BD5FFE70E98B0F5803F06D1FFE711A8A9
:10819000FFF7A0F81298109047E040F60040C4F2B4
:1081A000024000688007002813D5FFE70E98B0F55D
:1081B000C03F0ED1FFE740F60040C4F20240006825
:1081C000C0F3C10149F20000C0F2D030C8401090A5
:1081D0002AE040F60040C4F2024000688005002812
:1081E0000BD5FFE70E98B0F5003F06D1FFE740F64C
:1081F0000010C0F23D00109015E040F6F040C4F2CF
:10820000024000688007002809D5FFE70E98B0F506
:10821000203F04D1FFE74FF40040109002E000201F
:108220001090FFE7FFE7FFE7FFE7FFE7FFE701F059
:1082300045BE40F6D840C4F20240006800F4E010A9
:108240000E900E9820B9FFE703F018FD109071E032
:1082500040F60040C4F202400068000100280BD53F
:10826000FFE70E98B0F5802F06D1FFE714A8FEF7C0
:10827000B5FE159810905CE040F60040C4F2024054
:108280000068800000280BD5FFE70E98B0F5002F9E
:1082900006D1FFE711A8FFF71DF81298109047E0EC
:1082A00040F60040C4F2024000688007002813D561
:1082B000FFE70E98B0F5402F0ED1FFE740F60040E3
:1082C000C4F202400068C0F3C10149F20000C0F2EC
:1082D000D030C84010902AE040F60040C4F202407E
:1082E0000068800500280BD5FFE70E98B0F5801FC9
:1082F00006D1FFE740F60010C0F23D00109015E0F7
:1083000040F6F040C4F2024000688007002809D51A
:10831000FFE70E98B0F5A01F04D1FFE74FF400402F
:10832000109002E000201090FFE7FFE7FFE7FFE773
:10833000FFE7FFE701F0C2BD40F6D840C4F20240BB
:10834000006800F460000E900E9820B9FFE703F07B
:1083500095FC109071E040F60040C4F202400068C5
:10836000000100280BD5FFE70E98B0F5001F06D1DD
:10837000FFE714A8FEF732FE159810905CE040F677
:108380000040C4F202400068800000280BD5FFE7DF
:108390000E98B0F5800F06D1FFE711A8FEF79AFFFF
:1083A0001298109047E040F60040C4F20240006886
:1083B0008007002813D5FFE70E98B0F5C00F0ED147
:1083C000FFE740F60040C4F202400068C0F3C1017C
:1083D00049F20000C0F2D030C84010902AE040F6C8
:1083E0000040C4F202400068800500280BD5FFE77A
:1083F0000E98B0F5000F06D1FFE740F60010C0F26E
:108400003D00109015E040F6F040C4F202400068D4
:108410008007002809D5FFE70E98B0F5200F04D19A
:10842000FFE74FF40040109002E000201090FFE7BB
:10843000FFE7FFE7FFE7FFE7FFE701F03FBD40F69B
:10844000D840C4F20240006800F0E0600E900E9840
:1084500020B9FFE703F012FC109071E040F60040F5
:10846000C4F202400068000100280BD5FFE70E9817
:10847000B0F1807F06D1FFE714A8FEF7AFFD159895
:1084800010905CE040F60040C4F2024000688000BA
:1084900000280BD5FFE70E98B0F1007F06D1FFE76B
:1084A00011A8FEF717FF1298109047E040F6004021
:1084B000C4F2024000688007002813D5FFE70E9839
:1084C000B0F1407F0ED1FFE740F60040C4F2024019
:1084D0000068C0F3C10149F20000C0F2D030C840CA
:1084E00010902AE040F60040C4F202400068800587
:1084F00000280BD5FFE70E98B0F1806F06D1FFE79B
:1085000040F60010C0F23D00109015E040F6F0403B
:10851000C4F2024000688007002809D5FFE70E98E2
:10852000B0F1A06F04D1FFE74FF40040109002E0DB
:1085300000201090FFE7FFE7FFE7FFE7FFE7FFE717
:1085400001F0BCBC40F6D840C4F20240006800F024
:1085500060500E900E9820B9FFE703F08FFB10904B
:1085600071E040F60040C4F20240006800010028BB
:108570000BD5FFE70E98B0F1006F06D1FFE714A806
:10858000FEF72CFD159810905CE040F60040C4F218
:1085900002400068800000280BD5FFE70E98B0F17C
:1085A000805F06D1FFE711A8FEF794FE12981090A5
:1085B00047E040F60040C4F202400068800700280F
:1085C00013D5FFE70E98B0F1C05F0ED1FFE740F67C
:1085D0000040C4F202400068C0F3C10149F200004B
:1085E000C0F2D030C84010902AE040F60040C4F2FB
:1085F00002400068800500280BD5FFE70E98B0F117
:10860000005F06D1FFE740F60010C0F23D00109079
:1086100015E040F6F040C4F20240006880070028F0
:1086200009D5FFE70E98B0F1205F04D1FFE74FF4C2
:108630000040109002E000201090FFE7FFE7FFE706
:10864000FFE7FFE7FFE701F039BC40F6DC40C4F28A
:108650000240006800F007000E900E9820B9FFE776
:1086600003F00CFB10906CE040F60040C4F20240B6
:108670000068000100280AD5FFE70E98012806D1FE
:10868000FFE714A8FEF7AAFC1598109058E040F6F2
:108690000040C4F202400068800000280AD5FFE7CD
:1086A0000E98022806D1FFE711A8FEF713FE1298D4
:1086B000109044E040F60040C4F202400068800799
:1086C000002812D5FFE70E9803280ED1FFE740F6E9
:1086D0000040C4F202400068C0F3C10149F200004A
:1086E000C0F2D030C840109028E040F60040C4F2FC
:1086F00002400068800500280AD5FFE70E9804288C
:1087000006D1FFE740F60010C0F23D00109014E0E3
:1087100040F6F040C4F2024000688007002808D507
:10872000FFE70E98052804D1FFE74FF400401090B2
:1087300002E000201090FFE7FFE7FFE7FFE7FFE719
:10874000FFE701F0BBBB40F6DC40C4F2024000682A
:1087500000F070000E900E9820B9FFE703F08EFA3B
:1087600010906CE040F60040C4F202400068000146
:1087700000280AD5FFE70E98102806D1FFE714A8B5
:10878000FEF72CFC1598109058E040F60040C4F21B
:1087900002400068800000280AD5FFE70E982028D4
:1087A00006D1FFE711A8FEF795FD1298109044E05E
:1087B00040F60040C4F2024000688007002812D54D
:1087C000FFE70E9830280ED1FFE740F60040C4F2D4
:1087D00002400068C0F3C10149F20000C0F2D0308D
:1087E000C840109028E040F60040C4F20240006803
:1087F000800500280AD5FFE70E98402806D1FFE73C
:1088000040F60010C0F23D00109014E040F6F04039
:10881000C4F2024000688007002808D5FFE70E98E0
:10882000502804D1FFE74FF40040109002E00020F0
:108830001090FFE7FFE7FFE7FFE7FFE7FFE701F043
:108840003DBB40F6E040C4F20240006800F0E0604A
:108850000E900E9820B9FFE703F038FA10905FE011
:108860000E98B0F1807F06D1FFE714A8FEF7B6FBA3
:108870001598109053E00E98B0F1007F06D1FFE7F5
:1088800011A8FEF727FD1298109047E040F600402F
:10889000C4F2024000688007002813D5FFE70E9855
:1088A000B0F1407F0ED1FFE740F60040C4F2024035
:1088B0000068C0F3C10149F20000C0F2D030C840E6
:1088C00010902AE040F60040C4F2024000688005A3
:1088D00000280BD5FFE70E98B0F1806F06D1FFE7B7
:1088E00040F60010C0F23D00109015E040F6F04058
:1088F000C4F2024000688007002809D5FFE70E98FF
:10890000B0F1A06F04D1FFE74FF40040109002E0F7
:1089100000201090FFE7FFE7FFE7FFE7FFE7FFE733
:1089200001F0CCBA40F6E840C4F20240006800F022
:1089300007000E900E9820B9FFE703F085F910901C
:108940005AE00E98012804D1FFE703F0D3F9109004
:1089500051E00E98022806D1FFE714A8FEF73EFB6F
:108960001698109046E040F60040C4F202400068BD
:10897000800300280AD5FFE70E98032806D1FFE7F9
:1089800047F64000C0F27D10109032E040F6004003
:10899000C4F2024000688007002812D5FFE70E9855
:1089A00004280ED1FFE740F60040C4F20240006800
:1089B000C0F3C10149F20000C0F2D030C8401090AD
:1089C00016E040F60040C4F202400068800500282E
:1089D0000AD5FFE70E98052806D1FFE740F60010FC
:1089E000C0F23D00109002E000201090FFE7FFE78A
:1089F000FFE7FFE7FFE7FFE701F060BA40F6E84076
:108A0000C4F20240006800F008000E9040F6F0400A
:108A1000C4F2024000688007002807D5FFE70E98DF
:108A200020B9FFE74FF40040109014E040F6F0400A
:108A3000C4F2024000680001002808D5FFE70E9844
:108A4000082804D1FFE74FF4FA40109002E000201C
:108A50001090FFE7FFE701F031BA40F6E440C4F2BE
:108A60000240006800F440300E900E9820B9FFE7F5
:108A700003F004F9109040E00E98B0F5803F06D165
:108A8000FFE711A8FEF726FC1398109034E040F69B
:108A90000040C4F2024000688007002813D5FFE7B9
:108AA0000E98B0F5003F0ED1FFE740F60040C4F24B
:108AB00002400068C0F3C10149F20000C0F2D030AA
:108AC000C840109017E040F60040C4F20240006831
:108AD000800500280BD5FFE70E98B0F5403F06D182
:108AE000FFE740F60010C0F23D00109002E00020C9
:108AF0001090FFE7FFE7FFE7FFE701F0DFB940F67F
:108B0000E440C4F20240006800F440200E900E9849
:108B100020B9FFE703F0B2F8109040E00E98B0F5EE
:108B2000802F06D1FFE711A8FEF7D4FB1398109011
:108B300034E040F60040C4F202400068800700289C
:108B400013D5FFE70E98B0F5002F0ED1FFE740F6E2
:108B50000040C4F202400068C0F3C10149F20000C5
:108B6000C0F2D030C840109017E040F60040C4F288
:108B700002400068800500280BD5FFE70E98B0F58D
:108B8000402F06D1FFE740F60010C0F23D001090E4
:108B900002E000201090FFE7FFE7FFE7FFE701F0AA
:108BA0008DB940F6E440C4F20240006800F4401081
:108BB0000E900E9820B9FFE703F088F8109040E07F
:108BC0000E98B0F5801F06D1FFE711A8FEF782FBD3
:108BD0001398109034E040F60040C4F20240006860
:108BE0008007002813D5FFE70E98B0F5001F0ED1BF
:108BF000FFE740F60040C4F202400068C0F3C10144
:108C000049F20000C0F2D030C840109017E040F6A2
:108C10000040C4F202400068800500280BD5FFE741
:108C20000E98B0F5401F06D1FFE740F60010C0F2E5
:108C30003D00109002E000201090FFE7FFE7FFE703
:108C4000FFE701F03BB940F6E440C4F2024000689F
:108C500000F440000E900E9820B9FFE703F036F8BC
:108C6000109040E00E98B0F5800F06D1FFE711A8F4
:108C7000FEF730FB1398109034E040F60040C4F249
:108C8000024000688007002813D5FFE70E98B0F572
:108C9000000F0ED1FFE740F60040C4F2024000682A
:108CA000C0F3C10149F20000C0F2D030C8401090BA
:108CB00017E040F60040C4F202400068800500283A
:108CC0000BD5FFE70E98B0F5400F06D1FFE740F651
:108CD0000010C0F23D00109002E000201090FFE76D
:108CE000FFE7FFE7FFE701F0E9B840F6E440C4F230
:108CF0000240006800F040700E900E9820B9FFE727
:108D000002F0BCFF10902BE00E98B0F1807F06D1EE
:108D1000FFE711A8FEF7DEFA139810901FE040F667
:108D20000040C4F2024000688007002813D5FFE726
:108D30000E98B0F1007F0ED1FFE740F60040C4F27C
:108D400002400068C0F3C10149F20000C0F2D03017
:108D5000C840109002E000201090FFE7FFE7FFE717
:108D600001F0ACB840F6DC40C4F20240006800F408
:108D7000E0600E900E980990C8B1FFE70998B0F531
:108D8000807F18D0FFE70998B0F5007F19D0FFE782
:108D90000998B0F5407F1AD0FFE70998B0F5806FC9
:108DA00026D0FFE70998B0F5A06F32D081E002F03D
:108DB0008DFF109080E014A8FEF710F91498109021
:108DC0007AE011A8FEF786FA1398109074E040F646
:108DD000F040C4F2024000688007002804D5FFE795
:108DE0004FF40040109002E000201090FFE763E095
:108DF00040F6F040C4F2024000680001002804D5AB
:108E0000FFE74FF4FA40109002E000201090FFE7D7
:108E100052E040F6E840C4F20240006800F04040F2
:108E20000F9040F60040C4F202400068800700281E
:108E300011D5FFE70F9870B9FFE740F60040C4F284
:108E400002400068C0F3C10149F20000C0F2D03016
:108E5000C84010902CE040F60040C4F20240006888
:108E6000800500280BD5FFE70F98B0F1804F06D1A1
:108E7000FFE740F60010C0F23D00109017E040F60A
:108E80000040C4F202400068800300280BD5FFE7D1
:108E90000F98B0F1004F06D1FFE747F64000C0F24F
:108EA0007D10109002E000201090FFE7FFE7FFE741
:108EB00002E000201090FFE701F000B840F6DC402F
:108EC000C4F20240006800F4E0400E900E98089052
:108ED000C8B1FFE70898B0F5805F18D0FFE70898A1
:108EE000B0F5005F19D0FFE70898B0F5405F1AD0E1
:108EF000FFE70898B0F5804F26D0FFE70898B0F557
:108F0000A04F32D081E002F0B9FE109080E014A8AA
:108F1000FEF764F8149810907AE011A8FEF7DAF9D9
:108F20001398109074E040F6F040C4F202400068DC
:108F30008007002804D5FFE74FF40040109002E0BE
:108F400000201090FFE763E040F6F040C4F20240DA
:108F500000680001002804D5FFE74FF4FA401090A4
:108F600002E000201090FFE752E040F6E840C4F233
:108F70000240006800F040400F9040F60040C4F20C
:108F8000024000688007002811D5FFE70F9870B9EC
:108F9000FFE740F60040C4F202400068C0F3C101A0
:108FA00049F20000C0F2D030C84010902CE040F6EA
:108FB0000040C4F202400068800500280BD5FFE79E
:108FC0000F98B0F1804F06D1FFE740F60010C0F2D5
:108FD0003D00109017E040F60040C4F202400068E7
:108FE000800300280BD5FFE70F98B0F1004F06D1A2
:108FF000FFE747F64000C0F27D10109002E000202D
:109000001090FFE7FFE7FFE702E000201090FFE786
:1090100000F054BF40F6DC40C4F20240006800F4A7
:10902000E0200E900E980790C8B1FFE70798B0F5C2
:10903000803F18D0FFE70798B0F5003F19D0FFE751
:109040000798B0F5403F1AD0FFE70798B0F5802F9A
:1090500026D0FFE70798B0F5A02F32D081E002F0CC
:1090600035FE109080E014A8FDF7B8FF149810901A
:109070007AE011A8FEF72EF91398109074E040F6EC
:10908000F040C4F2024000688007002804D5FFE7E2
:109090004FF40040109002E000201090FFE763E0E2
:1090A00040F6F040C4F2024000680001002804D5F8
:1090B000FFE74FF4FA40109002E000201090FFE725
:1090C00052E040F6E840C4F20240006800F0404040
:1090D0000F9040F60040C4F202400068800700286C
:1090E00011D5FFE70F9870B9FFE740F60040C4F2D2
:1090F00002400068C0F3C10149F20000C0F2D03064
:10910000C84010902CE040F60040C4F202400068D5
:10911000800500280BD5FFE70F98B0F1804F06D1EE
:10912000FFE740F60010C0F23D00109017E040F657
:109130000040C4F202400068800300280BD5FFE71E
:109140000F98B0F1004F06D1FFE747F64000C0F29C
:109150007D10109002E000201090FFE7FFE7FFE78E
:1091600002E000201090FFE700F0A8BE40F6DC40CF
:10917000C4F20240006800F4E0000E900E980690E1
:10918000C8B1FFE70698B0F5801F18D0FFE7069832
:10919000B0F5001F19D0FFE70698B0F5401F1AD0B0
:1091A000FFE70698B0F5800F26D0FFE70698B0F5E8
:1091B000A00F32D081E002F089FD109080E014A869
:1091C000FDF70CFF149810907AE011A8FEF782F8D2
:1091D0001398109074E040F6F040C4F2024000682A
:1091E0008007002804D5FFE74FF40040109002E00C
:1091F00000201090FFE763E040F6F040C4F2024028
:1092000000680001002804D5FFE74FF4FA401090F1
:1092100002E000201090FFE752E040F6E840C4F280
:109220000240006800F040400F9040F60040C4F259
:10923000024000688007002811D5FFE70F9870B939
:10924000FFE740F60040C4F202400068C0F3C101ED
:1092500049F20000C0F2D030C84010902CE040F637
:109260000040C4F202400068800500280BD5FFE7EB
:109270000F98B0F1804F06D1FFE740F60010C0F222
:109280003D00109017E040F60040C4F20240006834
:10929000800300280BD5FFE70F98B0F1004F06D1EF
:1092A000FFE747F64000C0F27D10109002E000207A
:1092B0001090FFE7FFE7FFE702E000201090FFE7D4
:1092C00000F0FCBD40F6DC40C4F20240006800F053
:1092D000E0600E900E980590C8B1FFE70598B0F1D8
:1092E000807F18D0FFE70598B0F1007F19D0FFE725
:1092F0000598B0F1407F1AD0FFE70598B0F1806F74
:1093000026D0FFE70598B0F1A06F32D081E002F0DF
:10931000DDFC109080E014A8FDF760FE149810901A
:109320007AE011A8FDF7D6FF1398109074E040F68C
:10933000F040C4F2024000688007002804D5FFE72F
:109340004FF40040109002E000201090FFE763E02F
:1093500040F6F040C4F2024000680001002804D545
:10936000FFE74FF4FA40109002E000201090FFE772
:1093700052E040F6E840C4F20240006800F040408D
:109380000F9040F60040C4F20240006880070028B9
:1093900011D5FFE70F9870B9FFE740F60040C4F21F
:1093A00002400068C0F3C10149F20000C0F2D030B1
:1093B000C84010902CE040F60040C4F20240006823
:1093C000800500280BD5FFE70F98B0F1804F06D13C
:1093D000FFE740F60010C0F23D00109017E040F6A5
:1093E0000040C4F202400068800300280BD5FFE76C
:1093F0000F98B0F1004F06D1FFE747F64000C0F2EA
:109400007D10109002E000201090FFE7FFE7FFE7DB
:1094100002E000201090FFE700F050BD40F6DC4075
:10942000C4F20240006800F0E0400E900E980490F4
:10943000C8B1FFE70498B0F1805F18D0FFE7049847
:10944000B0F1005F19D0FFE70498B0F1405F1AD087
:10945000FFE70498B0F1804F26D0FFE70498B0F101
:10946000A04F32D081E002F031FC109080E014A8CF
:10947000FDF7B4FD149810907AE011A8FDF72AFFCB
:109480001398109074E040F6F040C4F20240006877
:109490008007002804D5FFE74FF40040109002E059
:1094A00000201090FFE763E040F6F040C4F2024075
:1094B00000680001002804D5FFE74FF4FA4010903F
:1094C00002E000201090FFE752E040F6E840C4F2CE
:1094D0000240006800F040400F9040F60040C4F2A7
:1094E000024000688007002811D5FFE70F9870B987
:1094F000FFE740F60040C4F202400068C0F3C1013B
:1095000049F20000C0F2D030C84010902CE040F684
:109510000040C4F202400068800500280BD5FFE738
:109520000F98B0F1804F06D1FFE740F60010C0F26F
:109530003D00109017E040F60040C4F20240006881
:10954000800300280BD5FFE70F98B0F1004F06D13C
:10955000FFE747F64000C0F27D10109002E00020C7
:109560001090FFE7FFE7FFE702E000201090FFE721
:1095700000F0A4BC40F6E840C4F20240006800F4E9
:1095800040700E9040F60040C4F202400068800334
:10959000002809D5FFE70E9830B9FFE747F64000ED
:1095A000C0F27D1010901AE00E98B0F5807F06D1C1
:1095B000FFE717A8FDF796FB189810900EE00E989D
:1095C000B0F5007F06D1FFE714A8FDF707FD159859
:1095D000109002E000201090FFE7FFE7FFE700F0A7
:1095E0006DBC40F6E040C4F20240006800F00700A5
:1095F0000E900E98039004286DD80399DFE801F0CF
:1096000003090F151B0017A8FDF76CFB18981090A5
:1096100064E014A8FDF7E2FC149810905EE011A835
:10962000FDF758FE1198109058E048F20000C0F283
:10963000BB00109052E040F6E840C4F202400068DF
:1096400000F040400F9040F60040C4F20240006835
:109650008007002811D5FFE70F9870B9FFE740F6A3
:109660000040C4F202400068C0F3C10149F20000AA
:10967000C0F2D030C84010902CE040F60040C4F258
:1096800002400068800500280BD5FFE70F98B0F175
:10969000804F06D1FFE740F60010C0F23D00109069
:1096A00017E040F60040C4F2024000688003002842
:1096B0000BD5FFE70F98B0F1004F06D1FFE747F653
:1096C0004000C0F27D10109002E000201090FFE7F3
:1096D000FFE7FFE702E000201090FFE700F0EEBB9D
:1096E00040F6E040C4F20240006800F038000E90FE
:1096F0000E980290202800F27C800299DFE801F0A9
:109700001179797979797979177979797979797993
:109710001D7979797979797923797979797979796B
:10972000290017A8FDF7DEFA1898109064E014A835
:10973000FDF754FC149810905EE011A8FDF7CAFDE7
:109740001198109058E048F20000C0F2BB00109051
:1097500052E040F6E840C4F20240006800F04040A9
:109760000F9040F60040C4F20240006880070028D5
:1097700011D5FFE70F9870B9FFE740F60040C4F23B
:1097800002400068C0F3C10149F20000C0F2D030CD
:10979000C84010902CE040F60040C4F2024000683F
:1097A000800500280BD5FFE70F98B0F1804F06D158
:1097B000FFE740F60010C0F23D00109017E040F6C1
:1097C0000040C4F202400068800300280BD5FFE788
:1097D0000F98B0F1004F06D1FFE747F64000C0F206
:1097E0007D10109002E000201090FFE7FFE7FFE7F8
:1097F00002E000201090FFE760E340F6E040C4F292
:109800000240006800F4E0700E900E98019088B15C
:10981000FFE70198402813D0FFE70198802815D072
:10982000FFE70198C02817D0FFE70198B0F5807FC7
:1098300018D067E017A8FDF755FA1898109064E063
:1098400014A8FDF7CBFB149810905EE011A8FDF76B
:1098500041FD1198109058E048F20000C0F2BB00A2
:10986000109052E040F6E840C4F20240006800F078
:1098700040400F9040F60040C4F20240006880076C
:10988000002811D5FFE70F9870B9FFE740F60040B8
:10989000C4F202400068C0F3C10149F20000C0F206
:1098A000D030C84010902CE040F60040C4F2024096
:1098B0000068800500280BD5FFE70F98B0F1804FB6
:1098C00006D1FFE740F60010C0F23D00109017E00F
:1098D00040F60040C4F202400068800300280BD527
:1098E000FFE70F98B0F1004F06D1FFE747F64000C1
:1098F000C0F27D10109002E000201090FFE7FFE71B
:10990000FFE702E000201090FFE7D7E240F6E040DA
:10991000C4F20240006800F460600E900E9820B916
:10992000FFE702F0BFF9109073E040F60040C4F288
:1099300002400068000100280BD5FFE70E98B0F543
:10994000007F06D1FFE714A8FDF748FB159810909B
:109950005EE040F60040C4F202400068800000284B
:109960000BD5FFE70E98B0F5806F06D1FFE711A881
:10997000FDF7B0FC1298109049E040F60040C4F2A8
:10998000024000688007002813D5FFE70E98B0F565
:10999000C06F0ED1FFE740F60040C4F202400068FD
:1099A000C0F3C10149F20000C0F2D030C8401090AD
:1099B0002CE040F60040C4F2024000688005002818
:1099C0000BD5FFE70E98B0F5006F06D1FFE740F624
:1099D0000010C0F23D00109017E040F60040C4F2C5
:1099E00002400068800300280BD5FFE70E98B0F511
:1099F000206F06D1FFE747F64000C0F27D101090BF
:109A000002E000201090FFE7FFE7FFE7FFE7FFE736
:109A1000FFE753E240F6E040C4F20240006800F481
:109A2000E0400E900E9820B9FFE702F04FF9109039
:109A300073E040F60040C4F20240006800010028D4
:109A40000BD5FFE70E98B0F5805F06D1FFE714A8AD
:109A5000FDF7C4FA159810905EE040F60040C4F29D
:109A600002400068800000280BD5FFE70E98B0F593
:109A7000005F06D1FFE711A8FDF72CFC12981090AB
:109A800049E040F60040C4F2024000688007002828
:109A900013D5FFE70E98B0F5405F0ED1FFE740F613
:109AA0000040C4F202400068C0F3C10149F2000066
:109AB000C0F2D030C84010902CE040F60040C4F214
:109AC00002400068800500280BD5FFE70E98B0F52E
:109AD000804F06D1FFE740F60010C0F23D00109025
:109AE00017E040F60040C4F20240006880030028FE
:109AF0000BD5FFE70E98B0F5A04F06D1FFE747F66C
:109B00004000C0F27D10109002E000201090FFE7AE
:109B1000FFE7FFE7FFE7FFE7FFE7CFE140F6E040C1
:109B2000C4F20240006800F460300E900E9820B934
:109B3000FFE702F0B7F8109073E040F60040C4F27F
:109B400002400068000100280BD5FFE70E98B0F531
:109B5000004F06D1FFE714A8FDF740FA15981090C2
:109B60005EE040F60040C4F2024000688000002839
:109B70000BD5FFE70E98B0F5803F06D1FFE711A89F
:109B8000FDF7A8FB1298109049E040F60040C4F29F
:109B9000024000688007002813D5FFE70E98B0F553
:109BA000C03F0ED1FFE740F60040C4F2024000681B
:109BB000C0F3C10149F20000C0F2D030C84010909B
:109BC0002CE040F60040C4F2024000688005002806
:109BD0000BD5FFE70E98B0F5003F06D1FFE740F642
:109BE0000010C0F23D00109017E040F60040C4F2B3
:109BF00002400068800300280BD5FFE70E98B0F5FF
:109C0000203F06D1FFE747F64000C0F27D101090DC
:109C100002E000201090FFE7FFE7FFE7FFE7FFE724
:109C2000FFE74BE140F6E440C4F20240006800F078
:109C300003000E900E980090032864D80099DFE886
:109C400001F002060C1201F0FFFF10905EE017A871
:109C5000FDF748F81898109058E014A8FDF7BEF9E1
:109C60001698109052E040F6E840C4F202400068B6
:109C700000F040400F9040F60040C4F202400068FF
:109C80008007002811D5FFE70F9870B9FFE740F66D
:109C90000040C4F202400068C0F3C10149F2000074
:109CA000C0F2D030C84010902CE040F60040C4F222
:109CB00002400068800500280BD5FFE70F98B0F13F
:109CC000804F06D1FFE740F60010C0F23D00109033
:109CD00017E040F60040C4F202400068800300280C
:109CE0000BD5FFE70F98B0F1004F06D1FFE747F61D
:109CF0004000C0F27D10109002E000201090FFE7BD
:109D0000FFE7FFE702E000201090FFE7D6E040F613
:109D1000E840C4F20240006800F0C0000E9040F637
:109D2000F040C4F2024000688007002807D5FFE732
:109D30000E9820B9FFE74FF40040109026E040F65F
:109D4000F040C4F2024000680001002808D5FFE797
:109D50000E98402804D1FFE74FF4FA40109014E029
:109D600040F60040C4F2024000688005002808D593
:109D7000FFE70E98802804D1FFE748F21200109008
:109D800002E000201090FFE7FFE7FFE796E040F6D3
:109D9000E840C4F20240006800F030000E9040F647
:109DA0000040C4F2024000688004002809D5FFE7A3
:109DB0000E9830B9FFE746F60040C0F2DC20109064
:109DC0003AE040F60040C4F20240006880010028FA
:109DD0000AD5FFE70E98102806D1FFE717A8FCF771
:109DE00081FF1898109026E040F6F040C4F202403F
:109DF00000688007002808D5FFE70E98202804D1C6
:109E0000FFE74FF40040109014E040F6F040C4F239
:109E1000024000680001002808D5FFE70E983028AE
:109E200004D1FFE74FF4FA40109002E000201090B8
:109E3000FFE7FFE7FFE7FFE740E040F6E440C4F25A
:109E40000240006800F030000E900E98102806D1F5
:109E5000FFE717A8FCF746FF189810902EE040F691
:109E60000040C4F202400068800000280AD5FFE7E5
:109E70000E98202806D1FFE711A8FDF72BFA1298BB
:109E8000109016E040F60040C4F2024000688004E2
:109E900000280AD5FFE70E98302806D1FFE746F6DE
:109EA0000040C0F2DC20109002E000201090FFE79C
:109EB000FFE7FFE702E000201090FFE7FFE71098C0
:109EC0001CB080BD80B5ACB02B9000208DF8A300F5
:109ED0008DF8A2002B98C078C00760B1FFE740F66C
:109EE000E841C4F20241086820F040402B9A926D8C
:109EF00010430860FFE72B980068C007002837D0A0
:109F0000FFE72B98C06D2790052817D82799DFE821
:109F100001F003040B12131414E02B98083006F020
:109F200009FD8DF8A3000DE02B98303006F0B8FD48
:109F30008DF8A30006E005E004E003E001208DF8C1
:109F4000A300FFE79DF8A30060B9FFE740F6D84102
:109F5000C4F20241086820F007002B9AD26D10432A
:109F6000086004E09DF8A3008DF8A200FFE7FFE77A
:109F70002B9800788007002840F14A80FFE72B9853
:109F8000006E2690282829D82699DFE801F01527A9
:109F900027272727272716272727272727271D276C
:109FA0002727272727272427272727272727252746
:109FB000272727272727260014E02B98083006F0AC
:109FC000B9FC8DF8A3000DE02B98303006F068FD49
:109FD0008DF8A30006E005E004E003E001208DF821
:109FE000A300FFE79DF8A30060B9FFE740F6D84162
:109FF000C4F20241086820F038002B9A126E104318
:10A00000086004E09DF8A3008DF8A200FFE7FFE7D9
:10A010002B9800784007002847D5FFE72B98406E23
:10A020002590B0B1FFE72598402813D0FFE7259889
:10A03000802816D0FFE72598C02819D0FFE725987B
:10A04000B0F5807F15D0FFE72598B0F5A07F11D03F
:10A0500011E014E02B98083006F06CFC8DF8A3009A
:10A060000DE02B98303006F01BFD8DF8A30006E0C4
:10A0700005E004E003E001208DF8A300FFE79DF870
:10A08000A30060B9FFE740F6D841C4F20241086876
:10A0900020F4E0702B9A526E1043086004E09DF8A3
:10A0A000A3008DF8A200FFE7FFE72B9800780007D8
:10A0B00000284AD5FFE72B98806E2490C8B1FFE7AF
:10A0C0002498B0F5007F15D0FFE72498B0F5806F95
:10A0D00017D0FFE72498B0F5C06F19D0FFE7249898
:10A0E000B0F5006F15D0FFE72498B0F5206F11D0C0
:10A0F00011E014E02B98083006F01CFC8DF8A3004A
:10A100000DE02B98303006F0CBFC8DF8A30006E074
:10A1100005E004E003E001208DF8A300FFE79DF8CF
:10A12000A30060B9FFE740F6D841C4F202410868D5
:10A1300020F460602B9A926E1043086004E09DF852
:10A14000A3008DF8A200FFE7FFE72B980078C00678
:10A1500000284AD5FFE72B98C06E2390C8B1FFE7CF
:10A160002398B0F5805F15D0FFE72398B0F5005F26
:10A1700017D0FFE72398B0F5405F19D0FFE7239889
:10A18000B0F5804F15D0FFE72398B0F5A04F11D060
:10A1900011E014E02B98083006F0CCFB8DF8A300FA
:10A1A0000DE02B98303006F07BFC8DF8A30006E024
:10A1B00005E004E003E001208DF8A300FFE79DF82F
:10A1C000A30060B9FFE740F6D841C4F20241086835
:10A1D00020F4E0402B9AD26E1043086004E09DF812
:10A1E000A3008DF8A200FFE7FFE72B980078800618
:10A1F00000284AD5FFE72B98006F2290C8B1FFE7EF
:10A200002298B0F5004F15D0FFE72298B0F5803FB7
:10A2100017D0FFE72298B0F5C03F19D0FFE722988A
:10A22000B0F5003F15D0FFE72298B0F5203F11D0E0
:10A2300011E014E02B98083006F07CFB8DF8A300A9
:10A240000DE02B98303006F02BFC8DF8A30006E0D3
:10A2500005E004E003E001208DF8A300FFE79DF88E
:10A26000A30060B9FFE740F6D841C4F20241086894
:10A2700020F460302B9A126F1043086004E09DF8C0
:10A28000A3008DF8A200FFE7FFE72B9800784006B7
:10A2900000284AD5FFE72B98406F2190C8B1FFE70F
:10A2A0002198B0F5802F15D0FFE72198B0F5002F49
:10A2B00017D0FFE72198B0F5402F19D0FFE721987C
:10A2C000B0F5801F15D0FFE72198B0F5A01F11D081
:10A2D00011E014E02B98083006F02CFB8DF8A30059
:10A2E0000DE02B98303006F0DBFB8DF8A30006E084
:10A2F00005E004E003E001208DF8A300FFE79DF8EE
:10A30000A30060B9FFE740F6D841C4F202410868F3
:10A3100020F4E0102B9A526F1043086004E09DF87F
:10A32000A3008DF8A200FFE7FFE72B980078000656
:10A3300000284AD5FFE72B98806F2090C8B1FFE72F
:10A340002098B0F5001F15D0FFE72098B0F5800FDA
:10A3500017D0FFE72098B0F5C00F19D0FFE720987D
:10A36000B0F5000F15D0FFE72098B0F5200F11D001
:10A3700011E014E02B98083006F0DCFA8DF8A30009
:10A380000DE02B98303006F08BFB8DF8A30006E033
:10A3900005E004E003E001208DF8A300FFE79DF84D
:10A3A000A30060B9FFE740F6D841C4F20241086853
:10A3B00020F460002B9A926F1043086004E09DF82F
:10A3C000A3008DF8A200FFE7FFE72B984078C007B5
:10A3D00000284AD0FFE72B98C06F1F90C8B1FFE755
:10A3E0001F98B0F1807F15D0FFE71F98B0F1007F74
:10A3F00017D0FFE71F98B0F1407F19D0FFE71F98F3
:10A40000B0F1806F15D0FFE71F98B0F1A06F11D0A9
:10A4100011E014E02B98083006F08CFA8DF8A300B8
:10A420000DE02B98303006F03BFB8DF8A30006E0E2
:10A4300005E004E003E001208DF8A300FFE79DF8AC
:10A44000A30060B9FFE740F6D841C4F202410868B2
:10A4500020F0E0602B9AD26F1043086004E09DF872
:10A46000A3008DF8A200FFE7FFE72B984078800754
:10A4700000284CD5FFE72B98D0F880001E90C8B17B
:10A48000FFE71E98B0F1006F15D0FFE71E98B0F1FE
:10A49000805F17D0FFE71E98B0F1C05F19D0FFE7CB
:10A4A0001E98B0F1005F15D0FFE71E98B0F1205F55
:10A4B00011D011E014E02B98083006F03BFA8DF82B
:10A4C000A3000DE02B98303006F0EAFA8DF8A300D7
:10A4D00006E005E004E003E001208DF8A300FFE7BB
:10A4E0009DF8A30068B9FFE740F6D841C4F20241E5
:10A4F000086820F060502B9AD2F880201043086042
:10A5000004E09DF8A3008DF8A200FFE7FFE72B9879
:10A5100040784007002839D5FFE72B98D0F8840011
:10A520001D90052817D81D99DFE801F003040B12D0
:10A53000131414E02B98083006F0FCF98DF8A300F2
:10A540000DE02B98303006F0ABFA8DF8A30006E052
:10A5500005E004E003E001208DF8A300FFE79DF88B
:10A56000A30068B9FFE740F6DC41C4F20241086885
:10A5700020F007002B9AD2F884201043086004E0F2
:10A580009DF8A3008DF8A200FFE7FFE72B98407825
:10A590000007002847D5FFE72B98D0F888001C90CB
:10A5A000A0B1FFE71C98102811D0FFE71C982028C5
:10A5B00014D0FFE71C98302817D0FFE71C984028DC
:10A5C00014D0FFE71C98502811D011E014E02B980C
:10A5D000083006F0AFF98DF8A3000DE02B9830306D
:10A5E00006F05EFA8DF8A30006E005E004E003E063
:10A5F00001208DF8A300FFE79DF8A30068B9FFE7ED
:10A6000040F6DC41C4F20241086820F070002B9A49
:10A61000D2F888201043086004E09DF8A3008DF86C
:10A62000A200FFE7FFE72B984078C00600284CD532
:10A63000FFE72B98D0F88C001B90C8B1FFE71B9860
:10A64000B0F1807F15D0FFE71B98B0F1007F17D0E5
:10A65000FFE71B98B0F1407F19D0FFE71B98B0F1DE
:10A66000806F15D0FFE71B98B0F1A06F11D011E0FB
:10A6700014E02B98083006F05DF98DF8A3000DE08A
:10A680002B98303006F00CFA8DF8A30006E005E0B8
:10A6900004E003E001208DF8A300FFE79DF8A3008C
:10A6A00068B9FFE740F6E041C4F20241086820F0D3
:10A6B000E0602B9AD2F88C201043086004E09DF8EB
:10A6C000A3008DF8A200FFE7FFE72B9840788006F3
:10A6D00000283AD5FFE72B98D0F890001A9078B16F
:10A6E000FFE71A98B0F5803F0BD0FFE71A98B0F556
:10A6F000003F0DD0FFE71A98B0F5403F09D009E0C0
:10A700000CE02B98303006F0CBF98DF8A30005E073
:10A7100004E003E001208DF8A300FFE79DF8A3000B
:10A7200068B9FFE740F6E441C4F20241086820F44A
:10A7300040302B9AD2F890201043086004E09DF836
:10A74000A3008DF8A200FFE7FFE72B9840784006B2
:10A7500000283AD5FFE72B98D0F89400199078B1EB
:10A76000FFE71998B0F5802F0BD0FFE71998B0F5E7
:10A77000002F0DD0FFE71998B0F5402F09D009E060
:10A780000CE02B98303006F08BF98DF8A30005E033
:10A7900004E003E001208DF8A300FFE79DF8A3008B
:10A7A00068B9FFE740F6E441C4F20241086820F4CA
:10A7B00040202B9AD2F894201043086004E09DF8C2
:10A7C000A3008DF8A200FFE7FFE72B984078000672
:10A7D00000283AD5FFE72B98D0F89800189078B168
:10A7E000FFE71898B0F5801F0BD0FFE71898B0F579
:10A7F000001F0DD0FFE71898B0F5401F09D009E001
:10A800000CE02B98303006F04BF98DF8A30005E0F2
:10A8100004E003E001208DF8A300FFE79DF8A3000A
:10A8200068B9FFE740F6E441C4F20241086820F449
:10A8300040102B9AD2F898201043086004E09DF84D
:10A84000A3008DF8A200FFE7FFE72B9840794007AF
:10A8500000283AD5FFE72B98D0F89C00179078B1E4
:10A86000FFE71798B0F5800F0BD0FFE71798B0F50A
:10A87000000F0DD0FFE71798B0F5400F09D009E0A1
:10A880000CE02B98303006F00BF98DF8A30005E0B2
:10A8900004E003E001208DF8A300FFE79DF8A3008A
:10A8A00068B9FFE740F6E441C4F20241086820F4C9
:10A8B00040002B9AD2F89C201043086004E09DF8D9
:10A8C000A3008DF8A200FFE7FFE72B988078C00770
:10A8D000A0B3FFE72B98D0F8A000169050B1FFE787
:10A8E0001698B0F1807F06D0FFE71698B0F1007F90
:10A8F00008D008E00BE02B98303006F0D1F88DF846
:10A90000A30004E003E001208DF8A300FFE79DF819
:10A91000A30068B9FFE740F6E441C4F202410868C9
:10A9200020F040702B9AD2F8A0201043086004E079
:10A930009DF8A3008DF8A200FFE7FFE72B98407970
:10A940000007002811D5FFE7FFE740F61C41C4F2DD
:10A950000241086820F4004008602B98D0F80421D8
:10A96000086810430860FFE7FFE72B9880788007AE
:10A9700000284CD5FFE72B98D0F8A4001590C8B15B
:10A98000FFE71598B0F5807F15D0FFE71598B0F573
:10A99000007F17D0FFE71598B0F5407F19D0FFE78B
:10A9A0001598B0F5806F15D0FFE71598B0F5A06F3A
:10A9B00011D011E014E02B98083005F0BBFF8DF8A2
:10A9C000A3000DE02B98303006F06AF88DF8A30054
:10A9D00006E005E004E003E001208DF8A300FFE7B6
:10A9E0009DF8A30068B9FFE740F6DC41C4F20241DC
:10A9F000086820F4E0602B9AD2F8A4201043086085
:10AA000004E09DF8A3008DF8A200FFE7FFE72B9874
:10AA10008078400700284CD5FFE72B98D0F8A80095
:10AA20001490C8B1FFE71498B0F5805F15D0FFE728
:10AA30001498B0F5005F17D0FFE71498B0F5405FA9
:10AA400019D0FFE71498B0F5804F15D0FFE71498A0
:10AA5000B0F5A04F11D011E014E02B98083005F0AC
:10AA600069FF8DF8A3000DE02B98303006F018F840
:10AA70008DF8A30006E005E004E003E001208DF876
:10AA8000A300FFE79DF8A30068B9FFE740F6DC41AB
:10AA9000C4F20241086820F4E0402B9AD2F8A820C2
:10AAA0001043086004E09DF8A3008DF8A200FFE7C2
:10AAB000FFE72B980079800600284CD5FFE72B98FC
:10AAC000D0F8AC001390C8B1FFE71398B0F5803F01
:10AAD00015D0FFE71398B0F5003F17D0FFE71398A4
:10AAE000B0F5403F19D0FFE71398B0F5802F15D08F
:10AAF000FFE71398B0F5A02F11D011E014E02B98C8
:10AB0000083005F017FF8DF8A3000DE02B983030CA
:10AB100005F0C6FF8DF8A30006E005E004E003E0C1
:10AB200001208DF8A300FFE79DF8A30068B9FFE7B7
:10AB300040F6DC41C4F20241086820F4E0202B9A80
:10AB4000D2F8AC201043086004E09DF8A3008DF813
:10AB5000A200FFE7FFE72B980079400600284CD5BC
:10AB6000FFE72B98D0F8B0001290C8B1FFE7129819
:10AB7000B0F5801F15D0FFE71298B0F5001F17D071
:10AB8000FFE71298B0F5401F19D0FFE71298B0F513
:10AB9000800F15D0FFE71298B0F5A00F11D011E08B
:10ABA00014E02B98083005F0C5FE8DF8A3000DE0E9
:10ABB0002B98303005F074FF8DF8A30006E005E017
:10ABC00004E003E001208DF8A300FFE79DF8A30057
:10ABD00068B9FFE740F6DC41C4F20241086820F49E
:10ABE000E0002B9AD2F8B0201043086004E09DF8F2
:10ABF000A3008DF8A200FFE7FFE72B98007900067D
:10AC000000284CD5FFE72B98D0F8B4001190C8B1BC
:10AC1000FFE71198B0F1807F15D0FFE71198B0F1F0
:10AC2000007F17D0FFE71198B0F1407F19D0FFE700
:10AC30001198B0F1806F15D0FFE71198B0F1A06FB7
:10AC400011D011E014E02B98083005F073FE8DF858
:10AC5000A3000DE02B98303005F022FF8DF8A30003
:10AC600006E005E004E003E001208DF8A300FFE723
:10AC70009DF8A30068B9FFE740F6DC41C4F2024149
:10AC8000086820F0E0602B9AD2F8B42010430860E6
:10AC900004E09DF8A3008DF8A200FFE7FFE72B98E2
:10ACA0004079C00700284CD0FFE72B98D0F8B800B7
:10ACB0001090C8B1FFE71098B0F1805F15D0FFE7A2
:10ACC0001098B0F1005F17D0FFE71098B0F1405F27
:10ACD00019D0FFE71098B0F1804F15D0FFE710981A
:10ACE000B0F1A04F11D011E014E02B98083005F01E
:10ACF00021FE8DF8A3000DE02B98303005F0D0FE3A
:10AD00008DF8A30006E005E004E003E001208DF8E3
:10AD1000A300FFE79DF8A30068B9FFE740F6DC4118
:10AD2000C4F20241086820F0E0402B9AD2F8B82023
:10AD30001043086004E09DF8A3008DF8A200FFE72F
:10AD4000FFE72B988078000700284ED5FFE72B9867
:10AD5000D0F8C0000F90A0B1FFE70F98B0F5803F8A
:10AD600018D0FFE70F98B0F5003F1AD0FFE70F9813
:10AD7000B0F5403F1CD0FFE70F98B0F5802F18D0FA
:10AD800018E040F62841C4F20241086840F400305F
:10AD9000086013E02B98083005F0CCFD8DF8A30077
:10ADA0000CE02B98303005F07BFE8DF8A30005E019
:10ADB00004E003E001208DF8A300FFE79DF8A30065
:10ADC00068B9FFE740F6E841C4F20241086820F4A0
:10ADD000E0202B9AD2F8C0201043086004E09DF8D0
:10ADE000A3008DF8A200FFE7FFE72B988078C0064C
:10ADF00000284DD5FFE72B98D0F8C4000E90A0B1E5
:10AE0000FFE70E98B0F5002F18D0FFE70E98B0F5C9
:10AE1000801F1AD0FFE70E98B0F5C01F1CD0FFE7C7
:10AE20000E98B0F5001F17D017E040F62841C4F285
:10AE30000241086840F40030086012E02B980830A6
:10AE400005F078FD8DF8A3000BE02B98303005F06D
:10AE500027FE8DF8A30004E003E001208DF8A30095
:10AE6000FFE79DF8A30068B9FFE740F6E841C4F2A8
:10AE70000241086820F460102B9AD2F8C4201043D5
:10AE8000086004E09DF8A3008DF8A200FFE7FFE74B
:10AE90002B9880788006002834D5FFE72B98D0F8CF
:10AEA000D4000D90022809D3FFE70D98022806D0A0
:10AEB000FFE70D980338032808D308E00BE02B9830
:10AEC000083005F037FD8DF8A30004E003E0012011
:10AED0008DF8A300FFE79DF8A30068B9FFE740F6EF
:10AEE000E841C4F20241086820F007002B9AD2F82A
:10AEF000D4201043086004E09DF8A3008DF8A20060
:10AF0000FFE7FFE72B9840798007002827D5FFE768
:10AF10002B98D0F8D8000C9020B1FFE70C980828A7
:10AF200001D001E004E003E001208DF8A300FFE779
:10AF30009DF8A30068B9FFE740F6E841C4F202417A
:10AF4000086820F008002B9AD2F8D8201043086037
:10AF500004E09DF8A3008DF8A200FFE7FFE72B981F
:10AF6000C0788007002840F1B580FFE740F6240153
:10AF7000C4F20241086840F001000860FBF7DAFC07
:10AF80002990FFE740F62400C4F202400068C007A1
:10AF900060B9FFE7FBF7CEFC2999401A032804D3D8
:10AFA000FFE703208DF8A30000E0EBE79DF8A30086
:10AFB000002840F08980FFE740F6F040C4F20240EC
:10AFC000006800F440702A902A98D0B1FFE72A98D0
:10AFD0002B99D1F8F810884213D0FFE740F6F041E2
:10AFE000C4F20241086820F440702A90086840F4D6
:10AFF00080300860086820F4803008602A98086073
:10B00000FFE79DF8A800C007E0B1FFE7FBF792FC5F
:10B010002990FFE740F6F040C4F202400068800744
:10B0200000280ED4FFE7FBF785FC2999401A41F26E
:10B030008931884204D3FFE703208DF8A30000E0A4
:10B04000E8E7FFE79DF8A300C0BBFFE7FFE72B9809
:10B05000D0F8F80000F44070B0F5407F13D1FFE75E
:10B0600040F61C41C4F20241086820F47C502B9A3F
:10B07000D2F8F8204FF6F043C0F6FF731A4040EACA
:10B080001210086008E040F61C41C4F20241086852
:10B0900020F47C500860FFE740F6F041C4F2024122
:10B0A000086820F4407008602B98D0F8F8206FF3FF
:10B0B0001F32086810430860FFE704E09DF8A30012
:10B0C0008DF8A200FFE704E09DF8A3008DF8A20030
:10B0D000FFE7FFE72B98C0784007002839D5FFE746
:10B0E0002B98D0F8C8000B9060B1FFE70B981028A0
:10B0F00009D0FFE70B9820280ED0FFE70B983028E7
:10B100000BD00BE00EE040F62841C4F20241086883
:10B1100040F40030086005E004E003E001208DF811
:10B12000A300FFE79DF8A30068B9FFE740F6E841F8
:10B13000C4F20241086820F030002B9AD2F8C820EF
:10B140001043086004E09DF8A3008DF8A200FFE71B
:10B15000FFE72B9880784006002835D5FFE72B982D
:10B16000D0F8CC000A9020B1FFE70A98402809D017
:10B170000FE040F62841C4F20241086840F4003074
:10B1800008600AE02B98083005F0D4FB8DF8A30086
:10B1900003E001208DF8A300FFE79DF8A30068B944
:10B1A000FFE740F6E441C4F20241086820F04000A5
:10B1B0002B9AD2F8CC201043086004E09DF8A3003D
:10B1C0008DF8A200FFE7FFE72B98807800060028A3
:10B1D00035D5FFE72B98D0F8D000099020B1FFE7D4
:10B1E0000998802809D00FE040F62841C4F20241B6
:10B1F000086840F4003008600AE02B98083005F039
:10B2000099FB8DF8A30003E001208DF8A300FFE770
:10B210009DF8A30068B9FFE740F6E441C4F202419B
:10B22000086820F080002B9AD2F8D02010430860E4
:10B2300004E09DF8A3008DF8A200FFE7FFE72B983C
:10B24000C0780007002840D5FFE72B98D0F8E00031
:10B25000089004281ED80899DFE801F0030C131A9F
:10B260001B0040F62841C4F20241086840F4003057
:10B27000086013E02B98083005F05CFB8DF8A30004
:10B280000CE02B98303005F00BFC8DF8A30005E0A6
:10B2900004E003E001208DF8A300FFE79DF8A30080
:10B2A00068B9FFE740F6E041C4F20241086820F0C7
:10B2B00007002B9AD2F8E0201043086004E09DF8C4
:10B2C000A3008DF8A200FFE7FFE72B98C078C00627
:10B2D000002840F14F80FFE72B98D0F8E40007905A
:10B2E00020282CD80799DFE801F0112A2A2A2A2AD7
:10B2F0002A2A1A2A2A2A2A2A2A2A212A2A2A2A2AC7
:10B300002A2A282A2A2A2A2A2A2A290040F62841D3
:10B31000C4F20241086840F40030086013E02B9842
:10B32000083005F007FB8DF8A3000CE02B983030B7
:10B3300005F0B6FB8DF8A30005E004E003E0012072
:10B340008DF8A300FFE79DF8A30068B9FFE740F67A
:10B35000E041C4F20241086820F038002B9AD2F88C
:10B36000E4201043086004E09DF8A3008DF8A200DB
:10B37000FFE7FFE72B98C078800600284BD5FFE752
:10B380002B98D0F8E800069088B1FFE7069840288F
:10B3900016D0FFE70698802819D0FFE70698C02846
:10B3A0001CD0FFE70698B0F5807F18D018E040F673
:10B3B0002841C4F20241086840F40030086013E0FC
:10B3C0002B98083005F0B6FA8DF8A3000CE02B9806
:10B3D000303005F065FB8DF8A30005E004E003E0E4
:10B3E00001208DF8A300FFE79DF8A30068B9FFE7EF
:10B3F00040F6E041C4F20241086820F4E0702B9A64
:10B40000D2F8E8201043086004E09DF8A3008DF80E
:10B41000A200FFE7FFE72B98C078400600284CD534
:10B42000FFE72B98D0F8EC000590C8B1FFE705982E
:10B43000B0F5007F15D0FFE70598B0F5806F17D005
:10B44000FFE70598B0F5C06F19D0FFE70598B0F594
:10B45000006F15D0FFE70598B0F5206F11D011E00F
:10B4600014E02B98083005F065FA8DF8A3000DE084
:10B470002B98303005F014FB8DF8A30006E005E0B2
:10B4800004E003E001208DF8A300FFE79DF8A3008E
:10B4900068B9FFE740F6E041C4F20241086820F4D1
:10B4A00060602B9AD2F8EC201043086004E09DF80D
:10B4B000A3008DF8A200FFE7FFE72B98C0780006F5
:10B4C00000284CD5FFE72B98D0F8F0000490C8B1C5
:10B4D000FFE70498B0F5805F15D0FFE70498B0F55A
:10B4E000005F17D0FFE70498B0F5405F19D0FFE781
:10B4F0000498B0F5804F15D0FFE70498B0F5A04F41
:10B5000011D011E014E02B98083005F013FA8DF8F3
:10B51000A3000DE02B98303005F0C2FA8DF8A3009F
:10B5200006E005E004E003E001208DF8A300FFE75A
:10B530009DF8A30068B9FFE740F6E041C4F202417C
:10B54000086820F4E0402B9AD2F8F02010430860FD
:10B5500004E09DF8A3008DF8A200FFE7FFE72B9819
:10B560000079C00700284CD0FFE72B98D0F8F400F2
:10B570000390C8B1FFE70398B0F5004F15D0FFE77F
:10B580000398B0F5803F17D0FFE70398B0F5C03FB0
:10B5900019D0FFE70398B0F5003F15D0FFE70398F7
:10B5A000B0F5203F11D011E014E02B98083005F0E1
:10B5B000C1F98DF8A3000DE02B98303005F070FA3A
:10B5C0008DF8A30006E005E004E003E001208DF81B
:10B5D000A300FFE79DF8A30068B9FFE740F6E0414C
:10B5E000C4F20241086820F460302B9AD2F8F420AB
:10B5F0001043086004E09DF8A3008DF8A200FFE767
:10B60000FFE72B9800798007002838D5FFE72B98B3
:10B61000D0F8DC000290032816D80299DFE801F088
:10B6200002030C1314E040F62841C4F202410868FA
:10B6300040F4003008600BE02B98083005F07AF9F0
:10B640008DF8A30004E003E001208DF8A300FFE7DC
:10B650009DF8A30068B9FFE740F6E441C4F2024157
:10B66000086820F003002B9AD2F8DC201043086011
:10B6700004E09DF8A3008DF8A200FFE7FFE72B98F8
:10B680000079400700283CD5FFE72B98D0F8BC0094
:10B69000019050B1FFE70198B0F5807F06D0FFE739
:10B6A0000198B0F5007F0AD010E013E040F6284181
:10B6B000C4F20241086840F4003008600AE02B98A8
:10B6C000083005F037F98DF8A30003E001208DF86C
:10B6D000A300FFE79DF8A30068B9FFE740F6E84143
:10B6E000C4F20241086820F440702B9AD2F8BC20C2
:10B6F0001043086004E09DF8A3008DF8A200FFE766
:10B70000FFE72B980079C00600283BD5FFE72B9870
:10B71000D0F800010090102808D0FFE700982028FA
:10B720000DD0FFE70098302810D010E040F62841F7
:10B73000C4F20241086840F4003008600BE02B9826
:10B74000303005F0ADF98DF8A30004E003E00120EE
:10B750008DF8A300FFE79DF8A30068B9FFE740F666
:10B76000E441C4F20241086820F030002B9AD2F87C
:10B7700000211043086004E09DF8A3008DF8A200AA
:10B78000FFE7FFE72B980079000700280DD5FFE7BA
:10B7900040F6E841C4F20241086820F0C0002B9A4C
:10B7A000D2F8FC2010430860FFE79DF8A2002CB0FF
:10B7B00080BD000080B586B004900391049820B944
:10B7C000FFE701208DF817003AE2039842F20001EA
:10B7D000C4F20201096801F00F01884216D9FFE79F
:10B7E00042F20000C4F20200016821F00F01039A46
:10B7F00011430160006800F00F000399884204D0F3
:10B80000FFE701208DF817001AE2FFE7049800789F
:10B81000C00600281BD5FFE70498406940F6204188
:10B82000C4F20241096801F4E041B0EB112F0DD9D7
:10B83000FFE740F62041C4F20241086820F4E040EE
:10B84000049A526940EA02200860FFE7FFE7049883
:10B850000078000700281BD5FFE70498006940F630
:10B860002041C4F20241096801F4E061B0EB111F0C
:10B870000DD9FFE740F62041C4F20241086820F4E8
:10B88000E060049A126940EA02100860FFE7FFE7EF
:10B89000049800784007002819D5FFE70498C0688D
:10B8A00040F62041C4F20241096801F0700188426B
:10B8B0000CD9FFE740F62041C4F20241086820F0AD
:10B8C0007000049AD26810430860FFE7FFE704980D
:10B8D00000788007002819D5FFE70498806840F6B3
:10B8E0002041C4F20241096801F00F0188420CD9DD
:10B8F000FFE740F62041C4F20241086820F00F0043
:10B90000049A926810430860FFE7FFE70498007804
:10B91000C007002800F0D180FFE7049840680328A2
:10B920000ED1FFE740F60040C4F2024000688001FB
:10B93000002804D4FFE701208DF8170080E135E0EE
:10B940000498406802280ED1FFE740F60040C4F298
:10B95000024000688003002804D4FFE701208DF82E
:10B9600017006DE121E00498406801280ED1FFE73F
:10B9700040F60040C4F2024000688005002804D46C
:10B98000FFE701208DF817005AE10DE040F6004076
:10B99000C4F2024000688007002804D4FFE70120B9
:10B9A0008DF817004CE1FFE7FFE7FFE740F61C4189
:10B9B000C4F20241086820F00300049A5268104360
:10B9C0000860FAF7B7FF01900498406803281AD17D
:10B9D000FFE7FFE740F61C40C4F20240006800F0B9
:10B9E000180018280ED0FFE7FAF7A4FF0199401AB3
:10B9F00041F28931884204D3FFE703208DF8170014
:10BA00001EE1E7E758E00498406802281AD1FFE7F2
:10BA1000FFE740F61C40C4F20240006800F0180046
:10BA200010280ED0FFE7FAF785FF0199401A41F27E
:10BA30008931884204D3FFE703208DF81700FFE027
:10BA4000E7E738E00498406801281AD1FFE7FFE7EC
:10BA500040F61C40C4F20240006800F018000828BC
:10BA60000ED0FFE7FAF766FF0199401A41F28931DB
:10BA7000884204D3FFE703208DF81700E0E0E7E7F2
:10BA800018E0FFE740F61C40C4F20240006810F0E6
:10BA9000180F0ED0FFE7FAF74DFF0199401A41F257
:10BAA0008931884204D3FFE703208DF81700C7E0EF
:10BAB000E8E7FFE7FFE7FFE7FFE704980078800784
:10BAC000002819D5FFE70498806840F62041C4F2A9
:10BAD0000241096801F00F0188420CD2FFE740F6ED
:10BAE0002041C4F20241086820F00F00049A9268D5
:10BAF00010430860FFE7FFE7039842F20001C4F239
:10BB00000201096801F00F01884216D2FFE742F2F4
:10BB10000000C4F20200016821F00F01039A1143F2
:10BB20000160006800F00F000399884204D0FFE72D
:10BB300001208DF8170083E0FFE7049800784007A4
:10BB4000002819D5FFE70498C06840F62041C4F2E8
:10BB50000241096801F0700188420CD2FFE740F60B
:10BB60002041C4F20241086820F07000049AD268B3
:10BB700010430860FFE7FFE70498007800070028FB
:10BB80001BD5FFE70498006940F62041C4F202414A
:10BB9000096801F4E061B0EB111F0DD2FFE740F638
:10BBA0002041C4F20241086820F4E060049A12695E
:10BBB00040EA02100860FFE7FFE704980078C0063B
:10BBC00000281BD5FFE70498406940F62041C4F2E5
:10BBD0000241096801F4E041B0EB112F0DD2FFE7FB
:10BBE00040F62041C4F20241086820F4E040049A83
:10BBF000526940EA02200860FFE7FFE700F07AF8A8
:10BC000040F62041C4F20241096801F00F0245F2FA
:10BC1000C411C0F60101895CC84040F22001C2F2A3
:10BC20000001086040F2D420C2F200000068FAF778
:10BC3000EFFE8DF80B009DF80B008DF81700FFE765
:10BC40009DF8170006B080BD80B500F053F840F6AF
:10BC50002041C4F20241096801F00F0245F2C4110B
:10BC6000C0F60101895C01F01F0120FA01F140F2E8
:10BC70002000C2F200000160006880BD80B5FFF7BF
:10BC8000E3FF40F62041C4F202410968C1F3021209
:10BC900045F2D411C0F60101895C01F01F01C840D2
:10BCA00080BD000080B5FFF7CFFF40F62041C4F211
:10BCB00002410968C1F3022245F2D411C0F6010124
:10BCC000895C01F01F01C84080BD000080B5FFF70E
:10BCD000BBFF40F62041C4F202410968C1F30232C1
:10BCE00045F2D411C0F60101895C01F01F01C84082
:10BCF00080BD000089B040F61C40C4F202400068DC
:10BD000000F01800082806D1FFE740F60010C0F246
:10BD10003D00049048E140F61C40C4F20240006837
:10BD200010F0180F21D1FFE740F60040C4F20240A6
:10BD3000006800F020010020B0EB511F0ED0FFE79B
:10BD400040F60040C4F202400068C0F3C10149F26D
:10BD50000000C0F2D030C840049005E049F2000075
:10BD6000C0F2D0300490FFE71DE140F61C40C4F261
:10BD70000240006800F01800102806D1FFE747F6DF
:10BD80004000C0F27D1004900CE140F61C40C4F26B
:10BD90000240006800F01800182840F0FC80FFE71F
:10BDA00040F62840C4F20240016801F00301089106
:10BDB0000168C1F3052106910068C0F300100590E9
:10BDC000059840F63841C4F20241096889B2C908B1
:10BDD00000FB01F000EE100AB8EE400A8DED020AF9
:10BDE0000698002800F0D380FFE70898009001280B
:10BDF00009D0FFE70098022800F08D80FFE7009847
:10BE0000032864D088E040F60040C4F20240006895
:10BE100000F020010020B0EB511F33D0FFE740F6C7
:10BE20000040C4F202400068C0F3C10149F20000C2
:10BE3000C0F2D030C84003909DED030AB8EE400A2E
:10BE40009DED061AB8EE411A80EE010A40F6344024
:10BE5000C4F2024000686FF35F2001EE100AB8EEF2
:10BE6000411A9DED022A9FED533A22EE032A31EE4C
:10BE7000021AB7EE002A31EE021A20EE010A8DED09
:10BE8000010A23E09DED060AB8EE401A9FED4A0A2A
:10BE900080EE010A40F63440C4F2024000686FF3BD
:10BEA0005F2001EE100AB8EE411A9DED022A9FEDC7
:10BEB000413A22EE032A31EE021AB7EE002A31EEA1
:10BEC000021A20EE010A8DED010AFFE748E09DED20
:10BED000060AB8EE401A9FED360A80EE010A40F6D7
:10BEE0003440C4F2024000686FF35F2001EE100A94
:10BEF000B8EE411A9DED022A9FED2E3A22EE032A5A
:10BF000031EE021AB7EE002A31EE021A20EE010AD3
:10BF10008DED010A24E0FFE79DED060AB8EE401A18
:10BF20009FED260A80EE010A40F63440C4F202403A
:10BF300000686FF35F2001EE100AB8EE411A9DED24
:10BF4000022A9FED1C3A22EE032A31EE021AB7EEC6
:10BF5000002A31EE021A20EE010A8DED010AFFE7F8
:10BF600040F63440C4F20240006881B2012000EB88
:10BF7000512007909DED010A9DED071AB8EE411A78
:10BF800080EE010ABCEEC00A8DED040A02E000203A
:10BF90000490FFE705E049F20000C0F2D0300490C1
:10BFA000FFE7FFE7FFE7FFE7049809B0704700BF2E
:10BFB00020BCBE4B000000390024744C0024744A9D
:10BFC00080B588B00690069828B9FFE701208DF863
:10BFD0001F0000F0EFBC40F61C40C4F202400068B5
:10BFE00000F01800049040F62840C4F202400068B7
:10BFF00000F00300039006980078C006002840F186
:10C000008080FFE70498082808D0FFE704981828E4
:10C010001DD1FFE70398022819D1FFE70698C069F0
:10C0200028B9FFE701208DF81F0000F0C3BCFFE72F
:10C0300040F61841C4F20241086820F47C10069AC8
:10C04000126A40EA02400860FFE7FFE758E00698FE
:10C05000C06988B3FFE740F60041C4F202410868B6
:10C0600040F480700860FAF765FC0590FFE740F641
:10C070000040C4F202400068800500280DD4FFE7AC
:10C08000FAF758FC0599401A032805D3FFE7032067
:10C090008DF81F0000F08EBCE9E7FFE740F618417D
:10C0A000C4F20241086820F47C10069A126A40EA41
:10C0B00002400860FFE722E040F60041C4F202417E
:10C0C000086820F480700860FAF734FC0590FFE7F8
:10C0D00040F60040C4F202400068800500280DD5FB
:10C0E000FFE7FAF727FC0599401A032805D3FFE775
:10C0F00003208DF81F0000F05DBCE9E7FFE7FFE7D4
:10C10000FFE706980078C007002800F0B980FFE735
:10C110000498102808D0FFE7049818280ED1FFE7EC
:10C12000039803280AD1FFE70698406828B9FFE77B
:10C1300001208DF81F0000F03DBCA0E0FFE706984D
:10C140004068B0F5803F09D1FFE740F60041C4F2F6
:10C150000241086840F48030086056E00698406864
:10C1600088B9FFE740F60041C4F20241086820F4B4
:10C1700080300860086820F480100860086820F4A7
:10C180008020086040E006984068B0F5A02F11D1EB
:10C19000FFE740F60041C4F20241086840F4802005
:10C1A0000860086820F480100860086840F4803057
:10C1B000086028E006984068B0F5A81F11D1FFE795
:10C1C00040F60041C4F20241086840F48020086053
:10C1D000086840F480100860086840F48030086007
:10C1E00010E040F60041C4F20241086820F48030BB
:10C1F0000860086820F480200860086820F4801037
:10C200000860FFE7FFE7FFE7FFE7FFE70698406802
:10C21000D0B1FFE7FAF78EFB0590FFE740F600404C
:10C22000C4F202400068800300280CD4FFE7FAF74C
:10C2300081FB0599401A652804D3FFE703208DF898
:10C240001F00B7E3EAE719E0FAF774FB0590FFE790
:10C2500040F60040C4F202400068800300280CD57C
:10C26000FFE7FAF767FB0599401A652804D3FFE753
:10C2700003208DF81F009DE3EAE7FFE7FFE7FFE7F4
:10C28000069800788007002840F1C380FFE70498F3
:10C2900040B1FFE7049818285ED1FFE70398012812
:10C2A0005AD1FFE70698C06820B9FFE701208DF852
:10C2B0001F007FE3049840BBFFE740F60040C4F254
:10C2C0000240006800F018000699096988421BD0F6
:10C2D000FFE740F60041C4F20241086820F0180070
:10C2E000069A126910430860FFF7AEFC40F2D420B2
:10C2F000C2F200000068FAF78BFB20B1FFE70120D3
:10C300008DF81F0056E3FFE7FFE7FAF713FB0590F0
:10C31000FFE740F60040C4F20240006880070028B2
:10C320000CD4FFE7FAF706FB0599401A032804D35B
:10C33000FFE703208DF81F003CE3EAE740F61041D9
:10C34000C4F20241086820F4FE00069A526940EAED
:10C3500002400860FFE75BE00698C068A8B3FFE70B
:10C3600040F60041C4F20241086820F01800069A25
:10C37000126910430860086840F001000860FAF78D
:10C38000D9FA0590FFE740F60040C4F20240006889
:10C39000800700280CD4FFE7FAF7CCFA0599401A79
:10C3A000032804D3FFE703208DF81F0002E3EAE728
:10C3B00040F61041C4F20241086820F4FE00069ADB
:10C3C000526940EA0240086021E040F60041C4F2B0
:10C3D0000241086820F001000860FAF7ABFA059006
:10C3E000FFE740F60040C4F20240006880070028E2
:10C3F0000CD5FFE7FAF79EFA0599401A032804D3F3
:10C40000FFE703208DF81F00D4E2EAE7FFE7FFE72C
:10C41000FFE7069800780007002849D5FFE706984F
:10C42000806910B3FFE740F6F041C4F202410868AA
:10C4300040F080600860FAF77DFA0590FFE740F66B
:10C44000F040C4F202400068000100280CD4FFE76D
:10C45000FAF770FA0599401A032804D3FFE703207E
:10C460008DF81F00A6E2EAE721E040F6F041C4F2B1
:10C470000241086820F080600860FAF75BFA0590D6
:10C48000FFE740F6F040C4F20240006800010028D7
:10C490000CD5FFE7FAF74EFA0599401A032804D3A2
:10C4A000FFE703208DF81F0084E2EAE7FFE7FFE7DC
:10C4B000069800784007002840F1CC80FFE740F65E
:10C4C0002400C4F202400068C00708BBFFE740F642
:10C4D0002401C4F20241086840F001000860FAF744
:10C4E00029FA0590FFE740F62400C4F202400068F4
:10C4F000C00760B9FFE7FAF71DFA0599401A03284B
:10C5000004D3FFE703208DF81F0053E2EBE7FFE7BA
:10C51000FFE706988068012809D1FFE740F6F0415F
:10C52000C4F20241086840F00100086054E0069837
:10C53000806888B9FFE740F6F041C4F2024108681C
:10C5400020F001000860086820F08000086008689A
:10C5500020F0040008603EE006988068052811D1AC
:10C56000FFE740F6F041C4F20241086840F00400E1
:10C570000860086820F080000860086840F001004A
:10C58000086027E006988068852811D1FFE740F60B
:10C59000F041C4F20241086840F0040008600868F5
:10C5A00040F080000860086840F00100086010E07A
:10C5B00040F6F041C4F20241086820F00100086032
:10C5C000086820F004000860086820F08000086017
:10C5D000FFE7FFE7FFE7FFE7FFE706988068E0B1C6
:10C5E000FFE7FAF7A7F90590FFE740F6F040C4F23D
:10C5F00002400068800700280ED4FFE7FAF79AF996
:10C600000599401A41F28931884204D3FFE703209B
:10C610008DF81F00CEE1E8E71BE0FAF78BF90590F3
:10C62000FFE740F6F040C4F20240006880070028AF
:10C630000ED5FFE7FAF77EF90599401A41F28931E4
:10C64000884204D3FFE703208DF81F00B2E1E8E73A
:10C65000FFE7FFE7069800788006002849D5FFE746
:10C660000698406A10B3FFE740F60041C4F2024169
:10C67000086840F480500860FAF75CF90590FFE71D
:10C6800040F60040C4F202400068800400280CD448
:10C69000FFE7FAF74FF90599401A032804D3FFE79B
:10C6A00003208DF81F0085E1EAE721E040F6004114
:10C6B000C4F20241086820F480500860FAF73AF9A1
:10C6C0000590FFE740F60040C4F202400068800495
:10C6D00000280CD5FFE7FAF72DF90599401A032831
:10C6E00004D3FFE703208DF81F0063E1EAE7FFE7CB
:10C6F000FFE70698806A002800F05881FFE7049859
:10C70000182800F0D580FFE70698806A022840F0DC
:10C71000A180FFE740F60041C4F20241086820F022
:10C7200080700860FAF706F90590FFE740F60040D0
:10C73000C4F202400068800100280CD5FFE7FAF738
:10C74000F9F80599401A032804D3FFE703208DF870
:10C750001F002FE1EAE7FFE740F62841C4F202415B
:10C76000086843F603729043069BDA6A1B6B42EA41
:10C770000322104308600699486BD1F838C0CB6B90
:10C780000A6C01386FF35F204FF60061CFF6FF713E
:10C7900001EB4C2189B208440021CFF6FF7101EB77
:10C7A000034101F4FE0108444FF07F4101EB0261B7
:10C7B00001F0FE41084440F63441C4F202410860F1
:10C7C000FFE740F62841C4F202410091086820F0DA
:10C7D000100008600698C06CC00040F63842C4F2F1
:10C7E00002421060086840F010000860086820F0FD
:10C7F0000C00069A526C10430860086820F0200074
:10C80000069A926C10430860086840F48030086013
:10C8100040F60041C4F20241086840F080700860B0
:10C82000FAF788F80590FFE740F60040C4F20240AE
:10C830000068800100280CD4FFE7FAF77BF805991F
:10C84000401A032804D3FFE703208DF81F00B1E04E
:10C85000EAE72CE040F60041C4F20241086820F00B
:10C8600080700860FAF766F80590FFE740F6004030
:10C87000C4F202400068800100280CD5FFE7FAF7F7
:10C8800059F80599401A032804D3FFE703208DF8CF
:10C890001F008FE0EAE740F62841C4F20241086831
:10C8A0004FF6FC72CFF6F87210400860FFE77CE0AC
:10C8B00040F62840C4F202400068029040F634403E
:10C8C000C4F20240006801900698806A012837D0BF
:10C8D000FFE7029800F003000699C96A88422FD149
:10C8E000FFE7029800F47C510698006BB0EB112F23
:10C8F00026D1FFE701986FF35F200699496B013954
:10C9000088421DD1FFE7BDF804100698806B0138FE
:10C91000B0EB512F14D1FFE7019800F4FE01069807
:10C92000C06B0138B0EB114F0AD1FFE7019800F05E
:10C93000FE410698006C0138B0EB116F04D0FFE7A0
:10C9400001208DF81F0035E040F63840C4F2024067
:10C95000006881B20698C06CB0EBD10F24D0FFE71D
:10C9600040F62841C4F20241086820F01000086037
:10C97000F9F7E0FF0590FFE7F9F7DCFF0599401AAA
:10C9800008B9FFE7F8E70698C06CC00040F63841E8
:10C99000C4F20241086040F62841C4F2024108682E
:10C9A00040F010000860FFE7FFE7FFE700208DF888
:10C9B0001F00FFE79DF81F0008B080BD80B586B05E
:10C9C0000490049820B9FFE701208DF81700B5E125
:10C9D0000498006844F60041C4F2010188422DD059
:10C9E000FFE70498006844F60041C5F2010188425F
:10C9F00024D0FFE70498006842F20001C4F200412D
:10CA000088421BD0FFE70498006842F20001C5F29B
:10CA10000041884212D0FFE70498006845F2000107
:10CA2000C4F20101884209D0FFE70498006845F28A
:10CA30000001C5F20101884201D1FFE700E0FFE7F4
:10CA40000498406A08B9FFE7FFE70499002088626C
:10CA50000498006844F60041C4F2010188422DD0D8
:10CA6000FFE70498006844F60041C5F201018842DE
:10CA700024D0FFE70498006842F20001C4F20041AC
:10CA800088421BD0FFE70498006842F20001C5F21B
:10CA90000041884212D0FFE70498006845F2000187
:10CAA000C4F20101884209D0FFE70498006845F20A
:10CAB0000001C5F20101884209D1FFE70498C0686E
:10CAC000102804D3FFE701208DF8170036E1049801
:10CAD00004F0E4FA02900498006844F60041C4F2BD
:10CAE000010188422DD0FFE70498006844F6004118
:10CAF000C5F20101884224D0FFE70498006842F2A1
:10CB00000001C4F2004188421BD0FFE7049800688E
:10CB100042F20001C5F20041884212D0FFE70498BA
:10CB2000006845F20001C4F20101884209D0FFE724
:10CB30000498006845F20001C5F20101884204D161
:10CB4000FFE7029808283AD8FFE70498006843F204
:10CB50000001C4F2010188422DD0FFE7049800686B
:10CB600043F20001C5F20101884224D0FFE7049896
:10CB7000006843F60001C4F2000188421BD0FFE7C1
:10CB80000498006843F60001C5F20001884212D003
:10CB9000FFE70498006843F60041C4F200018842B0
:10CBA00009D0FFE70498006843F60041C5F2000190
:10CBB000884208D1FFE70298112804D3FFE701203B
:10CBC0008DF81700BAE0049890F8890040B9FFE7A3
:10CBD0000499002081F88800049800F0B3F8FFE77A
:10CBE0000499022081F8890004980168086820F0FF
:10CBF0000100086004980068806800F4F810039051
:10CC000004988069B0F1806F1BD1FFE704984068F9
:10CC1000B0F5800F04D1FFE70498806B50B1FFE7B7
:10CC20000498406868B9FFE70498806BB0F1805FB2
:10CC300007D1FFE704980168086840F48050086055
:10CC4000FFE7049880794006002810D5FFE7049894
:10CC5000C06807280BD3FFE704980068006820F439
:10CC60008070049A1168126D1043086006E0049801
:10CC70000168086820F480700860FFE7049B196869
:10CC8000DA68D869D3F828C040EA0C00DDF80CC097
:10CC900040EA0C00DB6B184310438860049A019251
:10CCA000506B516A0843916B0843916908431168BE
:10CCB000D2F804C09368D2F810E040EA0E00D2F82F
:10CCC00014E040EA0E00D2F820E040EA0E0040EA0C
:10CCD0000C00D2F84CC040EA0C001843936C184387
:10CCE000936D1843D36D1843126E1043C8600498B7
:10CCF000406808B9FFE7FFE704980168086D20F075
:10CD00000100086504988079400600280BD5FFE7EC
:10CD100004980068C06820F00040049A1168526DC1
:10CD20001043C860FFE704990020C1F88C00049A02
:10CD3000012182F889108DF81700FFE79DF8170090
:10CD400006B080BD80B5D4B0539000205290519071
:10CD500050904F904E900CA84FF48471F3F7DEFA88
:10CD60005398006843F20001C4F2010188423CD1AB
:10CD7000FFE700200D904FF000610C9144900CA84B
:10CD8000FDF7A0F818B1FFE7F6F734FEFFE7FFE77D
:10CD900040F6A440C4F20240016841F480510160B1
:10CDA000006800F480500B900B98FFE7FFE740F617
:10CDB0008C40C4F20240016841F00101016000684A
:10CDC00000F001000A900A98FFE7E0204E90022050
:10CDD0004F90002050905190052052900020C4F2B6
:10CDE00002204EA9F9F702FCDCE05398006843F6F4
:10CDF0000001C4F2000188423ED1FFE700200D90FF
:10CE00004FF080510C9145900CA8FDF75BF818B1DC
:10CE1000FFE7F6F7EFFDFFE7FFE740F69C40C4F2BF
:10CE20000240016841F480410160006800F48040E4
:10CE300009900998FFE7FFE740F68C40C4F20240F2
:10CE4000016841F002010160006800F002000890F2
:10CE50000898FFE74FF460404E9002204F90012069
:10CE6000509051900520529040F20040C4F20220B0
:10CE70004EA9F9F7BBFB94E05398006843F60041D4
:10CE8000C4F20001884252D1FFE700200D904FF01C
:10CE900000510C9146900CA8FDF714F818B1FFE76B
:10CEA000F6F7A8FDFFE7FFE740F69C40C4F202401A
:10CEB000016841F400410160006800F400400790FF
:10CEC0000798FFE7FFE740F68C40C4F20240016894
:10CED00041F004010160006800F00400069006982B
:10CEE000FFE74FF440604E90022000904F900120E9
:10CEF00050900320519006200190529040F600007F
:10CF0000C4F2022002904EA90391F9F76FFB009B37
:10CF1000019A029803994FF4805CCDF838C14F9381
:10CF20000023509351935292F9F760FB38E05398E5
:10CF3000006844F60041C4F2010188422FD1FFE7A6
:10CF4000FFE740F6A440C4F20240016841F400212A
:10CF50000160006800F4002005900598FFE7FFE7F6
:10CF600040F68C40C4F20240016841F010010160BB
:10CF7000006800F0100004900498FFE764204E90D1
:10CF800002204F900020509051900520529041F285
:10CF90000000C4F202204EA9F9F728FBFFE7FFE7E3
:10CFA000FFE7FFE754B080BD80B588B006900591DB
:10CFB000ADF812200393069800682030029006987E
:10CFC000006844F60041C4F2010188422DD0FFE719
:10CFD0000698006844F60041C5F20101884224D059
:10CFE000FFE70698006842F20001C4F2004188425F
:10CFF0001BD0FFE70698006842F20001C5F200412D
:10D00000884212D0FFE70698006845F20001C4F29A
:10D010000101884209D0FFE70698006845F2000147
:10D02000C5F20101884201D1FFE700E0FFE7F9F70F
:10D0300081FC0190069890F88900012804D0FFE750
:10D0400002208DF81F000BE2059820B1FFE7BDF824
:10D05000120020B9FFE701208DF81F0000E2FFE772
:10D06000069890F88800012804D1FFE702208DF887
:10D070001F00F5E10699012081F88800FFE7FFE72E
:10D080000699032081F8890006990020C1F88C00D8
:10D090000599069A5166BDF81210069AA2F8681012
:10D0A000BDF81210069AA2F86A100699C866069989
:10D0B000A1F870000699A1F872000699C867069950
:10D0C000886706988068B0F5C02F07D1FFE70698FB
:10D0D0000168086840F40060086009E0069800688C
:10D0E000C068012161F3524006990968C860FFE7F2
:10D0F0000698006840684FF6FF718843BDF812102B
:10D10000084406990968486006980168086840F074
:10D110000100086006984068B0F5800F07D1FFE76E
:10D1200006980168086840F400700860FFE70698F8
:10D13000C06810287ED3FFE70698006843F200011C
:10D14000C4F2010188422DD0FFE70698006843F23F
:10D150000001C5F20101884224D0FFE7069800686B
:10D1600043F60001C4F2000188421BD0FFE7069895
:10D17000006843F60001C5F20001884212D0FFE7C3
:10D180000698006843F60041C4F20001884209D0C5
:10D19000FFE70698006843F60041C5F200018842A7
:10D1A00048D1FFE7FFE70698B0F86A00002840D0B2
:10D1B000FFE70698006840698007002810D5FFE760
:10D1C00006980168406E006808620699486E04304F
:10D1D00048660699B1F86A000138A1F86A0027E0AC
:10D1E000F9F7A8FB0199401A0399884204D3FFE795
:10D1F0000398013018B9FFE70398C0B9FFE7069814
:10D2000003F0C0FE0699D1F88C0040F48070C1F89C
:10D210008C000699012081F88900FFE7069900201B
:10D2200081F88800FFE703208DF81F0018E1FFE771
:10D23000B9E7E8E00698C068082863D3FFE7FFE78E
:10D240000698B0F86A0000285BD0FFE706980068EF
:10D250004069800700282BD5FFE70698B0F86A00E0
:10D26000022814D3FFE70698C06B80B1FFE7069849
:10D270000168406E006808620699486E043048668E
:10D280000699B1F86A000238A1F86A000FE0069822
:10D29000406E0088029908800699486E0230486600
:10D2A0000699B1F86A000138A1F86A00FFE727E0A3
:10D2B000F9F740FB0199401A0399884204D3FFE72C
:10D2C0000398013018B9FFE70398C0B9FFE7069843
:10D2D00003F058FE0699D1F88C0040F48070C1F834
:10D2E0008C000699012081F88900FFE7069900204B
:10D2F00081F88800FFE703208DF81F00B0E0FFE70A
:10D300009EE77FE0FFE70698B0F86A00002878D033
:10D31000FFE70698006840698007002848D5FFE7C6
:10D320000698B0F86A00042815D3FFE70698C06B8A
:10D33000412810D3FFE706980168406E0068086234
:10D340000699486E043048660699B1F86A000438B8
:10D35000A1F86A002BE00698B0F86A00022814D3FE
:10D36000FFE70698C06B80B1FFE70698406E008823
:10D37000029908800699486E023048660699B1F80D
:10D380006A000238A1F86A0010E006980168406E51
:10D39000007881F820000699486E013048660699A9
:10D3A000B1F86A000138A1F86A00FFE7FFE727E05B
:10D3B000F9F7C0FA0199401A0399884204D3FFE7AC
:10D3C0000398013018B9FFE70398C0B9FFE7069842
:10D3D00003F0D8FD0699D1F88C0040F48070C1F8B4
:10D3E0008C000699012081F88900FFE7069900204A
:10D3F00081F88800FFE703208DF81F0030E0FFE789
:10D4000081E7FFE7FFE70698039B01996A461160F1
:10D410000821002203F058FE40B1FFE70699D1F839
:10D420008C0040F02000C1F88C00FFE7069803F064
:10D43000A9FD0699012081F88900FFE706990020DF
:10D4400081F88800FFE70698D0F88C0020B1FFE74C
:10D4500001208DF81F0003E000208DF81F00FFE77A
:10D460009DF81F0008B080BD80B590B0DDF848C0C1
:10D470000E900D910C92ADF82E300E980068203071
:10D480000A900E980068303009900E98C16B012008
:10D4900000EB5110ADF812000E98006844F6004100
:10D4A000C4F2010188422DD0FFE70E98006844F6CF
:10D4B0000041C5F20101884224D0FFE70E980068C0
:10D4C00042F20001C4F2004188421BD0FFE70E98EF
:10D4D000006842F20001C5F20041884212D0FFE725
:10D4E0000E98006845F20001C4F20101884209D09B
:10D4F000FFE70E98006845F20001C5F2010188427D
:10D5000001D1FFE700E0FFE7F9F714FA0890BDF852
:10D510002E00ADF81600BDF82E00ADF814000E98E0
:10D5200090F88900012804D0FFE702208DF83F0021
:10D53000A2E30D9838B1FFE70C9820B1FFE7BDF8E2
:10D540002E0020B9FFE701208DF83F0094E3FFE7AC
:10D550000E9890F88800012804D1FFE702208DF88A
:10D560003F0089E30E99012081F88800FFE7FFE77B
:10D570000E99052081F889000E990020C1F88C00D1
:10D580000C990E9AD166BDF82E100E9AA2F8721060
:10D59000BDF82E100E9AA2F870100D990E9A5166D1
:10D5A000BDF82E100E9AA2F86A10BDF82E100E9A31
:10D5B000A2F868100E9988670E99C8670E980068DF
:10D5C000C06820F4C0200E990968C8600E980068F1
:10D5D00043F20001C4F2010188422DD0FFE70E980A
:10D5E000006843F20001C5F20101884224D0FFE740
:10D5F0000E98006843F60001C4F2000188421BD077
:10D60000FFE70E98006843F60001C5F2000188426A
:10D6100012D0FFE70E98006843F60041C4F2000103
:10D62000884209D0FFE70E98006843F60041C5F232
:10D630000001884203D1FFE71020079002E0082094
:10D640000790FFE70E98006840684FF6FF71884327
:10D65000BDF82E1008440E99096848600E980168BC
:10D66000086840F0010008600E984068B0F5800F2F
:10D6700007D1FFE70E980168086840F40070086061
:10D68000FFE70E98C0681028C0F0EC80FFE70E9806
:10D69000006843F20001C4F2010188422ED0FFE786
:10D6A0000E98006843F20001C5F20101884225D0BE
:10D6B000FFE70E98006843F60001C4F200018842BB
:10D6C0001CD0FFE70E98006843F60001C5F2000188
:10D6D000884213D0FFE70E98006843F60041C4F279
:10D6E000000188420AD0FFE70E98006843F6004127
:10D6F000C5F20001884240F0B580FFE70798800836
:10D700000790FFE7BDF816100120039039B9FFE735
:10D71000BDF81400002818BF01200390FFE703980C
:10D72000C007002800F09D80FFE70E980068406960
:10D730008007002822D5FFE7BDF81600F0B1FFE70B
:10D74000BDF81400BDF81610079A1144884215D28E
:10D75000FFE70E980168406E006808620E99486EF7
:10D76000043048660E99B1F86A000138A1F86A00E1
:10D770000E98B0F86A00ADF81600FFE70E98006842
:10D7800040690690BDF81400002869D0FFE70E98A4
:10D7900000684069C007B0B1FFE70E980068006BF1
:10D7A0000E99C96E08600E99C86E0430C8660E994D
:10D7B000B1F872000138A1F872000E98B0F872004A
:10D7C000ADF814004BE0BDF81400BDF8121088420B
:10D7D0001CDAFFE79DF819000006002816D5FFE7C0
:10D7E0000E980068006B0E99C96E08600E99C86E9D
:10D7F0000430C8660E99B1F872000138A1F87200C1
:10D800000E98B0F87200ADF8140027E0F9F792F81E
:10D810000899401A1299884204D3FFE71298013000
:10D8200018B9FFE71298C0B9FFE70E9803F0AAFBFA
:10D830000E99D1F88C0040F48070C1F88C000E99DC
:10D84000012081F88900FFE70E99002081F8880007
:10D85000FFE703208DF83F000EE2FFE7FFE7FFE759
:10D8600050E7DCE10E98C0680828C0F0DE80FFE7D2
:10D87000079840080790FFE7BDF8161001200290B6
:10D8800039B9FFE7BDF81400002818BF0120029045
:10D89000FFE70298C007002800F0C680FFE70E9857
:10D8A000006840698007002822D5FFE7BDF8160010
:10D8B000F0B1FFE7BDF81400BDF81610079A114447
:10D8C000884215D2FFE70E98406E00880A990880BA
:10D8D0000E99486E023048660E99B1F86A00013818
:10D8E000A1F86A000E98B0F86A00ADF81600FFE7DC
:10D8F0000E98006840690690BDF81400002800F0FA
:10D900009280FFE70E9800684069C007A8B1FFE762
:10D91000099800880E99C96E08800E99C86E023069
:10D92000C8660E99B1F872000138A1F872000E981D
:10D93000B0F87200ADF8140074E0BDF81400BDF842
:10D940001210884224DAFFE79DF81900000600282B
:10D950001ED5FFE7099800880E99C96E08800E99B8
:10D96000C86E0230C866099800880E99C96E088092
:10D970000E99C86E0230C8660E99B1F8720002386E
:10D98000A1F872000E98B0F87200ADF8140048E0EB
:10D99000BDF8140001281BD1FFE79DF8190080068F
:10D9A000002815D5FFE7099800880E99C96E0880F0
:10D9B0000E99C86E0230C8660E99B1F8720001382F
:10D9C000A1F872000E98B0F87200ADF8140027E0CC
:10D9D000F8F7B0FF0899401A1299884204D3FFE77C
:10D9E0001298013018B9FFE71298C0B9FFE70E98F6
:10D9F00003F0C8FA0E99D1F88C0040F48070C1F899
:10DA00008C000E99012081F88900FFE70E99002013
:10DA100081F88800FFE703208DF83F002CE1FFE745
:10DA2000FFE7FFE7FFE727E7F8E0FFE7BDF816109D
:10DA30000120019039B9FFE7BDF81400002818BF94
:10DA400001200190FFE70198C007002800F0E58061
:10DA5000FFE70E98006840698007002823D5FFE79C
:10DA6000BDF81600F8B1FFE7BDF81400BDF81610B8
:10DA7000079A1144884216D2FFE70E980168406E5B
:10DA8000007881F820000E99486E013048660E99A2
:10DA9000B1F86A000138A1F86A000E98B0F86A007F
:10DAA000ADF81600FFE70E98006840690690BDF8D3
:10DAB0001400002800F0B080FFE70E98006840696D
:10DAC000C007B8B1FFE70E98006890F830000E99D3
:10DAD000C96E08700E99C86E0130C8660E99B1F80B
:10DAE00072000138A1F872000E98B0F87200ADF81B
:10DAF000140090E0BDF81400BDF8121088423EDA20
:10DB0000FFE79DF819000006002838D5FFE70E98BA
:10DB1000006890F830000E99C96E08700E99C86EB2
:10DB20000130C8660E98006890F830000E99C96EF2
:10DB300008700E99C86E0130C8660E98006890F89B
:10DB400030000E99C96E08700E99C86E0130C86613
:10DB50000E98006890F830000E99C96E08700E9902
:10DB6000C86E0130C8660E99B1F872000438A1F889
:10DB700072000E98B0F87200ADF814004AE0BDF8DB
:10DB8000140003281DD8FFE79DF8190010F0600F5E
:10DB900017D0FFE70E98006890F830000E99C96E14
:10DBA00008700E99C86E0130C8660E99B1F87200FF
:10DBB0000138A1F872000E98B0F87200ADF81400A8
:10DBC00027E0F8F7B7FE0899401A1299884204D363
:10DBD000FFE71298013018B9FFE71298C0B9FFE7C4
:10DBE0000E9803F0CFF90E99D1F88C0040F48070B4
:10DBF000C1F88C000E99012081F88900FFE70E9989
:10DC0000002081F88800FFE703208DF83F0033E013
:10DC1000FFE7FFE7FFE7FFE708E7FFE7FFE70E980B
:10DC2000129B08996A4611600821002203F04CFA01
:10DC300040B1FFE70E99D1F88C0040F02000C1F808
:10DC40008C00FFE70E9803F09DF90E99012081F8F2
:10DC50008900FFE70E99002081F88800FFE70E9801
:10DC6000D0F88C0020B1FFE701208DF83F0003E0E1
:10DC700000208DF83F00FFE79DF83F0010B080BD09
:10DC800082B0019001980090042843D80099DFE801
:10DC900001F00C1D2F4103004EF21001CEF20001E5
:10DCA000086840F00400086035E04EF21001CEF242
:10DCB0000001086820F00400086040F6E441C4F266
:10DCC0000241086820F00C00086024E04EF21001C8
:10DCD000CEF20001086820F00400086040F6E4413C
:10DCE000C4F202410868012262F38300086012E076
:10DCF0004EF21001CEF20001086820F00400086026
:10DD000040F6E441C4F202410868022262F3830053
:10DD1000086000E0FFE702B07047000082B00090AA
:10DD200000980138B0F1807F03D3FFE70120019014
:10DD300016E0009801384EF21401CEF2000108609E
:10DD40004EF21801CEF20001002008604EF21002DF
:10DD5000CEF20002116841F0030111600190FFE76B
:10DD6000019802B07047000083B04EF21000CEF26E
:10DD7000000000684007002803D5FFE70420029058
:10DD800020E040F6E440C4F20240006800F00C00DD
:10DD900001900198009040B1FFE70098042807D057
:10DDA000FFE70098082806D008E00020029008E06D
:10DDB0000120029005E00220029002E00020029083
:10DDC000FFE7FFE7029803B07047000081B00090C2
:10DDD00001B0704781B0009001B0704781B00090F1
:10DDE00001B0704781B0009001B0704781B00090E1
:10DDF00001B0704781B0009001B0704785B00390CA
:10DE00000291FFE7039890F83C00012804D1FFE756
:10DE100002208DF81300F6E00399012081F83C0000
:10DE2000FFE7FFE70399022081F83D0003980068AF
:10DE3000406801900398006880680090039800682B
:10DE400042F60041C4F2010188421BD0FFE703986B
:10DE5000006842F60041C5F20101884212D0FFE796
:10DE60000398006843F20041C4F20101884209D0DE
:10DE7000FFE70398006843F20041C5F201018842C0
:10DE80000AD1FFE7019820F47000019002984168E0
:10DE9000019808430190FFE701984FF68F71CFF684
:10DEA000FF510840019002980168019808430190D1
:10DEB00001980399096848600398006842F6004198
:10DEC000C4F20101884200F08280FFE703980068F5
:10DED00042F60041C5F20101884278D0FFE703987D
:10DEE0000068B0F1804F72D0FFE703980068B0F18E
:10DEF000A04F6CD0FFE70398006840F20041C4F2E5
:10DF00000001884263D0FFE70398006840F20041B7
:10DF1000C5F2000188425AD0FFE70398006840F636
:10DF20000001C4F20001884251D0FFE70398006865
:10DF300040F60001C5F20001884248D0FFE703988F
:10DF4000006840F60041C4F2000188423FD0FFE77C
:10DF50000398006840F60041C5F20001884236D0BF
:10DF6000FFE70398006843F20041C4F201018842D0
:10DF70002DD0FFE70398006843F20041C5F201018C
:10DF8000884224D0FFE70398006841F60001C4F2FC
:10DF9000000188421BD0FFE70398006841F60001AA
:10DFA000C5F20001884212D0FFE70398006844F2EE
:10DFB0000001C4F20101884209D0FFE7039800681C
:10DFC00044F20001C5F2010188420ED1FFE700983A
:10DFD00020F080000090029881680098084300902B
:10DFE0000098039909688860FFE70399012081F888
:10DFF0003D00FFE70399002081F83C00FFE7002087
:10E000008DF81300FFE79DF8130005B0704700007E
:10E0100081B0009001B0704780B582B00090009848
:10E0200020B9FFE701208DF8070045E0009890F83F
:10E030003D0040B9FFE70099002081F83C000098BE
:10E0400000F03EF8FFE70099022081F83D000099BA
:10E0500051F8040B03F0ACFC0099012081F8480052
:10E06000FFE70099012081F83E00009981F83F0008
:10E07000009981F84000009981F84100009981F8E9
:10E080004200009981F84300FFE7FFE70099012073
:10E0900081F84400009981F84500009981F8460014
:10E0A000009981F84700FFE70099012081F83D00C1
:10E0B00000208DF80700FFE79DF8070002B080BD43
:10E0C00080B584B003900398006841F20041C4F227
:10E0D0000001884219D1FFE7FFE740F69C40C4F2F7
:10E0E0000240016841F020010160006800F020005A
:10E0F00002900298FFE73220019003221146F8F7C0
:10E1000021FD0198F8F714FDFFE704B080BD000081
:10E1100083B00190019890F83D00012804D0FFE7FA
:10E1200001208DF80B00B8E00199022081F83D0034
:10E1300001980168C86840F00100C8600198006853
:10E1400042F60041C4F20101884200F08280FFE7FC
:10E150000198006842F60041C5F20101884278D07A
:10E16000FFE701980068B0F1804F72D0FFE7019897
:10E170000068B0F1A04F6CD0FFE70198006840F252
:10E180000041C4F20001884263D0FFE701980068B3
:10E1900040F20041C5F2000188425AD0FFE70198E1
:10E1A000006840F60001C4F20001884251D0FFE748
:10E1B0000198006840F60001C5F20001884248D08D
:10E1C000FFE70198006840F60041C4F20001884270
:10E1D0003FD0FFE70198006840F60041C5F200011A
:10E1E000884236D0FFE70198006843F20041C4F24C
:10E1F000010188422DD0FFE70198006843F20041F9
:10E20000C5F20101884224D0FFE70198006841F679
:10E210000001C4F2000188421BD0FFE701980068AA
:10E2200041F60001C5F20001884212D0FFE70198D3
:10E23000006844F20001C4F20101884209D0FFE7FE
:10E240000198006844F20001C5F20101884219D129
:10E25000FFE70198006880680721C0F201010840CB
:10E260000090009806280CD0FFE70098B0F5803F9A
:10E2700007D0FFE701980168086840F001000860D6
:10E28000FFE706E001980168086840F001000860B7
:10E29000FFE700208DF80B00FFE79DF80B0003B0AF
:10E2A0007047000081B0009001B0704780B584B025
:10E2B000039003980068C0680290039800680069A2
:10E2C00001909DF804008007002824D5FFE79DF801
:10E2D0000800800700281DD5FFE7039801686FF04C
:10E2E000020008610399012008770398006880699B
:10E2F000800720B1FFE70398FFF7D4FF06E00398FB
:10E3000000F054F9039800F055F9FFE70399002055
:10E310000877FFE7FFE79DF804004007002825D5B0
:10E32000FFE79DF80800400700281ED5FFE7039887
:10E3300001686FF0040008610399022008770398D0
:10E340000068806910F4407F04D0FFE70398FFF76E
:10E35000A9FF06E0039800F029F9039800F02AF9D4
:10E36000FFE7039900200877FFE7FFE79DF8040027
:10E370000007002824D5FFE79DF8080000070028C3
:10E380001DD5FFE7039801686FF008000861039945
:10E390000420087703980068C069800720B1FFE770
:10E3A0000398FFF77FFF06E0039800F0FFF803985B
:10E3B00000F000F9FFE7039900200877FFE7FFE787
:10E3C0009DF80400C006002825D5FFE79DF8080049
:10E3D000C00600281ED5FFE7039801686FF0100003
:10E3E000086103990820087703980068C06910F451
:10E3F000407F04D0FFE70398FFF754FF06E003983F
:10E4000000F0D4F8039800F0D5F8FFE70399002056
:10E410000877FFE7FFE79DF80400C00778B1FFE742
:10E420009DF80800C00748B1FFE7039801686FF046
:10E4300001000861039800F0C1F8FFE7FFE70198C9
:10E4400000F08000802806D0FFE79DF805008006D8
:10E45000002810D5FFE79DF808000006002809D520
:10E46000FFE7039801686FF4025008610398FFF713
:10E47000B1FCFFE7FFE79DF80500C00780B1FFE7AB
:10E480009DF808000006002809D5FFE703980168F9
:10E490006FF4807008610398FFF798FCFFE7FFE7CF
:10E4A0009DF804004006002810D5FFE79DF80800FD
:10E4B0004006002809D5FFE7039801686FF0400087
:10E4C0000861039800F092F8FFE7FFE79DF8040069
:10E4D0008006002810D5FFE79DF808008006002878
:10E4E00009D5FFE7039801686FF0200008610398E1
:10E4F000FFF774FCFFE7FFE79DF80600C006002861
:10E5000010D5FFE79DF80A00C006002809D5FFE7EF
:10E51000039801686FF4801008610398FFF766FCA8
:10E52000FFE7FFE79DF806008006002810D5FFE70B
:10E530009DF80A008006002809D5FFE703980168C6
:10E540006FF4001008610398FFF74CFCFFE7FFE74A
:10E550009DF806004006002810D5FFE79DF80A0048
:10E560004006002809D5FFE7039801686FF4800092
:10E5700008610398FFF73EFCFFE7FFE79DF8060000
:10E580000006002810D5FFE79DF80A0000060028C5
:10E5900009D5FFE7039801686FF40000086103984C
:10E5A000FFF736FDFFE7FFE704B080BD81B00090C4
:10E5B00001B0704781B0009001B0704780B582B063
:10E5C00001900198006841F20041C4F200018842C4
:10E5D0000AD1FFE740F2C851C2F2000108680130D9
:10E5E000086002F0C3FEFFE702B080BD81B000907A
:10E5F00001B0704783B00190FFE7019890F8840064
:10E60000012804D1FFE702208DF80B002CE00199CE
:10E61000012081F88400FFE7FFE701992420C1F879
:10E6200088000198006800680090019801680868F7
:10E6300020F001000860009820F00050009001993F
:10E640000020486600980199096808600199202017
:10E65000C1F88800FFE70199002081F88400FFE7F6
:10E6600000208DF80B00FFE79DF80B0003B070470A
:10E6700082B00190ADF8021002B0704781B00090F6
:10E6800001B0704780B584B002900191FFE7029815
:10E6900090F88400012804D1FFE702208DF80F00D4
:10E6A00032E00299012081F88400FFE7FFE7029938
:10E6B0002420C1F888000298006800680090029841
:10E6C0000168086820F0010008600298006880680E
:10E6D00020F06060019908430299096888600298F7
:10E6E00003F02CFB00980299096808600299202029
:10E6F000C1F88800FFE70299002081F88400FFE755
:10E7000000208DF80F00FFE79DF80F0004B080BDDA
:10E7100080B584B002900191FFE7029890F88400E0
:10E72000012804D1FFE702208DF80F0032E00299A2
:10E73000012081F88400FFE7FFE702992420C1F857
:10E7400088000298006800680090029801680868D4
:10E7500020F00100086002980068806820F06040A6
:10E7600001990843029909688860029803F0E6FA63
:10E77000009802990968086002992020C1F8880071
:10E78000FFE70299002081F88400FFE700208DF860
:10E790000F00FFE79DF80F0004B080BD81B000902E
:10E7A00001B0704781B0009001B0704781B0009017
:10E7B00001B0704783B002900298D0F888000190B1
:10E7C0000298D0F88C00009001980099084303B09B
:10E7D0007047000080B58EB00D900D980068C0693C
:10E7E0000C900D98006800680B900D980068806888
:10E7F0000A900C9840F60F01084009900998E0B97A
:10E80000FFE79DF830008006002815D5FFE79DF84A
:10E810002C008006002806D4FFE79DF82B00C006D8
:10E82000002809D5FFE70D98406F20B1FFE70D984C
:10E83000416F8847FFE76CE2FFE70998002800F086
:10E84000F980FFE70A980121C1F20001084209D1CD
:10E85000FFE70B9840F22011C0F20041084200F09F
:10E86000E980FFE79DF83000C00788B1FFE79DF819
:10E870002D00C00760B1FFE70D9801680120086214
:10E880000D99D1F8900040F00100C1F89000FFE729
:10E890009DF830008007002811D5FFE79DF828007B
:10E8A000C00760B1FFE70D980168022008620D996A
:10E8B000D1F8900040F00400C1F89000FFE79DF807
:10E8C00030004007002811D5FFE79DF82800C00759
:10E8D00060B1FFE70D980168042008620D99D1F836
:10E8E000900040F00200C1F89000FFE79DF8300072
:10E8F0000007002819D5FFE79DF82C0080060028A6
:10E9000007D4FFE70A980121C1F2000108420CD0A8
:10E91000FFE70D980168082008620D99D1F8900072
:10E9200040F00800C1F89000FFE79DF831000007B3
:10E93000002813D5FFE79DF82F00400700280DD5CC
:10E94000FFE70D9801684FF4006008620D99D1F857
:10E95000900040F02000C1F89000FFE70D98D0F83B
:10E960009000002865D0FFE79DF830008006002861
:10E9700015D5FFE79DF82C008006002806D4FFE798
:10E980009DF82B00C006002809D5FFE70D98406FC1
:10E9900020B1FFE70D98416F8847FFE7FFE70D982B
:10E9A000D0F8900008900D980068806800F0400052
:10E9B000402806D0FFE79DF8200010F0280F2FD048
:10E9C000FFE70D9803F0CEFB0D98006880684006C5
:10E9D000002820D5FFE70D98D0F88000B0B1FFE700
:10E9E0000D98D0F8801042F25900C0F60100C866B8
:10E9F0000D98D0F88000F6F795F930B1FFE70D9843
:10EA0000D0F88000C16E8847FFE703E00D98FFF75C
:10EA1000CDFEFFE703E00D98FFF7C8FEFFE707E034
:10EA20000D98FFF7C3FE0D990020C1F89000FFE795
:10EA3000FFE76EE10D98C06E012840F00B81FFE703
:10EA40009DF83000C006002840F10481FFE79DF8E2
:10EA50002C00C006002840F1FD80FFE70D980168FA
:10EA6000102008620D98006880684006002840F178
:10EA70008F80FFE70D98D0F880000068806CADF8BB
:10EA80001E00BDF81E00002867D0FFE7BDF81E007D
:10EA90000D99B1F85C1088425FDAFFE7BDF81E00FF
:10EAA0000D99A1F85E000D98D0F88000006D8128C6
:10EAB00046D0FFE7FFE7FFE70D98006850E8000F3A
:10EAC00020F480700690FFE706990D98026842E8EE
:10EAD00000100028F0D1FFE7FFE7FFE7FFE70D9800
:10EAE000006850E8020F20F001000590FFE705994B
:10EAF0000D98026842E802100028F0D1FFE7FFE716
:10EB00000D992020C1F88C000D990020C866FFE700
:10EB1000FFE70D98006850E8000F20F01000049007
:10EB2000FFE704990D98026842E800100028F0D130
:10EB3000FFE7FFE70D98D0F88000F6F767F8FFE7EA
:10EB40000D99022008670D98B0F85C10B0F85E20AF
:10EB5000891A89B2FFF78CFD19E0BDF81E000D99E6
:10EB6000B1F85C10884211D1FFE70D98D0F8800011
:10EB7000006D812809D1FFE70D99022008670D98E3
:10EB8000B0F85C10FFF774FDFFE7FFE7FFE7C0E0B8
:10EB90000D99B1F85C00B1F85E10401AADF80E00A6
:10EBA0000D98B0F85E00002853D0FFE7BDF80E00C6
:10EBB00000284ED0FFE7FFE7FFE70D98006850E818
:10EBC000000F20F490700290FFE702990D98026800
:10EBD00042E800100028F0D1FFE7FFE7FFE7FFE77A
:10EBE0000D98006850E8020F4FF6FE71CEF6FF71E7
:10EBF00008400190FFE701990D98026842E8021071
:10EC00000028EDD1FFE7FFE70D992020C1F88C0027
:10EC10000D990020C8660D994867FFE7FFE70D983A
:10EC2000006850E8000F20F010000090FFE7009906
:10EC30000D98026842E800100028F0D1FFE7FFE7D6
:10EC40000D99022008670D98BDF80E10FFF710FD12
:10EC5000FFE75EE09DF83200C00600280FD5FFE711
:10EC60009DF82A004006002809D5FFE70D980168A5
:10EC70004FF4801008620D98FFF794FD49E09DF86D
:10EC800030000006002815D5FFE79DF82C0000068F
:10EC9000002806D4FFE79DF82A000006002809D5C1
:10ECA000FFE70D98806F20B1FFE70D98816F8847CF
:10ECB000FFE72EE09DF83000400600280AD5FFE768
:10ECC0009DF82C004006002804D5FFE70D9803F0BE
:10ECD00099FA1EE09DF83200000600280AD5FFE7E9
:10ECE0009DF82F004006002804D5FFE70D98FFF798
:10ECF00055FD0EE09DF83300C00750B1FFE79DF8C9
:10ED00002F000006002804D5FFE70D98FFF7B6FC9A
:10ED1000FFE70EB080BD000080B582B00090009883
:10ED200020B9FFE701208DF8070046E000988069D0
:10ED300008B1FFE700E0FFE70098D0F8880040B98D
:10ED4000FFE70099002081F88400009800F03AF86D
:10ED5000FFE700992420C1F888000098016808683E
:10ED600020F0010008600098806A20B1FFE7009859
:10ED700003F02AF8FFE7009803F094FA012804D181
:10ED8000FFE701208DF8070017E000980168486848
:10ED900020F49040486000980168886820F02A00BC
:10EDA000886000980168086840F0010008600098D9
:10EDB00003F0AEF88DF80700FFE79DF8070002B0FA
:10EDC00080BD000080B5D0B04F9000204E904D9097
:10EDD0004C904B904A9008A84FF48471F1F79EFA3A
:10EDE0004F98006843F60001C4F20101884240F0E8
:10EDF0008380FFE700200990012108911F9008A857
:10EE0000FBF760F818B1FFE7F4F7F4FDFFE7FFE761
:10EE100040F6A440C4F20240016841F48041016020
:10EE2000006800F4804007900798FFE7FFE740F68E
:10EE30008C40C4F20240016841F0010101600068A9
:10EE400000F0010006900698FFE74FF4C0604A907A
:10EE500002204B90012001904C90002002904D9098
:10EE600007204E900020C4F202204AA9F7F7BEFB0B
:10EE7000019A029940F20C70C2F20000039040F235
:10EE80005013C4F2020303601623436081604FF401
:10EE90008063C3600823036141618161C1610162D4
:10EEA00042628262C16201634163F6F709F918B1F7
:10EEB000FFE7F4F79FFDFFE7FFE74F9840F20C7183
:10EEC000C2F20001C1674F98C865FFE740F20C70BD
:10EED000C2F200001021F5F74FFF18B1FFE7F4F779
:10EEE00089FDFFE73A20009000221146F7F72AFE3D
:10EEF0000098F7F71DFE46E04F98006846F2004183
:10EF0000C4F2000188423DD1FFE700200990202192
:10EF10000891249008A8FAF7D5FF18B1FFE7F4F795
:10EF200069FDFFE7FFE740F69C40C4F2024001683C
:10EF300041F000710160006800F0007005900598D4
:10EF4000FFE7FFE740F68C40C4F20240016841F061
:10EF500004010160006800F0040004900498FFE7D9
:10EF6000C0204A9002204B9001204C9000204D90F0
:10EF700007204E9040F60000C4F202204AA9F7F79D
:10EF800035FBFFE7FFE750B080BD000080B58AB0D9
:10EF900008900791ADF81A2005930898D0F88800DA
:10EFA000202840F09580FFE7079820B1FFE7BDF8E3
:10EFB0001A0020B9FFE701208DF827008CE008989F
:10EFC000006880680006002807D5FFE708980168F8
:10EFD000886820F080008860FFE708990020C1F869
:10EFE000900008992120C1F88800F7F7A3FC02904F
:10EFF000BDF81A000899A1F85400BDF81A00089944
:10F00000A1F8560008988068B0F5805F09D1FFE745
:10F010000898006928B9FFE700200490079803903A
:10F0200004E00798049000200390FFE7FFE70898AA
:10F03000B0F8560088B3FFE70898029B05996A4626
:10F0400011608021002203F039FB40B1FFE70899ED
:10F050002020C1F8880003208DF827003CE00498A8
:10F0600058B9FFE7039800886FF35F200899096893
:10F07000886203980230039008E0049800780899A9
:10F0800009688862049801300490FFE70899B1F894
:10F0900056000138A1F85600C9E70898029B059967
:10F0A0006A4611604021002203F008FB40B1FFE7EF
:10F0B00008992020C1F8880003208DF827000BE074
:10F0C00008992020C1F8880000208DF8270003E06F
:10F0D00002208DF82700FFE79DF827000AB080BDC9
:10F0E00080B586B004900391ADF80A20BDF80A00FF
:10F0F000ADF806000498D0F88800202840F0BA80C7
:10F10000FFE7039820B1FFE7BDF80A0020B9FFE749
:10F1100001208DF81700B1E0039804990865BDF847
:10F120000A000499A1F85400BDF80A000499A1F856
:10F13000560004990020C1F8900004992120C1F8DC
:10F14000880004980168402008620498C06F002875
:10F1500079D0FFE70498C16F42F2F900C0F60100D0
:10F1600008660498C16F42F24D10C0F6010048666F
:10F170000498C16F42F27900C0F6010088660498D5
:10F18000C16F0020C86604988068B0F5805F0AD11E
:10F19000FFE70498006930B9FFE7BDF80A004000B6
:10F1A000ADF80600FFE70498C06F90F85000000625
:10F1B00000282BD5FFE70498C06F406F08B3FFE726
:10F1C0000498C06F406F0068D8B1FFE7BDF8060033
:10F1D0000499C96F496F096888600499086DC96FFF
:10F1E000496F0968C86004990868C96F2830496F79
:10F1F000096808610498C06FF5F764FC8DF8090090
:10F2000003E001208DF80900FFE70BE00498026895
:10F21000016DC06F2832BDF80630F6F731F98DF870
:10F220000900FFE79DF8090060B1FFE7049910208D
:10F23000C1F8900004992020C1F8880001208DF8C1
:10F2400017001BE0FFE7FFE7FFE70498006850E8BE
:10F25000020F40F080000090FFE7009904980268D8
:10F2600042E802100028F0D1FFE7FFE700208DF808
:10F27000170003E002208DF81700FFE79DF8170044
:10F2800006B080BD81B0009001B0704781B00090A1
:10F2900001B0704785B00190019800780146009157
:10F2A000022804D3FFE70098022834D06BE00198CD
:10F2B00090ED061A90ED070A90ED083A90ED092AB4
:10F2C00021EE031A20EE020A30EE410A8DED020A09
:10F2D000019890ED061A90ED073A90ED080A90ED2E
:10F2E000092A21EE031A20EE020A30EE010A8DED02
:10F2F000030A019890ED061A90ED090A21EE011A11
:10F30000BEEE002A31EE021A20EE000A30EE010AAB
:10F310008DED040A3CE0019890ED060A90ED071A85
:10F3200090ED082A90ED093A21EE031A20EE020A28
:10F3300030EE410A8DED020A019890ED061A90ED2B
:10F34000073A90ED080A90ED092A21EE031A20EE03
:10F35000020A30EE011A9FED120A30EE410A8DEDDD
:10F36000030A019890ED060A90ED091A20EE002A92
:10F37000B6EE000A30EE420A21EE011A30EE410AE2
:10F380008DED040A04E00020029003900490FFE752
:10F390009DED020ADDED030A9DED041A05B07047EC
:10F3A0000000008085B0019001980078014600912E
:10F3B00040B1FFE70098012838D0FFE70098022805
:10F3C0006CD0A3E0019890ED061A90ED070A90ED3D
:10F3D000082A90ED093A21EE031A20EE020A30EED7
:10F3E000010A8DED020A019890ED061A90ED080AC7
:10F3F00021EE011ABEEE002A31EE021A20EE000ABA
:10F4000030EE010A8DED030A019890ED061A90ED99
:10F41000073A90ED080A90ED092A21EE031A20EE32
:10F42000020A30EE410A8DED040A74E0019890ED75
:10F43000060A90ED071A20EE002AB6EE000A30EE1A
:10F44000420A21EE011A30EE410A8DED020A0198BE
:10F4500090ED060A90ED071A90ED083A90ED092A12
:10F4600021EE031A20EE020A30EE410A8DED030A66
:10F47000019890ED061A90ED070A90ED083A90ED8C
:10F48000092A21EE031A20EE020A30EE011A9FED3E
:10F49000260A30EE410A8DED040A3CE0019890ED19
:10F4A000061A90ED070A90ED082A90ED093A21EE30
:10F4B000031A20EE020A30EE011A9FED1B0A30EE0D
:10F4C000410A8DED020A019890ED060A90ED081AA6
:10F4D00020EE002AB6EE000A30EE420A21EE011AB2
:10F4E00030EE410A8DED030A019890ED060A90ED89
:10F4F000072A90ED081A90ED093A21EE031A20EE42
:10F50000020A30EE410A8DED040A04E00020029068
:10F5100003900490FFE79DED020ADDED030A9DEDE7
:10F52000041A05B0704700BF00000080FFE7FEE747
:10F5300084B0039002918DED010ACDED000A03998C
:10F5400008684A688B6840F24031C2F200018B6063
:10F550004A600860029B18685A689B684B610A61A0
:10F56000C860019888610098C86104B070470000C5
:10F5700083B0029001918DED000A029908684A68F3
:10F580008B6840F24031C2F200018B624A6208622D
:10F59000019B18685A689B684B630A63C8620098AD
:10F5A000C86303B07047000080B584B040F62441C2
:10F5B000C2F200010020087040F63641C2F200019C
:10F5C000087040F63441C2F20001088040F638412C
:10F5D000C2F2000108604860886040F62841C2F22B
:10F5E000000108604860886040F6AC51C2F200013A
:10F5F000087040F29850C2F200000190642102911C
:10F60000F2F70CFE019802991830F2F707FE40F26B
:10F610009040C2F200000390F2F770F9039845F2AF
:10F620007421C0F60101F2F74BFA04B080BD00006E
:10F63000F0B5A3B08DF88B0040F24030C2F200006C
:10F64000099090ED070A0C30002101F0DFFA0998CB
:10F65000C1681F91016920914169219101681C9144
:10F6600041681D9180681E909DED1F0ADDED200A06
:10F670009DED211A45F2042EC0F6010ECDF820E0D2
:10F68000DEF80000DEF80410DEF80820DEF80C30AA
:10F69000DEF810C0DEF81440DEF81850DEF81C600A
:10F6A000DEF8207040F2740EC2F2000EDEED001A99
:10F6B0009EED012ADEED022A40F2246EC2F2000E17
:10F6C0009EED003ADEED013A9EED024AEE46CEF89E
:10F6D0001070CEF80C60CEF80850CEF80440CEF88A
:10F6E00000C0F2F7FFFEDDF820E08DED1B1ACDED36
:10F6F0001A0A8DED190A19981A991B9A21922091CC
:10F700001F909DED1C0ADDED1D0A9DED1E1ADEF811
:10F710000000DEF80410DEF80820DEF80C30DEF819
:10F7200010C0DEF81440DEF81850DEF81C60DEF879
:10F73000207040F2640EC2F2000EDEED001A9EED63
:10F74000012ADEED022A40F2580EC2F2000E9EEDB2
:10F75000003ADEED013A9EED024AEE46CEF8107018
:10F76000CEF80C60CEF80850CEF80440CEF800C0B9
:10F77000F2F7B8FE8DED181ACDED170A8DED160AC9
:10F7800016981799189A1E921D911C909DED1F0AAC
:10F79000DDED200A9DED211A40F29850C2F20000E2
:10F7A000F2F762FD09988DED151ACDED140A8DED75
:10F7B000130A1399149A159B219320921F911F9A53
:10F7C00040F28031C2F20001CA60209A0A61219A97
:10F7D0004A611C9A0A601D9A4A601E9A8A60C06932
:10F7E000C8619DF88B00012840F09380FFE740F24C
:10F7F0004030C2F20000059090ED0F0A2C3001213C
:10F8000001F004FA0598C16A1F91016B2091406BC9
:10F8100021909DED1F0ADDED200A9DED211A45F294
:10F82000282EC0F6010ECDF818E0DEF80000DEF854
:10F830000410DEF80820DEF80C30DEF810C0DEF828
:10F840001440DEF81850DEF81C60DEF8207040F23C
:10F85000740EC2F2000EDEED001A9EED012ADEEDFE
:10F86000022A40F2246EC2F2000E9EED033ADEED53
:10F87000043A9EED054AEE46CEF81070CEF80C60C4
:10F88000CEF80850CEF80440CEF800C0F2F72AFEB9
:10F890008DED121ACDED110A8DED100A1098119907
:10F8A000129A219220911F909DED1F0ADDED200AF2
:10F8B0009DED211A40F29850C2F200001830F2F784
:10F8C000D3FC8DED0F1ACDED0E0A8DED0D0A0D98BE
:10F8D0000E990F9A219220911F901F9840F280312B
:10F8E000C2F2000141F82C0F07912098486021983E
:10F8F0008860A1F120000AAAF4F71CF807990A9879
:10F9000041F8200C0B9841F81C0C0C9841F8180C8D
:10F91000FFE723B0F0BD000080B582B0ADF806006F
:10F9200040F27840C2F2000040F20C61C2F20001E5
:10F930009FED140ADFED140AFFF7FAFD40F20640CE
:10F94000C2F20000007868B1FFE740F28440C2F2E2
:10F95000000040F21861C2F200019FED0B0AFFF7B0
:10F9600007FEFFE740F20640C2F200000078FFF712
:10F970005FFE40F28030C2F2000000F007F802B0F3
:10F9800080BD00BF000000000AD7233C80B594B0C2
:10F9900013901398C06810901398006911901398F1
:10F9A00040691290139800680D90139840680E906B
:10F9B000139880680F90139890ED073A9DED100A08
:10F9C000DDED110A9DED121ADDED0D1A9DED0E2AE9
:10F9D000DDED0F2A40F29040C2F200000190F2F7F4
:10F9E000B1FB0198F1F774FFCDED091A8DED081AFE
:10F9F000CDED070A8DED060A9DED060ADDED070A3D
:10FA00009DED081ADDED091AF2F7AEFF8DED0C1A27
:10FA1000CDED0B0A8DED0A0A40F2E451C2F200016D
:10FA20000A980B9A0C9B8B604A60086040F6505015
:10FA3000C2F20000806880BBFFE740F2F050C2F2E3
:10FA40000000007848B3FFE740F20640C2F2000031
:10FA5000007838B1FFE740F2F050C2F20000407881
:10FA6000D8B1FFE740F62440C2F200000078092830
:10FA700013D8FFE740F62442C2F200021078411C7E
:10FA8000C8B211700A2807D1FFE740F6AC51C2F2A4
:10FA9000000101200870FFE7FFE740F29040C2F24A
:10FAA0000000F1F759FE8DED051ACDED040A8DED3C
:10FAB000030A9DED101A9DED112A9DED120A22EE0A
:10FAC000022A21EE011A31EE021A20EE000A30EE6F
:10FAD000010A05F0A1F98DED020A40F63440C2F2A8
:10FAE00000000088632855D8FFE79DED020AB0EEBC
:10FAF000081AB4EE410AF1EE10FA4BDAFFE79DED79
:10FB0000031A40F63840C2F2000090ED000A30EED1
:10FB1000010A80ED000A9DED041A90ED010A30EE15
:10FB2000010A80ED010A9DED051A90ED020A30EE02
:10FB3000010A80ED020A40F63440C2F2000001885A
:10FB4000013101800088642823D3FFE740F6384163
:10FB5000C2F2000191ED000A9FED0F1A80EE010A3A
:10FB600040F62840C2F2000080ED000A91ED010A43
:10FB700080EE010A80ED010A91ED020A80EE010A91
:10FB800080ED020A40F63641C2F200010120087001
:10FB9000FFE7FFE714B080BD0000C84281B00090CD
:10FBA000009988684FF6C072C5F6FF7210408860F1
:10FBB00001B0704781B0009048F2C801C4F2022140
:10FBC000086840F00100086001B0704781B0009003
:10FBD0000099D1F8C80040F00100C1F8C80001B098
:10FBE0007047000081B000900098806840F080501D
:10FBF0004FF6C071C7F6FF7108400099886001B0E8
:10FC00007047000081B000900098806800F0E070BC
:10FC100001B0704783B0029001910298019900EB06
:10FC20008100603000900098006800F0F84003B058
:10FC30007047000081B0009000988068C0F3C00059
:10FC400001B0704781B0009000988068C0F34070A8
:10FC500001B0704781B000900098806800F001000A
:10FC600001B0704781B0009000988068C0F30070C8
:10FC700001B0704781B0009000988068C0F38000A8
:10FC800001B0704784B003900291019203980299E9
:10FC900001F4407100EB9110303000900098006842
:10FCA000029901F01F021F21914088430199C1F37D
:10FCB0008461914008430099086004B070470000D7
:10FCC00084B00390029101920398029901F00071AF
:10FCD00000EBD15014300090009800680299C1F3F5
:10FCE00004520721914088430199914008430099AB
:10FCF000086004B07047000083B002900191009248
:10FD00000298D0F8B00001996FF31F518843009A10
:10FD100002F018034FF6FF72C0F20F02DA401140F2
:10FD200008440299C1F8B00003B0704782B0019056
:10FD300000910198806820F47C1000990843019993
:10FD4000886002B07047000082B001900091019875
:10FD5000806820F0E070009908430199886002B043
:10FD60007047000085B004900391029201930498BB
:10FD7000039900EB810060300090009800684FF21A
:10FD80000001C0F2FF310140029800F0F840019AF2
:10FD90001043084340F000400099086005B07047E8
:10FDA00084B00390029101920398029900EB8100C4
:10FDB000603000900098006820F0007001990843BE
:10FDC0000099086004B0704784B0039002910192DA
:10FDD0000398029900EB8100603000900098006861
:10FDE00020F08070019908430099086004B07047C2
:10FDF00084B00390029101920398029900EB810074
:10FE0000603000900098006820F00040019908439D
:10FE10000099086004B0704782B001900091019889
:10FE2000406920F00040009908430199486102B000
:10FE30007047000080B58AB00021009109910891B7
:10FE400007910691059104910391029140F23C6063
:10FE5000C2F20000019048F20002C4F202220260E5
:10FE60004FF4002242608160C1600161042242615E
:10FE7000017641760122C26180F820108162C16260
:10FE800080F834100163816380F83C10F4F710FBB4
:10FE900018B1FFE7F3F7AEFDFFE70220C0F23040F4
:10FEA000029006200390002004907F2105910421F8
:10FEB0000691079040F23C60C2F2000002A9F3F7FD
:10FEC000D7FE18B1FFE7F3F795FDFFE70AB080BD55
:10FED00080B58AB00021009109910891079106919F
:10FEE000059104910391029140F2A460C2F20000D6
:10FEF000019048F20012C4F2022202604FF4002284
:10FF000042608160C16001610422426101764176F4
:10FF10000122C26180F820108162C16280F8341031
:10FF20000163816380F83C10F4F7C2FA18B1FFE76F
:10FF3000F3F760FDFFE748F20000C3F6F0600290BF
:10FF400006200390002004907F2105910421069152
:10FF5000079040F2A460C2F2000002A9F3F788FE05
:10FF600018B1FFE7F3F746FDFFE70AB080BD0000D8
:10FF700080B540F28470C2F2000043F20001C4F286
:10FF80000201016000210171417141618161012122
:10FF90000162F4F713FD18B1FFE7F3F72BFDFFE75C
:10FFA00080BD000080B582B040F2A870C2F20000AF
:10FFB00001904AF20041C4F2000101600021416059
:10FFC0004FF440728260C1600174417481740523F2
:10FFD0004361062282614FF00E0CC0F81CC0036220
:10FFE0000123436282621223C36202630A224263D4
:10FFF0008163C163F5F7E4FF18B1FFE7F3F7FAFC9B
:020000040801F1
:10000000FFE702B080BD000080B582B040F60C0072
:10001000C2F2000000904AF60001C4F20001016043
:100020000021019141608160C1600174417481745B
:100030001022426101228261C261026242628262D6
:10004000C262026341638163C163F5F7B9FF18B10E
:10005000FFE7F3F7CFFCFFE702B080BD80B582B0C9
:10006000FFE740F68840C4F20240016841F0010118
:100070000160006800F0010001900198FFE71D2079
:10008000009000221146F6F75DFD0098F6F750FD4E
:1000900002B080BD80B59CB000201B901A901990D2
:1000A00018901790FFE740F68C40C4F202400168B8
:1000B00041F010010160006800F0100016901698E1
:1000C000FFE7FFE740F68C40C4F20240016841F0D0
:1000D00004010160006800F0040015901598FFE726
:1000E000FFE740F68C40C4F20240016841F0800115
:1000F0000160006800F0800014901498FFE7FFE7AB
:1001000040F68C40C4F20240016841F001010160F8
:10011000006800F0010013901398FFE7FFE740F636
:100120008C40C4F20240016841F0020101600068A5
:1001300000F0020012901298FFE7FFE740F68C40B3
:10014000C4F20240016841F008010160006800F05B
:10015000080011901198FFE741F20000C4F202205C
:1001600002904CF20801019100220F92F6F7CCFBAD
:100170000F9A40F60000C4F202200A903021039149
:10018000F6F7C2FB0F9A40F20040C4F2022006903C
:1001900095210491F6F7B8FB06984FF4805105912C
:1001A00001220B92F6F7B0FB0F9A40F60040C4F222
:1001B000022008904FF400410791F6F7A5FB0F9A33
:1001C0000020C4F202200C904FF480710991F6F7E0
:1001D0009BFB07990B9A0C98F6F796FB019B0298EC
:1001E0000B9A0F991793189219911A9117A90D91BB
:1001F000F6F7FCF902980D990F9A10231793002334
:10020000C1F2210318931992F6F7F0F9DDF80CC04A
:100210000A980B9B0D990F9ACDF85CC01893199210
:100220001A92F6F7E3F9DDF810C006980B9B0D99CA
:100230000F9ACDF85CC0189319921A92F6F7D6F976
:10024000DDF814C006980B9B0D990F9ACDF85CC091
:100250001893199202220E921A92F6F7C7F9DDF856
:100260001CC008980B9B0D990F9ACDF85CC0189391
:1002700019921A92F6F7BAF9099B0A980D990F9AF2
:10028000179318921992F6F7B1F90B9B0C980D99E8
:100290000F9A4FF4014CCDF85CC0189319921A9242
:1002A000F6F7A4F90E990F9A0F201090F6F74AFC72
:1002B0001098F6F73DFC1CB080BD000080B5002012
:1002C000F6F73EFB18B1FFE7F3F794FBFFE7F6F70D
:1002D00057FB18B1FFE7F3F78DFBFFE780BD000088
:1002E00080B582B040F67000C2F20000009043F288
:1002F0000001C4F2010101604FF48001416000215E
:10030000019181600722C2604FF0007303614FF0DA
:10031000807343614FF0806383614FF04053C3614A
:10032000016241628162C26241638163C16381642F
:10033000C164016541658165C1650166FCF73EFBED
:1003400018B1FFE7F3F756FBFFE702B080BD0000EE
:1003500080B582B040F60010C2F20000009043F673
:100360000001C4F2000101604FF4800141600021EE
:10037000019181600722C2604FF0007303614FF06A
:10038000807343614FF0806383614FF04053C361DA
:10039000016241628162C26241638163C1638164BF
:1003A000C164016541658165C1650166FCF706FBB5
:1003B00018B1FFE7F3F71EFBFFE702B080BD0000B6
:1003C00080B582B040F69010C2F20000009043F673
:1003D0000041C4F2000101604FF48001416000213E
:1003E000019181600722C2604FF0007303614FF0FA
:1003F000807343614FF0806383614FF04053C3616A
:10040000016241628162C26241638163C16381644E
:10041000C164016541658165C1650166FCF7CEFA7D
:1004200018B1FFE7F3F7E6FAFFE702B080BD00007E
:1004300080B582B040F62020C2F20000009044F661
:100440000041C4F2010101604FF4800141600021CC
:10045000019181600722C2604FF0007303614FF089
:10046000807343614FF0806383614FF04053C361F9
:10047000016241628162C26241638163C1638164DE
:10048000C164016541658165C1650166FCF796FA45
:1004900018B1FFE7F3F7AEFAFFE702B080BD000046
:1004A00080B584B0002103910291019140F6B02003
:1004B000C2F2000041F20042C4F200020260F922DE
:1004C0004260816040F2E732C2608161FDF7A4FDC5
:1004D00018B1FFE7F3F78EFAFFE7002001900390D1
:1004E00040F6B020C2F2000001A9FDF787FC18B168
:1004F000FFE7F3F77FFAFFE704B080BD80B582B075
:1005000040F6FC20C2F20000009043F60001C4F265
:10051000010101604FF4613141600021019181606E
:10052000C16001610C2242618161C161016241626D
:100530008162FEF7F1FB18B1FFE7F3F75BFAFFE723
:1005400040F6FC20C2F200000021FEF7E1F818B1ED
:10055000FFE7F3F74FFAFFE740F6FC20C2F2000096
:100560000021FEF78FF818B1FFE7F3F743FAFFE732
:1005700040F6FC20C2F20000FEF73CF818B1FFE79D
:10058000F3F738FAFFE702B080BD000080B582B013
:1005900040F69030C2F20000009046F20041C4F2F2
:1005A000000101604FF4165141600021019181600A
:1005B000C16001610C2242618161C16101624162DD
:1005C0008162FEF7A9FB18B1FFE7F3F713FAFFE723
:1005D00040F69030C2F200000021FEF799F818B101
:1005E000FFE7F3F707FAFFE740F69030C2F20000AA
:1005F0000021FEF747F818B1FFE7F3F7FBF9FFE733
:1006000040F69030C2F20000FDF7F4FF18B1FFE7AA
:10061000F3F7F0F9FFE702B080BD0000FFE7FEE767
:10062000FFE7FEE788B0079006910592079800F073
:10063000070004900498C0F10700052803D3FFE7E2
:100640000420019004E00498C0F107000190FFE746
:100650000198039004980430062803D8FFE700208F
:10066000009003E0049803380090FFE700980290A0
:1006700006980399012202FA01F101390840029B10
:10068000984005999A40013A1140084308B07047D4
:1006900087B08DED060ACDED050A8DED041ACDED7E
:1006A000031A9DED050A9DED031A30EE010A8DED4A
:1006B000020A9DED030A9DED021A80EE010A8DEDFE
:1006C000010A9DED050A9DED021A80EE010A8DEDED
:1006D000000A9DED010A9DED062A9DED001A9DED93
:1006E000043A21EE031A20EE020A30EE010A07B0A6
:1006F000704700007047000080B5C4B002A80190A8
:100700004FF48471EFF70AFE019804210391002150
:10071000C4F22001029103210491022105911022CB
:1007200006920791089109910C210A9100210B91E1
:100730000C914FF400310D914FF4007131913D91C6
:10074000F9F7C0FB18B1FFE7F3F754F9FFE744B03E
:1007500080BD000080B58EB002A801902C21EFF77B
:10076000DDFD019940F2A870C2F20000F5F754F9DE
:1007700020B1FFE76FF005000D904BE040F6005010
:10078000C2F20000007830B9FFE7079818B9FFE718
:1007900000200D903EE040F60051C2F20001002022
:1007A000087040F2A870C2F20000F5F755FE50B193
:1007B000FFE740F60051C2F20001012008706FF01F
:1007C00005000D9026E040F2A870C2F20000F5F797
:1007D0001DFE50B1FFE740F60051C2F200010120BA
:1007E00008706FF005000D9014E040F2A870C2F29E
:1007F000000002F03DFE50B1FFE740F60051C2F2AA
:100800000001012008706FF005000D9002E000204B
:100810000D90FFE70D980EB080BD000080B58AB046
:10082000002004900990089007900690059006908B
:1008300002210091079108904FF40050059040F676
:100840000000C4F20220019005A90391F5F7CEFE45
:10085000009A019803990592F5F7C8FE03990120C3
:1008600005900020C4F202200290F5F7BFFE029826
:10087000039904220592F5F7B9FE04980AB080BDE9
:1008800080B584B0029000208DF80700029820B94E
:10089000FFE76FF00100039049E040F60000C4F26A
:1008A00002204FF40051F6F717F8012807D1FFE7AF
:1008B0009DF8070040F001008DF80700FFE740F6C3
:1008C0000000C4F202200221F6F706F8012807D141
:1008D000FFE79DF8070040F002008DF80700FFE7F2
:1008E0000020C4F202200121F5F7F6FF012807D10C
:1008F000FFE79DF8070040F004008DF80700FFE7D0
:100900000020C4F202200421F5F7E6FF012807D1F8
:10091000FFE79DF8070040F008008DF80700FFE7AB
:100920009DF807000299087000200390FFE70398E4
:1009300004B080BD80B584B0029040F60041C4F29E
:100940000241086820F080600860F5F7F3FF01902D
:10095000FFE740F60040C4F20240006800F000618A
:100960000020B0EBD16F0CD0FFE7F5F7E3FF019962
:10097000401A032804D3FFE703208DF80F008BE013
:10098000E7E7FFE740F62C41C4F20241086843F66E
:1009900003729043029B1A685B6842EA0322104389
:1009A000086002998868D1F80CC00B694A6901385F
:1009B0006FF35F204FF60061CFF6FF7101EB4C2122
:1009C00089B208440021CFF6FF7101EB034101F425
:1009D000FE0108444FF07F4101EB026101F0FE414E
:1009E000084440F63C41C4F202410860FFE740F68B
:1009F0002C41C4F202410091086820F00C00029AD8
:100A0000926910430860086820F02000029AD269B9
:100A1000104308600298426A08681043086008683A
:100A200020F01000086040F64042C4F20242106814
:100A30004FF6F8739843029B1B6A40EAC3001060AC
:100A4000086840F01000086040F60041C4F202411E
:100A5000086840F080600860F5F76CFF0190FFE7E0
:100A600040F60040C4F20240006800F0006100203F
:100A7000B0EBD16F0CD1FFE7F5F75CFF0199401A9D
:100A8000032804D3FFE703208DF80F0004E0E7E715
:100A900000208DF80F00FFE79DF80F0004B080BD27
:100AA00080B584B0029040F60041C4F2024108686B
:100AB00020F080500860F5F73DFF0190FFE740F619
:100AC0000040C4F20240006800F000510020B0EB8A
:100AD000517F0CD0FFE7F5F72DFF0199401A03284D
:100AE00004D3FFE703208DF80F008BE0E7E7FFE773
:100AF00040F63041C4F20241086843F60372904365
:100B0000029B1A685B6842EA03221043086002995C
:100B10008868D1F80CC00B694A6901386FF35F200F
:100B20004FF60061CFF6FF7101EB4C2189B208440A
:100B30000021CFF6FF7101EB034101F4FE010844EF
:100B40004FF07F4101EB026101F0FE41084440F6A5
:100B50004441C4F202410860FFE740F63041C4F26C
:100B600002410091086820F00C00029A926910433B
:100B70000860086820F02000029AD26910430860DB
:100B80000298426A086810430860086820F0100064
:100B9000086040F64842C4F2024210684FF6F8730B
:100BA0009843029B1B6A40EAC3001060086840F04B
:100BB0001000086040F60041C4F20241086840F0AD
:100BC00080500860F5F7B6FE0190FFE740F6004060
:100BD000C4F20240006800F000510020B0EB517FE9
:100BE0000CD1FFE7F5F7A6FE0199401A032804D3BC
:100BF000FFE703208DF80F0004E0E7E700208DF801
:100C00000F00FFE79DF80F0004B080BD80B588B0ED
:100C100007908DED060A8DF817109DF8171040F219
:100C2000F050C2F20000405C08B1FFE7A1E19DED89
:100C3000060A9FEDD11A20EE010A8DED040A9DED02
:100C4000040AB7EE001AB4EE410AF1EE10FA04DD20
:100C5000FFE74FF07E500490FFE7002003900290E2
:100C6000FFE7029802285BDCFFE79DF8171040F2CF
:100C70000040C2F20000405C88B9FFE70798029A82
:100C800050F822009DF8171001EB410340F2C831E3
:100C9000C2F2000101EB830141F82200FFE79DED64
:100CA000040A0798029A00EB820090ED002A9DF852
:100CB000170000EB400140F2C830C2F2000000EB28
:100CC000810101EB820191ED001A32EE412A20EE02
:100CD000020A30EE010A81ED000A079A029902EB3E
:100CE000810292ED000A9DF8172002EB420200EB10
:100CF000820000EB810090ED001A30EE410A8DED8C
:100D0000010A9DED010A9DED031A20EE000A30EE66
:100D1000010A8DED030AFFE7029801300290A0E777
:100D20009DF8172040F20041C2F2000101208854D2
:100D30009DED030A04F070F88DED000A00989DF80F
:100D4000171001EB410240F64441C2F2000141F8A4
:100D500022009DED000AB1EE041AB4EE410AF1EE54
:100D600010FA2ADDFFE79DF8172040F2F831C2F2B1
:100D70000001002041F822009DF8172040F20241B6
:100D8000C2F2000121F812009DF8171001EB410298
:100D900040F2E031C2F2000101EB820290609DF866
:100DA000172002EB420201EB820250609DF81720EF
:100DB00002EB420241F8220014E09DED060A9DF884
:100DC000171040F2F830C2F2000000EB810090ED05
:100DD000001A9FED6A2A20EE020A30EE010A80ED29
:100DE000000AFFE79DF8171040F2F830C2F2000049
:100DF00000EB810090ED000A9FED611AB4EE410A0C
:100E0000F1EE10FAC0F29680FFE7079890ED001A15
:100E10009DF8170000EB400140F2E030C2F2000004
:100E200000EB810191ED000A30EE010A81ED000A2C
:100E3000079991ED011A9DF8171001EB410100EBA4
:100E4000810191ED010A30EE010A81ED010A079955
:100E500091ED021A9DF8171001EB410100EB8100A2
:100E600090ED020A30EE010A80ED020A9DF817208B
:100E700040F20240C2F2000030F81210013120F8B6
:100E800012109DF8171030F81100282851DBFFE7E9
:100E90009DF8170000EB400140F2E03CC2F2000C6C
:100EA0000CEB810292ED000A40F20242C2F2000213
:100EB00032F8100001EE100AB8EEC11A80EE010AF5
:100EC00040F22460C2F2000000EB810181ED000AD3
:100ED0009DF8173003EB43010CEB810E9EED010AE8
:100EE00032F8133001EE103AB8EEC11A80EE010A62
:100EF00000EB810181ED010A9DF8173003EB4301FE
:100F00000CEB810C9CED020A32F8132001EE102A42
:100F1000B8EEC11A80EE010A00EB810080ED020AF2
:100F20009DF8172040F2F051C2F2000101208854D0
:100F3000FFE7FFE79DF8171040F2F830C2F200001B
:100F400050F8210001EB410240F64441C2F2000199
:100F500001EB820250609DF8172040F20240C2F27D
:100F6000000030F8120002EB420201EB820108811E
:100F7000FFE708B080BD00BFDA0F494100007A44A6
:100F80000000484282B001900198006840690090DA
:100F900001980168886940F008008861019801683B
:100FA000886940F01000886101980168086820F0A5
:100FB0000100086001980168086940F26F329043AF
:100FC000086101980168886820F4404088600198B1
:100FD00090F88900042815D0FFE79DF800008006EE
:100FE00000280ED5FFE70199D1F88C0040F0800071
:100FF000C1F88C0001980168886940F02000886180
:10100000FFE7FFE7019890F88900032815D0FFE774
:101010009DF80000400600280ED5FFE70199D1F8A1
:101020008C0040F00400C1F88C00019801688869C8
:1010300040F040008861FFE7FFE79DF8010080076E
:1010400000280ED5FFE70199D1F88C0040F001008F
:10105000C1F88C0001980168886940F400708861CB
:10106000FFE79DF80100C00770B1FFE70199D1F8D3
:101070008C0040F00800C1F88C0001980168886974
:1010800040F480708861FFE701990020A1F86A00B0
:101090000199A1F8720002B07047000083B002907D
:1010A0000298C16B012000EB511001900298C068BA
:1010B0000130009000980730C00800900098019916
:1010C00000FB01F003B0704780B586B0DDF820C0AA
:1010D000049003918DF80B200193FFE704980068BA
:1010E000406903990840401AB0FA80F040099DF821
:1010F0000B10884214D1FFE7F5F71CFC0899401A41
:101100000199884204D3FFE70198013018B9FFE73D
:10111000019820B9FFE703208DF8170004E0DDE710
:1011200000208DF81700FFE79DF8170006B080BD7E
:101130007047000010B588B0DDF828C00690059112
:10114000ADF812208DF81130069848B1FFE7BDF8D0
:10115000120028B1FFE79DF81100202804D3FFE713
:1011600000208DF81F0030E002F0B4FE03900398D9
:1011700020B9FFE700208DF81F0026E003980699AC
:10118000059ABDF812309DF811C0EE460224CEF843
:101190000440CEF800C002F0CFFE039802F030FE0B
:1011A000012807D0FFE70399002081F821008DF87E
:1011B0001F000AE00A9820B1FFE703980A99086027
:1011C000FFE701208DF81F00FFE79DF81F0008B022
:1011D00010BD000080B584B000F090F840F23830C7
:1011E000C2F200006946086040F64500C0F6000003
:1011F00045F28C21C0F601010A2203920323FFF776
:1012000099FF039A40F23C30C2F200006946086040
:1012100041F62550C0F6010045F29E21C0F60101BD
:101220000423FFF787FF40F20830C2F2000069464E
:10123000086041F60D50C0F6010045F2BA21C0F633
:101240000101012201920523FFF774FF019A40F288
:101250002430C2F200006946086040F20D70C0F60A
:10126000000045F29821C0F6010115230293FFF713
:1012700061FF019A029B40F27440C2F2000069468D
:10128000086040F68160C0F6000045F2A821C0F673
:101290000101FFF74FFF029B40F2C030C2F2000095
:1012A0006946086040F66940C0F6000045F29421A6
:1012B000C0F601014FF47A72FFF73CFF039A40F247
:1012C000C430C2F200006946086040F6B550C0F66E
:1012D000000045F2C421C0F601011623FFF72AFFE2
:1012E000012808D0FFE740F65051C2F20001C86A59
:1012F0000130C862FFE704B080BD000080B582B055
:1013000040F64C51C2F20001002008608DF8070041
:10131000FFE79DF80700132826D8FFE79DF8070090
:1013200000EB400141F2B810C2F20000009000EB67
:1013300001103021EEF7F2FF00999DF8070000EB55
:10134000400001EB0012002082F821009DF80720E8
:1013500002EB420201EB02114862FFE79DF8070031
:1013600001308DF80700D4E702B080BD80B586B0AB
:1013700040F64C50C2F2000000680590F2F772FC93
:101380000490FFE70598002845D0FFE704980599E9
:101390008969401A039003980599898A884236D34F
:1013A000FFE7049805990022CA61886105980068E2
:1013B00060B3FFE74EF21800CEF200000090006824
:1013C000029005980168808A88470098006801901B
:1013D00001980299884208D3FFE702984DF29001E4
:1013E000C0F2030108440290FFE702980199401AF5
:1013F00000EE100AB8EE400A9FED081A20EE010A2E
:101400000598BCEEC00A80ED0A0AFFE7FFE70598E1
:10141000406A0590B6E706B080BD00BF6F12833BFF
:1014200080B5F5F7B7FA80BD80B584B0ADF80A0095
:10143000BDF80A0018B9FFE70020039041E04EF61E
:10144000FC50CEF200000068C001002808D5FFE77C
:1014500041F20000CEF200000068C00720B9FFE7AB
:101460006FF0060003902CE040F22000C2F2000072
:101470000268BDF80AC0002344F23F20C0F20F000A
:101480001946E2FB0C0144F24022C0F20F02EEF7D3
:10149000FBFE009041F20400CEF2000000680190D3
:1014A000FFE741F20400CEF2000000680199401A03
:1014B0000099884202D2FFE700BFF2E700200390C4
:1014C000FFE7039804B080BD80B58CB0FF208DF895
:1014D0002A0000200990EFF7E7FB58B1FFE740F63C
:1014E0005051C2F20001886A013088624FF0FF302B
:1014F0000B901EE140F22831C2F20001059100205C
:101500000490C1F8030008600121079107220692A8
:1015100002F05CFD049B059A069984460798C2F880
:1015200000C0137150719171F1F7BEFE40B1FFE739
:1015300040F65051C2F20001086B01300863FFE72A
:101540000120F1F7A3FE40B1FFE740F65051C2F28F
:101550000001086B01300863FFE70120F1F7B2FEDC
:1015600040B1FFE740F65051C2F20001086B013074
:101570000863FFE76420F3F7F5FF00F0DDF840F2C1
:101580000641C2F20001002003900870FEF70CF83B
:10159000039840F6AC51C2F200014870F1F762FDC9
:1015A00040B1FFE740F65051C2F20001C868013077
:1015B000C86006E040F6AC51C2F20001012048705C
:1015C000FFE7EFF739FA40B1FFE740F65051C2F2BA
:1015D0000001886801308860FFE740F60000C4F22F
:1015E0000220202101220292F5F78EF9029A40F2A0
:1015F0000040C4F202201146F5F786F9F2F7B4F87C
:1016000040B1FFE740F65051C2F200014869013095
:10161000486106E040F6AC51C2F20001012088703A
:10162000FFE7EFF745F840B1FFE740F65051C2F24F
:101630000001486801304860FFE7EFF7B1FB58B19F
:10164000FFE740F65051C2F20001886A013088621B
:101650004FF0FF300B906CE0FFF7BCFD40F6B02080
:10166000C2F20000FCF754FD6420EEF7F3FF40B136
:10167000FFE740F65051C2F20001C86C0130C86467
:10168000FFE7F5F757F90890FFE740F6AC50C2F2D4
:10169000000041790020019059B9FFE7F5F74AF9B8
:1016A0000899411A0020B1F57A7F38BF01200190D6
:1016B000FFE70198C00720B1FFE70120F3F752FFD1
:1016C000E3E740F6AC50C2F200004079B8B1FFE762
:1016D0000220F3F747FF01F0DBF840F21840C2F2B6
:1016E00000000078EFF7A6FB40B1FFE740F650514D
:1016F000C2F20001886B01308863FFE7FFE7FFE774
:1017000040F6AC50C2F200000078012804D0FFE798
:101710000A20F3F727FFF3E740F6AC51C2F20001CD
:101720000120887140F6B830F3F71CFF00200B90C1
:10173000FFE70B980CB080BD81B04EF6FC51CEF2A5
:101740000001086840F08070086041F20000CEF2AD
:10175000000000688001002804D5FFE76FF0070053
:1017600000901CE041F20401CEF20001002008606C
:1017700041F20000CEF20000016841F00101016079
:10178000BFF34F8FBFF36F8F0068C00720B9FFE72B
:101790006FF00500009002E000200090FFE7009845
:1017A00001B0704780B59CB008A85021EEF7B6FD97
:1017B0000020079006900590049003900290FFE7A8
:1017C00040F61000C4F20240016841F030010160AF
:1017D000006800F0300001900198FFE7FFE740F655
:1017E0001400C4F20240006800F00800082801D08C
:1017F000FFE7F4E7012008904FF4803009900220C1
:101800001290032113911490282115911690042110
:10181000179118900C20199000201A901B9008A87E
:10182000FAF7CEFB18B1FFE7F2F7E4F8FFE71F2065
:1018300002900320039000200490059006900790EA
:1018400002A80521F9F7B6FF18B1FFE7F2F7D2F8C1
:10185000FFE742F20001C4F202010868022262F3CB
:10186000051008601CB080BD82B04EF68851CEF2E3
:101870000001086840F47000086040F60042C4F2BD
:1018800002420120106040F61C41C4F202410020D7
:101890000090086040F62041C4F2024108601168DF
:1018A0004EF6E323CEF6E2231940116040F62841BC
:1018B000C4F20241086040F62C41C4F202410860C3
:1018C00040F63041C4F20241086040F63443C4F2AD
:1018D000024340F28021C0F20111196040F6384302
:1018E000C4F20243186040F63C43C4F2024319605C
:1018F00040F64043C4F20243186040F64443C4F249
:101900000243196040F64841C4F202410860116880
:1019100021F48021116040F65041C4F20241086078
:101920004EF60851CEF200014FF00060086042F21E
:101930001800C4F20200006800F0604001900198B5
:10194000B0F1604F05D0FFE70198B0F1404F24D1CE
:10195000FFE742F21C00C4F202000068C00778B141
:10196000FFE742F20C01C4F2020142F63B20C0F64E
:101970001900086046F67F60C4F65D400860FFE726
:1019800042F21C01C4F20201086840F00200086043
:10199000086840F001000860FFE702B070470000EF
:1019A00080B540F6B020C2F20000FCF77FFC80BD9D
:1019B00083B002900191029800680090029842F66C
:1019C0000041C4F20101884252D0FFE7029842F67A
:1019D0000041C5F2010188424AD0FFE70298B0F108
:1019E000804F45D0FFE70298B0F1A04F40D0FFE70D
:1019F000029840F20041C4F20001884238D0FFE76B
:101A0000029840F20041C5F20001884230D0FFE761
:101A1000029840F60001C4F20001884228D0FFE796
:101A2000029840F60001C5F20001884220D0FFE78D
:101A3000029840F60041C4F20001884218D0FFE746
:101A4000029840F60041C5F20001884210D0FFE73D
:101A5000029843F20041C4F20101884208D0FFE736
:101A6000029843F20041C5F2010188420AD1FFE722
:101A7000009820F070000090019841680098084399
:101A80000090FFE7029842F60041C4F2010188424B
:101A900000F0BA80FFE7029842F60041C5F201016A
:101AA000884200F0B180FFE70298B0F1804F00F06B
:101AB000AB80FFE70298B0F1A04F00F0A580FFE7F0
:101AC000029840F20041C4F20001884200F09C807C
:101AD000FFE7029840F20041C5F20001884200F0A1
:101AE0009380FFE7029840F60001C4F200018842AB
:101AF00000F08A80FFE7029840F60001C5F200017D
:101B0000884200F08180FFE7029840F60041C4F26D
:101B10000001884278D0FFE7029840F60041C5F204
:101B20000001884270D0FFE7029843F20041C4F2FE
:101B30000101884268D0FFE7029843F20041C5F2F4
:101B40000101884260D0FFE7029841F60001C4F22B
:101B50000001884258D0FFE7029841F60001C5F223
:101B60000001884250D0FFE7029841F60041C4F2DC
:101B70000001884248D0FFE7029841F60041C5F2D3
:101B80000001884240D0FFE7029842F20001C4F20F
:101B90000001884238D0FFE7029842F20001C5F206
:101BA0000001884230D0FFE7029844F20001C4F2FD
:101BB0000101884228D0FFE7029844F20001C5F2F3
:101BC0000101884220D0FFE7029844F20041C4F2AC
:101BD0000101884218D0FFE7029844F20041C5F2A3
:101BE0000101884210D0FFE7029844F60001C4F2D8
:101BF0000101884208D0FFE7029844F60001C5F2CF
:101C0000010188420AD1FFE7009820F4407000905B
:101C10000198C168009808430090FFE7009820F001
:101C20008000019949690843009000980299086072
:101C3000019880680299C8620198006802998862D8
:101C4000029842F60041C4F20101884248D0FFE701
:101C5000029842F60041C5F20101884240D0FFE7F8
:101C6000029843F20041C4F20101884238D0FFE7F4
:101C7000029843F20041C5F20101884230D0FFE7EB
:101C8000029844F20001C4F20101884228D0FFE723
:101C9000029844F20001C5F20101884220D0FFE71A
:101CA000029844F20041C4F20101884218D0FFE7D3
:101CB000029844F20041C5F20101884210D0FFE7CA
:101CC000029844F60001C4F20101884208D0FFE7FF
:101CD000029844F60001C5F20101884205D1FFE7F0
:101CE0000198006902990863FFE7029901204861A1
:101CF00002980069C00730B1FFE70299086920F037
:101D000001000861FFE703B07047000080B582B0B2
:101D1000ADF80600BDF80600EEF786FB00F0A4FD66
:101D200002B080BD80B582B0ADF80600BDF80600F7
:101D3000FDF7F2FD00F0B8FD02B080BD82B0019069
:101D40000198406E40B9FFE701990120A1F86A00AF
:101D50000199A1F8680034E008208DF803008DF89F
:101D60000200019800688068C0F342608DF80100AD
:101D7000019800688068400F8DF800009DF802000F
:101D80009DF8002045F25423C0F60103995C00FB46
:101D900001F045F24C21C0F601018A5CB0FBF2F083
:101DA000019AA2F86A009DF803009DF801209B5C4F
:101DB00000FB03F0895CB0FBF1F00199A1F8680029
:101DC000FFE702B07047000081B00090009890F8E3
:101DD0002800000700280BD5FFE70098006840683E
:101DE00020F40040009A1168926B10434860FFE7AE
:101DF000009890F82800C00758B1FFE700980068E5
:101E0000406820F40030009A1168D26A104348609C
:101E1000FFE7009890F82800800700280BD5FFE71F
:101E200000980068406820F48030009A1168126BB6
:101E300010434860FFE7009890F82800400700280A
:101E40000BD5FFE700980068406820F48020009AD6
:101E50001168526B10434860FFE7009890F8280023
:101E6000C00600280BD5FFE700980068806820F4C2
:101E70008050009A1168D26B10438860FFE7009889
:101E800090F82800800600280BD5FFE7009800682E
:101E9000806820F40050009A1168126C104388602A
:101EA000FFE7009890F82800400600281CD5FFE7BF
:101EB00000980068406820F48010009A1168526C05
:101EC000104348600098406CB0F5801F0BD1FFE7CD
:101ED00000980068406820F4C000009A1168926C75
:101EE00010434860FFE7FFE7009890F828000006DD
:101EF00000280BD5FFE700980068406820F4002018
:101F0000009A1168D26C10434860FFE701B0704737
:101F100080B588B0069006990020C1F89000F4F7CB
:101F200009FD0590069800680068000700282FD575
:101F3000FFE70698059B6A466FF07E4111604FF4FB
:101F40000011002200F0BAFB08B3FFE7FFE7FFE74C
:101F50000698006850E8000F20F080000490FFE72A
:101F600004990698026842E800100028F0D1FFE7C3
:101F7000FFE706992020C1F88800FFE706990020B6
:101F800081F88400FFE703208DF81F005FE0FFE782
:101F90000698006800684007002842D5FFE70698C9
:101FA000059B6A466FF07E4111604FF4800100226C
:101FB00000F084FBA0B3FFE7FFE7FFE706980068A7
:101FC00050E8000F20F490700390FFE70399069803
:101FD000026842E800100028F0D1FFE7FFE7FFE7C2
:101FE000FFE70698006850E8020F20F00100029019
:101FF000FFE702990698026842E802100028F0D133
:10200000FFE7FFE706992020C1F88C00FFE706995B
:10201000002081F88400FFE703208DF81F0016E000
:10202000FFE706992020C1F888000699C1F88C00C6
:1020300006990020C86606990867FFE70699002000
:1020400081F88400FFE700208DF81F00FFE79DF86E
:102050001F0008B080BD000080B582B001900198DB
:10206000C06D009000990020A1F85E000098FCF778
:102070009DFB02B080BD000080B584B00390039842
:10208000C06D02900298D0F8880001900298D0F8B4
:102090008C000090029800688068000600280CD52B
:1020A000FFE70198212808D1FFE702990020A1F855
:1020B0005600029800F0C8F8FFE7029800688068B0
:1020C000400600280CD5FFE70098222808D1FFE73A
:1020D00002990020A1F85E00029800F043F8FFE7A3
:1020E0000299D1F8900040F01000C1F890000298D9
:1020F000FCF75CFB04B080BD80B584B0039003980E
:10210000C06D02900398006D812818D0FFE70299F6
:102110000020A1F85600FFE7FFE70298006850E8AA
:10212000000F40F040000190FFE70199029802681B
:1021300042E800100028F0D1FFE7FFE703E0029833
:10214000FDF7A0F8FFE704B080BD000080B582B0C5
:1021500001900198C06D00900098FDF797F802B0CB
:1021600080BD000084B00390FFE7FFE7039800689C
:1021700050E8000F20F490700290FFE70299039856
:10218000026842E800100028F0D1FFE7FFE7FFE710
:10219000FFE70398006850E8020F4FF6FE71CEF695
:1021A000FF7108400190FFE701990398026842E837
:1021B00002100028EDD1FFE7FFE70398C06E012869
:1021C00014D1FFE7FFE7FFE70398006850E8000F2E
:1021D00020F010000090FFE700990398026842E8A1
:1021E00000100028F0D1FFE7FFE7FFE70399202068
:1021F000C1F88C0003990020C8660399486704B0B1
:102200007047000080B582B00190FFE7FFE70198BA
:10221000006850E8000F20F040000090FFE70099B0
:102220000198026842E800100028F0D1FFE7FFE7BC
:1022300001992020C1F88800019900208867019841
:10224000FDF720F802B080BD83B00290FFE7FFE702
:102250000298006850E8000F20F0C0000190FFE7EE
:1022600001990298026842E800100028F0D1FFE7C7
:10227000FFE7FFE7FFE70298006850E8020F20F44D
:1022800000000090FFE700990298026842E80210FF
:102290000028F0D1FFE7FFE702992020C1F888006D
:1022A00003B0704780B58AB0099000208DF8130004
:1022B0000998006842F20041C4F20041884209D006
:1022C000FFE70998006842F20041C5F200418842E8
:1022D00001D1FFE700E0FFE7099988680B694A69C7
:1022E000C9691843104308430890099800680068BA
:1022F00046F6F311CCF6FF71084008990843099996
:102300000968086009980068406820F44050099AFC
:102310001168D2681043486009988069089009984C
:10232000006842F20041C4F2004188420FD0FFE74A
:102330000998006842F20041C5F20041884206D087
:10234000FFE70998016A089808430890FFE7099891
:10235000006880684FF2FF41C1F2FF110840089900
:10236000084309990968886009980068C06A20F0E4
:102370000F00099A1168526A1043C862FFE7099872
:10238000006843F60001C4F20101884203D1FFE76F
:1023900001200690A3E00998006844F20041C4F2CD
:1023A0000001884203D1FFE70220069096E00998D9
:1023B000006844F60001C4F20001884203D1FFE73F
:1023C0000420069089E00998006844F60041C4F2B0
:1023D0000001884203D1FFE7082006907CE00998BD
:1023E000006845F20001C4F20001884203D1FFE712
:1023F000102006906FE00998006846F20041C4F290
:102400000001884203D1FFE72020069062E009988E
:10241000006847F60001C4F20001884203D1FFE7DB
:102420004020069055E00998006847F60041C4F244
:102430000001884203D1FFE78020069048E0099818
:10244000006848F20001C4F20001884204D1FFE7AD
:102450004FF4807006903AE00998006846F6000153
:10246000C4F20001884204D1FFE74FF400700690E7
:102470002CE00998006846F60041C4F20001884249
:1024800004D1FFE74FF4806006901EE009980068D1
:1024900048F20041C4F20001884204D1FFE74FF442
:1024A0000060069010E00998006842F20041C4F212
:1024B0000041884204D1FFE74FF48050069002E0CB
:1024C00000200690FFE7FFE7FFE7FFE7FFE7FFE7F2
:1024D000FFE7FFE7FFE7FFE7FFE7FFE7FFE7FFE7CC
:1024E0000998006842F20041C4F20041884209D0D4
:1024F000FFE70998006842F20041C5F200418842B6
:102500005CD1FFE706980021F5F760F80290029889
:10251000002852D0FFE7029809994A6A45F25C21E7
:10252000C0F6010131F81210B0FBF1F003900398EE
:102530000999496801EB4101884207D3FFE70398F5
:1025400009994968B0EB013F04D9FFE701208DF8F4
:10255000130031E0029809994A6800924A6A45F2EC
:102560005C21C0F6010131F81220002301931946C5
:10257000EDF78AFE009A019B090241EA1061000210
:1025800010EB520041F10001EDF77EFE0590059839
:10259000B0F5407F0BD3FFE705990020B0EB115F4A
:1025A00005D1FFE7059809990968C86003E0012093
:1025B0008DF81300FFE7FFE7FFE76FE00998C069B8
:1025C000B0F5004F3CD1FFE706980021F4F7FEFF7D
:1025D0000290029898B3FFE70298099A5168536AEB
:1025E00045F25C22C0F6010232F81320B0FBF2F093
:1025F000400000EB5100B0FBF1F005900598102869
:1026000018D3FFE7BDF81600A0B9FFE7059820F042
:102610000F00ADF81E00059800F00E01BDF81E0079
:1026200040EA5100ADF81E00BDF81E000999096886
:10263000C86003E001208DF81300FFE7FFE72CE0FE
:1026400006980021F4F7C2FF0290029820B3FFE73A
:102650000298099A5168536A45F25C22C0F6010259
:1026600032F81320B0FBF2F000EB5100B0FBF1F0B8
:102670000590059810280AD3FFE7BDF8160030B979
:10268000FFE7BDF8140009990968C86003E001205C
:102690008DF81300FFE7FFE7FFE7FFE70999012047
:1026A000A1F86A000999A1F8680009990020486713
:1026B000099988679DF813000AB080BD80B586B07F
:1026C000DDF820C0049003918DF80B200193FFE703
:1026D00004980068C06903990840401AB0FA80F075
:1026E00040099DF80B10884266D1FFE70898013039
:1026F000002860D0FFE7F4F71DF90199401A089906
:10270000884203D8FFE7089820B9FFE703208DF837
:10271000170055E00498006800684007002849D574
:10272000FFE70398802845D0FFE70398402841D071
:10273000FFE704980068C06900F008010120B0EBD1
:10274000D10F16D1FFE704980168082000900862B5
:102750000498FFF707FD00980499C1F89000FFE77F
:102760000499002081F88400FFE701208DF817000C
:1027700026E004980068C06900F400610120B0EB15
:10278000D12F16D1FFE7049801684FF4006008626A
:102790000498FFF7E7FC04992020C1F89000FFE7B8
:1027A0000499002081F88400FFE703208DF81700CA
:1027B00006E0FFE7FFE78BE700208DF81700FFE753
:1027C0009DF8170006B080BD80B540F6FC20C2F22F
:1027D0000000FBF7FFFF80BD84B08DED030A02907F
:1027E00001919DED030A029890ED001A30EE410A26
:1027F0008DED000A9DED001A029890ED002A9FEDE4
:10280000160A21EE001A31EE021A80ED001A019824
:1028100090ED001A9DED002A22EE000A20EE020A39
:1028200030EE010A9FED0D1A20EE010A80ED000A3C
:10283000019890ED000A9FED0A1AB4EE410AF1EEFC
:1028400010FA07DAFFE7019941F26F20C3F68320FF
:102850000860FFE704B07047CDCC4C3D3333733F85
:102860006F12833AFFE7FEE740F2F420C2F2000065
:10287000026840F20841C2F200010A60C2684A6080
:1028800042688A600069002818BF012008737047F9
:1028900040F20450C2F20000007C40F21841C2F243
:1028A000000108707047000080B584B040F290408D
:1028B000C2F20000EFF70CF8CDED031A8DED021A0D
:1028C000CDED010A8DED000A40F28030C2F2000029
:1028D000C26840F22401C2F200010A6002694A6043
:1028E00042698A600268CA6042680A618068486119
:1028F00040F2E450C2F2000002688A614268CA6194
:102900008068086200984862019888620298C862EC
:102910000398086304B080BD80B584B040F23450A1
:10292000C2F20000008840F21C41C2F20001039193
:10293000088000F05FFC0399887040F6AC50C2F24A
:102940000000C07850B1FFE700F030FC00F078F8EC
:1029500040F21C41C2F20001C870FFE700F0C8FB62
:1029600000F096F840F21C41C2F200010291087199
:1029700040F23450C2F200000190D0F805208A6085
:10298000D0F80920CA60D0F80D200A61D0F81120D3
:102990004A61D0F815208A61D0F81920CA61D0F8B0
:1029A0001D200A62D0F821204A62D0F825008862F2
:1029B00040F26450C2F200000088888500F02CFCD0
:1029C000029981F82E0040F6AC50C2F20000007966
:1029D00058B1FFE700F0FCFB00F032F840F21C4178
:1029E000C2F2000181F82F00FFE700F0CFFB00F0FA
:1029F0004FF840F21C41C2F2000181F8300040F271
:102A00006450C2F20000D0F805204A63D0F80920D3
:102A10008A63D0F80D20CA63D0F811200A64D0F878
:102A200015204A64D0F819208A64D0F81D20CA64A1
:102A3000D0F821200A65D0F82500486504B080BD93
:102A400082B08DF806009DF8060001460091052829
:102A500015D80099DFE801F0031307130B0F0220CC
:102A60008DF807000FE003208DF807000BE004202D
:102A70008DF8070007E001208DF8070003E0002033
:102A80008DF80700FFE79DF8070002B070470000CF
:102A900082B0ADF80400BDF8040001460091192889
:102AA0000CD0FFE7009832280CD0FFE700984B28A5
:102AB0000CD0FFE7009864280CD00FE001208DF8BF
:102AC00007000FE002208DF807000BE003208DF8CF
:102AD000070007E004208DF8070003E000208DF8D0
:102AE0000700FFE79DF8070002B0704780B588B087
:102AF0000690ADF8161040F25820C2F20000C06AED
:102B00000490069850B1FFE7BDF8160030B1FFE71A
:102B1000BDF81600B0F5807F0BD3FFE740F65051AB
:102B2000C2F20001886D013088656FF001000790E6
:102B30007CE0049838B1FFE740F25820C2F2000070
:102B4000C06858B9FFE740F65051C2F20001886DE5
:102B5000013088656FF00600079067E00498FBF786
:102B600029FE20280BD0FFE740F65051C2F20001A9
:102B7000886D013088656FF00300079056E00020F3
:102B8000ADF80A00FFE7BDF80A00BDF8161088424C
:102B900012DAFFE70698BDF80A2050F8220040F646
:102BA000B451C2F2000141F82200FFE7BDF80A006B
:102BB0000130ADF80A00E6E7BDF816008000ADF878
:102BC0000E00BDF80E0040F6B452C2F20002002121
:102BD0001154BDF80E0010444170BDF80E0083186A
:102BE00080209870BDF80E0083187F20D870BDF843
:102BF0000E000430ADF80C0040F25820C2F2000084
:102C0000D0F80CC0BDF80C30E04701900198B0F14D
:102C1000FF3F08DCFFE740F65051C2F20001886D2B
:102C200001308865FFE701980790FFE7079808B033
:102C300080BD000080B582B0002001900090FFE7C9
:102C40009DED000A02F020F88DED010A01A8012196
:102C5000FFF74CFF9DED000A9FED041A30EE010ACC
:102C60008DED000A6420F2F77DFCE9E7CDCCCC3D88
:102C700081B0ADF80200BDF9020000280ED4FFE7D4
:102C8000BDF9021001F01F02012090404A094EF2E6
:102C90000011CEF2000141F82200FFE701B07047B9
:102CA0004EF60C50CEF200000068C0F302207047D0
:102CB00082B0ADF806000091BDF9060000280AD4E4
:102CC000FFE700980001BDF906104EF20042CEF277
:102CD000000288540BE000980001BDF8061001F0D6
:102CE0000F014EF61452CEF200028854FFE702B0F4
:102CF0007047000083B00290029800F00700009037
:102D00004EF60C51CEF200010868019001984FF682
:102D1000FF02104001900198009A40EA0220002230
:102D2000C0F2FA52104301900198086003B0704756
:102D300080B584B08DF80B008DF80A1001929DF8D3
:102D40000B0048B1FFE79DF80B00012804D0FFE716
:102D50006FF00100039037E09DF80B00012100F0B7
:102D60002BFB9DF80B009DF80A1000F031F848B1DC
:102D7000FFE79DF80B00002100F01EFB4FF0FF3035
:102D8000039021E0F3F7D6FD0090FFE79DF80B00DC
:102D900000F0BEF9012814D1FFE7F3F7CBFD00994D
:102DA000401A0199884204D3FFE70198013018B90D
:102DB000FFE7019820B9FFE76FF00200039003E0FE
:102DC000E4E700200390FFE7039804B080BD000013
:102DD00080B582B08DF803008DF802109DF80300D5
:102DE00028B9FFE74FF44470ADF800000EE09DF8FD
:102DF0000300012805D1FFE740F21130ADF80000D3
:102E000003E06FF0010001900CE0FFE7BDF8000067
:102E10009DF8022040F2CC51C2F20001EDF750FCC7
:102E20000190FFE7019802B080BD000080B58AB034
:102E30000020089007900690F0F78AFC58B1FFE751
:102E400040F65051C2F20001086B013008634FF0A8
:102E5000FF30099077E001200090F3F793FE022005
:102E60000190F3F78FFE08200290F3F78BFE2020ED
:102E70000390F3F787FE0098019940F64003C4F2EF
:102E800002431A6842F0FF021A6040F60003C4F2DF
:102E900002431A6842F080021A60002205920792EB
:102EA0000891069006A80490F3F77CFE0199049817
:102EB0000691F3F777FE029904980691F3F772FEF4
:102EC000039904980691F3F76DFE0598F0F7FAF967
:102ED00040B1FFE740F65051C2F20001086B0130EB
:102EE0000863FFE70020F0F7DFF940B1FFE740F6A5
:102EF0005051C2F20001086B01300863FFE7002067
:102F0000F0F7C4F940B1FFE740F65051C2F20001BA
:102F1000086B01300863FFE740F64001C4F202414C
:102F2000086840F0FF00086072B6F3F7C5FE62B6AD
:102F300040F65051C2F20001486B013048634FF037
:102F4000FF300990FFE709980AB080BD80B501F015
:102F500055F808B9FFE734E040F20160C2F2000022
:102F6000007840F20261C2F200010978884228D05C
:102F7000FFE740F20160C2F20000017840F2F25037
:102F8000C2F20000415C002001F04EF840B1FFE7C2
:102F900040F65051C2F20001886B0130886310E0A6
:102FA00040F20161C2F200010878013041F21212D0
:102FB000C1F21112A0FB0232C2EB0212801A087099
:102FC000FFE780BD83B00190019800900F284AD898
:102FD0000099DFE801F0080C1014181C2024282C9C
:102FE0003034383C404400208DF80B003FE0012095
:102FF0008DF80B003BE002208DF80B0037E003203A
:103000008DF80B0033E004208DF80B002FE0052035
:103010008DF80B002BE006208DF80B0027E0072031
:103020008DF80B0023E008208DF80B001FE00C202A
:103030008DF80B001BE010208DF80B0017E014201A
:103040008DF80B0013E018208DF80B000FE0202006
:103050008DF80B000BE030208DF80B0007E04020CE
:103060008DF80B0003E000208DF80B00FFE79DF8C2
:103070000B0003B07047000080B582B0009000984C
:1030800020B9FFE76FF00100019014E040F6AC506A
:10309000C2F20000407918B9FFE7052001900AE06C
:1030A000009840F65C41C2F200013022EDF71DF9B4
:1030B00000200190FFE7019802B080BD80B582B08A
:1030C0000090009820B9FFE76FF0010001900BE03D
:1030D000009840F65C41C2F2000130313022EDF739
:1030E00004F900200190FFE7019802B080BD0000C4
:1030F00080B58CB040F65C40C2F2000000F13001B7
:1031000068463022EDF7F1F8BDF803000CB080BD41
:1031100082B08DF803009DF8030040B9FFE740F648
:103120005C40C2F2000090F8A200019011E09DF80E
:103130000300012808D1FFE740F65C40C2F200001E
:1031400090F8A300019004E0FFE76FF00100019008
:10315000FFE7019802B0704780B582B000900098F8
:1031600020B9FFE76FF0010001900BE0009840F6F6
:103170005C41C2F2000160313022EDF7B6F8002068
:103180000190FFE7019802B080BD000080B58CB0CF
:1031900040F65C40C2F2000000F160016846302257
:1031A000EDF7A3F8BDF803000CB080BD80B58CB07E
:1031B00040F65C40C2F2000000F130016846302267
:1031C000EDF793F89DF8020000F00F000CB080BD01
:1031D00080B58CB040F65C40C2F2000000F16001A6
:1031E00068463022EDF781F89DF8020000F00F00EC
:1031F0000CB080BD80B58CB040F65C40C2F20000DF
:1032000000F1300168463022EDF76FF89DF80200BA
:1032100000090CB080BD000080B58CB040F65C4069
:10322000C2F2000000F1600168463022EDF75DF85F
:103230009DF8020000090CB080BD000080B582B08E
:1032400040F2F000C2F20000006820B9FFE74FF042
:10325000FF30019007E040F2F000C2F20000016888
:1032600088470190FFE7019802B080BD80B582B029
:1032700040F2F000C2F20000406820B9FFE74FF0D2
:10328000FF30019007E040F2F000C2F20000416818
:1032900088470190FFE7019802B080BD83B08DF8A8
:1032A00007009DF8070001460091402800F2548075
:1032B0000099DFE801F02124272A2D3033363951D7
:1032C00051513C5151513F51515142515151455130
:1032D00051515151515148515151515151515151E7
:1032E0005151515151514B515151515151515151D4
:1032F0005151515151514E000020029030E00120B7
:1033000002902DE0022002902AE00320029027E0A4
:103310000420029024E00520029021E00620029083
:103320001EE0072002901BE00820029018E0092010
:10333000029015E00A20029012E00B2002900FE0AC
:103340000C2002900CE00D20029009E00E2002906B
:1033500006E00F20029003E04FF0FF300290FFE7FD
:10336000029803B07047000080B5FDF7F3F980BD07
:1033700080B584B0ADF80A0001918DF8032040F2C9
:10338000F000C2F20000C06820B9FFE74FF0FF3044
:1033900003900DE040F2F000C2F20000D0F80CC043
:1033A000BDF80A10019A9DF80330E0470390FFE74B
:1033B000039804B080BD000081B08DF803008DF843
:1033C00002109DF8030048B9FFE79DF8020040F69F
:1033D0005C41C2F2000181F8A200FFE79DF8030002
:1033E000012809D1FFE79DF8020040F65C41C2F2D6
:1033F000000181F8A300FFE701B0704780B582B0FB
:1034000000200190F3F7D4FAFEF7CCF9FDF774F938
:10341000FCF740FEFCF722FEFCF7D2FFFCF7A8FD0C
:10342000FCF796FFFCF74AFFFCF7BCFDFDF738F808
:10343000FDF764F8FDF7AAF8FCF752FFFCF7FAFC79
:10344000FCF7E2FDFCF7F4FFFCF742FDFEF73CF869
:1034500040B1FFE740F65051C2F200010868013068
:10346000086002E0FFF7E6FBFFE7FFE7FEE700008A
:1034700080B582B00090009820B9FFE76FF001009E
:10348000019019E0009801210022F2F78DF820B197
:10349000FFE76FF0050001900EE000984FF4002167
:1034A0000022F2F781F820B1FFE76FF005000190EC
:1034B00002E000200190FFE7019802B080BD00000B
:1034C000B0B58EB00C900C980B900B9820B9FFE71C
:1034D0006FF001000D9044E10B98406B0A900B983F
:1034E000806B0990FFE70B98C06A4021F2F7D6FA8B
:1034F000002800F03381FFE70A984021ECF70EFF27
:103500000B98D0F81CC00A9A02F1440102F1400362
:10351000E04720B1FFE76FF005000D9021E10A9828
:10352000406C0790002845D0FFE70798012800F07D
:103530009180FFE70798022800F0DE80FFE70798F8
:10354000032800F0F180FFE7079840F2033188423A
:1035500040F00281FFE709983021ECF7DFFE09997E
:1035600005910A9C069420686268A368D4F80CC090
:10357000D4F810E065694D61C1F810E0C1F80CC0E5
:103580008B604A600860A069E269236AD4F824C0AD
:10359000D4F828E0E46ACC62C1F828E0C1F824C07D
:1035A0000B62CA61886140F6AC51C2F20001012091
:1035B0004871D2E00A98B0F84000302849D1FFE7BE
:1035C000F3F7B8F908900998D0F8900040B1FFE7F8
:1035D00008980999D1F89020801AC1F8980004E061
:1035E00009990020C1F89800FFE708980999C1F8E7
:1035F0009000099830303021ECF790FE0999039142
:103600000A9C049420686268A368D4F80CC0D4F8BB
:1036100010E065694D64C1F840E0C1F83CC08B63BF
:103620004A630863A069E269236AD4F824C0D4F825
:1036300028E0E46ACC65C1F858E0C1F854C00B65D5
:10364000CA64886440F6AC51C2F200010120C8701F
:10365000FFE782E00A98B0F8400030284BD1FFE73E
:10366000F3F768F908900998D0F8940040B1FFE7A3
:1036700008980999D1F89420801AC1F89C0004E0B8
:1036800009990020C1F89C00FFE708980999C1F842
:103690009400099860303021ECF740FE09990191BF
:1036A0000A9C029420686268A368D4F80CC0D4F81D
:1036B00010E065694D67C1F870E0C1F86CC08B66B9
:1036C0004A660866A069E269236AD4F824C0D4F87F
:1036D00028E0E46AC1F88C40C1F888E0C1F884C0F1
:1036E000C1F88030CA67886740F6AC51C2F2000169
:1036F00001200871FFE730E00A98B0F8400050B1AF
:10370000FFE70A980078099981F8A000099900203C
:1037100081F8A20007E00999002081F8A00009992A
:1037200081F8A200FFE718E00A98B0F8400050B115
:10373000FFE70A980078099981F8A100099900200B
:1037400081F8A30007E00999002081F8A1000999F8
:1037500081F8A300FFE700E0FFE7C4E600200D903A
:10376000FFE70D980EB0B0BD80B582B00090009814
:1037700020B9FFE76FF00100019018E000980122E6
:103780001146F2F7F5F820B1FFE76FF00500019060
:103790000DE0009840210222F2F7EAF820B1FFE79D
:1037A0006FF00500019002E000200190FFE7019812
:1037B00002B080BD80B58AB00890089807900020BC
:1037C000069005900490039002900190079820B90C
:1037D000FFE76FF00100099076E00798406B482101
:1037E000ECF79CFD0798806BA421ECF797FD002077
:1037F00001900290022003900120049040F20330D7
:10380000059040F6FF7006900798C06A01A9F2F78C
:103810001FF820B1FFE76FF00500099054E0012088
:103820000290002005904FF4706006900798C06ADF
:1038300001A9F2F70DF820B1FFE76FF0050009903C
:1038400042E0022002904FF4806005904FF47060D7
:1038500006900798C06A01A9F1F7FAFF20B1FFE7C7
:103860006FF0050009902FE00798C06A69460123B0
:103870000B6002221146F2F747F820B1FFE76FF024
:103880000500099020E00798C06AFFF76DFF20B19E
:10389000FFE76FF00500099016E00798C06AF2F79D
:1038A000B5FD20B1FFE76FF0050009900CE0079827
:1038B000C06AFFF7DDFD20B1FFE76FF0050009905A
:1038C00002E000200990FFE709980AB080BD0000DF
:1038D00080B592B010900F910E920D9303A82821FD
:1038E000ECF71CFD109802900E980190029848B1D8
:1038F000FFE70F9830B1FFE70E9818B1FFE70D987A
:1039000020B9FFE76FF0010011901CE00198402101
:103910000091ECF703FD00990298C06A019B03AA8D
:10392000F2F7D6F820B1FFE76FF0050011900AE03A
:103930000698FFF747FB0D99088003980F990860D8
:1039400000201190FFE7119812B080BD80B592B0B1
:1039500010900F910E92ADF8363004A82421ECF7A8
:10396000DDFC109803900E980290039890B1FFE749
:103970000E9820B9FFE7BDF8360058B9FFE70F9958
:103980000020B0EBD12F05D1FFE7BDF8360041286C
:1039900004D3FFE76FF0010011902BE09DF8360093
:1039A000FFF77CFC01900198013020B9FFE76FF030
:1039B000010011901EE00F980490002005900690E1
:1039C0000199079108904FF4801109914FF400116B
:1039D0000A910B900C900398C06A029A04A9F1F71F
:1039E000E9FE20B1FFE76FF00500119002E0002032
:1039F0001190FFE7119812B080BD000080B584B02F
:103A00000390039802900298406B01900198426ADB
:103A1000694690479DF8000004B080BD80B586B02F
:103A200004900391049802900298C06A0190019852
:103A300018B1FFE7039820B9FFE76FF00100059088
:103A400009E001980299098EF2F746FF0399086090
:103A500000200590FFE7059806B080BD80B5ADF663
:103A6000680D8446DDF87008CDF864C8CDF860189C
:103A7000ADF85E28CDF85838ADF856080DF11600AF
:103A800003904FF40461ECF749FCFF208DF8160019
:103A9000DDF864184868098900220492F2F734FFBF
:103AA000DDF864080068DDF86018BDF85E2864235E
:103AB0000293F9F779FADDF808C00399DDF8640894
:103AC0000068DDF85828BDF85638EE46CEF800C03C
:103AD000F9F7CAFCDDF86418486809890122F2F791
:103AE00013FF04980DF6680D80BD000080B58CB002
:103AF0000A908DF827100892ADF81E30002006902D
:103B00000590FF2004900A98006820B1FFE70A980A
:103B1000406820B9FFE76FF004000B9031E09DF89A
:103B2000270040F080008DF827000A99486809892D
:103B300000220392F2F7E8FE01200290FDF774FCE8
:103B4000029A0A9800680DF1270164230193F9F79E
:103B50002BFA01990A980068089ABDF81E30EC46C5
:103B6000CCF8001004A9F9F77FFC0298FDF75CFC83
:103B7000029A0A9948680989F2F7C6FE03980B90E1
:103B8000FFE70B980CB080BD80B592B011908DF816
:103B900043100F92ADF83A30002204928DF8302095
:103BA0000B920A9209928DF82020079206920592B4
:103BB0009DF8430040F080008DF82400119948687A
:103BC0000989F2F7A1FE01200290FDF72DFC119862
:103BD0000068BDF83A1001316B4664221A608BB25E
:103BE00009A905AA0392F9F73FFC0298FDF71CFC0E
:103BF000029A119948680989F2F786FE03990F988D
:103C00000131BDF83A20ECF770FB049812B080BD8A
:103C100080B588B006908DF817100492ADF80E307C
:103C20000698006820B1FFE70698406820B9FFE7D2
:103C30006FF0040007902DE09DF8170000F07F0062
:103C40008DF8170006994868098900220292F2F758
:103C50005BFE01200190FDF7E7FB019A06980068E2
:103C60000DF1170164230093F9F79EF9009B069864
:103C700000680499BDF80E20F9F796F90198FDF750
:103C8000D3FB019A069948680989F2F73DFE02982C
:103C90000790FFE7079808B080BD000080B586B0A8
:103CA00004900391049802900298C06A01900198D0
:103CB00020B9FFE76FF0010005900FE0039800289E
:103CC00018BF01208DF8030001980299098E9DF814
:103CD0000320F2F719FE00200590FFE7059806B0D3
:103CE00080BD000080B588B0069005910492ADF8C3
:103CF0000E300698029004980190029838B1FFE7C0
:103D0000049820B1FFE7BDF80E0020B9FFE76FF07F
:103D10000100079011E00298C06A0199BDF80E20D9
:103D20004FF0FF33FBF732F920B1FFE76FF00500EA
:103D3000079002E000200790FFE7079808B080BDD9
:103D400080B588B084460A98CDF81CC00691ADF8BD
:103D500016200493ADF80E000799486809890022DF
:103D60000292F2F7D1FD079800680699BDF8162077
:103D700064230193F9F718F9019B079800680499E7
:103D8000BDF80E20F9F710F9079948680989012252
:103D9000F2F7BAFD029808B080BD000080B588B087
:103DA000069005910492ADF80E30069802900498A2
:103DB0000190029868B1FFE7049850B1FFE7BDF8A1
:103DC0000E0030B1FFE7BDF80E00B0F5806F04D9EA
:103DD000FFE76FF0010007900FE00298C06A0199B9
:103DE000BDF80E20FBF77CF920B1FFE76FF005006E
:103DF000079002E000200790FFE7079808B080BD19
:103E000083B00190019820B9FFE700208DF80B00E6
:103E10005BE040F64C50C2F20000006868B9FFE772
:103E2000019840F64C51C2F200010860019900204F
:103E3000486201208DF80B0047E0019890F82000BF
:103E400040F64C51C2F20001096891F820108842F6
:103E50000DDAFFE740F64C51C2F200010868019A02
:103E600050620198086001208DF80B002DE040F6AB
:103E70004C50C2F2000000680090FFE70098406AD2
:103E8000C8B1FFE7019890F820000099496A91F8BD
:103E9000201088420BDAFFE70098406A01994862D7
:103EA00001980099486201208DF80B000DE0009800
:103EB000406A0090E2E70198009948620199002069
:103EC000486201208DF80B00FFE79DF80B0003B05E
:103ED0007047000082B000208DF80300FFE79DF8D6
:103EE0000300132821D8FFE79DF8030000EB4001F1
:103EF00041F2B810C2F2000000EB011090F821006E
:103F000060B9FFE79DF8030000EB400141F2B810F3
:103F1000C2F2000000EB0110019009E0FFE79DF8FC
:103F2000030001308DF80300D9E700200190FFE77E
:103F3000019802B07047000010B584B08C468646E8
:103F400007980699CDF80CE0CDF808C00192ADF8BD
:103F500002308DF801108DF8000002980399086076
:103F6000BDF80200039988829DF80100039981F849
:103F70002000EFF777FE0146039A0020D06191619F
:103F8000039988629DF80000039981F82100019847
:103F900070B1FFE70198007850B1FFE70398043053
:103FA00001990F22ECF7C5F903990020C87408E0C5
:103FB0000398043045F2AE21C0F60101ECF7C5F9D3
:103FC000FFE703990020486204B010BD82B0ADF84D
:103FD0000600ADF80410ADF80220BDF8060080051B
:103FE000BDF804106FF39F2140EA0130BDF80210C4
:103FF0006FF31F31084402B07047000080B582B0F3
:1040000040F29420C2F20000FFF7F8FC20B1FFE775
:1040100000208DF8070003E001208DF80700FFE77E
:104020009DF8070002B080BD80B584B08DF80B000C
:104030008DF80A109DF80A0020B9FFE76FF0010023
:10404000039021E040F20360C2F2000001907E2163
:10405000017005214170412181709DF80B10C170E4
:104060009DF80A100171417890F802C0C378027976
:1040700081EA0C01594051404171EF2181710721C2
:1040800000F006F80390FFE7039804B080BD00003D
:1040900080B584B00290ADF8061040F29420C2F2D0
:1040A0000000C06818B1FFE7029820B9FFE76FF081
:1040B000010003900CE040F29420C2F20000D0F81E
:1040C0000CC0029ABDF806300021E0470390FFE7DC
:1040D000039804B080BD4100080218BF04200A0EF6
:1040E00018BF40F001004FF07F4232EA010108BFE3
:1040F00040F00200012808BF0520704710B54FF0BE
:104100000E402DED028BB0EE408A18EE104A00EB07
:104110004400B0F1506F4AD84FF0FC40B0EB440F70
:1041200022D2B0EEC80AF7EE000A30EEC00AF6EE70
:10413000000A60EE208A18EE900A00F073FF01EE8C
:10414000100A14F0004F1DBFDFED2D0A9FED2D0A60
:10415000B1EE411ADFED2C0A08BF9FED2C0AF8EEF4
:10416000001A21EE218A05E0DFED290A68EE088AAF
:10417000B0EE600A9FED271ADFED271A30EE080A2D
:1041800048EE811A9FED251A08EEA11ADFED241AD8
:1041900048EE811A9FED231A08EEA11A68EE281A3C
:1041A000BDEC028B01EE810A30EE200A10BD4FF00B
:1041B000E440B0EB440F0CD918EE100AFFF78BFF68
:1041C000042808BF00F066FEB0EE480ABDEC028B82
:1041D00010BD4FF07F40B0EB440F07D2B0EE480A5D
:1041E000BDEC028BBDE8104000F03EBE012000F0A7
:1041F00013FFBDEC028BBDE8104000F03BBE000099
:104200000000C9BF22AAFDB90000C93F22AAFD399A
:104210000000000024FE1C3DC78AD83C1E67383DC4
:104220001B93993DAFAA2A3E70B54FF068422DED21
:10423000048BF0EE408A18EE900AB0EE608A18EE19
:10424000101A02EB4003B3F1654F3CBF02EB410291
:10425000B2F1654F7DD200BFC0F3C753C1F3C7525F
:104260009A1A1B2A09DD10F0004F14BF9FED830A34
:104270009FED830ABDEC048B70BD12F11A0F36DA84
:1042800011F0004F09D010F0004F0CBF9FED7D0AD8
:104290009FED7D0ABDEC048B70BD88EE889A19EE07
:1042A000100AFFF718FF042808BF00F0F3FD18EE0E
:1042B000900AFFF710FF054618EE100AFFF70BFFF4
:1042C000044619EE100AFFF706FF042D18BF052D4E
:1042D00008D1042C18BF052C04D1002804BF0220EB
:1042E00000F09AFEB0EE490ABDEC048B70BD4200AE
:1042F000B2EB410F3AD910F0004F19BFDFED630A5E
:104300009FED630ADFED630A9FED630AB0EE481A82
:104310000A46B1EE688A80F00041F0EE418A10460C
:104320000A1A5200B2F1807F34D2484010F0004F98
:10433000DFED5A1A9FED5A2A1DBFBEEE001A70EE2D
:10434000E10A30EE420AB6EE001A08BF70EEA10A8A
:1043500000E040E008BF30EE020AB0EE682A01EE4D
:10436000482A08EE818AC2EE081A15E011F0004FC3
:1043700004BF9FED4C0AF0EE400AD1D010F0004F80
:1043800019BFDFED490A9FED490ADFED490A9FEDAC
:10439000490AC5E7C8EE881A21EEA11A9FED462A00
:1043A000DFED462A41EE022A9FED452A01EE222A40
:1043B000DFED442A41EE022A9FED432ABDEC048B37
:1043C00001EE222A21EE811A01EE020A30EE210AC4
:1043D00030EE200A70BD4FF07F42B2EB400F28BF95
:1043E000B2EB410F09D2F0EE480AB0EE680ABDEC1C
:1043F000048BBDE8704000F03ABD40EA01035B0069
:1044000008BF41F0FF410BD0B2EB400F08BFB2EB49
:10441000410F08D120F0804008EE900A21F0804141
:1044200008EE101A18E7B2EB400F12BF5FEA410323
:1044300040F0FF4001F000413FF40EAFB2EB410FFE
:1044400012BF5FEA400200F0004041F0FF413FF43C
:1044500003AF4A0092EA40033FF5FEAE002AACBF2C
:104460009FED1A0A9FED1A0A68EE808A28EE008AEC
:1044700018EE900A18EE101AEEE60000DB0FC9BF26
:10448000DB0FC93FDB0F4940DB0F49C00000C9BF4C
:1044900022AAFDB90000C93F22AAFD390060ED3E05
:1044A000C30ACE3700000000000049C022AA7DBA2E
:1044B0000000494022AA7D3A2DAD65BD8FB8D53D9B
:1044C0000FB511BE61C84C3EA8AAAABE0000804F1D
:1044D0000000802F10EE101A08B5444A6846B2EB6F
:1044E000410F28D94FF0E640B0EB410F94BF0020B8
:1044F0004FF0FF3000900098002861DB60EE000A6A
:1045000010F0010F45D010F0020FDFED391A9FEDCA
:10451000391A00EEA11ADFED381A40EE811A21EEA9
:10452000A01AF0EE400A40EE010A08BFF1EE600A60
:10453000B0EE600A08BD314B21F0004293423CD9F5
:1045400011F0004FDFED2E0A20EE201ADFED2D0ACC
:1045500019BF31EE601A71EE200A31EE201A71EEA9
:10456000600ABDEEE01A11EE100A9FED271A00F066
:10457000030000EEC10A9FED251A009000EEC10A6B
:104580009FED231A00EEC10A9FED221A00EEC10A28
:10459000B1E79FED211A9FED210A10F0020F00EE06
:1045A000810A9FED1F1A00EE801AB7EE000A00EE96
:1045B000810A18BFB1EE400A08BD00F073FC9AE70B
:1045C00010EE100A4000B0F17F4F3CBFB7EE000A7A
:1045D00008BD07D14FF0010000F01EFDBDE8084006
:1045E00000F048BCBDE8084000F03EBCB61F927E1B
:1045F000336D4CB9DA82083CA0AA2ABE490E49465E
:1046000083F9223F0000004B0000C93F00A0FD39A4
:104610000020A2331A61342CB93AB2BACA9F2A3D9B
:10462000DDFFFFBE10B510EE100A2DED068BB7EEC4
:10463000001A10EE901AB0EE418A0022A0F5000C8C
:10464000DFEDFE9A4FF00073BCF1FE4F4FF07F4458
:1046500003EB410C80F0B481BCF1804FC0F02082AC
:10466000F74901449FEDF73AB1F5005F40F2D4827B
:1046700000F58021CB0C03F00F0101EE901AC3F37B
:1046800007137F3BA0EBC350B8EEE12A00EE100AFF
:104690001A44DFEDED2AF0EE411A42EE221AF0EE56
:1046A000613A70EE232A30EE632A12EE900A00F58A
:1046B00000606FF30B0001EE900A73EEE13A33EE07
:1046C000804AC1EE223A22EE230A10EE100A00F5CB
:1046D00000606FF30B0000EE100A00EE612A00EE9E
:1046E000442A62EE232A70EE221A21EEA12ADFED7F
:1046F000D73A02EE233A23EE023A20EE012A22EEC6
:10470000811A03EE211A32EE010A10EE100A00F5AA
:1047100000606FF30B0000EE100A72EE401A31EEEB
:10472000812A9FEDCB1A60EE011A9FEDCA1A20EE86
:10473000011A9FEDC90A02EE001A31EE810A10EE4D
:10474000100A00F500606FF30B0000EE100AC3487A
:1047500071EEC01A31EE812A784400EBC10090ED71
:10476000003AD0ED011A100101EE100AF8EEC12A4C
:1047700032EE211A31EE001A31EE031A31EE221A0E
:1047800011EE100A00F500606FF30B0009EE100A3D
:1047900039EE621A31EE431A31EE400A30EE610A08
:1047A00032EE40AA10EE900A002100F500606FF38F
:1047B0000B0008EE900A084670EEE8AAEBF7EDFD54
:1047C00029EE280A00F00C01F0EEC00A10EE900A63
:1047D000B0F18B4F0DDD10EE900AB4EB400F08D313
:1047E00010EE100A4FF08B4262F31E0008EE900AA2
:1047F00013E069EE2A0A38EEAA1A4AEE010A30EEF0
:10480000201A11EE100A00F500606FF30B0008EE9D
:10481000900A30EE680A70EE209A0C20EBF7BDFD8E
:1048200038EEA90AB5EEC00AF1EE10FA34BFFEEE7A
:10483000000AF6EE000A30EE800ABDEEC00A10EE65
:10484000100A011100EE101AF8EEC00A00EE100A6C
:10485000B8EEC00A38EEC00A30EE290ADFED801A41
:104860009FED801A00EE211ADFED7F1A7F4900F0DC
:104870000F0040EE011A21EE800A794401EB80011D
:1048800091ED001A7A49794401EB8001D1ED001ACB
:10489000784901EE801A794401EB8000764990ED69
:1048A000000A31EE001AB0EEE00A10EE100A88425B
:1048B00015DA10EE100AB4EB400F10D39FED6F0A1B
:1048C00030EE800ADFED6E0A20EE200A68EE010A63
:1048D000BDEC068BBCEEC00A20EE200A10BD10EE27
:1048E000100A6849884243DA10EE100AB4EB400F10
:1048F0003ED3BDEEE00A68EE010A10EE100A00EBAE
:10490000D0725110C90501F17E5100EE101AA0EBD2
:104910006200C00560EE200A00F17E5000EE100A31
:1049200060EE808A18EE900AB4EB400F0FD102209F
:1049300000F072FB00F0A6FA10EE101A18EE100A42
:10494000BDEC068B61F31E0000EE100A10BD18EEE0
:10495000900A400011D018EE900AFFF7BCFB042823
:1049600008BF00F097FAB0EE680ABDEC068B10BDE8
:10497000F5EEC00AF1EE10FA0FD2022000F04CFB67
:1049800000F088FA10EE101A18EE100ABDEC068B33
:1049900061F31E0000EE100A10BD022000F03CFB87
:1049A00000F070FA10EE101AB0EE480A10EE100A7D
:1049B000BDEC068B61F31E0000EE100A10BD00BFB7
:1049C000BCF1804F6CD300BF00F1FF43B3F1FE4F49
:1049D00024D200BFB0EEC00A10EE100AC1F3C753D4
:1049E0007F2B0DDB972BBFF63BAEC3F196034FF049
:1049F000010C0CFA03F3A3F1010C1CEA010F08D01F
:104A0000012000F009FBBDEC068BBDE8104000F072
:104A100031BA0B4218BFBFEE008A21E643001CBF2B
:104A20004FF08073B3EB400F34D96FF01A02DFED13
:104A3000161A20EE210A10EE100A27E000000000EE
:104A4000001080C0ABAAAA3E0000803D7EE24C3E32
:104A500000B03842D49AB8BB3BAA384208090000DB
:104A6000FC596337C9FF753A1872313DA60800003A
:104A7000DA0800004A0800000000FC420000FE4284
:104A80000000004B000040430000004D10F0004FBC
:104A9000A0D1E5E5A0F50003B3F1FE4F21D2DFE59B
:104AA00003EB4103B3F1007F11D3F5EEC00AF1EE41
:104AB00010FA05D1430018BFB4EB400F76D883E756
:104AC00001F0004141F0FC5100EE901A7CE7B3F197
:104AD000807F06D210EE903AA3F5000300EE903AE4
:104AE00072E720F000426FF0FF4C604C02EB0C03C9
:104AF000A34210D321F000439C44A4450BD3B0F152
:104B00007E5F18BF5FEA410C50D0B2F1FF4F98BFF3
:104B1000B3F1FF4F05D9BDEC068BBDE8104000F0A6
:104B2000A6B9B0F1FF4F0FD0C1F3C7527F2A09DBFE
:104B3000972A11DAC2F19602012303FA02F2531EF8
:104B40000B4205D0002208E011F0004F55D128E0BB
:104B50000A4218BF012200D1022210F5000F13D023
:104B600028B3B0F1004F26D010F1814F4FD04FF055
:104B7000FE42B2EB400F94BF01200020012202EB65
:104B8000E171884239D10CE011F0004F02D0012AC6
:104B900038D032E0012A02BF9FED350ABDEC068B0A
:104BA00010BD9FED340ABDEC068B10BD2FE011F057
:104BB000004F0CD121E0B1F1FF4F1ED011F5000FD5
:104BC00005D011F0004F15D00AB1012A08D00220FB
:104BD00000F022FABDEC068BBDE8104000F03AB9B7
:104BE000022000F019FA00F035F9BDEC068BB1EEA9
:104BF000400A10BD0AB1012A04D0B0EE690ABDEC2A
:104C0000068B10BDBDEC068B9FED1B0A10BDBDECE5
:104C1000068BB7EE000A10BD30EE410AB5EE001A61
:104C20009FED172A00EE413AB6EE001A60EE001A28
:104C300000EE431A61EEC11A9FED101A20EE011A20
:104C400020EE020A9FED0F2A01EE820A71EE001A91
:104C500011EE900A00F500606FF30B0009EE100AE8
:104C600031EE491A31EE00AA9CE50000FFFF3F003B
:104C7000000080FF0000807F0000008000B0B8418D
:104C8000D49A38BB3BAAB84100B510EE101A2DEDEE
:104C9000028B81B0524A6846B2EB410F2ED94FF0D9
:104CA000E640B0EB410F94BF00204FF0FF30009082
:104CB0000098B0EE408A00286ADB10F0010F4BD05C
:104CC00068EE080A9FED471A9FED470A00EE810A39
:104CD0009FED461A10F0020F00EE801AB7EE000AA0
:104CE00000EE810A02BF01B0BDEC028B00BD00BF27
:104CF00001B0B1EE400ABDEC028B00BD3C4B21F08F
:104D00000042934241D911F0004FDFED3A0A20EE04
:104D1000201ADFED390A19BF31EE601A71EE200A50
:104D200031EE201A71EE600ABDEEE01A11EE100AA3
:104D30009FED321A00F0030000EEC10A9FED301A19
:104D4000009000EEC10A9FED2F1A00EEC10A9FED00
:104D50002E1A00EEC10AABE728EE080A9FED2B1AC7
:104D6000DFED2B0A10F0020F40EE010A9FED291A29
:104D700000EE201A61EE000AB0EE480A08EE200AA2
:104D8000B6D101B0BDEC028B00BD00F08BF88FE70F
:104D900018EE100A4000B0F17F4F0DD218EE100A45
:104DA000FFF799F9042808BF00F074F8B0EE480A3C
:104DB00001B0BDEC028B00BD09D1012000F02CF93F
:104DC00001B0BDEC028B5DF804EB00F053B801B00C
:104DD000B0EE480ABDEC028B5DF804EB00F044B87D
:104DE000B61F927EB93AB2BACA9F2A3DDDFFFFBE16
:104DF000490E494683F9223F0000004B0000C93F9D
:104E000000A0FD390020A2331A61342C336D4CB957
:104E1000DA82083CA0AA2ABE10B52DED028BB1EEB5
:104E2000C08A18EE100A20F00040C0F1FF40C00F09
:104E30000AD010EE100A20F00040C0F1FF40C00F71
:104E400004BF012000F0E8F8B0EE480ABDEC028B88
:104E500010BD0000DFED030AB7EE001A81EE200A54
:104E6000704700000000000030EE000A704730EE8E
:104E7000200A7047DFED020A80EEA00A70470000AA
:104E8000000000009FED020A20EE000A70470000BB
:104E9000000000709FED020A20EE000A704700003B
:104EA000000000102DE9F0014FF07F42B2EB410FFE
:104EB0009FBF4FF0FF310160BDE8F00170474FF038
:104EC000004242EA0123C1F3C752783A551112F069
:104ED0001F0C434CCCF120067C44C1F3C752A2F115
:104EE00078024FEA621204EB820254F8254008BFB0
:104EF000D2E9015612D0556804FA0CF425FA06F7E7
:104F00003C43976805FA0CF527FA06F8D26807FAC9
:104F10000CFCF24045EA08054CEA0206A4FB034CEF
:104F2000A5FB0352A6FB03631D449D4234BF01262B
:104F300000261319334416B1934202D903E0934279
:104F400001D2012200E00022624402F1200C92060C
:104F5000DC0C42EA443200EE102A5B03DFED210A4A
:104F6000F8EEC01A00EE103A4FEA9C1C11F0004F08
:104F7000B8EE400AC0F800C020EE201A00EE105A29
:104F8000DFED190AB8EE400A20EE200A71EE810A20
:104F900070EE800A10EE902A02F500626FF30B02A9
:104FA00000EE902A70EEE11A31EEC11ADFED101A10
:104FB00030EE411A9FED0D0A20EE800A01EE210A23
:104FC0009FED0C1A00EE810A04BFBDE8F0017047A6
:104FD000CCF180510160BDE8F001B1EE400A7047AC
:104FE000C8020000000000360000802C22AAFD2923
:104FF000DB0FC92F0000C92F02E008C8121F08C12B
:10500000002AFAD170477047002001E001C1121F49
:10501000002AFBD17047000001490860704700007A
:105020000000002010B500EE100A2DED028BB1EE4D
:10503000C08A18EE100A20F00040C0F1FF40C00FF7
:105040000AD010EE100A20F00040C0F1FF40C00F5F
:1050500004BF0120FFF7E0FF18EE100ABDEC028B41
:1050600010BD000000000000000000000000B33F81
:10507000B2BE7D3A00002E40DFCF513800007E40A6
:10508000BF51FABA00E0A44019DAC3BA00E0C84040
:10509000C2ED8AB90040EB40CD1F2CBA001006418A
:1050A0002AFFFABA00C01541DFCFD13700D0244122
:1050B0009A97703A0050334189478E3600404141FB
:1050C000E75B9D3800B04E41C00A98B900A05B4133
:1050D000558F943A00306841DA92C0BA004074416A
:1050E00062B3C63A0000803F00A0853F00908B3F2E
:1050F00000C0913F0030983F00F09E3F00F0A53F78
:105100000050AD3F0000B53F0000BD3F0060C53F0F
:105110000020CE3F0040D73F00C0E03F00C0EA3F44
:105120000020F53F000000007D36AC397D3C383969
:10513000EBDCF438320A7E39124C26399B6AED39A1
:10514000A4EE83397F661E39F6398A392B426539D8
:10515000A48211395B991F39C3EECD39DDE7C6371B
:10516000A5A22F390000803FC3AA853FC2958B3F7F
:10517000D3C3913FF037983F32F59E3FD7FEA53F0E
:105180003F58AD3FF304B53FA408BD3F2A67C53F74
:105190008C24CE3FFD44D73FDFCCE03FC7C0EA3F81
:1051A0007D25F53F000000006E83F9A22915444ECD
:1051B000D15727FCC0DD34F5999562DB4190433C23
:1051C000AB6351FE00000000000000000102030478
:1051D00006070809000000000102030400010203A1
:1051E00004050607080C10141820304000000000C9
:1051F0000000003F000000000000B4420000B44284
:10520000000000000000803F0000000000000000DF
:1052100000000000000080BF00000000000000004F
:1052200000000000000080BF00000000000080BF00
:10523000000000000000000000000000000080BF2F
:105240000000803F0000000000000000080402048D
:105250000801010101010103070100000100020032
:105260000400060008000A000C00100020004000A6
:1052700080000001000000000000003F00008044AA
:105280000000204100000000F4010000494D554499
:10529000415441004C454400464443414E00494D71
:1052A0005555706461746100566F69636500556E91
:1052B0006E616D65645461736B004261726F6D6500
:1052C000746572004C6F77506F7765720000000054
:1052D000F052010800000020D8020000D0030008AE
:1052E000B0530108D8020020A05200000850010865
:1052F000610F12803F6F12833A0411042690D0038D
:10530000EB803F115904591C4904CB0102101320B2
:105310000A122035100242082808113C0108893B76
:10532000010B611A091C140402424A101C8BED3A4D
:105330001C2A901C11191C1962E91C1B70081C1CEA
:1053400008024237911E413D01085D244FB53701E7
:1053500008C1342C9B4D396C31CBD138102BA807A8
:10536000642113040D4C205C0C0C011C1A9D886AEE
:105370001D8819D411022A40F93C19D809333C057B
:105380002B04024204E93C0A36103C1A08B40A1500
:1053900001285A3D24011713FC0A0218201AE5645B
:1053A000011C4B900B3C4B1C0208298329C40000B4
:040000050800024DA0
:00000001FF
