:020000040800F2
:10000000B85200206102000825FF000825E600081C
:1000100021FF0008A5080008D91E01087302000886
:10002000000000000000000000000000E1090108DD
:10003000B127000800000000F9FF0008050D0108C5
:100040007D0200087D0200087D0200087D02000894
:100050007D0200087D0200087D0200087D02000884
:100060007D0200087D0200087D0200087D02000874
:100070007D0200087D0200087D02000811290008A9
:100080007D0200087D0200087D0200087D02000854
:100090007D0200087D0200087D0200087D02000844
:1000A0007D0200087D0200087D0200087D02000834
:1000B0007D0200087D2B00087D0200087D020008FB
:1000C0007D0200087D0200087D0200087D02000814
:1000D000000000007D0200087D02000825290008BC
:1000E000352900087D0200087D0200087D02000815
:1000F0007D0200087D0200087D0200087D020008E4
:100100007D0200087D0200088D1101087D020008B3
:100110007D0200087D0200087D0200087D020008C3
:100120007D0200087D0200083D1E01087D020008D6
:100130007D0200087D0200087D0200087D020008A3
:100140007D0200087D0200087D0200087D02000893
:100150007D0200087D0200087D0200087D02000883
:100160007D0200087D0200087D0200087D02000873
:100170007D0200087D0200087D0200087D02000863
:100180007D0200087D0200087D0200087D02000853
:100190007D0200087D0200087D0200087D02000843
:1001A0007D0200087D0200087D0200087D02000833
:1001B0007D0200087D0200087D0200087D02000823
:1001C0007D0200087D0200087D0200087D02000813
:1001D0007D0200087D0200087D0200087D02000803
:1001E0007D0200087D0200087D0200087D020008F3
:1001F0007D0200087D0200087D0200087D020008E3
:100200007D0200087D0200087D0200080000000059
:10021000000000007D020008000000007D020008D0
:100220007D0200087D0200087D0200087D020008B2
:100230007D0200087D0200087D0200087D020008A2
:100240007D0200087D0200087D020008DFF80CD066
:1002500000F0A6F8004800476D420108B85200209F
:100260000748804707480047FEE7FEE7FEE7FEE74E
:10027000FEE7FEE7FEE7FEE7FEE7FEE7FEE700003B
:10028000551001084D0200082DE9F05F05460020D9
:1002900092469B4688460646814640241BE02846F7
:1002A00041464746224600F068F853465A46C01A6F
:1002B000914110D311461846224600F04FF82D1AEE
:1002C00067EB01084F4622460120002100F046F866
:1002D00017EB00094E41201EA4F10104DFDC484663
:1002E00031462A464346BDE8F09F40EA01039B079A
:1002F00003D009E008C9121F08C0042AFAD203E09B
:1003000011F8013B00F8013B521EF9D27047D2B2FE
:1003100001E000F8012B491EFBD270470022F6E7EE
:1003200010B513460A4604461946FFF7F0FF20466B
:1003300010BD10B5044604E00B7800F8013B03B192
:10034000491C521EF8D2204610BD034611F8012B5D
:1003500000F8012B002AF9D118467047202A04DB47
:10036000203A00FA02F1002070479140C2F12003C8
:1003700020FA03F3194390407047202A04DB203A07
:1003800021FA02F00021704721FA02F3D040C2F1B5
:100390002002914008431946704700207047000032
:1003A0001CB509480090094801900546009C06E0EC
:1003B000E06840F0010394E8070098471034AC422D
:1003C000F6D3FFF747FF00002862010848620108E2
:1003D00070B58C1810F8015B15F0070301D110F807
:1003E000013B2A1106D110F8012B03E010F8016B34
:1003F00001F8016B5B1EF9D12B0705D40023521EB7
:100400000DD401F8013BFAE710F8013BCB1A921C1E
:1004100003E013F8015B01F8015B521EF9D5A1421C
:10042000D8D3002070BD000080B586B0049040F2A3
:100430001472C2F20002002050611061D06090601E
:10044000506010602C211170049A0121019111F06B
:10045000FFFF01990390049A084611F0F9FF0290FA
:10046000039818B1FFE70398059008E0029818B1C7
:10047000FFE70298059002E000200590FFE705984D
:1004800006B080BD80B582B012F0D0FA019001981C
:1004900002B080BD80B584B0ADF80A0001918DF83E
:1004A0000320BDF80A0040F2FE71884207DCFFE736
:1004B000019820B1FFE79DF8030020B9FFE76FF036
:1004C0000100039008E0BDF80A0001999DF803209F
:1004D00012F046FB0390FFE7039804B080BD0000D4
:1004E00080B584B0ADF80E0012F036FB40F24060EB
:1004F000C2F2000012F0B8F90190019818B9FFE7B4
:1005000011F00AFD0DE00198B0F1FF3F08DCFFE7B4
:1005100040F68861C2F20001886901308861FFE716
:10052000FFE740F27060C2F2000012F0BFF940B184
:10053000FFE740F68861C2F20001C8690130C86176
:10054000FFE740F2A060C2F2000012F0FDF940B1F6
:10055000FFE740F68861C2F20001086A01300862D4
:10056000FFE711F01DFD40F26C00C2F200000078C0
:1005700038B9FFE740F22841C2F2000100200860CC
:1005800047E040F6E060C2F20000407990B9FFE732
:1005900040F6E060C2F20000C07858B9FFE740F6CC
:1005A000E060C2F20000007920B9FFE76420ADF8F6
:1005B000020003E00520ADF80200FFE7BDF80E20C1
:1005C00040F22840C2F20000016811440160006856
:1005D000BDF8021088421CD3FFE740F22841C2F266
:1005E00000010020086005F02FF8CDF80A0040F265
:1005F00002300DF10A01042212F0B2FA40B1FFE715
:1006000040F68861C2F20001486901304861FFE7A5
:10061000FFE704B080BD000080B582B0ADF80600F1
:10062000BDF8060040B1FFE740F26D00C2F20000E5
:100630000078022801D0FFE70BE002F0E5F840B1B6
:10064000FFE740F68861C2F20001086D01300865DD
:10065000FFE702B080BD000080B584B040F6040022
:10066000C4F20240006800F040010020B0EB911F8E
:1006700004D1FFE711F082FF039065E002F0E2F899
:1006800020B1FFE74FF0FF3003905DE00DF1070070
:1006900002F0DCF820B1FFE74FF0FF30039053E0A9
:1006A0009DF8070020B9FFE711F068FF03904BE0C9
:1006B0009DF807008DF8060004F0C6FF0290FFE7E2
:1006C00004F0C2FF0299401AC0087C281DD8FFE739
:1006D0000DF1070002F0BAF820B1FFE74FF0FF304C
:1006E000039031E09DF807109DF8060008408DF852
:1006F00006009DF8060020B9FFE711F03FFF0390C8
:1007000022E00A2003F0ACFDDAE7012005F0C4F88E
:10071000022005F0C1F8082005F0BEF8202005F001
:10072000BBF840F64001C4F20241086840F0FF0007
:10073000086040F60001C4F20241086840F0800001
:10074000086000200390FFE7039804B080BD00001C
:1007500080B540F2D061C2F200010020087002F0C2
:1007600071F880BD80B582B0ADF8060040F2D0606F
:10077000C2F200000078F0B9FFE740F6E060C2F294
:100780000000C078B0B1FFE740F6E060C2F20000C0
:10079000007978B1FFE712F025F920B1FFE712F0F8
:1007A00033F938B9FFE740F2D061C2F2000101200D
:1007B0000870FFE714E00DF1050002F047F840B1C2
:1007C000FFE740F68861C2F20001C86A0130C862E2
:1007D00006E09DF8050018B9FFE711F0CFFEFFE72E
:1007E00002B080BD80B584B08DF80B009DF80B0081
:1007F000652804D3FFE76FF00100039014E09DF833
:100800000B0018B9FFE76A20019003E09DF80B0088
:100810000190FFE701988DF80A009DF80A1000206A
:1008200014F0D0FA0390FFE7039804B080BD0000F5
:1008300080B582B0ADF8060040F6E060C2F200007C
:100840008079012807D0FFE740F22C41C2F2000175
:100850000020087024E040F22C40C2F20000007832
:1008600070B9FFE704F0F0FE40F23041C2F200013F
:10087000086040F22C41C2F20001012008700FE034
:1008800004F0E2FE40F23041C2F200010968401A71
:1008900000097C2801D8FFE702E011F03FFFFFE7E5
:1008A00002B080BDFFE7FEE784B0029001910092A4
:1008B00002980199884203DAFFE7019803900AE061
:1008C00002980099884203DDFFE70098039002E058
:1008D00002980390FFE7039804B0704785B0049036
:1008E0000498006A039004980068406920F443006B
:1008F00003990843049909684861049B1A69586977
:100900009969DB6918431043084303900498016810
:1009100001205022C4F202029142029000F067814D
:10092000FFE70498016801205022C5F202029142BB
:10093000029000F05C81FFE7049801680120D0225A
:10094000C4F202029142029000F05181FFE7049844
:1009500001680120D022C5F202029142029000F00B
:100960004681FFE704980168012040F25012C4F26A
:1009700002029142029000F03A81FFE70498016878
:10098000012040F25012C5F202029142029000F0A2
:100990002E81FFE704980168012040F2D012C4F2D2
:1009A00002029142029000F02281FFE70498016860
:1009B000012040F2D012C5F202029142029000F0F2
:1009C0001681FFE704980168012040F25022C4F22A
:1009D00002029142029000F00A81FFE70498016848
:1009E000012040F25022C5F202029142029000F032
:1009F000FE80FFE704980168012040F2D022C4F293
:100A000002029142029000F0F280FFE70498016830
:100A1000012040F2D022C5F202029142029000F081
:100A2000E680FFE704980168012040F25032C4F2EA
:100A300002029142029000F0DA80FFE70498016818
:100A4000012040F25032C5F202029142029000F0C1
:100A5000CE80FFE704980168012040F2D032C4F252
:100A600002029142029000F0C280FFE70498016800
:100A7000012040F2D032C5F202029142029000F011
:100A8000B680FFE704980168012041F25002C4F2E9
:100A900002029142029000F0AA80FFE704980168E8
:100AA000012041F25002C5F202029142029000F090
:100AB0009E80FFE704980168012041F2D002C4F251
:100AC00002029142029000F09280FFE704980168D0
:100AD000012041F2D002C5F202029142029000F0E0
:100AE0008680FFE704980168012041F25012C4F2A9
:100AF0000202914202907AD0FFE704980168012037
:100B000041F25012C5F20202914202906FD0FFE70B
:100B100004980168012041F2D012C4F2020291420D
:100B2000029064D0FFE704980168012041F2D012DE
:100B3000C5F202029142029059D0FFE70498016881
:100B4000012041F25022C4F20202914202904ED0A2
:100B5000FFE704980168012041F25022C5F2020229
:100B60009142029043D0FFE704980168012041F2CE
:100B7000D022C4F202029142029038D0FFE70498DA
:100B80000168012041F2D022C5F202029142029096
:100B90002DD0FFE704980168012041F25032C4F2E1
:100BA00002029142029022D0FFE7049801680120DE
:100BB00041F25032C5F202029142029017D0FFE793
:100BC00004980168012041F2D032C4F2020291423D
:100BD00002900CD0FFE7049800684EF63041CAF648
:100BE000FD710844B0FA80F040090290FFE70298D6
:100BF000C007B8B1FFE70498426A836AC06A00215F
:100C0000CFF6F07101EB035101F07C7108436FF0F6
:100C10000F0101EB021101F47C71014303980843B9
:100C20000390FFE704980068006C00F080200399AF
:100C30000843049909680864049988680A7910438C
:100C4000096B084303900498C068B0F5806F40F0CA
:100C50007C81FFE70498016801205022C4F202025F
:100C60009142019000F06781FFE70498016801203C
:100C70005022C5F202029142019000F05C81FFE730
:100C8000049801680120D022C4F20202914201902E
:100C900000F05181FFE7049801680120D022C5F2DD
:100CA00002029142019000F04681FFE7049801683A
:100CB000012040F25012C4F202029142019000F071
:100CC0003A81FFE704980168012040F25012C5F212
:100CD00002029142019000F02E81FFE70498016822
:100CE000012040F2D012C4F202029142019000F0C1
:100CF0002281FFE704980168012040F2D012C5F27A
:100D000002029142019000F01681FFE70498016809
:100D1000012040F25022C4F202029142019000F000
:100D20000A81FFE704980168012040F25022C5F2D1
:100D300002029142019000F0FE80FFE704980168F2
:100D4000012040F2D022C4F202029142019000F050
:100D5000F280FFE704980168012040F2D022C5F23A
:100D600002029142019000F0E680FFE704980168DA
:100D7000012040F25032C4F202029142019000F090
:100D8000DA80FFE704980168012040F25032C5F292
:100D900002029142019000F0CE80FFE704980168C2
:100DA000012040F2D032C4F202029142019000F0E0
:100DB000C280FFE704980168012040F2D032C5F2FA
:100DC00002029142019000F0B680FFE704980168AA
:100DD000012041F25002C4F202029142019000F05F
:100DE000AA80FFE704980168012041F25002C5F291
:100DF00002029142019000F09E80FFE70498016892
:100E0000012041F2D002C4F202029142019000F0AE
:100E10009280FFE704980168012041F2D002C5F2F8
:100E200002029142019000F08680FFE70498016879
:100E3000012041F25012C4F20202914201907AD094
:100E4000FFE704980168012041F25012C5F2020246
:100E5000914201906FD0FFE704980168012041F2B0
:100E6000D012C4F202029142019064D0FFE70498CC
:100E70000168012041F2D012C5F2020291420190B4
:100E800059D0FFE704980168012041F25022C4F2D2
:100E90000202914201904ED0FFE7049801680120C0
:100EA00041F25022C5F202029142019043D0FFE785
:100EB00004980168012041F2D022C4F2020291425A
:100EC000019038D0FFE704980168012041F2D02258
:100ED000C5F20202914201902DD0FFE7049801680B
:100EE000012041F25032C4F202029142019022D01C
:100EF000FFE704980168012041F25032C5F2020276
:100F00009142019017D0FFE704980168012041F257
:100F1000D032C4F20202914201900CD0FFE7049853
:100F200000684EF63041CAF6FD710844B0FA80F010
:100F300040090190FFE70198C00728B1FFE7039837
:100F400040F480600390FFE70CE00498C068B0F5BF
:100F5000007F05D1FFE7039840F40070039000E0A4
:100F6000FFE7FFE70498416B039808430390049858
:100F70000068406C42F20011C3F6C041084003997A
:100F8000084304990968486404980168002088644B
:100F900004980168012040F25032C4F202029142EA
:100FA00000904ED0FFE704980168012040F25032D3
:100FB000C5F202029142009043D0FFE70498016815
:100FC000012040F2D032C4F202029142009038D0A7
:100FD000FFE704980168012040F2D032C5F2020216
:100FE000914200902DD0FFE704980168012041F262
:100FF0005032C4F202029142009022D0FFE70498DE
:101000000168012041F25032C5F202029142009083
:1010100017D0FFE704980168012041F2D032C4F2F2
:101020000202914200900CD0FFE7049800684EF64F
:101030003041CAF6FD710844B0FA80F040090090D2
:10104000FFE70098C00740B1FFE70498016800205F
:101050004865049909688865FFE7049801680020DD
:10106000C86705B07047000085B00090009B986984
:10107000D9691A6A5B6A04930392029101909DED0B
:10108000010ADDED020A9DED031ADDED041A05B03B
:101090007047000080B582B00190019846F23C1183
:1010A000C0F6010100F0D8F8019800F003F802B092
:1010B00080BD000080B58EB00D900D9A4FF07E502F
:1010C000099000200A900B900C9009990A9BDDF87A
:1010D0002CC0DDF830E0C2F824E0C2F820C0D361B3
:1010E00091610D9A0690079008900699079BDDF88C
:1010F00020C0C2F830C0D36291620D9A012182F8FB
:1011000034100D9A0021C4F2201191630D9981F8D9
:1011100040000D9A0390049005900399049BDDF81C
:1011200014C0C2F84CC0936451640D9A00900190B1
:1011300002900099019BDDF808C0C2F858C05365C1
:1011400011650D9981F85C000D9908660D9A516939
:1011500051660D9981F868000D99C8660D99486926
:1011600008670EB080BD000080B590B00F908DED87
:101170000E0A0F9890ED060A90ED073A90ED081AC6
:1011800090ED092A23EE013A20EE020A30EE030A1E
:1011900021EE013AB6EE001A8DED011A31EE431A36
:1011A00022EE022A71EE420A13F0E6FF8DED0D0ADF
:1011B0009DED0D0A8DED020A9DED0E0A00F0C0FCBA
:1011C0009DED011AB0EE402A9DED020A30EE420A72
:1011D00020EE010A8DED0C0A9DED0C0A14F022F9A7
:1011E0008DED080A002009900A909DED0C0A14F07C
:1011F000F3FCB0EE401A9FED170A30EE410A8DED78
:101200000B0A0F9803909DED080ADDED090A9DED8C
:101210000A1ADDED0B1A90ED062AD0ED072A90EDA3
:10122000083AD0ED093A00F07FFE0399CDED071A98
:101230008DED061ACDED050A8DED040A0498059A88
:10124000069BDDF81CC0C1F824C00B62CA6188612E
:1012500010B080BD0000008080B586B0059004917C
:1012600004980078059908700498406805994860CA
:10127000049890ED020AB5EE400AF1EE10FA05D19D
:10128000FFE79FED4C0A8DED030A09E0049890ED0D
:10129000020A9FED471A20EE010A8DED030AFFE7CF
:1012A0009DED030A059880ED020A049890ED030A6B
:1012B000B5EE400AF1EE10FA05D1FFE79FED3D0AC9
:1012C0008DED020A11E0049890ED030A00F038FC5D
:1012D00014F082FCB6EE001A20EE010AF0EE000ACD
:1012E00014F048F98DED020AFFE79DED020A05981A
:1012F00080ED030A049890ED040AB5EE400AF1EE81
:1013000010FA05D1FFE79FED2B0A8DED010A11E0E0
:10131000049890ED040A00F013FC14F05DFCB6EEA6
:10132000001A20EE010AF0EE000A14F023F98DED08
:10133000010AFFE79DED010A059880ED040A049873
:101340004069059948610599486948660599486961
:101350000867049890ED010AB5EE400AF1EE10FA24
:1013600004D0FFE70498406948B9FFE705994FF6B4
:10137000FF70C7F67F70C86005990861FFE70598A0
:1013800090F83400C00720B9FFE7059948688863E2
:10139000FFE7059890ED011AB2EE040A30EE410A1B
:1013A000B0EE081A80EE010A80ED0F0A06B080BD8B
:1013B00048E17A3FFFFF7F7F80B5CAB08DED491AC3
:1013C000CDED480A8DED470ACDED462A8DED452A33
:1013D000CDED441A8DED434ACDED423A8DED413AC3
:1013E0004090CDED3F4A40994498459A469B0B6307
:1013F000CA6288629DED470AB0EEC00A409890ED3F
:10140000021AB4EE410AF1EE10FA1ADCFFE79DED84
:10141000480AB0EEC00A409890ED021AB4EE410AB4
:10142000F1EE10FA0DDCFFE79DED490AB0EEC00ABF
:10143000409890ED021AB4EE410AF1EE10FA1CDD6C
:10144000FFE7409B9869D9691A6A5B6A3E933D92AF
:101450003C913B904098FFF72DFE40993B983C9A79
:101460003D9BDDF8F8C0C1F824C00B62CA618861F9
:101470004099012081F84000FFE7409890F834003F
:10148000C00768B3FFE7409890ED0E0A90ED0F1A81
:101490009DED3F2A21EE021A30EE410A80ED0E0A40
:1014A000409890ED011A90ED0E0AB4EE410AF1EE6B
:1014B00010FA09DBFFE7409890ED010AB5EE400A0B
:1014C000F1EE10FA0BD1FFE7409948688863409924
:1014D000002081F83400409981F84000FFE7FFE7E1
:1014E00040980CF053FF8DED3A1ACDED390A8DED91
:1014F000380A00203790369035904099012081F8C5
:101500005C009DED440ADDED450A9DED461A01F0B3
:101510000FF8002879D1FFE7409804909DED440A28
:10152000DDED450A9DED461A01F054F88DED311AB6
:10153000CDED300A8DED2F0A9DED2F0ADDED300A3D
:101540009DED311ADDED381A9DED392ADDED3A2A8F
:1015500001F0B2FA04998DED341ACDED330A8DED18
:10156000320A3298339A349BCB648A644864409838
:1015700090F83400C00790B9FFE7409890ED110A49
:10158000D0ED120A90ED131A00F0FEFF409890ED96
:10159000031AB4EE410AF1EE10FA09DCFFE74099B4
:1015A000002081F85C004099086E0938086604E064
:1015B0004099086E01300866FFE74099086E496E51
:1015C000884207DDFFE7409900204866409981F88E
:1015D0005C0003E0409948694866FFE7409842692B
:1015E000006E0021FFF760F940990866409890F876
:1015F0005C00C00740B9FFE7409A506C916CD26C18
:10160000379236913590FFE7FFE700202E902D901E
:101610002C904099012081F868009DED410ADDED94
:10162000420A9DED431A00F083FF002840F09780A6
:10163000FFE740980CF032FF8DED2B1ACDED2A0A12
:101640008DED290A409803909DED380ADDED390AA9
:101650009DED3A1ADDED411A9DED422ADDED432A5A
:1016600000F098FE8DED221ACDED210A8DED200AB5
:101670009DED200ADDED210A9DED221A00F0AAFF62
:101680008DED251ACDED240A8DED230A9DED230A5B
:10169000DDED240A9DED251ADDED291A9DED2A2A9E
:1016A000DDED2B2A01F008FA03998DED281ACDED16
:1016B000270A8DED260A2698279A289B8B654A656E
:1016C0000865409890F83400C00790B9FFE740984B
:1016D00090ED140AD0ED150A90ED161A00F054FFA3
:1016E000409890ED041AB4EE410AF1EE10FA09DCCC
:1016F000FFE74099002081F868004099C86E0938DA
:10170000C86604E04099C86E0130C866FFE740999A
:10171000C86E096F884207DDFFE74099002008671F
:10172000409981F8680003E0409948690867FFE73D
:1017300040984269C06E0021FFF7B6F84099C8662C
:10174000409890F86800C00740B9FFE7409A106DD4
:10175000516D926D2E922D912C90FFE7FFE7B6EE22
:10176000000A00F0EDF9F0EE401A9DED470ADDEDBC
:10177000480A9DED491A00F057FF8DED1F1ACDED77
:101780001E0A8DED1D0A9DED350ADDED360A9DED33
:10179000371ADDED2C1A9DED2D2ADDED2E2A00F0F5
:1017A0009DFD8DED161ACDED150A8DED140A4098AC
:1017B000D0ED0E1A9DED140ADDED150A9DED161AF9
:1017C00000F032FF8DED191ACDED180A8DED170AD4
:1017D0009DED1D0ADDED1E0A9DED1F1ADDED171AA8
:1017E0009DED182ADDED192A00F078FD8DED1C1A0B
:1017F000CDED1B0A8DED1A0A40980190DDED3F1AE0
:101800009DED1A0ADDED1B0A9DED1C1A00F00CFF80
:1018100001988DED0B1ACDED0A0A8DED090A90EDB8
:10182000060AD0ED070A90ED081AD0ED091A9DEDD1
:10183000092ADDED0A2A9DED0B3A00F0C7FC01985C
:10184000CDED0F1A8DED0E1ACDED0D0A8DED0C0AB2
:1018500090ED060AD0ED070A90ED081AD0ED091AAE
:101860009DED0C2ADDED0D2A9DED0E3ADDED0F3AD2
:1018700000F07EFA0199CDED131A8DED121ACDED1F
:10188000110A8DED100A1098119A129BDDF84CC0C8
:10189000C1F824C00B62CA6188614098029090ED43
:1018A000060AD0ED070A90ED081AD0ED091A00F0EB
:1018B00007FB0299CDED081A8DED071ACDED060A4A
:1018C0008DED050A0598069A079BDDF820C0C1F842
:1018D00024C00B62CA6188614AB080BD80B58CB0FB
:1018E0008DED0B1ACDED0A0A8DED090ACDED082A12
:1018F0008DED072ACDED061A05908DED043A059879
:101900000021019102910391DDED044A9DED090A48
:10191000DDED0A0A9DED0B1ADDED061A9DED072A95
:10192000DDED082A9DED013ADDED023A9DED034A19
:10193000FFF742FD059890F83400C00730B1FFE78B
:1019400005989FED030AFFF70FFCFFE70CB080BD81
:101950000000000080B582B08DED000A9DED000A08
:10196000BFEE001AB4EE410AF1EE10FA06DCFFE712
:1019700040F6DB70CBF6C970019016E09DED000AD1
:10198000B7EE001AB4EE410AF1EE10FA06DBFFE7FB
:1019900040F6DB70C3F6C970019006E09DED000AC9
:1019A00013F054FB8DED010AFFE79DED010A02B033
:1019B00080BD000085B0049003919DED030AB8EE50
:1019C000401AB7EE000A80EE010A9FED0C1A20EED5
:1019D000010A049880ED000A03980499486004996C
:1019E0000020886004990090019002900098019A6C
:1019F000029B4B610A61C86005B07047FDAD003EB7
:101A000080B592B08DED0E1ACDED0D0A8DED0C0A5C
:101A10000B900B989DED0C0ADDED0D0A9DED0E1A55
:101A2000D0ED031A90ED042AD0ED052A00F07EFED9
:101A30008DED0A1ACDED090A8DED080A089809996D
:101A40000A9A0E920D910C909DED0C0AB0EEC00A10
:101A5000B0EE081AB4EE410AF1EE10FA18DCFFE716
:101A60009DED0D0AB0EEC00AB0EE081AB4EE410AC0
:101A7000F1EE10FA0CDCFFE79DED0E0AB0EEC00AA5
:101A8000B0EE081AB4EE410AF1EE10FA0ADDFFE7F3
:101A90000B99002088600C980D990E9A1192109164
:101AA0000F9045E00B984168806888420BD2FFE7B1
:101AB0000B998868013088600C980D990E9A1192E4
:101AC00010910F9034E00B980190D0ED001A9DED2D
:101AD0000C0ADDED0D0A9DED0E1A00F0CFFD019808
:101AE0008DED041ACDED030A8DED020A90ED030A87
:101AF000D0ED040A90ED051ADDED021A9DED032AE2
:101B0000DDED042A00F018FC01998DED071ACDEDEA
:101B1000060A8DED050A0598069A079B4B610A6136
:101B2000C8600C980D990E9A119210910F90FFE7D2
:101B30009DED0F0ADDED100A9DED111A12B080BD6A
:101B400081B08DED000A9DED000A9FED031A20EE95
:101B5000010A01B0704700BF35FA8E3C82B08DEDAE
:101B6000010A01980090009941F21240C5F61F70D9
:101B7000A0EB610000909DED000A9DED011A9FED24
:101B8000082A21EE021A21EE001A21EE001A9FED1A
:101B9000052A31EE021A20EE010A02B0704700BF9A
:101BA00012D336BFFF51D83FF0B58FB0189E179DA6
:101BB000169CDDF854E0DDF850C00B960A950994A8
:101BC000CDF820E0CDF81CC0069305920491039057
:101BD0008DED021ACDED010A8DED000A9DED031A7F
:101BE0009DED043A9DED050A9DED004A9DED015ADB
:101BF0009DED022A23EE053A21EE041A31EE031A76
:101C000020EE020A30EE010A8DED0C0A9DED061A57
:101C10009DED073A9DED080A9DED004A9DED015AA4
:101C20009DED022A23EE053A21EE041A31EE031A45
:101C300020EE020A30EE010A8DED0D0A9DED091A23
:101C40009DED0A3A9DED0B0A9DED004A9DED015A6E
:101C50009DED022A23EE053A21EE041A31EE031A15
:101C600020EE020A30EE010A8DED0E0A9DED0C0AFF
:101C7000DDED0D0A9DED0E1A0FB0F0BDF0B5A1B06F
:101C80002A9E299D289CDDF89CE0DDF898C08DED0A
:101C90001D1ACDED1C0A8DED1B0A1A961995189484
:101CA000CDF85CE0CDF858C01593149213911290C2
:101CB000CDED112A8DED102ACDED0F1A8DED0E4AC6
:101CC000CDED0D3A8DED0C3A9DED1B0ADDED1C0AB4
:101CD0009DED1D1ADDED0C1A9DED0D2ADDED0E2A90
:101CE00000F0F6FC8DED081ACDED070A8DED060A21
:101CF0009DED060ADDED070A9DED081ADDED0F1AD0
:101D00009DED102ADDED112A00F0B6FB8DED0B1ACA
:101D1000CDED0A0A8DED090A12981399149A159BB4
:101D2000DDF858C0179C189D199E1A9F9DED090A51
:101D3000DDED0A0A9DED0B1AEE46CEF81070CEF8D6
:101D40000C60CEF80850CEF80440CEF800C0FFF783
:101D50002BFF8DED201ACDED1F0A8DED1E0A9DED96
:101D60001E0ADDED1F0A9DED201A21B0F0BD000016
:101D70008CB0CDED071A8DED061ACDED050A8DED6F
:101D8000040ACDED033A8DED023ACDED012A8DED39
:101D9000002A9DED040A9DED001A30EE010A8DED3A
:101DA000080A9DED050A9DED011A30EE010A8DED40
:101DB000090A9DED060A9DED021A30EE010A8DED2D
:101DC0000A0A9DED070A9DED031A30EE010A8DED1A
:101DD0000B0A9DED080ADDED090A9DED0A1ADDEDFD
:101DE0000B1A0CB0704700008CB0CDED071A8DEDCA
:101DF000061ACDED050A8DED040ACDED033A8DED01
:101E0000023ACDED012A8DED002A9DED040A9DEDEB
:101E1000001A20EE010A8DED080A9DED050A9DEDE0
:101E2000011A20EE010A8DED090A9DED060A9DEDCD
:101E3000021A20EE010A8DED0A0A9DED070A9DEDBA
:101E4000031A20EE010A8DED0B0A9DED080ADDED67
:101E5000090A9DED0A1ADDED0B1A0CB0704700005F
:101E600080B588B0CDED071A8DED061ACDED050AC7
:101E70008DED040A9DED042ADDED052A9DED063A5F
:101E8000DDED073AB0EE420AF0EE620AB0EE431A18
:101E9000F0EE631AFFF7A8FFCDED031A8DED021ADD
:101EA000CDED010A8DED000A9DED000ADDED010A80
:101EB0009DED021ADDED031A00F008F908B080BDAF
:101EC00080B588B0CDED031A8DED021ACDED010A73
:101ED0008DED000A9DED000ADDED010A9DED021A6F
:101EE000DDED031AFFF7BCFFFFF738FEB0EE402A26
:101EF0009DED000ADDED010A9DED021ADDED031AEC
:101F000000F0AEF8CDED071A8DED061ACDED050AFD
:101F10008DED040A9DED040ADDED050A9DED061A1E
:101F2000DDED071A08B080BD8CB0CDED071A8DED40
:101F3000061ACDED050A8DED040ACDED033A8DEDBF
:101F4000023ACDED012A8DED002A9DED040A9DEDAA
:101F5000055A9DED063A9DED071A9DED006A9DED2F
:101F6000017A9DED024A9DED032A25EE075A20EEE7
:101F7000060A30EE450A23EE043A30EE430A21EE1B
:101F8000021A30EE410A8DED080A9DED007A9DEDB2
:101F9000016A9DED022A9DED034A9DED043A9DEDF7
:101FA000055A9DED060A9DED071A25EE075A23EE08
:101FB000063A33EE053A20EE040A30EE030A21EE2B
:101FC000021A30EE410A8DED090A9DED004A9DEDA1
:101FD000012A9DED026A9DED037A9DED043A9DED87
:101FE000055A9DED061A9DED070A25EE075A23EEC8
:101FF000063A33EE453A21EE041A31EE031A20EE8A
:10200000020A30EE010A8DED0A0A9DED002A9DEDCF
:10201000014A9DED027A9DED036A9DED041A9DED46
:10202000055A9DED063A9DED070A25EE075A21EE69
:10203000061A31EE051A23EE043A31EE431A20EE69
:10204000020A30EE010A8DED0B0A9DED080ADDED66
:10205000090A9DED0A1ADDED0B1A0CB0704700005D
:1020600089B0CDED041A8DED031ACDED020A8DED88
:10207000010A8DED002A9DED010A9DED001A20EE6A
:10208000010A8DED050A9DED020A9DED001A20EE74
:10209000010A8DED060A9DED030A9DED001A20EE62
:1020A000010A8DED070A9DED040A9DED001A20EE50
:1020B000010A8DED080A9DED050ADDED060A9DED8C
:1020C000071ADDED081A09B07047000084B0CDEDA5
:1020D000031A8DED021ACDED010A8DED000A9DED7A
:1020E000000A9DED013A9DED022A9DED031A30EEA6
:1020F000030A30EE020A30EE010A04B07047000015
:1021000080B588B0CDED041A8DED031ACDED020A2D
:102110008DED010A9DED011A9DED023A9DED030A38
:102120009DED042A21EE033A20EE020A30EE030A66
:1021300022EE022A21EE011A31EE021AB6EE002A30
:102140008DED002A71EE420A13F016F800F0B8F88F
:102150008DED050A9DED010A9DED021A9DED032A04
:102160009DED043A21EE031A20EE020A30EE410AF8
:1021700030EE000AFFF7EEFB00F0A2F89DED002A1A
:102180008DED060A9DED011A9DED023A9DED030AC3
:102190009DED044A21EE044A23EE000A30EE040AC3
:1021A00023EE033A21EE011A31EE031A71EE420AD0
:1021B00012F0E2FF00F084F88DED070A9DED050AAC
:1021C000DDED060A9DED071A08B080BD8BB0CDEDA0
:1021D000061A8DED051ACDED040A8DED030A8DED7D
:1021E000023ACDED012A8DED002A9DED043A9DEDD8
:1021F000050A9DED061A9DED004A9DED015A9DEDE3
:10220000022A20EE450A23EE043A30EE430A21EE7C
:10221000021A30EE410A8DED070A9DED004A9DED50
:10222000012A9DED025A9DED030A9DED053A9DEDB3
:10223000061A23EE053A20EE040A30EE030A21EED8
:10224000021A30EE410A8DED080A9DED002A9DED3F
:10225000014A9DED025A9DED031A9DED043A9DED54
:10226000060A23EE053A21EE041A31EE431A20EE57
:10227000020A30EE010A8DED090A9DED002A9DED5E
:10228000015A9DED024A9DED030A9DED043A9DED34
:10229000051A23EE053A20EE040A30EE030A21EE79
:1022A000021A30EE410A8DED0A0A9DED070ADDEDB6
:1022B000080A9DED091ADDED0A1A0BB070470000FF
:1022C00081B08DED000A9DED000A9FED031A20EE0E
:1022D000010A01B0704700BFE02E654289B08DED64
:1022E000051ACDED040A8DED030ACDED022A8DED20
:1022F000012ACDED001A9DED030A9DED001A30EE86
:10230000010A8DED060A9DED040A9DED011A30EEDD
:10231000010A8DED070A9DED050A9DED021A30EECA
:10232000010A8DED080A9DED060ADDED070A9DED17
:10233000081A09B07047000089B08DED051ACDED7F
:10234000040A8DED030ACDED022A8DED012ACDEDB3
:10235000001A9DED030A9DED001A30EE010A8DED85
:10236000060A9DED040A9DED011A30EE010A8DED7D
:10237000070A9DED050A9DED021A30EE010A8DED6A
:10238000080A9DED060ADDED070A9DED081A09B061
:102390007047000089B08DED051ACDED040A8DED72
:1023A000030ACDED022A8DED012ACDED001A9DED37
:1023B000013A9DED022A9DED040A9DED051A21EEDC
:1023C000031A20EE020A30EE410A8DED060A9DED59
:1023D000031A9DED050A9DED002A9DED023A21EEBE
:1023E000031A20EE020A30EE410A8DED070A9DED38
:1023F000003A9DED012A9DED030A9DED041A21EEA0
:10240000031A20EE020A30EE410A8DED080A9DED16
:10241000060ADDED070A9DED081A09B070470000B5
:1024200080B58AB08DED091ACDED080A8DED070A49
:10243000CDED062A8DED052ACDED041A9DED070A96
:10244000DDED080A9DED091ADDED041A9DED052A62
:10245000DDED062A00F03EF88DED031ACDED020AFF
:102460008DED010A9DED010ADDED020A9DED031AD5
:1024700000F08AF90AB080BD89B08DED051ACDED66
:10248000040A8DED030ACDED022A8DED012ACDED72
:10249000001A9DED030A9DED001A20EE010A8DED54
:1024A000060A9DED040A9DED011A20EE010A8DED4C
:1024B000070A9DED050A9DED021A20EE010A8DED39
:1024C000080A9DED060ADDED070A9DED081A09B020
:1024D0007047000089B08DED051ACDED040A8DED31
:1024E000030ACDED022A8DED012ACDED001A9DEDF6
:1024F000030A9DED001A20EE010A8DED060A9DEDFE
:10250000040A9DED011A20EE010A8DED070A9DEDEA
:10251000050A9DED021A20EE010A8DED080A9DEDD7
:10252000060ADDED070A9DED081A09B070470000A4
:1025300084B08DED031ACDED020A8DED010A9DEDFB
:10254000010A0020B5EE400AF1EE10FA009015D114
:10255000FFE79DED020A0020B5EE400AF1EE10FA09
:1025600000900BD1FFE79DED030A0020B5EE400A75
:10257000F1EE10FA08BF01200090FFE7009800F08C
:10258000010004B07047000080B586B08DED051ADB
:10259000CDED040A8DED030ADDED031A9DED042A4D
:1025A000DDED052AB0EE610AF0EE420AB0EE621AE5
:1025B000FFF790FF8DED021ACDED010A8DED000AB7
:1025C0009DED000ADDED010A9DED021A00F0DCF838
:1025D00006B080BD80B586B08DED021ACDED010A42
:1025E0008DED000A9DED000ADDED010A9DED021A58
:1025F000FFF7CAFFFFF7B2FAF0EE401A9DED000AAE
:10260000DDED010A9DED021A00F00EF88DED051AC0
:10261000CDED040A8DED030A9DED030ADDED040AFC
:102620009DED051A06B080BD87B08DED031ACDED86
:10263000020A8DED010ACDED001A9DED010A9DED16
:10264000001A20EE010A8DED040A9DED020A9DEDAF
:10265000001A20EE010A8DED050A9DED030A9DED9D
:10266000001A20EE010A8DED060A9DED040ADDED4B
:10267000050A9DED061A07B07047000087B08DED82
:10268000031ACDED020A8DED010ACDED001A9DED84
:10269000010A9DED001A20EE010A8DED040A9DED60
:1026A000020A9DED001A20EE010A8DED050A9DED4E
:1026B000030A9DED001A20EE010A8DED060A9DED3C
:1026C000040ADDED050A9DED061A07B0704700000B
:1026D00089B08DED051ACDED040A8DED030ACDED1F
:1026E000022A8DED012ACDED001A9DED030A9DED24
:1026F000001A30EE410A8DED060A9DED040A9DEDAB
:10270000011A30EE410A8DED070A9DED050A9DED97
:10271000021A30EE410A8DED080A9DED060ADDED44
:10272000070A9DED081A09B07047000089B08DEDC9
:10273000051ACDED040A8DED030ACDED022A8DEDCB
:10274000012ACDED001A9DED030A9DED001A30EE31
:10275000410A8DED060A9DED040A9DED011A30EE49
:10276000410A8DED070A9DED050A9DED021A30EE36
:10277000410A8DED080A9DED060ADDED070A9DED83
:10278000081A09B07047000083B08DED021ACDED34
:10279000010A8DED000A9DED000A9DED012A9DEDD7
:1027A000021A30EE020A30EE010A03B07047000050
:1027B0007047000080B582B08DF8070040F2B80085
:1027C000C2F20000026A9DF80710904702B080BD77
:1027D00080B582B08DF8070040F2F400C2F200002C
:1027E000026A9DF80710904702B080BD80B582B0A4
:1027F0008DF8070040F23010C2F20000026A9DF826
:102800000710904702B080BD80B582B040F25C20D6
:10281000C2F20000426A6946904720B1FFE74FF0DC
:10282000FF3001900BE040F25C20C2F20000026A2F
:102830000099B1FA81F1490990470190FFE70198A9
:1028400002B080BD80B50DF06BFC80BD80B582B05C
:10285000019001980DF096FC02B080BD80B586B065
:1028600005900491039200200290FFE7029802284D
:102870004CDCFFE70598029A00EB820090ED000A1D
:1028800040F23840C2F2000000EB820040F2040146
:10289000C2F20001009101EB82010FF0D7FA049817
:1028A000029A00EB820090ED000A40F24440C2F22E
:1028B000000000EB820040F21001C2F20001019121
:1028C00001EB82010FF0C2FA009A0198059B029970
:1028D00003EB810393ED000A02EB8102D2ED000AC3
:1028E000049A02EB810292ED001A00EB8100D0ED18
:1028F000001A0DF04FFB0398029900EB810080ED68
:10290000000AFFE7029801300290AFE706B080BDF1
:1029100080B5102002F0BCFC80BD000072B6FFE75D
:10292000FEE7000080B540F6F000C2F2000002F0C1
:1029300069F880BD80B540F6F000C2F2000002F0F8
:1029400061F880BD83B002904AF60040C4F20000F6
:102950000090029800684AF60001C4F20001884223
:1029600005D1FFE7009800F554700090FFE700984C
:102970000299086402980068D0F8800020F4F810EA
:10298000029A1168526B40EA0240C1F88000009838
:1029900070300299486402980068D0F8800020F0F6
:1029A0007060029A1168926B40EA0260C1F8800080
:1029B0000098B03002998864009800F5C4700299BC
:1029C000C864009800F5187002990865009800F531
:1029D0001E700299486500980190FFE701980099E0
:1029E00001F55471884208D2FFE701990020086080
:1029F000FFE7019804300190F0E703B07047000052
:102A000088B007900691059204930698406848B9EB
:102A1000FFE70698016882680069104340EA814038
:102A2000039009E006980168826800691043084332
:102A300040F080400390FFE70698D0F820C0C168BE
:102A400042698369C06940EA0C601843104340EA58
:102A5000014002900798406D049901EBC10100EB21
:102A6000C100019003980199086001980430019019
:102A700002980199086001980430019000200090AC
:102A8000FFE700980699CA6846F22C11C0F60101CA
:102A9000895C88420DD2FFE705980099405801995A
:102AA0000860019804300190FFE70098043000901E
:102AB000E7E708B07047000080B58CB08DED081ACC
:102AC000CDED070A8DED060ACDED052A8DED042A20
:102AD000CDED031A9DED060ADDED070A9DED081AFE
:102AE000DDED031A9DED042ADDED052AFFF798FCC4
:102AF000B5EE400AF1EE10FA23DAFFE79DED060A83
:102B0000DDED070A9DED081ADDED031A9DED042A9F
:102B1000DDED052AFFF73EFC8DED021ACDED010A31
:102B20008DED000A9DED000ADDED010A9DED021A12
:102B3000FFF750FD8DED0B1ACDED0A0A8DED090A58
:102B400014E09DED060ADDED070A9DED081ADDEDA6
:102B5000031A9DED042ADDED052AFFF71BFC8DED20
:102B60000B1ACDED0A0A8DED090AFFE79DED090A62
:102B7000DDED0A0A9DED0B1A0CB080BD80B540F664
:102B80005400C2F2000001F021F880BD40F2107044
:102B9000C2F200000068704780B5C0B020901F915D
:102BA00000208DF87B001B901F98C0680021C4F2A4
:102BB0007F01884201D0FFE700E0FFE7FFE72098B0
:102BC00090F85400012804D1FFE702208DF8870017
:102BD000FDE32099012081F85400FFE7FFE72098EA
:102BE00000680CF05DFA002840F0DD83FFE71F98D5
:102BF0000068012810D0FFE71F9800680221C0F28A
:102C0000304188420DD1FFE71F98C0680021C4F20F
:102C10007F01884205D1FFE7209800680CF0E0F9B9
:102C2000FFE7209800681F990A6849680CF040FA8D
:102C3000209800680CF034FA1A90209800680CF084
:102C40000FFA19901A98002840F0B881FFE71998F8
:102C5000002840F0B381FFE71F988068B0F1004F73
:102C60000ED1FFE7209800681F99096800220CF038
:102C70003DFA209800684FF000410CF0E3FA0CE0B8
:102C8000209800681F9A116892680CF02FFA20981B
:102C9000006800210CF0D6FAFFE71F9840692099E0
:102CA0000968C96801F01801890888401D901F98BB
:102CB000006904281CD0FFE7209800681F990A6863
:102CC00009691D9B0CF064FA209800681F9A11692D
:102CD00092690CF08FFA209800681F9A1169127F90
:102CE000013AB2FA82F2520952060CF06FFA64E12C
:102CF0002098006800210CF0A3F9000348B9FFE711
:102D00002098006800210CF09BF9C0F384601890B3
:102D100018E02098006800210CF092F990FAA0F0D9
:102D20003E903E9820B9FFE720208DF8FF0005E097
:102D30003E98B0FA80F08DF8FF00FFE79DF8FF00A5
:102D40001890FFE7189817901F980068000330B993
:102D5000FFE71F980068C0F38460169015E01F9885
:102D6000006890FAA0F03C903C9820B9FFE7202042
:102D70008DF8F70005E03C98B0FA80F08DF8F70088
:102D8000FFE79DF8F7001690FFE71798169988421D
:102D900007D1FFE720980068002211460CF03EFAA8
:102DA000FFE72098006801210CF04AF9000348B9B8
:102DB000FFE72098006801210CF042F9C0F384601D
:102DC000159018E02098006801210CF039F990FA6C
:102DD000A0F03A903A9820B9FFE720208DF8EF0054
:102DE00005E03A98B0FA80F08DF8EF00FFE79DF823
:102DF000EF001590FFE7159814901F9800680003E6
:102E000030B9FFE71F980068C0F38460139015E0A5
:102E10001F98006890FAA0F03890389820B9FFE722
:102E200020208DF8E70005E03898B0FA80F08DF8A2
:102E3000E700FFE79DF8E7001390FFE71498139968
:102E4000884207D1FFE720980068012100220CF09A
:102E5000E5F9FFE72098006802210CF0F1F8000383
:102E600048B9FFE72098006802210CF0E9F8C0F3A8
:102E70008460129018E02098006802210CF0E0F8BD
:102E800090FAA0F03690369820B9FFE720208DF810
:102E9000DF0005E03698B0FA80F08DF8DF00FFE73C
:102EA0009DF8DF001290FFE7129811901F980068BC
:102EB000000330B9FFE71F980068C0F384601090EA
:102EC00015E01F98006890FAA0F03490349820B96B
:102ED000FFE720208DF8D70005E03498B0FA80F0A5
:102EE0008DF8D700FFE79DF8D7001090FFE7119805
:102EF0001099884207D1FFE720980068022100223C
:102F00000CF08CF9FFE72098006803210CF098F88A
:102F1000000348B9FFE72098006803210CF090F8FF
:102F2000C0F384600F9018E02098006803210CF033
:102F300087F890FAA0F03290329820B9FFE720206D
:102F40008DF8CF0005E03298B0FA80F08DF8CF0010
:102F5000FFE79DF8CF000F90FFE70F980E901F98A6
:102F60000068000330B9FFE71F980068C0F3846071
:102F70000D9015E01F98006890FAA0F030903098FE
:102F800020B9FFE720208DF8C70005E03098B0FA9F
:102F900080F08DF8C700FFE79DF8C7000D90FFE7B0
:102FA0000E980D99884207D1FFE720980068032109
:102FB00000220CF033F9FFE7FFE7FFE720980068F5
:102FC0000CF05EF8002840F04481FFE7209800688C
:102FD0001F9A1168D2680CF0A5F81F98C0680021EC
:102FE000C4F27F01884240F03381FFE720980068F7
:102FF0000C901F980068000330B9FFE71F98006825
:10300000C0F384600B9015E01F98006890FAA0F060
:103010002E902E9820B9FFE720208DF8BF0005E004
:103020002E98B0FA80F08DF8BF00FFE79DF8BF0042
:103030000B90FFE70B98013000F01F0009287DD8A6
:10304000FFE71F980068000330B9FFE71F9800688A
:10305000C0F384600A9015E01F98006890FAA0F011
:103060002C902C9820B9FFE720208DF8B70005E0C0
:103070002C98B0FA80F08DF8B700FFE79DF8B70004
:103080000A90FFE70A98013000F01F0080060990BF
:103090001F980068000330B9FFE71F980068C0F36D
:1030A0008460089015E01F98006890FAA0F02A90BC
:1030B0002A9820B9FFE720208DF8AF0005E02A9874
:1030C000B0FA80F08DF8AF00FFE79DF8AF000890F0
:1030D000FFE709980899013101F01F020121914091
:1030E000084307901F980068000330B9FFE71F9856
:1030F0000068C0F38460069015E01F98006890FA9D
:10310000A0F02890289820B9FFE720208DF8A7008C
:1031100005E02898B0FA80F08DF8A700FFE79DF849
:10312000A7000690FFE707980699013101F01F01FB
:1031300001EB410140EA0150059082E01F980068D0
:10314000000330B9FFE71F980068C0F38460049063
:1031500015E01F98006890FAA0F02690269820B9F4
:10316000FFE720208DF89F0005E02698B0FA80F058
:103170008DF89F00FFE79DF89F000490FFE70498FB
:10318000013000F01F00800603901F9800680003C4
:1031900030B9FFE71F980068C0F38460029015E023
:1031A0001F98006890FAA0F02490249820B9FFE7B7
:1031B00020208DF8970005E02498B0FA80F08DF873
:1031C0009700FFE79DF897000290FFE703980299A8
:1031D000013101F01F0201219140084301901F9825
:1031E0000068000330B9FFE71F980068C0F38460EF
:1031F000009015E01F98006890FAA0F022902298A5
:1032000020B9FFE720208DF88F0005E02298B0FA62
:1032100080F08DF88F00FFE79DF88F000090FFE7AA
:1032200001990098013000F01F0000EB40020020DF
:10323000CFF6206000EB0250084340F0007005908C
:10324000FFE70C9805991F9A92680BF04FFFFFE774
:10325000FFE71F98408848F20801084200F0A2806A
:10326000FFE748F20030C4F202200BF0E1FE1C90B0
:103270001F9800680021CCF22131884233D1FFE74A
:103280009DF87200000600282DD4FFE72098006802
:1032900048F20001C4F20221884223D1FFE71C98C2
:1032A00040F4000148F20030C4F202200BF062FF4B
:1032B00040F21C00C2F200000068800942F663512F
:1032C000C0F23E51A0FB01108109022000EB410039
:1032D0001B90FFE71B9820B1FFE71B9801381B905C
:1032E000F8E7FFE75DE01F9800680021C4F229318C
:1032F000884219D1FFE79DF87300C007A0B9FFE726
:103300002098006848F20011C4F2022188420AD1D4
:10331000FFE71C9840F0807148F20030C4F20220B0
:103320000BF028FFFFE73BE01F9800680021CCF27C
:10333000527188421AD1FFE79DF8720040060028BA
:1033400014D4FFE72098006848F20001C4F202217B
:1033500088420AD1FFE71C9840F4800148F200300F
:10336000C4F202200BF006FFFFE718E01F98006888
:103370000021C4F25A7188420FD1FFE720980068FB
:1033800048F20001C4F20221884205D0FFE72098EC
:1033900000680BF031FEFFE700E0FFE7FFE7FFE723
:1033A000FFE7FFE708E02099886D40F0200088657E
:1033B00001208DF87B00FFE7FFE72099002081F8CE
:1033C0005400FFE79DF87B008DF88700FFE79DF82C
:1033D000870040B080BD000080B588B00690002016
:1033E0008DF817000190069820B9FFE701208DF8AD
:1033F0001F004FE10698006940B1FFE7069890F87A
:103400002000012801D1FFE7FFE7FFE70698806D64
:1034100050B9FFE7069800F041F906990020C86509
:10342000069981F85400FFE7069800680BF020FE2B
:1034300028B1FFE7069800680BF0C6FDFFE7069885
:1034400000680BF025FEF0B9FFE7069800680BF066
:10345000DFFD40F21C00C2F200000068800942F665
:103460006351C0F23E51A0FB01108109022000EB24
:1034700041000190FFE7019820B1FFE70198013872
:103480000190F8E7FFE7069800680BF001FE70B9BD
:10349000FFE70699886D40F0100088650699C86DB1
:1034A00040F00100C86501208DF81700FFE706987D
:1034B00000680BF0F5FD03900698806DC0060028AB
:1034C00000F1DA80FFE70398002840F0D580FFE79D
:1034D0000698806D40F0020020F48070069988659F
:1034E000069800680BF0CCFDE0B9FFE748F2000059
:1034F000C4F202200BF0C4FD009048F20010C4F2A8
:1035000002200BF0BDFD01460098084348B9FFE7D3
:103510000698416848F20030C4F202200BF01CFE0D
:10352000FFE7FFE706994A7E886B40EA42308A68E7
:10353000CB681843104391F8201040EA01400490F2
:10354000069890F8200001280BD1FFE70698416A01
:103550000020CFF6FE7000EB414104980843049030
:10356000FFE70698806A50B1FFE70699886AC96A42
:1035700000F478700143049808430490FFE706982C
:103580000068C06844F20701CFF6F0710840049962
:10359000084306990968C86006980068006920F029
:1035A0004060069A1168126B104308610698006823
:1035B0000BF056FD02900398E8BBFFE70298D0BBE2
:1035C000FFE70699087E91F83410800340EA410035
:1035D000049006980068C06844F202018843049988
:1035E000084306990968C860069890F83C000128CD
:1035F00019D1FFE706980068006940F2FD7120EAE2
:103600000102069B1968186CD3F844E0D3F848C04F
:1036100040EA0E0040EA0C00DB6C1843104340F017
:103620000100086106E006980168086920F00100C1
:103630000861FFE7FFE70698006901280CD1FFE762
:1036400006980068006B20F00F00069A1168D26996
:10365000013A1043086306E006980168086B20F001
:103660000F000863FFE70698806D40F0010020F02E
:1036700002000699886508E00699886D40F0100000
:10368000886501208DF81700FFE79DF817008DF879
:103690001F00FFE79DF81F0008B080BD80B5CCB0CB
:1036A0004B9000204A90499048904790469004A83B
:1036B0004FF48471FCF732FE4B98006848F2000129
:1036C000C4F20221884245D1FFE7002005904FF463
:1036D00000110491399004A805F07EFA18B1FFE7B3
:1036E000FFF71CF9FFE740F27440C2F200000168E6
:1036F000013101600068012810D1FFE7FFE740F6C3
:103700008C40C4F20240016841F4806101600068AD
:1037100000F4806003900398FFE7FFE7FFE740F6BF
:103720008C40C4F20240016841F001010160006870
:1037300000F0010002900298FFE70220469003206B
:103740004790002048900020C4F2022046A901F0D2
:10375000D7FD4EE04B98006848F20011C4F20221F8
:10376000884245D1FFE7002005904FF400110491F5
:10377000399004A805F030FA18B1FFE7FFF7CEF84A
:10378000FFE740F27440C2F20000016801310160BD
:103790000068012810D1FFE7FFE740F68C40C4F233
:1037A0000240016841F480610160006800F48060BB
:1037B00001900198FFE7FFE7FFE740F68C40C4F275
:1037C0000240016841F001010160006800F0010061
:1037D00000900098FFE708204690032047900020C3
:1037E00048900020C4F2022046A901F089FDFFE7BD
:1037F000FFE74CB080BD000087B0069005910492B1
:1038000000208DF80F001F2002909DF81400C007C3
:1038100020B9FFE701208DF80F004BE0FFE7029988
:10382000481E02900020019051B1FFE705980299CF
:1038300001F01F0120FA01F1012088430190FFE708
:103840000198C00708B1FFE7E9E70498009018283D
:103850002BD80099DFE801F02829292929292929CD
:103860001F292929292929291629292929292929E5
:103870000D000298072804D3FFE701208DF80F0000
:10388000FFE716E00298082804D3FFE701208DF82F
:103890000F00FFE70DE00298102804D3FFE7012096
:1038A0008DF80F00FFE704E003E001208DF80F0022
:1038B000FFE7FFE79DF80F0078B9FFE70598069945
:1038C0000968486106980068806820F0180004992B
:1038D0000843069909688860FFE79DF80F0007B064
:1038E0007047000080B582B00090009820B9FFE7D3
:1038F00001208DF8070057E00098407F38B9FFE7B6
:10390000009900200877009800F052F8FFE700992E
:10391000022048770098007980B9FFE70098016895
:1039200041F6B750C0F2C140486100980068806815
:1039300020F018000099096888600BE00098816801
:10394000C268FFF759FF20B1FFE701208DF807009B
:103950002AE0FFE70098407930B9FFE70098016856
:103960004FF0FF30086104E00098016800690861C9
:10397000FFE700980068806820F06000009A1168F6
:1039800052691043886000980068806820F08000C9
:10399000009A116892691043886000990120487765
:1039A00000208DF80700FFE79DF8070002B080BDFA
:1039B00082B001900198006843F20001C4F2020154
:1039C000884210D1FFE7FFE740F68840C4F202408A
:1039D000016841F480510160006800F4805000905B
:1039E0000098FFE7FFE702B07047000080B584B0A1
:1039F000029001F029FE0190029820B9FFE7012012
:103A00008DF80F0079E0029890F8540002280DD04C
:103A1000FFE7029920208865FFE70299002081F8DE
:103A20004C00FFE701208DF80F0066E00298016866
:103A3000486940F0040048610299052081F854006B
:103A4000FFE70298006800698004002827D4FFE798
:103A500001F0FAFD0199401A06281FD3FFE70299E9
:103A6000886D40F0100088650299032081F85400A9
:103A7000029890F850000006002805D5FFE702984C
:103A8000416F01200873FFE7FFE70299002081F8EA
:103A90004C00FFE701208DF80F002EE0D1E70298DF
:103AA0000168486940F0020048610299042081F8E9
:103AB0005400029801684FF4FE40C860029901204A
:103AC00081F85400029890F850000006002809D5AB
:103AD000FFE70298416F01200873029801680020F7
:103AE0008864FFE7FFE70299002081F84C00FFE7B8
:103AF000FFE700208DF80F00FFE79DF80F0004B0EE
:103B000080BD000082B00090009820B9FFE701203E
:103B10008DF807001CE0009890F85400022807D0A8
:103B2000FFE700992020886501208DF807000FE04D
:103B30000099042081F8540000980168486942F215
:103B4000040210434861FFE700208DF80700FFE7FB
:103B50009DF8070002B0704785B00390029103986A
:103B600020B9FFE701208DF813002AE003980068D0
:103B700040F6FF7188430190039800685038C0F305
:103B8000C4110120884000909DF80800C00600285C
:103B900013D5FFE7029800F01100112806D1FFE7C6
:103BA000009A019948681043486005E0009A01991D
:103BB000486890434860FFE7FFE700208DF8130056
:103BC000FFE79DF8130005B07047000080B584B092
:103BD00003900398006840F6FF71884302900398B1
:103BE00000685038C0F3C411012088400190029849
:103BF000C068019908400090009808B9FFE74DE1BE
:103C00000398006800694005002813D5FFE7039872
:103C100000684069400500280BD5FFE7039801685C
:103C20004FF48060C8600399886D40F0010088659A
:103C3000FFE7FFE70398006800690005002813D537
:103C4000FFE7039800684069000500280BD5FFE7EF
:103C5000039801684FF40060C8600399886D40F0D4
:103C600002008865FFE7FFE7039800680069C00469
:103C7000002813D5FFE7039800684069C0040028B6
:103C80000BD5FFE7039801684FF48050C860039993
:103C9000886D40F004008865FFE7FFE7039800683F
:103CA00000694004002813D5FFE7039800684069C5
:103CB000400400280BD5FFE7039801684FF48040CB
:103CC000C8600399886D40F008008865FFE7FFE74A
:103CD0000398006800698005002816D5FFE703985F
:103CE00000684069800500280ED5FFE70398016849
:103CF0004FF40070C8600398406E20B1FFE703984E
:103D0000416E8847FFE7FFE7FFE703980068006917
:103D10008004002850D5FFE70398006840698004BC
:103D2000002848D5FFE7039801684FF40050C860A9
:103D3000039890F8540004282FD1FFE703980168F6
:103D4000486920F40050486103980168486940F0D0
:103D5000020048610399012081F85400039890F80B
:103D600050000006002809D5FFE70398416F0120A5
:103D700008730398016800208864FFE7FFE7039950
:103D8000002081F84C00FFE70398C06E20B1FFE7E8
:103D90000398C16E8847FFE780E00399052081F80A
:103DA00054000398006F20B1FFE70398016F884724
:103DB000FFE7FFE7FFE7FFE7039800680069C0053A
:103DC000002842D5FFE7039800684069C005002835
:103DD0003AD5FFE7039890F850000006002814D564
:103DE000FFE703980068C06F70B9FFE703980068A9
:103DF000806C40B9FFE70399012081F854000399D2
:103E0000496F0873FFE7FFE70AE003980068806CDA
:103E100028B9FFE70399012081F85400FFE7FFE785
:103E2000039801684FF44070C860FFE703990020D1
:103E300081F84C00FFE70398006E20B1FFE703987C
:103E4000016E8847FFE7FFE7FFE70398806D28B31F
:103E5000FFE703980168486940F002004861039950
:103E6000012081F85400039890F8500000060028C3
:103E700005D5FFE70398416F01200873FFE7FFE7CF
:103E80000399002081F84C00FFE70398806E20B171
:103E9000FFE70398816E8847FFE7FFE704B080BD26
:103EA00080B584B0029001F0CFFB0190029820B958
:103EB000FFE701208DF80F00CEE10298C068B0F551
:103EC000007F01D0FFE7FFE70298406BB0F5805F0D
:103ED00001D1FFE7FFE70298016801205022C4F2F8
:103EE00002029142009000F06781FFE702980168AA
:103EF00001205022C5F202029142009000F05C8144
:103F0000FFE7029801680120D022C4F20202914228
:103F1000009000F05181FFE7029801680120D02253
:103F2000C5F202029142009000F04681FFE702983C
:103F30000168012040F25012C4F202029142009046
:103F400000F03A81FFE702980168012040F2501228
:103F5000C5F202029142009000F02E81FFE7029824
:103F60000168012040F2D012C4F202029142009096
:103F700000F02281FFE702980168012040F2D01290
:103F8000C5F202029142009000F01681FFE702980C
:103F90000168012040F25022C4F2020291420090D6
:103FA00000F00A81FFE702980168012040F25022E8
:103FB000C5F202029142009000F0FE80FFE70298F5
:103FC0000168012040F2D022C4F202029142009026
:103FD00000F0F280FFE702980168012040F2D02251
:103FE000C5F202029142009000F0E680FFE70298DD
:103FF0000168012040F25032C4F202029142009066
:1040000000F0DA80FFE702980168012040F25032A8
:10401000C5F202029142009000F0CE80FFE70298C4
:104020000168012040F2D032C4F2020291420090B5
:1040300000F0C280FFE702980168012040F2D03210
:10404000C5F202029142009000F0B680FFE70298AC
:104050000168012041F25002C4F202029142009034
:1040600000F0AA80FFE702980168012041F25002A7
:10407000C5F202029142009000F09E80FFE7029894
:104080000168012041F2D002C4F202029142009084
:1040900000F09280FFE702980168012041F2D0020F
:1040A000C5F202029142009000F08680FFE702987C
:1040B0000168012041F25012C4F2020291420090C4
:1040C0007AD0FFE702980168012041F25012C5F250
:1040D0000202914200906FD0FFE702980168012030
:1040E00041F2D012C4F202029142009064D0FFE784
:1040F00002980168012041F2D012C5F202029142F9
:10410000009059D0FFE702980168012041F2502247
:10411000C4F20202914200904ED0FFE7029801687B
:10412000012041F25022C5F202029142009043D098
:10413000FFE702980168012041F2D022C4F2020296
:104140009142009038D0FFE702980168012041F2C7
:10415000D022C5F20202914200902DD0FFE70298D2
:104160000168012041F25032C4F2020291420090F3
:1041700022D0FFE702980168012041F25032C5F2D7
:1041800002029142009017D0FFE7029801680120D7
:1041900041F2D032C4F20202914200900CD0FFE70B
:1041A000029800684EF63041CAF6FD710844B0FA34
:1041B00080F040090090FFE70098C00708B1FFE7D2
:1041C000FFE7FFE70299002081F84C00FFE7029823
:1041D00090F8540060B9FFE7029900200866029940
:1041E0004866029988660299C86602990867FFE7DF
:1041F0000299022081F8540002980168486940F051
:1042000006004861FFE7029800684069C00798B15E
:10421000FFE701F019FA0199401A06280BD3FFE7CE
:104220000299102088650299032081F8540001202A
:104230008DF80F0010E0E6E70298FCF74FFB0299BB
:10424000486B0865029900208865029A012182F86E
:1042500054108DF80F00FFE79DF80F0004B080BDEB
:1042600080B584B0039001F0EFF9029003980190BB
:104270000198013048B1FFE740F20440C2F200006B
:104280000178019808440190FFE7FFE701F0DCF9AD
:104290000299401A0199884201D2FFE7F6E704B07B
:1042A00080BD000086B0049003910292049890F8BB
:1042B0005C008DF80700BDF80C0010F4C07F01D041
:1042C000FFE7FFE79DF80700012806D0FFE79DF80C
:1042D0000700022840F0DE80FFE704980068806D48
:1042E00000909DF80C00400730B1FFE79DF80000FA
:1042F000C007002847D0FFE79DF80C0010F0380FEA
:1043000006D0FFE79DF80000800700283BD5FFE7B7
:10431000BDF80C0010F4E07F06D0FFE79DF8000028
:10432000400700282FD5FFE79DF80D0010F01E0F65
:1043300006D0FFE79DF800000007002823D5FFE71F
:104340009DF80D0010F0E00F06D0FFE79DF800008B
:10435000C006002817D5FFE79DF80E00800730B192
:10436000FFE79DF80000800600280CD5FFE79DF8C8
:104370000E0010F0FC0F0DD0FFE79DF80000400686
:10438000002807D4FFE704980168C86D40F00100D9
:10439000C865FFE79DF80C00400730B1FFE79DF8C6
:1043A0000000C007002847D1FFE79DF80C0010F07F
:1043B000380F06D0FFE79DF80000800700283BD4A7
:1043C000FFE7BDF80C0010F4E07F06D0FFE79DF892
:1043D0000000400700282FD4FFE79DF80D0010F0E3
:1043E0001E0F06D0FFE79DF800000007002823D429
:1043F000FFE79DF80D0010F0E00F06D0FFE79DF8F5
:104400000000C006002817D4FFE79DF80E008007C3
:1044100030B1FFE79DF80000800600280CD4FFE7CC
:104420009DF80E0010F0FC0F0DD0FFE79DF8000086
:104430004006002807D5FFE704980168C86D40F0E2
:104440000200C865FFE79DF80C000006002809D5AA
:10445000FFE7029A04980168D1F8DC001043C1F824
:10446000DC00FFE79DF80D00C00748B1FFE7029AA6
:1044700004980168D1F8E0001043C1F8E000FFE7BC
:10448000039A04980168486D1043486500208DF830
:10449000170008E00499086E40F002000866012049
:1044A0008DF81700FFE79DF8170006B07047000071
:1044B00080B586B00490039102920398406808B9D1
:1044C000FFE700E0FFE7049890F85C0002282FD196
:1044D000FFE704980068D0F8C4008002002809D5DE
:1044E000FFE70499086E40F40070086601208DF81B
:1044F000170026E004980068D0F8C400C0F301401B
:10450000019004980399029A019BFEF779FA0199A8
:10451000012000FA01F1049A1268C2F8CC10019946
:10452000884004998865FFE700208DF8170008E0AF
:104530000499086E40F00800086601208DF8170005
:10454000FFE79DF8170006B080BD000087B005901A
:104550000491059890F85C008DF803009DF8030025
:10456000012805D0FFE79DF8030002283CD1FFE7B2
:1045700004980068B8B9FFE704998868CB680A69AD
:104580004969800740EAC36040EA0240084303905B
:104590000598006C0499496800EB8100019003982C
:1045A000019908601CE00498C168006940EA417004
:1045B000039004988168406940EA817002900598F0
:1045C000406C0499496800EBC1000190039801997F
:1045D0000860019804300190029801990860FFE793
:1045E00000208DF81B0008E00599086E40F00200DD
:1045F000086601208DF81B00FFE79DF81B0007B03F
:104600007047000085B0DDF814C00390029101925C
:104610000093039890F85C00012819D1FFE70398F4
:104620000068D0F8800020F03F0002990901019A4B
:1046300041EA8201009A41EA4201059A1143084386
:1046400003990968C1F8800000208DF8130008E084
:104650000399086E40F00400086601208DF81300ED
:10466000FFE79DF8130005B07047000085B0039088
:1046700002910192039890F85C008DF803009DF878
:104680000300012805D0FFE79DF80300022816D19A
:10469000FFE70198012807D1FFE7029A0398016814
:1046A000886D9043886506E0029A03980168886DDA
:1046B00010438865FFE700208DF8130008E0039998
:1046C000086E40F00200086601208DF81300FFE735
:1046D0009DF8130005B0704781B0009001B070479D
:1046E00082B001900091019840F6F001C2F2000101
:1046F00088420DD1FFE79DF802000007002807D58A
:10470000FFE740F61461C2F2000101200870FFE7E4
:1047100002B0704783B00290019102980068406C2B
:104720000090009800F00700019908600098C0F31D
:10473000022001994860009800F0180001998860F3
:104740000098C0F340100199C8600098C0F3801031
:10475000019908619DF80000C0090199486100981D
:10476000C0F3C020019988610098C0F3003001991E
:10477000C8610098C0F34030019908620098C0F306
:104780008030019948620098C0F306400199886220
:10479000002003B07047000083B00290019101989F
:1047A000402808D1FFE702980068D0F8900000F098
:1047B0000F00009007E002980068D0F8980000F021
:1047C0000F000090FFE7009803B070478AB0089090
:1047D00007910692059300200190089890F85C00DC
:1047E0008DF803009DF80300022840F0FA80FFE7EF
:1047F000079840283ED1FFE708980068D0F890005D
:10480000000748B9FFE70899086E40F48070086611
:1048100001208DF82700EDE008980068D0F890009E
:1048200000F080710120B0EB116F0FD1FFE7089805
:104830000068D0F8800000F400710120B0EB512F27
:1048400003D1FFE701200190FFE7FFE70898006828
:10485000D0F8900000F44071019800EB1120019015
:104860000898806C019901EBC10100EBC100049034
:10487000FFE73DE008980068D0F89800000748B9C5
:10488000FFE70899086E40F48070086601208DF8F3
:104890002700AFE008980068D0F8980000F0807119
:1048A0000120B0EB116F0FD1FFE708980068D0F836
:1048B000800000F480710120B0EB112F03D1FFE7DD
:1048C00001200190FFE7FFE708980068D0F8980002
:1048D00000F44071019800EB112001900898C06C21
:1048E000019901EBC10100EBC1000490FFE7FFE774
:1048F0000498006800F08040069948600698406877
:1049000038B9FFE704980068C0F38A400699086048
:1049100006E00498006820F0604006990860FFE710
:104920000498006800F000500699886004980068B8
:1049300000F000400699086104980430049004983F
:1049400000880699C86104980068C0F3034006997E
:10495000C8600498006800F48010069948610498C3
:10496000006800F400100699886104980068C0F39C
:1049700006600699086204980068C00F06994862AC
:104980000498043004900498039000200290FFE7FC
:1049900002980699CA6846F22C11C0F60101895C9A
:1049A00088420AD2FFE70398029A805C05998854EE
:1049B000FFE7029801300290EAE70798402806D105
:1049C000FFE7019808990968C1F8940005E001988B
:1049D00008990968C1F89C00FFE700208DF82700BE
:1049E00008E00899086E40F00800086601208DF87C
:1049F0002700FFE79DF827000AB0704781B00090BC
:104A000001B0704780B58AB0099009980068006DC0
:104A100000F4E050089009980068416D089808403B
:104A2000089009980068006D00F007000790099849
:104A30000068416D07980840079009980068006D6C
:104A400000F03800069009980068416D069808400B
:104A5000069009980068006D00F4710005900998AF
:104A60000068416D05980840059009980068006D40
:104A700000F46020049009980068416D0498084093
:104A8000049009980068406D019009980068006DD5
:104A900000909DF8000000F040010020B0EB911F55
:104AA00012D0FFE79DF8040000F040010020B0EBB9
:104AB000911F08D0FFE70998016840200865099810
:104AC000FFF79CFFFFE7FFE79DF80100C007E0B19B
:104AD000FFE79DF80500C007B0B1FFE7099800683F
:104AE000D0F8D800029009980068D0F8E010029839
:104AF00008400290099801684FF480700865099891
:104B0000029900F09DFBFFE7FFE7089848B1FFE737
:104B100008980999096808650998089900F09CFBAC
:104B2000FFE7079848B1FFE7079809990968086502
:104B30000998079900F0D0FAFFE7069848B1FFE717
:104B400006980999096808650998069900F0D6FA47
:104B5000FFE79DF8010000F002010020B0EB510FCB
:104B600013D0FFE79DF8050000F002010020B0EB34
:104B7000510F09D0FFE7099801684FF400700865EC
:104B8000099800F06FFBFFE7FFE79DF80010002099
:104B9000B0EBD11F1DD0FFE79DF804100020B0EB53
:104BA000D11F15D0FFE709980068D0F8D400039012
:104BB00009980068D0F8DC10039808400390099821
:104BC0000168802008650998039900F03FFBFFE722
:104BD000FFE79DF8010000F020010020B0EB511F1D
:104BE00013D0FFE79DF8050000F020010020B0EB96
:104BF000511F09D0FFE7099801684FF4005008657C
:104C0000099800F019FBFFE7FFE79DF8011000206D
:104C1000B0EBD11F11D0FFE79DF805100020B0EBDD
:104C2000D11F09D0FFE7099801684FF400400865DB
:104C3000099800F0FDFAFFE7FFE79DF8010000F09A
:104C400040010020B0EB911F15D0FFE79DF8050053
:104C500000F040010020B0EB911F0BD0FFE7099856
:104C600001684FF4804008650999086E40F08000A3
:104C70000866FFE7FFE7049848B1FFE70498099941
:104C80000968086509980499FFF72AFDFFE7059868
:104C900050B1FFE70598099909680865059A0999CF
:104CA000086E10430866FFE70998006E20B1FFE721
:104CB0000998FFF711FDFFE70AB080BD80B584B009
:104CC0000290029820B9FFE701208DF80F0057E10C
:104CD000029800684AF20041C4F20001884201D102
:104CE000FFE7FFE702988068B0F5407F01D1FFE75A
:104CF000FFE7029890F85C0040B9FFE702990020B6
:104D000081F85D00029800F03FF9FFE70298016822
:104D1000886920F01000886100F096FC0190FFE7A0
:104D20000298006880690007002815D5FFE700F0A9
:104D30008BFC0199401A0B280DD3FFE70299086EEE
:104D400040F0010008660299032081F85C00012010
:104D50008DF80F0014E1E3E702980168886940F0DC
:104D60000100886100F070FC0190FFE70298006884
:104D70008069C007A8B9FFE700F066FC0199401AF6
:104D80000B280DD3FFE70299086E40F0010008667A
:104D90000299032081F85C0001208DF80F00EFE0FC
:104DA000E4E702980168886940F00200886102988F
:104DB00000684AF20041C4F20001884208D1FFE7CE
:104DC000029840684AF20051C4F200010860FFE70F
:104DD0000298007C012807D1FFE7029801688869E2
:104DE00020F04000886106E002980168886940F080
:104DF00040008861FFE70298407C012807D1FFE767
:104E000002980168886940F48040886106E0029851
:104E10000168886920F480408861FFE70298807CFF
:104E2000012807D1FFE702980168886920F48050C3
:104E3000886106E002980168886940F480508861C2
:104E4000FFE702980068806920F44070029A1168B8
:104E500092681043886102980168886920F0A40074
:104E6000886102980168086920F0100008610298C2
:104E7000C068012807D1FFE702980168886940F0FF
:104E8000040088612BE00298C06830B3FFE7029805
:104E9000C068022819D0FFE702980168886940F0CD
:104EA0008000886102980168086940F0100008617C
:104EB0000298C068032807D1FFE702980168886953
:104EC00040F020008861FFE706E0029801688869E9
:104ED00040F020008861FFE700E0FFE7FFE7029A6B
:104EE000116853699069D2F81CE0A0F1010C6FF0D1
:104EF000FF0000EB0E2040EA4C60126A013A1043BA
:104F00000022CFF6FF7202EB03421043C861029801
:104F10008068B0F5407F1CD1FFE7029A1168536AA0
:104F2000906AD2F82CE001386FF0FF0C0CEB0E2CDD
:104F300040EA0C00D2F830C06FF00F0202EB0C1206
:104F400010430022CFF6FF7202EB03421043C86009
:104F5000FFE702980168C26BD1F8C0001043C1F8A6
:104F6000C0000298FDF7EEFC0299002088650299C6
:104F70000866029A012182F85C108DF80F00FFE7A5
:104F80009DF80F0004B080BD80B58EB00D9000205C
:104F90000C900B900A90099008900D9800684AF2C6
:104FA0000041C4F2000188424ED1FFE740F2784050
:104FB000C2F200000168013101600068012810D1CF
:104FC000FFE7FFE740F6A040C4F20240016841F469
:104FD00000710160006800F4007007900798FFE717
:104FE000FFE7FFE740F68C40C4F20240016841F061
:104FF00001010160006800F0010006900698FFE7DB
:105000004FF4C050089002200990002102910A91AB
:105010000B9009200C900020C4F2022008A900F097
:105020006FF9029A27200190114600F015FC0198B3
:1050300000F008FC029A28200390114600F00CFCB6
:10504000039800F0FFFB44E00D9800684AF6000169
:10505000C4F2000188423BD1FFE740F27840C2F23F
:1050600000000168013101600068012810D1FFE7EC
:10507000FFE740F6A040C4F20240016841F400712D
:105080000160006800F4007005900598FFE7FFE7F5
:10509000FFE740F68C40C4F20240016841F0020193
:1050A0000160006800F0020004900498FFE76020AF
:1050B00008900220099000200A900B9009200C9083
:1050C00040F20040C4F2022008A900F019F9FFE7FD
:1050D000FFE70EB080BD000080B582B00190009166
:1050E000019800684AF20041C4F20001884203D1ED
:1050F000FFE70DF0B3FCFFE702B080BD82B0019086
:10510000009102B07047000082B00090009890F8C3
:105110005C00012810D1FFE70099022081F85C00B3
:1051200000980168886920F00100886100990020DA
:1051300008668DF8070008E00099086E40F004004A
:10514000086601208DF80700FFE79DF8070002B010
:105150007047000083B0019000200090019890F803
:105160005C00022857D1FFE701980168886940F088
:1051700001008861FFE7019800688069C007A8B94D
:10518000FFE700980B280DD3FFE70199086E40F068
:10519000010008660199032081F85C0001208DF868
:1051A0000B0041E0009801300090E4E700200090FF
:1051B00001980168886920F010008861FFE7019874
:1051C000006880690007002815D5FFE700980B28C4
:1051D0000DD3FFE70199086E40F0010008660199C0
:1051E000032081F85C0001208DF80B001CE0009882
:1051F00001300090E3E701980168886940F00200FF
:105200008861019900208865019A012182F85C106B
:105210008DF80B0008E00199086E40F00800086660
:1052200001208DF80B00FFE79DF80B0003B07047DD
:1052300081B0009001B0704781B0009001B070471C
:1052400082B00190009102B07047000082B00190DE
:10525000009102B07047000082B00190009102B04E
:105260007047000081B0009001B0704781B0ADF888
:105270000200BDF80200102807D1FFE740F24A7192
:10528000C2F2000101200870FFE701B07047000082
:1052900080B582B0ADF8060042F20C00C4F20240C4
:1052A0000068BDF8061008420CD0FFE7BDF8060004
:1052B00042F20C01C4F202410860BDF8060000F0A1
:1052C00019F8FFE742F21000C4F202400068BDF88E
:1052D000061008420CD0FFE7BDF8060042F21001AC
:1052E000C4F202410860BDF80600FFF7BFFFFFE708
:1052F00002B080BD81B0ADF8020001B0704700007F
:1053000085B00490039100200090FFE703980068A7
:105310000099C840002800F06681FFE70398006804
:10532000009A01219140084001900198002800F066
:105330005681FFE703984068022805D0FFE70398ED
:105340004068122828D1FFE7049800996FF0030203
:1053500002EA51010844006A0290009800F0070038
:1053600081000F2000FA01F102988843029003980F
:10537000006900F00F00009901F00701890000FAB0
:1053800001F102980843029002980499009B02EAF6
:10539000530211440862FFE70498006802900098E5
:1053A0004100032000FA01F102988843029003981B
:1053B000406800F003000099490000FA01F10298EA
:1053C00008430290029804990860039840680128F5
:1053D0000FD0FFE70398406802280AD0FFE7039840
:1053E0004068112805D0FFE70398406812282FD1A4
:1053F000FFE704988068029000984100032000FABB
:1054000001F10298884302900398C068009949000E
:1054100000FA01F10298084302900298049988600A
:105420000498406802900099012000FA01F1029866
:105430008843029003984068C0F30010009900FA76
:1054400001F1029808430290029804994860FFE72E
:105450000398406800F0030003280CD1FFE703988D
:10546000406800F0030003281DD1FFE7039880681F
:10547000012818D0FFE70498C06802900098410006
:10548000032000FA01F10298884302900398806893
:105490000099490000FA01F102980843029002982D
:1054A0000499C860FFE70398C079C006002840F15E
:1054B0009580FFE7009820F0030042F26002C4F2FA
:1054C000024280580290009800F00300C1000F20B3
:1054D00000FA01F102988843029004984FF60041C7
:1054E000CBF6FD510840800A009901F00301C90084
:1054F00000FA01F10298084302900298009921F005
:105500000301885042F20000C4F202400068029099
:10551000019902988843029003988079C006002878
:1055200005D5FFE70199029808430290FFE702982A
:1055300042F20001C4F20241086042F20400C4F2E7
:1055400002400068029001990298884302900398F3
:1055500080798006002805D5FFE701990298084365
:105560000290FFE7029842F20401C4F2024108608F
:1055700042F28400C4F2024000680290019902984D
:1055800088430290039880798007002805D5FFE7BB
:105590000199029808430290FFE7029842F28401C1
:1055A000C4F20241086042F28000C4F20240006886
:1055B0000290019902988843029003988079C0076D
:1055C00028B1FFE70199029808430290FFE702988B
:1055D00042F28001C4F202410860FFE7FFE7009851
:1055E0000130009092E605B07047000082B0019053
:1055F000ADF8021001980069BDF80210084204D00D
:10560000FFE701208DF8010003E000208DF8010084
:10561000FFE79DF8010002B07047000082B00190E2
:10562000ADF802108DF801209DF8010028B1FFE7C8
:10563000BDF802000199886104E0BDF802000199FB
:105640008862FFE702B0704740F6EC60C2F20000EB
:105650000068704782B0019000208DF8030040F28E
:105660000040C4F203000068C00720B1FFE701203A
:105670008DF803000AE040F20041C4F2030108681B
:1056800020F00400019A10430860FFE79DF8030032
:1056900002B0704740F20041C4F20301086840F0D4
:1056A000010008600020704740F20440C2F2000090
:1056B000027840F6EC61C2F200010868104408600C
:1056C0007047000080B582B0032000F0DDF805F0DF
:1056D0009BF940F62041C4F20241096801F00F0233
:1056E00046F21411C0F60101895CC84040F21C0169
:1056F000C2F200010860042007F024FC002000F042
:1057000011F820B1FFE701208DF8070005E000F057
:1057100093F800208DF80700FFE79DF8070002B01E
:1057200080BD000080B586B004900020039040F258
:105730000440C2F20000007820B9FFE701208DF894
:10574000170075E04EF21000CEF20000006840072E
:10575000002812D5FFE740F21C00C2F200000068EA
:1057600040F20441C2F200010A784FF47A71B1FBB1
:10577000F2F1B0FBF1F0039040E007F057FC02902B
:105780000298019040B1FFE70198012816D0FFE789
:105790000198022821D02FE040F21C00C2F2000044
:1057A000006840F20441C2F200010A784FF4FA5155
:1057B000B1FBF2F1B0FBF1F003901EE040F20440C7
:1057C000C2F2000001784FF47A70B0FBF1F14FF4AF
:1057D000FA40B0FBF1F003900FE040F20440C2F257
:1057E000000001784FF47A70B0FBF1F14FF4004003
:1057F000B0FBF1F0039000E0FFE7FFE7039807F04C
:10580000EFFB20B1FFE701208DF8170010E00499AD
:105810004FF0FF300022009200F01EF8009804992B
:1058200040F20842C2F2000211608DF81700FFE753
:105830009DF8170006B080BD80B5052000F024F863
:1058400080BD000080B582B0ADF80600BDF906004D
:105850000CF04AFD02B080BD80B586B0ADF81600F0
:10586000049103920CF058FD0290BDF916000190CE
:1058700002980499039A0AF057FB014601980CF02C
:1058800053FD06B080BD000080B582B00190019844
:105890000CF06CFD02B080BD81B0009000996FF0FB
:1058A000FF0060EA010240F64801C4F202410868C4
:1058B0001040086001B0704792B009904FF440303A
:1058C00006900999086804904968059190FAA0F03B
:1058D0001090109820B9FFE720208DF8470005E0D0
:1058E0001098B0FA80F08DF84700FFE7049805990A
:1058F0009DF84720083202F01F02914008430290B1
:10590000099908688968039190FAA0F00E900E98A2
:1059100020B9FFE720208DF83F0005E00E98B0FA8F
:1059200080F08DF83F00FFE7029803999DF83F3023
:10593000102202EB430202F01E029140084308903D
:1059400009980068019090FAA0F00C900C9820B98A
:10595000FFE720208DF8370005E00C98B0FA80F0C2
:105960008DF83700FFE701989DF8371001F01F020E
:105970004FF480719140084300900998006890FAB4
:10598000A0F00A900A9820B9FFE720208DF82F0098
:1059900005E00A98B0FA80F08DF82F00FFE7009834
:1059A0009DF82F201E2101EA42024FF44031914020
:1059B0000843079040F64801C4F202410868079A7C
:1059C0009043089A1043086012B0704740F60001F7
:1059D000C4F20241086840F0010008604EF6105120
:1059E000CEF20001086840F004000860BFF34F8F5A
:1059F000BFF36F8F30BF704789B0089040F63440D6
:105A0000C4F2024000686FF35F20059040F6284022
:105A1000C4F20240016801F0030107910168C1F37B
:105A2000052106910068C0F300100490049840F628
:105A30003841C4F20241096889B2C90800FB01F08B
:105A400000EE100AB8EE400A8DED020A0698002812
:105A500000F03D81FFE707980090012808D0FFE79C
:105A60000098022830D0FFE70098032849D065E06D
:105A700040F60040C4F202400068C0F3C10149F2A0
:105A80000000C0F2D030C84003909DED030AB8EE8C
:105A9000400A9DED061AB8EE411A80EE010A9DED0E
:105AA000051AB8EE411A9DED022A9FED8F3A22EEBB
:105AB000032A31EE021AB7EE002A31EE021A20EE66
:105AC000010A8DED010A65E09DED060AB8EE401A67
:105AD0009FED860A80EE010A9DED051AB8EE411A87
:105AE0009DED022A9FED803A22EE032A31EE021A42
:105AF000B7EE002A31EE021A20EE010A8DED010AFE
:105B000048E09DED060AB8EE401A9FED760A80EE59
:105B1000010A9DED051AB8EE411A9DED022A9FED8E
:105B2000723A22EE032A31EE021AB7EE002A31EE63
:105B3000021A20EE010A8DED010A2BE040F600402A
:105B4000C4F202400068C0F3C10149F20000C0F293
:105B5000D030C84003909DED030AB8EE400A9DED99
:105B6000061AB8EE411A80EE010A9DED051AB8EE4C
:105B7000411A9DED022A9FED5C3A22EE032A31EE96
:105B8000021AB7EE002A31EE021A20EE010A8DED5C
:105B9000010AFFE740F60040C4F2024000688001BD
:105BA000002827D5FFE740F62840C4F202400068ED
:105BB000C003002819D5FFE79DED010A40F63440E7
:105BC000C4F20240006880B2400A01EE100AB8EE4A
:105BD000411AB7EE002A31EE021A80EE010A089847
:105BE000BCEEC00A80ED000A03E0089900200860BE
:105BF000FFE703E0089900200860FFE740F6004057
:105C0000C4F2024000688001002827D5FFE740F673
:105C10002840C4F2024000688003002819D5FFE73D
:105C20009DED010A40F63440C4F202400068C0F322
:105C3000064001EE100AB8EE411AB7EE002A31EE26
:105C4000021A80EE010A0898BCEEC00A80ED010A33
:105C500003E0089900204860FFE703E0089900206E
:105C60004860FFE740F60040C4F20240006880014F
:105C7000002827D5FFE740F62840C4F2024000681C
:105C80004003002819D5FFE79DED010A40F6344096
:105C9000C4F202400068C0F3066001EE100AB8EEDC
:105CA000411AB7EE002A31EE021A80EE010A089876
:105CB000BCEEC00A80ED020A03E00899002088606B
:105CC000FFE703E0089900208860FFE707E00899F4
:105CD000002008600899486008998860FFE709B0CB
:105CE000704700BF20BCBE4B000000390024744A3E
:105CF00089B0089040F63C40C4F2024000686FF35F
:105D00005F20059040F62C40C4F20240016801F08B
:105D1000030107910168C1F3052106910068C0F3F2
:105D200000100490049840F64041C4F20241096812
:105D300089B2C90800FB01F000EE100AB8EE400A73
:105D40008DED020A0698002800F03D81FFE70798D4
:105D50000090012808D0FFE70098022830D0FFE724
:105D60000098032849D065E040F60040C4F20240A4
:105D70000068C0F3C10149F20000C0F2D030C84051
:105D800003909DED030AB8EE400A9DED061AB8EEA9
:105D9000411A80EE010A9DED051AB8EE411A9DEDFB
:105DA000022A9FED8F3A22EE032A31EE021AB7EE55
:105DB000002A31EE021A20EE010A8DED010A65E09B
:105DC0009DED060AB8EE401A9FED860A80EE010AA4
:105DD0009DED051AB8EE411A9DED022A9FED803A1D
:105DE00022EE032A31EE021AB7EE002A31EE021A31
:105DF00020EE010A8DED010A48E09DED060AB8EE9D
:105E0000401A9FED760A80EE010A9DED051AB8EE64
:105E1000411A9DED022A9FED723A22EE032A31EEDD
:105E2000021AB7EE002A31EE021A20EE010A8DEDB9
:105E3000010A2BE040F60040C4F202400068C0F3C3
:105E4000C10149F20000C0F2D030C84003909DED7E
:105E5000030AB8EE400A9DED061AB8EE411A80EE2C
:105E6000010A9DED051AB8EE411A9DED022A9FED3B
:105E70005C3A22EE032A31EE021AB7EE002A31EE26
:105E8000021A20EE010A8DED010AFFE740F60040FC
:105E9000C4F2024000680001002827D5FFE740F661
:105EA0002C40C4F202400068C003002819D5FFE767
:105EB0009DED010A40F63C40C4F20240006880B209
:105EC000400A01EE100AB8EE411AB7EE002A31EE90
:105ED000021A80EE010A0898BCEEC00A80ED000AA2
:105EE00003E0089900200860FFE703E0089900201C
:105EF0000860FFE740F60040C4F20240006800017D
:105F0000002827D5FFE740F62C40C4F20240006885
:105F10008003002819D5FFE79DED010A40F63C40BB
:105F2000C4F202400068C0F3064001EE100AB8EE69
:105F3000411AB7EE002A31EE021A80EE010A0898E3
:105F4000BCEEC00A80ED010A03E008990020486019
:105F5000FFE703E0089900204860FFE740F60040B3
:105F6000C4F2024000680001002827D5FFE740F690
:105F70002C40C4F2024000684003002819D5FFE716
:105F80009DED010A40F63C40C4F202400068C0F3B7
:105F9000066001EE100AB8EE411AB7EE002A31EEA3
:105FA000021A80EE010A0898BCEEC00A80ED020ACF
:105FB00003E0089900208860FFE703E008990020CB
:105FC0008860FFE707E008990020086008994860AA
:105FD00008998860FFE709B0704700BF20BCBE4B3E
:105FE000000000390024744A89B0089040F644400B
:105FF000C4F2024000686FF35F20059040F6304025
:10600000C4F20240016801F0030107910168C1F385
:10601000052106910068C0F300100490049840F632
:106020004841C4F20241096889B2C90800FB01F085
:1060300000EE100AB8EE400A8DED020A069800281C
:1060400000F03D81FFE707980090012808D0FFE7A6
:106050000098022830D0FFE70098032849D065E077
:1060600040F60040C4F202400068C0F3C10149F2AA
:106070000000C0F2D030C84003909DED030AB8EE96
:10608000400A9DED061AB8EE411A80EE010A9DED18
:10609000051AB8EE411A9DED022A9FED8F3A22EEC5
:1060A000032A31EE021AB7EE002A31EE021A20EE70
:1060B000010A8DED010A65E09DED060AB8EE401A71
:1060C0009FED860A80EE010A9DED051AB8EE411A91
:1060D0009DED022A9FED803A22EE032A31EE021A4C
:1060E000B7EE002A31EE021A20EE010A8DED010A08
:1060F00048E09DED060AB8EE401A9FED760A80EE64
:10610000010A9DED051AB8EE411A9DED022A9FED98
:10611000723A22EE032A31EE021AB7EE002A31EE6D
:10612000021A20EE010A8DED010A2BE040F6004034
:10613000C4F202400068C0F3C10149F20000C0F29D
:10614000D030C84003909DED030AB8EE400A9DEDA3
:10615000061AB8EE411A80EE010A9DED051AB8EE56
:10616000411A9DED022A9FED5C3A22EE032A31EEA0
:10617000021AB7EE002A31EE021A20EE010A8DED66
:10618000010AFFE740F60040C4F2024000688000C8
:10619000002827D5FFE740F63040C4F202400068EF
:1061A000C003002819D5FFE79DED010A40F64440E1
:1061B000C4F20240006880B2400A01EE100AB8EE54
:1061C000411AB7EE002A31EE021A80EE010A089851
:1061D000BCEEC00A80ED000A03E0089900200860C8
:1061E000FFE703E0089900200860FFE740F6004061
:1061F000C4F2024000688000002827D5FFE740F67F
:106200003040C4F2024000688003002819D5FFE73F
:106210009DED010A40F64440C4F202400068C0F31C
:10622000064001EE100AB8EE411AB7EE002A31EE30
:10623000021A80EE010A0898BCEEC00A80ED010A3D
:1062400003E0089900204860FFE703E00899002078
:106250004860FFE740F60040C4F20240006880005A
:10626000002827D5FFE740F63040C4F2024000681E
:106270004003002819D5FFE79DED010A40F6444090
:10628000C4F202400068C0F3066001EE100AB8EEE6
:10629000411AB7EE002A31EE021A80EE010A089880
:1062A000BCEEC00A80ED020A03E008990020886075
:1062B000FFE703E0089900208860FFE707E00899FE
:1062C000002008600899486008998860FFE709B0D5
:1062D000704700BF20BCBE4B000000390024744A48
:1062E00080B59CB01B911A901A981B9980F0007091
:1062F000084300285BD1FFE740F6F040C4F20240BB
:10630000016801F440710E9100688007002809D5EA
:10631000FFE70E98B0F5807F04D1FFE74FF400400F
:10632000109042E040F6F040C4F2024000680001E4
:10633000002809D5FFE70E98B0F5007F04D1FFE7EC
:106340004FF4FA4010902FE040F60040C4F20240B3
:1063500000688003002823D5FFE70E98B0F5407F42
:106360001ED1FFE740F61C40C4F20240006800F472
:106370007C50B0F5007F0FD3FFE740F61C40C4F21D
:1063800002400068C0F3052147F64000C0F27D10CE
:10639000B0FBF1F0109002E000201090FFE702E067
:1063A00000201090FFE7FFE7FFE702F012BC1A9809
:1063B0000C901B990D9180F001000843002800F01B
:1063C000C682FFE70D990C9880F002000843002870
:1063D00000F03B83FFE70D990C9880F00400084320
:1063E000002800F0A783FFE70D990C9880F00800C3
:1063F0000843002800F01E84FFE70D990C9880F0F8
:1064000010000843002800F09884FFE70D990C98CD
:1064100080F020000843002800F01285FFE70D9966
:106420000C9880F040000843002800F08C85FFE7BE
:106430000D990C9880F080000843002800F0068633
:10644000FFE70D990C9880F480700843002800F055
:106450008086FFE70D990C9880F4007008430028AF
:1064600000F0FA86FFE70D990C9880F480600843ED
:10647000002800F07487FFE70D990C9880F4006005
:106480000843002800F0E987FFE70D990C9880F495
:1064900080500843002801F05E80FFE70D990C98BA
:1064A00080F400500843002801F06181FFE70D9956
:1064B0000C9880F480400843002801F0AA81FFE78F
:1064C0000D990C9880F400400843002801F0F381F6
:1064D000FFE70D990C9880F480300843002801F004
:1064E0008E82FFE70D990C9880F400300843002855
:1064F00001F0C282FFE70D990C9880F480200843D8
:10650000002801F06583FFE70D990C9880F40020C6
:106510000843002800F0BF80FFE70D990C9880F435
:1065200080100843002800F04381FFE70D990C9884
:1065300080F400100843002801F07E80FFE70D99E9
:106540000C9880F480000843002800F0BE81FFE72B
:106550000D990C9880F400000843002800F0D681C3
:10656000FFE70D990C9880F080600843002802F046
:106570009882FFE70D990C9880F00060084300288E
:1065800001F0B986FFE70D990C9880F08050084320
:10659000002801F02F87FFE70D990C9880F000503C
:1065A0000843002801F0B387FFE70D990C9880F0AD
:1065B00080400843002802F03380FFE70D990C98D3
:1065C00080F000400843002802F0AE80FFE70C98FE
:1065D0000D9981F001010843002802F02981FFE7AD
:1065E0000C980D9981F002010843002802F0A48163
:1065F000FFE70C980D9981F004010843002801F091
:106600004386FFE70C980D9981F0080108430028A4
:1066100002F00782FFE70C980D9981F01001084302
:10662000002802F09482FFE70C980D9981F0200178
:106630000843002801F07883FFE70C980D9981F05A
:1066400040010843002801F01B84FFE70C980D99D6
:1066500081F080010843002801F0BE84FFE70C9818
:106660000D9981F480710843002801F06185FFE7EE
:106670000C980D9981F400710843002801F04880BE
:10668000FFE70C980D9981F480610843002801F020
:10669000648102F09ABA40F6E840C4F20240006811
:1066A00000F4E0200E900E980B90A0B1FFE70B983D
:1066B000B0F5803F15D0FFE70B98B0F5003F16D03E
:1066C000FFE70B98B0F5403F17D0FFE70B98B0F508
:1066D000802F18D067E017A8FFF78EF91898109050
:1066E00064E014A8FFF704FB149810905EE011A872
:1066F000FFF77AFC1198109058E048F20000C0F2C1
:10670000BB00109052E040F6E840C4F2024000683E
:1067100000F040400F9040F60040C4F20240006894
:106720008007002811D5FFE70F9870B9FFE740F602
:106730000040C4F202400068C0F3C10149F2000009
:10674000C0F2D030C84010902CE040F60040C4F2B7
:1067500002400068800500280BD5FFE70F98B0F1D4
:10676000804F06D1FFE740F60010C0F23D001090C8
:1067700017E040F60040C4F20240006880030028A1
:106780000BD5FFE70F98B0F1004F06D1FFE747F6B2
:106790004000C0F27D10109002E000201090FFE752
:1067A000FFE7FFE702E000201090FFE702F010BAD9
:1067B00040F6E840C4F20240006800F460100E9019
:1067C0000E980A90A0B1FFE70A98B0F5002F15D0F7
:1067D000FFE70A98B0F5801F16D0FFE70A98B0F5DA
:1067E000C01F17D0FFE70A98B0F5001F18D067E068
:1067F00017A8FFF701F91898109064E014A8FFF7A4
:1068000077FA149810905EE011A8FFF7EDFB11984D
:10681000109058E048F20000C0F2BB00109052E027
:1068200040F6E840C4F20240006800F040400F909B
:1068300040F60040C4F2024000688007002811D5ED
:10684000FFE70F9870B9FFE740F60040C4F202403E
:106850000068C0F3C10149F20000C0F2D030C84066
:1068600010902CE040F60040C4F202400068800521
:1068700000280BD5FFE70F98B0F1804F06D1FFE756
:1068800040F60010C0F23D00109017E040F60040C6
:10689000C4F202400068800300280BD5FFE70F9880
:1068A000B0F1004F06D1FFE747F64000C0F27D107F
:1068B000109002E000201090FFE7FFE7FFE702E002
:1068C00000201090FFE702F083B940F6E440C4F2E4
:1068D0000240006800F040000E900E9830B9FFE7CB
:1068E00017A8FFF789F8189810900DE00E98402827
:1068F00006D1FFE714A8FFF7FBF91698109002E005
:1069000000201090FFE7FFE702F062B940F6E44094
:10691000C4F20240006800F080000E900E9830B97A
:10692000FFE717A8FFF768F8189810900DE00E9889
:10693000802806D1FFE714A8FFF7DAF9169810901F
:1069400002E000201090FFE7FFE702F041B940F6B7
:10695000D840C4F20240006800F007000E900E9884
:1069600020B9FFE704F028F810906CE040F60040F2
:10697000C4F202400068000100280AD5FFE70E9823
:10698000012806D1FFE714A8FFF7B2F91598109077
:1069900058E040F60040C4F2024000688000002841
:1069A0000AD5FFE70E98022806D1FFE711A8FFF7E6
:1069B0001BFB1298109044E040F60040C4F20240E5
:1069C00000688007002812D5FFE70E9803280ED133
:1069D000FFE740F60040C4F202400068C0F3C10186
:1069E00049F20000C0F2D030C840109028E040F6D4
:1069F0000040C4F202400068800500280AD5FFE785
:106A00000E98042806D1FFE740F60010C0F23D00C2
:106A1000109014E040F6F040C4F202400068800795
:106A2000002808D5FFE70E98052804D1FFE74FF4AA
:106A30000040109002E000201090FFE7FFE7FFE722
:106A4000FFE7FFE7FFE702F0C3B840F6D840C4F223
:106A50000240006800F038000E900E9820B9FFE761
:106A600003F096FF109063E040F60040C4F202404D
:106A70000068000100280AD5FFE70E98082806D113
:106A8000FFE714A8FFF734F9159810904FE00E981F
:106A9000102806D1FFE711A8FFF7A6FA1298109068
:106AA00044E040F60040C4F202400068800700283D
:106AB00012D5FFE70E9818280ED1FFE740F60040E8
:106AC000C4F202400068C0F3C10149F20000C0F204
:106AD000D030C840109028E040F60040C4F2024098
:106AE0000068800500280AD5FFE70E98202806D107
:106AF000FFE740F60010C0F23D00109014E040F6B1
:106B0000F040C4F2024000688007002808D5FFE783
:106B10000E98282804D1FFE74FF40040109002E0BF
:106B200000201090FFE7FFE7FFE7FFE7FFE7FFE741
:106B300002F04EB840F6D840C4F20240006800F4BB
:106B4000E0700E900E9820B9FFE703F021FF10903F
:106B50006EE040F60040C4F20240006800010028E8
:106B60000AD5FFE70E98402806D1FFE714A8FFF7E3
:106B7000BFF8159810905AE040F60040C4F2024069
:106B80000068800000280AD5FFE70E98802806D10B
:106B9000FFE711A8FFF728FA1298109046E040F698
:106BA0000040C4F2024000688007002812D5FFE7C9
:106BB0000E98C0280ED1FFE740F60040C4F2024014
:106BC0000068C0F3C10149F20000C0F2D030C840F3
:106BD00010902AE040F60040C4F2024000688005B0
:106BE00000280BD5FFE70E98B0F5807F06D1FFE7B0
:106BF00040F60010C0F23D00109015E040F6F04065
:106C0000C4F2024000688007002809D5FFE70E980B
:106C1000B0F5A07F04D1FFE74FF40040109002E0F0
:106C200000201090FFE7FFE7FFE7FFE7FFE7FFE740
:106C300001F0CEBF40F6D840C4F20240006800F434
:106C400060600E900E9820B9FFE703F0A1FE10904F
:106C500071E040F60040C4F20240006800010028E4
:106C60000BD5FFE70E98B0F5007F06D1FFE714A81B
:106C7000FFF73EF8159810905CE040F60040C4F233
:106C800002400068800000280BD5FFE70E98B0F5A1
:106C9000806F06D1FFE711A8FFF7A6F912981090B0
:106CA00047E040F60040C4F2024000688007002838
:106CB00013D5FFE70E98B0F5C06F0ED1FFE740F691
:106CC0000040C4F202400068C0F3C10149F2000074
:106CD000C0F2D030C84010902AE040F60040C4F224
:106CE00002400068800500280BD5FFE70E98B0F53C
:106CF000006F06D1FFE740F60010C0F23D00109093
:106D000015E040F6F040C4F2024000688007002819
:106D100009D5FFE70E98B0F5206F04D1FFE74FF4D7
:106D20000040109002E000201090FFE7FFE7FFE72F
:106D3000FFE7FFE7FFE701F04BBF40F6D840C4F2A2
:106D40000240006800F4E0400E900E9820B9FFE782
:106D500003F01EFE109071E040F60040C4F20240C5
:106D60000068000100280BD5FFE70E98B0F5805FA2
:106D700006D1FFE714A8FEF7BBFF159810905CE062
:106D800040F60040C4F202400068800000280BD5A5
:106D9000FFE70E98B0F5005F06D1FFE711A8FFF7F7
:106DA00023F91298109047E040F60040C4F20240E8
:106DB00000688007002813D5FFE70E98B0F5405F04
:106DC0000ED1FFE740F60040C4F202400068C0F375
:106DD000C10149F20000C0F2D030C84010902AE052
:106DE00040F60040C4F202400068800500280BD540
:106DF000FFE70E98B0F5804F06D1FFE740F6001090
:106E0000C0F23D00109015E040F6F040C4F20240A0
:106E100000688007002809D5FFE70E98B0F5A04F5D
:106E200004D1FFE74FF40040109002E000201090E2
:106E3000FFE7FFE7FFE7FFE7FFE7FFE701F0C8BE77
:106E400040F6D840C4F20240006800F460300E9072
:106E50000E9820B9FFE703F09BFD109071E040F61B
:106E60000040C4F202400068000100280BD5FFE793
:106E70000E98B0F5004F06D1FFE714A8FEF738FFD3
:106E8000159810905CE040F60040C4F202400068A3
:106E9000800000280BD5FFE70E98B0F5803F06D1A3
:106EA000FFE711A8FFF7A0F81298109047E040F60E
:106EB0000040C4F2024000688007002813D5FFE7B5
:106EC0000E98B0F5C03F0ED1FFE740F60040C4F287
:106ED00002400068C0F3C10149F20000C0F2D030A6
:106EE000C84010902AE040F60040C4F2024000681A
:106EF000800500280BD5FFE70E98B0F5003F06D1BE
:106F0000FFE740F60010C0F23D00109015E040F69B
:106F1000F040C4F2024000688007002809D5FFE76E
:106F20000E98B0F5203F04D1FFE74FF400401090D9
:106F300002E000201090FFE7FFE7FFE7FFE7FFE731
:106F4000FFE701F045BE40F6D840C4F202400068B9
:106F500000F4E0100E900E9820B9FFE703F018FD42
:106F6000109071E040F60040C4F202400068000159
:106F700000280BD5FFE70E98B0F5802F06D1FFE76C
:106F800014A8FEF7B5FE159810905CE040F600409E
:106F9000C4F202400068800000280BD5FFE70E987D
:106FA000B0F5002F06D1FFE711A8FFF71DF81298E2
:106FB000109047E040F60040C4F2024000688007AD
:106FC000002813D5FFE70E98B0F5402F0ED1FFE74C
:106FD00040F60040C4F202400068C0F3C10149F22B
:106FE0000000C0F2D030C84010902AE040F60040C7
:106FF000C4F202400068800500280BD5FFE70E9818
:10700000B0F5801F06D1FFE740F60010C0F23D004A
:10701000109015E040F6F040C4F20240006880078E
:10702000002809D5FFE70E98B0F5A01F04D1FFE7AF
:107030004FF40040109002E000201090FFE7FFE7BF
:10704000FFE7FFE7FFE7FFE701F0C2BD40F6D840EA
:10705000C4F20240006800F460000E900E9820B95F
:10706000FFE703F095FC109071E040F60040C4F299
:1070700002400068000100280BD5FFE70E98B0F52C
:10708000001F06D1FFE714A8FEF732FE15981090F6
:107090005CE040F60040C4F2024000688000002836
:1070A0000BD5FFE70E98B0F5800F06D1FFE711A8CA
:1070B000FEF79AFF1298109047E040F60040C4F2A5
:1070C000024000688007002813D5FFE70E98B0F54E
:1070D000C00F0ED1FFE740F60040C4F20240006846
:1070E000C0F3C10149F20000C0F2D030C840109096
:1070F0002AE040F60040C4F2024000688005002803
:107100000BD5FFE70E98B0F5000F06D1FFE740F66C
:107110000010C0F23D00109015E040F6F040C4F2BF
:10712000024000688007002809D5FFE70E98B0F5F7
:10713000200F04D1FFE74FF40040109002E0002040
:107140001090FFE7FFE7FFE7FFE7FFE7FFE701F04A
:107150003FBD40F6D840C4F20240006800F0E06055
:107160000E900E9820B9FFE703F012FC109071E02A
:1071700040F60040C4F202400068000100280BD530
:10718000FFE70E98B0F1807F06D1FFE714A8FEF765
:10719000AFFD159810905CE040F60040C4F202404C
:1071A0000068800000280BD5FFE70E98B0F1007F43
:1071B00006D1FFE711A8FEF717FF1298109047E0DD
:1071C00040F60040C4F2024000688007002813D552
:1071D000FFE70E98B0F1407F0ED1FFE740F6004088
:1071E000C4F202400068C0F3C10149F20000C0F2DD
:1071F000D030C84010902AE040F60040C4F202406F
:107200000068800500280BD5FFE70E98B0F1806F6D
:1072100006D1FFE740F60010C0F23D00109015E0E7
:1072200040F6F040C4F2024000688007002809D50B
:10723000FFE70E98B0F1A06F04D1FFE74FF40040D4
:10724000109002E000201090FFE7FFE7FFE7FFE764
:10725000FFE7FFE701F0BCBC40F6D840C4F20240B3
:10726000006800F060500E900E9820B9FFE703F020
:107270008FFB109071E040F60040C4F202400068BD
:10728000000100280BD5FFE70E98B0F1006F06D182
:10729000FFE714A8FEF72CFD159810905CE040F66F
:1072A0000040C4F202400068800000280BD5FFE7D0
:1072B0000E98B0F1805F06D1FFE711A8FEF794FEAB
:1072C0001298109047E040F60040C4F20240006877
:1072D0008007002813D5FFE70E98B0F1C05F0ED1EC
:1072E000FFE740F60040C4F202400068C0F3C1016D
:1072F00049F20000C0F2D030C84010902AE040F6B9
:107300000040C4F202400068800500280BD5FFE76A
:107310000E98B0F1005F06D1FFE740F60010C0F212
:107320003D00109015E040F6F040C4F202400068C5
:107330008007002809D5FFE70E98B0F1205F04D13F
:10734000FFE74FF40040109002E000201090FFE7AC
:10735000FFE7FFE7FFE7FFE7FFE701F039BC40F693
:10736000DC40C4F20240006800F007000E900E9866
:1073700020B9FFE703F00CFB10906CE040F60040F2
:10738000C4F202400068000100280AD5FFE70E9809
:10739000012806D1FFE714A8FEF7AAFC1598109063
:1073A00058E040F60040C4F2024000688000002827
:1073B0000AD5FFE70E98022806D1FFE711A8FEF7CD
:1073C00013FE1298109044E040F60040C4F20240D0
:1073D00000688007002812D5FFE70E9803280ED119
:1073E000FFE740F60040C4F202400068C0F3C1016C
:1073F00049F20000C0F2D030C840109028E040F6BA
:107400000040C4F202400068800500280AD5FFE76A
:107410000E98042806D1FFE740F60010C0F23D00A8
:10742000109014E040F6F040C4F20240006880077B
:10743000002808D5FFE70E98052804D1FFE74FF490
:107440000040109002E000201090FFE7FFE7FFE708
:10745000FFE7FFE7FFE701F0BBBB40F6DC40C4F20B
:107460000240006800F070000E900E9820B9FFE70F
:1074700003F08EFA10906CE040F60040C4F2024037
:107480000068000100280AD5FFE70E98102806D1F1
:10749000FFE714A8FEF72CFC1598109058E040F672
:1074A0000040C4F202400068800000280AD5FFE7CF
:1074B0000E98202806D1FFE711A8FEF795FD129837
:1074C000109044E040F60040C4F20240006880079B
:1074D000002812D5FFE70E9830280ED1FFE740F6BE
:1074E0000040C4F202400068C0F3C10149F200004C
:1074F000C0F2D030C840109028E040F60040C4F2FE
:1075000002400068800500280AD5FFE70E98402851
:1075100006D1FFE740F60010C0F23D00109014E0E5
:1075200040F6F040C4F2024000688007002808D509
:10753000FFE70E98502804D1FFE74FF40040109069
:1075400002E000201090FFE7FFE7FFE7FFE7FFE71B
:10755000FFE701F03DBB40F6E040C4F202400068A6
:1075600000F0E0600E900E9820B9FFE703F038FAC3
:1075700010905FE00E98B0F1807F06D1FFE714A86D
:10758000FEF7B6FB1598109053E00E98B0F1007F0F
:1075900006D1FFE711A8FEF727FD1298109047E0EB
:1075A00040F60040C4F2024000688007002813D56E
:1075B000FFE70E98B0F1407F0ED1FFE740F60040A4
:1075C000C4F202400068C0F3C10149F20000C0F2F9
:1075D000D030C84010902AE040F60040C4F202408B
:1075E0000068800500280BD5FFE70E98B0F1806F8A
:1075F00006D1FFE740F60010C0F23D00109015E004
:1076000040F6F040C4F2024000688007002809D527
:10761000FFE70E98B0F1A06F04D1FFE74FF40040F0
:10762000109002E000201090FFE7FFE7FFE7FFE780
:10763000FFE7FFE701F0CCBA40F6E840C4F20240B1
:10764000006800F007000E900E9820B9FFE703F0E5
:1076500085F910905AE00E98012804D1FFE703F055
:10766000D3F9109051E00E98022806D1FFE714A834
:10767000FEF73EFB1698109046E040F60040C4F23C
:1076800002400068800300280AD5FFE70E9803280F
:1076900006D1FFE747F64000C0F27D10109032E0BF
:1076A00040F60040C4F2024000688007002812D56E
:1076B000FFE70E9804280ED1FFE740F60040C4F221
:1076C00002400068C0F3C10149F20000C0F2D030AE
:1076D000C840109016E040F60040C4F20240006836
:1076E000800500280AD5FFE70E98052806D1FFE798
:1076F00040F60010C0F23D00109002E00020109013
:10770000FFE7FFE7FFE7FFE7FFE7FFE701F060BA0A
:1077100040F6E840C4F20240006800F008000E9015
:1077200040F6F040C4F2024000688007002807D508
:10773000FFE70E9820B9FFE74FF40040109014E0E7
:1077400040F6F040C4F2024000680001002808D56D
:10775000FFE70E98082804D1FFE74FF4FA40109095
:1077600002E000201090FFE7FFE701F031BA40F699
:10777000E440C4F20240006800F440300E900E98DD
:1077800020B9FFE703F004F9109040E00E98B0F53F
:10779000803F06D1FFE711A8FEF726FC1398109052
:1077A00034E040F60040C4F2024000688007002840
:1077B00013D5FFE70E98B0F5003F0ED1FFE740F676
:1077C0000040C4F202400068C0F3C10149F2000069
:1077D000C0F2D030C840109017E040F60040C4F22C
:1077E00002400068800500280BD5FFE70E98B0F531
:1077F000403F06D1FFE740F60010C0F23D00109078
:1078000002E000201090FFE7FFE7FFE7FFE701F04D
:10781000DFB940F6E440C4F20240006800F44020C2
:107820000E900E9820B9FFE703F0B2F8109040E0F8
:107830000E98B0F5802F06D1FFE711A8FEF7D4FB14
:107840001398109034E040F60040C4F20240006803
:107850008007002813D5FFE70E98B0F5002F0ED152
:10786000FFE740F60040C4F202400068C0F3C101E7
:1078700049F20000C0F2D030C840109017E040F646
:107880000040C4F202400068800500280BD5FFE7E5
:107890000E98B0F5402F06D1FFE740F60010C0F279
:1078A0003D00109002E000201090FFE7FFE7FFE7A7
:1078B000FFE701F08DB940F6E440C4F202400068F1
:1078C00000F440100E900E9820B9FFE703F088F8FE
:1078D000109040E00E98B0F5801F06D1FFE711A888
:1078E000FEF782FB1398109034E040F60040C4F29B
:1078F000024000688007002813D5FFE70E98B0F516
:10790000001F0ED1FFE740F60040C4F202400068BD
:10791000C0F3C10149F20000C0F2D030C84010905D
:1079200017E040F60040C4F20240006880050028DD
:107930000BD5FFE70E98B0F5401F06D1FFE740F6E4
:107940000010C0F23D00109002E000201090FFE710
:10795000FFE7FFE7FFE701F03BB940F6E440C4F280
:107960000240006800F440000E900E9820B9FFE736
:1079700003F036F8109040E00E98B0F5800F06D175
:10798000FFE711A8FEF730FB1398109034E040F6A3
:107990000040C4F2024000688007002813D5FFE7CA
:1079A0000E98B0F5000F0ED1FFE740F60040C4F28C
:1079B00002400068C0F3C10149F20000C0F2D030BB
:1079C000C840109017E040F60040C4F20240006842
:1079D000800500280BD5FFE70E98B0F5400F06D1C3
:1079E000FFE740F60010C0F23D00109002E00020DA
:1079F0001090FFE7FFE7FFE7FFE701F0E9B840F687
:107A0000E440C4F20240006800F040700E900E980E
:107A100020B9FFE702F0BCFF10902BE00E98B0F108
:107A2000807F06D1FFE711A8FEF7DEFA13981090C9
:107A30001FE040F60040C4F20240006880070028C2
:107A400013D5FFE70E98B0F1007F0ED1FFE740F6A7
:107A50000040C4F202400068C0F3C10149F20000D6
:107A6000C0F2D030C840109002E000201090FFE734
:107A7000FFE7FFE701F0ACB840F6DC40C4F202409B
:107A8000006800F4E0600E900E980990C8B1FFE71E
:107A90000998B0F5807F18D0FFE70998B0F5007F0E
:107AA00019D0FFE70998B0F5407F1AD0FFE7099891
:107AB000B0F5806F26D0FFE70998B0F5A06F32D0FF
:107AC00081E002F08DFF109080E014A8FEF710F91D
:107AD000149810907AE011A8FEF786FA1398109087
:107AE00074E040F6F040C4F20240006880070028CD
:107AF00004D5FFE74FF40040109002E00020109002
:107B0000FFE763E040F6F040C4F202400068000185
:107B1000002804D5FFE74FF4FA40109002E000205F
:107B20001090FFE752E040F6E840C4F202400068DF
:107B300000F040400F9040F60040C4F20240006860
:107B40008007002811D5FFE70F9870B9FFE740F6CE
:107B50000040C4F202400068C0F3C10149F20000D5
:107B6000C0F2D030C84010902CE040F60040C4F283
:107B700002400068800500280BD5FFE70F98B0F1A0
:107B8000804F06D1FFE740F60010C0F23D00109094
:107B900017E040F60040C4F202400068800300286D
:107BA0000BD5FFE70F98B0F1004F06D1FFE747F67E
:107BB0004000C0F27D10109002E000201090FFE71E
:107BC000FFE7FFE702E000201090FFE701F000B8B8
:107BD00040F6DC40C4F20240006800F4E0400E9041
:107BE0000E980890C8B1FFE70898B0F5805F18D0EC
:107BF000FFE70898B0F5005F19D0FFE70898B0F5E7
:107C0000405F1AD0FFE70898B0F5804F26D0FFE715
:107C10000898B0F5A04F32D081E002F0B9FE109084
:107C200080E014A8FEF764F8149810907AE011A888
:107C3000FEF7DAF91398109074E040F6F040C4F2C1
:107C4000024000688007002804D5FFE74FF4004099
:107C5000109002E000201090FFE763E040F6F04053
:107C6000C4F2024000680001002804D5FFE74FF489
:107C7000FA40109002E000201090FFE752E040F63A
:107C8000E840C4F20240006800F040400F9040F627
:107C90000040C4F2024000688007002811D5FFE7C9
:107CA0000F9870B9FFE740F60040C4F20240006848
:107CB000C0F3C10149F20000C0F2D030C8401090BA
:107CC0002CE040F60040C4F2024000688005002825
:107CD0000BD5FFE70F98B0F1804F06D1FFE740F6D4
:107CE0000010C0F23D00109017E040F60040C4F2D2
:107CF00002400068800300280BD5FFE70F98B0F121
:107D0000004F06D1FFE747F64000C0F27D1010900B
:107D100002E000201090FFE7FFE7FFE702E000200D
:107D20001090FFE700F054BF40F6DC40C4F2024080
:107D3000006800F4E0200E900E980790C8B1FFE7AD
:107D40000798B0F5803F18D0FFE70798B0F5003FDF
:107D500019D0FFE70798B0F5403F1AD0FFE7079822
:107D6000B0F5802F26D0FFE70798B0F5A02F32D0CE
:107D700081E002F035FE109080E014A8FDF7B8FF16
:107D8000149810907AE011A8FEF72EF9139810902D
:107D900074E040F6F040C4F202400068800700281A
:107DA00004D5FFE74FF40040109002E0002010904F
:107DB000FFE763E040F6F040C4F2024000680001D3
:107DC000002804D5FFE74FF4FA40109002E00020AD
:107DD0001090FFE752E040F6E840C4F2024000682D
:107DE00000F040400F9040F60040C4F202400068AE
:107DF0008007002811D5FFE70F9870B9FFE740F61C
:107E00000040C4F202400068C0F3C10149F2000022
:107E1000C0F2D030C84010902CE040F60040C4F2D0
:107E200002400068800500280BD5FFE70F98B0F1ED
:107E3000804F06D1FFE740F60010C0F23D001090E1
:107E400017E040F60040C4F20240006880030028BA
:107E50000BD5FFE70F98B0F1004F06D1FFE747F6CB
:107E60004000C0F27D10109002E000201090FFE76B
:107E7000FFE7FFE702E000201090FFE700F0A8BE58
:107E800040F6DC40C4F20240006800F4E0000E90CE
:107E90000E980690C8B1FFE70698B0F5801F18D07D
:107EA000FFE70698B0F5001F19D0FFE70698B0F578
:107EB000401F1AD0FFE70698B0F5800F26D0FFE7E5
:107EC0000698B0F5A00F32D081E002F089FD109045
:107ED00080E014A8FDF70CFF149810907AE011A828
:107EE000FEF782F81398109074E040F6F040C4F268
:107EF000024000688007002804D5FFE74FF40040E7
:107F0000109002E000201090FFE763E040F6F040A0
:107F1000C4F2024000680001002804D5FFE74FF4D6
:107F2000FA40109002E000201090FFE752E040F687
:107F3000E840C4F20240006800F040400F9040F674
:107F40000040C4F2024000688007002811D5FFE716
:107F50000F9870B9FFE740F60040C4F20240006895
:107F6000C0F3C10149F20000C0F2D030C840109007
:107F70002CE040F60040C4F2024000688005002872
:107F80000BD5FFE70F98B0F1804F06D1FFE740F621
:107F90000010C0F23D00109017E040F60040C4F21F
:107FA00002400068800300280BD5FFE70F98B0F16E
:107FB000004F06D1FFE747F64000C0F27D10109059
:107FC00002E000201090FFE7FFE7FFE702E000205B
:107FD0001090FFE700F0FCBD40F6DC40C4F2024028
:107FE000006800F0E0600E900E980590C8B1FFE7C1
:107FF0000598B0F1807F18D0FFE70598B0F1007FB9
:1080000019D0FFE70598B0F1407F1AD0FFE7059837
:10801000B0F1806F26D0FFE70598B0F1A06F32D0A5
:1080200081E002F0DDFC109080E014A8FDF760FE16
:10803000149810907AE011A8FDF7D6FF13981090CD
:1080400074E040F6F040C4F2024000688007002867
:1080500004D5FFE74FF40040109002E0002010909C
:10806000FFE763E040F6F040C4F202400068000120
:10807000002804D5FFE74FF4FA40109002E00020FA
:108080001090FFE752E040F6E840C4F2024000687A
:1080900000F040400F9040F60040C4F202400068FB
:1080A0008007002811D5FFE70F9870B9FFE740F669
:1080B0000040C4F202400068C0F3C10149F2000070
:1080C000C0F2D030C84010902CE040F60040C4F21E
:1080D00002400068800500280BD5FFE70F98B0F13B
:1080E000804F06D1FFE740F60010C0F23D0010902F
:1080F00017E040F60040C4F2024000688003002808
:108100000BD5FFE70F98B0F1004F06D1FFE747F618
:108110004000C0F27D10109002E000201090FFE7B8
:10812000FFE7FFE702E000201090FFE700F050BDFE
:1081300040F6DC40C4F20240006800F0E0400E90DF
:108140000E980490C8B1FFE70498B0F1805F18D092
:10815000FFE70498B0F1005F19D0FFE70498B0F191
:10816000405F1AD0FFE70498B0F1804F26D0FFE7B8
:108170000498B0F1A04F32D081E002F031FC1090B1
:1081800080E014A8FDF7B4FD149810907AE011A8CF
:10819000FDF72AFF1398109074E040F6F040C4F207
:1081A000024000688007002804D5FFE74FF4004034
:1081B000109002E000201090FFE763E040F6F040EE
:1081C000C4F2024000680001002804D5FFE74FF424
:1081D000FA40109002E000201090FFE752E040F6D5
:1081E000E840C4F20240006800F040400F9040F6C2
:1081F0000040C4F2024000688007002811D5FFE764
:108200000F9870B9FFE740F60040C4F202400068E2
:10821000C0F3C10149F20000C0F2D030C840109054
:108220002CE040F60040C4F20240006880050028BF
:108230000BD5FFE70F98B0F1804F06D1FFE740F66E
:108240000010C0F23D00109017E040F60040C4F26C
:1082500002400068800300280BD5FFE70F98B0F1BB
:10826000004F06D1FFE747F64000C0F27D101090A6
:1082700002E000201090FFE7FFE7FFE702E00020A8
:108280001090FFE700F0A4BC40F6E840C4F20240C2
:10829000006800F440700E9040F60040C4F20240C6
:1082A00000688003002809D5FFE70E9830B9FFE782
:1082B00047F64000C0F27D1010901AE00E98B0F51D
:1082C000807F06D1FFE717A8FDF796FB189810905E
:1082D0000EE00E98B0F5007F06D1FFE714A8FDF779
:1082E00007FD1598109002E000201090FFE7FFE7CF
:1082F000FFE700F06DBC40F6E040C4F202400068C9
:1083000000F007000E900E98039004286DD8039992
:10831000DFE801F003090F151B0017A8FDF76CFB40
:108320001898109064E014A8FDF7E2FC14981090DF
:108330005EE011A8FDF758FE1198109058E048F241
:108340000000C0F2BB00109052E040F6E840C4F2DA
:108350000240006800F040400F9040F60040C4F238
:10836000024000688007002811D5FFE70F9870B918
:10837000FFE740F60040C4F202400068C0F3C101CC
:1083800049F20000C0F2D030C84010902CE040F616
:108390000040C4F202400068800500280BD5FFE7CA
:1083A0000F98B0F1804F06D1FFE740F60010C0F201
:1083B0003D00109017E040F60040C4F20240006813
:1083C000800300280BD5FFE70F98B0F1004F06D1CE
:1083D000FFE747F64000C0F27D10109002E0002059
:1083E0001090FFE7FFE7FFE702E000201090FFE7B3
:1083F00000F0EEBB40F6E040C4F20240006800F03E
:1084000038000E900E980290202800F27C8002998D
:10841000DFE801F0117979797979797917797979C2
:10842000797979791D79797979797979237979796E
:1084300079797979290017A8FDF7DEFA1898109054
:1084400064E014A8FDF754FC149810905EE011A8A5
:10845000FDF7CAFD1198109058E048F20000C0F2F4
:10846000BB00109052E040F6E840C4F202400068C1
:1084700000F040400F9040F60040C4F20240006817
:108480008007002811D5FFE70F9870B9FFE740F685
:108490000040C4F202400068C0F3C10149F200008C
:1084A000C0F2D030C84010902CE040F60040C4F23A
:1084B00002400068800500280BD5FFE70F98B0F157
:1084C000804F06D1FFE740F60010C0F23D0010904B
:1084D00017E040F60040C4F2024000688003002824
:1084E0000BD5FFE70F98B0F1004F06D1FFE747F635
:1084F0004000C0F27D10109002E000201090FFE7D5
:10850000FFE7FFE702E000201090FFE760E340F69E
:10851000E040C4F20240006800F4E0700E900E9853
:10852000019088B1FFE70198402813D0FFE7019838
:10853000802815D0FFE70198C02817D0FFE70198E1
:10854000B0F5807F18D067E017A8FDF755FA1898A6
:10855000109064E014A8FDF7CBFB149810905EE037
:1085600011A8FDF741FD1198109058E048F2000065
:10857000C0F2BB00109052E040F6E840C4F2024066
:10858000006800F040400F9040F60040C4F2024006
:1085900000688007002811D5FFE70F9870B9FFE742
:1085A00040F60040C4F202400068C0F3C10149F245
:1085B0000000C0F2D030C84010902CE040F60040DF
:1085C000C4F202400068800500280BD5FFE70F9831
:1085D000B0F1804F06D1FFE740F60010C0F23D0039
:1085E000109017E040F60040C4F20240006880039B
:1085F00000280BD5FFE70F98B0F1004F06D1FFE739
:1086000047F64000C0F27D10109002E0002010906C
:10861000FFE7FFE7FFE702E000201090FFE7D7E267
:1086200040F6E040C4F20240006800F460600E9042
:108630000E9820B9FFE702F0BFF9109073E040F602
:108640000040C4F202400068000100280BD5FFE79B
:108650000E98B0F5007F06D1FFE714A8FDF748FBA0
:10866000159810905EE040F60040C4F202400068A9
:10867000800000280BD5FFE70E98B0F5806F06D17B
:10868000FFE711A8FDF7B0FC1298109049E040F602
:108690000040C4F2024000688007002813D5FFE7BD
:1086A0000E98B0F5C06F0ED1FFE740F60040C4F25F
:1086B00002400068C0F3C10149F20000C0F2D030AE
:1086C000C84010902CE040F60040C4F20240006820
:1086D000800500280BD5FFE70E98B0F5006F06D196
:1086E000FFE740F60010C0F23D00109017E040F6A2
:1086F0000040C4F202400068800300280BD5FFE769
:108700000E98B0F5206F06D1FFE747F64000C0F2A3
:108710007D10109002E000201090FFE7FFE7FFE7D8
:10872000FFE7FFE7FFE753E240F6E040C4F2024014
:10873000006800F4E0400E900E9820B9FFE702F0C8
:108740004FF9109073E040F60040C4F20240006818
:10875000000100280BD5FFE70E98B0F5805F06D129
:10876000FFE714A8FDF7C4FA159810905EE040F6F4
:108770000040C4F202400068800000280BD5FFE7EB
:108780000E98B0F5005F06D1FFE711A8FDF72CFCAD
:108790001298109049E040F60040C4F20240006890
:1087A0008007002813D5FFE70E98B0F5405F0ED183
:1087B000FFE740F60040C4F202400068C0F3C10188
:1087C00049F20000C0F2D030C84010902CE040F6D2
:1087D0000040C4F202400068800500280BD5FFE786
:1087E0000E98B0F5804F06D1FFE740F60010C0F2BA
:1087F0003D00109017E040F60040C4F202400068CF
:10880000800300280BD5FFE70E98B0F5A04F06D1E6
:10881000FFE747F64000C0F27D10109002E0002014
:108820001090FFE7FFE7FFE7FFE7FFE7FFE7CFE194
:1088300040F6E040C4F20240006800F460300E9060
:108840000E9820B9FFE702F0B7F8109073E040F6F9
:108850000040C4F202400068000100280BD5FFE789
:108860000E98B0F5004F06D1FFE714A8FDF740FAC7
:10887000159810905EE040F60040C4F20240006897
:10888000800000280BD5FFE70E98B0F5803F06D199
:10889000FFE711A8FDF7A8FB1298109049E040F6F9
:1088A0000040C4F2024000688007002813D5FFE7AB
:1088B0000E98B0F5C03F0ED1FFE740F60040C4F27D
:1088C00002400068C0F3C10149F20000C0F2D0309C
:1088D000C84010902CE040F60040C4F2024000680E
:1088E000800500280BD5FFE70E98B0F5003F06D1B4
:1088F000FFE740F60010C0F23D00109017E040F690
:108900000040C4F202400068800300280BD5FFE756
:108910000E98B0F5203F06D1FFE747F64000C0F2C1
:108920007D10109002E000201090FFE7FFE7FFE7C6
:10893000FFE7FFE7FFE74BE140F6E440C4F2024007
:10894000006800F003000E900E980090032864D891
:108950000099DFE801F002060C1201F0FFFF109011
:108960005EE017A8FDF748F81898109058E014A892
:10897000FDF7BEF91698109052E040F6E840C4F2B8
:108980000240006800F040400F9040F60040C4F202
:10899000024000688007002811D5FFE70F9870B9E2
:1089A000FFE740F60040C4F202400068C0F3C10196
:1089B00049F20000C0F2D030C84010902CE040F6E0
:1089C0000040C4F202400068800500280BD5FFE794
:1089D0000F98B0F1804F06D1FFE740F60010C0F2CB
:1089E0003D00109017E040F60040C4F202400068DD
:1089F000800300280BD5FFE70F98B0F1004F06D198
:108A0000FFE747F64000C0F27D10109002E0002022
:108A10001090FFE7FFE7FFE702E000201090FFE77C
:108A2000D6E040F6E840C4F20240006800F0C00022
:108A30000E9040F6F040C4F2024000688007002823
:108A400007D5FFE70E9820B9FFE74FF400401090DC
:108A500026E040F6F040C4F2024000680001002821
:108A600008D5FFE70E98402804D1FFE74FF4FA40FD
:108A7000109014E040F60040C4F202400068800507
:108A8000002808D5FFE70E98802804D1FFE748F2B8
:108A90001200109002E000201090FFE7FFE7FFE7D0
:108AA00096E040F6E840C4F20240006800F0300072
:108AB0000E9040F60040C4F2024000688004002896
:108AC00009D5FFE70E9830B9FFE746F60040C0F23F
:108AD000DC2010903AE040F60040C4F2024000680A
:108AE000800100280AD5FFE70E98102806D1FFE77D
:108AF00017A8FCF781FF1898109026E040F6F04088
:108B0000C4F2024000688007002808D5FFE70E98ED
:108B1000202804D1FFE74FF40040109014E040F605
:108B2000F040C4F2024000680001002808D5FFE7C9
:108B30000E98302804D1FFE74FF4FA40109002E07D
:108B400000201090FFE7FFE7FFE7FFE740E040F677
:108B5000E440C4F20240006800F030000E900E982D
:108B6000102806D1FFE717A8FCF746FF18981090C9
:108B70002EE040F60040C4F2024000688000002869
:108B80000AD5FFE70E98202806D1FFE711A8FDF7C8
:108B90002BFA1298109016E040F60040C4F2024002
:108BA0000068800400280AD5FFE70E98302806D117
:108BB000FFE746F60040C0F2DC20109002E0002003
:108BC0001090FFE7FFE7FFE702E000201090FFE7CB
:108BD000FFE710981CB080BD80B5ACB02B90002092
:108BE0008DF8A3008DF8A2002B98C078C00760B163
:108BF000FFE740F6E841C4F20241086820F0404037
:108C00002B9A926D10430860FFE72B980068C0070D
:108C1000002837D0FFE72B98C06D2790052817D87C
:108C20002799DFE801F003040B12131414E02B98CA
:108C3000083007F001FB8DF8A3000DE02B983030D1
:108C400007F0B0FB8DF8A30006E005E004E003E0C8
:108C500001208DF8A300FFE79DF8A30060B9FFE7AE
:108C600040F6D841C4F20241086820F007002B9A70
:108C7000D26D1043086004E09DF8A3008DF8A200B7
:108C8000FFE7FFE72B9800788007002840F14A8033
:108C9000FFE72B98006E2690282829D82699DFE830
:108CA00001F01527272727272727162727272727D4
:108CB00027271D2727272727272724272727272751
:108CC00027272527272727272727260014E02B9843
:108CD000083007F0B1FA8DF8A3000DE02B98303082
:108CE00007F060FB8DF8A30006E005E004E003E078
:108CF00001208DF8A300FFE79DF8A30060B9FFE70E
:108D000040F6D841C4F20241086820F038002B9A9E
:108D1000126E1043086004E09DF8A3008DF8A200D5
:108D2000FFE7FFE72B9800784007002847D5FFE7CB
:108D30002B98406E2590B0B1FFE72598402813D0BE
:108D4000FFE72598802816D0FFE72598C02819D07E
:108D5000FFE72598B0F5807F15D0FFE72598B0F59F
:108D6000A07F11D011E014E02B98083007F064FACE
:108D70008DF8A3000DE02B98303007F013FB8DF831
:108D8000A30006E005E004E003E001208DF8A30065
:108D9000FFE79DF8A30060B9FFE740F6D841C4F2B1
:108DA0000241086820F4E0702B9A526E104308606C
:108DB00004E09DF8A3008DF8A200FFE7FFE72B98E1
:108DC0000078000700284AD5FFE72B98806E249092
:108DD000C8B1FFE72498B0F5007F15D0FFE72498CD
:108DE000B0F5806F17D0FFE72498B0F5C06F19D0A9
:108DF000FFE72498B0F5006F15D0FFE72498B0F591
:108E0000206F11D011E014E02B98083007F014FA0D
:108E10008DF8A3000DE02B98303007F0C3FA8DF8E1
:108E2000A30006E005E004E003E001208DF8A300C4
:108E3000FFE79DF8A30060B9FFE740F6D841C4F210
:108E40000241086820F460602B9A926E104308601B
:108E500004E09DF8A3008DF8A200FFE7FFE72B9840
:108E60000078C00600284AD5FFE72B98C06E2390F3
:108E7000C8B1FFE72398B0F5805F15D0FFE72398CE
:108E8000B0F5005F17D0FFE72398B0F5405F19D029
:108E9000FFE72398B0F5804F15D0FFE72398B0F592
:108EA000A04F11D011E014E02B98083007F0C4F95E
:108EB0008DF8A3000DE02B98303007F073FA8DF891
:108EC000A30006E005E004E003E001208DF8A30024
:108ED000FFE79DF8A30060B9FFE740F6D841C4F270
:108EE0000241086820F4E0402B9AD26E10430860DB
:108EF00004E09DF8A3008DF8A200FFE7FFE72B98A0
:108F00000078800600284AD5FFE72B98006F229052
:108F1000C8B1FFE72298B0F5004F15D0FFE72298BF
:108F2000B0F5803F17D0FFE72298B0F5C03F19D0C9
:108F3000FFE72298B0F5003F15D0FFE72298B0F583
:108F4000203F11D011E014E02B98083007F074F99D
:108F50008DF8A3000DE02B98303007F023FA8DF840
:108F6000A30006E005E004E003E001208DF8A30083
:108F7000FFE79DF8A30060B9FFE740F6D841C4F2CF
:108F80000241086820F460302B9A126F1043086089
:108F900004E09DF8A3008DF8A200FFE7FFE72B98FF
:108FA0000078400600284AD5FFE72B98406F2190B3
:108FB000C8B1FFE72198B0F5802F15D0FFE72198C1
:108FC000B0F5002F17D0FFE72198B0F5402F19D04A
:108FD000FFE72198B0F5801F15D0FFE72198B0F585
:108FE000A01F11D011E014E02B98083007F024F9ED
:108FF0008DF8A3000DE02B98303007F0D3F98DF8F1
:10900000A30006E005E004E003E001208DF8A300E2
:10901000FFE79DF8A30060B9FFE740F6D841C4F22E
:109020000241086820F4E0102B9A526F1043086048
:1090300004E09DF8A3008DF8A200FFE7FFE72B985E
:109040000078000600284AD5FFE72B98806F209013
:10905000C8B1FFE72098B0F5001F15D0FFE72098B2
:10906000B0F5800F17D0FFE72098B0F5C00F19D0EA
:10907000FFE72098B0F5000F15D0FFE72098B0F576
:10908000200F11D011E014E02B98083007F0D4F82D
:109090008DF8A3000DE02B98303007F083F98DF8A0
:1090A000A30006E005E004E003E001208DF8A30042
:1090B000FFE79DF8A30060B9FFE740F6D841C4F28E
:1090C0000241086820F460002B9A926F10430860F8
:1090D00004E09DF8A3008DF8A200FFE7FFE72B98BE
:1090E0004078C00700284AD0FFE72B98C06F1F9038
:1090F000C8B1FFE71F98B0F1807F15D0FFE71F9838
:10910000B0F1007F17D0FFE71F98B0F1407F19D072
:10911000FFE71F98B0F1806F15D0FFE71F98B0F1FF
:10912000A06F11D011E014E02B98083007F084F8FC
:109130008DF8A3000DE02B98303007F033F98DF84F
:10914000A30006E005E004E003E001208DF8A300A1
:10915000FFE79DF8A30060B9FFE740F6D841C4F2ED
:109160000241086820F0E0602B9AD26F104308603B
:1091700004E09DF8A3008DF8A200FFE7FFE72B981D
:109180004078800700284CD5FFE72B98D0F8800066
:109190001E90C8B1FFE71E98B0F1006F15D0FFE731
:1091A0001E98B0F1805F17D0FFE71E98B0F1C05F46
:1091B00019D0FFE71E98B0F1005F15D0FFE71E98A9
:1091C000B0F1205F11D011E014E02B98083007F0C7
:1091D00033F88DF8A3000DE02B98303007F0E2F85B
:1091E0008DF8A30006E005E004E003E001208DF81F
:1091F000A300FFE79DF8A30068B9FFE740F6D84158
:10920000C4F20241086820F060502B9AD2F8802006
:109210001043086004E09DF8A3008DF8A200FFE76A
:10922000FFE72B9840784007002839D5FFE72B98B7
:10923000D0F884001D90052817D81D99DFE801F0AB
:1092400003040B12131414E02B98083006F0F4FFFB
:109250008DF8A3000DE02B98303007F0A3F88DF8BF
:10926000A30006E005E004E003E001208DF8A30080
:10927000FFE79DF8A30068B9FFE740F6DC41C4F2C0
:109280000241086820F007002B9AD2F8842010438E
:10929000086004E09DF8A3008DF8A200FFE7FFE757
:1092A0002B9840780007002847D5FFE72B98D0F887
:1092B00088001C90A0B1FFE71C98102811D0FFE790
:1092C0001C98202814D0FFE71C98302817D0FFE7FF
:1092D0001C98402814D0FFE71C98502811D011E0AA
:1092E00014E02B98083006F0A7FF8DF8A3000DE0DE
:1092F0002B98303007F056F88DF8A30006E005E013
:1093000004E003E001208DF8A300FFE79DF8A3002F
:1093100068B9FFE740F6DC41C4F20241086820F07A
:1093200070002B9AD2F888201043086004E09DF862
:10933000A3008DF8A200FFE7FFE72B984078C00656
:1093400000284CD5FFE72B98D0F88C001B90C8B1B3
:10935000FFE71B98B0F1807F15D0FFE71B98B0F1B5
:10936000007F17D0FFE71B98B0F1407F19D0FFE7CF
:109370001B98B0F1806F15D0FFE71B98B0F1A06F7C
:1093800011D011E014E02B98083006F055FF8DF84D
:10939000A3000DE02B98303007F004F88DF8A300FF
:1093A00006E005E004E003E001208DF8A300FFE7FC
:1093B0009DF8A30068B9FFE740F6E041C4F202411E
:1093C000086820F0E0602B9AD2F88C2010430860E7
:1093D00004E09DF8A3008DF8A200FFE7FFE72B98BB
:1093E0004078800600283AD5FFE72B98D0F8900007
:1093F0001A9078B1FFE71A98B0F5803F0BD0FFE7DD
:109400001A98B0F5003F0DD0FFE71A98B0F5403F2D
:1094100009D009E00CE02B98303006F0C3FF8DF83E
:10942000A30005E004E003E001208DF8A300FFE7BE
:109430009DF8A30068B9FFE740F6E441C4F2024199
:10944000086820F440302B9AD2F89020104308602E
:1094500004E09DF8A3008DF8A200FFE7FFE72B983A
:109460004078400600283AD5FFE72B98D0F89400C2
:10947000199078B1FFE71998B0F5802F0BD0FFE76E
:109480001998B0F5002F0DD0FFE71998B0F5402FCF
:1094900009D009E00CE02B98303006F083FF8DF8FE
:1094A000A30005E004E003E001208DF8A300FFE73E
:1094B0009DF8A30068B9FFE740F6E441C4F2024119
:1094C000086820F440202B9AD2F8942010430860BA
:1094D00004E09DF8A3008DF8A200FFE7FFE72B98BA
:1094E0004078000600283AD5FFE72B98D0F898007E
:1094F000189078B1FFE71898B0F5801F0BD0FFE700
:109500001898B0F5001F0DD0FFE71898B0F5401F70
:1095100009D009E00CE02B98303006F043FF8DF8BD
:10952000A30005E004E003E001208DF8A300FFE7BD
:109530009DF8A30068B9FFE740F6E441C4F2024198
:10954000086820F440102B9AD2F898201043086045
:1095500004E09DF8A3008DF8A200FFE7FFE72B9839
:109560004079400700283AD5FFE72B98D0F89C00B7
:10957000179078B1FFE71798B0F5800F0BD0FFE791
:109580001798B0F5000F0DD0FFE71798B0F5400F12
:1095900009D009E00CE02B98303006F003FF8DF87D
:1095A000A30005E004E003E001208DF8A300FFE73D
:1095B0009DF8A30068B9FFE740F6E441C4F2024118
:1095C000086820F440002B9AD2F89C2010430860D1
:1095D00004E09DF8A3008DF8A200FFE7FFE72B98B9
:1095E0008078C007A0B3FFE72B98D0F8A0001690B2
:1095F00050B1FFE71698B0F1807F06D0FFE71698CC
:10960000B0F1007F08D008E00BE02B98303006F076
:10961000C9FE8DF8A30004E003E001208DF8A3004B
:10962000FFE79DF8A30068B9FFE740F6E441C4F204
:109630000241086820F040702B9AD2F8A020104315
:10964000086004E09DF8A3008DF8A200FFE7FFE7A3
:109650002B9840790007002811D5FFE7FFE740F677
:109660001C41C4F20241086820F4004008602B98B5
:10967000D0F80421086810430860FFE7FFE72B9843
:109680008078800700284CD5FFE72B98D0F8A400FD
:109690001590C8B1FFE71598B0F5807F15D0FFE7AA
:1096A0001598B0F5007F17D0FFE71598B0F5407F0B
:1096B00019D0FFE71598B0F5806F15D0FFE7159822
:1096C000B0F5A06F11D011E014E02B98083006F02F
:1096D000B3FD8DF8A3000DE02B98303006F062FE4C
:1096E0008DF8A30006E005E004E003E001208DF81A
:1096F000A300FFE79DF8A30068B9FFE740F6DC414F
:10970000C4F20241086820F4E0602B9AD2F8A42049
:109710001043086004E09DF8A3008DF8A200FFE765
:10972000FFE72B988078400700284CD5FFE72B985F
:10973000D0F8A8001490C8B1FFE71498B0F5805F86
:1097400015D0FFE71498B0F5005F17D0FFE7149825
:10975000B0F5405F19D0FFE71498B0F5804F15D0F1
:10976000FFE71498B0F5A04F11D011E014E02B984A
:10977000083006F061FD8DF8A3000DE02B98303025
:1097800006F010FE8DF8A30006E005E004E003E01B
:1097900001208DF8A300FFE79DF8A30068B9FFE75B
:1097A00040F6DC41C4F20241086820F4E0402B9A04
:1097B000D2F8A8201043086004E09DF8A3008DF8BB
:1097C000A200FFE7FFE72B980079800600284CD520
:1097D000FFE72B98D0F8AC001390C8B1FFE71398BF
:1097E000B0F5803F15D0FFE71398B0F5003F17D0D4
:1097F000FFE71398B0F5403F19D0FFE71398B0F595
:10980000802F15D0FFE71398B0F5A02F11D011E0ED
:1098100014E02B98083006F00FFD8DF8A3000DE042
:109820002B98303006F0BEFD8DF8A30006E005E071
:1098300004E003E001208DF8A300FFE79DF8A300FA
:1098400068B9FFE740F6DC41C4F20241086820F441
:10985000E0202B9AD2F8AC201043086004E09DF879
:10986000A3008DF8A200FFE7FFE72B9800794006E0
:1098700000284CD5FFE72B98D0F8B0001290C8B163
:10988000FFE71298B0F5801F15D0FFE71298B0F5EA
:10989000001F17D0FFE71298B0F5401F19D0FFE75F
:1098A0001298B0F5800F15D0FFE71298B0F5A00F11
:1098B00011D011E014E02B98083006F0BDFC8DF8B3
:1098C000A3000DE02B98303006F06CFD8DF8A3005E
:1098D00006E005E004E003E001208DF8A300FFE7C7
:1098E0009DF8A30068B9FFE740F6DC41C4F20241ED
:1098F000086820F4E0002B9AD2F8B02010430860EA
:1099000004E09DF8A3008DF8A200FFE7FFE72B9885
:109910000079000600284CD5FFE72B98D0F8B4005A
:109920001190C8B1FFE71198B0F1807F15D0FFE723
:109930001198B0F1007F17D0FFE71198B0F1407F88
:1099400019D0FFE71198B0F1806F15D0FFE711989B
:10995000B0F1A06F11D011E014E02B98083006F0A0
:109960006BFC8DF8A3000DE02B98303006F01AFD4B
:109970008DF8A30006E005E004E003E001208DF887
:10998000A300FFE79DF8A30068B9FFE740F6DC41BC
:10999000C4F20241086820F0E0602B9AD2F8B420AB
:1099A0001043086004E09DF8A3008DF8A200FFE7D3
:1099B000FFE72B984079C00700284CD0FFE72B9891
:1099C000D0F8B8001090C8B1FFE71098B0F1805FF0
:1099D00015D0FFE71098B0F1005F17D0FFE710989F
:1099E000B0F1405F19D0FFE71098B0F1804F15D06B
:1099F000FFE71098B0F1A04F11D011E014E02B98C0
:109A0000083006F019FC8DF8A3000DE02B983030DB
:109A100006F0C8FC8DF8A30006E005E004E003E0D2
:109A200001208DF8A300FFE79DF8A30068B9FFE7C8
:109A300040F6DC41C4F20241086820F0E0402B9A75
:109A4000D2F8B8201043086004E09DF8A3008DF818
:109A5000A200FFE7FFE72B988078000700284ED58B
:109A6000FFE72B98D0F8C0000F90A0B1FFE70F9848
:109A7000B0F5803F18D0FFE70F98B0F5003F1AD03F
:109A8000FFE70F98B0F5403F1CD0FFE70F98B0F507
:109A9000802F18D018E040F62841C4F2024108682F
:109AA00040F40030086013E02B98083006F0C4FB47
:109AB0008DF8A3000CE02B98303006F073FC8DF885
:109AC000A30005E004E003E001208DF8A300FFE718
:109AD0009DF8A30068B9FFE740F6E841C4F20241EF
:109AE000086820F4E0202B9AD2F8C02010430860C8
:109AF00004E09DF8A3008DF8A200FFE7FFE72B9894
:109B00008078C00600284DD5FFE72B98D0F8C40018
:109B10000E90A0B1FFE70E98B0F5002F18D0FFE728
:109B20000E98B0F5801F1AD0FFE70E98B0F5C01F51
:109B30001CD0FFE70E98B0F5001F17D017E040F6D5
:109B40002841C4F20241086840F40030086012E085
:109B50002B98083006F070FB8DF8A3000BE02B98D3
:109B6000303006F01FFC8DF8A30004E003E0012074
:109B70008DF8A300FFE79DF8A30068B9FFE740F662
:109B8000E841C4F20241086820F460102B9AD2F830
:109B9000C4201043086004E09DF8A3008DF8A200E3
:109BA000FFE7FFE72B9880788006002834D5FFE791
:109BB0002B98D0F8D4000D90022809D3FFE70D9818
:109BC000022806D0FFE70D980338032808D308E0E1
:109BD0000BE02B98083006F02FFB8DF8A30004E073
:109BE00003E001208DF8A300FFE79DF8A30068B90A
:109BF000FFE740F6E841C4F20241086820F00700A0
:109C00002B9AD2F8D4201043086004E09DF8A300FA
:109C10008DF8A200FFE7FFE72B9840798007002826
:109C200027D5FFE72B98D0F8D8000C9020B1FFE79C
:109C30000C98082801D001E004E003E001208DF831
:109C4000A300FFE79DF8A30068B9FFE740F6E841ED
:109C5000C4F20241086820F008002B9AD2F8D820FC
:109C60001043086004E09DF8A3008DF8A200FFE710
:109C7000FFE72B98C0788007002840F1B580FFE708
:109C800040F62401C4F20241086840F00100086077
:109C9000FBF7DAFC2990FFE740F62400C4F202400B
:109CA0000068C00760B9FFE7FBF7CEFC2999401AAE
:109CB000032804D3FFE703208DF8A30000E0EBE7BF
:109CC0009DF8A300002840F08980FFE740F6F040AF
:109CD000C4F20240006800F440702A902A98D0B183
:109CE000FFE72A982B99D1F8F810884213D0FFE7A4
:109CF00040F6F041C4F20241086820F440702A9016
:109D0000086840F480300860086820F480300860FB
:109D10002A980860FFE79DF8A800C007E0B1FFE7B8
:109D2000FBF792FC2990FFE740F6F040C4F20240B6
:109D30000068800700280ED4FFE7FBF785FC29990F
:109D4000401A41F28931884204D3FFE703208DF89D
:109D5000A30000E0E8E7FFE79DF8A300C0BBFFE732
:109D6000FFE72B98D0F8F80000F44070B0F5407F82
:109D700013D1FFE740F61C41C4F20241086820F409
:109D80007C502B9AD2F8F8204FF6F043C0F6FF73C0
:109D90001A4040EA1210086008E040F61C41C4F284
:109DA0000241086820F47C500860FFE740F6F0416B
:109DB000C4F20241086820F4407008602B98D0F883
:109DC000F8206FF31F32086810430860FFE704E0D3
:109DD0009DF8A3008DF8A200FFE704E09DF8A30022
:109DE0008DF8A200FFE7FFE72B98C0784007002816
:109DF00039D5FFE72B98D0F8C8000B9060B1FFE78A
:109E00000B98102809D0FFE70B9820280ED0FFE709
:109E10000B9830280BD00BE00EE040F62841C4F23E
:109E20000241086840F40030086005E004E003E007
:109E300001208DF8A300FFE79DF8A30068B9FFE7B4
:109E400040F6E841C4F20241086820F030002B9A45
:109E5000D2F8C8201043086004E09DF8A3008DF8F4
:109E6000A200FFE7FFE72B9880784006002835D551
:109E7000FFE72B98D0F8CC000A9020B1FFE70A98B2
:109E8000402809D00FE040F62841C4F2024108689A
:109E900040F4003008600AE02B98083006F0CCF956
:109EA0008DF8A30003E001208DF8A300FFE79DF8E3
:109EB000A30068B9FFE740F6E441C4F20241086834
:109EC00020F040002B9AD2F8CC201043086004E028
:109ED0009DF8A3008DF8A200FFE7FFE72B9880789C
:109EE0000006002835D5FFE72B98D0F8D000099060
:109EF00020B1FFE70998802809D00FE040F62841FB
:109F0000C4F20241086840F4003008600AE02B986F
:109F1000083006F091F98DF8A30003E001208DF8D8
:109F2000A300FFE79DF8A30068B9FFE740F6E4410E
:109F3000C4F20241086820F080002B9AD2F8D020A9
:109F40001043086004E09DF8A3008DF8A200FFE72D
:109F5000FFE72B98C0780007002840D5FFE72B9833
:109F6000D0F8E000089004281ED80899DFE801F036
:109F7000030C131A1B0040F62841C4F20241086882
:109F800040F40030086013E02B98083006F054F9D4
:109F90008DF8A3000CE02B98303006F003FA8DF812
:109FA000A30005E004E003E001208DF8A300FFE733
:109FB0009DF8A30068B9FFE740F6E041C4F2024112
:109FC000086820F007002B9AD2F8E02010430860C0
:109FD00004E09DF8A3008DF8A200FFE7FFE72B98AF
:109FE000C078C006002840F14F80FFE72B98D0F8DA
:109FF000E400079020282CD80799DFE801F0112A07
:10A000002A2A2A2A2A2A1A2A2A2A2A2A2A2A212AC9
:10A010002A2A2A2A2A2A282A2A2A2A2A2A2A2900CD
:10A0200040F62841C4F20241086840F4003008605C
:10A0300013E02B98083006F0FFF88DF8A3000CE031
:10A040002B98303006F0AEF98DF8A30005E004E05F
:10A0500003E001208DF8A300FFE79DF8A30068B995
:10A06000FFE740F6E041C4F20241086820F0380002
:10A070002B9AD2F8E4201043086004E09DF8A30076
:10A080008DF8A200FFE7FFE72B98C0788006002834
:10A090004BD5FFE72B98D0F8E800069088B1FFE792
:10A0A0000698402816D0FFE70698802819D0FFE7C9
:10A0B0000698C0281CD0FFE70698B0F5807F18D01E
:10A0C00018E040F62841C4F20241086840F400302C
:10A0D000086013E02B98083006F0AEF88DF8A30066
:10A0E0000CE02B98303006F05DF98DF8A30005E008
:10A0F00004E003E001208DF8A300FFE79DF8A30032
:10A1000068B9FFE740F6E041C4F20241086820F474
:10A11000E0702B9AD2F8E8201043086004E09DF824
:10A12000A3008DF8A200FFE7FFE72B98C078400658
:10A1300000284CD5FFE72B98D0F8EC000590C8B16B
:10A14000FFE70598B0F5007F15D0FFE70598B0F55B
:10A15000806F17D0FFE70598B0F5C06F19D0FFE703
:10A160000598B0F5006F15D0FFE70598B0F5206FA2
:10A1700011D011E014E02B98083006F05DF88DF84E
:10A18000A3000DE02B98303006F00CF98DF8A300F9
:10A1900006E005E004E003E001208DF8A300FFE7FE
:10A1A0009DF8A30068B9FFE740F6E041C4F2024120
:10A1B000086820F460602B9AD2F8EC201043086005
:10A1C00004E09DF8A3008DF8A200FFE7FFE72B98BD
:10A1D000C078000600284CD5FFE72B98D0F8F00097
:10A1E0000490C8B1FFE70498B0F5805F15D0FFE791
:10A1F0000498B0F5005F17D0FFE70498B0F5405F12
:10A2000019D0FFE70498B0F5804F15D0FFE7049808
:10A21000B0F5A04F11D011E014E02B98083006F0F3
:10A220000BF88DF8A3000DE02B98303006F0BAF84B
:10A230008DF8A30006E005E004E003E001208DF8BE
:10A24000A300FFE79DF8A30068B9FFE740F6E041EF
:10A25000C4F20241086820F4E0402B9AD2F8F020C2
:10A260001043086004E09DF8A3008DF8A200FFE70A
:10A27000FFE72B980079C00700284CD0FFE72B9808
:10A28000D0F8F4000390C8B1FFE70398B0F5004F91
:10A2900015D0FFE70398B0F5803F17D0FFE703988C
:10A2A000B0F5C03F19D0FFE70398B0F5003F15D0D7
:10A2B000FFE70398B0F5203F11D011E014E02B9890
:10A2C000083005F0B9FF8DF8A3000DE02B98303071
:10A2D00006F068F88DF8A30006E005E004E003E06E
:10A2E00001208DF8A300FFE79DF8A30068B9FFE700
:10A2F00040F6E041C4F20241086820F460302B9A35
:10A30000D2F8F4201043086004E09DF8A3008DF813
:10A31000A200FFE7FFE72B9800798007002838D5D7
:10A32000FFE72B98D0F8DC000290032816D802999A
:10A33000DFE801F002030C1314E040F62841C4F2F8
:10A340000241086840F4003008600BE02B980830A8
:10A3500005F072FF8DF8A30004E003E001208DF802
:10A36000A300FFE79DF8A30068B9FFE740F6E441CA
:10A37000C4F20241086820F003002B9AD2F8DC20D6
:10A380001043086004E09DF8A3008DF8A200FFE7E9
:10A39000FFE72B980079400700283CD5FFE72B9872
:10A3A000D0F8BC00019050B1FFE70198B0F5807F74
:10A3B00006D0FFE70198B0F5007F0AD010E013E067
:10A3C00040F62841C4F20241086840F400300860B9
:10A3D0000AE02B98083005F02FFF8DF8A30003E06A
:10A3E00001208DF8A300FFE79DF8A30068B9FFE7FF
:10A3F00040F6E841C4F20241086820F440702B9A0C
:10A40000D2F8BC201043086004E09DF8A3008DF84A
:10A41000A200FFE7FFE72B980079C00600283BD594
:10A42000FFE72B98D0F800010090102808D0FFE734
:10A43000009820280DD0FFE70098302810D010E0B9
:10A4400040F62841C4F20241086840F40030086038
:10A450000BE02B98303005F0A5FF8DF8A30004E049
:10A4600003E001208DF8A300FFE79DF8A30068B981
:10A47000FFE740F6E441C4F20241086820F03000F2
:10A480002B9AD2F800211043086004E09DF8A30045
:10A490008DF8A200FFE7FFE72B980079000700285E
:10A4A0000DD5FFE740F6E841C4F20241086820F00C
:10A4B000C0002B9AD2F8FC2010430860FFE79DF8FB
:10A4C000A2002CB080BD000080B586B0049003913E
:10A4D000049820B9FFE701208DF817003AE20398AD
:10A4E00042F20001C4F20201096801F00F01884242
:10A4F00016D9FFE742F20000C4F20200016821F021
:10A500000F01039A11430160006800F00F000399E6
:10A51000884204D0FFE701208DF817001AE2FFE718
:10A5200004980078C00600281BD5FFE7049840690E
:10A5300040F62041C4F20241096801F4E041B0EB69
:10A54000112F0DD9FFE740F62041C4F202410868FF
:10A5500020F4E040049A526940EA02200860FFE7D4
:10A56000FFE704980078000700281BD5FFE7049850
:10A57000006940F62041C4F20241096801F4E0613B
:10A58000B0EB111F0DD9FFE740F62041C4F20241A4
:10A59000086820F4E060049A126940EA021008603A
:10A5A000FFE7FFE7049800784007002819D5FFE788
:10A5B0000498C06840F62041C4F20241096801F0E5
:10A5C000700188420CD9FFE740F62041C4F20241F5
:10A5D000086820F07000049AD26810430860FFE712
:10A5E000FFE7049800788007002819D5FFE7049852
:10A5F000806840F62041C4F20241096801F00F0171
:10A6000088420CD9FFE740F62041C4F202410868B5
:10A6100020F00F00049A926810430860FFE7FFE7FC
:10A6200004980078C007002800F0D180FFE7049864
:10A63000406803280ED1FFE740F60040C4F2024014
:10A6400000688001002804D4FFE701208DF817007E
:10A6500080E135E00498406802280ED1FFE740F61B
:10A660000040C4F2024000688003002804D4FFE7E1
:10A6700001208DF817006DE121E004984068012861
:10A680000ED1FFE740F60040C4F2024000688005AA
:10A69000002804D4FFE701208DF817005AE10DE0EF
:10A6A00040F60040C4F2024000688007002804D44D
:10A6B000FFE701208DF817004CE1FFE7FFE7FFE718
:10A6C00040F61C41C4F20241086820F00300049ADD
:10A6D000526810430860FAF7B7FF01900498406889
:10A6E00003281AD1FFE7FFE740F61C40C4F20240FE
:10A6F000006800F0180018280ED0FFE7FAF7A4FF52
:10A700000199401A41F28931884204D3FFE70320BE
:10A710008DF817001EE1E7E758E00498406802282A
:10A720001AD1FFE7FFE740F61C40C4F20240006880
:10A7300000F0180010280ED0FFE7FAF785FF019906
:10A74000401A41F28931884204D3FFE703208DF893
:10A750001700FFE0E7E738E00498406801281AD1C5
:10A76000FFE7FFE740F61C40C4F20240006800F03B
:10A77000180008280ED0FFE7FAF766FF0199401A83
:10A7800041F28931884204D3FFE703208DF8170096
:10A79000E0E0E7E718E0FFE740F61C40C4F20240C3
:10A7A000006810F0180F0ED0FFE7FAF74DFF01997F
:10A7B000401A41F28931884204D3FFE703208DF823
:10A7C0001700C7E0E8E7FFE7FFE7FFE7FFE70498C8
:10A7D00000788007002819D5FFE70498806840F6C4
:10A7E0002041C4F20241096801F00F0188420CD2F5
:10A7F000FFE740F62041C4F20241086820F00F0054
:10A80000049A926810430860FFE7FFE7039842F25A
:10A810000001C4F20201096801F00F01884216D25A
:10A82000FFE742F20000C4F20200016821F00F01CC
:10A83000039A11430160006800F00F0003998842F9
:10A8400004D0FFE701208DF8170083E0FFE70498AC
:10A8500000784007002819D5FFE70498C06840F643
:10A860002041C4F20241096801F0700188420CD213
:10A87000FFE740F62041C4F20241086820F0700072
:10A88000049AD26810430860FFE7FFE70498007855
:10A89000000700281BD5FFE70498006940F6204117
:10A8A000C4F20241096801F4E061B0EB111F0DD25E
:10A8B000FFE740F62041C4F20241086820F4E0605E
:10A8C000049A126940EA02100860FFE7FFE7049863
:10A8D0000078C00600281BD5FFE70498406940F6C1
:10A8E0002041C4F20241096801F4E041B0EB112FAC
:10A8F0000DD2FFE740F62041C4F20241086820F47F
:10A90000E040049A526940EA02200860FFE7FFE74E
:10A9100000F07AF840F62041C4F20241096801F0E3
:10A920000F0246F21411C0F60101895CC84040F2E2
:10A930001C01C2F20001086040F20840C2F20000AF
:10A940000068FAF7EFFE8DF80B009DF80B008DF80C
:10A950001700FFE79DF8170006B080BD80B500F036
:10A9600053F840F62041C4F20241096801F00F0299
:10A9700046F21411C0F60101895C01F01F0120FAB2
:10A9800001F140F21C00C2F200000160006880BDCD
:10A9900080B5FFF7E3FF40F62041C4F202410968A9
:10A9A000C1F3021246F22411C0F60101895C01F0E4
:10A9B0001F01C84080BD000080B5FFF7CFFF40F603
:10A9C0002041C4F202410968C1F3022246F2241177
:10A9D000C0F60101895C01F01F01C84080BD000084
:10A9E00080B5FFF7BBFF40F62041C4F20241096881
:10A9F000C1F3023246F22411C0F60101895C01F074
:10AA00001F01C84080BD000089B040F61C40C4F260
:10AA10000240006800F01800082806D1FFE740F661
:10AA20000010C0F23D00049048E140F61C40C4F222
:10AA30000240006810F0180F21D1FFE740F60040F7
:10AA4000C4F20240006800F020010020B0EB511F6A
:10AA50000ED0FFE740F60040C4F202400068C0F3A9
:10AA6000C10149F20000C0F2D030C840049005E0B6
:10AA700049F20000C0F2D0300490FFE71DE140F63B
:10AA80001C40C4F20240006800F01800102806D1F3
:10AA9000FFE747F64000C0F27D1004900CE140F65D
:10AAA0001C40C4F20240006800F01800182840F072
:10AAB000FC80FFE740F62840C4F20240016801F044
:10AAC000030108910168C1F3052106910068C0F3F4
:10AAD00000100590059840F63841C4F2024109681B
:10AAE00089B2C90800FB01F000EE100AB8EE400A76
:10AAF0008DED020A0698002800F0D380FFE7089841
:10AB00000090012809D0FFE70098022800F08D800E
:10AB1000FFE70098032864D088E040F60040C4F2C4
:10AB20000240006800F020010020B0EB511F33D03C
:10AB3000FFE740F60040C4F202400068C0F3C101E4
:10AB400049F20000C0F2D030C84003909DED030AE6
:10AB5000B8EE400A9DED061AB8EE411A80EE010AE1
:10AB600040F63440C4F2024000686FF35F2001EE0B
:10AB7000100AB8EE411A9DED022A9FED533A22EEDB
:10AB8000032A31EE021AB7EE002A31EE021A20EE45
:10AB9000010A8DED010A23E09DED060AB8EE401A88
:10ABA0009FED4A0A80EE010A40F63440C4F20240AA
:10ABB00000686FF35F2001EE100AB8EE411A9DEDB8
:10ABC000022A9FED413A22EE032A31EE021AB7EE35
:10ABD000002A31EE021A20EE010A8DED010AFFE78C
:10ABE00048E09DED060AB8EE401A9FED360A80EE69
:10ABF000010A40F63440C4F2024000686FF35F205F
:10AC000001EE100AB8EE411A9DED022A9FED2E3A90
:10AC100022EE032A31EE021AB7EE002A31EE021AB2
:10AC200020EE010A8DED010A24E0FFE79DED060A02
:10AC3000B8EE401A9FED260A80EE010A40F6344035
:10AC4000C4F2024000686FF35F2001EE100AB8EE14
:10AC5000411A9DED022A9FED1C3A22EE032A31EEA5
:10AC6000021AB7EE002A31EE021A20EE010A8DED2B
:10AC7000010AFFE740F63440C4F20240006881B2A6
:10AC8000012000EB512007909DED010A9DED071A70
:10AC9000B8EE411A80EE010ABCEEC00A8DED040A3E
:10ACA00002E000200490FFE705E049F20000C0F256
:10ACB000D0300490FFE7FFE7FFE7FFE7049809B013
:10ACC000704700BF20BCBE4B000000390024744C0C
:10ACD0000024744A80B588B00690069828B9FFE72A
:10ACE00001208DF81F0000F0EFBC40F61C40C4F2BC
:10ACF0000240006800F01800049040F62840C4F2BA
:10AD00000240006800F00300039006980078C00637
:10AD1000002840F18080FFE70498082808D0FFE76A
:10AD2000049818281DD1FFE70398022819D1FFE7DE
:10AD30000698C06928B9FFE701208DF81F0000F0D0
:10AD4000C3BCFFE740F61841C4F20241086820F492
:10AD50007C10069A126A40EA02400860FFE7FFE7AB
:10AD600058E00698C06988B3FFE740F60041C4F296
:10AD70000241086840F480700860FAF765FC0590AD
:10AD8000FFE740F60040C4F202400068800500285A
:10AD90000DD4FFE7FAF758FC0599401A032805D3AC
:10ADA000FFE703208DF81F0000F08EBCE9E7FFE706
:10ADB00040F61841C4F20241086820F47C10069A5B
:10ADC000126A40EA02400860FFE722E040F60041D4
:10ADD000C4F20241086820F480700860FAF734FC7D
:10ADE0000590FFE740F60040C4F20240006880058D
:10ADF00000280DD5FFE7FAF727FC0599401A03282C
:10AE000005D3FFE703208DF81F0000F05DBCE9E7E4
:10AE1000FFE7FFE7FFE706980078C007002800F08B
:10AE2000B980FFE70498102808D0FFE70498182895
:10AE30000ED1FFE7039803280AD1FFE70698406880
:10AE400028B9FFE701208DF81F0000F03DBCA0E00D
:10AE5000FFE706984068B0F5803F09D1FFE740F66C
:10AE60000041C4F20241086840F48030086056E0B6
:10AE70000698406888B9FFE740F60041C4F20241F5
:10AE8000086820F480300860086820F480100860AA
:10AE9000086820F48020086040E006984068B0F51B
:10AEA000A02F11D1FFE740F60041C4F2024108682B
:10AEB00040F480200860086820F48010086008686A
:10AEC00040F48030086028E006984068B0F5A81F7C
:10AED00011D1FFE740F60041C4F20241086840F496
:10AEE00080200860086840F480100860086840F41A
:10AEF0008030086010E040F60041C4F2024108686A
:10AF000020F480300860086820F480200860086819
:10AF100020F480100860FFE7FFE7FFE7FFE7FFE7A7
:10AF200006984068D0B1FFE7FAF78EFB0590FFE77F
:10AF300040F60040C4F202400068800300280CD4B0
:10AF4000FFE7FAF781FB0599401A652804D3FFE76C
:10AF500003208DF81F00B7E3EAE719E0FAF774FB66
:10AF60000590FFE740F60040C4F20240006880030D
:10AF700000280CD5FFE7FAF767FB0599401A65280A
:10AF800004D3FFE703208DF81F009DE3EAE7FFE706
:10AF9000FFE7FFE7069800788007002840F1C380AC
:10AFA000FFE7049840B1FFE7049818285ED1FFE757
:10AFB000039801285AD1FFE70698C06820B9FFE737
:10AFC00001208DF81F007FE3049840BBFFE740F6A7
:10AFD0000040C4F20240006800F0180006990969B8
:10AFE00088421BD0FFE740F60041C4F202410868E6
:10AFF00020F01800069A126910430860FFF7AEFCB3
:10B0000040F20840C2F200000068FAF78BFB20B162
:10B01000FFE701208DF81F0056E3FFE7FFE7FAF78F
:10B0200013FB0590FFE740F60040C4F202400068C1
:10B03000800700280CD4FFE7FAF706FB0599401AB1
:10B04000032804D3FFE703208DF81F003CE3EAE761
:10B0500040F61041C4F20241086820F4FE00069A4E
:10B06000526940EA02400860FFE75BE00698C0686A
:10B07000A8B3FFE740F60041C4F20241086820F09F
:10B080001800069A126910430860086840F0010031
:10B090000860FAF7D9FA0590FFE740F60040C4F2DD
:10B0A00002400068800700280CD4FFE7FAF7CCFACA
:10B0B0000599401A032804D3FFE703208DF81F00E9
:10B0C00002E3EAE740F61041C4F20241086820F4C6
:10B0D000FE00069A526940EA0240086021E040F60C
:10B0E0000041C4F20241086820F001000860FAF74C
:10B0F000ABFA0590FFE740F60040C4F2024000685A
:10B10000800700280CD5FFE7FAF79EFA0599401A48
:10B11000032804D3FFE703208DF81F00D4E2EAE7F9
:10B12000FFE7FFE7FFE7069800780007002849D50A
:10B13000FFE70698806910B3FFE740F6F041C4F2DC
:10B140000241086840F080600860FAF77DFA0590D7
:10B15000FFE740F6F040C4F202400068000100281A
:10B160000CD4FFE7FAF770FA0599401A032804D3C4
:10B17000FFE703208DF81F00A6E2EAE721E040F692
:10B18000F041C4F20241086820F080600860FAF7DC
:10B190005BFA0590FFE740F6F040C4F20240006819
:10B1A000000100280CD5FFE7FAF74EFA0599401A7E
:10B1B000032804D3FFE703208DF81F0084E2EAE7A9
:10B1C000FFE7FFE7069800784007002840F1CC80B1
:10B1D000FFE740F62400C4F202400068C00708BB45
:10B1E000FFE740F62401C4F20241086840F0010084
:10B1F0000860FAF729FA0590FFE740F62400C4F248
:10B2000002400068C00760B9FFE7FAF71DFA059928
:10B21000401A032804D3FFE703208DF81F0053E2F0
:10B22000EBE7FFE7FFE706988068012809D1FFE711
:10B2300040F6F041C4F20241086840F001000860A5
:10B2400054E00698806888B9FFE740F6F041C4F200
:10B250000241086820F001000860086820F08000C2
:10B260000860086820F0040008603EE006988068E6
:10B27000052811D1FFE740F6F041C4F20241086809
:10B2800040F004000860086820F08000086008684A
:10B2900040F00100086027E006988068852811D1F9
:10B2A000FFE740F6F041C4F20241086840F00400B4
:10B2B0000860086840F080000860086840F00100FD
:10B2C000086010E040F6F041C4F20241086820F046
:10B2D00001000860086820F004000860086820F099
:10B2E00080000860FFE7FFE7FFE7FFE7FFE706985A
:10B2F0008068E0B1FFE7FAF7A7F90590FFE740F6AD
:10B30000F040C4F202400068800700280ED4FFE736
:10B31000FAF79AF90599401A41F28931884204D323
:10B32000FFE703208DF81F00CEE1E8E71BE0FAF706
:10B330008BF90590FFE740F6F040C4F20240006848
:10B34000800700280ED5FFE7FAF77EF90599401A25
:10B3500041F28931884204D3FFE703208DF81F00B2
:10B36000B2E1E8E7FFE7FFE70698007880060028EB
:10B3700049D5FFE70698406A10B3FFE740F6004161
:10B38000C4F20241086840F480500860FAF75CF9A2
:10B390000590FFE740F60040C4F2024000688004D8
:10B3A00000280CD4FFE7FAF74FF90599401A032853
:10B3B00004D3FFE703208DF81F0085E1EAE721E0D1
:10B3C00040F60041C4F20241086820F48050086051
:10B3D000FAF73AF90590FFE740F60040C4F2024060
:10B3E0000068800400280CD5FFE7FAF72DF90599CD
:10B3F000401A032804D3FFE703208DF81F0063E100
:10B40000EAE7FFE7FFE70698806A002800F0588126
:10B41000FFE70498182800F0D580FFE70698806AB7
:10B42000022840F0A180FFE740F60041C4F202414B
:10B43000086820F080700860FAF706F90590FFE7C9
:10B4400040F60040C4F202400068800100280CD59C
:10B45000FFE7FAF7F9F80599401A032804D3FFE744
:10B4600003208DF81F002FE1EAE7FFE740F62841AF
:10B47000C4F20241086843F603729043069BDA6AFD
:10B480001B6B42EA0322104308600699486BD1F80F
:10B4900038C0CB6B0A6C01386FF35F204FF6006148
:10B4A000CFF6FF7101EB4C2189B208440021CFF6A1
:10B4B000FF7101EB034101F4FE0108444FF07F41AD
:10B4C00001EB026101F0FE41084440F63441C4F250
:10B4D00002410860FFE740F62841C4F202410091B2
:10B4E000086820F0100008600698C06CC00040F6A4
:10B4F0003842C4F202421060086840F01000086050
:10B50000086820F00C00069A526C10430860086826
:10B5100020F02000069A926C10430860086840F4FE
:10B520008030086040F60041C4F20241086840F0F3
:10B5300080700860FAF788F80590FFE740F6004051
:10B54000C4F202400068800100280CD4FFE7FAF73B
:10B550007BF80599401A032804D3FFE703208DF8F0
:10B560001F00B1E0EAE72CE040F60041C4F20241DE
:10B57000086820F080700860FAF766F80590FFE729
:10B5800040F60040C4F202400068800100280CD55B
:10B59000FFE7FAF759F80599401A032804D3FFE7A3
:10B5A00003208DF81F008FE0EAE740F62841C4F23F
:10B5B000024108684FF6FC72CFF6F872104008603E
:10B5C000FFE77CE040F62840C4F2024000680290A9
:10B5D00040F63440C4F20240006801900698806A48
:10B5E000012837D0FFE7029800F003000699C96AE6
:10B5F00088422FD1FFE7029800F47C510698006B37
:10B60000B0EB112F26D1FFE701986FF35F20069969
:10B61000496B013988421DD1FFE7BDF80410069837
:10B62000806B0138B0EB512F14D1FFE7019800F483
:10B63000FE010698C06B0138B0EB114F0AD1FFE74D
:10B64000019800F0FE410698006C0138B0EB116FD4
:10B6500004D0FFE701208DF81F0035E040F63840A8
:10B66000C4F20240006881B20698C06CB0EBD10F02
:10B6700024D0FFE740F62841C4F20241086820F0D8
:10B6800010000860F9F7E0FF0590FFE7F9F7DCFF2D
:10B690000599401A08B9FFE7F8E70698C06CC000A2
:10B6A00040F63841C4F20241086040F62841C4F235
:10B6B0000241086840F010000860FFE7FFE7FFE77D
:10B6C00000208DF81F00FFE79DF81F0008B080BD27
:10B6D00080B586B00490049820B9FFE701208DF86A
:10B6E0001700B5E10498006844F60041C4F2010176
:10B6F00088422DD0FFE70498006844F60041C5F267
:10B700000101884224D0FFE70498006842F200015A
:10B71000C4F2004188421BD0FFE70498006842F25F
:10B720000001C5F20041884212D0FFE7049800688A
:10B7300045F20001C4F20101884209D0FFE70498F4
:10B74000006845F20001C5F20101884201D1FFE71E
:10B7500000E0FFE70498406A08B9FFE7FFE70499B3
:10B76000002088620498006844F60041C4F2010198
:10B7700088422DD0FFE70498006844F60041C5F2E6
:10B780000101884224D0FFE70498006842F20001DA
:10B79000C4F2004188421BD0FFE70498006842F2DF
:10B7A0000001C5F20041884212D0FFE7049800680A
:10B7B00045F20001C4F20101884209D0FFE7049874
:10B7C000006845F20001C5F20101884209D1FFE796
:10B7D0000498C068102804D3FFE701208DF81700F3
:10B7E00036E1049805F0B2F802900498006844F637
:10B7F0000041C4F2010188422DD0FFE7049800689F
:10B8000044F60041C5F20101884224D0FFE70498C4
:10B81000006842F20001C4F2004188421BD0FFE7F9
:10B820000498006842F20001C5F20041884212D03B
:10B83000FFE70498006845F20001C4F20101884264
:10B8400009D0FFE70498006845F20001C5F2010144
:10B85000884204D1FFE7029808283AD8FFE7049805
:10B86000006843F20001C4F2010188422DD0FFE7D5
:10B870000498006843F20001C5F20101884224D017
:10B88000FFE70498006843F60001C4F20001884213
:10B890001BD0FFE70498006843F60001C5F20001E1
:10B8A000884212D0FFE70498006843F60041C4F2D2
:10B8B0000001884209D0FFE70498006843F6004180
:10B8C000C5F20001884208D1FFE70298112804D38D
:10B8D000FFE701208DF81700BAE0049890F889007E
:10B8E00040B9FFE70499002081F88800049800F02F
:10B8F000B3F8FFE70499022081F8890004980168F1
:10B90000086820F00100086004980068806800F46E
:10B91000F810039004988069B0F1806F1BD1FFE7A5
:10B9200004984068B0F5800F04D1FFE70498806B5D
:10B9300050B1FFE70498406868B9FFE70498806B4E
:10B94000B0F1805F07D1FFE704980168086840F410
:10B9500080500860FFE7049880794006002810D5E1
:10B96000FFE70498C06807280BD3FFE70498006836
:10B97000006820F48070049A1168126D104308600A
:10B9800006E004980168086820F480700860FFE70A
:10B99000049B1968DA68D869D3F828C040EA0C001B
:10B9A000DDF80CC040EA0C00DB6B184310438860E4
:10B9B000049A0192506B516A0843916B0843916954
:10B9C00008431168D2F804C09368D2F810E040EA46
:10B9D0000E00D2F814E040EA0E00D2F820E040EA6F
:10B9E0000E0040EA0C00D2F84CC040EA0C001843AC
:10B9F000936C1843936D1843D36D1843126E104324
:10BA0000C8600498406808B9FFE7FFE70498016838
:10BA1000086D20F001000865049880794006002830
:10BA20000BD5FFE704980068C06820F00040049A36
:10BA30001168526D1043C860FFE704990020C1F8F7
:10BA40008C00049A012182F889108DF81700FFE715
:10BA50009DF8170006B080BD80B5D4B0539000208B
:10BA60005290519050904F904E900CA84FF484718A
:10BA7000F4F754FC5398006843F20001C4F201014A
:10BA800088423CD1FFE700200D904FF000610C91FF
:10BA900044900CA8FDF7A0F818B1FFE7F6F73EFFB9
:10BAA000FFE7FFE740F6A440C4F20240016841F41A
:10BAB00080510160006800F480500B900B98FFE704
:10BAC000FFE740F68C40C4F20240016841F00101FA
:10BAD0000160006800F001000A900A98FFE7E0208A
:10BAE0004E9002204F90002050905190052052908F
:10BAF0000020C4F202204EA9F9F702FCDCE05398C2
:10BB0000006843F60001C4F2000188423ED1FFE71D
:10BB100000200D904FF080510C9145900CA8FDF73E
:10BB20005BF818B1FFE7F6F7F9FEFFE7FFE740F62D
:10BB30009C40C4F20240016841F480410160006809
:10BB400000F4804009900998FFE7FFE740F68C4039
:10BB5000C4F20240016841F002010160006800F097
:10BB6000020008900898FFE74FF460404E900220D2
:10BB70004F900120509051900520529040F200408B
:10BB8000C4F202204EA9F9F7BBFB94E05398006879
:10BB900043F60041C4F20001884252D1FFE7002081
:10BBA0000D904FF000510C9146900CA8FDF714F841
:10BBB00018B1FFE7F6F7B2FEFFE7FFE740F69C405B
:10BBC000C4F20240016841F400410160006800F4E1
:10BBD000004007900798FFE7FFE740F68C40C4F26B
:10BBE0000240016841F004010160006800F00400B7
:10BBF00006900698FFE74FF440604E9002200090B8
:10BC00004F900120509003205190062001905290B7
:10BC100040F60000C4F2022002904EA90391F9F709
:10BC20006FFB009B019A029803994FF4805CCDF85A
:10BC300038C14F930023509351935292F9F760FB10
:10BC400038E05398006844F60041C4F2010188428C
:10BC50002FD1FFE7FFE740F6A440C4F2024001689D
:10BC600041F400210160006800F40020059005986F
:10BC7000FFE7FFE740F68C40C4F20240016841F064
:10BC800010010160006800F0100004900498FFE7C4
:10BC900064204E9002204F9000205090519005203B
:10BCA000529041F20000C4F202204EA9F9F728FB9D
:10BCB000FFE7FFE7FFE7FFE754B080BD80B58AB03C
:10BCC00008900791ADF81A2005930898C16B0120E0
:10BCD00000EB5110ADF80A00089800683030019070
:10BCE0000898006844F60041C4F2010188422DD052
:10BCF000FFE70898006844F60041C5F20101884258
:10BD000024D0FFE70898006842F20001C4F2004125
:10BD100088421BD0FFE70898006842F20001C5F294
:10BD20000041884212D0FFE70898006845F2000100
:10BD3000C4F20101884209D0FFE70898006845F283
:10BD40000001C5F20101884201D1FFE700E0FFE7F1
:10BD5000F9F77AFC0490089890F88900012804D03B
:10BD6000FFE702208DF827007BE2079820B1FFE76C
:10BD7000BDF81A0020B9FFE701208DF8270070E216
:10BD8000FFE7089890F88800012804D1FFE7022017
:10BD90008DF8270065E20899012081F88800FFE707
:10BDA000FFE70899042081F8890008990020C1F86C
:10BDB0008C000799089AD166BDF81A10089AA2F863
:10BDC0007010BDF81A10089AA2F872100899486607
:10BDD0000899A1F868000899A1F86A00089988678D
:10BDE0000899C86708988068B0F5C02F07D1FFE7A9
:10BDF00008980168086820F40060086009E0089865
:10BE00000068C068022161F3524008990968C8605F
:10BE1000FFE70898006840684FF6FF718843BDF857
:10BE20001A10084408990968486008980168086869
:10BE300040F00100086008984068B0F5800F07D115
:10BE4000FFE708980168086840F400700860FFE7A1
:10BE50000898C0681028C0F0A380FFE70898006821
:10BE600043F20001C4F2010188422DD0FFE7089897
:10BE7000006843F20001C5F20101884224D0FFE7C7
:10BE80000898006843F60001C4F2000188421BD004
:10BE9000FFE70898006843F60001C5F200018842F8
:10BEA00012D0FFE70898006843F60041C4F2000191
:10BEB000884209D0FFE70898006843F60041C5F2C0
:10BEC000000188426CD1FFE7FFE70898B0F87200E4
:10BED000002864D0FFE7089800684069039008983C
:10BEE00000684069C00788B1FFE708980068006BE8
:10BEF0000899C96E08600899C86E0430C866089928
:10BF0000B1F872000138A1F8720047E00898B0F863
:10BF10007200BDF80A10884217DAFFE79DF80D009D
:10BF20000006002811D5FFE708980068006B089903
:10BF3000C96E08600899C86E0430C8660899B1F8DF
:10BF400072000138A1F8720027E0F9F77DFB04992F
:10BF5000401A0599884204D3FFE70598013018B9C3
:10BF6000FFE70598C0B9FFE7089804F063FC08995B
:10BF7000D1F88C0040F48070C1F88C000899012041
:10BF800081F88900FFE70899002081F88800FFE721
:10BF900003208DF8270064E1FFE7FFE795E746E11E
:10BFA0000898C0680828C0F09280FFE7FFE708986B
:10BFB000B0F87200002800F08980FFE70898006858
:10BFC00040690390089800684069C00780B1FFE7A6
:10BFD000019800880899C96E08800899C86E0230D7
:10BFE000C8660899B1F872000138A1F872006CE0D7
:10BFF0000898B0F87200BDF80A1088421FDAFFE70F
:10C000009DF80D000006002819D5FFE7019800886B
:10C010000899C96E08800899C86E0230C8660198F0
:10C0200000880899C96E08800899C86E0230C866F1
:10C030000899B1F872000238A1F8720044E008983B
:10C04000B0F87200012816D1FFE79DF80D008006B8
:10C05000002810D5FFE7019800880899C96E08806C
:10C060000899C86E0230C8660899B1F872000138A4
:10C07000A1F8720027E0F9F7E7FA0499401A059948
:10C08000884204D3FFE70598013018B9FFE7059807
:10C09000C0B9FFE7089804F0CDFB0899D1F88C00EF
:10C0A00040F48070C1F88C000899012081F8890063
:10C0B000FFE70899002081F88800FFE703208DF84A
:10C0C0002700CEE0FFE7FFE7FFE770E7AEE0FFE71E
:10C0D0000898B0F87200002800F0A780FFE70898E1
:10C0E000006840690390089800684069C00790B1F3
:10C0F000FFE70898006890F830000899C96E08704A
:10C100000899C86E0130C8660899B1F87200013804
:10C11000A1F8720088E00898B0F87200BDF80A1023
:10C12000884239DAFFE79DF80D000006002833D574
:10C13000FFE70898006890F830000899C96E087009
:10C140000899C86E0130C8660898006890F83000F9
:10C150000899C96E08700899C86E0130C8660898B9
:10C16000006890F830000899C96E08700899C86E88
:10C170000130C8660898006890F830000899C96EC8
:10C1800008700899C86E0130C8660899B1F8720045
:10C190000438A1F8720046E00898B0F8720003284D
:10C1A00018D8FFE79DF80D0010F0600F12D0FFE7E0
:10C1B0000898006890F830000899C96E08700899CE
:10C1C000C86E0130C8660899B1F872000138A1F84C
:10C1D000720027E0F9F738FA0499401A0599884265
:10C1E00004D3FFE70598013018B9FFE70598C0B9F7
:10C1F000FFE7089804F01EFB0899D1F88C0040F482
:10C200008070C1F88C000899012081F88900FFE74F
:10C210000899002081F88800FFE703208DF82700A7
:10C220001FE0FFE7FFE7FFE752E7FFE7FFE70898B8
:10C2300004F000FB0899012081F88900FFE70899C4
:10C24000002081F88800FFE70898D0F88C0020B122
:10C25000FFE701208DF8270003E000208DF827007C
:10C26000FFE79DF827000AB080BD000080B588B0C8
:10C2700006900591ADF812200393069800682030CF
:10C2800002900698006844F60041C4F20101884219
:10C290002DD0FFE70698006844F60041C5F2010181
:10C2A000884224D0FFE70698006842F20001C4F2F9
:10C2B000004188421BD0FFE70698006842F2000167
:10C2C000C5F20041884212D0FFE70698006845F2A7
:10C2D0000001C4F20101884209D0FFE70698006816
:10C2E00045F20001C5F20101884201D1FFE700E0FB
:10C2F000FFE7F9F7A9F90190069890F8890001285D
:10C3000004D0FFE702208DF81F000BE2059820B152
:10C31000FFE7BDF8120020B9FFE701208DF81F00EC
:10C3200000E2FFE7069890F88800012804D1FFE7B3
:10C3300002208DF81F00F5E10699012081F88800A0
:10C34000FFE7FFE70699032081F88900069900209E
:10C35000C1F88C000599069A5166BDF81210069A2C
:10C36000A2F86810BDF81210069AA2F86A10069991
:10C37000C8660699A1F870000699A1F8720006999E
:10C38000C8670699886706988068B0F5C02F07D1FE
:10C39000FFE706980168086840F40060086009E05B
:10C3A00006980068C068012161F352400699096847
:10C3B000C860FFE70698006840684FF6FF71884341
:10C3C000BDF812100844069909684860069801688B
:10C3D000086840F00100086006984068B0F5800FDA
:10C3E00007D1FFE706980168086840F4007008600C
:10C3F000FFE70698C06810287ED3FFE7069800681C
:10C4000043F20001C4F2010188422DD0FFE70698F3
:10C41000006843F20001C5F20101884224D0FFE721
:10C420000698006843F60001C4F2000188421BD060
:10C43000FFE70698006843F60001C5F20001884254
:10C4400012D0FFE70698006843F60041C4F20001ED
:10C45000884209D0FFE70698006843F60041C5F21C
:10C460000001884248D1FFE7FFE70698B0F86A006C
:10C47000002840D0FFE70698006840698007002840
:10C4800010D5FFE706980168406E006808620699BB
:10C49000486E043048660699B1F86A000138A1F880
:10C4A0006A0027E0F9F7D0F80199401A0399884209
:10C4B00004D3FFE70398013018B9FFE70398C0B928
:10C4C000FFE7069804F0B6F90699D1F88C0040F41D
:10C4D0008070C1F88C000699012081F88900FFE77F
:10C4E0000699002081F88800FFE703208DF81F00DF
:10C4F00018E1FFE7B9E7E8E00698C068082863D3C9
:10C50000FFE7FFE70698B0F86A0000285BD0FFE776
:10C51000069800684069800700282BD5FFE7069839
:10C52000B0F86A00022814D3FFE70698C06B80B108
:10C53000FFE706980168406E006808620699486E39
:10C54000043048660699B1F86A000238A1F86A001A
:10C550000FE00698406E0088029908800699486EA0
:10C56000023048660699B1F86A000138A1F86A00FD
:10C57000FFE727E0F9F768F80199401A0399884224
:10C5800004D3FFE70398013018B9FFE70398C0B957
:10C59000FFE7069804F04EF90699D1F88C0040F4B4
:10C5A0008070C1F88C000699012081F88900FFE7AE
:10C5B0000699002081F88800FFE703208DF81F000E
:10C5C000B0E0FFE79EE77FE0FFE70698B0F86A007B
:10C5D000002878D0FFE706980068406980070028A7
:10C5E00048D5FFE70698B0F86A00042815D3FFE79E
:10C5F0000698C06B412810D3FFE706980168406E8B
:10C60000006808620699486E043048660699B1F8D9
:10C610006A000438A1F86A002BE00698B0F86A00B6
:10C62000022814D3FFE70698C06B80B1FFE7069895
:10C63000406E0088029908800699486E023048666C
:10C640000699B1F86A000238A1F86A0010E006986D
:10C650000168406E007881F820000699486E01302C
:10C6600048660699B1F86A000138A1F86A00FFE748
:10C67000FFE727E0F8F7E8FF0199401A039988429D
:10C6800004D3FFE70398013018B9FFE70398C0B956
:10C69000FFE7069804F0CEF80699D1F88C0040F434
:10C6A0008070C1F88C000699012081F88900FFE7AD
:10C6B0000699002081F88800FFE703208DF81F000D
:10C6C00030E0FFE781E7FFE7FFE70698039B01996A
:10C6D0006A4611600821002204F04EF940B1FFE7DC
:10C6E0000699D1F88C0040F02000C1F88C00FFE7DB
:10C6F000069804F09FF80699012081F88900FFE769
:10C700000699002081F88800FFE70698D0F88C0091
:10C7100020B1FFE701208DF81F0003E000208DF815
:10C720001F00FFE79DF81F0008B080BD80B590B0E6
:10C73000DDF848C00E900D910C92ADF82E300E9899
:10C74000006820300A900E980068303009900E98EA
:10C75000C16B012000EB5110ADF812000E9800687B
:10C7600044F60041C4F2010188422DD0FFE70E9843
:10C77000006844F60041C5F20101884224D0FFE779
:10C780000E98006842F20001C4F2004188421BD0BA
:10C79000FFE70E98006842F20001C5F200418842AE
:10C7A00012D0FFE70E98006845F20001C4F20101C3
:10C7B000884209D0FFE70E98006845F20001C5F2F3
:10C7C0000101884201D1FFE700E0FFE7F8F73CFFF5
:10C7D0000890BDF82E00ADF81600BDF82E00ADF89B
:10C7E00014000E9890F88900012804D0FFE7022079
:10C7F0008DF83F00A2E30D9838B1FFE70C9820B107
:10C80000FFE7BDF82E0020B9FFE701208DF83F00BB
:10C8100094E3FFE70E9890F88800012804D1FFE721
:10C8200002208DF83F0089E30E99012081F88800ED
:10C83000FFE7FFE70E99052081F889000E99002097
:10C84000C1F88C000C990E9AD166BDF82E100E9A84
:10C85000A2F87210BDF82E100E9AA2F870100D9961
:10C860000E9A5166BDF82E100E9AA2F86A10BDF805
:10C870002E100E9AA2F868100E9988670E99C86754
:10C880000E980068C06820F4C0200E990968C8603E
:10C890000E98006843F20001C4F2010188422DD0D5
:10C8A000FFE70E98006843F20001C5F201018842DB
:10C8B00024D0FFE70E98006843F60001C4F200019F
:10C8C00088421BD0FFE70E98006843F60001C5F2CE
:10C8D0000001884212D0FFE70E98006843F600413D
:10C8E000C4F20001884209D0FFE70E98006843F6C1
:10C8F0000041C5F20001884203D1FFE710200790F4
:10C9000002E008200790FFE70E98006840684FF6A5
:10C91000FF718843BDF82E1008440E9909684860DD
:10C920000E980168086840F0010008600E984068A1
:10C93000B0F5800F07D1FFE70E980168086840F452
:10C9400000700860FFE70E98C0681028C0F0EC8007
:10C95000FFE70E98006843F20001C4F2010188422B
:10C960002ED0FFE70E98006843F20001C5F20101E6
:10C97000884225D0FFE70E98006843F60001C4F214
:10C98000000188421CD0FFE70E98006843F60001C2
:10C99000C5F20001884213D0FFE70E98006843F605
:10C9A0000041C4F2000188420AD0FFE70E980068F7
:10C9B00043F60041C5F20001884240F0B580FFE730
:10C9C000079880080790FFE7BDF816100120039034
:10C9D00039B9FFE7BDF81400002818BF0120039003
:10C9E000FFE70398C007002800F09D80FFE70E983E
:10C9F000006840698007002822D5FFE7BDF81600CF
:10CA0000F0B1FFE7BDF81400BDF81610079A114405
:10CA1000884215D2FFE70E980168406E00680862F0
:10CA20000E99486E043048660E99B1F86A000138D4
:10CA3000A1F86A000E98B0F86A00ADF81600FFE79A
:10CA40000E98006840690690BDF81400002869D06F
:10CA5000FFE70E9800684069C007B0B1FFE70E9885
:10CA60000068006B0E99C96E08600E99C86E04309C
:10CA7000C8660E99B1F872000138A1F872000E98DC
:10CA8000B0F87200ADF814004BE0BDF81400BDF82A
:10CA9000121088421CDAFFE79DF8190000060028F2
:10CAA00016D5FFE70E980068006B0E99C96E0860F6
:10CAB0000E99C86E0430C8660E99B1F8720001383C
:10CAC000A1F872000E98B0F87200ADF8140027E0DB
:10CAD000F8F7BAFD0899401A1299884204D3FFE783
:10CAE0001298013018B9FFE71298C0B9FFE70E9805
:10CAF00003F0A0FE0E99D1F88C0040F48070C1F8CC
:10CB00008C000E99012081F88900FFE70E99002022
:10CB100081F88800FFE703208DF83F000EE2FFE771
:10CB2000FFE7FFE750E7DCE10E98C0680828C0F097
:10CB3000DE80FFE7079840080790FFE7BDF8161072
:10CB40000120029039B9FFE7BDF81400002818BF92
:10CB500001200290FFE70298C007002800F0C6807D
:10CB6000FFE70E98006840698007002822D5FFE79C
:10CB7000BDF81600F0B1FFE7BDF81400BDF81610BF
:10CB8000079A1144884215D2FFE70E98406E00883C
:10CB90000A9908800E99486E023048660E99B1F8DD
:10CBA0006A000138A1F86A000E98B0F86A00ADF882
:10CBB0001600FFE70E98006840690690BDF8140063
:10CBC000002800F09280FFE70E9800684069C007D7
:10CBD000A8B1FFE7099800880E99C96E08800E99E0
:10CBE000C86E0230C8660E99B1F872000138A1F81B
:10CBF00072000E98B0F87200ADF8140074E0BDF841
:10CC00001400BDF81210884224DAFFE79DF81900DD
:10CC1000000600281ED5FFE7099800880E99C96E06
:10CC200008800E99C86E0230C866099800880E996F
:10CC3000C96E08800E99C86E0230C8660E99B1F8A8
:10CC400072000238A1F872000E98B0F87200ADF8C8
:10CC5000140048E0BDF8140001281BD1FFE79DF83F
:10CC600019008006002815D5FFE7099800880E995D
:10CC7000C96E08800E99C86E0230C8660E99B1F868
:10CC800072000138A1F872000E98B0F87200ADF889
:10CC9000140027E0F8F7D8FC0899401A1299884246
:10CCA00004D3FFE71298013018B9FFE71298C0B912
:10CCB000FFE70E9803F0BEFD0E99D1F88C0040F40A
:10CCC0008070C1F88C000E99012081F88900FFE77F
:10CCD0000E99002081F88800FFE703208DF83F00BF
:10CCE0002CE1FFE7FFE7FFE7FFE727E7F8E0FFE7D3
:10CCF000BDF816100120019039B9FFE7BDF8140006
:10CD0000002818BF01200190FFE70198C007002804
:10CD100000F0E580FFE70E98006840698007002872
:10CD200023D5FFE7BDF81600F8B1FFE7BDF8140002
:10CD3000BDF81610079A1144884216D2FFE70E98E4
:10CD40000168406E007881F820000E99486E01302D
:10CD500048660E99B1F86A000138A1F86A000E9889
:10CD6000B0F86A00ADF81600FFE70E980068406959
:10CD70000690BDF81400002800F0B080FFE70E9880
:10CD800000684069C007B8B1FFE70E98006890F8E6
:10CD900030000E99C96E08700E99C86E0130C866D1
:10CDA0000E99B1F872000138A1F872000E98B0F82F
:10CDB0007200ADF8140090E0BDF81400BDF8121038
:10CDC00088423EDAFFE79DF819000006002838D5B2
:10CDD000FFE70E98006890F830000E99C96E087051
:10CDE0000E99C86E0130C8660E98006890F8300041
:10CDF0000E99C96E08700E99C86E0130C8660E98FB
:10CE0000006890F830000E99C96E08700E99C86ECF
:10CE10000130C8660E98006890F830000E99C96E0F
:10CE200008700E99C86E0130C8660E99B1F872008C
:10CE30000438A1F872000E98B0F87200ADF8140032
:10CE40004AE0BDF8140003281DD8FFE79DF819003B
:10CE500010F0600F17D0FFE70E98006890F83000D0
:10CE60000E99C96E08700E99C86E0130C8660E9989
:10CE7000B1F872000138A1F872000E98B0F8720093
:10CE8000ADF8140027E0F8F7DFFB0899401A129973
:10CE9000884204D3FFE71298013018B9FFE71298CF
:10CEA000C0B9FFE70E9803F0C5FC0E99D1F88C00CD
:10CEB00040F48070C1F88C000E99012081F889003F
:10CEC000FFE70E99002081F88800FFE703208DF826
:10CED0003F0033E0FFE7FFE7FFE7FFE708E7FFE793
:10CEE000FFE70E98129B08996A46116008210022FC
:10CEF00003F042FD40B1FFE70E99D1F88C0040F0FD
:10CF00002000C1F88C00FFE70E9803F093FC0E9907
:10CF1000012081F88900FFE70E99002081F8880040
:10CF2000FFE70E98D0F88C0020B1FFE701208DF8C4
:10CF30003F0003E000208DF83F00FFE79DF83F0031
:10CF400010B080BD82B0019001980090042843D8B1
:10CF50000099DFE801F00C1D2F4103004EF2100193
:10CF6000CEF20001086840F00400086035E04EF29F
:10CF70001001CEF20001086820F00400086040F6BD
:10CF8000E441C4F20241086820F00C00086024E08B
:10CF90004EF21001CEF20001086820F00400086093
:10CFA00040F6E441C4F202410868012262F38300C2
:10CFB000086012E04EF21001CEF20001086820F085
:10CFC0000400086040F6E441C4F20241086802220D
:10CFD00062F38300086000E0FFE702B070470000E2
:10CFE00082B0009000980138B0F1807F03D3FFE752
:10CFF0000120019016E0009801384EF21401CEF2A3
:10D00000000108604EF21801CEF200010020086015
:10D010004EF21002CEF20002116841F003011160DD
:10D020000190FFE7019802B07047000083B04EF214
:10D030001000CEF2000000684007002803D5FFE78B
:10D040000420029020E040F6E440C4F20240006870
:10D0500000F00C0001900198009040B1FFE70098AB
:10D06000042807D0FFE70098082806D008E0002031
:10D07000029008E00120029005E00220029002E008
:10D0800000200290FFE7FFE7029803B0704700001E
:10D0900081B0009001B0704781B0009001B070473E
:10D0A00081B0009001B0704781B0009001B070472E
:10D0B00081B0009001B0704781B0009001B070471E
:10D0C00085B003900291FFE7039890F83C00012897
:10D0D00004D1FFE702208DF81300F6E00399012048
:10D0E00081F83C00FFE7FFE70399022081F83D004B
:10D0F0000398006840680190039800688068009079
:10D100000398006842F60041C4F2010188421BD036
:10D11000FFE70398006842F60041C5F2010188422A
:10D1200012D0FFE70398006843F20041C4F2010106
:10D13000884209D0FFE70398006843F20041C5F236
:10D14000010188420AD1FFE7019820F470000190A4
:10D1500002984168019808430190FFE701984FF653
:10D160008F71CFF6FF510840019002980168019835
:10D170000843019001980399096848600398006882
:10D1800042F60041C4F20101884200F08280FFE7CC
:10D190000398006842F60041C5F20101884278D048
:10D1A000FFE703980068B0F1804F72D0FFE7039863
:10D1B0000068B0F1A04F6CD0FFE70398006840F220
:10D1C0000041C4F20001884263D0FFE70398006881
:10D1D00040F20041C5F2000188425AD0FFE70398AF
:10D1E000006840F60001C4F20001884251D0FFE718
:10D1F0000398006840F60001C5F20001884248D05B
:10D20000FFE70398006840F60041C4F2000188423D
:10D210003FD0FFE70398006840F60041C5F20001E7
:10D22000884236D0FFE70398006843F20041C4F219
:10D23000010188422DD0FFE70398006843F20041C6
:10D24000C5F20101884224D0FFE70398006841F647
:10D250000001C4F2000188421BD0FFE70398006878
:10D2600041F60001C5F20001884212D0FFE70398A1
:10D27000006844F20001C4F20101884209D0FFE7CE
:10D280000398006844F20001C5F2010188420ED102
:10D29000FFE7009820F080000090029881680098D5
:10D2A000084300900098039909688860FFE7039994
:10D2B000012081F83D00FFE70399002081F83C0040
:10D2C000FFE700208DF81300FFE79DF8130005B07D
:10D2D0007047000081B0009001B0704780B582B007
:10D2E0000090009820B9FFE701208DF8070045E085
:10D2F000009890F83D0040B9FFE70099002081F8C0
:10D300003C00009800F03EF8FFE70099022081F809
:10D310003D00009951F8040B03F040FF00990120F3
:10D3200081F84800FFE70099012081F83E0000994C
:10D3300081F83F00009981F84000009981F8410090
:10D34000009981F84200009981F84300FFE7FFE768
:10D350000099012081F84400009981F84500009966
:10D3600081F84600009981F84700FFE70099012005
:10D3700081F83D0000208DF80700FFE79DF80700C9
:10D3800002B080BD80B584B003900398006841F27C
:10D390000041C4F20001884219D1FFE7FFE740F6DF
:10D3A0009C40C4F20240016841F020010160006825
:10D3B00000F0200002900298FFE732200190032243
:10D3C0001146F8F749FA0198F8F73CFAFFE704B07C
:10D3D00080BD000083B00190019890F83D000128C5
:10D3E00004D0FFE701208DF80B00B8E0019902207E
:10D3F00081F83D0001980168C86840F00100C860EC
:10D400000198006842F60041C4F20101884200F030
:10D410008280FFE70198006842F60041C5F20101F1
:10D42000884278D0FFE701980068B0F1804F72D051
:10D43000FFE701980068B0F1A04F6CD0FFE70198BA
:10D44000006840F20041C4F20001884263D0FFE767
:10D450000198006840F20041C5F2000188425AD0AC
:10D46000FFE70198006840F60001C4F2000188421D
:10D4700051D0FFE70198006840F60001C5F20001B5
:10D48000884248D0FFE70198006840F60041C4F2A6
:10D49000000188423FD0FFE70198006840F6004154
:10D4A000C5F20001884236D0FFE70198006843F2D8
:10D4B0000041C4F2010188422DD0FFE701980068C5
:10D4C00043F20041C5F20101884224D0FFE70198F0
:10D4D000006841F60001C4F2000188421BD0FFE75A
:10D4E0000198006841F60001C5F20001884212D09F
:10D4F000FFE70198006844F20001C4F2010188428C
:10D5000009D0FFE70198006844F20001C5F201016B
:10D51000884219D1FFE70198006880680721C0F2AE
:10D52000010108400090009806280CD0FFE7009801
:10D53000B0F5803F07D0FFE701980168086840F028
:10D5400001000860FFE706E001980168086840F004
:10D5500001000860FFE700208DF80B00FFE79DF851
:10D560000B0003B07047000081B0009001B070471D
:10D5700080B584B0039003980068C0680290039857
:10D580000068006901909DF804008007002824D5F8
:10D59000FFE79DF80800800700281DD5FFE70398E6
:10D5A00001686FF002000861039901200877039871
:10D5B00000688069800720B1FFE70398FFF7D4FF78
:10D5C00006E0039800F054F9039800F055F9FFE7DE
:10D5D000039900200877FFE7FFE79DF80400400764
:10D5E000002825D5FFE79DF80800400700281ED534
:10D5F000FFE7039801686FF00400086103990220B7
:10D60000087703980068806910F4407F04D0FFE732
:10D610000398FFF7A9FF06E0039800F029F90398A3
:10D6200000F02AF9FFE7039900200877FFE7FFE7FA
:10D630009DF804000007002824D5FFE79DF80800A6
:10D64000000700281DD5FFE7039801686FF0080068
:10D65000086103990420087703980068C06980076F
:10D6600020B1FFE70398FFF77FFF06E0039800F083
:10D67000FFF8039800F000F9FFE70399002008770E
:10D68000FFE7FFE79DF80400C006002825D5FFE767
:10D690009DF80800C00600281ED5FFE70398016822
:10D6A0006FF010000861039908200877039800685C
:10D6B000C06910F4407F04D0FFE70398FFF754FFE0
:10D6C00006E0039800F0D4F8039800F0D5F8FFE7DF
:10D6D000039900200877FFE7FFE79DF80400C007E3
:10D6E00078B1FFE79DF80800C00748B1FFE703984D
:10D6F00001686FF001000861039800F0C1F8FFE7CE
:10D70000FFE7019800F08000802806D0FFE79DF831
:10D7100005008006002810D5FFE79DF808000006E8
:10D72000002809D5FFE7039801686FF402500861EB
:10D730000398FFF7B1FCFFE7FFE79DF80500C0077E
:10D7400080B1FFE79DF808000006002809D5FFE733
:10D75000039801686FF4807008610398FFF798FCE4
:10D76000FFE7FFE79DF804004006002810D5FFE71B
:10D770009DF808004006002809D5FFE703980168D6
:10D780006FF040000861039800F092F8FFE7FFE7B0
:10D790009DF804008006002810D5FFE79DF80800DA
:10D7A0008006002809D5FFE7039801686FF0200084
:10D7B00008610398FFF774FCFFE7FFE79DF8060098
:10D7C000C006002810D5FFE79DF80A00C006002813
:10D7D00009D5FFE7039801686FF48010086103988A
:10D7E000FFF766FCFFE7FFE79DF8060080060028CC
:10D7F00010D5FFE79DF80A008006002809D5FFE74D
:10D80000039801686FF4001008610398FFF74CFC5F
:10D81000FFE7FFE79DF806004006002810D5FFE768
:10D820009DF80A004006002809D5FFE70398016823
:10D830006FF4800008610398FFF73EFCFFE7FFE705
:10D840009DF806000006002810D5FFE79DF80A00A5
:10D850000006002809D5FFE7039801686FF400006F
:10D8600008610398FFF736FDFFE7FFE704B080BDCE
:10D8700081B0009001B0704781B0009001B0704756
:10D8800080B582B001900198006841F20041C4F275
:10D89000000188420AD1FFE740F21071C2F2000194
:10D8A00008680130086003F0D3F9FFE702B080BDDB
:10D8B00081B0009001B0704783B00190FFE70198FC
:10D8C00090F88400012804D1FFE702208DF80B00B6
:10D8D0002CE00199012081F88400FFE7FFE701991E
:10D8E0002420C1F888000198006800680090019821
:10D8F0000168086820F001000860009820F00050DE
:10D900000090019900204866009801990968086014
:10D9100001992020C1F88800FFE70199002081F8D3
:10D920008400FFE700208DF80B00FFE79DF80B0057
:10D9300003B0704782B00190ADF8021002B070479A
:10D9400081B0009001B0704780B584B00290019121
:10D95000FFE7029890F88400012804D1FFE7022035
:10D960008DF80F0032E00299012081F88400FFE772
:10D97000FFE702992420C1F8880002980068006837
:10D98000009002980168086820F001000860029881
:10D990000068806820F06060019908430299096876
:10D9A0008860029803F0A8FD009802990968086051
:10D9B00002992020C1F88800FFE70299002081F831
:10D9C0008400FFE700208DF80F00FFE79DF80F00AF
:10D9D00004B080BD80B584B002900191FFE7029849
:10D9E00090F88400012804D1FFE702208DF80F0091
:10D9F00032E00299012081F88400FFE7FFE70299F5
:10DA00002420C1F8880002980068006800900298FD
:10DA10000168086820F001000860029800688068CA
:10DA200020F06040019908430299096888600298D3
:10DA300003F062FD009802990968086002992020AD
:10DA4000C1F88800FFE70299002081F88400FFE711
:10DA500000208DF80F00FFE79DF80F0004B080BD97
:10DA600081B0009001B0704781B0009001B0704764
:10DA700081B0009001B0704780B58EB00D900D98C8
:10DA80000068C0690C900D98006800680B900D98B4
:10DA9000006880680A900C9840F60F0108400990D1
:10DAA0000998E0B9FFE79DF830008006002815D5F9
:10DAB000FFE79DF82C008006002806D4FFE79DF8BC
:10DAC0002B00C006002809D5FFE70D98406F20B154
:10DAD000FFE70D98416F8847FFE76CE2FFE7099881
:10DAE000002800F0F980FFE70A980121C1F2000147
:10DAF000084209D1FFE70B9840F22011C0F2004123
:10DB0000084200F0E980FFE79DF83000C00788B1C7
:10DB1000FFE79DF82D00C00760B1FFE70D98016891
:10DB2000012008620D99D1F8900040F00100C1F881
:10DB30009000FFE79DF830008007002811D5FFE72F
:10DB40009DF82800C00760B1FFE70D98016802202A
:10DB500008620D99D1F8900040F00400C1F89000DF
:10DB6000FFE79DF830004007002811D5FFE79DF83A
:10DB70002800C00760B1FFE70D9801680420086223
:10DB80000D99D1F8900040F00200C1F89000FFE735
:10DB90009DF830000007002819D5FFE79DF82C00FC
:10DBA0008006002807D4FFE70A980121C1F200018E
:10DBB00008420CD0FFE70D980168082008620D9913
:10DBC000D1F8900040F00800C1F89000FFE79DF800
:10DBD00031000007002813D5FFE79DF82F0040070C
:10DBE00000280DD5FFE70D9801684FF4006008622A
:10DBF0000D99D1F8900040F02000C1F89000FFE7A7
:10DC00000D98D0F89000002865D0FFE79DF830000F
:10DC10008006002815D5FFE79DF82C008006002817
:10DC200006D4FFE79DF82B00C006002809D5FFE7C2
:10DC30000D98406F20B1FFE70D98416F8847FFE7CF
:10DC4000FFE70D98D0F8900008900D980068806864
:10DC500000F04000402806D0FFE79DF8200010F0BB
:10DC6000280F2FD0FFE70D9803F0E4FD0D98006812
:10DC700080684006002820D5FFE70D98D0F8800086
:10DC8000B0B1FFE70D98D0F8801041F61500C0F64E
:10DC90000100C8660D98D0F88000F5F733FF30B169
:10DCA000FFE70D98D0F88000C16E8847FFE703E0DA
:10DCB0000D98FFF7DDFEFFE703E00D98FFF7D8FEB4
:10DCC000FFE707E00D98FFF7D3FE0D990020C1F89C
:10DCD0009000FFE7FFE76EE10D98C06E012840F06D
:10DCE0000B81FFE79DF83000C006002840F1048159
:10DCF000FFE79DF82C00C006002840F1FD80FFE7FB
:10DD00000D980168102008620D9800688068400630
:10DD1000002840F18F80FFE70D98D0F88000006860
:10DD2000806CADF81E00BDF81E00002867D0FFE72C
:10DD3000BDF81E000D99B1F85C1088425FDAFFE76C
:10DD4000BDF81E000D99A1F85E000D98D0F8800076
:10DD5000006D812846D0FFE7FFE7FFE70D980068D8
:10DD600050E8000F20F480700690FFE706990D98A8
:10DD7000026842E800100028F0D1FFE7FFE7FFE764
:10DD8000FFE70D98006850E8020F20F001000590B1
:10DD9000FFE705990D98026842E802100028F0D1CB
:10DDA000FFE7FFE70D992020C1F88C000D990020B6
:10DDB000C866FFE7FFE70D98006850E8000F20F005
:10DDC00010000490FFE704990D98026842E80010E3
:10DDD0000028F0D1FFE7FFE70D98D0F88000F5F7B5
:10DDE00005FEFFE70D99022008670D98B0F85C105A
:10DDF000B0F85E20891A89B2FFF79CFD19E0BDF8E2
:10DE00001E000D99B1F85C10884211D1FFE70D9802
:10DE1000D0F88000006D812809D1FFE70D9902201C
:10DE200008670D98B0F85C10FFF784FDFFE7FFE787
:10DE3000FFE7C0E00D99B1F85C00B1F85E10401A40
:10DE4000ADF80E000D98B0F85E00002853D0FFE743
:10DE5000BDF80E0000284ED0FFE7FFE7FFE70D9862
:10DE6000006850E8000F20F490700290FFE70299DC
:10DE70000D98026842E800100028F0D1FFE7FFE7A4
:10DE8000FFE7FFE70D98006850E8020F4FF6FE71BC
:10DE9000CEF6FF7108400190FFE701990D980268E6
:10DEA00042E802100028EDD1FFE7FFE70D9920209E
:10DEB000C1F88C000D990020C8660D994867FFE7EE
:10DEC000FFE70D98006850E8000F20F01000009068
:10DED000FFE700990D98026842E800100028F0D191
:10DEE000FFE7FFE70D99022008670D98BDF80E10B7
:10DEF000FFF720FDFFE75EE09DF83200C006002836
:10DF00000FD5FFE79DF82A004006002809D5FFE756
:10DF10000D9801684FF4801008620D98FFF7A4FD7A
:10DF200049E09DF830000006002815D5FFE79DF870
:10DF30002C000006002806D4FFE79DF82A00000602
:10DF4000002809D5FFE70D98806F20B1FFE70D98F5
:10DF5000816F8847FFE72EE09DF8300040060028DB
:10DF60000AD5FFE79DF82C004006002804D5FFE7FE
:10DF70000D9803F0AFFC1EE09DF83200000600286B
:10DF80000AD5FFE79DF82F004006002804D5FFE7DB
:10DF90000D98FFF765FD0EE09DF83300C00750B106
:10DFA000FFE79DF82F000006002804D5FFE70D9835
:10DFB000FFF7C6FCFFE70EB080BD000080B582B061
:10DFC0000090009820B9FFE701208DF8070046E097
:10DFD0000098806908B1FFE700E0FFE70098D0F8FB
:10DFE000880040B9FFE70099002081F8840000987C
:10DFF00000F03AF8FFE700992420C1F88800009863
:10E000000168086820F0010008600098806A20B16B
:10E01000FFE7009803F0B6FAFFE7009803F07CFCF6
:10E02000012804D1FFE701208DF8070017E00098D0
:10E030000168486820F4904048600098016888684A
:10E0400020F02A00886000980168086840F001000C
:10E050000860009803F03AFB8DF80700FFE79DF891
:10E06000070002B080BD000080B5D0B04F90002006
:10E070004E904D904C904B904A9008A84FF484716C
:10E08000F2F74CF94F98006843F60001C4F2010121
:10E09000884240F08380FFE7002009900121089129
:10E0A0001F9008A8FAF798FD18B1FFE7F4F736FCBF
:10E0B000FFE7FFE740F6A440C4F20240016841F4E4
:10E0C00080410160006800F4804007900798FFE7F6
:10E0D000FFE740F68C40C4F20240016841F00101C4
:10E0E0000160006800F0010006900698FFE74FF419
:10E0F000C0604A9002204B90012001904C9000207B
:10E1000002904D9007204E900020C4F202204AA9B0
:10E11000F7F7F6F8019A029940F65400C2F20000AF
:10E12000039040F25013C4F20203036016234360CD
:10E1300081604FF48063C3600823036141618161A2
:10E14000C161016242628262C16201634163F5F7AB
:10E15000A7FE18B1FFE7F4F7E1FBFFE7FFE74F98F1
:10E1600040F65401C2F20001C1674F98C865FFE74D
:10E1700040F65400C2F200001021F5F7EDFC18B192
:10E18000FFE7F4F7CBFBFFE73A20009000221146AF
:10E19000F7F762FB0098F7F755FB46E04F980068E9
:10E1A00046F20041C4F2000188423DD1FFE7002061
:10E1B000099020210891249008A8FAF70DFD18B1C4
:10E1C000FFE7F4F7ABFBFFE7FFE740F69C40C4F244
:10E1D0000240016841F000710160006800F00070C9
:10E1E00005900598FFE7FFE740F68C40C4F2024037
:10E1F000016841F004010160006800F0040004902F
:10E200000498FFE7C0204A9002204B9001204C90D8
:10E2100000204D9007204E9040F60000C4F20220EE
:10E220004AA9F7F76DF8FFE7FFE750B080BD00009F
:10E2300080B58AB008900791ADF81A200593089828
:10E24000D0F88800202840F09580FFE7079820B19B
:10E25000FFE7BDF81A0020B9FFE701208DF827007D
:10E260008CE00898006880680006002807D5FFE762
:10E2700008980168886820F080008860FFE70899A6
:10E280000020C1F8900008992120C1F88800F7F714
:10E29000DBF90290BDF81A000899A1F85400BDF806
:10E2A0001A000899A1F8560008988068B0F5805FB8
:10E2B00009D1FFE70898006928B9FFE7002004901A
:10E2C0000798039004E00798049000200390FFE76C
:10E2D000FFE70898B0F8560088B3FFE70898029B5C
:10E2E00005996A4611608021002203F021FD40B1AA
:10E2F000FFE708992020C1F8880003208DF8270047
:10E300003CE0049858B9FFE7039800886FF35F205A
:10E3100008990968886203980230039008E004981D
:10E320000078089909688862049801300490FFE732
:10E330000899B1F856000138A1F85600C9E70898C5
:10E34000029B05996A4611604021002203F0F0FC0F
:10E3500040B1FFE708992020C1F8880003208DF81C
:10E3600027000BE008992020C1F8880000208DF8D4
:10E37000270003E002208DF82700FFE79DF8270023
:10E380000AB080BD81B0009001B0704785B00190A7
:10E390000198007801460091022804D3FFE7009815
:10E3A000022834D06BE0019890ED061A90ED070A30
:10E3B00090ED083A90ED092A21EE031A20EE020AA8
:10E3C00030EE410A8DED020A019890ED061A90EDAB
:10E3D000073A90ED080A90ED092A21EE031A20EE83
:10E3E000020A30EE010A8DED030A019890ED061A3B
:10E3F00090ED090A21EE011ABEEE002A31EE021A52
:10E4000020EE000A30EE010A8DED040A3CE001988E
:10E4100090ED060A90ED071A90ED082A90ED093A62
:10E4200021EE031A20EE020A30EE410A8DED020AB7
:10E43000019890ED061A90ED073A90ED080A90EDDC
:10E44000092A21EE031A20EE020A30EE011A9FED8E
:10E45000120A30EE410A8DED030A019890ED060A8A
:10E4600090ED091A20EE002AB6EE000A30EE420ABC
:10E4700021EE011A30EE410A8DED040A04E000207D
:10E48000029003900490FFE79DED020ADDED030A80
:10E490009DED041A05B070470000008085B0019022
:10E4A000019800780146009140B1FFE700980128EB
:10E4B00038D0FFE7009802286CD0A3E0019890EDD7
:10E4C000061A90ED070A90ED082A90ED093A21EE20
:10E4D000031A20EE020A30EE010A8DED020A0198BD
:10E4E00090ED061A90ED080A21EE011ABEEE002A00
:10E4F00031EE021A20EE000A30EE010A8DED030A19
:10E50000019890ED061A90ED073A90ED080A90ED0B
:10E51000092A21EE031A20EE020A30EE410A8DED9F
:10E52000040A74E0019890ED060A90ED071A20EEB7
:10E53000002AB6EE000A30EE420A21EE011A30EE51
:10E54000410A8DED020A019890ED060A90ED071A36
:10E5500090ED083A90ED092A21EE031A20EE020A06
:10E5600030EE410A8DED030A019890ED061A90ED08
:10E57000070A90ED083A90ED092A21EE031A20EEE1
:10E58000020A30EE011A9FED260A30EE410A8DEDA7
:10E59000040A3CE0019890ED061A90ED070A90ED10
:10E5A000082A90ED093A21EE031A20EE020A30EE15
:10E5B000011A9FED1B0A30EE410A8DED020A019807
:10E5C00090ED060A90ED081A20EE002AB6EE000A39
:10E5D00030EE420A21EE011A30EE410A8DED030AB7
:10E5E000019890ED060A90ED072A90ED081A90ED3B
:10E5F000093A21EE031A20EE020A30EE410A8DEDAF
:10E60000040A04E00020029003900490FFE79DEDCF
:10E61000020ADDED030A9DED041A05B0704700BF44
:10E6200000000080FFE7FEE784B0039002918DEDCB
:10E63000010ACDED000A039908684A688B6840F228
:10E640008841C2F200018B604A600860029B186832
:10E650005A689B684B610A61C8600198886100989C
:10E66000C86104B07047000083B0029001918DED45
:10E67000000A029908684A688B6840F28841C2F231
:10E6800000018B624A620862019B18685A689B68A5
:10E690004B630A63C8620098C86303B07047000008
:10E6A00080B584B040F2DC60C2F2000001906421C9
:10E6B0000291F3F77FF9019802991830F3F77AF98C
:10E6C00040F2C850C2F200000390F2F7E3FC039856
:10E6D00046F2C411C0F60101F2F7BEFD04B080BDE0
:10E6E00080B588B0ADF81E0040F21030C2F20000D4
:10E6F0000DF11D0105F03EFD9DF81D0080B3FFE703
:10E700000020ADF81800059040F21030C2F2000071
:10E7100005A905F067F8BDF9140000EE100AB8EE7F
:10E72000C00A9FED4E1A20EE010A40F21C40C2F2D0
:10E73000000080ED000ABDF9161000EE101AB8EEC8
:10E74000C00A20EE010A80ED010ABDF9181000EEA2
:10E75000101AB8EEC00A20EE010A80ED020AFFE7A7
:10E7600040F21030C2F200000DF11D0105F044FA34
:10E770009DF81D0080B3FFE70020ADF81000039066
:10E7800040F21030C2F2000003A905F05BF8BDF9B9
:10E790000C0000EE100AB8EEC00A9FED311A20EE10
:10E7A000010A40F26840C2F2000080ED000ABDF9A3
:10E7B0000E1000EE101AB8EEC00A20EE010A80ED2D
:10E7C000010ABDF9101000EE101AB8EEC00A20EED2
:10E7D000010A80ED020AFFE70020019040F21030AC
:10E7E000C2F2000001A905F03BFB40F26F00C2F24B
:10E7F00000000078B0B1FFE7019840F25071C2F21A
:10E800000001086040F26F01C2F2000100200870B0
:10E8100040F23071C2F2000141F26F20C3F60330C2
:10E82000086018E0019840F25071C2F200010A68D5
:10E83000801A0090019808609DED000AB8EE400A29
:10E840009FED081A20EE010A40F23070C2F200007B
:10E8500080ED000AFFE708B080BD00BFD5FF7F381C
:10E86000295C8F3D17B7D13780B588B0ADF81E0051
:10E8700040F2D420C2F200000DF11D0105F07AFC37
:10E880009DF81D0080B3FFE70020ADF8180005904B
:10E8900040F2D420C2F2000005A904F0A3FFBDF9A4
:10E8A000140000EE100AB8EEC00A9FED5F1A20EEC9
:10E8B000010A40F21040C2F2000080ED000ABDF9EA
:10E8C000161000EE101AB8EEC00A20EE010A80ED14
:10E8D000010ABDF9181000EE101AB8EEC00A20EEB9
:10E8E000010A80ED020AFFE740F2D420C2F20000E4
:10E8F0000DF11D0105F080F99DF81D0080B3FFE7C3
:10E900000020ADF81000039040F2D420C2F20000C5
:10E9100003A904F097FFBDF90C0000EE100AB8EE51
:10E92000C00A9FED421A20EE010A40F25C40C2F29A
:10E93000000080ED000ABDF90E1000EE101AB8EECE
:10E94000C00A20EE010A80ED010ABDF9101000EEA8
:10E95000101AB8EEC00A20EE010A80ED020AFFE7A5
:10E9600040F2D420C2F200000DF11D0105F048FA7A
:10E970009DF81D00B0B1FFE70020ADF80A0040F29D
:10E98000D420C2F200000DF10A0105F04FFABDF9E2
:10E990000A0004F0BDFF40F25450C2F2000080EDC6
:10E9A000000AFFE70020019040F2D420C2F20000EC
:10E9B00001A905F055FA40F26E00C2F2000000789D
:10E9C000B0B1FFE7019840F24C71C2F2000108605B
:10E9D00040F26E01C2F200010020087040F22C717A
:10E9E000C2F2000141F26F20C3F60330086018E064
:10E9F000019840F24C71C2F200010A68801A00903E
:10EA0000019808609DED000AB8EE400A9FED081AD3
:10EA100020EE010A40F22C70C2F2000080ED000AE4
:10EA2000FFE708B080BD00BFD5FF7F38295C8F3D70
:10EA300017B7D137F0B5A3B08DF88B0040F28840FE
:10EA4000C2F20000099090ED070A0C30002101F09D
:10EA50005FFD0998C1681F91016920914169219169
:10EA600001681C9141681D9180681E909DED1F0AF0
:10EA7000DDED200A9DED211A46F2541EC0F6010E6E
:10EA8000CDF820E0DEF80000DEF80410DEF8082003
:10EA9000DEF80C30DEF810C0DEF81440DEF8185056
:10EAA000DEF81C60DEF8207040F2700EC2F2000E3C
:10EAB000DEED001A9EED012ADEED022A40F26C7EA8
:10EAC000C2F2000E9EED003ADEED013A9EED024AE2
:10EAD000EE46CEF81070CEF80C60CEF80850CEF8A6
:10EAE0000440CEF800C0F3F7C9F8DDF820E08DED62
:10EAF0001B1ACDED1A0A8DED190A19981A991B9A4D
:10EB0000219220911F909DED1C0ADDED1D0A9DEDC7
:10EB10001E1ADEF80000DEF80410DEF80820DEF829
:10EB20000C30DEF810C0DEF81440DEF81850DEF8C5
:10EB30001C60DEF8207040F2600EC2F2000EDEEDC6
:10EB4000001A9EED012ADEED022A40F2540EC2F2B6
:10EB5000000E9EED003ADEED013A9EED024AEE46D1
:10EB6000CEF81070CEF80C60CEF80850CEF8044005
:10EB7000CEF800C0F3F782F88DED181ACDED170A24
:10EB80008DED160A16981799189A1E921D911C90D1
:10EB90009DED1F0ADDED200A9DED211A40F2DC609B
:10EBA000C2F20000F2F72CFF09988DED151ACDED99
:10EBB000140A8DED130A1399149A159B2193209230
:10EBC0001F911F9A40F2C841C2F20001CA60209A08
:10EBD0000A61219A4A611C9A0A601D9A4A601E9A2B
:10EBE0008A60C069C8619DF88B00012840F093805D
:10EBF000FFE740F28840C2F20000059090ED0F0A56
:10EC00002C30012101F084FC0598C16A1F91016B31
:10EC10002091406B21909DED1F0ADDED200A9DEDB6
:10EC2000211A46F2781EC0F6010ECDF818E0DEF883
:10EC30000000DEF80410DEF80820DEF80C30DEF804
:10EC400010C0DEF81440DEF81850DEF81C60DEF864
:10EC5000207040F2700EC2F2000EDEED001A9EED42
:10EC6000012ADEED022A40F26C7EC2F2000E9EED19
:10EC7000033ADEED043A9EED054AEE46CEF81070FA
:10EC8000CEF80C60CEF80850CEF80440CEF800C0A4
:10EC9000F2F7F4FF8DED121ACDED110A8DED100A89
:10ECA00010981199129A219220911F909DED1F0AA0
:10ECB000DDED200A9DED211A40F2DC60C2F2000079
:10ECC0001830F2F79DFE8DED0F1ACDED0E0A8DED89
:10ECD0000D0A0D980E990F9A219220911F901F985E
:10ECE00040F2C841C2F2000141F82C0F0791209870
:10ECF000486021988860A1F120000AAAF3F7AEFDD0
:10ED000007990A9841F8200C0B9841F81C0C0C98B4
:10ED100041F8180CFFE723B0F0BD000080B582B0C9
:10ED2000ADF8060040F25450C2F2000090ED000A27
:10ED300040F22C70C2F20000D0ED000A40F2104008
:10ED4000C2F2000040F25C41C2F20001FFF76CFC2D
:10ED500040F25250C2F20000007888B1FFE740F262
:10ED60003070C2F2000090ED000A40F21C40C2F286
:10ED7000000040F26841C2F20001FFF775FCFFE7B6
:10ED800040F25250C2F200000078FFF753FE40F20A
:10ED9000C840C2F2000000F005F803F0C9F802B064
:10EDA00080BD000080B590B00F900F98C0680C90A7
:10EDB0000F9800690D900F9840690E900F980068A9
:10EDC00009900F9840680A900F9880680B900F98F0
:10EDD00090ED073A9DED0C0ADDED0D0A9DED0E1A42
:10EDE000DDED091A9DED0A2ADDED0B2A40F2C8502F
:10EDF000C2F200000190F2F771FD0198F2F734F9C8
:10EE0000CDED051A8DED041ACDED030A8DED020A44
:10EE10009DED020ADDED030A9DED041ADDED051AF4
:10EE2000F3F76EF98DED081ACDED070A8DED060AA0
:10EE300040F23C71C2F200010698079A089B8B6071
:10EE40004A60086010B080BD80B58AB003F07EFBD8
:10EE500040F2D420C2F2000040F20A51C2F2000196
:10EE6000089104F047FD089800786C2805D0FFE76A
:10EE70004FF6FF70ADF82600A1E040F2D420C2F2B8
:10EE80000000012104F094FFFFE740F2D420C2F219
:10EE9000000040F20851C2F2000104F073FFFFE7E6
:10EEA00040F20850C2F2000000780028EDD1FFE7E0
:10EEB00040F2D420C2F200000690802104F0DAFE75
:10EEC00006980121059104F0EDFC069804210491B7
:10EED00005F02CF80499069804F092FD069800219C
:10EEE00005F05EF90698062104F09CFE0499069848
:10EEF00005F07EF90599069805F014F9059906982C
:10EF000004F0D6FF40F21030C2F2000040F20B5184
:10EF1000C2F20001079104F0EDFC079800786C281C
:10EF200004D0FFE70020ADF8260048E040F21030A2
:10EF3000C2F20000012104F03BFFFFE740F2103075
:10EF4000C2F2000040F20951C2F2000104F01AFFBF
:10EF5000FFE740F20950C2F2000000780028EDD12E
:10EF6000FFE740F21030C2F200000290802104F06E
:10EF700081FE02980121039104F094FC029804217F
:10EF8000019104F0D3FF0199029804F039FD029831
:10EF9000002105F005F90298062104F043FE0199CD
:10EFA000029805F025F90399029805F0BBF803993A
:10EFB000029804F07DFF0398ADF82600FFE7BDF945
:10EFC00026000AB080BD000081B0009000998868DA
:10EFD0004FF6C072C5F6FF721040886001B07047EE
:10EFE00081B0009048F2C801C4F20221086840F0E4
:10EFF0000100086001B0704781B000900099D1F81D
:10F00000C80040F00100C1F8C80001B0704700001E
:10F0100081B000900098806840F080504FF6C07139
:10F02000C7F6FF7108400099886001B07047000082
:10F0300081B000900098806800F0E07001B07047E7
:10F0400083B0029001910298019900EB8100603039
:10F0500000900098006800F0F84003B0704700008E
:10F0600081B0009000988068C0F3C00001B0704784
:10F0700081B0009000988068C0F3407001B0704784
:10F0800081B000900098806800F0010001B07047E6
:10F0900081B0009000988068C0F3007001B07047A4
:10F0A00081B0009000988068C0F3800001B0704784
:10F0B00084B00390029101920398029901F4407187
:10F0C00000EB91103030009000980068029901F038
:10F0D0001F021F21914088430199C1F3846191402F
:10F0E00008430099086004B07047000084B00390A2
:10F0F000029101920398029901F0007100EBD15046
:10F1000014300090009800680299C1F3045207215E
:10F11000914088430199914008430099086004B0E8
:10F120007047000083B00290019100920298D0F8DD
:10F13000B00001996FF31F518843009A02F0180341
:10F140004FF6FF72C0F20F02DA40114008440299F4
:10F15000C1F8B00003B0704782B0019000910198EF
:10F16000806820F47C10009908430199886002B0FF
:10F170007047000082B0019000910198806820F0F3
:10F18000E070009908430199886002B07047000060
:10F1900085B004900391029201930498039900EBC7
:10F1A000810060300090009800684FF20001C0F2CA
:10F1B000FF310140029800F0F840019A10430843E3
:10F1C00040F000400099086005B0704784B003909B
:10F1D000029101920398029900EB81006030009047
:10F1E0000098006820F000700199084300990860B9
:10F1F00004B0704784B00390029101920398029981
:10F2000000EB8100603000900098006820F0807072
:10F21000019908430099086004B0704784B00390D6
:10F22000029101920398029900EB810060300090F6
:10F230000098006820F00040019908430099086098
:10F2400004B0704782B0019000910198406920F0AD
:10F250000040009908430199486102B070470000DE
:10F2600080B586B0ADF8160000208DF8150004902A
:10F2700003900290019040F24A70C2F200000078C0
:10F2800008B9FFE721E140F24A71C2F20001002013
:10F29000087040F24C30C2F200000DF1150103F08D
:10F2A000A5FC08B1FFE710E19DF81500C00738B9CB
:10F2B000FFE79DF815004008C00708B9FFE704E123
:10F2C00040F24C30C2F2000001A903F081FD08B108
:10F2D000FFE7FAE09DF81500C007002800F0DE8087
:10F2E000FFE7029840F23471C2F200010860019811
:10F2F00040F66061C2F20001086040F66E50C2F252
:10F300000000007800284BD1FFE740F23C61C2F2D8
:10F3100000010020086040F2D161C2F200010870D3
:10F32000F6F792F940F20C71C2F200010968401A36
:10F33000B0F57A7F33D3FFE740F66060C2F2000099
:10F3400090ED001A40F66460C2F2000090ED000AF1
:10F3500030EE010A80ED000A40F66C50C2F2000067
:10F360000188013101800088282817D3FFE740F683
:10F370006460C2F2000090ED000A9FED581A80EE22
:10F38000010A40F20040C2F2000080ED000A40F69F
:10F390006E51C2F2000101200870FFE7FFE77CE038
:10F3A00040F2D960C2F20000007858B3FFE740F2A3
:10F3B000D860C2F20000007820B3FFE7F6F744F906
:10F3C00040F2D461C2F200010968401A40F6B83137
:10F3D000884217D3FFE740F66060C2F2000090ED6C
:10F3E000000A40F20040C2F2000090ED001A30EE38
:10F3F000410A9FED372A20EE020A30EE010A80ED25
:10F40000000AFFE740F20040C2F2000090ED000A5F
:10F41000B5EE400AF1EE10FA2BDDFFE740F6606032
:10F42000C2F2000090ED000AB5EE400AF1EE10FACB
:10F430001FDDFFE740F66060C2F2000090ED000AB9
:10F4400040F20040C2F2000090ED001A80EE010A86
:10F45000DFED200A06F08EF8B0EE401AB7EE000A93
:10F4600030EE410A9FED1C1A20EE010A8DED000AD4
:10F4700002E000200090FFE79DED000A02F094FFFB
:10F4800040F23C60C2F2000080ED000A40F2D1611F
:10F49000C2F2000101200870FFE7FFE79DF81500A8
:10F4A0004008C00770B1FFE7BDF8100040F23871A6
:10F4B000C2F200010880039840F6E861C2F2000140
:10F4C0000860FFE702F00AFDFFE706B080BD00BF5D
:10F4D0003D7FDA3AB1DC423E002A2D47000020424F
:10F4E00080B588B0002002908DF81D008DF81C00BA
:10F4F000ADF81A008DF81800ADF816008DF815005B
:10F500008DF814008DF8130004F00AF940F24C3025
:10F51000C2F200000DF11D0103F0C2FC03909DF842
:10F520001D0040F6F061C2F200010870039840B976
:10F53000FFE740F6F060C2F200000078B42805D082
:10F54000FFE74FF6FF70ADF81E00F0E040F24C30E0
:10F55000C2F20000012103F0B7FC0390039828B128
:10F56000FFE74FF6FF70ADF81E00E0E040F24C30D0
:10F57000C2F20000022103F0A7FC0390039828B117
:10F58000FFE74FF6FF70ADF81E00D0E040F24C30C0
:10F59000C2F20000002103F097FC0390039828B109
:10F5A000FFE74FF6FF70ADF81E00C0E000208DF8B9
:10F5B0001A008DF81B008DF81C0040F24C30C2F28E
:10F5C00000000DF11A0103F095FB0390039828B198
:10F5D000FFE74FF6FF70ADF81E00A8E003208DF89E
:10F5E000160002208DF8170001208DF8180040F257
:10F5F0004C30C2F200000DF1160103F00FFE039033
:10F60000039828B1FFE74FF6FF70ADF81E008EE0BB
:10F6100040F24C30C2F200000DF1150103F058FE2B
:10F620000390039828B1FFE74FF6FF70ADF81E0076
:10F630007DE09DF8150040F001008DF8150040F2C6
:10F640004C30C2F200000DF1150103F09DFE039055
:10F65000039828B1FFE74FF6FF70ADF81E0066E093
:10F6600040F24C30C2F2000005A903F015FD0390F2
:10F67000039828B1FFE74FF6FF70ADF81E0056E083
:10F680009DF8140040F002008DF814009DF814005D
:10F6900000F0FB008DF8140040F24C30C2F2000084
:10F6A00005A903F04BFD0390039828B1FFE74FF63F
:10F6B000FF70ADF81E003AE040F24C30C2F200009C
:10F6C0000DF1130103F0D0FE0390039828B1FFE77A
:10F6D0004FF6FF70ADF81E0029E09DF8130040F0D2
:10F6E00001008DF8130040F24C30C2F200000DF121
:10F6F000130103F0FBFE0390039828B1FFE74FF6D8
:10F70000FF70ADF81E0012E040F24A71C2F2000133
:10F71000002001900870F5F797FF0146019840F22C
:10F720000C72C2F200021160ADF81E00FFE7BDF9D5
:10F730001E0008B080BD000080B58AB00021009195
:10F740000991089107910691059104910391029105
:10F7500040F28470C2F20000019048F20002C4F24C
:10F76000022202604FF4002242608160C1600161A8
:10F7700004224261017641760122C26180F82010A4
:10F780008162C16280F834100163816380F83C10AB
:10F79000F3F722FE18B1FFE7F3F7C0F8FFE7022006
:10F7A000C0F23040029006200390002004907F2198
:10F7B000059104210691079040F28470C2F2000086
:10F7C00002A9F3F7E9F918B1FFE7F3F7A7F8FFE7A4
:10F7D0000AB080BD80B58AB00021009109910891DE
:10F7E00007910691059104910391029140F2EC700A
:10F7F000C2F20000019048F20012C4F2022202603C
:10F800004FF4002242608160C160016104224261C4
:10F81000017641760122C26180F820108162C162C6
:10F8200080F834100163816380F83C10F3F7D4FD55
:10F8300018B1FFE7F3F772F8FFE748F20000C3F6EC
:10F84000F060029006200390002004907F21059133
:10F8500004210691079040F2EC70C2F2000002A968
:10F86000F3F79AF918B1FFE7F3F758F8FFE70AB092
:10F8700080BD000080B540F6CC00C2F2000043F22B
:10F880000001C4F202010160002101714171416176
:10F89000816101210162F4F725F818B1FFE7F3F760
:10F8A0003DF8FFE780BD000080B582B040F6F00073
:10F8B000C2F2000001904AF20041C4F2000101606E
:10F8C000002141604FF440728260C1600174417454
:10F8D000817405234361062282614FF00E0CC0F84B
:10F8E0001CC003620123436282621223C36202636B
:10F8F0000A2242638163C163F5F7E0F918B1FFE7BB
:10F90000F3F70CF8FFE702B080BD000080B582B0CD
:10F9100040F65410C2F2000000904AF60001C4F212
:10F92000000101600021019141608160C1600174AA
:10F93000417481741022426101228261C2610262BB
:10F9400042628262C262026341638163C163F5F70E
:10F95000B5F918B1FFE7F2F7E1FFFFE702B080BDAC
:10F9600080B582B0FFE740F68840C4F202400168EB
:10F9700041F001010160006800F001000190019870
:10F98000FFE71D20009000221146F5F765FF009863
:10F99000F5F758FF02B080BD80B59CB000201B90E9
:10F9A0001A90199018901790FFE740F68C40C4F217
:10F9B0000240016841F010010160006800F0100091
:10F9C00016901698FFE7FFE740F68C40C4F202401D
:10F9D000016841F004010160006800F00400159026
:10F9E0001598FFE7FFE740F68C40C4F2024001683B
:10F9F00041F080010160006800F0800014901498CC
:10FA0000FFE7FFE740F68C40C4F20240016841F096
:10FA100001010160006800F0010013901398FFE7F6
:10FA2000FFE740F68C40C4F20240016841F0020159
:10FA30000160006800F0020012901298FFE7FFE7F3
:10FA400040F68C40C4F20240016841F008010160B8
:10FA5000006800F0080011901198FFE741F20000E3
:10FA6000C4F2022002904CF20801019100220F9290
:10FA7000F5F7D4FD0F9A40F60000C4F202200A9078
:10FA800030210391F5F7CAFD0F9A40F20040C4F20D
:10FA90000220069095210491F5F7C0FD06984FF4D9
:10FAA0008051059101220B92F5F7B8FD0F9A40F6AF
:10FAB0000040C4F2022008904FF400410791F5F78E
:10FAC000ADFD0F9A0020C4F202200C904FF480711B
:10FAD0000991F5F7A3FD07990B9A0C98F5F79EFD90
:10FAE000019B02980B9A0F991793189219911A91EA
:10FAF00017A90D91F5F704FC02980D990F9A1023A0
:10FB000017930023C1F2210318931992F5F7F8FB1C
:10FB1000DDF80CC00A980B9B0D990F9ACDF85CC0CC
:10FB2000189319921A92F5F7EBFBDDF810C00698BE
:10FB30000B9B0D990F9ACDF85CC0189319921A92ED
:10FB4000F5F7DEFBDDF814C006980B9B0D990F9AB4
:10FB5000CDF85CC01893199202220E921A92F5F712
:10FB6000CFFBDDF81CC008980B9B0D990F9ACDF8C0
:10FB70005CC0189319921A92F5F7C2FB099B0A9878
:10FB80000D990F9A179318921992F5F7B9FB0B9BE1
:10FB90000C980D990F9A4FF4014CCDF85CC0189356
:10FBA00019921A92F5F7ACFB0E990F9A0F2010904C
:10FBB000F5F752FE1098F5F745FE1CB080BD000029
:10FBC00080B50020F5F746FD18B1FFE7F2F7A6FE75
:10FBD000FFE7F5F75FFD18B1FFE7F2F79FFEFFE7DC
:10FBE00080BD000080B582B040F6B810C2F20000BF
:10FBF000009043F20001C4F2010101604FF4800162
:10FC000041600021019181600722C2604FF00073C2
:10FC100003614FF0807343614FF0806383614FF065
:10FC20004053C361016241628162C2624163816388
:10FC3000C1638164C164016541658165C165016617
:10FC4000FBF746FD18B1FFE7F2F768FEFFE702B0E9
:10FC500080BD000080B582B040F64820C2F20000AE
:10FC6000009043F60001C4F2000101604FF48001EE
:10FC700041600021019181600722C2604FF0007352
:10FC800003614FF0807343614FF0806383614FF0F5
:10FC90004053C361016241628162C2624163816318
:10FCA000C1638164C164016541658165C1650166A7
:10FCB000FBF70EFD18B1FFE7F2F730FEFFE702B0E9
:10FCC00080BD000080B582B040F6D820C2F20000AE
:10FCD000009043F60041C4F2000101604FF480013E
:10FCE00041600021019181600722C2604FF00073E2
:10FCF00003614FF0807343614FF0806383614FF085
:10FD00004053C361016241628162C26241638163A7
:10FD1000C1638164C164016541658165C165016636
:10FD2000FBF7D6FC18B1FFE7F2F7F8FDFFE702B0EA
:10FD300080BD000080B582B040F66830C2F200009D
:10FD4000009044F60041C4F2010101604FF48001CB
:10FD500041600021019181600722C2604FF0007371
:10FD600003614FF0807343614FF0806383614FF014
:10FD70004053C361016241628162C2624163816337
:10FD8000C1638164C164016541658165C1650166C6
:10FD9000FBF79EFC18B1FFE7F2F7C0FDFFE702B0EA
:10FDA00080BD000080B584B00021039102910191D3
:10FDB00040F6F830C2F2000041F20042C4F2000204
:10FDC0000260F9224260816040F2E732C2608161E4
:10FDD000FDF784FA18B1FFE7F2F7A0FDFFE7002076
:10FDE0000190039040F6F830C2F2000001A9FDF73F
:10FDF00067F918B1FFE7F2F791FDFFE704B080BDA6
:10FE000080B582B040F64440C2F20000009043F654
:10FE10000001C4F2010101604FF461314160002131
:10FE200001918160C16001610C2242618161C16107
:10FE3000016241628162FEF7C1F818B1FFE7F2F793
:10FE40006DFDFFE740F64440C2F200000021FDF7DF
:10FE5000C1FD18B1FFE7F2F761FDFFE740F644404E
:10FE6000C2F200000021FDF76FFD18B1FFE7F2F7C5
:10FE700055FDFFE740F64440C2F20000FDF71CFDCF
:10FE800018B1FFE7F2F74AFDFFE702B080BD0000BE
:10FE900080B582B040F6D840C2F20000009046F231
:10FEA0000041C4F2000101604FF41651416000218D
:10FEB00001918160C16001610C2242618161C16177
:10FEC000016241628162FEF779F818B1FFE7F2F74B
:10FED00025FDFFE740F6D840C2F200000021FDF703
:10FEE00079FD18B1FFE7F2F719FDFFE740F6D840BA
:10FEF000C2F200000021FDF727FD18B1FFE7F2F77D
:10FF00000DFDFFE740F6D840C2F20000FDF7D4FC3B
:10FF100018B1FFE7F2F702FDFFE702B080BD000075
:10FF2000FFE7FEE7FFE7FEE788B00790069105923E
:10FF3000079800F0070004900498C0F10700052816
:10FF400003D3FFE70420019004E00498C0F1070008
:10FF50000190FFE70198039004980430062803D825
:10FF6000FFE70020009003E0049803380090FFE7CB
:10FF70000098029006980399012202FA01F10139D2
:10FF80000840029B984005999A40013A1140084365
:10FF900008B0704787B08DED060ACDED050A8DEDEE
:10FFA000041ACDED031A9DED050A9DED031A30EEFE
:10FFB000010A8DED020A9DED030A9DED021A80EE05
:10FFC000010A8DED010A9DED050A9DED021A80EEF4
:10FFD000010A8DED000A9DED010A9DED062A9DEDB9
:10FFE000001A9DED043A21EE031A20EE020A30EECB
:10FFF000010A07B0704700007047000080B5C4B028
:020000040801F1
:1000000002A801904FF48471F0F788F90198042157
:1000100003910021C4F220010291032104910221E5
:100020000591102206920791089109910C210A91DD
:1000300000210B910C914FF400310D914FF40071A0
:1000400031913D91F8F7C8FD18B1FFE7F2F766FC72
:10005000FFE744B080BD000080B58EB002A80190DB
:100060002C21F0F75BF9019940F6F000C2F2000094
:10007000F4F750FB20B1FFE76FF005000D904BE067
:1000800040F61460C2F20000007830B9FFE707982C
:1000900018B9FFE700200D903EE040F61461C2F26F
:1000A00000010020087040F6F000C2F20000F5F7F1
:1000B00051F850B1FFE740F61461C2F2000101208F
:1000C00008706FF005000D9026E040F6F000C2F2D7
:1000D0000000F5F719F850B1FFE740F61461C2F2DD
:1000E0000001012008706FF005000D9014E040F64B
:1000F000F000C2F2000004F0FBF850B1FFE740F658
:100100001461C2F20001012008706FF005000D902B
:1001100002E000200D90FFE70D980EB080BD0000BA
:1001200080B58AB00020049009900890079006904E
:100130000590069002210091079108904FF400501D
:10014000059040F60000C4F20220019005A9039139
:10015000F5F7D6F8009A019803990592F5F7D0F8CB
:100160000399012005900020C4F202200290F5F7C7
:10017000C7F80298039904220592F5F7C1F804988C
:100180000AB080BD80B584B0029000208DF80700D1
:10019000029820B9FFE76FF00100039049E040F6B4
:1001A0000000C4F202204FF40051F5F71FFA0128B5
:1001B00007D1FFE79DF8070040F001008DF8070028
:1001C000FFE740F60000C4F202200221F5F70EFA24
:1001D000012807D1FFE79DF8070040F002008DF8E5
:1001E0000700FFE70020C4F202200121F5F7FEF925
:1001F000012807D1FFE79DF8070040F004008DF8C3
:100200000700FFE70020C4F202200421F5F7EEF911
:10021000012807D1FFE79DF8070040F008008DF89E
:100220000700FFE79DF8070002990870002003907F
:10023000FFE7039804B080BD80B584B0029040F61B
:100240000041C4F20241086820F080600860F5F7C0
:10025000FBF90190FFE740F60040C4F2024000685D
:1002600000F000610020B0EBD16F0CD0FFE7F5F794
:10027000EBF90199401A032804D3FFE703208DF816
:100280000F008BE0E7E7FFE740F62C41C4F20241A4
:10029000086843F603729043029B1A685B6842EA5F
:1002A00003221043086002998868D1F80CC00B69DA
:1002B0004A6901386FF35F204FF60061CFF6FF7196
:1002C00001EB4C2189B208440021CFF6FF7101EB0C
:1002D000034101F4FE0108444FF07F4101EB02614C
:1002E00001F0FE41084440F63C41C4F2024108607E
:1002F000FFE740F62C41C4F202410091086820F06B
:100300000C00029A926910430860086820F02000EF
:10031000029AD269104308600298426A0868104342
:100320000860086820F01000086040F64042C4F2FF
:10033000024210684FF6F8739843029B1B6A40EA2A
:10034000C3001060086840F01000086040F60041EB
:10035000C4F20241086840F080600860F5F774F963
:100360000190FFE740F60040C4F20240006800F050
:1003700000610020B0EBD16F0CD1FFE7F5F764F915
:100380000199401A032804D3FFE703208DF80F00DA
:1003900004E0E7E700208DF80F00FFE79DF80F006D
:1003A00004B080BD80B584B0029040F60041C4F234
:1003B0000241086820F080500860F5F745F9019087
:1003C000FFE740F60040C4F20240006800F0005130
:1003D0000020B0EB517F0CD0FFE7F5F735F901991C
:1003E000401A032804D3FFE703208DF80F008BE0A9
:1003F000E7E7FFE740F63041C4F20241086843F600
:1004000003729043029B1A685B6842EA032210431E
:10041000086002998868D1F80CC00B694A690138F4
:100420006FF35F204FF60061CFF6FF7101EB4C21B7
:1004300089B208440021CFF6FF7101EB034101F4BA
:10044000FE0108444FF07F4101EB026101F0FE41E3
:10045000084440F64441C4F202410860FFE740F618
:100460003041C4F202410091086820F00C00029A69
:10047000926910430860086820F02000029AD2694F
:10048000104308600298426A0868104308600868D0
:1004900020F01000086040F64842C4F202421068A2
:1004A0004FF6F8739843029B1B6A40EAC300106042
:1004B000086840F01000086040F60041C4F20241B4
:1004C000086840F080500860F5F7BEF80190FFE73B
:1004D00040F60040C4F20240006800F000510020E5
:1004E000B0EB517F0CD1FFE7F5F7AEF80199401A58
:1004F000032804D3FFE703208DF80F0004E0E7E7AB
:1005000000208DF80F00FFE79DF80F0004B080BDBC
:1005100080B588B007908DED060A8DF817109DF80C
:10052000171040F24870C2F20000405C08B1FFE7CB
:1005300077E19DED060A9FEDBC1A20EE010A8DEDD4
:10054000040A9DED040AB7EE001AB4EE410AF1EE7A
:1005500010FA04DDFFE74FF07E500490FFE7002023
:1005600003900290FFE7029802285BDCFFE79DF80A
:10057000171040F24C50C2F20000405C88B9FFE70F
:100580000798029A50F822009DF8171001EB4103DA
:1005900040F21451C2F2000101EB830141F8220044
:1005A000FFE79DED040A0798029A00EB820090EDA8
:1005B000002A9DF8170000EB400140F21450C2F2EF
:1005C000000000EB810101EB820191ED001A32EE97
:1005D000412A20EE020A30EE010A81ED000A079A54
:1005E000029902EB810292ED000A9DF8172002EBBE
:1005F000420200EB820000EB810090ED001A30EE29
:10060000410A8DED010A9DED010A9DED031A20EED0
:10061000000A30EE010A8DED030AFFE7029801306F
:100620000290A0E79DF8172040F24C51C2F2000161
:10063000012088549DED030A05F096FB8DED000A1C
:100640009DED000AB6EE001AB4EE410AF1EE10FA82
:100650002ADDFFE79DF8172040F24451C2F2000165
:10066000002041F822009DF8172040F24E51C2F2BE
:10067000000121F812009DF8171001EB410240F231
:100680002C51C2F2000101EB820290609DF817200C
:1006900002EB420201EB820250609DF8172002EB50
:1006A000420241F8220014E09DED060A9DF8171061
:1006B00040F24450C2F2000000EB810090ED001ABD
:1006C0009FED5A2A20EE020A30EE010A80ED000A60
:1006D000FFE79DF8171040F24450C2F2000000EB13
:1006E000810090ED000A9FED521AB4EE410AF1EE3E
:1006F00010FAC0F29680FFE7079890ED001A9DF877
:10070000170000EB400140F22C50C2F2000000EB59
:10071000810191ED000A30EE010A81ED000A07998E
:1007200091ED011A9DF8171001EB410100EB8101D9
:1007300091ED010A30EE010A81ED010A079991ED70
:10074000021A9DF8171001EB410100EB810090EDBA
:10075000020A30EE010A80ED020A9DF8172040F2ED
:100760004E50C2F2000030F81210013120F8121081
:100770009DF8171030F81100642851DBFFE79DF851
:10078000170000EB400140F22C5CC2F2000C0CEBB5
:10079000810292ED000A40F24E52C2F2000232F89B
:1007A000100001EE100AB8EEC11A80EE010A40F204
:1007B0006C70C2F2000000EB810181ED000A9DF82F
:1007C000173003EB43010CEB810E9EED010A32F86A
:1007D000133001EE103AB8EEC11A80EE010A00EBB8
:1007E000810181ED010A9DF8173003EB43010CEB09
:1007F000810C9CED020A32F8132001EE102AB8EEAB
:10080000C11A80EE010A00EB810080ED020A9DF81A
:10081000172040F24871C2F2000101208854FFE71E
:10082000FFE708B080BD00BFDA0F494100007A44FD
:100830000000484382B00190019800684069009030
:1008400001980168886940F0080088610198016892
:10085000886940F01000886101980168086820F0FC
:100860000100086001980168086940F26F32904306
:10087000086101980168886820F440408860019808
:1008800090F88900042815D0FFE79DF80000800645
:1008900000280ED5FFE70199D1F88C0040F08000C8
:1008A000C1F88C0001980168886940F020008861D7
:1008B000FFE7FFE7019890F88900032815D0FFE7CC
:1008C0009DF80000400600280ED5FFE70199D1F8F9
:1008D0008C0040F00400C1F88C0001980168886920
:1008E00040F040008861FFE7FFE79DF801008007C6
:1008F00000280ED5FFE70199D1F88C0040F00100E7
:10090000C1F88C0001980168886940F40070886122
:10091000FFE79DF80100C00770B1FFE70199D1F82A
:100920008C0040F00800C1F88C00019801688869CB
:1009300040F480708861FFE701990020A1F86A0007
:100940000199A1F8720002B07047000083B00290D4
:100950000298C16B012000EB511001900298C06811
:100960000130009000980730C0080090009801996D
:1009700000FB01F003B0704780B586B0DDF820C001
:10098000049003918DF80B200193FFE70498006811
:10099000406903990840401AB0FA80F040099DF878
:1009A0000B10884214D1FFE7F4F74EFE0899401A65
:1009B0000199884204D3FFE70198013018B9FFE795
:1009C000019820B9FFE703208DF8170004E0DDE768
:1009D00000208DF81700FFE79DF8170006B080BDD6
:1009E0007047000010B588B0DDF828C0069005916A
:1009F000ADF812208DF81130069848B1FFE7BDF828
:100A0000120028B1FFE79DF81100202804D3FFE76A
:100A100000208DF81F0030E004F02AF903900398BD
:100A200020B9FFE700208DF81F0026E00398069903
:100A3000059ABDF812309DF811C0EE460224CEF89A
:100A40000440CEF800C004F045F9039804F0A6F87D
:100A5000012807D0FFE70399002081F821008DF8D5
:100A60001F000AE00A9820B1FFE703980A9908607E
:100A7000FFE701208DF81F00FFE79DF81F0008B079
:100A800010BD000080B584B000F0AAF840F28040AC
:100A9000C2F20000694608604EF66900C0F6000028
:100AA00046F2E511C0F601010A220323FFF79AFF7F
:100AB00040F25250C2F20000007898B1FFE740F2D5
:100AC0007C40C2F20000694608604EF2E160C0F668
:100AD000000046F2DC11C0F601010A220323FFF7F1
:100AE00081FFFFE740F28440C2F2000069460860DF
:100AF0004EF61D50C0F6000046F2F711C0F6010197
:100B00000A2203920423FFF76DFF40F23440C2F241
:100B10000000694608604FF26120C0F6000046F20E
:100B20001321C0F60101012201920523FFF75AFFAC
:100B3000019A40F25040C2F200006946086040F25B
:100B4000E140C0F6000046F2F111C0F601011523A4
:100B50000293FFF747FF019A029B40F2C450C2F292
:100B600000006946086040F63100C0F6000046F219
:100B70000121C0F60101FFF735FF029B40F20C5046
:100B8000C2F200006946086040F21960C0F6000039
:100B900046F2ED11C0F601014FF47A72FFF722FF21
:100BA000039A40F21050C2F200006946086040F219
:100BB0006570C0F6000046F21D21C0F60101162343
:100BC000FFF710FF012808D0FFE740F68861C2F266
:100BD0000001886A01308862FFE704B080BD000030
:100BE00080B582B040F66861C2F200010020086062
:100BF0008DF80700FFE79DF80700132826D8FFE7C8
:100C00009DF8070000EB400140F6F860C2F20000DA
:100C1000009000EB01103021EFF780FB00999DF868
:100C2000070000EB400001EB0012002082F82100D9
:100C30009DF8072002EB420201EB02114862FFE738
:100C40009DF8070001308DF80700D4E702B080BDA1
:100C500080B586B040F66860C2F20000006805907A
:100C6000F1F794FF0490FFE70598002845D0FFE7CF
:100C7000049805998969401A039003980599898A0F
:100C8000884236D3FFE7049805990022CA6188613B
:100C90000598006860B3FFE74EF21800CEF200003E
:100CA00000900068029005980168808A8847009843
:100CB0000068019001980299884208D3FFE70298E2
:100CC0004DF29001C0F2030108440290FFE7029840
:100CD0000199401A00EE100AB8EE400A9FED081A7A
:100CE00020EE010A0598BCEEC00A80ED0A0AFFE773
:100CF000FFE70598406A0590B6E706B080BD00BFE3
:100D00006F12833B80B5F4F7CFFC80BD80B58CB00B
:100D1000FF208DF82A0000200990EFF79DFC58B1C4
:100D2000FFE740F68861C2F20001486A013048627C
:100D30004FF0FF300B9028E140F25441C2F2000125
:100D4000049100200390C1F803000860012106917E
:100D50000722059204F008F8039B049A059984463B
:100D60000698C2F800C0137150719171F1F730FD0F
:100D700040B1FFE740F68861C2F20001C86A013065
:100D8000C862FFE70120F1F715FD40B1FFE740F62B
:100D90008861C2F20001C86A0130C862FFE7012021
:100DA000F1F724FD40B1FFE740F68861C2F200018F
:100DB000C86A0130C862FFE76420F3F751FA0020E7
:100DC0008DF81F00FDF76CFCFEF73EF88DF81F0054
:100DD0009DF91F0068B9FFE740F25251C2F20001CD
:100DE0000020087040F6E061C2F2000101200870A6
:100DF00019E09DF91F0001280CD1FFE740F2525184
:100E0000C2F200010120087040F6E061C2F2000168
:100E1000087007E040F68861C2F20001886801307E
:100E20008860FFE7FFE7FEF75BFB40B1FFE740F6B6
:100E30008861C2F20001C8680130C86006E040F66F
:100E4000E061C2F2000101204870FFE740F60000B7
:100E5000C4F20220202101220292F4F7DFFB029A61
:100E600040F20040C4F202201146F4F7D7FB01F033
:100E7000C1F940B1FFE740F68861C2F2000108699C
:100E80000130086106E040F6E061C2F20001012095
:100E90008870FFE7EFF7F6FA40B1FFE740F68861A8
:100EA000C2F20001486801304860FFE7EFF750FCEC
:100EB00058B1FFE740F68861C2F20001486A01308C
:100EC00048624FF0FF300B905FE0FFF7DBFD40F62C
:100ED000B830F3F7C5F940F6F830C2F20000FCF77D
:100EE00079FA6420EFF7A0FA40B1FFE740F6886195
:100EF000C2F20001886C01308864FFE7F4F7A4FBBC
:100F00000890FFE740F6E060C2F20000417900205F
:100F1000019059B9FFE7F4F797FB0899411A0020AF
:100F2000B1F57A7F38BF01200190FFE70198C00733
:100F300020B1FFE70120F3F793F9E3E740F6E06023
:100F4000C2F200004079B8B1FFE70220F3F788F958
:100F500000F0E2FF40F26850C2F200000078EFF7C4
:100F600041FC40B1FFE740F68861C2F20001486BE6
:100F700001304863FFE7FFE740F6E061C2F200019D
:100F80000120887100200B90FFE70B980CB080BD0A
:100F900080B59CB008A85021EFF7C0F90020079059
:100FA00006900590049003900290FFE740F6100031
:100FB000C4F20240016841F030010160006800F0B5
:100FC000300001900198FFE7FFE740F61400C4F2FB
:100FD0000240006800F00800082801D0FFE7F4E7AD
:100FE000012008904FF480300990022012900321D4
:100FF000139114902821159116900421179118909F
:101000000C20199000201A901B9008A8F9F762FE96
:1010100018B1FFE7F1F782FCFFE71F2002900320E1
:1010200003900020049005900690079002A80521E7
:10103000F9F74AFA18B1FFE7F1F770FCFFE742F25F
:101040000001C4F202010868022262F30510086080
:101050001CB080BD82B04EF68851CEF20001086807
:1010600040F47000086040F60042C4F202420120E1
:10107000106040F61C41C4F202410020009008605C
:1010800040F62041C4F20241086011684EF6E323A5
:10109000CEF6E2231940116040F62841C4F2024125
:1010A000086040F62C41C4F20241086040F630412D
:1010B000C4F20241086040F63443C4F2024340F2F5
:1010C0008021C0F20111196040F63843C4F2024396
:1010D000186040F63C43C4F20243196040F64043B6
:1010E000C4F20243186040F64443C4F2024319605C
:1010F00040F64841C4F202410860116821F48021A1
:10110000116040F65041C4F2024108604EF60851A9
:10111000CEF200014FF00060086042F21800C4F205
:101120000200006800F0604001900198B0F1604F4B
:1011300005D0FFE70198B0F1404F24D1FFE742F21C
:101140001C00C4F202000068C00778B1FFE742F259
:101150000C01C4F2020142F63B20C0F619000860FF
:1011600046F67F60C4F65D400860FFE742F21C016E
:10117000C4F20201086840F002000860086840F00C
:1011800001000860FFE702B07047000080B540F63C
:10119000F830C2F20000FCF7EBF980BD83B002909A
:1011A0000191029800680090029842F60041C4F252
:1011B0000101884252D0FFE7029842F60041C5F291
:1011C000010188424AD0FFE70298B0F1804F45D034
:1011D000FFE70298B0F1A04F40D0FFE7029840F23D
:1011E0000041C4F20001884238D0FFE7029840F283
:1011F0000041C5F20001884230D0FFE7029840F676
:101200000001C4F20001884228D0FFE7029840F6AE
:101210000001C5F20001884220D0FFE7029840F6A5
:101220000041C4F20001884218D0FFE7029840F65E
:101230000041C5F20001884210D0FFE7029843F256
:101240000041C4F20101884208D0FFE7029843F24E
:101250000041C5F2010188420AD1FFE7009820F061
:101260007000009001984168009808430090FFE7E3
:10127000029842F60041C4F20101884200F0BA80AF
:10128000FFE7029842F60041C5F20101884200F0F2
:10129000B180FFE70298B0F1804F00F0AB80FFE72C
:1012A0000298B0F1A04F00F0A580FFE7029840F24D
:1012B0000041C4F20001884200F09C80FFE70298E0
:1012C00040F20041C5F20001884200F09380FFE740
:1012D000029840F60001C4F20001884200F08A80C2
:1012E000FFE7029840F60001C5F20001884200F0D5
:1012F0008180FFE7029840F60041C4F20001884275
:1013000078D0FFE7029840F60041C5F2000188421C
:1013100070D0FFE7029843F20041C4F20101884215
:1013200068D0FFE7029843F20041C5F2010188420C
:1013300060D0FFE7029841F60001C4F20001884244
:1013400058D0FFE7029841F60001C5F2000188423B
:1013500050D0FFE7029841F60041C4F200018842F4
:1013600048D0FFE7029841F60041C5F200018842EB
:1013700040D0FFE7029842F20001C4F20001884227
:1013800038D0FFE7029842F20001C5F2000188421E
:1013900030D0FFE7029844F20001C4F20101884214
:1013A00028D0FFE7029844F20001C5F2010188420B
:1013B00020D0FFE7029844F20041C4F201018842C4
:1013C00018D0FFE7029844F20041C5F201018842BB
:1013D00010D0FFE7029844F60001C4F201018842F0
:1013E00008D0FFE7029844F60001C5F201018842E7
:1013F0000AD1FFE7009820F4407000900198C1687E
:10140000009808430090FFE7009820F080000199C1
:101410004969084300900098029908600198806823
:101420000299C8620198006802998862029842F69F
:101430000041C4F20101884248D0FFE7029842F619
:101440000041C5F20101884240D0FFE7029843F213
:101450000041C4F20101884238D0FFE7029843F20C
:101460000041C5F20101884230D0FFE7029844F202
:101470000001C4F20101884228D0FFE7029844F23B
:101480000001C5F20101884220D0FFE7029844F232
:101490000041C4F20101884218D0FFE7029844F2EB
:1014A0000041C5F20101884210D0FFE7029844F6DE
:1014B0000001C4F20101884208D0FFE7029844F617
:1014C0000001C5F20101884205D1FFE701980069DA
:1014D00002990863FFE702990120486102980069B8
:1014E000C00730B1FFE70299086920F001000861E8
:1014F000FFE703B07047000082B001900198406E92
:1015000040B9FFE701990120A1F86A000199A1F80B
:10151000680034E008208DF803008DF8020001987F
:1015200000688068C0F342608DF80100019800688F
:101530008068400F8DF800009DF802009DF80020A3
:1015400046F2A413C0F60103995C00FB01F046F2D9
:101550009C11C0F601018A5CB0FBF2F0019AA2F87E
:101560006A009DF803009DF801209B5C00FB03F0DE
:10157000895CB0FBF1F00199A1F86800FFE702B0C7
:101580007047000081B00090009890F82800000794
:1015900000280BD5FFE700980068406820F4004061
:1015A000009A1168926B10434860FFE7009890F82A
:1015B0002800C00758B1FFE700980068406820F491
:1015C0000030009A1168D26A10434860FFE7009823
:1015D00090F82800800700280BD5FFE700980068E6
:1015E000406820F48030009A1168126B1043486004
:1015F000FFE7009890F82800400700280BD5FFE788
:1016000000980068406820F48020009A1168526BAE
:1016100010434860FFE7009890F82800C0060028B3
:101620000BD5FFE700980068806820F48050009A8E
:101630001168D26B10438860FFE7009890F828008B
:10164000800600280BD5FFE700980068806820F42A
:101650000050009A1168126C10438860FFE70098F0
:1016600090F82800400600281CD5FFE70098006885
:10167000406820F48010009A1168526C1043486052
:101680000098406CB0F5801F0BD1FFE70098006810
:10169000406820F4C000009A1168926C10434860C2
:1016A000FFE7FFE7009890F82800000600280BD518
:1016B000FFE700980068406820F40020009A116855
:1016C000D26C10434860FFE701B0704780B588B026
:1016D000069006990020C1F89000F3F7B5FF059039
:1016E000069800680068000700282FD5FFE70698D5
:1016F000059B6A466FF07E4111604FF40011002295
:1017000000F016FB08B3FFE7FFE7FFE70698006865
:1017100050E8000F20F080000490FFE7049906983D
:10172000026842E800100028F0D1FFE7FFE70699C1
:101730002020C1F88800FFE70699002081F8840086
:10174000FFE703208DF81F005FE0FFE706980068C1
:1017500000684007002842D5FFE70698059B6A46C7
:101760006FF07E4111604FF48001002200F0E0FA3A
:10177000A0B3FFE7FFE7FFE70698006850E8000F17
:1017800020F490700390FFE703990698026842E8FE
:1017900000100028F0D1FFE7FFE7FFE7FFE706981A
:1017A000006850E8020F20F001000290FFE7029964
:1017B0000698026842E802100028F0D1FFE7FFE730
:1017C00006992020C1F88C00FFE70699002081F8D7
:1017D0008400FFE703208DF81F0016E0FFE706995D
:1017E0002020C1F888000699C1F88C0006990020D5
:1017F000C86606990867FFE70699002081F884000B
:10180000FFE700208DF81F00FFE79DF81F0008B0DC
:1018100080BD000080B582B001900198C06D00903D
:1018200000990020A1F85E000098FCF721F902B0B1
:1018300080BD000084B00390FFE7FFE703980068D5
:1018400050E8000F20F490700290FFE7029903988F
:10185000026842E800100028F0D1FFE7FFE7FFE749
:10186000FFE70398006850E8020F4FF6FE71CEF6CE
:10187000FF7108400190FFE701990398026842E870
:1018800002100028EDD1FFE7FFE70398C06E0128A2
:1018900014D1FFE7FFE7FFE70398006850E8000F67
:1018A00020F010000090FFE700990398026842E8DA
:1018B00000100028F0D1FFE7FFE7FFE703992020A1
:1018C000C1F88C0003990020C8660399486704B0EA
:1018D0007047000080B582B00190FFE7FFE70198F4
:1018E000006850E8000F20F040000090FFE70099EA
:1018F0000198026842E800100028F0D1FFE7FFE7F6
:1019000001992020C1F8880001990020886701987A
:10191000FCF738FD02B080BD80B58AB00990002088
:101920008DF813000998006842F20041C4F20041AA
:10193000884209D0FFE70998006842F20041C5F2E9
:101940000041884201D1FFE700E0FFE7099988687C
:101950000B694A69C96918431043084308900998FC
:101960000068006846F6F311CCF6FF71084008994C
:10197000084309990968086009980068406820F4DC
:101980004050099A1168D2681043486009988069EC
:1019900008900998006842F20041C4F20041884270
:1019A0000FD0FFE70998006842F20041C5F20041FC
:1019B000884206D0FFE70998016A08980843089012
:1019C000FFE70998006880684FF2FF41C1F2FF11FC
:1019D00008400899084309990968886009980068CF
:1019E000C06A20F00F00099A1168526A1043C86259
:1019F000FFE70998006843F60001C4F2010188423C
:101A000003D1FFE701200690A3E00998006844F2A3
:101A10000041C4F20001884203D1FFE70220069092
:101A200096E00998006844F60001C4F2000188427B
:101A300003D1FFE70420069089E00998006844F686
:101A40000041C4F20001884203D1FFE7082006905C
:101A50007CE00998006845F20001C4F20001884268
:101A600003D1FFE7102006906FE00998006846F266
:101A70000041C4F20001884203D1FFE72020069014
:101A800062E00998006847F60001C4F2000188424C
:101A900003D1FFE74020069055E00998006847F61B
:101AA0000041C4F20001884203D1FFE78020069084
:101AB00048E00998006848F20001C4F20001884239
:101AC00004D1FFE74FF4807006903AE0099800686F
:101AD00046F60001C4F20001884204D1FFE74FF44A
:101AE000007006902CE00998006846F60041C4F2A8
:101AF0000001884204D1FFE74FF4806006901EE0A9
:101B00000998006848F20041C4F20001884204D1FB
:101B1000FFE74FF40060069010E00998006842F279
:101B20000041C4F20041884204D1FFE74FF48050E5
:101B3000069002E000200690FFE7FFE7FFE7FFE7DF
:101B4000FFE7FFE7FFE7FFE7FFE7FFE7FFE7FFE765
:101B5000FFE7FFE70998006842F20041C4F2004144
:101B6000884209D0FFE70998006842F20041C5F2B7
:101B7000004188425CD1FFE706980021F4F7B0FBF2
:101B800002900298002852D0FFE7029809994A6A09
:101B900046F2AC11C0F6010131F81210B0FBF1F0C1
:101BA000039003980999496801EB4101884207D3E2
:101BB000FFE7039809994968B0EB013F04D9FFE7B3
:101BC00001208DF8130031E0029809994A680092CB
:101BD0004A6A46F2AC11C0F6010131F81220002326
:101BE00001931946EEF750FB009A019B090241EA66
:101BF0001061000210EB520041F10001EEF744FBCE
:101C000005900598B0F5407F0BD3FFE705990020BC
:101C1000B0EB115F05D1FFE7059809990968C86025
:101C200003E001208DF81300FFE7FFE7FFE76FE017
:101C30000998C069B0F5004F3CD1FFE70698002134
:101C4000F4F74EFB0290029898B3FFE70298099AC6
:101C50005168536A46F2AC12C0F6010232F8132002
:101C6000B0FBF2F0400000EB5100B0FBF1F005904A
:101C70000598102818D3FFE7BDF81600A0B9FFE7B4
:101C8000059820F00F00ADF81E00059800F00E0139
:101C9000BDF81E0040EA5100ADF81E00BDF81E0060
:101CA00009990968C86003E001208DF81300FFE777
:101CB000FFE72CE006980021F4F712FB029002984F
:101CC00020B3FFE70298099A5168536A46F2AC12B2
:101CD000C0F6010232F81320B0FBF2F000EB510025
:101CE000B0FBF1F00590059810280AD3FFE7BDF886
:101CF000160030B9FFE7BDF8140009990968C860FB
:101D000003E001208DF81300FFE7FFE7FFE7FFE79F
:101D100009990120A1F86A000999A1F868000999B8
:101D200000204867099988679DF813000AB080BDB4
:101D300080B586B0DDF820C0049003918DF80B20AB
:101D40000193FFE704980068C06903990840401AAE
:101D5000B0FA80F040099DF80B10884266D1FFE789
:101D600008980130002860D0FFE7F3F76DFC019977
:101D7000401A0899884203D8FFE7089820B9FFE77E
:101D800003208DF8170055E00498006800684007AC
:101D9000002849D5FFE70398802845D0FFE703983E
:101DA000402841D0FFE704980068C06900F00801AE
:101DB0000120B0EBD10F16D1FFE70498016808208D
:101DC000009008620498FFF735FD00980499C1F867
:101DD0009000FFE70499002081F88400FFE70120CC
:101DE0008DF8170026E004980068C06900F40061CF
:101DF0000120B0EBD12F16D1FFE7049801684FF412
:101E0000006008620498FFF715FD04992020C1F8CE
:101E10009000FFE70499002081F88400FFE7032089
:101E20008DF8170006E0FFE7FFE78BE700208DF84D
:101E30001700FFE79DF8170006B080BD80B540F69B
:101E40004440C2F20000FBF717FE80BD84B08DED68
:101E5000030A029001919DED030A029890ED001A89
:101E600030EE410A8DED000A9DED001A029890EDCA
:101E7000002A9FED160A21EE001A31EE021A80EDBB
:101E8000001A019890ED001A9DED002A22EE000A3A
:101E900020EE020A30EE010A9FED0D1A20EE010A33
:101EA00080ED000A019890ED000A9FED0A1AB4EE49
:101EB000410AF1EE10FA07DAFFE7019941F26F20CB
:101EC000C3F683200860FFE704B07047CDCC4C3DDB
:101ED0003333733F6F12833AFFE7FEE740F66060EB
:101EE000C2F20000006840F25851C2F200010860DE
:101EF00040F23C60C2F200000068486040F6E860D2
:101F0000C2F200000068886040F2D160C2F20000B6
:101F1000007808737047000040F24060C2F2000091
:101F2000007C40F26851C2F2000108707047000066
:101F300080B584B040F2C850C2F20000EFF794F8C8
:101F4000CDED031A8DED021ACDED010A8DED000ADB
:101F500040F2C840C2F20000C26840F22001C2F262
:101F600000010A6002694A6042698A600268CA60C8
:101F700042680A618068486140F23C70C2F2000029
:101F800002688A614268CA61806808620098486293
:101F9000019888620298C8620398086304B080BD03
:101FA00080B584B040F27060C2F20000008840F258
:101FB0006C51C2F200010391088000F013FD0399F7
:101FC000887040F6E060C2F20000C07850B1FFE7D0
:101FD00000F0E4FC00F078F840F26C51C2F200012D
:101FE000C870FFE700F07CFC00F096F840F26C51FE
:101FF000C2F200010291087140F27060C2F200006A
:102000000190D0F805208A60D0F80920CA60D0F885
:102010000D200A61D0F811204A61D0F815208A619C
:10202000D0F81920CA61D0F81D200A62D0F821200A
:102030004A62D0F82500886240F2A060C2F2000037
:102040000088888500F0E0FC029981F82E0040F6B7
:10205000E060C2F20000007958B1FFE700F0B0FC88
:1020600000F032F840F26C51C2F2000181F82F000A
:10207000FFE700F083FC00F04FF840F26C51C2F231
:10208000000181F8300040F2A060C2F20000D0F8F8
:1020900005204A63D0F809208A63D0F80D20CA636E
:1020A000D0F811200A64D0F815204A64D0F819201D
:1020B0008A64D0F81D20CA64D0F821200A65D0F8BF
:1020C0002500486504B080BD82B08DF806009DF8FB
:1020D000060001460091052815D80099DFE801F0B7
:1020E000031307130B0F02208DF807000FE00320E6
:1020F0008DF807000BE004208DF8070007E00120B1
:102100008DF8070003E000208DF80700FFE79DF839
:10211000070002B07047000082B0ADF80400BDF8BF
:1021200004000146009119280CD0FFE700983228DE
:102130000CD0FFE700984B280CD0FFE700986428EC
:102140000CD00FE001208DF807000FE002208DF881
:1021500007000BE003208DF8070007E004208DF84E
:10216000070003E000208DF80700FFE79DF8070057
:1021700002B0704780B582B08DF807009DF8070067
:1021800000F08CFA00900098B0F1FF3F08DCFFE708
:1021900040F68861C2F20001486B01304863FFE7F6
:1021A000009802B080BD000080B50120FFF7E2FF7B
:1021B0000220FFF7DFFFFFE7FEE7000080B582B0F7
:1021C00002F0C2FE20B1FFE74FF0FF3001900EE0B9
:1021D000A020002102F000FF20B1FFE74FF0FF3008
:1021E000019004E0002002F073FE0190FFE70198E7
:1021F00002B080BD80B584B0FF208DF80B0040F2A6
:102200008830C2F20000D0F814C0694600230B6089
:102210000DF10B010122E04720B1FFE74FF0FF3045
:10222000039036E040F28830C2F20000816A01205B
:10223000884702A800F030F820B1FFE74FF0FF30E8
:10224000039026E0BDF8090040BA01909DF808000F
:10225000EF2806D1FFE701984AF62161884204D0B1
:10226000FFE74FF0FF30039013E0002002F030FE54
:1022700020B1FFE74FF0FF3003900AE0FFF79EFF29
:1022800020B1FFE74FF0FF30039002E00020039001
:10229000FFE7039804B080BD80B584B002909F2012
:1022A000ADF80600029820B9FFE74FF0FF30039029
:1022B00016E040F28830C2F20000D0F818C0029B4D
:1022C0006A46032111600DF106010222E04720B1A8
:1022D000FFE74FF0FF30039002E000200390FFE79C
:1022E000039804B080BD000081B0ADF80200BDF9D4
:1022F000020000280ED4FFE7BDF9021001F01F0212
:10230000012090404A094EF20011CEF2000141F83E
:102310002200FFE701B070474EF60C50CEF20000ED
:102320000068C0F30220704782B0ADF8060000914B
:10233000BDF9060000280AD4FFE700980001BDF9A6
:1023400006104EF20042CEF2000288540BE00098D4
:102350000001BDF8061001F00F014EF61452CEF246
:1023600000028854FFE702B07047000083B002907B
:10237000029800F0070000904EF60C51CEF20001DA
:102380000868019001984FF6FF02104001900198F3
:10239000009A40EA02200022C0F2FA521043019053
:1023A0000198086003B0704782B08DED010A40F6D5
:1023B0006C60C2F2000000900098407E042813D8A0
:1023C000FFE7019800990A7E41F822009DED011A6D
:1023D000009890ED050A30EE010A80ED050A00999B
:1023E000487E013048761AE00098017E00EB8101BA
:1023F00091ED001A90ED050A30EE410A80ED050AD4
:10240000019800990A7E41F822009DED011A00987A
:1024100090ED050A30EE010A80ED050AFFE700990C
:10242000087E013008760098007E052804D3FFE777
:10243000009900200876FFE7009890ED050A407E9D
:1024400001EE100AB8EE411A80EE010A02B07047A0
:1024500080B584B08DF80B008DF80A1001929DF8BC
:102460000B0048B1FFE79DF80B00012804D0FFE7FF
:102470006FF00100039037E09DF80B00012100F0A0
:1024800093FB9DF80B009DF80A1000F031F848B15D
:10249000FFE79DF80B00002100F086FB4FF0FF30B6
:1024A000039021E0F3F7D0F80090FFE79DF80B00D0
:1024B00000F026FA012814D1FFE7F3F7C5F80099D8
:1024C000401A0199884204D3FFE70198013018B9F6
:1024D000FFE7019820B9FFE76FF00200039003E0E7
:1024E000E4E700200390FFE7039804B080BD0000FC
:1024F00080B582B08DF803008DF802109DF80300BE
:1025000028B9FFE74FF44470ADF800000EE09DF8E5
:102510000300012805D1FFE740F21130ADF80000BB
:1025200003E06FF0010001900CE0FFE7BDF8000050
:102530009DF8022040F21471C2F20001EDF7AAFFEB
:102540000190FFE7019802B080BD000040F24C719D
:10255000C2F200010020086040F25071C2F2000196
:10256000086040F26E01C2F200010120087040F2E2
:102570006F01C2F2000108707047000080B58AB098
:102580000020089007900690F0F75CF958B1FFE73B
:1025900040F68861C2F20001C86A0130C8624FF09B
:1025A000FF30099077E001200090F3F775F90220E1
:1025B0000190F3F771F908200290F3F76DF92020EC
:1025C0000390F3F769F90098019940F64003C4F2CB
:1025D00002431A6842F0FF021A6040F60003C4F298
:1025E00002431A6842F080021A60002205920792A4
:1025F0000891069006A80490F3F75EF901990498F3
:102600000691F3F759F9029904980691F3F754F9F2
:10261000039904980691F3F74FF90598F0F7E6F857
:1026200040B1FFE740F68861C2F20001C86A01309C
:10263000C862FFE70020F0F7CBF840B1FFE740F6B3
:102640008861C2F20001C86A0130C862FFE7002059
:10265000F0F7B0F840B1FFE740F68861C2F2000140
:10266000C86A0130C862FFE740F64001C4F2024187
:10267000086840F0FF00086072B6F3F7A7F962B689
:1026800040F68861C2F20001086B013008634FF028
:10269000FF300990FFE709980AB080BD82B08DF83D
:1026A000030040F26470C2F200000078013041F291
:1026B0001211C1F21111A0FB0121A1EB011108447B
:1026C0008DF802009DF8030020B9FFE76FF00100CC
:1026D00001901FE09DF8020040F26371C2F2000118
:1026E0000978884204D1FFE76FF00300019011E000
:1026F0009DF8030040F26471C2F200010B7840F2D1
:102700005472C2F20002D0549DF8020008700020FA
:102710000190FFE7019802B07047000080B502F019
:102720003BFB08B9FFE734E040F26370C2F20000FF
:10273000007840F26471C2F200010978884228D022
:10274000FFE740F26370C2F20000017840F254707B
:10275000C2F20000415C002002F034FB40B1FFE710
:1027600040F68861C2F20001486B0130486310E016
:1027700040F26371C2F200010878013041F2121296
:10278000C1F21112A0FB0232C2EB0212801A0870D1
:10279000FFE780BD82B001900091019840B1FFE752
:1027A000009828B1FFE70098007801990870FFE7CA
:1027B00002B0704783B00190019800900F284AD86A
:1027C0000099DFE801F0080C1014181C2024282CB4
:1027D0003034383C404400208DF80B003FE00120AD
:1027E0008DF80B003BE002208DF80B0037E0032052
:1027F0008DF80B0033E004208DF80B002FE005204E
:102800008DF80B002BE006208DF80B0027E0072049
:102810008DF80B0023E008208DF80B001FE00C2042
:102820008DF80B001BE010208DF80B0017E0142032
:102830008DF80B0013E018208DF80B000FE020201E
:102840008DF80B000BE030208DF80B0007E04020E6
:102850008DF80B0003E000208DF80B00FFE79DF8DA
:102860000B0003B07047000080B582B00090009864
:1028700020B9FFE76FF00100019014E040F6E0603E
:10288000C2F20000407918B9FFE7052001900AE084
:10289000009840F67051C2F200013022EDF725FD9C
:1028A00000200190FFE7019802B080BD80B582B0A2
:1028B0000090009820B9FFE76FF0010001900BE055
:1028C000009840F67051C2F2000130313022EDF72D
:1028D0000CFD00200190FFE7019802B080BD0000D0
:1028E00080B58CB040F67050C2F2000000F13001AB
:1028F00068463022EDF7F9FCBDF803000CB080BD4E
:1029000082B08DF803009DF8030040B9FFE740F660
:102910007050C2F2000090F8A200019011E09DF802
:102920000300012808D1FFE740F67050C2F2000012
:1029300090F8A300019004E0FFE76FF00100019020
:10294000FFE7019802B0704780B582B00090009810
:1029500020B9FFE76FF0010001900BE0009840F60E
:102960007051C2F2000160313022EDF7BEFC002050
:102970000190FFE7019802B080BD000080B58CB0E7
:1029800040F67050C2F2000000F16001684630224B
:10299000EDF7ABFCBDF803000CB080BD80B58CB08A
:1029A00040F67050C2F2000000F13001684630225B
:1029B000EDF79BFC9DF8020000F00F000CB080BD0D
:1029C00080B58CB040F67050C2F2000000F160019A
:1029D00068463022EDF789FC9DF8020000F00F00F8
:1029E0000CB080BD80B58CB040F67050C2F20000D3
:1029F00000F1300168463022EDF777FC9DF80200C7
:102A000000090CB080BD000080B58CB040F670505D
:102A1000C2F2000000F1600168463022EDF765FC6B
:102A20009DF8020000090CB080BD000080B582B0A6
:102A300040F27C00C2F20000006820B9FFE74FF0CE
:102A4000FF30019007E040F27C00C2F20000016814
:102A500088470190FFE7019802B080BD80B582B041
:102A600040F27C00C2F20000406820B9FFE74FF05E
:102A7000FF30019007E040F27C00C2F200004168A4
:102A800088470190FFE7019802B080BD83B08DF8C0
:102A900007009DF8070001460091402800F254808D
:102AA0000099DFE801F02124272A2D3033363951EF
:102AB00051513C5151513F51515142515151455148
:102AC00051515151515148515151515151515151FF
:102AD0005151515151514B515151515151515151EC
:102AE0005151515151514E000020029030E00120CF
:102AF00002902DE0022002902AE00320029027E0BD
:102B00000420029024E00520029021E0062002909B
:102B10001EE0072002901BE00820029018E0092028
:102B2000029015E00A20029012E00B2002900FE0C4
:102B30000C2002900CE00D20029009E00E20029083
:102B400006E00F20029003E04FF0FF300290FFE715
:102B5000029803B07047000080B5FDF77DFA80BD94
:102B600080B584B0ADF80A0001918DF8032040F2E1
:102B70007C00C2F20000C06820B9FFE74FF0FF30D0
:102B800003900DE040F27C00C2F20000D0F80CC0CF
:102B9000BDF80A10019A9DF80330E0470390FFE763
:102BA000039804B080BD000081B08DF803008DF85B
:102BB00002109DF8030048B9FFE79DF8020040F6B7
:102BC0007051C2F2000181F8A200FFE79DF80300F6
:102BD000012809D1FFE79DF8020040F67051C2F2CA
:102BE000000181F8A300FFE701B0704780B586B00F
:102BF00004900391049827210DF10902012300F0AC
:102C0000BFFC0190019848B9FFE7049824210DF119
:102C10000A02012300F0B4FC0190FFE7019848B9D3
:102C2000FFE7049826210DF10B02012300F0A8FC18
:102C30000190FFE7019818B1FFE70198059055E072
:102C40009DF8090000F001020399087800F0FE00E9
:102C5000104408709DF809200399087802F00202D8
:102C600000F0FD00104408709DF80A0000F0010219
:102C70000399087800F0FB0040EA820008709DF894
:102C80000A200399087802F0020200F0F70040EAF7
:102C9000820008709DF80A200399087802F0040267
:102CA00000F0EF0040EA820008709DF80B200399C5
:102CB000087802F0200200F0DF00104408709DF850
:102CC0000B200399087802F0400200F0BF00104486
:102CD00008709DF80B200399087802F0800200F03C
:102CE0007F001044087001980590FFE7059806B032
:102CF00080BD000080B584B00390029103980E213E
:102D00000DF10602012300F03BFC0090009868BB27
:102D1000FFE70298007800F002019DF8060000F03D
:102D2000BF0040EA41108DF80600029801789DF836
:102D3000060001F0040100F07F0040EA41108DF828
:102D400006000298007800F001019DF8060000F0EE
:102D5000DF0040EA41108DF8060003980E210DF1C6
:102D60000602012300F0BCFC0090FFE7009848B980
:102D7000FFE7039819210DF10702012300F000FC81
:102D80000090FFE7009800BBFFE70298407800F052
:102D900001019DF8070000F0DF0040EA41108DF8C6
:102DA00007000298807800F003019DF8070000F00A
:102DB000FC0008448DF80700039819210DF1070263
:102DC000012300F08DFC0090FFE7009804B080BD67
:102DD00080B586B004900391049828210DF1070274
:102DE000052300F0CDFB0090009818B1FFE7009894
:102DF000059032E09DF809000399486003994A68FC
:102E00009DF8080040EA0220486003994A689DF84E
:102E1000070040EA022048600399486800024860C1
:102E20000398406800F02EF8039880ED000A9DF8A2
:102E30000B000399888103998A899DF80A0040EA6A
:102E4000022088810398B0F90C0000F009F803987B
:102E500080ED020A00980590FFE7059806B080BD56
:102E600081B0ADF80200BDF9020000EE100AB8EE24
:102E7000C00A9FED031A80EE010A01B0704700BF3F
:102E80000000C84281B000909DED000AB8EEC00A73
:102E90009FED021A20EE010A01B070470000803554
:102EA00080B584B00390029103980F210DF10702C1
:102EB000012300F065FB00909DF80700029908705F
:102EC000009804B080BD000080B588B007908DF8F0
:102ED0001B1000208DF81400079811210DF1150228
:102EE000022300F04DFB04900498002840F0D080AD
:102EF000FFE70DF11A000DF115010291FFF74AFCF1
:102F00000298411C0DF11900FFF744FC9DF81B00CD
:102F100001460391002800F08A80FFE7039801280A
:102F200004D0FFE70398022842D0A1E09DF81A00E0
:102F300040F080008DF81A00079811210DF11A0257
:102F4000012300F0CDFB0490049808B1FFE79EE058
:102F5000FFE70798242106AA012300F011FB049043
:102F6000049808B1FFE719E09DF818100020B0EBB5
:102F7000D11F01D1FFE711E00798806A28B1FFE770
:102F80000798816A0A208847FFE7FFE79DF8140049
:102F9000411C8DF814100528DBD3FFE79DF81400C1
:102FA000052804D3FFE74FF0FF300490FFE76EE001
:102FB0009DF81A0040F004008DF81A0007981121BE
:102FC0000DF11A02012300F08BFB0490049808B164
:102FD000FFE75CE0FFE707980DF1170100F0F0FA5A
:102FE0000490049808B1FFE717E09DF81700C007A8
:102FF00008B9FFE711E00798806A28B1FFE7079852
:10300000816A01208847FFE7FFE79DF81400411C13
:103010008DF814100528DED3FFE79DF8140005286D
:1030200004D3FFE74FF0FF300490FFE72FE09DF857
:103030001A0040F008008DF81A009DF8190040F0C1
:1030400001008DF819000DF1150001900DF11A0124
:10305000FFF7A0FB019801300DF11901FFF79AFB72
:10306000019A07981121022300F03AFB04900EE028
:103070009DF81A0040F004008DF81A0007981121FD
:103080000DF11A02012300F02BFB0490FFE7FFE78C
:10309000049808B080BD000080B588B00690059106
:1030A000069812210DF10F02022300F069FA029036
:1030B00006980B210DF11302012300F061FA01467D
:1030C000029808440290029818B1FFE7029807900E
:1030D00030E00DF112000DF10F010191FFF75AFBE5
:1030E0000198411C0DF11100FFF754FB9DF81230BF
:1030F00005990878022202EA930200F0FD001044CC
:1031000008709DF8113005990878012222EA93127F
:1031100000F0FB0040EA820008709DF81300C0F345
:1031200080020599087800F0FE00104408700298AB
:103130000790FFE7079808B080BD000080B58AB00F
:1031400009900891099812210DF11B02022300F049
:1031500017FA05900598D0BBFFE70DF11E0001900E
:103160000DF11B010491FFF715FB0498411C02911E
:103170000DF11D000390FFF70DFB01990498089ACB
:1031800013789DF81E2003F0020302F0F70242EAD2
:1031900083028DF81E20089A92F800C09DF81D2029
:1031A000012323EA9C0302F0BF0242EA83128DF856
:1031B0001D20FFF7EFFA02980399FFF7EBFA049A44
:1031C00009981221022300F08BFA0590FFE7099875
:1031D0000B210DF11F02012300F0D2F901460598E1
:1031E000084405900598A8B9FFE70898007800F012
:1031F00001019DF81F0000F0FB0040EA81008DF8FE
:103200001F0009980B210DF11F02012300F068FA3D
:103210000590FFE705980AB080BD000080B588B032
:10322000079006910798102105AA022300F0A8F93B
:1032300004900498002848D1FFE70DF11700009092
:1032400005A90391FFF7A6FA0398411C01910DF11E
:1032500016000290FFF79EFA00990398069A1378D9
:103260009DF8172003F00F0302F0870242EAC30221
:103270008DF81720069A53789DF8172003F007035E
:1032800002F0F8021A448DF81720069A927802F09C
:1032900001039DF8162002F0EF0242EA03128DF8B6
:1032A00016209DF8162002F0DF028DF81620FFF799
:1032B00071FA01980299FFF76DFA039A07981021A5
:1032C000022300F00DFA0490FFE7049808B080BDD7
:1032D00080B586B00490039104980E210DF10A0286
:1032E000012300F04DF90190019848B9FFE70498D7
:1032F00012210DF10B02012300F042F90190FFE7CA
:10330000019818B1FFE70198059039E09DF80A305F
:1033100003990878082202EA530200F0F7001044EB
:1033200008709DF80A3003990878012222EA5303B5
:1033300000F0EF0040EA031008709DF80A3003998E
:10334000087822EA930300F0FD0040EA4300087089
:103350009DF80AC003990878042303EA5C0300F08F
:10336000FB00184408709DF80B300399087822EA96
:10337000530200F0FE001044087001980590FFE72A
:10338000059806B080BD000080B584B0039002911E
:1033900003980E210DF10602012300F0F1F80090D0
:1033A0000098C8BBFFE7029801789DF8060001234A
:1033B00023EA510100F0FB0040EA81008DF806008D
:1033C000029801789DF8060001F0040100F0F70072
:1033D00040EA41008DF80600029801789DF8060049
:1033E00001F0080100F0EF0040EA41008DF806000E
:1033F000029801789DF8060023EA111100F0FD0003
:1034000040EA41008DF8060003980E210DF10602F6
:1034100000F066F90090FFE7009848B9FFE70398CD
:1034200012210DF10702012300F0AAF80090FFE736
:103430000098A8B9FFE7029801789DF807000123DA
:1034400023EA010100F0FD0040EA41008DF8070089
:10345000039812210DF1070200F042F90090FFE7F6
:10346000009804B080BD000080B586B00490039140
:10347000049813210DF10B02012300F081F8019053
:10348000019818B1FFE7019805902CE09DF80B001A
:10349000C0F340120399087800F0FE001044087051
:1034A0009DF80B200399087802F0020200F0FD005D
:1034B000104408709DF80B0000F001020399087891
:1034C00000F0FB0040EA820008709DF80B20039991
:1034D000087802F0040200F0F70040EA42000870A9
:1034E00001980590FFE7059806B080BD80B584B0CF
:1034F00003900291039813210DF10702012300F0BC
:103500003FF800900098B8BBFFE70298007800F001
:1035100001019DF8070000F0DF0040EA41108DF83E
:103520000700029801789DF8070001F0020100F001
:10353000FD0008448DF8070002980078C0F3800170
:103540009DF8070000F0FE0008448DF8070002987F
:1035500002789DF80700042101EA520100F0FB0007
:1035600008448DF80700039813210DF10702012389
:1035700000F0B6F80090FFE7009804B080BD0000AE
:1035800080B586B004908DF80F100292ADF8063029
:10359000049820B9FFE74FF0FF3005900CE0049845
:1035A000D0F810C09DF80F10029ABDF80630E04721
:1035B000009000980590FFE7059806B080BD0000D8
:1035C00080B586B004900391049811210DF1090291
:1035D0000123FFF7D5FF0190019848B9FFE7049850
:1035E00024210DF10A020123FFF7CAFF0190FFE732
:1035F000019840B9FFE70498272102AA0123FFF7A9
:10360000BFFF0190FFE7019848B9FFE704980B213D
:103610000DF10B020123FFF7B3FF0190FFE70198C3
:1036200018B1FFE70198059057E09DF80900C0F335
:1036300080020399087800F0FE00104408709DF89D
:103640000A3003990878022202EA931200F0FD0082
:10365000104408709DF8080000F0010203990878F2
:1036600000F0FB0040EA820008709DF808200399F2
:10367000087802F0020200F0F70040EA82000870C9
:103680009DF808200399087802F0100200F0EF007E
:10369000104408709DF808200399087802F0200271
:1036A00000F0DF00104408709DF809300399087895
:1036B00001229A4300F0BF0040EA821008709DF892
:1036C0000B006FEA50120399087800F07F0040EA7F
:1036D000C210087001980590FFE7059806B080BDFC
:1036E00080B586B004908DF80F100292ADF80630C8
:1036F000049820B9FFE74FF0FF3005900CE00498E4
:10370000D0F80CC09DF80F10029ABDF80630E047C3
:10371000009000980590FFE7059806B080BD000076
:1037200040F23471C2F200010020086040F23871AA
:10373000C2F20001088040F66061C2F20001086038
:1037400040F6E861C2F20001086040F23C61C2F25A
:103750000001086040F2D161C2F20001087040F639
:10376000F061C2F20001087040F24A71C2F2000139
:10377000087040F66C51C2F20001088040F66461A6
:10378000C2F20001086040F20042C2F2000245F2BB
:103790000001C4F27D41116040F66E51C2F2000199
:1037A000087040F20C71C2F20001086040F2D96169
:1037B000C2F20001087040F2D861C2F20001087044
:1037C00040F2D461C2F20001086040F66C61C2F2BE
:1037D0000001886148610861C860886048600860CD
:1037E0007047000080B586B00590049105982821A7
:1037F0000DF10A02062300F0AFFA01909DF80B00CC
:103800000499088004990A889DF80A0040EA022079
:1038100008809DF80D000499488004994A889DF815
:103820000C0040EA022048809DF80F00049988802F
:1038300004998A889DF80E0040EA02208880019849
:1038400006B080BD80B586B0059004910598222110
:103850000DF10A02062300F07FFA01909DF80B009B
:103860000499088004990A889DF80A0040EA022019
:1038700008809DF80D000499488004994A889DF8B5
:103880000C0040EA022048809DF80F0004998880CF
:1038900004998A889DF80E0040EA022088800198E9
:1038A00006B080BD80B584B003908DF80B100398EE
:1038B00012210DF10A02012300F04EFA0190019845
:1038C000A8B9FFE79DF80B109DF80A0001F001016F
:1038D00000F0BF0040EA81108DF80A000398122121
:1038E0000DF10A02012300F00BFB0190FFE70198A4
:1038F00004B080BD80B584B0039002910398029A11
:103900000F21012300F028FA0190019804B080BD36
:1039100081B0ADF80200BDF9020000EE100AB8EE69
:10392000C00A9FED051A20EE010AB3EE091A30EE27
:10393000010A01B0704700BF0000803B80B586B02F
:10394000059004910598022100F0E0F90290029898
:1039500048B9FFE705985F210DF10F02012300F040
:10396000FBF90290FFE7029838BBFFE79DF80F00D4
:10397000C0F3C10001460191032814D80199DFE882
:1039800001F002060A0E0499002008700FE0049965
:10399000012008700BE004990220087007E00499E8
:1039A0000320087003E0049900200870FFE70598E1
:1039B000002100F0ABF90290FFE7029806B080BD4D
:1039C00080B584B0039002910398022100F09EF923
:1039D0000190019840B9FFE70398029A462102231B
:1039E00000F0BAF90190FFE7019830B9FFE70398BA
:1039F000002100F08BF90190FFE7019804B080BD31
:103A000080B586B005908DF813109DF813008DF8E1
:103A10001200059804A9FFF7D3FF0290029800282E
:103A200040F0C580FFE79DF810209DF8111001912E
:103A300042EA520040EA920040EAD20040EA121004
:103A400040EA521040EA921000F0010040EAD21021
:103A500001F001021043C1F340021043C1F38002A0
:103A60001043C1F3C0021043C1F300121043C1F36D
:103A700040121043C1F38012104340EAD110C0B28B
:103A8000012840F09380FFE705980DF10F01FFF743
:103A900055FF02900298002840F08780FFE79DF8CC
:103AA0000F0001460091032800F279800099DFE8B9
:103AB00001F00210284A9DF8130020B9FFE7012009
:103AC0008DF8120004E09DF813008DF81200FFE756
:103AD0006AE09DF8130020B9FFE702208DF812007C
:103AE0000EE09DF81300012804D1FFE702208DF8B5
:103AF000120004E09DF813008DF81200FFE7FFE7C5
:103B000052E09DF8130020B9FFE703208DF8120062
:103B100018E09DF81300012804D1FFE703208DF879
:103B200012000EE09DF81300022804D1FFE70320E5
:103B30008DF8120004E09DF813008DF81200FFE7E5
:103B4000FFE7FFE730E09DF8130020B9FFE704200E
:103B50008DF8120022E09DF81300012804D1FFE740
:103B600004208DF8120018E09DF81300022804D1FB
:103B7000FFE704208DF812000EE09DF813000328E3
:103B800004D1FFE704208DF8120004E09DF8130033
:103B90008DF81200FFE7FFE7FFE7FFE704E09DF87D
:103BA00013008DF81200FFE7FFE7FFE7FFE7029839
:103BB00048B9FFE7059811210DF10E02012300F02D
:103BC000CBF80290FFE7029898B9FFE79DF8121032
:103BD0009DF80E0000F00F0040EA01108DF80E0075
:103BE000059811210DF10E02012300F089F90290D0
:103BF000FFE7029806B080BD80B584B003900291C3
:103C000003981E210DF10702012300F0A5F8009092
:103C10009DF80700C0F3400002990870009804B0B6
:103C200080BD000080B584B003908DF80B10039820
:103C300011210DF10A02012300F08EF80190019884
:103C4000A8B9FFE79DF80B109DF80A0001F00701E5
:103C500000F0F10040EA41008DF80A0003981121BC
:103C60000DF10A02012300F04BF90190FFE70198E2
:103C700004B080BD80B584B003908DF80B1003981C
:103C800018210DF10902012300F066F80190019856
:103C9000A8B9FFE79DF80B209DF80900022101EA71
:103CA000921100F0FD0008448DF8090003981821D6
:103CB0000DF10902012300F023F90190FFE70198BB
:103CC00048B9FFE7039862210DF10A02012300F0D1
:103CD00043F80190FFE70198A8B9FFE79DF80B00B2
:103CE00000F003019DF80A0000F0E70040EAC1007F
:103CF0008DF80A00039862210DF10A02012300F0F9
:103D0000FFF80190FFE7019804B080BD80B584B052
:103D100003908DF80B1003980DF10A020123194648
:103D200000F01AF80190019898B9FFE79DF80B1080
:103D30009DF80A0000F03F0040EA81108DF80A006B
:103D400003980DF10A020123194600F0D9F80190F9
:103D5000FFE7019804B080BD80B586B005908DF86E
:103D600013100392ADF80A300598D0F810C09DF8F2
:103D70001310039ABDF80A30E0470190019806B08D
:103D800080BD000080B584B0039002910398122199
:103D90000DF107020123FFF7DFFF00909DF80700F8
:103DA00000F0010002990870009804B080BD000086
:103DB00080B584B003908DF80B10039812210DF19B
:103DC0000A020123FFF7C8FF01900198A0B9FFE79D
:103DD0009DF80B109DF80A0001F0010100F0FE00B3
:103DE00008448DF80A00039812210DF10A020123FC
:103DF00000F086F80190FFE7019804B080BD000054
:103E000080B584B00390029103981E210DF1070242
:103E10000123FFF7A1FF00909DF80700C0F3800089
:103E200002990870009804B080BD000080B584B08D
:103E300003900291039820210DF106020223FFF75F
:103E40008BFF00909DF807000299088002990A886C
:103E50009DF8060040EA02200880009804B080BD6A
:103E600080B584B0039002910398402101AA0423F5
:103E7000FFF772FF00909DF8070002990860029911
:103E80000A689DF8060040EA0220086002990A6864
:103E90009DF8050040EA0220086002990A689DF832
:103EA000040040EA02200860009804B080BD0000D1
:103EB00080B584B003908DF80B10039819210DF193
:103EC0000A020123FFF748FF01900198A8B9FFE714
:103ED0009DF80B109DF80A0001F0010100F0DF00D1
:103EE00040EA41108DF80A00039819210DF10A02E9
:103EF000012300F005F80190FFE7019804B080BDB0
:103F000080B586B005908DF813100392ADF80A3095
:103F10000598D0F80CC09DF81310039ABDF80A302C
:103F2000E0470190019806B080BD000080B586B0E2
:103F300005908DF813109DF813008DF81200059868
:103F400004A9FFF73DFD02900298002840F0C580CB
:103F5000FFE79DF810209DF81110019142EA5200F0
:103F600040EA920040EAD20040EA121040EA5210C1
:103F700040EA921000F0010040EAD21001F0010284
:103F80001043C1F340021043C1F380021043C1F358
:103F9000C0021043C1F300121043C1F3401210439A
:103FA000C1F38012104340EAD110C0B2012840F0A2
:103FB0009380FFE705980DF10F01FFF7BFFC02901A
:103FC0000298002840F08780FFE79DF80F00014627
:103FD0000091032800F279800099DFE801F00210D7
:103FE000284A9DF8130020B9FFE701208DF8120040
:103FF00004E09DF813008DF81200FFE76AE09DF8D9
:10400000130020B9FFE702208DF812000EE09DF8A2
:104010001300012804D1FFE702208DF8120004E00C
:104020009DF813008DF81200FFE7FFE752E09DF8BE
:10403000130020B9FFE703208DF8120018E09DF867
:104040001300012804D1FFE703208DF812000EE0D1
:104050009DF81300022804D1FFE703208DF8120019
:1040600004E09DF813008DF81200FFE7FFE7FFE77B
:1040700030E09DF8130020B9FFE704208DF812000E
:1040800022E09DF81300012804D1FFE704208DF8F9
:10409000120018E09DF81300022804D1FFE7042065
:1040A0008DF812000EE09DF81300032804D1FFE7FD
:1040B00004208DF8120004E09DF813008DF8120022
:1040C000FFE7FFE7FFE7FFE704E09DF813008DF847
:1040D0001200FFE7FFE7FFE7FFE7029848B9FFE7B5
:1040E000059810210DF10E020123FFF735FE029015
:1040F000FFE7029898B9FFE79DF812109DF80E00AF
:1041000000F00F0040EA01108DF80E000598102114
:104110000DF10E020123FFF7F3FE0290FFE7029874
:1041200006B080BD80B584B003908DF80B10039865
:1041300010210DF10A020123FFF70EFE01900198F4
:10414000A8B9FFE79DF80B109DF80A0001F00101E6
:1041500000F0FD0040EA41008DF80A0003981021AC
:104160000DF10A020123FFF7CBFE0190FFE7019852
:1041700004B080BD80B584B00390029103981E21E5
:104180000DF107020123FFF7E7FD00909DF80700FE
:1041900000F0010002990870009804B080BD000092
:1041A00080B584B003908DF80B10039810210DF1A9
:1041B0000A020123FFF7D0FD01900198A8B9FFE79B
:1041C0009DF80B109DF80A0001F0030100F0F300C8
:1041D00040EA81008DF80A00039810210DF10A02CF
:1041E0000123FFF78DFE0190FFE7019804B080BD29
:1041F00080B584B003908DF80B10039817210DF152
:104200000A020123FFF7A8FD0190019858BBFFE7C0
:104210009DF80B0000F010019DF80A0000F0FB0073
:1042200040EA91008DF80A009DF80B0000F0200193
:104230009DF80A0000F0EF0040EA51008DF80A00F6
:104240009DF80B109DF80A0000F01F0040EA411095
:104250008DF80A00039817210DF10A020123FFF7D8
:104260004FFE0190FFE7019804B080BD80B582B099
:1042700000200190F1F726FAFCF78AFEFBF7BEFE5C
:10428000FBF78AFBFBF76CFBFBF71CFDFBF7F2FA75
:10429000FBF7E0FCFBF794FCFBF706FBFBF782FD6A
:1042A000FBF7AEFDFBF7F4FDFBF79CFCFBF744FAD4
:1042B000FBF72CFBFBF73EFDFBF78CFAFCF726FD2A
:1042C00040B1FFE740F68861C2F2000108680130A2
:1042D000086002E0FDF768FFFFE7FFE7FEE7000088
:1042E00080B582B001900198EFF7BAFF02B080BDAF
:1042F00080B582B00090009820B9FFE76FF0010010
:10430000019019E0009801210022EFF7CBFF20B1C6
:10431000FFE76FF0050001900EE000984FF40021D8
:104320000022EFF7BFFF20B1FFE76FF0050001901B
:1043300002E000200190FFE7019802B080BD00007C
:10434000B0B58EB00C900C980B900B9820B9FFE78D
:104350006FF001000D9044E10B98406B0A900B98B0
:10436000806B0990FFE70B98C06A4021F0F714FAC0
:10437000002800F03381FFE70A984021EBF7CEFFD9
:104380000B98D0F81CC00A9A02F1440102F14003D4
:10439000E04720B1FFE76FF005000D9021E10A989A
:1043A000406C0790002845D0FFE70798012800F0EF
:1043B0009180FFE70798022800F0DE80FFE707986A
:1043C000032800F0F180FFE7079840F203318842AC
:1043D00040F00281FFE709983021EBF79FFF099930
:1043E00005910A9C069420686268A368D4F80CC002
:1043F000D4F810E065694D61C1F810E0C1F80CC057
:104400008B604A600860A069E269236AD4F824C01E
:10441000D4F828E0E46ACC62C1F828E0C1F824C0EE
:104420000B62CA61886140F6E061C2F200010120BE
:104430004871D2E00A98B0F84000302849D1FFE72F
:10444000F1F702F908900998D0F8900040B1FFE721
:1044500008980999D1F89020801AC1F8980004E0D2
:1044600009990020C1F89800FFE708980999C1F858
:104470009000099830303021EBF750FF09990391F3
:104480000A9C049420686268A368D4F80CC0D4F82D
:1044900010E065694D64C1F840E0C1F83CC08B6331
:1044A0004A630863A069E269236AD4F824C0D4F897
:1044B00028E0E46ACC65C1F858E0C1F854C00B6547
:1044C000CA64886440F6E061C2F200010120C8704D
:1044D000FFE782E00A98B0F8400030284BD1FFE7B0
:1044E000F1F7B2F808900998D0F8940040B1FFE7CE
:1044F00008980999D1F89420801AC1F89C0004E02A
:1045000009990020C1F89C00FFE708980999C1F8B3
:104510009400099860303021EBF700FF0999019170
:104520000A9C029420686268A368D4F80CC0D4F88E
:1045300010E065694D67C1F870E0C1F86CC08B662A
:104540004A660866A069E269236AD4F824C0D4F8F0
:1045500028E0E46AC1F88C40C1F888E0C1F884C062
:10456000C1F88030CA67886740F6E061C2F2000196
:1045700001200871FFE730E00A98B0F8400050B120
:10458000FFE70A980078099981F8A00009990020AE
:1045900081F8A20007E00999002081F8A00009999C
:1045A00081F8A200FFE718E00A98B0F8400050B187
:1045B000FFE70A980078099981F8A100099900207D
:1045C00081F8A30007E00999002081F8A10009996A
:1045D00081F8A300FFE700E0FFE7C4E600200D90AC
:1045E000FFE70D980EB0B0BD80B582B00090009886
:1045F00020B9FFE76FF00100019018E00098012258
:104600001146F0F733F820B1FFE76FF00500019095
:104610000DE0009840210222F0F728F820B1FFE7D2
:104620006FF00500019002E000200190FFE7019883
:1046300002B080BD80B58AB008900898079000202D
:10464000069005900490039002900190079820B97D
:10465000FFE76FF00100099076E00798406B482172
:10466000EBF75CFE0798806BA421EBF757FE002068
:1046700001900290022003900120049040F2033048
:10468000059040F6FF7006900798C06A01A9EFF701
:104690005DFF20B1FFE76FF00500099054E00120B5
:1046A0000290002005904FF4706006900798C06A51
:1046B00001A9EFF74BFF20B1FFE76FF0050009906C
:1046C00042E0022002904FF4806005904FF4706049
:1046D00006900798C06A01A9EFF738FF20B1FFE7FD
:1046E0006FF0050009902FE00798C06A6946012322
:1046F0000B6002221146EFF785FF20B1FFE76FF054
:104700000500099020E00798C06AFFF76DFF20B10F
:10471000FFE76FF00500099016E00798C06AF0F710
:10472000F3FC20B1FFE76FF0050009900CE007985B
:10473000C06AFFF7DDFD20B1FFE76FF005000990CB
:1047400002E000200990FFE709980AB080BD000050
:1047500080B592B010900F910E920D9303A828216E
:10476000EBF7DCFD109802900E980190029848B18A
:10477000FFE70F9830B1FFE70E9818B1FFE70D98EB
:1047800020B9FFE76FF0010011901CE00198402173
:104790000091EBF7C3FD00990298C06A019B03AA40
:1047A000F0F714F820B1FFE76FF0050011900AE070
:1047B0000698FDF7FFFF0D99088003980F99086090
:1047C00000201190FFE7119812B080BD80B592B023
:1047D00010900F910E92ADF8363004A82421EBF71B
:1047E0009DFD109803900E980290039890B1FFE7FA
:1047F0000E9820B9FFE7BDF8360058B9FFE70F99CA
:104800000020B0EBD12F05D1FFE7BDF836004128DD
:1048100004D3FFE76FF0010011902BE09DF8360004
:10482000FEF734F901900198013020B9FFE76FF0ED
:10483000010011901EE00F98049000200590069052
:104840000199079108904FF4801109914FF40011DC
:104850000A910B900C900398C06A029A04A9EFF792
:1048600027FE20B1FFE76FF00500119002E0002065
:104870001190FFE7119812B080BD000080B584B0A0
:104880000390039802900298406B01900198426A4D
:10489000694690479DF8000004B080BD80B586B0A1
:1048A00004900391049802900298C06A01900198C4
:1048B00018B1FFE7039820B9FFE76FF001000590FA
:1048C00009E001980299098EF0F790FE03990860BB
:1048D00000200590FFE7059806B080BD80B58AB03E
:1048E000099008910792ADF81A3008988DF81900D0
:1048F000079805909DF8190040F080008DF8190088
:10490000099804900498406B03900398026A002170
:10491000029190470498C06A0DF119010122019299
:104920004FF47A730093F7F7A1FC009B0498C06AD8
:104930000599BDF81A20F7F7C1F901990398026AA1
:10494000904702980AB080BD80B58AB084460C9822
:10495000CDF824C00891ADF81E200693ADF81600DE
:1049600000210491099803900398406B02900298EB
:10497000026A9047BDF81E0078B1FFE70398C06A4D
:104980000899BDF81E204FF47A73F7F76FFC20B139
:10499000FFE76FF005000490FFE7049878BBFFE79E
:1049A000BDF8160058B3FFE7FF208DF80700002080
:1049B000ADF80400FFE7BDF80400BDF8161088420A
:1049C0001CDAFFE70398C06A0699BDF804200A4480
:1049D0006B464FF47A7119600DF107010123F7F767
:1049E000A5FE20B1FFE76FF00500049006E0FFE7A9
:1049F000BDF804000130ADF80400DCE7FFE70298E1
:104A0000026A0121904704980AB080BD80B586B043
:104A100004900391049802900298C06A0190019852
:104A200020B9FFE76FF0010005900FE00398002820
:104A300018BF01208DF8030001980299098E9DF896
:104A40000320F0F7EBFD00200590FFE7059806B086
:104A500080BD000080B58AB0099008910792ADF83A
:104A60001A3008988DF81900079805900998049055
:104A70000498406B03900398026A002102919047CA
:104A80000498C06A0DF11901012201924FF47A7362
:104A90000093F7F7EBFB009B0498C06A0599BDF8FB
:104AA0001A20F7F7E3FB01990398026A90470298EE
:104AB0000AB080BD80B588B0069005910492ADF82B
:104AC0000E300698029004980190029838B1FFE7E2
:104AD000049820B1FFE7BDF80E0020B9FFE76FF0A2
:104AE0000100079011E00298C06A0199BDF80E20FC
:104AF0004FF0FF33F9F79CFB20B1FFE76FF00500A3
:104B0000079002E000200790FFE7079808B080BDFB
:104B100080B588B084460A98CDF81CC00691ADF8DF
:104B200016200493ADF80E00002102910798019021
:104B30000198406B00900098026A9047BDF81600FB
:104B400078B1FFE70198C06A0699BDF816204FF4C6
:104B50007A73F7F78BFB20B1FFE76FF00500029047
:104B6000FFE7029898B9FFE7BDF80E0078B1FFE7BC
:104B70000198C06A0499BDF80E204FF47A73F7F7D4
:104B800075FB20B1FFE76FF005000290FFE700988A
:104B9000026A01219047029808B080BD83B001905D
:104BA000019820B9FFE700208DF80B005BE040F68C
:104BB0006860C2F20000006868B9FFE7019840F63B
:104BC0006861C2F20001086001990020486201207A
:104BD0008DF80B0047E0019890F8200040F66861DE
:104BE000C2F20001096891F8201088420DDAFFE74F
:104BF00040F66861C2F200010868019A50620198AB
:104C0000086001208DF80B002DE040F66860C2F2CC
:104C1000000000680090FFE70098406AC8B1FFE715
:104C2000019890F820000099496A91F82010884274
:104C30000BDAFFE70098406A0199486201980099F1
:104C4000486201208DF80B000DE00098406A00904A
:104C5000E2E701980099486201990020486201202A
:104C60008DF80B00FFE79DF80B0003B070470000C4
:104C700082B000208DF80300FFE79DF803001328A1
:104C800021D8FFE79DF8030000EB400140F6F860F3
:104C9000C2F2000000EB011090F8210060B9FFE7BC
:104CA0009DF8030000EB400140F6F860C2F20000FE
:104CB00000EB0110019009E0FFE79DF803000130CF
:104CC0008DF80300D9E700200190FFE7019802B0BA
:104CD0007047000010B584B08C4686460798069948
:104CE000CDF80CE0CDF808C00192ADF802308DF897
:104CF00001108DF80000029803990860BDF80200C9
:104D0000039988829DF80100039981F82000EDF74E
:104D10003DFF0146039A0020D061916103998862AA
:104D20009DF80000039981F82100019870B1FFE718
:104D30000198007850B1FFE70398043001990F22E1
:104D4000EBF7F7FA03990020C87408E003980430E1
:104D500046F20721C0F60101EBF7F7FAFFE70399E6
:104D60000020486204B010BD82B0ADF80600ADF876
:104D70000410ADF80220BDF806008005BDF804104F
:104D80006FF39F2140EA0130BDF802106FF31F312D
:104D9000084402B07047000080B582B040F2C430D1
:104DA000C2F20000FFF76AFD20B1FFE700208DF896
:104DB000070003E001208DF80700FFE79DF80700DA
:104DC00002B080BD80B584B08DF80B008DF80A105C
:104DD0009DF80A0020B9FFE76FF00100039021E081
:104DE00040F26570C2F2000001907E210170052141
:104DF0004170412181709DF80B10C1709DF80A101F
:104E00000171417890F802C0C378027981EA0C01FF
:104E1000594051404171EF218171072100F006F89E
:104E20000390FFE7039804B080BD000080B584B014
:104E30000290ADF8061040F2C430C2F20000C06823
:104E400018B1FFE7029820B9FFE76FF00100039067
:104E50000CE040F2C430C2F20000D0F80CC0029A5C
:104E6000BDF806300021E0470390FFE7039804B047
:104E700080BD000080B586B08DF8130003910F202F
:104E80008DF80A009DF813008DF80B00039820B9E7
:104E9000FFE74FF0FF30059016E040F28830C2F295
:104EA0000000D0F818C0039B6A46012111600DF183
:104EB0000A010222E04720B1FFE74FF0FF300590E2
:104EC00002E000200590FFE7059806B080BD0000D5
:104ED00080B584B0029000208DF807000090FFE7B5
:104EE0000098C0087C2827D8FFE7C0200DF10701F3
:104EF000FFF7C0FF20B1FFE74FF0FF3003901FE046
:104F00009DF80700C00758B9FFE7029828B1FFE7EE
:104F10009DF8070002990870FFE7002003900FE05A
:104F200040F28830C2F20000816A01208847FFE722
:104F3000009801300090D3E74FF0FF300390FFE777
:104F4000039804B080BD000080B584B006208DF8C1
:104F50000B0000238DF80A3040F28830C2F20000C6
:104F6000D0F814C069460B600DF10B010122E04737
:104F700020B1FFE74FF0FF3003902AE000208DF8CA
:104F80000900FFE79DF8090002281ED8FFE740F25C
:104F90008830C2F20000816A01208847C0200DF1EC
:104FA0000A01FFF767FF48B9FFE79DF80A0080078D
:104FB000002803D5FFE7002003900AE0FFE79DF8F3
:104FC000090001308DF80900DCE74FF0FF30039055
:104FD000FFE7039804B080BD80B584B08DF80B0066
:104FE0008DF80A101F208DF808009DF80B008DF831
:104FF000090040F28830C2F20000D0F814C06A46BE
:105000000121116002A902220DF10A03E04720B13B
:10501000FFE74FF0FF30039002E000200390FFE72E
:10502000039804B080BD4100080218BF04200A0E96
:1050300018BF40F001004FF07F4232EA010108BF83
:1050400040F00200012808BF0520704710B54FF05E
:105050000E402DED028BB0EE408A18EE104A00EBA8
:105060004400B0F1506F4AD84FF0FC40B0EB440F11
:1050700022D2B0EEC80AF7EE000A30EEC00AF6EE11
:10508000000A60EE208A18EE900A00F073FF01EE2D
:10509000100A14F0004F1DBFDFED2D0A9FED2D0A01
:1050A000B1EE411ADFED2C0A08BF9FED2C0AF8EE95
:1050B000001A21EE218A05E0DFED290A68EE088A50
:1050C000B0EE600A9FED271ADFED271A30EE080ACE
:1050D00048EE811A9FED251A08EEA11ADFED241A79
:1050E00048EE811A9FED231A08EEA11A68EE281ADD
:1050F000BDEC028B01EE810A30EE200A10BD4FF0AC
:10510000E440B0EB440F0CD918EE100AFFF78BFF08
:10511000042808BF00F066FEB0EE480ABDEC028B22
:1051200010BD4FF07F40B0EB440F07D2B0EE480AFD
:10513000BDEC028BBDE8104000F03EBE012000F047
:1051400013FFBDEC028BBDE8104000F03BBE000039
:105150000000C9BF22AAFDB90000C93F22AAFD393B
:105160000000000024FE1C3DC78AD83C1E67383D65
:105170001B93993DAFAA2A3E70B54FF068422DEDC2
:10518000048BF0EE408A18EE900AB0EE608A18EEBA
:10519000101A02EB4003B3F1654F3CBF02EB410232
:1051A000B2F1654F7DD200BFC0F3C753C1F3C75200
:1051B0009A1A1B2A09DD10F0004F14BF9FED830AD5
:1051C0009FED830ABDEC048B70BD12F11A0F36DA25
:1051D00011F0004F09D010F0004F0CBF9FED7D0A79
:1051E0009FED7D0ABDEC048B70BD88EE889A19EEA8
:1051F000100AFFF718FF042808BF00F0F3FD18EEAF
:10520000900AFFF710FF054618EE100AFFF70BFF94
:10521000044619EE100AFFF706FF042D18BF052DEE
:1052200008D1042C18BF052C04D1002804BF02208B
:1052300000F09AFEB0EE490ABDEC048B70BD42004E
:10524000B2EB410F3AD910F0004F19BFDFED630AFE
:105250009FED630ADFED630A9FED630AB0EE481A23
:105260000A46B1EE688A80F00041F0EE418A1046AD
:105270000A1A5200B2F1807F34D2484010F0004F39
:10528000DFED5A1A9FED5A2A1DBFBEEE001A70EECE
:10529000E10A30EE420AB6EE001A08BF70EEA10A2B
:1052A00000E040E008BF30EE020AB0EE682A01EEEE
:1052B000482A08EE818AC2EE081A15E011F0004F64
:1052C00004BF9FED4C0AF0EE400AD1D010F0004F21
:1052D00019BFDFED490A9FED490ADFED490A9FED4D
:1052E000490AC5E7C8EE881A21EEA11A9FED462AA1
:1052F000DFED462A41EE022A9FED452A01EE222AE1
:10530000DFED442A41EE022A9FED432ABDEC048BD7
:1053100001EE222A21EE811A01EE020A30EE210A64
:1053200030EE200A70BD4FF07F42B2EB400F28BF35
:10533000B2EB410F09D2F0EE480AB0EE680ABDECBC
:10534000048BBDE8704000F03ABD40EA01035B0009
:1053500008BF41F0FF410BD0B2EB400F08BFB2EBEA
:10536000410F08D120F0804008EE900A21F08041E2
:1053700008EE101A18E7B2EB400F12BF5FEA4103C4
:1053800040F0FF4001F000413FF40EAFB2EB410F9F
:1053900012BF5FEA400200F0004041F0FF413FF4DD
:1053A00003AF4A0092EA40033FF5FEAE002AACBFCD
:1053B0009FED1A0A9FED1A0A68EE808A28EE008A8D
:1053C00018EE900A18EE101AEEE60000DB0FC9BFC7
:1053D000DB0FC93FDB0F4940DB0F49C00000C9BFED
:1053E00022AAFDB90000C93F22AAFD390060ED3EA6
:1053F000C30ACE3700000000000049C022AA7DBACF
:105400000000494022AA7D3A2DAD65BD8FB8D53D3B
:105410000FB511BE61C84C3EA8AAAABE0000804FBD
:105420000000802F10EE101A08B5444A6846B2EB0F
:10543000410F28D94FF0E640B0EB410F94BF002058
:105440004FF0FF3000900098002861DB60EE000A0A
:1054500010F0010F45D010F0020FDFED391A9FED6B
:10546000391A00EEA11ADFED381A40EE811A21EE4A
:10547000A01AF0EE400A40EE010A08BFF1EE600A01
:10548000B0EE600A08BD314B21F0004293423CD996
:1054900011F0004FDFED2E0A20EE201ADFED2D0A6D
:1054A00019BF31EE601A71EE200A31EE201A71EE4A
:1054B000600ABDEEE01A11EE100A9FED271A00F007
:1054C000030000EEC10A9FED251A009000EEC10A0C
:1054D0009FED231A00EEC10A9FED221A00EEC10AC9
:1054E000B1E79FED211A9FED210A10F0020F00EEA7
:1054F000810A9FED1F1A00EE801AB7EE000A00EE37
:10550000810A18BFB1EE400A08BD00F073FC9AE7AB
:1055100010EE100A4000B0F17F4F3CBFB7EE000A1A
:1055200008BD07D14FF0010000F01EFDBDE80840A6
:1055300000F048BCBDE8084000F03EBCB61F927EBB
:10554000336D4CB9DA82083CA0AA2ABE490E4946FE
:1055500083F9223F0000004B0000C93F00A0FD3945
:105560000020A2331A61342CB93AB2BACA9F2A3D3C
:10557000DDFFFFBE10B510EE100A2DED068BB7EE65
:10558000001A10EE901AB0EE418A0022A0F5000C2D
:10559000DFEDFE9A4FF00073BCF1FE4F4FF07F44F9
:1055A00003EB410C80F0B481BCF1804FC0F020824D
:1055B000F74901449FEDF73AB1F5005F40F2D4821C
:1055C00000F58021CB0C03F00F0101EE901AC3F31C
:1055D00007137F3BA0EBC350B8EEE12A00EE100AA0
:1055E0001A44DFEDED2AF0EE411A42EE221AF0EEF7
:1055F000613A70EE232A30EE632A12EE900A00F52B
:1056000000606FF30B0001EE900A73EEE13A33EEA7
:10561000804AC1EE223A22EE230A10EE100A00F56B
:1056200000606FF30B0000EE100A00EE612A00EE3E
:10563000442A62EE232A70EE221A21EEA12ADFED1F
:10564000D73A02EE233A23EE023A20EE012A22EE66
:10565000811A03EE211A32EE010A10EE100A00F54B
:1056600000606FF30B0000EE100A72EE401A31EE8C
:10567000812A9FEDCB1A60EE011A9FEDCA1A20EE27
:10568000011A9FEDC90A02EE001A31EE810A10EEEE
:10569000100A00F500606FF30B0000EE100AC3481B
:1056A00071EEC01A31EE812A784400EBC10090ED12
:1056B000003AD0ED011A100101EE100AF8EEC12AED
:1056C00032EE211A31EE001A31EE031A31EE221AAF
:1056D00011EE100A00F500606FF30B0009EE100ADE
:1056E00039EE621A31EE431A31EE400A30EE610AA9
:1056F00032EE40AA10EE900A002100F500606FF330
:105700000B0008EE900A084670EEE8AAEAF745FE9C
:1057100029EE280A00F00C01F0EEC00A10EE900A03
:10572000B0F18B4F0DDD10EE900AB4EB400F08D3B3
:1057300010EE100A4FF08B4262F31E0008EE900A42
:1057400013E069EE2A0A38EEAA1A4AEE010A30EE90
:10575000201A11EE100A00F500606FF30B0008EE3E
:10576000900A30EE680A70EE209A0C20EAF715FED7
:1057700038EEA90AB5EEC00AF1EE10FA34BFFEEE1B
:10578000000AF6EE000A30EE800ABDEEC00A10EE06
:10579000100A011100EE101AF8EEC00A00EE100A0D
:1057A000B8EEC00A38EEC00A30EE290ADFED801AE2
:1057B0009FED801A00EE211ADFED7F1A7F4900F07D
:1057C0000F0040EE011A21EE800A794401EB8001BE
:1057D00091ED001A7A49794401EB8001D1ED001A6C
:1057E000784901EE801A794401EB8000764990ED0A
:1057F000000A31EE001AB0EEE00A10EE100A8842FC
:1058000015DA10EE100AB4EB400F10D39FED6F0ABB
:1058100030EE800ADFED6E0A20EE200A68EE010A03
:10582000BDEC068BBCEEC00A20EE200A10BD10EEC7
:10583000100A6849884243DA10EE100AB4EB400FB0
:105840003ED3BDEEE00A68EE010A10EE100A00EB4E
:10585000D0725110C90501F17E5100EE101AA0EB73
:105860006200C00560EE200A00F17E5000EE100AD2
:1058700060EE808A18EE900AB4EB400F0FD1022040
:1058800000F072FB00F0A6FA10EE101A18EE100AE3
:10589000BDEC068B61F31E0000EE100A10BD18EE81
:1058A000900A400011D018EE900AFFF7BCFB0428C4
:1058B00008BF00F097FAB0EE680ABDEC068B10BD89
:1058C000F5EEC00AF1EE10FA0FD2022000F04CFB08
:1058D00000F088FA10EE101A18EE100ABDEC068BD4
:1058E00061F31E0000EE100A10BD022000F03CFB28
:1058F00000F070FA10EE101AB0EE480A10EE100A1E
:10590000BDEC068B61F31E0000EE100A10BD00BF57
:10591000BCF1804F6CD300BF00F1FF43B3F1FE4FE9
:1059200024D200BFB0EEC00A10EE100AC1F3C75374
:105930007F2B0DDB972BBFF63BAEC3F196034FF0E9
:10594000010C0CFA03F3A3F1010C1CEA010F08D0BF
:10595000012000F009FBBDEC068BBDE8104000F013
:1059600031BA0B4218BFBFEE008A21E643001CBFCC
:105970004FF08073B3EB400F34D96FF01A02DFEDB4
:10598000161A20EE210A10EE100A27E0000000008F
:10599000001080C0ABAAAA3E0000803D7EE24C3ED3
:1059A00000B03842D49AB8BB3BAA3842080900007C
:1059B000FC596337C9FF753A1872313DA6080000DB
:1059C000DA0800004A0800000000FC420000FE4225
:1059D0000000004B000040430000004D10F0004F5D
:1059E000A0D1E5E5A0F50003B3F1FE4F21D2DFE53C
:1059F00003EB4103B3F1007F11D3F5EEC00AF1EEE2
:105A000010FA05D1430018BFB4EB400F76D883E7F6
:105A100001F0004141F0FC5100EE901A7CE7B3F137
:105A2000807F06D210EE903AA3F5000300EE903A84
:105A300072E720F000426FF0FF4C604C02EB0C0369
:105A4000A34210D321F000439C44A4450BD3B0F1F2
:105A50007E5F18BF5FEA410C50D0B2F1FF4F98BF94
:105A6000B3F1FF4F05D9BDEC068BBDE8104000F047
:105A7000A6B9B0F1FF4F0FD0C1F3C7527F2A09DB9F
:105A8000972A11DAC2F19602012303FA02F2531E99
:105A90000B4205D0002208E011F0004F55D128E05C
:105AA0000A4218BF012200D1022210F5000F13D0C4
:105AB00028B3B0F1004F26D010F1814F4FD04FF0F6
:105AC000FE42B2EB400F94BF01200020012202EB06
:105AD000E171884239D10CE011F0004F02D0012A67
:105AE00038D032E0012A02BF9FED350ABDEC068BAB
:105AF00010BD9FED340ABDEC068B10BD2FE011F0F8
:105B0000004F0CD121E0B1F1FF4F1ED011F5000F75
:105B100005D011F0004F15D00AB1012A08D002209B
:105B200000F022FABDEC068BBDE8104000F03AB957
:105B3000022000F019FA00F035F9BDEC068BB1EE49
:105B4000400A10BD0AB1012A04D0B0EE690ABDECCA
:105B5000068B10BDBDEC068B9FED1B0A10BDBDEC86
:105B6000068BB7EE000A10BD30EE410AB5EE001A02
:105B70009FED172A00EE413AB6EE001A60EE001AC9
:105B800000EE431A61EEC11A9FED101A20EE011AC1
:105B900020EE020A9FED0F2A01EE820A71EE001A32
:105BA00011EE900A00F500606FF30B0009EE100A89
:105BB00031EE491A31EE00AA9CE50000FFFF3F00DC
:105BC000000080FF0000807F0000008000B0B8412E
:105BD000D49A38BB3BAAB84100B510EE101A2DED8F
:105BE000028B81B0524A6846B2EB410F2ED94FF07A
:105BF000E640B0EB410F94BF00204FF0FF30009023
:105C00000098B0EE408A00286ADB10F0010F4BD0FC
:105C100068EE080A9FED471A9FED470A00EE810AD9
:105C20009FED461A10F0020F00EE801AB7EE000A40
:105C300000EE810A02BF01B0BDEC028B00BD00BFC7
:105C400001B0B1EE400ABDEC028B00BD3C4B21F02F
:105C50000042934241D911F0004FDFED3A0A20EEA5
:105C6000201ADFED390A19BF31EE601A71EE200AF1
:105C700031EE201A71EE600ABDEEE01A11EE100A44
:105C80009FED321A00F0030000EEC10A9FED301ABA
:105C9000009000EEC10A9FED2F1A00EEC10A9FEDA1
:105CA0002E1A00EEC10AABE728EE080A9FED2B1A68
:105CB000DFED2B0A10F0020F40EE010A9FED291ACA
:105CC00000EE201A61EE000AB0EE480A08EE200A43
:105CD000B6D101B0BDEC028B00BD00F08BF88FE7B0
:105CE00018EE100A4000B0F17F4F0DD218EE100AE6
:105CF000FFF799F9042808BF00F074F8B0EE480ADD
:105D000001B0BDEC028B00BD09D1012000F02CF9DF
:105D100001B0BDEC028B5DF804EB00F053B801B0AC
:105D2000B0EE480ABDEC028B5DF804EB00F044B81D
:105D3000B61F927EB93AB2BACA9F2A3DDDFFFFBEB6
:105D4000490E494683F9223F0000004B0000C93F3D
:105D500000A0FD390020A2331A61342C336D4CB9F8
:105D6000DA82083CA0AA2ABE10B52DED028BB1EE56
:105D7000C08A18EE100A20F00040C0F1FF40C00FAA
:105D80000AD010EE100A20F00040C0F1FF40C00F12
:105D900004BF012000F0E8F8B0EE480ABDEC028B29
:105DA00010BD0000DFED030AB7EE001A81EE200AF5
:105DB000704700000000000030EE000A704730EE2F
:105DC000200A7047DFED020A80EEA00A704700004B
:105DD000000000009FED020A20EE000A704700005C
:105DE000000000709FED020A20EE000A70470000DC
:105DF000000000102DE9F0014FF07F42B2EB410F9F
:105E00009FBF4FF0FF310160BDE8F00170474FF0D8
:105E1000004242EA0123C1F3C752783A551112F009
:105E20001F0C434CCCF120067C44C1F3C752A2F1B5
:105E300078024FEA621204EB820254F8254008BF50
:105E4000D2E9015612D0556804FA0CF425FA06F787
:105E50003C43976805FA0CF527FA06F8D26807FA6A
:105E60000CFCF24045EA08054CEA0206A4FB034C90
:105E7000A5FB0352A6FB03631D449D4234BF0126CC
:105E800000261319334416B1934202D903E093421A
:105E900001D2012200E00022624402F1200C9206AD
:105EA000DC0C42EA443200EE102A5B03DFED210AEB
:105EB000F8EEC01A00EE103A4FEA9C1C11F0004FA9
:105EC000B8EE400AC0F800C020EE201A00EE105ACA
:105ED000DFED190AB8EE400A20EE200A71EE810AC1
:105EE00070EE800A10EE902A02F500626FF30B024A
:105EF00000EE902A70EEE11A31EEC11ADFED101AB1
:105F000030EE411A9FED0D0A20EE800A01EE210AC3
:105F10009FED0C1A00EE810A04BFBDE8F001704746
:105F2000CCF180510160BDE8F001B1EE400A70474C
:105F3000C8020000000000360000802C22AAFD29C3
:105F4000DB0FC92F0000C92F02E008C8121F08C1CB
:105F5000002AFAD170477047002001E001C1121FEA
:105F6000002AFBD17047000001490860704700001B
:105F70000000002010B500EE100A2DED028BB1EEEE
:105F8000C08A18EE100A20F00040C0F1FF40C00F98
:105F90000AD010EE100A20F00040C0F1FF40C00F00
:105FA00004BF0120FFF7E0FF18EE100ABDEC028BE2
:105FB00010BD000000000000000000000000B33F22
:105FC000B2BE7D3A00002E40DFCF513800007E4047
:105FD000BF51FABA00E0A44019DAC3BA00E0C840E1
:105FE000C2ED8AB90040EB40CD1F2CBA001006412B
:105FF0002AFFFABA00C01541DFCFD13700D02441C3
:106000009A97703A0050334189478E36004041419B
:10601000E75B9D3800B04E41C00A98B900A05B41D3
:10602000558F943A00306841DA92C0BA004074410A
:1060300062B3C63A0000803F00A0853F00908B3FCE
:1060400000C0913F0030983F00F09E3F00F0A53F18
:106050000050AD3F0000B53F0000BD3F0060C53FB0
:106060000020CE3F0040D73F00C0E03F00C0EA3FE5
:106070000020F53F000000007D36AC397D3C38390A
:10608000EBDCF438320A7E39124C26399B6AED3942
:10609000A4EE83397F661E39F6398A392B42653979
:1060A000A48211395B991F39C3EECD39DDE7C637BC
:1060B000A5A22F390000803FC3AA853FC2958B3F20
:1060C000D3C3913FF037983F32F59E3FD7FEA53FAF
:1060D0003F58AD3FF304B53FA408BD3F2A67C53F15
:1060E0008C24CE3FFD44D73FDFCCE03FC7C0EA3F22
:1060F0007D25F53F000000006E83F9A22915444E6E
:10610000D15727FCC0DD34F5999562DB4190433CC3
:10611000AB6351FE00000000000000000102030418
:106120000607080900000000010203040001020341
:1061300004050607080C1014182030400000000069
:106140000000003F000000000000B4420000B44224
:10615000000000000000803F000000000000000080
:1061600000000000000080BF0000000000000000F0
:1061700000000000000080BF00000000000080BFA1
:10618000000000000000000000000000000080BFD0
:106190000000803F0000000000000000080402042E
:1061A00008010101010101030701000001000200D3
:1061B0000400060008000A000C0010002000400047
:1061C00080000001000000000000003F0000FA44D1
:1061D0000000204100000000F4010000494D55443A
:1061E0004154413200494D5544415441004C4544CD
:1061F00000464443414E00494D55557064617461F9
:1062000000566F69636500556E6E616D656454611B
:10621000736B004261726F6D65746572004C6F77CD
:10622000506F77657200000048620108000000208E
:1062300010040000D00300082863010810040020A7
:10624000A84E0000585F0108410D126F12833A04F6
:1062500011042690D003C3803F28090AD723BDCD5F
:10626000CC4CBD441808A245763F85EB81204F8079
:106270003F010201012C4904400935460108414310
:1062800001084BCD470881DA511013F00842201362
:10629000180E4C20700D0C011C5F0D4A01089D4822
:1062A0004414100242022A40F93C0A35803C052B76
:1062B00004024204B93C0D36080242103C19781120
:1062C00009293DB93C110939F05C100242450933F6
:1062D000B40937F01A08B40216011A55287ADDDC21
:1062E000E117E1420108480A42204BA80108092AA7
:1062F0003C5AD83C0A31E43C4B680B340B1020026A
:106300003C81CF114B0108494944293C4BB8093421
:106310000A116C781AB578011C4BD80C346A98783D
:0863200035507D4401721000AC
:040000050800024DA0
:00000001FF
