:020000040800F2
:10000000B852002061020008B5FF0008B5E60008FC
:10001000B1FF000819090008691F010873020008F0
:10002000000000000000000000000000710A01084C
:10003000252800080000000089000108950D01082E
:100040007D0200087D0200087D0200087D02000894
:100050007D0200087D0200087D0200087D02000884
:100060007D0200087D0200087D0200087D02000874
:100070007D0200087D0200087D020008A129000819
:100080007D0200087D0200087D0200087D02000854
:100090007D0200087D0200087D0200087D02000844
:1000A0007D0200087D0200087D0200087D02000834
:1000B0007D0200080D2C00087D0200087D0200086A
:1000C0007D0200087D0200087D0200087D02000814
:1000D000000000007D0200087D020008B52900082C
:1000E000C52900087D0200087D0200087D02000885
:1000F0007D0200087D0200087D0200087D020008E4
:100100007D0200087D0200081D1201087D02000822
:100110007D0200087D0200087D0200087D020008C3
:100120007D0200087D020008CD1E01087D02000846
:100130007D0200087D0200087D0200087D020008A3
:100140007D0200087D0200087D0200087D02000893
:100150007D0200087D0200087D0200087D02000883
:100160007D0200087D0200087D0200087D02000873
:100170007D0200087D0200087D0200087D02000863
:100180007D0200087D0200087D0200087D02000853
:100190007D0200087D0200087D0200087D02000843
:1001A0007D0200087D0200087D0200087D02000833
:1001B0007D0200087D0200087D0200087D02000823
:1001C0007D0200087D0200087D0200087D02000813
:1001D0007D0200087D0200087D0200087D02000803
:1001E0007D0200087D0200087D0200087D020008F3
:1001F0007D0200087D0200087D0200087D020008E3
:100200007D0200087D0200087D0200080000000059
:10021000000000007D020008000000007D020008D0
:100220007D0200087D0200087D0200087D020008B2
:100230007D0200087D0200087D0200087D020008A2
:100240007D0200087D0200087D020008DFF80CD066
:1002500000F0A6F800480047A1430108B85200206A
:100260000748804707480047FEE7FEE7FEE7FEE74E
:10027000FEE7FEE7FEE7FEE7FEE7FEE7FEE700003B
:10028000E51001084D0200082DE9F05F0546002049
:1002900092469B4688460646814640241BE02846F7
:1002A00041464746224600F068F853465A46C01A6F
:1002B000914110D311461846224600F04FF82D1AEE
:1002C00067EB01084F4622460120002100F046F866
:1002D00017EB00094E41201EA4F10104DFDC484663
:1002E00031462A464346BDE8F09F40EA01039B079A
:1002F00003D009E008C9121F08C0042AFAD203E09B
:1003000011F8013B00F8013B521EF9D27047D2B2FE
:1003100001E000F8012B491EFBD270470022F6E7EE
:1003200010B513460A4604461946FFF7F0FF20466B
:1003300010BD10B5044604E00B7800F8013B03B192
:10034000491C521EF8D2204610BD034611F8012B5D
:1003500000F8012B002AF9D118467047202A04DB47
:10036000203A00FA02F1002070479140C2F12003C8
:1003700020FA03F3194390407047202A04DB203A07
:1003800021FA02F00021704721FA02F3D040C2F1B5
:100390002002914008431946704700207047000032
:1003A0001CB509480090094801900546009C06E0EC
:1003B000E06840F0010394E8070098471034AC422D
:1003C000F6D3FFF747FF00005C6301087C63010878
:1003D00070B58C1810F8015B15F0070301D110F807
:1003E000013B2A1106D110F8012B03E010F8016B34
:1003F00001F8016B5B1EF9D12B0705D40023521EB7
:100400000DD401F8013BFAE710F8013BCB1A921C1E
:1004100003E013F8015B01F8015B521EF9D5A1421C
:10042000D8D3002070BD000080B586B0049040F2A3
:100430001472C2F20002002050611061D06090601E
:10044000506010602C211170049A0121019112F06A
:10045000D9F801990390049A084612F0D3F8029053
:10046000039818B1FFE70398059008E0029818B1C7
:10047000FFE70298059002E000200590FFE705984D
:1004800006B080BD80B582B012F06AFB0190019881
:1004900002B080BD80B584B0ADF80A0001918DF83E
:1004A0000320BDF80A0040F2FE71884207DCFFE736
:1004B000019820B1FFE79DF8030020B9FFE76FF036
:1004C0000100039008E0BDF80A0001999DF803209F
:1004D00012F0E0FB0390FFE7039804B080BD00003A
:1004E00080B584B0ADF80E0012F0D0FB40F2406051
:1004F000C2F2000012F052FA0190019818B9FFE719
:1005000011F052FD0DE00198B0F1FF3F08DCFFE76C
:1005100040F68861C2F20001886901308861FFE716
:10052000FFE740F27060C2F2000012F059FA40B1E9
:10053000FFE740F68861C2F20001C8690130C86176
:10054000FFE740F2A060C2F2000012F097FA40B15B
:10055000FFE740F68861C2F20001086A01300862D4
:10056000FFE711F005FE40F26C00C2F200000078D7
:1005700038B9FFE740F22841C2F2000100200860CC
:1005800047E040F6E060C2F20000407990B9FFE732
:1005900040F6E060C2F20000C07858B9FFE740F6CC
:1005A000E060C2F20000007920B9FFE76420ADF8F6
:1005B000020003E00520ADF80200FFE7BDF80E20C1
:1005C00040F22840C2F20000016811440160006856
:1005D000BDF8021088421CD3FFE740F22841C2F266
:1005E00000010020086005F077F8CDF80A0040F21D
:1005F00002300DF10A01042212F04CFB40B1FFE77A
:1006000040F68861C2F20001486901304861FFE7A5
:10061000FFE704B080BD000080B584B08DF80B000A
:10062000002001909DF80B0070B1FFE79DF80B00D2
:10063000012809D0FFE79DF80B00022804D0FFE74E
:100640006FF0010003901DE09DF80B0040F26D017A
:10065000C2F2000108709DF80B0028B9FFE70020E6
:1006600002F02AF901900AE09DF80B00012805D15B
:10067000FFE7012002F020F90190FFE7FFE7019872
:100680000390FFE7039804B080BD000080B582B0FE
:10069000ADF80600BDF8060040B1FFE740F26D007E
:1006A000C2F200000078022801D0FFE70BE002F060
:1006B000E5F840B1FFE740F68861C2F20001086D3D
:1006C00001300865FFE702B080BD000080B584B04E
:1006D00040F60400C4F20240006800F0400100202F
:1006E000B0EB911F04D1FFE712F022F8039065E010
:1006F00002F0F0F820B1FFE74FF0FF3003905DE02B
:100700000DF1070002F0EAF820B1FFE74FF0FF30EB
:10071000039053E09DF8070020B9FFE712F008F8B6
:1007200003904BE09DF807008DF8060004F0D4FF1D
:100730000290FFE704F0D0FF0299401AC0087C281D
:100740001DD8FFE70DF1070002F0C8F820B1FFE760
:100750004FF0FF30039031E09DF807109DF8060040
:1007600008408DF806009DF8060020B9FFE711F05B
:10077000DFFF039022E00A2003F0BAFDDAE7012050
:1007800005F0D2F8022005F0CFF8082005F0CCF8EB
:10079000202005F0C9F840F64001C4F20241086883
:1007A00040F0FF00086040F60001C4F20241086812
:1007B00040F08000086000200390FFE7039804B039
:1007C00080BD000080B540F2D061C2F2000100207F
:1007D000087002F07FF880BD80B582B0ADF80600E9
:1007E00040F2D060C2F200000078F0B9FFE740F6B6
:1007F000E060C2F20000C078B0B1FFE740F6E06010
:10080000C2F20000007978B1FFE712F085F920B15B
:10081000FFE712F093F938B9FFE740F2D061C2F276
:10082000000101200870FFE714E00DF1050002F05F
:1008300055F840B1FFE740F68861C2F20001C86A8E
:100840000130C86206E09DF8050018B9FFE711F015
:100850006FFFFFE702B080BD80B584B08DF80B005C
:100860009DF80B00652804D3FFE76FF001000390AB
:1008700014E09DF80B0018B9FFE76A20019003E02F
:100880009DF80B000190FFE701988DF80A009DF894
:100890000A10002014F030FB0390FFE7039804B027
:1008A00080BD000080B582B0ADF8060040F6E06083
:1008B000C2F200008079012807D0FFE740F22C4106
:1008C000C2F200010020087024E040F22C40C2F285
:1008D0000000007870B9FFE704F0FEFE40F23041FE
:1008E000C2F20001086040F22C41C2F20001012076
:1008F00008700FE004F0F0FE40F23041C2F2000157
:100900000968401A00097C2801D8FFE702E011F0CD
:100910009FFFFFE702B080BDFFE7FEE784B00290D3
:100920000191009202980199884203DAFFE7019849
:1009300003900AE002980099884203DDFFE70098DF
:10094000039002E002980390FFE7039804B0704719
:1009500085B004900498006A039004980068406988
:1009600020F4430003990843049909684861049BF3
:100970001A6958699969DB69184310430843039061
:100980000498016801205022C4F2020291420290B0
:1009900000F06781FFE70498016801205022C5F24A
:1009A00002029142029000F05C81FFE70498016826
:1009B0000120D022C4F202029142029000F0518143
:1009C000FFE7049801680120D022C5F2020291429B
:1009D000029000F04681FFE704980168012040F290
:1009E0005012C4F202029142029000F03A81FFE7F5
:1009F00004980168012040F25012C5F202029142AF
:100A0000029000F02E81FFE704980168012040F277
:100A1000D012C4F202029142029000F02281FFE75C
:100A200004980168012040F2D012C5F202029142FE
:100A3000029000F01681FFE704980168012040F25F
:100A40005022C4F202029142029000F00A81FFE7B4
:100A500004980168012040F25022C5F2020291423E
:100A6000029000F0FE80FFE704980168012040F248
:100A7000D022C4F202029142029000F0F280FFE71D
:100A800004980168012040F2D022C5F2020291428E
:100A9000029000F0E680FFE704980168012040F230
:100AA0005032C4F202029142029000F0DA80FFE775
:100AB00004980168012040F25032C5F202029142CE
:100AC000029000F0CE80FFE704980168012040F218
:100AD000D032C4F202029142029000F0C280FFE7DD
:100AE00004980168012040F2D032C5F2020291421E
:100AF000029000F0B680FFE704980168012041F2FF
:100B00005002C4F202029142029000F0AA80FFE774
:100B100004980168012041F25002C5F2020291429C
:100B2000029000F09E80FFE704980168012041F2E6
:100B3000D002C4F202029142029000F09280FFE7DC
:100B400004980168012041F2D002C5F202029142EC
:100B5000029000F08680FFE704980168012041F2CE
:100B60005012C4F20202914202907AD0FFE7049838
:100B70000168012041F25012C5F202029142029036
:100B80006FD0FFE704980168012041F2D012C4F24F
:100B900002029142029064D0FFE7049801680120AC
:100BA00041F2D012C5F202029142029059D0FFE701
:100BB00004980168012041F25022C4F202029142DD
:100BC00002904ED0FFE704980168012041F25022C4
:100BD000C5F202029142029043D0FFE704980168F7
:100BE000012041F2D022C4F202029142029038D098
:100BF000FFE704980168012041F2D022C5F2020209
:100C0000914202902DD0FFE704980168012041F243
:100C10005032C4F202029142029022D0FFE70498BF
:100C20000168012041F25032C5F202029142029065
:100C300017D0FFE704980168012041F2D032C4F2D6
:100C40000202914202900CD0FFE7049800684EF631
:100C50003041CAF6FD710844B0FA80F040090290B4
:100C6000FFE70298C007B8B1FFE70498426A836AB9
:100C7000C06A0021CFF6F07101EB035101F07C71E5
:100C800008436FF00F0101EB021101F47C71014385
:100C9000039808430390FFE704980068006C00F095
:100CA00080200399084304990968086404998868B6
:100CB0000A791043096B084303900498C068B0F5A3
:100CC000806F40F07C81FFE704980168012050228A
:100CD000C4F202029142019000F06781FFE704989C
:100CE000016801205022C5F202029142019000F0F9
:100CF0005C81FFE7049801680120D022C4F202025F
:100D00009142019000F05181FFE7049801680120B1
:100D1000D022C5F202029142019000F04681FFE725
:100D200004980168012040F25012C4F2020291427C
:100D3000019000F03A81FFE704980168012040F239
:100D40005012C5F202029142019000F02E81FFE79D
:100D500004980168012040F2D012C4F202029142CC
:100D6000019000F02281FFE704980168012040F221
:100D7000D012C5F202029142019000F01681FFE705
:100D800004980168012040F25022C4F2020291420C
:100D9000019000F00A81FFE704980168012040F209
:100DA0005022C5F202029142019000F0FE80FFE75E
:100DB00004980168012040F2D022C4F2020291425C
:100DC000019000F0F280FFE704980168012040F2F2
:100DD000D022C5F202029142019000F0E680FFE7C6
:100DE00004980168012040F25032C4F2020291429C
:100DF000019000F0DA80FFE704980168012040F2DA
:100E00005032C5F202029142019000F0CE80FFE71D
:100E100004980168012040F2D032C4F202029142EB
:100E2000019000F0C280FFE704980168012040F2C1
:100E3000D032C5F202029142019000F0B680FFE785
:100E400004980168012041F25002C4F2020291426A
:100E5000019000F0AA80FFE704980168012041F2A8
:100E60005002C5F202029142019000F09E80FFE71D
:100E700004980168012041F2D002C4F202029142BA
:100E8000019000F09280FFE704980168012041F290
:100E9000D002C5F202029142019000F08680FFE785
:100EA00004980168012041F25012C4F202029142FA
:100EB00001907AD0FFE704980168012041F25012B6
:100EC000C5F20202914201906FD0FFE704980168D9
:100ED000012041F2D012C4F202029142019064D08A
:100EE000FFE704980168012041F2D012C5F2020226
:100EF0009142019059D0FFE704980168012041F226
:100F00005022C4F20202914201904ED0FFE70498B1
:100F10000168012041F25022C5F202029142019083
:100F200043D0FFE704980168012041F2D022C4F2C7
:100F300002029142019038D0FFE704980168012035
:100F400041F2D022C5F20202914201902DD0FFE77A
:100F500004980168012041F25032C4F20202914229
:100F6000019022D0FFE704980168012041F250323D
:100F7000C5F202029142019017D0FFE70498016880
:100F8000012041F2D032C4F20202914201900CD011
:100F9000FFE7049800684EF63041CAF6FD71084438
:100FA000B0FA80F040090190FFE70198C00728B12E
:100FB000FFE7039840F480600390FFE70CE004989B
:100FC000C068B0F5007F05D1FFE7039840F40070DA
:100FD000039000E0FFE7FFE70498416B03980843A4
:100FE000039004980068406C42F20011C3F6C041BF
:100FF0000840039908430499096848640498016803
:101000000020886404980168012040F25032C4F244
:101010000202914200904ED0FFE70498016801203F
:1010200040F25032C5F202029142009043D0FFE7F5
:1010300004980168012040F2D032C4F202029142C9
:10104000009038D0FFE704980168012040F2D032C8
:10105000C5F20202914200902DD0FFE7049801688A
:10106000012041F25032C4F202029142009022D09B
:10107000FFE704980168012041F25032C5F20202F4
:101080009142009017D0FFE704980168012041F2D7
:10109000D032C4F20202914200900CD0FFE70498D3
:1010A00000684EF63041CAF6FD710844B0FA80F08F
:1010B00040090090FFE70098C00740B1FFE704989F
:1010C000016800204865049909688865FFE704986D
:1010D00001680020C86705B07047000085B0009027
:1010E000009B9869D9691A6A5B6A0493039202911A
:1010F00001909DED010ADDED020A9DED031ADDED83
:10110000041A05B07047000080B582B001900198C4
:1011100046F27021C0F6010100F0D8F8019800F005
:1011200003F802B080BD000080B58EB00D900D9A1E
:101130004FF07E50099000200A900B900C90099976
:101140000A9BDDF82CC0DDF830E0C2F824E0C2F8DC
:1011500020C0D36191610D9A06900790089006997E
:10116000079BDDF820C0C2F830C0D36291620D9AAF
:10117000012182F834100D9A0021C4F220119163EC
:101180000D9981F840000D9A039004900590039901
:10119000049BDDF814C0C2F84CC0936451640D9AEE
:1011A0000090019002900099019BDDF808C0C2F800
:1011B00058C0536511650D9981F85C000D9908665A
:1011C0000D9A516951660D9981F868000D99C866AC
:1011D0000D99486908670EB080BD000080B590B0D9
:1011E0000F908DED0E0A0F9890ED060A90ED073ADC
:1011F00090ED081A90ED092A23EE013A20EE020A3A
:1012000030EE030A21EE013AB6EE001A8DED011A16
:1012100031EE431A22EE022A71EE420A14F046F829
:101220008DED0D0A9DED0D0A8DED020A9DED0E0A64
:1012300000F0C0FC9DED011AB0EE402A9DED020ABF
:1012400030EE420A20EE010A8DED0C0A9DED0C0AEB
:1012500014F082F98DED080A002009900A909DEDA6
:101260000C0A14F053FDB0EE401A9FED170A30EE51
:10127000410A8DED0B0A0F9803909DED080ADDEDF4
:10128000090A9DED0A1ADDED0B1A90ED062AD0ED44
:10129000072A90ED083AD0ED093A00F07FFE039955
:1012A000CDED071A8DED061ACDED050A8DED040A78
:1012B0000498059A069BDDF81CC0C1F824C00B6297
:1012C000CA61886110B080BD0000008080B586B022
:1012D0000590049104980078059908700498406876
:1012E00005994860049890ED020AB5EE400AF1EEC7
:1012F00010FA05D1FFE79FED4C0A8DED030A09E0D6
:10130000049890ED020A9FED471A20EE010A8DED38
:10131000030AFFE79DED030A059880ED020A049891
:1013200090ED030AB5EE400AF1EE10FA05D1FFE7A1
:101330009FED3D0A8DED020A11E0049890ED030A3D
:1013400000F038FC14F0E2FCB6EE001A20EE010AC0
:10135000F0EE000A14F0A8F98DED020AFFE79DED0A
:10136000020A059880ED030A049890ED040AB5EE90
:10137000400AF1EE10FA05D1FFE79FED2B0A8DED43
:10138000010A11E0049890ED040A00F013FC14F037
:10139000BDFCB6EE001A20EE010AF0EE000A14F0D1
:1013A00083F98DED010AFFE79DED010A059880EDB7
:1013B000040A049840690599486105994869486696
:1013C000059948690867049890ED010AB5EE400A4E
:1013D000F1EE10FA04D0FFE70498406948B9FFE73E
:1013E00005994FF6FF70C7F67F70C86005990861D0
:1013F000FFE7059890F83400C00720B9FFE705998A
:1014000048688863FFE7059890ED011AB2EE040A78
:1014100030EE410AB0EE081A80EE010A80ED0F0AA4
:1014200006B080BD48E17A3FFFFF7F7F80B5CAB03C
:101430008DED491ACDED480A8DED470ACDED462ACE
:101440008DED452ACDED441A8DED434ACDED423A5E
:101450008DED413A4090CDED3F4A40994498459AF0
:10146000469B0B63CA6288629DED470AB0EEC00AD4
:10147000409890ED021AB4EE410AF1EE10FA1ADC2F
:10148000FFE79DED480AB0EEC00A409890ED021AC1
:10149000B4EE410AF1EE10FA0DDCFFE79DED490ACA
:1014A000B0EEC00A409890ED021AB4EE410AF1EE97
:1014B00010FA1CDDFFE7409B9869D9691A6A5B6ADC
:1014C0003E933D923C913B904098FFF72DFE409912
:1014D0003B983C9A3D9BDDF8F8C0C1F824C00B62F4
:1014E000CA6188614099012081F84000FFE7409877
:1014F00090F83400C00768B3FFE7409890ED0E0AFB
:1015000090ED0F1A9DED3F2A21EE021A30EE410AAE
:1015100080ED0E0A409890ED011A90ED0E0AB4EE9F
:10152000410AF1EE10FA09DBFFE7409890ED010A5D
:10153000B5EE400AF1EE10FA0BD1FFE7409948688A
:1015400088634099002081F83400409981F8400078
:10155000FFE7FFE740980CF061FF8DED3A1ACDED03
:10156000390A8DED380A0020379036903590409931
:10157000012081F85C009DED440ADDED450A9DEDFA
:10158000461A01F00FF8002879D1FFE7409804903F
:101590009DED440ADDED450A9DED461A01F054F833
:1015A0008DED311ACDED300A8DED2F0A9DED2F0A0C
:1015B000DDED300A9DED311ADDED381A9DED392A49
:1015C000DDED3A2A01F0C0FA04998DED341ACDED23
:1015D000330A8DED320A3298339A349BCB648A6495
:1015E0004864409890F83400C00790B9FFE74098ED
:1015F00090ED110AD0ED120A90ED131A00F0FEFFE3
:10160000409890ED031AB4EE410AF1EE10FA09DCAD
:10161000FFE74099002081F85C004099086E093886
:10162000086604E04099086E01300866FFE74099BB
:10163000086E496E884207DDFFE740990020486642
:10164000409981F85C0003E0409948694866FFE7EB
:1016500040984269006E0021FFF760F940990866E2
:10166000409890F85C00C00740B9FFE7409A506C82
:10167000916CD26C379236913590FFE7FFE70020EE
:101680002E902D902C904099012081F868009DEDBE
:10169000410ADDED420A9DED431A00F083FF002868
:1016A00040F09780FFE740980CF040FF8DED2B1A3B
:1016B000CDED2A0A8DED290A409803909DED380A58
:1016C000DDED390A9DED3A1ADDED411A9DED422A14
:1016D000DDED432A00F098FE8DED221ACDED210AB2
:1016E0008DED200A9DED200ADDED210A9DED221AE7
:1016F00000F0AAFF8DED251ACDED240A8DED230A09
:101700009DED230ADDED240A9DED251ADDED291A54
:101710009DED2A2ADDED2B2A01F016FA03998DEDB5
:10172000281ACDED270A8DED260A2698279A289BA0
:101730008B654A650865409890F83400C00790B9F9
:10174000FFE7409890ED140AD0ED150A90ED161AB7
:1017500000F054FF409890ED041AB4EE410AF1EE07
:1017600010FA09DCFFE74099002081F868004099F1
:10177000C86E0938C86604E04099C86E0130C86672
:10178000FFE74099C86E096F884207DDFFE740997F
:1017900000200867409981F8680003E04099486993
:1017A0000867FFE740984269C06E0021FFF7B6F86E
:1017B0004099C866409890F86800C00740B9FFE7B4
:1017C000409A106D516D926D2E922D912C90FFE7E5
:1017D000FFE7B6EE000A00F0EDF9F0EE401A9DEDDD
:1017E000470ADDED480A9DED491A00F057FF8DEDDF
:1017F0001F1ACDED1E0A8DED1D0A9DED350ADDED9A
:10180000360A9DED371ADDED2C1A9DED2D2ADDED02
:101810002E2A00F09DFD8DED161ACDED150A8DEDE9
:10182000140A4098D0ED0E1A9DED140ADDED150A4C
:101830009DED161A00F032FF8DED191ACDED180A44
:101840008DED170A9DED1D0ADDED1E0A9DED1F1A97
:10185000DDED171A9DED182ADDED192A00F078FD4F
:101860008DED1C1ACDED1B0A8DED1A0A40980190E2
:10187000DDED3F1A9DED1A0ADDED1B0A9DED1C1AE8
:1018800000F00CFF01988DED0B1ACDED0A0A8DEDDD
:10189000090A90ED060AD0ED070A90ED081AD0ED7E
:1018A000091A9DED092ADDED0A2A9DED0B3A00F09B
:1018B000C7FC0198CDED0F1A8DED0E1ACDED0D0A76
:1018C0008DED0C0A90ED060AD0ED070A90ED081A8E
:1018D000D0ED091A9DED0C2ADDED0D2A9DED0E3A95
:1018E000DDED0F3A00F07EFA0199CDED131A8DED82
:1018F000121ACDED110A8DED100A1098119A129B53
:10190000DDF84CC0C1F824C00B62CA618861409800
:10191000029090ED060AD0ED070A90ED081AD0ED7E
:10192000091A00F007FB0299CDED081A8DED071A90
:10193000CDED060A8DED050A0598069A079BDDF8A0
:1019400020C0C1F824C00B62CA6188614AB080BD62
:1019500080B58CB08DED0B1ACDED0A0A8DED090A1C
:10196000CDED082A8DED072ACDED061A05908DEDF7
:10197000043A05980021019102910391DDED044A9A
:101980009DED090ADDED0A0A9DED0B1ADDED061A43
:101990009DED072ADDED082A9DED013ADDED023AC5
:1019A0009DED034AFFF742FD059890F83400C0070B
:1019B00030B1FFE705989FED030AFFF70FFCFFE743
:1019C0000CB080BD0000000080B582B08DED000A33
:1019D0009DED000ABFEE001AB4EE410AF1EE10FAD6
:1019E00006DCFFE740F6DB70CBF6C970019016E02D
:1019F0009DED000AB7EE001AB4EE410AF1EE10FABE
:101A000006DBFFE740F6DB70C3F6C970019006E025
:101A10009DED000A13F0B4FB8DED010AFFE79DED8B
:101A2000010A02B080BD000085B0049003919DEDD5
:101A3000030AB8EE401AB7EE000A80EE010A9FEDE5
:101A40000C1A20EE010A049880ED000A039804990C
:101A500048600499002088600499009001900290E9
:101A60000098019A029B4B610A61C86005B07047FB
:101A7000FDAD003E80B592B08DED0E1ACDED0D0A94
:101A80008DED0C0A0B900B989DED0C0ADDED0D0A07
:101A90009DED0E1AD0ED031A90ED042AD0ED052A23
:101AA00000F07EFE8DED0A1ACDED090A8DED080AD3
:101AB000089809990A9A0E920D910C909DED0C0AC6
:101AC000B0EEC00AB0EE081AB4EE410AF1EE10FA18
:101AD00018DCFFE79DED0D0AB0EEC00AB0EE081A63
:101AE000B4EE410AF1EE10FA0CDCFFE79DED0E0AB0
:101AF000B0EEC00AB0EE081AB4EE410AF1EE10FAE8
:101B00000ADDFFE70B99002088600C980D990E9A6A
:101B1000119210910F9045E00B98416880688842BF
:101B20000BD2FFE70B998868013088600C980D99FB
:101B30000E9A119210910F9034E00B980190D0ED15
:101B4000001A9DED0C0ADDED0D0A9DED0E1A00F058
:101B5000CFFD01988DED041ACDED030A8DED020A3B
:101B600090ED030AD0ED040A90ED051ADDED021A9E
:101B70009DED032ADDED042A00F018FC01998DED9E
:101B8000071ACDED060A8DED050A0598069A079B02
:101B90004B610A61C8600C980D990E9A11921091D0
:101BA0000F90FFE79DED0F0ADDED100A9DED111A74
:101BB00012B080BD81B08DED000A9DED000A9FED51
:101BC000031A20EE010A01B0704700BF35FA8E3CBF
:101BD00082B08DED010A01980090009941F2124007
:101BE000C5F61F70A0EB610000909DED000A9DED11
:101BF000011A9FED082A21EE021A21EE001A21EEA9
:101C0000001A9FED052A31EE021A20EE010A02B0F9
:101C1000704700BF12D336BFFF51D83FF0B58FB029
:101C2000189E179D169CDDF854E0DDF850C00B9609
:101C30000A950994CDF820E0CDF81CC006930592D2
:101C4000049103908DED021ACDED010A8DED000A8D
:101C50009DED031A9DED043A9DED050A9DED004AA8
:101C60009DED015A9DED022A23EE053A21EE041A5C
:101C700031EE031A20EE020A30EE010A8DED0C0A55
:101C80009DED061A9DED073A9DED080A9DED004A6F
:101C90009DED015A9DED022A23EE053A21EE041A2C
:101CA00031EE031A20EE020A30EE010A8DED0D0A24
:101CB0009DED091A9DED0A3A9DED0B0A9DED004A36
:101CC0009DED015A9DED022A23EE053A21EE041AFC
:101CD00031EE031A20EE020A30EE010A8DED0E0AF3
:101CE0009DED0C0ADDED0D0A9DED0E1A0FB0F0BD55
:101CF000F0B5A1B02A9E299D289CDDF89CE0DDF876
:101D000098C08DED1D1ACDED1C0A8DED1B0A1A969B
:101D100019951894CDF85CE0CDF858C0159314923D
:101D200013911290CDED112A8DED102ACDED0F1AE1
:101D30008DED0E4ACDED0D3A8DED0C3A9DED1B0A61
:101D4000DDED1C0A9DED1D1ADDED0C1A9DED0D2A31
:101D5000DDED0E2A00F0F6FC8DED081ACDED070A38
:101D60008DED060A9DED060ADDED070A9DED081AC8
:101D7000DDED0F1A9DED102ADDED112A00F0B6FB06
:101D80008DED0B1ACDED0A0A8DED090A1298139903
:101D9000149A159BDDF858C0179C189D199E1A9F20
:101DA0009DED090ADDED0A0A9DED0B1AEE46CEF80F
:101DB0001070CEF80C60CEF80850CEF80440CEF883
:101DC00000C0FFF72BFF8DED201ACDED1F0A8DED22
:101DD0001E0A9DED1E0ADDED1F0A9DED201A21B0A1
:101DE000F0BD00008CB0CDED071A8DED061ACDEDDB
:101DF000050A8DED040ACDED033A8DED023ACDEDE5
:101E0000012A8DED002A9DED040A9DED001A30EEA9
:101E1000010A8DED080A9DED050A9DED011A30EECF
:101E2000010A8DED090A9DED060A9DED021A30EEBC
:101E3000010A8DED0A0A9DED070A9DED031A30EEA9
:101E4000010A8DED0B0A9DED080ADDED090A9DEDF5
:101E50000A1ADDED0B1A0CB0704700008CB0CDED06
:101E6000071A8DED061ACDED050A8DED040ACDEDAC
:101E7000033A8DED023ACDED012A8DED002A9DED5C
:101E8000040A9DED001A20EE010A8DED080A9DED71
:101E9000050A9DED011A20EE010A8DED090A9DED5E
:101EA000060A9DED021A20EE010A8DED0A0A9DED4B
:101EB000070A9DED031A20EE010A8DED0B0A9DED38
:101EC000080ADDED090A9DED0A1ADDED0B1A0CB0CA
:101ED0007047000080B588B0CDED071A8DED061A69
:101EE000CDED050A8DED040A9DED042ADDED052AF0
:101EF0009DED063ADDED073AB0EE420AF0EE620AD9
:101F0000B0EE431AF0EE631AFFF7A8FFCDED031A07
:101F10008DED021ACDED010A8DED000A9DED000A4E
:101F2000DDED010A9DED021ADDED031A00F008F95E
:101F300008B080BD80B588B0CDED031A8DED021AD2
:101F4000CDED010A8DED000A9DED000ADDED010ADF
:101F50009DED021ADDED031AFFF7BCFFFFF738FE17
:101F6000B0EE402A9DED000ADDED010A9DED021A5A
:101F7000DDED031A00F0AEF8CDED071A8DED061A6F
:101F8000CDED050A8DED040A9DED040ADDED050A8F
:101F90009DED061ADDED071A08B080BD8CB0CDEDC1
:101FA000071A8DED061ACDED050A8DED040ACDED6B
:101FB000033A8DED023ACDED012A8DED002A9DED1B
:101FC000040A9DED055A9DED063A9DED071A9DED1B
:101FD000006A9DED017A9DED024A9DED032A25EEF2
:101FE000075A20EE060A30EE450A23EE043A30EE98
:101FF000430A21EE021A30EE410A8DED080A9DEDEA
:10200000007A9DED016A9DED022A9DED034A9DED4A
:10201000043A9DED055A9DED060A9DED071A25EE41
:10202000075A23EE063A33EE053A20EE040A30EE64
:10203000030A21EE021A30EE410A8DED090A9DEDE8
:10204000004A9DED012A9DED026A9DED037A9DED0A
:10205000043A9DED055A9DED061A9DED070A25EE01
:10206000075A23EE063A33EE453A21EE041A31EED2
:10207000031A20EE020A30EE010A8DED0A0A9DEDE8
:10208000002A9DED014A9DED027A9DED036A9DEDCA
:10209000041A9DED055A9DED063A9DED070A25EEC1
:1020A000075A21EE061A31EE051A23EE043A31EEF4
:1020B000431A20EE020A30EE010A8DED0B0A9DED67
:1020C000080ADDED090A9DED0A1ADDED0B1A0CB0C8
:1020D0007047000089B0CDED041A8DED031ACDEDE7
:1020E000020A8DED010A8DED002A9DED010A9DED9C
:1020F000001A20EE010A8DED050A9DED020A9DED04
:10210000001A20EE010A8DED060A9DED030A9DEDF1
:10211000001A20EE010A8DED070A9DED040A9DEDDF
:10212000001A20EE010A8DED080A9DED050ADDED8D
:10213000060A9DED071ADDED081A09B07047000088
:1021400084B0CDED031A8DED021ACDED010A8DEDAF
:10215000000A9DED000A9DED013A9DED022A9DEDDC
:10216000031A30EE030A30EE020A30EE010A04B020
:102170007047000080B588B0CDED041A8DED031ACC
:10218000CDED020A8DED010A9DED011A9DED023A99
:102190009DED030A9DED042A21EE033A20EE020A8A
:1021A00030EE030A22EE022A21EE011A31EE021A63
:1021B000B6EE002A8DED002A71EE420A13F076F891
:1021C00000F0B8F88DED050A9DED010A9DED021AAB
:1021D0009DED032A9DED043A21EE031A20EE020A3A
:1021E00030EE410A30EE000AFFF7EEFB00F0A2F8F5
:1021F0009DED002A8DED060A9DED011A9DED023A36
:102200009DED030A9DED044A21EE044A23EE000AE7
:1022100030EE040A23EE033A21EE011A31EE031ADE
:1022200071EE420A13F042F800F084F88DED070ACF
:102230009DED050ADDED060A9DED071A08B080BD8B
:102240008BB0CDED061A8DED051ACDED040A8DED9E
:10225000030A8DED023ACDED012A8DED002A9DEDA8
:10226000043A9DED050A9DED061A9DED004A9DED8F
:10227000015A9DED022A20EE450A23EE043A30EE83
:10228000430A21EE021A30EE410A8DED070A9DED58
:10229000004A9DED012A9DED025A9DED030A9DED38
:1022A000053A9DED061A23EE053A20EE040A30EEBB
:1022B000030A21EE021A30EE410A8DED080A9DED67
:1022C000002A9DED014A9DED025A9DED031A9DEDF8
:1022D000043A9DED060A23EE053A21EE041A31EE8A
:1022E000431A20EE020A30EE010A8DED090A9DED37
:1022F000002A9DED015A9DED024A9DED030A9DEDD8
:10230000043A9DED051A23EE053A20EE040A30EE5C
:10231000030A21EE021A30EE410A8DED0A0A9DED04
:10232000070ADDED080A9DED091ADDED0A1A0BB06A
:102330007047000081B08DED000A9DED000A9FED11
:10234000031A20EE010A01B0704700BFE02E65427B
:1023500089B08DED051ACDED040A8DED030ACDEDA2
:10236000022A8DED012ACDED001A9DED030A9DEDA7
:10237000001A30EE010A8DED060A9DED040A9DED6E
:10238000011A30EE010A8DED070A9DED050A9DED5B
:10239000021A30EE010A8DED080A9DED060ADDED08
:1023A000070A9DED081A09B07047000089B08DED4D
:1023B000051ACDED040A8DED030ACDED022A8DED4F
:1023C000012ACDED001A9DED030A9DED001A30EEB5
:1023D000010A8DED060A9DED040A9DED011A30EE0D
:1023E000010A8DED070A9DED050A9DED021A30EEFA
:1023F000010A8DED080A9DED060ADDED070A9DED47
:10240000081A09B07047000089B08DED051ACDEDAE
:10241000040A8DED030ACDED022A8DED012ACDEDE2
:10242000001A9DED013A9DED022A9DED040A9DEDF5
:10243000051A21EE031A20EE020A30EE410A8DED54
:10244000060A9DED031A9DED050A9DED002A9DEDFE
:10245000023A21EE031A20EE020A30EE410A8DED17
:10246000070A9DED003A9DED012A9DED030A9DEDC1
:10247000041A21EE031A20EE020A30EE410A8DED15
:10248000080A9DED060ADDED070A9DED081A09B060
:102490007047000080B58AB08DED091ACDED080AAD
:1024A0008DED070ACDED062A8DED052ACDED041A36
:1024B0009DED070ADDED080A9DED091ADDED041A10
:1024C0009DED052ADDED062A00F03EF88DED031A9C
:1024D000CDED020A8DED010A9DED010ADDED020A46
:1024E0009DED031A00F08AF90AB080BD89B08DED28
:1024F000051ACDED040A8DED030ACDED022A8DED0E
:10250000012ACDED001A9DED030A9DED001A20EE83
:10251000010A8DED060A9DED040A9DED011A20EEDB
:10252000010A8DED070A9DED050A9DED021A20EEC8
:10253000010A8DED080A9DED060ADDED070A9DED05
:10254000081A09B07047000089B08DED051ACDED6D
:10255000040A8DED030ACDED022A8DED012ACDEDA1
:10256000001A9DED030A9DED001A20EE010A8DED83
:10257000060A9DED040A9DED011A20EE010A8DED7B
:10258000070A9DED050A9DED021A20EE010A8DED68
:10259000080A9DED060ADDED070A9DED081A09B04F
:1025A0007047000084B08DED031ACDED020A8DED69
:1025B000010A9DED010A0020B5EE400AF1EE10FA85
:1025C000009015D1FFE79DED020A0020B5EE400A0C
:1025D000F1EE10FA00900BD1FFE79DED030A002009
:1025E000B5EE400AF1EE10FA08BF01200090FFE7B7
:1025F000009800F0010004B07047000080B586B07C
:102600008DED051ACDED040A8DED030ADDED031AFB
:102610009DED042ADDED052AB0EE610AF0EE420AD6
:10262000B0EE621AFFF790FF8DED021ACDED010AB0
:102630008DED000A9DED000ADDED010A9DED021A07
:1026400000F0DCF806B080BD80B586B08DED021AD2
:10265000CDED010A8DED000A9DED000ADDED010AC8
:102660009DED021AFFF7CAFFFFF7B2FAF0EE401A2B
:102670009DED000ADDED010A9DED021A00F00EF855
:102680008DED051ACDED040A8DED030A9DED030ACB
:10269000DDED040A9DED051A06B080BD87B08DED15
:1026A000031ACDED020A8DED010ACDED001A9DED64
:1026B000010A9DED001A20EE010A8DED040A9DED40
:1026C000020A9DED001A20EE010A8DED050A9DED2E
:1026D000030A9DED001A20EE010A8DED060A9DED1C
:1026E000040ADDED050A9DED061A07B070470000EB
:1026F00087B08DED031ACDED020A8DED010ACDED07
:10270000001A9DED010A9DED001A20EE010A8DEDE3
:10271000040A9DED020A9DED001A20EE010A8DEDDE
:10272000050A9DED030A9DED001A20EE010A8DEDCC
:10273000060A9DED040ADDED050A9DED061A07B0B7
:102740007047000089B08DED051ACDED040A8DEDBE
:10275000030ACDED022A8DED012ACDED001A9DED83
:10276000030A9DED001A30EE410A8DED060A9DED3B
:10277000040A9DED011A30EE410A8DED070A9DED28
:10278000050A9DED021A30EE410A8DED080A9DED15
:10279000060ADDED070A9DED081A09B07047000032
:1027A00089B08DED051ACDED040A8DED030ACDED4E
:1027B000022A8DED012ACDED001A9DED030A9DED53
:1027C000001A30EE410A8DED060A9DED040A9DEDDA
:1027D000011A30EE410A8DED070A9DED050A9DEDC7
:1027E000021A30EE410A8DED080A9DED060ADDED74
:1027F000070A9DED081A09B07047000083B08DEDFF
:10280000021ACDED010A8DED000A9DED000A9DED45
:10281000012A9DED021A30EE020A30EE010A03B0E1
:10282000704700007047000080B582B08DF8070047
:1028300040F2B800C2F20000026A9DF8071090470B
:1028400002B080BD80B582B08DF8070040F2F40080
:10285000C2F20000026A9DF80710904702B080BDE6
:1028600080B582B08DF8070040F23010C2F200004F
:10287000026A9DF80710904702B080BD80B582B013
:1028800040F25C20C2F20000426A6946904720B1E3
:10289000FFE74FF0FF3001900BE040F25C20C2F206
:1028A0000000026A0099B1FA81F14909904701904C
:1028B000FFE7019802B080BD80B582B08DF80700B7
:1028C00040F25C20C2F20000026A9DF807109047B7
:1028D00002B080BD80B50DF06BFC80BD80B582B0CC
:1028E000019001980DF096FC02B080BD80B586B0D5
:1028F00005900491039200200290FFE702980228BD
:102900004CDCFFE70598029A00EB820090ED000A8C
:1029100040F23840C2F2000000EB820040F20401B5
:10292000C2F20001009101EB82010FF0D7FA049886
:10293000029A00EB820090ED000A40F24440C2F29D
:10294000000000EB820040F21001C2F20001019190
:1029500001EB82010FF0C2FA009A0198059B0299DF
:1029600003EB810393ED000A02EB8102D2ED000A32
:10297000049A02EB810292ED001A00EB8100D0ED87
:10298000001A0DF04FFB0398029900EB810080EDD7
:10299000000AFFE7029801300290AFE706B080BD61
:1029A00080B5102002F0BCFC80BD000072B6FFE7CD
:1029B000FEE7000080B540F6F000C2F2000002F031
:1029C00069F880BD80B540F6F000C2F2000002F068
:1029D00061F880BD83B002904AF60040C4F2000066
:1029E0000090029800684AF60001C4F20001884293
:1029F00005D1FFE7009800F554700090FFE70098BC
:102A00000299086402980068D0F8800020F4F81059
:102A1000029A1168526B40EA0240C1F880000098A7
:102A200070300299486402980068D0F8800020F065
:102A30007060029A1168926B40EA0260C1F88000EF
:102A40000098B03002998864009800F5C47002992B
:102A5000C864009800F5187002990865009800F5A0
:102A60001E700299486500980190FFE7019800994F
:102A700001F55471884208D2FFE7019900200860EF
:102A8000FFE7019804300190F0E703B070470000C1
:102A900088B007900691059204930698406848B95B
:102AA000FFE70698016882680069104340EA8140A8
:102AB000039009E0069801688268006910430843A2
:102AC00040F080400390FFE70698D0F820C0C1682E
:102AD00042698369C06940EA0C601843104340EAC8
:102AE000014002900798406D049901EBC10100EB91
:102AF000C100019003980199086001980430019089
:102B0000029801990860019804300190002000901B
:102B1000FFE700980699CA6846F26021C0F60101F5
:102B2000895C88420DD2FFE70598009940580199C9
:102B30000860019804300190FFE70098043000908D
:102B4000E7E708B07047000080B58CB08DED081A3B
:102B5000CDED070A8DED060ACDED052A8DED042A8F
:102B6000CDED031A9DED060ADDED070A9DED081A6D
:102B7000DDED031A9DED042ADDED052AFFF78AFC41
:102B8000B5EE400AF1EE10FA23DAFFE79DED060AF2
:102B9000DDED070A9DED081ADDED031A9DED042A0F
:102BA000DDED052AFFF730FC8DED021ACDED010AAF
:102BB0008DED000A9DED000ADDED010A9DED021A82
:102BC000FFF742FD8DED0B1ACDED0A0A8DED090AD6
:102BD00014E09DED060ADDED070A9DED081ADDED16
:102BE000031A9DED042ADDED052AFFF70DFC8DED9E
:102BF0000B1ACDED0A0A8DED090AFFE79DED090AD2
:102C0000DDED0A0A9DED0B1A0CB080BD80B540F6D3
:102C10005400C2F2000001F021F880BD40F21070B3
:102C2000C2F200000068704780B5C0B020901F91CC
:102C300000208DF87B001B901F98C0680021C4F213
:102C40007F01884201D0FFE700E0FFE7FFE720981F
:102C500090F85400012804D1FFE702208DF8870086
:102C6000FDE32099012081F85400FFE7FFE7209859
:102C700000680CF05DFA002840F0DD83FFE71F9844
:102C80000068012810D0FFE71F9800680221C0F2F9
:102C9000304188420DD1FFE71F98C0680021C4F27F
:102CA0007F01884205D1FFE7209800680CF0E0F929
:102CB000FFE7209800681F990A6849680CF040FAFD
:102CC000209800680CF034FA1A90209800680CF0F4
:102CD0000FFA19901A98002840F0B881FFE7199868
:102CE000002840F0B381FFE71F988068B0F1004FE3
:102CF0000ED1FFE7209800681F99096800220CF0A8
:102D00003DFA209800684FF000410CF0E3FA0CE027
:102D1000209800681F9A116892680CF02FFA20988A
:102D2000006800210CF0D6FAFFE71F98406920994F
:102D30000968C96801F01801890888401D901F982A
:102D4000006904281CD0FFE7209800681F990A68D2
:102D500009691D9B0CF064FA209800681F9A11699C
:102D600092690CF08FFA209800681F9A1169127FFF
:102D7000013AB2FA82F2520952060CF06FFA64E19B
:102D80002098006800210CF0A3F9000348B9FFE780
:102D90002098006800210CF09BF9C0F38460189023
:102DA00018E02098006800210CF092F990FAA0F049
:102DB0003E903E9820B9FFE720208DF8FF0005E007
:102DC0003E98B0FA80F08DF8FF00FFE79DF8FF0015
:102DD0001890FFE7189817901F980068000330B903
:102DE000FFE71F980068C0F38460169015E01F98F5
:102DF000006890FAA0F03C903C9820B9FFE72020B2
:102E00008DF8F70005E03C98B0FA80F08DF8F700F7
:102E1000FFE79DF8F7001690FFE71798169988428C
:102E200007D1FFE720980068002211460CF03EFA17
:102E3000FFE72098006801210CF04AF9000348B927
:102E4000FFE72098006801210CF042F9C0F384608C
:102E5000159018E02098006801210CF039F990FADB
:102E6000A0F03A903A9820B9FFE720208DF8EF00C3
:102E700005E03A98B0FA80F08DF8EF00FFE79DF892
:102E8000EF001590FFE7159814901F980068000355
:102E900030B9FFE71F980068C0F38460139015E015
:102EA0001F98006890FAA0F03890389820B9FFE792
:102EB00020208DF8E70005E03898B0FA80F08DF812
:102EC000E700FFE79DF8E7001390FFE714981399D8
:102ED000884207D1FFE720980068012100220CF00A
:102EE000E5F9FFE72098006802210CF0F1F80003F3
:102EF00048B9FFE72098006802210CF0E9F8C0F318
:102F00008460129018E02098006802210CF0E0F82C
:102F100090FAA0F03690369820B9FFE720208DF87F
:102F2000DF0005E03698B0FA80F08DF8DF00FFE7AB
:102F30009DF8DF001290FFE7129811901F9800682B
:102F4000000330B9FFE71F980068C0F38460109059
:102F500015E01F98006890FAA0F03490349820B9DA
:102F6000FFE720208DF8D70005E03498B0FA80F014
:102F70008DF8D700FFE79DF8D7001090FFE7119874
:102F80001099884207D1FFE72098006802210022AB
:102F90000CF08CF9FFE72098006803210CF098F8FA
:102FA000000348B9FFE72098006803210CF090F86F
:102FB000C0F384600F9018E02098006803210CF0A3
:102FC00087F890FAA0F03290329820B9FFE72020DD
:102FD0008DF8CF0005E03298B0FA80F08DF8CF0080
:102FE000FFE79DF8CF000F90FFE70F980E901F9816
:102FF0000068000330B9FFE71F980068C0F38460E1
:103000000D9015E01F98006890FAA0F0309030986D
:1030100020B9FFE720208DF8C70005E03098B0FA0E
:1030200080F08DF8C700FFE79DF8C7000D90FFE71F
:103030000E980D99884207D1FFE720980068032178
:1030400000220CF033F9FFE7FFE7FFE72098006864
:103050000CF05EF8002840F04481FFE720980068FB
:103060001F9A1168D2680CF0A5F81F98C06800215B
:10307000C4F27F01884240F03381FFE72098006866
:103080000C901F980068000330B9FFE71F98006894
:10309000C0F384600B9015E01F98006890FAA0F0D0
:1030A0002E902E9820B9FFE720208DF8BF0005E074
:1030B0002E98B0FA80F08DF8BF00FFE79DF8BF00B2
:1030C0000B90FFE70B98013000F01F0009287DD816
:1030D000FFE71F980068000330B9FFE71F980068FA
:1030E000C0F384600A9015E01F98006890FAA0F081
:1030F0002C902C9820B9FFE720208DF8B70005E030
:103100002C98B0FA80F08DF8B700FFE79DF8B70073
:103110000A90FFE70A98013000F01F00800609902E
:103120001F980068000330B9FFE71F980068C0F3DC
:103130008460089015E01F98006890FAA0F02A902B
:103140002A9820B9FFE720208DF8AF0005E02A98E3
:10315000B0FA80F08DF8AF00FFE79DF8AF0008905F
:10316000FFE709980899013101F01F020121914000
:10317000084307901F980068000330B9FFE71F98C5
:103180000068C0F38460069015E01F98006890FA0C
:10319000A0F02890289820B9FFE720208DF8A700FC
:1031A00005E02898B0FA80F08DF8A700FFE79DF8B9
:1031B000A7000690FFE707980699013101F01F016B
:1031C00001EB410140EA0150059082E01F98006840
:1031D000000330B9FFE71F980068C0F384600490D3
:1031E00015E01F98006890FAA0F02690269820B964
:1031F000FFE720208DF89F0005E02698B0FA80F0C8
:103200008DF89F00FFE79DF89F000490FFE704986A
:10321000013000F01F00800603901F980068000333
:1032200030B9FFE71F980068C0F38460029015E092
:103230001F98006890FAA0F02490249820B9FFE726
:1032400020208DF8970005E02498B0FA80F08DF8E2
:103250009700FFE79DF897000290FFE70398029917
:10326000013101F01F0201219140084301901F9894
:103270000068000330B9FFE71F980068C0F384605E
:10328000009015E01F98006890FAA0F02290229814
:1032900020B9FFE720208DF88F0005E02298B0FAD2
:1032A00080F08DF88F00FFE79DF88F000090FFE71A
:1032B00001990098013000F01F0000EB400200204F
:1032C000CFF6206000EB0250084340F000700590FC
:1032D000FFE70C9805991F9A92680BF04FFFFFE7E4
:1032E000FFE71F98408848F20801084200F0A280DA
:1032F000FFE748F20030C4F202200BF0E1FE1C9020
:103300001F9800680021CCF22131884233D1FFE7B9
:103310009DF87200000600282DD4FFE72098006871
:1033200048F20001C4F20221884223D1FFE71C9831
:1033300040F4000148F20030C4F202200BF062FFBA
:1033400040F21C00C2F200000068800942F663519E
:10335000C0F23E51A0FB01108109022000EB4100A8
:103360001B90FFE71B9820B1FFE71B9801381B90CB
:10337000F8E7FFE75DE01F9800680021C4F22931FB
:10338000884219D1FFE79DF87300C007A0B9FFE795
:103390002098006848F20011C4F2022188420AD144
:1033A000FFE71C9840F0807148F20030C4F2022020
:1033B0000BF028FFFFE73BE01F9800680021CCF2EC
:1033C000527188421AD1FFE79DF87200400600282A
:1033D00014D4FFE72098006848F20001C4F20221EB
:1033E00088420AD1FFE71C9840F4800148F200307F
:1033F000C4F202200BF006FFFFE718E01F980068F8
:103400000021C4F25A7188420FD1FFE7209800686A
:1034100048F20001C4F20221884205D0FFE720985B
:1034200000680BF031FEFFE700E0FFE7FFE7FFE792
:10343000FFE7FFE708E02099886D40F020008865ED
:1034400001208DF87B00FFE7FFE72099002081F83D
:103450005400FFE79DF87B008DF88700FFE79DF89B
:10346000870040B080BD000080B588B00690002085
:103470008DF817000190069820B9FFE701208DF81C
:103480001F004FE10698006940B1FFE7069890F8E9
:103490002000012801D1FFE7FFE7FFE70698806DD4
:1034A00050B9FFE7069800F041F906990020C86579
:1034B000069981F85400FFE7069800680BF020FE9B
:1034C00028B1FFE7069800680BF0C6FDFFE70698F5
:1034D00000680BF025FEF0B9FFE7069800680BF0D6
:1034E000DFFD40F21C00C2F200000068800942F6D5
:1034F0006351C0F23E51A0FB01108109022000EB94
:1035000041000190FFE7019820B1FFE701980138E1
:103510000190F8E7FFE7069800680BF001FE70B92C
:10352000FFE70699886D40F0100088650699C86D20
:1035300040F00100C86501208DF81700FFE70698EC
:1035400000680BF0F5FD03900698806DC00600281A
:1035500000F1DA80FFE70398002840F0D580FFE70C
:103560000698806D40F0020020F48070069988650E
:10357000069800680BF0CCFDE0B9FFE748F20000C8
:10358000C4F202200BF0C4FD009048F20010C4F217
:1035900002200BF0BDFD01460098084348B9FFE743
:1035A0000698416848F20030C4F202200BF01CFE7D
:1035B000FFE7FFE706994A7E886B40EA42308A6857
:1035C000CB681843104391F8201040EA0140049062
:1035D000069890F8200001280BD1FFE70698416A71
:1035E0000020CFF6FE7000EB4141049808430490A0
:1035F000FFE70698806A50B1FFE70699886AC96AB2
:1036000000F478700143049808430490FFE706989B
:103610000068C06844F20701CFF6F07108400499D1
:10362000084306990968C86006980068006920F098
:103630004060069A1168126B104308610698006892
:103640000BF056FD02900398E8BBFFE70298D0BB51
:10365000FFE70699087E91F83410800340EA4100A4
:10366000049006980068C06844F2020188430499F7
:10367000084306990968C860069890F83C0001283C
:1036800019D1FFE706980068006940F2FD7120EA51
:103690000102069B1968186CD3F844E0D3F848C0BF
:1036A00040EA0E0040EA0C00DB6C1843104340F087
:1036B0000100086106E006980168086920F0010031
:1036C0000861FFE7FFE70698006901280CD1FFE7D2
:1036D00006980068006B20F00F00069A1168D26906
:1036E000013A1043086306E006980168086B20F071
:1036F0000F000863FFE70698806D40F0010020F09E
:1037000002000699886508E00699886D40F010006F
:10371000886501208DF81700FFE79DF817008DF8E8
:103720001F00FFE79DF81F0008B080BD80B5CCB03A
:103730004B9000204A90499048904790469004A8AA
:103740004FF48471FCF7EAFD4B98006848F20001E1
:10375000C4F20221884245D1FFE7002005904FF4D2
:1037600000110491399004A805F07EFA18B1FFE722
:10377000FFF71CF9FFE740F27440C2F20000016855
:10378000013101600068012810D1FFE7FFE740F632
:103790008C40C4F20240016841F48061016000681D
:1037A00000F4806003900398FFE7FFE7FFE740F62F
:1037B0008C40C4F20240016841F0010101600068E0
:1037C00000F0010002900298FFE7022046900320DB
:1037D0004790002048900020C4F2022046A901F042
:1037E000D7FD4EE04B98006848F20011C4F2022168
:1037F000884245D1FFE7002005904FF40011049165
:10380000399004A805F030FA18B1FFE7FFF7CEF8B9
:10381000FFE740F27440C2F200000168013101602C
:103820000068012810D1FFE7FFE740F68C40C4F2A2
:103830000240016841F480610160006800F480602A
:1038400001900198FFE7FFE7FFE740F68C40C4F2E4
:103850000240016841F001010160006800F00100D0
:1038600000900098FFE70820469003204790002032
:1038700048900020C4F2022046A901F089FDFFE72C
:10388000FFE74CB080BD000087B006900591049220
:1038900000208DF80F001F2002909DF81400C00733
:1038A00020B9FFE701208DF80F004BE0FFE70299F8
:1038B000481E02900020019051B1FFE7059802993F
:1038C00001F01F0120FA01F1012088430190FFE778
:1038D0000198C00708B1FFE7E9E7049800901828AD
:1038E0002BD80099DFE801F028292929292929293D
:1038F0001F29292929292929162929292929292955
:103900000D000298072804D3FFE701208DF80F006F
:10391000FFE716E00298082804D3FFE701208DF89E
:103920000F00FFE70DE00298102804D3FFE7012005
:103930008DF80F00FFE704E003E001208DF80F0091
:10394000FFE7FFE79DF80F0078B9FFE705980699B4
:103950000968486106980068806820F0180004999A
:103960000843069909688860FFE79DF80F0007B0D3
:103970007047000080B582B00090009820B9FFE742
:1039800001208DF8070057E00098407F38B9FFE725
:10399000009900200877009800F052F8FFE700999E
:1039A000022048770098007980B9FFE70098016805
:1039B00041F6B750C0F2C140486100980068806885
:1039C00020F018000099096888600BE00098816871
:1039D000C268FFF759FF20B1FFE701208DF807000B
:1039E0002AE0FFE70098407930B9FFE700980168C6
:1039F0004FF0FF30086104E0009801680069086139
:103A0000FFE700980068806820F06000009A116865
:103A100052691043886000980068806820F0800038
:103A2000009A1168926910438860009901204877D4
:103A300000208DF80700FFE79DF8070002B080BD69
:103A400082B001900198006843F20001C4F20201C3
:103A5000884210D1FFE7FFE740F68840C4F20240F9
:103A6000016841F480510160006800F480500090CA
:103A70000098FFE7FFE702B07047000080B584B010
:103A8000029001F029FE0190029820B9FFE7012081
:103A90008DF80F0079E0029890F8540002280DD0BC
:103AA000FFE7029920208865FFE70299002081F84E
:103AB0004C00FFE701208DF80F0066E002980168D6
:103AC000486940F0040048610299052081F85400DB
:103AD000FFE70298006800698004002827D4FFE708
:103AE00001F0FAFD0199401A06281FD3FFE7029959
:103AF000886D40F0100088650299032081F8540019
:103B0000029890F850000006002805D5FFE70298BB
:103B1000416F01200873FFE7FFE70299002081F859
:103B20004C00FFE701208DF80F002EE0D1E702984E
:103B30000168486940F0020048610299042081F858
:103B40005400029801684FF4FE40C86002990120B9
:103B500081F85400029890F850000006002809D51A
:103B6000FFE70298416F0120087302980168002066
:103B70008864FFE7FFE70299002081F84C00FFE727
:103B8000FFE700208DF80F00FFE79DF80F0004B05D
:103B900080BD000082B00090009820B9FFE70120AE
:103BA0008DF807001CE0009890F85400022807D018
:103BB000FFE700992020886501208DF807000FE0BD
:103BC0000099042081F8540000980168486942F285
:103BD000040210434861FFE700208DF80700FFE76B
:103BE0009DF8070002B0704785B0039002910398DA
:103BF00020B9FFE701208DF813002AE00398006840
:103C000040F6FF7188430190039800685038C0F374
:103C1000C4110120884000909DF80800C0060028CB
:103C200013D5FFE7029800F01100112806D1FFE735
:103C3000009A019948681043486005E0009A01998C
:103C4000486890434860FFE7FFE700208DF81300C5
:103C5000FFE79DF8130005B07047000080B584B001
:103C600003900398006840F6FF7188430290039820
:103C700000685038C0F3C4110120884001900298B8
:103C8000C068019908400090009808B9FFE74DE12D
:103C90000398006800694005002813D5FFE70398E2
:103CA00000684069400500280BD5FFE703980168CC
:103CB0004FF48060C8600399886D40F0010088650A
:103CC000FFE7FFE70398006800690005002813D5A7
:103CD000FFE7039800684069000500280BD5FFE75F
:103CE000039801684FF40060C8600399886D40F044
:103CF00002008865FFE7FFE7039800680069C004D9
:103D0000002813D5FFE7039800684069C004002825
:103D10000BD5FFE7039801684FF48050C860039902
:103D2000886D40F004008865FFE7FFE703980068AE
:103D300000694004002813D5FFE703980068406934
:103D4000400400280BD5FFE7039801684FF480403A
:103D5000C8600399886D40F008008865FFE7FFE7B9
:103D60000398006800698005002816D5FFE70398CE
:103D700000684069800500280ED5FFE703980168B8
:103D80004FF40070C8600398406E20B1FFE70398BD
:103D9000416E8847FFE7FFE7FFE703980068006987
:103DA0008004002850D5FFE703980068406980042C
:103DB000002848D5FFE7039801684FF40050C86019
:103DC000039890F8540004282FD1FFE70398016866
:103DD000486920F40050486103980168486940F040
:103DE000020048610399012081F85400039890F87B
:103DF00050000006002809D5FFE70398416F012015
:103E000008730398016800208864FFE7FFE70399BF
:103E1000002081F84C00FFE70398C06E20B1FFE757
:103E20000398C16E8847FFE780E00399052081F879
:103E300054000398006F20B1FFE70398016F884793
:103E4000FFE7FFE7FFE7FFE7039800680069C005A9
:103E5000002842D5FFE7039800684069C0050028A4
:103E60003AD5FFE7039890F850000006002814D5D3
:103E7000FFE703980068C06F70B9FFE70398006818
:103E8000806C40B9FFE70399012081F85400039941
:103E9000496F0873FFE7FFE70AE003980068806C4A
:103EA00028B9FFE70399012081F85400FFE7FFE7F5
:103EB000039801684FF44070C860FFE70399002041
:103EC00081F84C00FFE70398006E20B1FFE70398EC
:103ED000016E8847FFE7FFE7FFE70398806D28B38F
:103EE000FFE703980168486940F0020048610399C0
:103EF000012081F85400039890F850000006002833
:103F000005D5FFE70398416F01200873FFE7FFE73E
:103F10000399002081F84C00FFE70398806E20B1E0
:103F2000FFE70398816E8847FFE7FFE704B080BD95
:103F300080B584B0029001F0CFFB0190029820B9C7
:103F4000FFE701208DF80F00CEE10298C068B0F5C0
:103F5000007F01D0FFE7FFE70298406BB0F5805F7C
:103F600001D1FFE7FFE70298016801205022C4F267
:103F700002029142009000F06781FFE70298016819
:103F800001205022C5F202029142009000F05C81B3
:103F9000FFE7029801680120D022C4F20202914298
:103FA000009000F05181FFE7029801680120D022C3
:103FB000C5F202029142009000F04681FFE70298AC
:103FC0000168012040F25012C4F2020291420090B6
:103FD00000F03A81FFE702980168012040F2501298
:103FE000C5F202029142009000F02E81FFE7029894
:103FF0000168012040F2D012C4F202029142009006
:1040000000F02281FFE702980168012040F2D012FF
:10401000C5F202029142009000F01681FFE702987B
:104020000168012040F25022C4F202029142009045
:1040300000F00A81FFE702980168012040F2502257
:10404000C5F202029142009000F0FE80FFE7029864
:104050000168012040F2D022C4F202029142009095
:1040600000F0F280FFE702980168012040F2D022C0
:10407000C5F202029142009000F0E680FFE702984C
:104080000168012040F25032C4F2020291420090D5
:1040900000F0DA80FFE702980168012040F2503218
:1040A000C5F202029142009000F0CE80FFE7029834
:1040B0000168012040F2D032C4F202029142009025
:1040C00000F0C280FFE702980168012040F2D03280
:1040D000C5F202029142009000F0B680FFE702981C
:1040E0000168012041F25002C4F2020291420090A4
:1040F00000F0AA80FFE702980168012041F2500217
:10410000C5F202029142009000F09E80FFE7029803
:104110000168012041F2D002C4F2020291420090F3
:1041200000F09280FFE702980168012041F2D0027E
:10413000C5F202029142009000F08680FFE70298EB
:104140000168012041F25012C4F202029142009033
:104150007AD0FFE702980168012041F25012C5F2BF
:104160000202914200906FD0FFE70298016801209F
:1041700041F2D012C4F202029142009064D0FFE7F3
:1041800002980168012041F2D012C5F20202914268
:10419000009059D0FFE702980168012041F25022B7
:1041A000C4F20202914200904ED0FFE702980168EB
:1041B000012041F25022C5F202029142009043D008
:1041C000FFE702980168012041F2D022C4F2020206
:1041D0009142009038D0FFE702980168012041F237
:1041E000D022C5F20202914200902DD0FFE7029842
:1041F0000168012041F25032C4F202029142009063
:1042000022D0FFE702980168012041F25032C5F246
:1042100002029142009017D0FFE702980168012046
:1042200041F2D032C4F20202914200900CD0FFE77A
:10423000029800684EF63041CAF6FD710844B0FAA3
:1042400080F040090090FFE70098C00708B1FFE741
:10425000FFE7FFE70299002081F84C00FFE7029892
:1042600090F8540060B9FFE70299002008660299AF
:104270004866029988660299C86602990867FFE74E
:104280000299022081F8540002980168486940F0C0
:1042900006004861FFE7029800684069C00798B1CE
:1042A000FFE701F019FA0199401A06280BD3FFE73E
:1042B0000299102088650299032081F8540001209A
:1042C0008DF80F0010E0E6E70298FCF741FB029939
:1042D000486B0865029900208865029A012182F8DE
:1042E00054108DF80F00FFE79DF80F0004B080BD5B
:1042F00080B584B0039001F0EFF90290039801902B
:104300000198013048B1FFE740F20440C2F20000DA
:104310000178019808440190FFE7FFE701F0DCF91C
:104320000299401A0199884201D2FFE7F6E704B0EA
:1043300080BD000086B0049003910292049890F82A
:104340005C008DF80700BDF80C0010F4C07F01D0B0
:10435000FFE7FFE79DF80700012806D0FFE79DF87B
:104360000700022840F0DE80FFE704980068806DB7
:1043700000909DF80C00400730B1FFE79DF8000069
:10438000C007002847D0FFE79DF80C0010F0380F59
:1043900006D0FFE79DF80000800700283BD5FFE727
:1043A000BDF80C0010F4E07F06D0FFE79DF8000098
:1043B000400700282FD5FFE79DF80D0010F01E0FD5
:1043C00006D0FFE79DF800000007002823D5FFE78F
:1043D0009DF80D0010F0E00F06D0FFE79DF80000FB
:1043E000C006002817D5FFE79DF80E00800730B102
:1043F000FFE79DF80000800600280CD5FFE79DF838
:104400000E0010F0FC0F0DD0FFE79DF800004006F5
:10441000002807D4FFE704980168C86D40F0010048
:10442000C865FFE79DF80C00400730B1FFE79DF835
:104430000000C007002847D1FFE79DF80C0010F0EE
:10444000380F06D0FFE79DF80000800700283BD416
:10445000FFE7BDF80C0010F4E07F06D0FFE79DF801
:104460000000400700282FD4FFE79DF80D0010F052
:104470001E0F06D0FFE79DF800000007002823D498
:10448000FFE79DF80D0010F0E00F06D0FFE79DF864
:104490000000C006002817D4FFE79DF80E00800733
:1044A00030B1FFE79DF80000800600280CD4FFE73C
:1044B0009DF80E0010F0FC0F0DD0FFE79DF80000F6
:1044C0004006002807D5FFE704980168C86D40F052
:1044D0000200C865FFE79DF80C000006002809D51A
:1044E000FFE7029A04980168D1F8DC001043C1F894
:1044F000DC00FFE79DF80D00C00748B1FFE7029A16
:1045000004980168D1F8E0001043C1F8E000FFE72B
:10451000039A04980168486D1043486500208DF89F
:10452000170008E00499086E40F0020008660120B8
:104530008DF81700FFE79DF8170006B070470000E0
:1045400080B586B00490039102920398406808B940
:10455000FFE700E0FFE7049890F85C0002282FD105
:10456000FFE704980068D0F8C4008002002809D54D
:10457000FFE70499086E40F40070086601208DF88A
:10458000170026E004980068D0F8C400C0F301408A
:10459000019004980399029A019BFEF779FA019918
:1045A000012000FA01F1049A1268C2F8CC100199B6
:1045B000884004998865FFE700208DF8170008E01F
:1045C0000499086E40F00800086601208DF8170075
:1045D000FFE79DF8170006B080BD000087B005908A
:1045E0000491059890F85C008DF803009DF8030095
:1045F000012805D0FFE79DF8030002283CD1FFE722
:1046000004980068B8B9FFE704998868CB680A691C
:104610004969800740EAC36040EA024008430390CA
:104620000598006C0499496800EB8100019003989B
:10463000019908601CE00498C168006940EA417073
:10464000039004988168406940EA8170029005985F
:10465000406C0499496800EBC100019003980199EE
:104660000860019804300190029801990860FFE702
:1046700000208DF81B0008E00599086E40F002004C
:10468000086601208DF81B00FFE79DF81B0007B0AE
:104690007047000085B0DDF814C0039002910192CC
:1046A0000093039890F85C00012819D1FFE7039864
:1046B0000068D0F8800020F03F0002990901019ABB
:1046C00041EA8201009A41EA4201059A11430843F6
:1046D00003990968C1F8800000208DF8130008E0F4
:1046E0000399086E40F00400086601208DF813005D
:1046F000FFE79DF8130005B07047000085B00390F8
:1047000002910192039890F85C008DF803009DF8E7
:104710000300012805D0FFE79DF80300022816D109
:10472000FFE70198012807D1FFE7029A0398016883
:10473000886D9043886506E0029A03980168886D49
:1047400010438865FFE700208DF8130008E0039907
:10475000086E40F00200086601208DF81300FFE7A4
:104760009DF8130005B0704781B0009001B070470C
:1047700082B001900091019840F6F001C2F2000170
:1047800088420DD1FFE79DF802000007002807D5F9
:10479000FFE740F61461C2F2000101200870FFE754
:1047A00002B0704783B00290019102980068406C9B
:1047B0000090009800F00700019908600098C0F38D
:1047C000022001994860009800F018000199886063
:1047D0000098C0F340100199C8600098C0F38010A1
:1047E000019908619DF80000C0090199486100988D
:1047F000C0F3C020019988610098C0F3003001998E
:10480000C8610098C0F34030019908620098C0F375
:104810008030019948620098C0F30640019988628F
:10482000002003B07047000083B00290019101980E
:10483000402808D1FFE702980068D0F8900000F007
:104840000F00009007E002980068D0F8980000F090
:104850000F000090FFE7009803B070478AB00890FF
:1048600007910692059300200190089890F85C004B
:104870008DF803009DF80300022840F0FA80FFE75E
:10488000079840283ED1FFE708980068D0F89000CC
:10489000000748B9FFE70899086E40F48070086681
:1048A00001208DF82700EDE008980068D0F890000E
:1048B00000F080710120B0EB116F0FD1FFE7089875
:1048C0000068D0F8800000F400710120B0EB512F97
:1048D00003D1FFE701200190FFE7FFE70898006898
:1048E000D0F8900000F44071019800EB1120019085
:1048F0000898806C019901EBC10100EBC1000490A4
:10490000FFE73DE008980068D0F89800000748B934
:10491000FFE70899086E40F48070086601208DF862
:104920002700AFE008980068D0F8980000F0807188
:104930000120B0EB116F0FD1FFE708980068D0F8A5
:10494000800000F480710120B0EB112F03D1FFE74C
:1049500001200190FFE7FFE708980068D0F8980071
:1049600000F44071019800EB112001900898C06C90
:10497000019901EBC10100EBC1000490FFE7FFE7E3
:104980000498006800F080400699486006984068E6
:1049900038B9FFE704980068C0F38A4006990860B8
:1049A00006E00498006820F0604006990860FFE780
:1049B0000498006800F00050069988600498006828
:1049C00000F00040069908610498043004900498AF
:1049D00000880699C86104980068C0F303400699EE
:1049E000C8600498006800F4801006994861049833
:1049F000006800F400100699886104980068C0F30C
:104A000006600699086204980068C00F069948621B
:104A10000498043004900498039000200290FFE76B
:104A200002980699CA6846F26021C0F60101895CC5
:104A300088420AD2FFE70398029A805C059988545D
:104A4000FFE7029801300290EAE70798402806D174
:104A5000FFE7019808990968C1F8940005E00198FA
:104A600008990968C1F89C00FFE700208DF827002D
:104A700008E00899086E40F00800086601208DF8EB
:104A80002700FFE79DF827000AB0704781B000902B
:104A900001B0704780B58AB0099009980068006D30
:104AA00000F4E050089009980068416D08980840AB
:104AB000089009980068006D00F0070007900998B9
:104AC0000068416D07980840079009980068006DDC
:104AD00000F03800069009980068416D069808407B
:104AE000069009980068006D00F47100059009981F
:104AF0000068416D05980840059009980068006DB0
:104B000000F46020049009980068416D0498084002
:104B1000049009980068406D019009980068006D44
:104B200000909DF8000000F040010020B0EB911FC4
:104B300012D0FFE79DF8040000F040010020B0EB28
:104B4000911F08D0FFE7099801684020086509987F
:104B5000FFF79CFFFFE7FFE79DF80100C007E0B10A
:104B6000FFE79DF80500C007B0B1FFE709980068AE
:104B7000D0F8D800029009980068D0F8E0100298A8
:104B800008400290099801684FF480700865099800
:104B9000029900F09DFBFFE7FFE7089848B1FFE7A7
:104BA00008980999096808650998089900F09CFB1C
:104BB000FFE7079848B1FFE7079809990968086572
:104BC0000998079900F0D0FAFFE7069848B1FFE787
:104BD00006980999096808650998069900F0D6FAB7
:104BE000FFE79DF8010000F002010020B0EB510F3B
:104BF00013D0FFE79DF8050000F002010020B0EBA4
:104C0000510F09D0FFE7099801684FF4007008655B
:104C1000099800F06FFBFFE7FFE79DF80010002008
:104C2000B0EBD11F1DD0FFE79DF804100020B0EBC2
:104C3000D11F15D0FFE709980068D0F8D400039081
:104C400009980068D0F8DC10039808400390099890
:104C50000168802008650998039900F03FFBFFE791
:104C6000FFE79DF8010000F020010020B0EB511F8C
:104C700013D0FFE79DF8050000F020010020B0EB05
:104C8000511F09D0FFE7099801684FF400500865EB
:104C9000099800F019FBFFE7FFE79DF801100020DD
:104CA000B0EBD11F11D0FFE79DF805100020B0EB4D
:104CB000D11F09D0FFE7099801684FF4004008654B
:104CC000099800F0FDFAFFE7FFE79DF8010000F00A
:104CD00040010020B0EB911F15D0FFE79DF80500C3
:104CE00000F040010020B0EB911F0BD0FFE70998C6
:104CF00001684FF4804008650999086E40F0800013
:104D00000866FFE7FFE7049848B1FFE704980999B0
:104D10000968086509980499FFF72AFDFFE70598D7
:104D200050B1FFE70598099909680865059A09993E
:104D3000086E10430866FFE70998006E20B1FFE790
:104D40000998FFF711FDFFE70AB080BD80B584B078
:104D50000290029820B9FFE701208DF80F0057E17B
:104D6000029800684AF20041C4F20001884201D171
:104D7000FFE7FFE702988068B0F5407F01D1FFE7C9
:104D8000FFE7029890F85C0040B9FFE70299002025
:104D900081F85D00029800F03FF9FFE70298016892
:104DA000886920F01000886100F096FC0190FFE710
:104DB0000298006880690007002815D5FFE700F019
:104DC0008BFC0199401A0B280DD3FFE70299086E5E
:104DD00040F0010008660299032081F85C00012080
:104DE0008DF80F0014E1E3E702980168886940F04C
:104DF0000100886100F070FC0190FFE702980068F4
:104E00008069C007A8B9FFE700F066FC0199401A65
:104E10000B280DD3FFE70299086E40F001000866E9
:104E20000299032081F85C0001208DF80F00EFE06B
:104E3000E4E702980168886940F0020088610298FE
:104E400000684AF20041C4F20001884208D1FFE73D
:104E5000029840684AF20051C4F200010860FFE77E
:104E60000298007C012807D1FFE702980168886951
:104E700020F04000886106E002980168886940F0EF
:104E800040008861FFE70298407C012807D1FFE7D6
:104E900002980168886940F48040886106E00298C1
:104EA0000168886920F480408861FFE70298807C6F
:104EB000012807D1FFE702980168886920F4805033
:104EC000886106E002980168886940F48050886132
:104ED000FFE702980068806920F44070029A116828
:104EE00092681043886102980168886920F0A400E4
:104EF000886102980168086920F010000861029832
:104F0000C068012807D1FFE702980168886940F06E
:104F1000040088612BE00298C06830B3FFE7029874
:104F2000C068022819D0FFE702980168886940F03C
:104F30008000886102980168086940F010000861EB
:104F40000298C068032807D1FFE7029801688869C2
:104F500040F020008861FFE706E002980168886958
:104F600040F020008861FFE700E0FFE7FFE7029ADA
:104F7000116853699069D2F81CE0A0F1010C6FF040
:104F8000FF0000EB0E2040EA4C60126A013A104329
:104F90000022CFF6FF7202EB03421043C861029871
:104FA0008068B0F5407F1CD1FFE7029A1168536A10
:104FB000906AD2F82CE001386FF0FF0C0CEB0E2C4D
:104FC00040EA0C00D2F830C06FF00F0202EB0C1276
:104FD00010430022CFF6FF7202EB03421043C86079
:104FE000FFE702980168C26BD1F8C0001043C1F816
:104FF000C0000298FDF7EEFC029900208865029936
:105000000866029A012182F85C108DF80F00FFE714
:105010009DF80F0004B080BD80B58EB00D900020CB
:105020000C900B900A90099008900D9800684AF235
:105030000041C4F2000188424ED1FFE740F27840BF
:10504000C2F200000168013101600068012810D13E
:10505000FFE7FFE740F6A040C4F20240016841F4D8
:1050600000710160006800F4007007900798FFE786
:10507000FFE7FFE740F68C40C4F20240016841F0D0
:1050800001010160006800F0010006900698FFE74A
:105090004FF4C050089002200990002102910A911B
:1050A0000B9009200C900020C4F2022008A900F007
:1050B0006FF9029A27200190114600F015FC019823
:1050C00000F008FC029A28200390114600F00CFC26
:1050D000039800F0FFFB44E00D9800684AF60001D9
:1050E000C4F2000188423BD1FFE740F27840C2F2AF
:1050F00000000168013101600068012810D1FFE75C
:10510000FFE740F6A040C4F20240016841F400719C
:105110000160006800F4007005900598FFE7FFE764
:10512000FFE740F68C40C4F20240016841F0020102
:105130000160006800F0020004900498FFE760201E
:1051400008900220099000200A900B9009200C90F2
:1051500040F20040C4F2022008A900F019F9FFE76C
:10516000FFE70EB080BD000080B582B001900091D5
:10517000019800684AF20041C4F20001884203D15C
:10518000FFE70DF005FDFFE702B080BD82B00190A2
:10519000009102B07047000082B00090009890F833
:1051A0005C00012810D1FFE70099022081F85C0023
:1051B00000980168886920F001008861009900204A
:1051C00008668DF8070008E00099086E40F00400BA
:1051D000086601208DF80700FFE79DF8070002B080
:1051E0007047000083B0019000200090019890F873
:1051F0005C00022857D1FFE701980168886940F0F8
:1052000001008861FFE7019800688069C007A8B9BC
:10521000FFE700980B280DD3FFE70199086E40F0D7
:10522000010008660199032081F85C0001208DF8D7
:105230000B0041E0009801300090E4E7002000906E
:1052400001980168886920F010008861FFE70198E3
:10525000006880690007002815D5FFE700980B2833
:105260000DD3FFE70199086E40F00100086601992F
:10527000032081F85C0001208DF80B001CE00098F1
:1052800001300090E3E701980168886940F002006E
:105290008861019900208865019A012182F85C10DB
:1052A0008DF80B0008E00199086E40F008000866D0
:1052B00001208DF80B00FFE79DF80B0003B070474D
:1052C00081B0009001B0704781B0009001B070478C
:1052D00082B00190009102B07047000082B001904E
:1052E000009102B07047000082B00190009102B0BE
:1052F0007047000081B0009001B0704781B0ADF8F8
:105300000200BDF80200102807D1FFE740F24A7101
:10531000C2F2000101200870FFE701B070470000F1
:1053200080B582B0ADF8060042F20C00C4F2024033
:105330000068BDF8061008420CD0FFE7BDF8060073
:1053400042F20C01C4F202410860BDF8060000F010
:1053500019F8FFE742F21000C4F202400068BDF8FD
:10536000061008420CD0FFE7BDF8060042F210011B
:10537000C4F202410860BDF80600FFF7BFFFFFE777
:1053800002B080BD81B0ADF8020001B070470000EE
:1053900085B00490039100200090FFE70398006817
:1053A0000099C840002800F06681FFE70398006874
:1053B000009A01219140084001900198002800F0D6
:1053C0005681FFE703984068022805D0FFE703985D
:1053D0004068122828D1FFE7049800996FF0030273
:1053E00002EA51010844006A0290009800F00700A8
:1053F00081000F2000FA01F102988843029003987F
:10540000006900F00F00009901F00701890000FA1F
:1054100001F102980843029002980499009B02EA65
:10542000530211440862FFE7049800680290009854
:105430004100032000FA01F102988843029003988A
:10544000406800F003000099490000FA01F1029859
:105450000843029002980499086003984068012864
:105460000FD0FFE70398406802280AD0FFE70398AF
:105470004068112805D0FFE70398406812282FD113
:10548000FFE704988068029000984100032000FA2A
:1054900001F10298884302900398C068009949007E
:1054A00000FA01F10298084302900298049988607A
:1054B0000498406802900099012000FA01F10298D6
:1054C0008843029003984068C0F30010009900FAE6
:1054D00001F1029808430290029804994860FFE79E
:1054E0000398406800F0030003280CD1FFE70398FD
:1054F000406800F0030003281DD1FFE7039880688F
:10550000012818D0FFE70498C06802900098410075
:10551000032000FA01F10298884302900398806802
:105520000099490000FA01F102980843029002989C
:105530000499C860FFE70398C079C006002840F1CD
:105540009580FFE7009820F0030042F26002C4F269
:10555000024280580290009800F00300C1000F2022
:1055600000FA01F102988843029004984FF6004136
:10557000CBF6FD510840800A009901F00301C900F3
:1055800000FA01F10298084302900298009921F074
:105590000301885042F20000C4F202400068029009
:1055A000019902988843029003988079C0060028E8
:1055B00005D5FFE70199029808430290FFE702989A
:1055C00042F20001C4F20241086042F20400C4F257
:1055D0000240006802900199029888430290039863
:1055E00080798006002805D5FFE7019902980843D5
:1055F0000290FFE7029842F20401C4F202410860FF
:1056000042F28400C4F202400068029001990298BC
:1056100088430290039880798007002805D5FFE72A
:105620000199029808430290FFE7029842F2840130
:10563000C4F20241086042F28000C4F202400068F5
:105640000290019902988843029003988079C007DC
:1056500028B1FFE70199029808430290FFE70298FA
:1056600042F28001C4F202410860FFE7FFE70098C0
:105670000130009092E605B07047000082B00190C2
:10568000ADF8021001980069BDF80210084204D07C
:10569000FFE701208DF8010003E000208DF80100F4
:1056A000FFE79DF8010002B07047000082B0019052
:1056B000ADF802108DF801209DF8010028B1FFE738
:1056C000BDF802000199886104E0BDF8020001996B
:1056D0008862FFE702B0704740F6EC60C2F200005B
:1056E0000068704782B0019000208DF8030040F2FE
:1056F0000040C4F203000068C00720B1FFE70120AA
:105700008DF803000AE040F20041C4F2030108688A
:1057100020F00400019A10430860FFE79DF80300A1
:1057200002B0704740F20041C4F20301086840F043
:10573000010008600020704740F20440C2F20000FF
:10574000027840F6EC61C2F200010868104408607B
:105750007047000080B582B0032000F0DDF805F04E
:105760009BF940F62041C4F20241096801F00F02A2
:1057700046F24821C0F60101895CC84040F21C0194
:10578000C2F200010860042007F024FC002000F0B1
:1057900011F820B1FFE701208DF8070005E000F0C7
:1057A00093F800208DF80700FFE79DF8070002B08E
:1057B00080BD000080B586B004900020039040F2C8
:1057C0000440C2F20000007820B9FFE701208DF804
:1057D000170075E04EF21000CEF20000006840079E
:1057E000002812D5FFE740F21C00C2F2000000685A
:1057F00040F20441C2F200010A784FF47A71B1FB21
:10580000F2F1B0FBF1F0039040E007F057FC02909A
:105810000298019040B1FFE70198012816D0FFE7F8
:105820000198022821D02FE040F21C00C2F20000B3
:10583000006840F20441C2F200010A784FF4FA51C4
:10584000B1FBF2F1B0FBF1F003901EE040F2044036
:10585000C2F2000001784FF47A70B0FBF1F14FF41E
:10586000FA40B0FBF1F003900FE040F20440C2F2C6
:10587000000001784FF47A70B0FBF1F14FF4004072
:10588000B0FBF1F0039000E0FFE7FFE7039807F0BB
:10589000EFFB20B1FFE701208DF8170010E004991D
:1058A0004FF0FF300022009200F01EF8009804999B
:1058B00040F20842C2F2000211608DF81700FFE7C3
:1058C0009DF8170006B080BD80B5052000F024F8D3
:1058D00080BD000080B582B0ADF80600BDF90600BD
:1058E0000CF0DCFD02B080BD80B586B0ADF81600CE
:1058F000049103920CF0EAFD0290BDF916000190AC
:1059000002980499039A0AF057FB014601980CF09B
:10591000E5FD06B080BD000080B582B00190019821
:105920000CF0FEFD02B080BD81B0009000996FF0D8
:10593000FF0060EA010240F64801C4F20241086833
:105940001040086001B0704792B009904FF44030A9
:1059500006900999086804904968059190FAA0F0AA
:105960001090109820B9FFE720208DF8470005E03F
:105970001098B0FA80F08DF84700FFE70498059979
:105980009DF84720083202F01F0291400843029020
:10599000099908688968039190FAA0F00E900E9812
:1059A00020B9FFE720208DF83F0005E00E98B0FAFF
:1059B00080F08DF83F00FFE7029803999DF83F3093
:1059C000102202EB430202F01E02914008430890AD
:1059D00009980068019090FAA0F00C900C9820B9FA
:1059E000FFE720208DF8370005E00C98B0FA80F032
:1059F0008DF83700FFE701989DF8371001F01F027E
:105A00004FF480719140084300900998006890FA23
:105A1000A0F00A900A9820B9FFE720208DF82F0007
:105A200005E00A98B0FA80F08DF82F00FFE70098A3
:105A30009DF82F201E2101EA42024FF4403191408F
:105A40000843079040F64801C4F202410868079AEB
:105A50009043089A1043086012B0704740F6000166
:105A6000C4F20241086840F0010008604EF610518F
:105A7000CEF20001086840F004000860BFF34F8FC9
:105A8000BFF36F8F30BF704789B0089040F6344045
:105A9000C4F2024000686FF35F20059040F6284092
:105AA000C4F20240016801F0030107910168C1F3EB
:105AB000052106910068C0F300100490049840F698
:105AC0003841C4F20241096889B2C90800FB01F0FB
:105AD00000EE100AB8EE400A8DED020A0698002882
:105AE00000F03D81FFE707980090012808D0FFE70C
:105AF0000098022830D0FFE70098032849D065E0DD
:105B000040F60040C4F202400068C0F3C10149F20F
:105B10000000C0F2D030C84003909DED030AB8EEFB
:105B2000400A9DED061AB8EE411A80EE010A9DED7D
:105B3000051AB8EE411A9DED022A9FED8F3A22EE2A
:105B4000032A31EE021AB7EE002A31EE021A20EED5
:105B5000010A8DED010A65E09DED060AB8EE401AD6
:105B60009FED860A80EE010A9DED051AB8EE411AF6
:105B70009DED022A9FED803A22EE032A31EE021AB1
:105B8000B7EE002A31EE021A20EE010A8DED010A6D
:105B900048E09DED060AB8EE401A9FED760A80EEC9
:105BA000010A9DED051AB8EE411A9DED022A9FEDFE
:105BB000723A22EE032A31EE021AB7EE002A31EED3
:105BC000021A20EE010A8DED010A2BE040F600409A
:105BD000C4F202400068C0F3C10149F20000C0F203
:105BE000D030C84003909DED030AB8EE400A9DED09
:105BF000061AB8EE411A80EE010A9DED051AB8EEBC
:105C0000411A9DED022A9FED5C3A22EE032A31EE05
:105C1000021AB7EE002A31EE021A20EE010A8DEDCB
:105C2000010AFFE740F60040C4F20240006880012C
:105C3000002827D5FFE740F62840C4F2024000685C
:105C4000C003002819D5FFE79DED010A40F6344056
:105C5000C4F20240006880B2400A01EE100AB8EEB9
:105C6000411AB7EE002A31EE021A80EE010A0898B6
:105C7000BCEEC00A80ED000A03E00899002008602D
:105C8000FFE703E0089900200860FFE740F60040C6
:105C9000C4F2024000688001002827D5FFE740F6E3
:105CA0002840C4F2024000688003002819D5FFE7AD
:105CB0009DED010A40F63440C4F202400068C0F392
:105CC000064001EE100AB8EE411AB7EE002A31EE96
:105CD000021A80EE010A0898BCEEC00A80ED010AA3
:105CE00003E0089900204860FFE703E008990020DE
:105CF0004860FFE740F60040C4F2024000688001BF
:105D0000002827D5FFE740F62840C4F2024000688B
:105D10004003002819D5FFE79DED010A40F6344005
:105D2000C4F202400068C0F3066001EE100AB8EE4B
:105D3000411AB7EE002A31EE021A80EE010A0898E5
:105D4000BCEEC00A80ED020A03E0089900208860DA
:105D5000FFE703E0089900208860FFE707E0089963
:105D6000002008600899486008998860FFE709B03A
:105D7000704700BF20BCBE4B000000390024744AAD
:105D800089B0089040F63C40C4F2024000686FF3CE
:105D90005F20059040F62C40C4F20240016801F0FB
:105DA000030107910168C1F3052106910068C0F362
:105DB00000100490049840F64041C4F20241096882
:105DC00089B2C90800FB01F000EE100AB8EE400AE3
:105DD0008DED020A0698002800F03D81FFE7079844
:105DE0000090012808D0FFE70098022830D0FFE794
:105DF0000098032849D065E040F60040C4F2024014
:105E00000068C0F3C10149F20000C0F2D030C840C0
:105E100003909DED030AB8EE400A9DED061AB8EE18
:105E2000411A80EE010A9DED051AB8EE411A9DED6A
:105E3000022A9FED8F3A22EE032A31EE021AB7EEC4
:105E4000002A31EE021A20EE010A8DED010A65E00A
:105E50009DED060AB8EE401A9FED860A80EE010A13
:105E60009DED051AB8EE411A9DED022A9FED803A8C
:105E700022EE032A31EE021AB7EE002A31EE021AA0
:105E800020EE010A8DED010A48E09DED060AB8EE0C
:105E9000401A9FED760A80EE010A9DED051AB8EED4
:105EA000411A9DED022A9FED723A22EE032A31EE4D
:105EB000021AB7EE002A31EE021A20EE010A8DED29
:105EC000010A2BE040F60040C4F202400068C0F333
:105ED000C10149F20000C0F2D030C84003909DEDEE
:105EE000030AB8EE400A9DED061AB8EE411A80EE9C
:105EF000010A9DED051AB8EE411A9DED022A9FEDAB
:105F00005C3A22EE032A31EE021AB7EE002A31EE95
:105F1000021A20EE010A8DED010AFFE740F600406B
:105F2000C4F2024000680001002827D5FFE740F6D0
:105F30002C40C4F202400068C003002819D5FFE7D6
:105F40009DED010A40F63C40C4F20240006880B278
:105F5000400A01EE100AB8EE411AB7EE002A31EEFF
:105F6000021A80EE010A0898BCEEC00A80ED000A11
:105F700003E0089900200860FFE703E0089900208B
:105F80000860FFE740F60040C4F2024000680001EC
:105F9000002827D5FFE740F62C40C4F202400068F5
:105FA0008003002819D5FFE79DED010A40F63C402B
:105FB000C4F202400068C0F3064001EE100AB8EED9
:105FC000411AB7EE002A31EE021A80EE010A089853
:105FD000BCEEC00A80ED010A03E008990020486089
:105FE000FFE703E0089900204860FFE740F6004023
:105FF000C4F2024000680001002827D5FFE740F600
:106000002C40C4F2024000684003002819D5FFE785
:106010009DED010A40F63C40C4F202400068C0F326
:10602000066001EE100AB8EE411AB7EE002A31EE12
:10603000021A80EE010A0898BCEEC00A80ED020A3E
:1060400003E0089900208860FFE703E0089900203A
:106050008860FFE707E00899002008600899486019
:1060600008998860FFE709B0704700BF20BCBE4BAD
:10607000000000390024744A89B0089040F644407A
:10608000C4F2024000686FF35F20059040F6304094
:10609000C4F20240016801F0030107910168C1F3F5
:1060A000052106910068C0F300100490049840F6A2
:1060B0004841C4F20241096889B2C90800FB01F0F5
:1060C00000EE100AB8EE400A8DED020A069800288C
:1060D00000F03D81FFE707980090012808D0FFE716
:1060E0000098022830D0FFE70098032849D065E0E7
:1060F00040F60040C4F202400068C0F3C10149F21A
:106100000000C0F2D030C84003909DED030AB8EE05
:10611000400A9DED061AB8EE411A80EE010A9DED87
:10612000051AB8EE411A9DED022A9FED8F3A22EE34
:10613000032A31EE021AB7EE002A31EE021A20EEDF
:10614000010A8DED010A65E09DED060AB8EE401AE0
:106150009FED860A80EE010A9DED051AB8EE411A00
:106160009DED022A9FED803A22EE032A31EE021ABB
:10617000B7EE002A31EE021A20EE010A8DED010A77
:1061800048E09DED060AB8EE401A9FED760A80EED3
:10619000010A9DED051AB8EE411A9DED022A9FED08
:1061A000723A22EE032A31EE021AB7EE002A31EEDD
:1061B000021A20EE010A8DED010A2BE040F60040A4
:1061C000C4F202400068C0F3C10149F20000C0F20D
:1061D000D030C84003909DED030AB8EE400A9DED13
:1061E000061AB8EE411A80EE010A9DED051AB8EEC6
:1061F000411A9DED022A9FED5C3A22EE032A31EE10
:10620000021AB7EE002A31EE021A20EE010A8DEDD5
:10621000010AFFE740F60040C4F202400068800037
:10622000002827D5FFE740F63040C4F2024000685E
:10623000C003002819D5FFE79DED010A40F6444050
:10624000C4F20240006880B2400A01EE100AB8EEC3
:10625000411AB7EE002A31EE021A80EE010A0898C0
:10626000BCEEC00A80ED000A03E008990020086037
:10627000FFE703E0089900200860FFE740F60040D0
:10628000C4F2024000688000002827D5FFE740F6EE
:106290003040C4F2024000688003002819D5FFE7AF
:1062A0009DED010A40F64440C4F202400068C0F38C
:1062B000064001EE100AB8EE411AB7EE002A31EEA0
:1062C000021A80EE010A0898BCEEC00A80ED010AAD
:1062D00003E0089900204860FFE703E008990020E8
:1062E0004860FFE740F60040C4F2024000688000CA
:1062F000002827D5FFE740F63040C4F2024000688E
:106300004003002819D5FFE79DED010A40F64440FF
:10631000C4F202400068C0F3066001EE100AB8EE55
:10632000411AB7EE002A31EE021A80EE010A0898EF
:10633000BCEEC00A80ED020A03E0089900208860E4
:10634000FFE703E0089900208860FFE707E008996D
:10635000002008600899486008998860FFE709B044
:10636000704700BF20BCBE4B000000390024744AB7
:1063700080B59CB01B911A901A981B9980F0007000
:10638000084300285BD1FFE740F6F040C4F202402A
:10639000016801F440710E9100688007002809D55A
:1063A000FFE70E98B0F5807F04D1FFE74FF400407F
:1063B000109042E040F6F040C4F202400068000154
:1063C000002809D5FFE70E98B0F5007F04D1FFE75C
:1063D0004FF4FA4010902FE040F60040C4F2024023
:1063E00000688003002823D5FFE70E98B0F5407FB2
:1063F0001ED1FFE740F61C40C4F20240006800F4E2
:106400007C50B0F5007F0FD3FFE740F61C40C4F28C
:1064100002400068C0F3052147F64000C0F27D103D
:10642000B0FBF1F0109002E000201090FFE702E0D6
:1064300000201090FFE7FFE7FFE702F012BC1A9878
:106440000C901B990D9180F001000843002800F08A
:10645000C682FFE70D990C9880F0020008430028DF
:1064600000F03B83FFE70D990C9880F0040008438F
:10647000002800F0A783FFE70D990C9880F0080032
:106480000843002800F01E84FFE70D990C9880F067
:1064900010000843002800F09884FFE70D990C983D
:1064A00080F020000843002800F01285FFE70D99D6
:1064B0000C9880F040000843002800F08C85FFE72E
:1064C0000D990C9880F080000843002800F00686A3
:1064D000FFE70D990C9880F480700843002800F0C5
:1064E0008086FFE70D990C9880F40070084300281F
:1064F00000F0FA86FFE70D990C9880F4806008435D
:10650000002800F07487FFE70D990C9880F4006074
:106510000843002800F0E987FFE70D990C9880F404
:1065200080500843002801F05E80FFE70D990C9829
:1065300080F400500843002801F06181FFE70D99C5
:106540000C9880F480400843002801F0AA81FFE7FE
:106550000D990C9880F400400843002801F0F38165
:10656000FFE70D990C9880F480300843002801F073
:106570008E82FFE70D990C9880F4003008430028C4
:1065800001F0C282FFE70D990C9880F48020084347
:10659000002801F06583FFE70D990C9880F4002036
:1065A0000843002800F0BF80FFE70D990C9880F4A5
:1065B00080100843002800F04381FFE70D990C98F4
:1065C00080F400100843002801F07E80FFE70D9959
:1065D0000C9880F480000843002800F0BE81FFE79B
:1065E0000D990C9880F400000843002800F0D68133
:1065F000FFE70D990C9880F080600843002802F0B6
:106600009882FFE70D990C9880F0006008430028FD
:1066100001F0B986FFE70D990C9880F0805008438F
:10662000002801F02F87FFE70D990C9880F00050AB
:106630000843002801F0B387FFE70D990C9880F01C
:1066400080400843002802F03380FFE70D990C9842
:1066500080F000400843002802F0AE80FFE70C986D
:106660000D9981F001010843002802F02981FFE71C
:106670000C980D9981F002010843002802F0A481D2
:10668000FFE70C980D9981F004010843002801F000
:106690004386FFE70C980D9981F008010843002814
:1066A00002F00782FFE70C980D9981F01001084372
:1066B000002802F09482FFE70C980D9981F02001E8
:1066C0000843002801F07883FFE70C980D9981F0CA
:1066D00040010843002801F01B84FFE70C980D9946
:1066E00081F080010843002801F0BE84FFE70C9888
:1066F0000D9981F480710843002801F06185FFE75E
:106700000C980D9981F400710843002801F048802D
:10671000FFE70C980D9981F480610843002801F08F
:10672000648102F09ABA40F6E840C4F20240006880
:1067300000F4E0200E900E980B90A0B1FFE70B98AC
:10674000B0F5803F15D0FFE70B98B0F5003F16D0AD
:10675000FFE70B98B0F5403F17D0FFE70B98B0F577
:10676000802F18D067E017A8FFF78EF918981090BF
:1067700064E014A8FFF704FB149810905EE011A8E1
:10678000FFF77AFC1198109058E048F20000C0F230
:10679000BB00109052E040F6E840C4F202400068AE
:1067A00000F040400F9040F60040C4F20240006804
:1067B0008007002811D5FFE70F9870B9FFE740F672
:1067C0000040C4F202400068C0F3C10149F2000079
:1067D000C0F2D030C84010902CE040F60040C4F227
:1067E00002400068800500280BD5FFE70F98B0F144
:1067F000804F06D1FFE740F60010C0F23D00109038
:1068000017E040F60040C4F2024000688003002810
:106810000BD5FFE70F98B0F1004F06D1FFE747F621
:106820004000C0F27D10109002E000201090FFE7C1
:10683000FFE7FFE702E000201090FFE702F010BA48
:1068400040F6E840C4F20240006800F460100E9088
:106850000E980A90A0B1FFE70A98B0F5002F15D066
:10686000FFE70A98B0F5801F16D0FFE70A98B0F549
:10687000C01F17D0FFE70A98B0F5001F18D067E0D7
:1068800017A8FFF701F91898109064E014A8FFF713
:1068900077FA149810905EE011A8FFF7EDFB1198BD
:1068A000109058E048F20000C0F2BB00109052E097
:1068B00040F6E840C4F20240006800F040400F900B
:1068C00040F60040C4F2024000688007002811D55D
:1068D000FFE70F9870B9FFE740F60040C4F20240AE
:1068E0000068C0F3C10149F20000C0F2D030C840D6
:1068F00010902CE040F60040C4F202400068800591
:1069000000280BD5FFE70F98B0F1804F06D1FFE7C5
:1069100040F60010C0F23D00109017E040F6004035
:10692000C4F202400068800300280BD5FFE70F98EF
:10693000B0F1004F06D1FFE747F64000C0F27D10EE
:10694000109002E000201090FFE7FFE7FFE702E071
:1069500000201090FFE702F083B940F6E440C4F253
:106960000240006800F040000E900E9830B9FFE73A
:1069700017A8FFF789F8189810900DE00E98402896
:1069800006D1FFE714A8FFF7FBF91698109002E074
:1069900000201090FFE7FFE702F062B940F6E44004
:1069A000C4F20240006800F080000E900E9830B9EA
:1069B000FFE717A8FFF768F8189810900DE00E98F9
:1069C000802806D1FFE714A8FFF7DAF9169810908F
:1069D00002E000201090FFE7FFE702F041B940F627
:1069E000D840C4F20240006800F007000E900E98F4
:1069F00020B9FFE704F028F810906CE040F6004062
:106A0000C4F202400068000100280AD5FFE70E9892
:106A1000012806D1FFE714A8FFF7B2F915981090E6
:106A200058E040F60040C4F20240006880000028B0
:106A30000AD5FFE70E98022806D1FFE711A8FFF755
:106A40001BFB1298109044E040F60040C4F2024054
:106A500000688007002812D5FFE70E9803280ED1A2
:106A6000FFE740F60040C4F202400068C0F3C101F5
:106A700049F20000C0F2D030C840109028E040F643
:106A80000040C4F202400068800500280AD5FFE7F4
:106A90000E98042806D1FFE740F60010C0F23D0032
:106AA000109014E040F6F040C4F202400068800705
:106AB000002808D5FFE70E98052804D1FFE74FF41A
:106AC0000040109002E000201090FFE7FFE7FFE792
:106AD000FFE7FFE7FFE702F0C3B840F6D840C4F293
:106AE0000240006800F038000E900E9820B9FFE7D1
:106AF00003F096FF109063E040F60040C4F20240BD
:106B00000068000100280AD5FFE70E98082806D182
:106B1000FFE714A8FFF734F9159810904FE00E988E
:106B2000102806D1FFE711A8FFF7A6FA12981090D7
:106B300044E040F60040C4F20240006880070028AC
:106B400012D5FFE70E9818280ED1FFE740F6004057
:106B5000C4F202400068C0F3C10149F20000C0F273
:106B6000D030C840109028E040F60040C4F2024007
:106B70000068800500280AD5FFE70E98202806D176
:106B8000FFE740F60010C0F23D00109014E040F620
:106B9000F040C4F2024000688007002808D5FFE7F3
:106BA0000E98282804D1FFE74FF40040109002E02F
:106BB00000201090FFE7FFE7FFE7FFE7FFE7FFE7B1
:106BC00002F04EB840F6D840C4F20240006800F42B
:106BD000E0700E900E9820B9FFE703F021FF1090AF
:106BE0006EE040F60040C4F2024000680001002858
:106BF0000AD5FFE70E98402806D1FFE714A8FFF753
:106C0000BFF8159810905AE040F60040C4F20240D8
:106C10000068800000280AD5FFE70E98802806D17A
:106C2000FFE711A8FFF728FA1298109046E040F607
:106C30000040C4F2024000688007002812D5FFE738
:106C40000E98C0280ED1FFE740F60040C4F2024083
:106C50000068C0F3C10149F20000C0F2D030C84062
:106C600010902AE040F60040C4F20240006880051F
:106C700000280BD5FFE70E98B0F5807F06D1FFE71F
:106C800040F60010C0F23D00109015E040F6F040D4
:106C9000C4F2024000688007002809D5FFE70E987B
:106CA000B0F5A07F04D1FFE74FF40040109002E060
:106CB00000201090FFE7FFE7FFE7FFE7FFE7FFE7B0
:106CC00001F0CEBF40F6D840C4F20240006800F4A4
:106CD00060600E900E9820B9FFE703F0A1FE1090BF
:106CE00071E040F60040C4F2024000680001002854
:106CF0000BD5FFE70E98B0F5007F06D1FFE714A88B
:106D0000FFF73EF8159810905CE040F60040C4F2A2
:106D100002400068800000280BD5FFE70E98B0F510
:106D2000806F06D1FFE711A8FFF7A6F9129810901F
:106D300047E040F60040C4F20240006880070028A7
:106D400013D5FFE70E98B0F5C06F0ED1FFE740F600
:106D50000040C4F202400068C0F3C10149F20000E3
:106D6000C0F2D030C84010902AE040F60040C4F293
:106D700002400068800500280BD5FFE70E98B0F5AB
:106D8000006F06D1FFE740F60010C0F23D00109002
:106D900015E040F6F040C4F2024000688007002889
:106DA00009D5FFE70E98B0F5206F04D1FFE74FF447
:106DB0000040109002E000201090FFE7FFE7FFE79F
:106DC000FFE7FFE7FFE701F04BBF40F6D840C4F212
:106DD0000240006800F4E0400E900E9820B9FFE7F2
:106DE00003F01EFE109071E040F60040C4F2024035
:106DF0000068000100280BD5FFE70E98B0F5805F12
:106E000006D1FFE714A8FEF7BBFF159810905CE0D1
:106E100040F60040C4F202400068800000280BD514
:106E2000FFE70E98B0F5005F06D1FFE711A8FFF766
:106E300023F91298109047E040F60040C4F2024057
:106E400000688007002813D5FFE70E98B0F5405F73
:106E50000ED1FFE740F60040C4F202400068C0F3E4
:106E6000C10149F20000C0F2D030C84010902AE0C1
:106E700040F60040C4F202400068800500280BD5AF
:106E8000FFE70E98B0F5804F06D1FFE740F60010FF
:106E9000C0F23D00109015E040F6F040C4F2024010
:106EA00000688007002809D5FFE70E98B0F5A04FCD
:106EB00004D1FFE74FF40040109002E00020109052
:106EC000FFE7FFE7FFE7FFE7FFE7FFE701F0C8BEE7
:106ED00040F6D840C4F20240006800F460300E90E2
:106EE0000E9820B9FFE703F09BFD109071E040F68B
:106EF0000040C4F202400068000100280BD5FFE703
:106F00000E98B0F5004F06D1FFE714A8FEF738FF42
:106F1000159810905CE040F60040C4F20240006812
:106F2000800000280BD5FFE70E98B0F5803F06D112
:106F3000FFE711A8FFF7A0F81298109047E040F67D
:106F40000040C4F2024000688007002813D5FFE724
:106F50000E98B0F5C03F0ED1FFE740F60040C4F2F6
:106F600002400068C0F3C10149F20000C0F2D03015
:106F7000C84010902AE040F60040C4F20240006889
:106F8000800500280BD5FFE70E98B0F5003F06D12D
:106F9000FFE740F60010C0F23D00109015E040F60B
:106FA000F040C4F2024000688007002809D5FFE7DE
:106FB0000E98B0F5203F04D1FFE74FF40040109049
:106FC00002E000201090FFE7FFE7FFE7FFE7FFE7A1
:106FD000FFE701F045BE40F6D840C4F20240006829
:106FE00000F4E0100E900E9820B9FFE703F018FDB2
:106FF000109071E040F60040C4F2024000680001C9
:1070000000280BD5FFE70E98B0F5802F06D1FFE7DB
:1070100014A8FEF7B5FE159810905CE040F600400D
:10702000C4F202400068800000280BD5FFE70E98EC
:10703000B0F5002F06D1FFE711A8FFF71DF8129851
:10704000109047E040F60040C4F20240006880071C
:10705000002813D5FFE70E98B0F5402F0ED1FFE7BB
:1070600040F60040C4F202400068C0F3C10149F29A
:107070000000C0F2D030C84010902AE040F6004036
:10708000C4F202400068800500280BD5FFE70E9887
:10709000B0F5801F06D1FFE740F60010C0F23D00BA
:1070A000109015E040F6F040C4F2024000688007FE
:1070B000002809D5FFE70E98B0F5A01F04D1FFE71F
:1070C0004FF40040109002E000201090FFE7FFE72F
:1070D000FFE7FFE7FFE7FFE701F0C2BD40F6D8405A
:1070E000C4F20240006800F460000E900E9820B9CF
:1070F000FFE703F095FC109071E040F60040C4F209
:1071000002400068000100280BD5FFE70E98B0F59B
:10711000001F06D1FFE714A8FEF732FE1598109065
:107120005CE040F60040C4F20240006880000028A5
:107130000BD5FFE70E98B0F5800F06D1FFE711A839
:10714000FEF79AFF1298109047E040F60040C4F214
:10715000024000688007002813D5FFE70E98B0F5BD
:10716000C00F0ED1FFE740F60040C4F202400068B5
:10717000C0F3C10149F20000C0F2D030C840109005
:107180002AE040F60040C4F2024000688005002872
:107190000BD5FFE70E98B0F5000F06D1FFE740F6DC
:1071A0000010C0F23D00109015E040F6F040C4F22F
:1071B000024000688007002809D5FFE70E98B0F567
:1071C000200F04D1FFE74FF40040109002E00020B0
:1071D0001090FFE7FFE7FFE7FFE7FFE7FFE701F0BA
:1071E0003FBD40F6D840C4F20240006800F0E060C5
:1071F0000E900E9820B9FFE703F012FC109071E09A
:1072000040F60040C4F202400068000100280BD59F
:10721000FFE70E98B0F1807F06D1FFE714A8FEF7D4
:10722000AFFD159810905CE040F60040C4F20240BB
:107230000068800000280BD5FFE70E98B0F1007FB2
:1072400006D1FFE711A8FEF717FF1298109047E04C
:1072500040F60040C4F2024000688007002813D5C1
:10726000FFE70E98B0F1407F0ED1FFE740F60040F7
:10727000C4F202400068C0F3C10149F20000C0F24C
:10728000D030C84010902AE040F60040C4F20240DE
:107290000068800500280BD5FFE70E98B0F1806FDD
:1072A00006D1FFE740F60010C0F23D00109015E057
:1072B00040F6F040C4F2024000688007002809D57B
:1072C000FFE70E98B0F1A06F04D1FFE74FF4004044
:1072D000109002E000201090FFE7FFE7FFE7FFE7D4
:1072E000FFE7FFE701F0BCBC40F6D840C4F2024023
:1072F000006800F060500E900E9820B9FFE703F090
:107300008FFB109071E040F60040C4F2024000682C
:10731000000100280BD5FFE70E98B0F1006F06D1F1
:10732000FFE714A8FEF72CFD159810905CE040F6DE
:107330000040C4F202400068800000280BD5FFE73F
:107340000E98B0F1805F06D1FFE711A8FEF794FE1A
:107350001298109047E040F60040C4F202400068E6
:107360008007002813D5FFE70E98B0F1C05F0ED15B
:10737000FFE740F60040C4F202400068C0F3C101DC
:1073800049F20000C0F2D030C84010902AE040F628
:107390000040C4F202400068800500280BD5FFE7DA
:1073A0000E98B0F1005F06D1FFE740F60010C0F282
:1073B0003D00109015E040F6F040C4F20240006835
:1073C0008007002809D5FFE70E98B0F1205F04D1AF
:1073D000FFE74FF40040109002E000201090FFE71C
:1073E000FFE7FFE7FFE7FFE7FFE701F039BC40F603
:1073F000DC40C4F20240006800F007000E900E98D6
:1074000020B9FFE703F00CFB10906CE040F6004061
:10741000C4F202400068000100280AD5FFE70E9878
:10742000012806D1FFE714A8FEF7AAFC15981090D2
:1074300058E040F60040C4F2024000688000002896
:107440000AD5FFE70E98022806D1FFE711A8FEF73C
:1074500013FE1298109044E040F60040C4F202403F
:1074600000688007002812D5FFE70E9803280ED188
:10747000FFE740F60040C4F202400068C0F3C101DB
:1074800049F20000C0F2D030C840109028E040F629
:107490000040C4F202400068800500280AD5FFE7DA
:1074A0000E98042806D1FFE740F60010C0F23D0018
:1074B000109014E040F6F040C4F2024000688007EB
:1074C000002808D5FFE70E98052804D1FFE74FF400
:1074D0000040109002E000201090FFE7FFE7FFE778
:1074E000FFE7FFE7FFE701F0BBBB40F6DC40C4F27B
:1074F0000240006800F070000E900E9820B9FFE77F
:1075000003F08EFA10906CE040F60040C4F20240A6
:107510000068000100280AD5FFE70E98102806D160
:10752000FFE714A8FEF72CFC1598109058E040F6E1
:107530000040C4F202400068800000280AD5FFE73E
:107540000E98202806D1FFE711A8FEF795FD1298A6
:10755000109044E040F60040C4F20240006880070A
:10756000002812D5FFE70E9830280ED1FFE740F62D
:107570000040C4F202400068C0F3C10149F20000BB
:10758000C0F2D030C840109028E040F60040C4F26D
:1075900002400068800500280AD5FFE70E984028C1
:1075A00006D1FFE740F60010C0F23D00109014E055
:1075B00040F6F040C4F2024000688007002808D579
:1075C000FFE70E98502804D1FFE74FF400401090D9
:1075D00002E000201090FFE7FFE7FFE7FFE7FFE78B
:1075E000FFE701F03DBB40F6E040C4F20240006816
:1075F00000F0E0600E900E9820B9FFE703F038FA33
:1076000010905FE00E98B0F1807F06D1FFE714A8DC
:10761000FEF7B6FB1598109053E00E98B0F1007F7E
:1076200006D1FFE711A8FEF727FD1298109047E05A
:1076300040F60040C4F2024000688007002813D5DD
:10764000FFE70E98B0F1407F0ED1FFE740F6004013
:10765000C4F202400068C0F3C10149F20000C0F268
:10766000D030C84010902AE040F60040C4F20240FA
:107670000068800500280BD5FFE70E98B0F1806FF9
:1076800006D1FFE740F60010C0F23D00109015E073
:1076900040F6F040C4F2024000688007002809D597
:1076A000FFE70E98B0F1A06F04D1FFE74FF4004060
:1076B000109002E000201090FFE7FFE7FFE7FFE7F0
:1076C000FFE7FFE701F0CCBA40F6E840C4F2024021
:1076D000006800F007000E900E9820B9FFE703F055
:1076E00085F910905AE00E98012804D1FFE703F0C5
:1076F000D3F9109051E00E98022806D1FFE714A8A4
:10770000FEF73EFB1698109046E040F60040C4F2AB
:1077100002400068800300280AD5FFE70E9803287E
:1077200006D1FFE747F64000C0F27D10109032E02E
:1077300040F60040C4F2024000688007002812D5DD
:10774000FFE70E9804280ED1FFE740F60040C4F290
:1077500002400068C0F3C10149F20000C0F2D0301D
:10776000C840109016E040F60040C4F202400068A5
:10777000800500280AD5FFE70E98052806D1FFE707
:1077800040F60010C0F23D00109002E00020109082
:10779000FFE7FFE7FFE7FFE7FFE7FFE701F060BA7A
:1077A00040F6E840C4F20240006800F008000E9085
:1077B00040F6F040C4F2024000688007002807D578
:1077C000FFE70E9820B9FFE74FF40040109014E057
:1077D00040F6F040C4F2024000680001002808D5DD
:1077E000FFE70E98082804D1FFE74FF4FA40109005
:1077F00002E000201090FFE7FFE701F031BA40F609
:10780000E440C4F20240006800F440300E900E984C
:1078100020B9FFE703F004F9109040E00E98B0F5AE
:10782000803F06D1FFE711A8FEF726FC13981090C1
:1078300034E040F60040C4F20240006880070028AF
:1078400013D5FFE70E98B0F5003F0ED1FFE740F6E5
:107850000040C4F202400068C0F3C10149F20000D8
:10786000C0F2D030C840109017E040F60040C4F29B
:1078700002400068800500280BD5FFE70E98B0F5A0
:10788000403F06D1FFE740F60010C0F23D001090E7
:1078900002E000201090FFE7FFE7FFE7FFE701F0BD
:1078A000DFB940F6E440C4F20240006800F4402032
:1078B0000E900E9820B9FFE703F0B2F8109040E068
:1078C0000E98B0F5802F06D1FFE711A8FEF7D4FB84
:1078D0001398109034E040F60040C4F20240006873
:1078E0008007002813D5FFE70E98B0F5002F0ED1C2
:1078F000FFE740F60040C4F202400068C0F3C10157
:1079000049F20000C0F2D030C840109017E040F6B5
:107910000040C4F202400068800500280BD5FFE754
:107920000E98B0F5402F06D1FFE740F60010C0F2E8
:107930003D00109002E000201090FFE7FFE7FFE716
:10794000FFE701F08DB940F6E440C4F20240006860
:1079500000F440100E900E9820B9FFE703F088F86D
:10796000109040E00E98B0F5801F06D1FFE711A8F7
:10797000FEF782FB1398109034E040F60040C4F20A
:10798000024000688007002813D5FFE70E98B0F585
:10799000001F0ED1FFE740F60040C4F2024000682D
:1079A000C0F3C10149F20000C0F2D030C8401090CD
:1079B00017E040F60040C4F202400068800500284D
:1079C0000BD5FFE70E98B0F5401F06D1FFE740F654
:1079D0000010C0F23D00109002E000201090FFE780
:1079E000FFE7FFE7FFE701F03BB940F6E440C4F2F0
:1079F0000240006800F440000E900E9820B9FFE7A6
:107A000003F036F8109040E00E98B0F5800F06D1E4
:107A1000FFE711A8FEF730FB1398109034E040F612
:107A20000040C4F2024000688007002813D5FFE739
:107A30000E98B0F5000F0ED1FFE740F60040C4F2FB
:107A400002400068C0F3C10149F20000C0F2D0302A
:107A5000C840109017E040F60040C4F202400068B1
:107A6000800500280BD5FFE70E98B0F5400F06D132
:107A7000FFE740F60010C0F23D00109002E0002049
:107A80001090FFE7FFE7FFE7FFE701F0E9B840F6F6
:107A9000E440C4F20240006800F040700E900E987E
:107AA00020B9FFE702F0BCFF10902BE00E98B0F178
:107AB000807F06D1FFE711A8FEF7DEFA1398109039
:107AC0001FE040F60040C4F2024000688007002832
:107AD00013D5FFE70E98B0F1007F0ED1FFE740F617
:107AE0000040C4F202400068C0F3C10149F2000046
:107AF000C0F2D030C840109002E000201090FFE7A4
:107B0000FFE7FFE701F0ACB840F6DC40C4F202400A
:107B1000006800F4E0600E900E980990C8B1FFE78D
:107B20000998B0F5807F18D0FFE70998B0F5007F7D
:107B300019D0FFE70998B0F5407F1AD0FFE7099800
:107B4000B0F5806F26D0FFE70998B0F5A06F32D06E
:107B500081E002F08DFF109080E014A8FEF710F98C
:107B6000149810907AE011A8FEF786FA13981090F6
:107B700074E040F6F040C4F202400068800700283C
:107B800004D5FFE74FF40040109002E00020109071
:107B9000FFE763E040F6F040C4F2024000680001F5
:107BA000002804D5FFE74FF4FA40109002E00020CF
:107BB0001090FFE752E040F6E840C4F2024000684F
:107BC00000F040400F9040F60040C4F202400068D0
:107BD0008007002811D5FFE70F9870B9FFE740F63E
:107BE0000040C4F202400068C0F3C10149F2000045
:107BF000C0F2D030C84010902CE040F60040C4F2F3
:107C000002400068800500280BD5FFE70F98B0F10F
:107C1000804F06D1FFE740F60010C0F23D00109003
:107C200017E040F60040C4F20240006880030028DC
:107C30000BD5FFE70F98B0F1004F06D1FFE747F6ED
:107C40004000C0F27D10109002E000201090FFE78D
:107C5000FFE7FFE702E000201090FFE701F000B827
:107C600040F6DC40C4F20240006800F4E0400E90B0
:107C70000E980890C8B1FFE70898B0F5805F18D05B
:107C8000FFE70898B0F5005F19D0FFE70898B0F556
:107C9000405F1AD0FFE70898B0F5804F26D0FFE785
:107CA0000898B0F5A04F32D081E002F0B9FE1090F4
:107CB00080E014A8FEF764F8149810907AE011A8F8
:107CC000FEF7DAF91398109074E040F6F040C4F231
:107CD000024000688007002804D5FFE74FF4004009
:107CE000109002E000201090FFE763E040F6F040C3
:107CF000C4F2024000680001002804D5FFE74FF4F9
:107D0000FA40109002E000201090FFE752E040F6A9
:107D1000E840C4F20240006800F040400F9040F696
:107D20000040C4F2024000688007002811D5FFE738
:107D30000F9870B9FFE740F60040C4F202400068B7
:107D4000C0F3C10149F20000C0F2D030C840109029
:107D50002CE040F60040C4F2024000688005002894
:107D60000BD5FFE70F98B0F1804F06D1FFE740F643
:107D70000010C0F23D00109017E040F60040C4F241
:107D800002400068800300280BD5FFE70F98B0F190
:107D9000004F06D1FFE747F64000C0F27D1010907B
:107DA00002E000201090FFE7FFE7FFE702E000207D
:107DB0001090FFE700F054BF40F6DC40C4F20240F0
:107DC000006800F4E0200E900E980790C8B1FFE71D
:107DD0000798B0F5803F18D0FFE70798B0F5003F4F
:107DE00019D0FFE70798B0F5403F1AD0FFE7079892
:107DF000B0F5802F26D0FFE70798B0F5A02F32D03E
:107E000081E002F035FE109080E014A8FDF7B8FF85
:107E1000149810907AE011A8FEF72EF9139810909C
:107E200074E040F6F040C4F2024000688007002889
:107E300004D5FFE74FF40040109002E000201090BE
:107E4000FFE763E040F6F040C4F202400068000142
:107E5000002804D5FFE74FF4FA40109002E000201C
:107E60001090FFE752E040F6E840C4F2024000689C
:107E700000F040400F9040F60040C4F2024000681D
:107E80008007002811D5FFE70F9870B9FFE740F68B
:107E90000040C4F202400068C0F3C10149F2000092
:107EA000C0F2D030C84010902CE040F60040C4F240
:107EB00002400068800500280BD5FFE70F98B0F15D
:107EC000804F06D1FFE740F60010C0F23D00109051
:107ED00017E040F60040C4F202400068800300282A
:107EE0000BD5FFE70F98B0F1004F06D1FFE747F63B
:107EF0004000C0F27D10109002E000201090FFE7DB
:107F0000FFE7FFE702E000201090FFE700F0A8BEC7
:107F100040F6DC40C4F20240006800F4E0000E903D
:107F20000E980690C8B1FFE70698B0F5801F18D0EC
:107F3000FFE70698B0F5001F19D0FFE70698B0F5E7
:107F4000401F1AD0FFE70698B0F5800F26D0FFE754
:107F50000698B0F5A00F32D081E002F089FD1090B4
:107F600080E014A8FDF70CFF149810907AE011A897
:107F7000FEF782F81398109074E040F6F040C4F2D7
:107F8000024000688007002804D5FFE74FF4004056
:107F9000109002E000201090FFE763E040F6F04010
:107FA000C4F2024000680001002804D5FFE74FF446
:107FB000FA40109002E000201090FFE752E040F6F7
:107FC000E840C4F20240006800F040400F9040F6E4
:107FD0000040C4F2024000688007002811D5FFE786
:107FE0000F9870B9FFE740F60040C4F20240006805
:107FF000C0F3C10149F20000C0F2D030C840109077
:108000002CE040F60040C4F20240006880050028E1
:108010000BD5FFE70F98B0F1804F06D1FFE740F690
:108020000010C0F23D00109017E040F60040C4F28E
:1080300002400068800300280BD5FFE70F98B0F1DD
:10804000004F06D1FFE747F64000C0F27D101090C8
:1080500002E000201090FFE7FFE7FFE702E00020CA
:108060001090FFE700F0FCBD40F6DC40C4F2024097
:10807000006800F0E0600E900E980590C8B1FFE730
:108080000598B0F1807F18D0FFE70598B0F1007F28
:1080900019D0FFE70598B0F1407F1AD0FFE70598A7
:1080A000B0F1806F26D0FFE70598B0F1A06F32D015
:1080B00081E002F0DDFC109080E014A8FDF760FE86
:1080C000149810907AE011A8FDF7D6FF139810903D
:1080D00074E040F6F040C4F20240006880070028D7
:1080E00004D5FFE74FF40040109002E0002010900C
:1080F000FFE763E040F6F040C4F202400068000190
:10810000002804D5FFE74FF4FA40109002E0002069
:108110001090FFE752E040F6E840C4F202400068E9
:1081200000F040400F9040F60040C4F2024000686A
:108130008007002811D5FFE70F9870B9FFE740F6D8
:108140000040C4F202400068C0F3C10149F20000DF
:10815000C0F2D030C84010902CE040F60040C4F28D
:1081600002400068800500280BD5FFE70F98B0F1AA
:10817000804F06D1FFE740F60010C0F23D0010909E
:1081800017E040F60040C4F2024000688003002877
:108190000BD5FFE70F98B0F1004F06D1FFE747F688
:1081A0004000C0F27D10109002E000201090FFE728
:1081B000FFE7FFE702E000201090FFE700F050BD6E
:1081C00040F6DC40C4F20240006800F0E0400E904F
:1081D0000E980490C8B1FFE70498B0F1805F18D002
:1081E000FFE70498B0F1005F19D0FFE70498B0F101
:1081F000405F1AD0FFE70498B0F1804F26D0FFE728
:108200000498B0F1A04F32D081E002F031FC109020
:1082100080E014A8FDF7B4FD149810907AE011A83E
:10822000FDF72AFF1398109074E040F6F040C4F276
:10823000024000688007002804D5FFE74FF40040A3
:10824000109002E000201090FFE763E040F6F0405D
:10825000C4F2024000680001002804D5FFE74FF493
:10826000FA40109002E000201090FFE752E040F644
:10827000E840C4F20240006800F040400F9040F631
:108280000040C4F2024000688007002811D5FFE7D3
:108290000F9870B9FFE740F60040C4F20240006852
:1082A000C0F3C10149F20000C0F2D030C8401090C4
:1082B0002CE040F60040C4F202400068800500282F
:1082C0000BD5FFE70F98B0F1804F06D1FFE740F6DE
:1082D0000010C0F23D00109017E040F60040C4F2DC
:1082E00002400068800300280BD5FFE70F98B0F12B
:1082F000004F06D1FFE747F64000C0F27D10109016
:1083000002E000201090FFE7FFE7FFE702E0002017
:108310001090FFE700F0A4BC40F6E840C4F2024031
:10832000006800F440700E9040F60040C4F2024035
:1083300000688003002809D5FFE70E9830B9FFE7F1
:1083400047F64000C0F27D1010901AE00E98B0F58C
:10835000807F06D1FFE717A8FDF796FB18981090CD
:108360000EE00E98B0F5007F06D1FFE714A8FDF7E8
:1083700007FD1598109002E000201090FFE7FFE73E
:10838000FFE700F06DBC40F6E040C4F20240006838
:1083900000F007000E900E98039004286DD8039902
:1083A000DFE801F003090F151B0017A8FDF76CFBB0
:1083B0001898109064E014A8FDF7E2FC149810904F
:1083C0005EE011A8FDF758FE1198109058E048F2B1
:1083D0000000C0F2BB00109052E040F6E840C4F24A
:1083E0000240006800F040400F9040F60040C4F2A8
:1083F000024000688007002811D5FFE70F9870B988
:10840000FFE740F60040C4F202400068C0F3C1013B
:1084100049F20000C0F2D030C84010902CE040F685
:108420000040C4F202400068800500280BD5FFE739
:108430000F98B0F1804F06D1FFE740F60010C0F270
:108440003D00109017E040F60040C4F20240006882
:10845000800300280BD5FFE70F98B0F1004F06D13D
:10846000FFE747F64000C0F27D10109002E00020C8
:108470001090FFE7FFE7FFE702E000201090FFE722
:1084800000F0EEBB40F6E040C4F20240006800F0AD
:1084900038000E900E980290202800F27C800299FD
:1084A000DFE801F011797979797979791779797932
:1084B000797979791D7979797979797923797979DE
:1084C00079797979290017A8FDF7DEFA18981090C4
:1084D00064E014A8FDF754FC149810905EE011A815
:1084E000FDF7CAFD1198109058E048F20000C0F264
:1084F000BB00109052E040F6E840C4F20240006831
:1085000000F040400F9040F60040C4F20240006886
:108510008007002811D5FFE70F9870B9FFE740F6F4
:108520000040C4F202400068C0F3C10149F20000FB
:10853000C0F2D030C84010902CE040F60040C4F2A9
:1085400002400068800500280BD5FFE70F98B0F1C6
:10855000804F06D1FFE740F60010C0F23D001090BA
:1085600017E040F60040C4F2024000688003002893
:108570000BD5FFE70F98B0F1004F06D1FFE747F6A4
:108580004000C0F27D10109002E000201090FFE744
:10859000FFE7FFE702E000201090FFE760E340F60E
:1085A000E040C4F20240006800F4E0700E900E98C3
:1085B000019088B1FFE70198402813D0FFE70198A8
:1085C000802815D0FFE70198C02817D0FFE7019851
:1085D000B0F5807F18D067E017A8FDF755FA189816
:1085E000109064E014A8FDF7CBFB149810905EE0A7
:1085F00011A8FDF741FD1198109058E048F20000D5
:10860000C0F2BB00109052E040F6E840C4F20240D5
:10861000006800F040400F9040F60040C4F2024075
:1086200000688007002811D5FFE70F9870B9FFE7B1
:1086300040F60040C4F202400068C0F3C10149F2B4
:108640000000C0F2D030C84010902CE040F600404E
:10865000C4F202400068800500280BD5FFE70F98A0
:10866000B0F1804F06D1FFE740F60010C0F23D00A8
:10867000109017E040F60040C4F20240006880030A
:1086800000280BD5FFE70F98B0F1004F06D1FFE7A8
:1086900047F64000C0F27D10109002E000201090DC
:1086A000FFE7FFE7FFE702E000201090FFE7D7E2D7
:1086B00040F6E040C4F20240006800F460600E90B2
:1086C0000E9820B9FFE702F0BFF9109073E040F672
:1086D0000040C4F202400068000100280BD5FFE70B
:1086E0000E98B0F5007F06D1FFE714A8FDF748FB10
:1086F000159810905EE040F60040C4F20240006819
:10870000800000280BD5FFE70E98B0F5806F06D1EA
:10871000FFE711A8FDF7B0FC1298109049E040F671
:108720000040C4F2024000688007002813D5FFE72C
:108730000E98B0F5C06F0ED1FFE740F60040C4F2CE
:1087400002400068C0F3C10149F20000C0F2D0301D
:10875000C84010902CE040F60040C4F2024000688F
:10876000800500280BD5FFE70E98B0F5006F06D105
:10877000FFE740F60010C0F23D00109017E040F611
:108780000040C4F202400068800300280BD5FFE7D8
:108790000E98B0F5206F06D1FFE747F64000C0F213
:1087A0007D10109002E000201090FFE7FFE7FFE748
:1087B000FFE7FFE7FFE753E240F6E040C4F2024084
:1087C000006800F4E0400E900E9820B9FFE702F038
:1087D0004FF9109073E040F60040C4F20240006888
:1087E000000100280BD5FFE70E98B0F5805F06D199
:1087F000FFE714A8FDF7C4FA159810905EE040F664
:108800000040C4F202400068800000280BD5FFE75A
:108810000E98B0F5005F06D1FFE711A8FDF72CFC1C
:108820001298109049E040F60040C4F202400068FF
:108830008007002813D5FFE70E98B0F5405F0ED1F2
:10884000FFE740F60040C4F202400068C0F3C101F7
:1088500049F20000C0F2D030C84010902CE040F641
:108860000040C4F202400068800500280BD5FFE7F5
:108870000E98B0F5804F06D1FFE740F60010C0F229
:108880003D00109017E040F60040C4F2024000683E
:10889000800300280BD5FFE70E98B0F5A04F06D156
:1088A000FFE747F64000C0F27D10109002E0002084
:1088B0001090FFE7FFE7FFE7FFE7FFE7FFE7CFE104
:1088C00040F6E040C4F20240006800F460300E90D0
:1088D0000E9820B9FFE702F0B7F8109073E040F669
:1088E0000040C4F202400068000100280BD5FFE7F9
:1088F0000E98B0F5004F06D1FFE714A8FDF740FA37
:10890000159810905EE040F60040C4F20240006806
:10891000800000280BD5FFE70E98B0F5803F06D108
:10892000FFE711A8FDF7A8FB1298109049E040F668
:108930000040C4F2024000688007002813D5FFE71A
:108940000E98B0F5C03F0ED1FFE740F60040C4F2EC
:1089500002400068C0F3C10149F20000C0F2D0300B
:10896000C84010902CE040F60040C4F2024000687D
:10897000800500280BD5FFE70E98B0F5003F06D123
:10898000FFE740F60010C0F23D00109017E040F6FF
:108990000040C4F202400068800300280BD5FFE7C6
:1089A0000E98B0F5203F06D1FFE747F64000C0F231
:1089B0007D10109002E000201090FFE7FFE7FFE736
:1089C000FFE7FFE7FFE74BE140F6E440C4F2024077
:1089D000006800F003000E900E980090032864D801
:1089E0000099DFE801F002060C1201F0FFFF109081
:1089F0005EE017A8FDF748F81898109058E014A802
:108A0000FDF7BEF91698109052E040F6E840C4F227
:108A10000240006800F040400F9040F60040C4F271
:108A2000024000688007002811D5FFE70F9870B951
:108A3000FFE740F60040C4F202400068C0F3C10105
:108A400049F20000C0F2D030C84010902CE040F64F
:108A50000040C4F202400068800500280BD5FFE703
:108A60000F98B0F1804F06D1FFE740F60010C0F23A
:108A70003D00109017E040F60040C4F2024000684C
:108A8000800300280BD5FFE70F98B0F1004F06D107
:108A9000FFE747F64000C0F27D10109002E0002092
:108AA0001090FFE7FFE7FFE702E000201090FFE7EC
:108AB000D6E040F6E840C4F20240006800F0C00092
:108AC0000E9040F6F040C4F2024000688007002893
:108AD00007D5FFE70E9820B9FFE74FF4004010904C
:108AE00026E040F6F040C4F2024000680001002891
:108AF00008D5FFE70E98402804D1FFE74FF4FA406D
:108B0000109014E040F60040C4F202400068800576
:108B1000002808D5FFE70E98802804D1FFE748F227
:108B20001200109002E000201090FFE7FFE7FFE73F
:108B300096E040F6E840C4F20240006800F03000E1
:108B40000E9040F60040C4F2024000688004002805
:108B500009D5FFE70E9830B9FFE746F60040C0F2AE
:108B6000DC2010903AE040F60040C4F20240006879
:108B7000800100280AD5FFE70E98102806D1FFE7EC
:108B800017A8FCF781FF1898109026E040F6F040F7
:108B9000C4F2024000688007002808D5FFE70E985D
:108BA000202804D1FFE74FF40040109014E040F675
:108BB000F040C4F2024000680001002808D5FFE739
:108BC0000E98302804D1FFE74FF4FA40109002E0ED
:108BD00000201090FFE7FFE7FFE7FFE740E040F6E7
:108BE000E440C4F20240006800F030000E900E989D
:108BF000102806D1FFE717A8FCF746FF1898109039
:108C00002EE040F60040C4F20240006880000028D8
:108C10000AD5FFE70E98202806D1FFE711A8FDF737
:108C20002BFA1298109016E040F60040C4F2024071
:108C30000068800400280AD5FFE70E98302806D186
:108C4000FFE746F60040C0F2DC20109002E0002072
:108C50001090FFE7FFE7FFE702E000201090FFE73A
:108C6000FFE710981CB080BD80B5ACB02B90002001
:108C70008DF8A3008DF8A2002B98C078C00760B1D2
:108C8000FFE740F6E841C4F20241086820F04040A6
:108C90002B9A926D10430860FFE72B980068C0077D
:108CA000002837D0FFE72B98C06D2790052817D8EC
:108CB0002799DFE801F003040B12131414E02B983A
:108CC000083007F001FB8DF8A3000DE02B98303041
:108CD00007F0B0FB8DF8A30006E005E004E003E038
:108CE00001208DF8A300FFE79DF8A30060B9FFE71E
:108CF00040F6D841C4F20241086820F007002B9AE0
:108D0000D26D1043086004E09DF8A3008DF8A20026
:108D1000FFE7FFE72B9800788007002840F14A80A2
:108D2000FFE72B98006E2690282829D82699DFE89F
:108D300001F0152727272727272716272727272743
:108D400027271D27272727272727242727272727C0
:108D500027272527272727272727260014E02B98B2
:108D6000083007F0B1FA8DF8A3000DE02B983030F1
:108D700007F060FB8DF8A30006E005E004E003E0E7
:108D800001208DF8A300FFE79DF8A30060B9FFE77D
:108D900040F6D841C4F20241086820F038002B9A0E
:108DA000126E1043086004E09DF8A3008DF8A20045
:108DB000FFE7FFE72B9800784007002847D5FFE73B
:108DC0002B98406E2590B0B1FFE72598402813D02E
:108DD000FFE72598802816D0FFE72598C02819D0EE
:108DE000FFE72598B0F5807F15D0FFE72598B0F50F
:108DF000A07F11D011E014E02B98083007F064FA3E
:108E00008DF8A3000DE02B98303007F013FB8DF8A0
:108E1000A30006E005E004E003E001208DF8A300D4
:108E2000FFE79DF8A30060B9FFE740F6D841C4F220
:108E30000241086820F4E0702B9A526E10430860DB
:108E400004E09DF8A3008DF8A200FFE7FFE72B9850
:108E50000078000700284AD5FFE72B98806E249001
:108E6000C8B1FFE72498B0F5007F15D0FFE724983C
:108E7000B0F5806F17D0FFE72498B0F5C06F19D018
:108E8000FFE72498B0F5006F15D0FFE72498B0F500
:108E9000206F11D011E014E02B98083007F014FA7D
:108EA0008DF8A3000DE02B98303007F0C3FA8DF851
:108EB000A30006E005E004E003E001208DF8A30034
:108EC000FFE79DF8A30060B9FFE740F6D841C4F280
:108ED0000241086820F460602B9A926E104308608B
:108EE00004E09DF8A3008DF8A200FFE7FFE72B98B0
:108EF0000078C00600284AD5FFE72B98C06E239063
:108F0000C8B1FFE72398B0F5805F15D0FFE723983D
:108F1000B0F5005F17D0FFE72398B0F5405F19D098
:108F2000FFE72398B0F5804F15D0FFE72398B0F501
:108F3000A04F11D011E014E02B98083007F0C4F9CD
:108F40008DF8A3000DE02B98303007F073FA8DF800
:108F5000A30006E005E004E003E001208DF8A30093
:108F6000FFE79DF8A30060B9FFE740F6D841C4F2DF
:108F70000241086820F4E0402B9AD26E104308604A
:108F800004E09DF8A3008DF8A200FFE7FFE72B980F
:108F90000078800600284AD5FFE72B98006F2290C2
:108FA000C8B1FFE72298B0F5004F15D0FFE722982F
:108FB000B0F5803F17D0FFE72298B0F5C03F19D039
:108FC000FFE72298B0F5003F15D0FFE72298B0F5F3
:108FD000203F11D011E014E02B98083007F074F90D
:108FE0008DF8A3000DE02B98303007F023FA8DF8B0
:108FF000A30006E005E004E003E001208DF8A300F3
:10900000FFE79DF8A30060B9FFE740F6D841C4F23E
:109010000241086820F460302B9A126F10430860F8
:1090200004E09DF8A3008DF8A200FFE7FFE72B986E
:109030000078400600284AD5FFE72B98406F219022
:10904000C8B1FFE72198B0F5802F15D0FFE7219830
:10905000B0F5002F17D0FFE72198B0F5402F19D0B9
:10906000FFE72198B0F5801F15D0FFE72198B0F5F4
:10907000A01F11D011E014E02B98083007F024F95C
:109080008DF8A3000DE02B98303007F0D3F98DF860
:10909000A30006E005E004E003E001208DF8A30052
:1090A000FFE79DF8A30060B9FFE740F6D841C4F29E
:1090B0000241086820F4E0102B9A526F10430860B8
:1090C00004E09DF8A3008DF8A200FFE7FFE72B98CE
:1090D0000078000600284AD5FFE72B98806F209083
:1090E000C8B1FFE72098B0F5001F15D0FFE7209822
:1090F000B0F5800F17D0FFE72098B0F5C00F19D05A
:10910000FFE72098B0F5000F15D0FFE72098B0F5E5
:10911000200F11D011E014E02B98083007F0D4F89C
:109120008DF8A3000DE02B98303007F083F98DF80F
:10913000A30006E005E004E003E001208DF8A300B1
:10914000FFE79DF8A30060B9FFE740F6D841C4F2FD
:109150000241086820F460002B9A926F1043086067
:1091600004E09DF8A3008DF8A200FFE7FFE72B982D
:109170004078C00700284AD0FFE72B98C06F1F90A7
:10918000C8B1FFE71F98B0F1807F15D0FFE71F98A7
:10919000B0F1007F17D0FFE71F98B0F1407F19D0E2
:1091A000FFE71F98B0F1806F15D0FFE71F98B0F16F
:1091B000A06F11D011E014E02B98083007F084F86C
:1091C0008DF8A3000DE02B98303007F033F98DF8BF
:1091D000A30006E005E004E003E001208DF8A30011
:1091E000FFE79DF8A30060B9FFE740F6D841C4F25D
:1091F0000241086820F0E0602B9AD26F10430860AB
:1092000004E09DF8A3008DF8A200FFE7FFE72B988C
:109210004078800700284CD5FFE72B98D0F88000D5
:109220001E90C8B1FFE71E98B0F1006F15D0FFE7A0
:109230001E98B0F1805F17D0FFE71E98B0F1C05FB5
:1092400019D0FFE71E98B0F1005F15D0FFE71E9818
:10925000B0F1205F11D011E014E02B98083007F036
:1092600033F88DF8A3000DE02B98303007F0E2F8CA
:109270008DF8A30006E005E004E003E001208DF88E
:10928000A300FFE79DF8A30068B9FFE740F6D841C7
:10929000C4F20241086820F060502B9AD2F8802076
:1092A0001043086004E09DF8A3008DF8A200FFE7DA
:1092B000FFE72B9840784007002839D5FFE72B9827
:1092C000D0F884001D90052817D81D99DFE801F01B
:1092D00003040B12131414E02B98083006F0F4FF6B
:1092E0008DF8A3000DE02B98303007F0A3F88DF82F
:1092F000A30006E005E004E003E001208DF8A300F0
:10930000FFE79DF8A30068B9FFE740F6DC41C4F22F
:109310000241086820F007002B9AD2F884201043FD
:10932000086004E09DF8A3008DF8A200FFE7FFE7C6
:109330002B9840780007002847D5FFE72B98D0F8F6
:1093400088001C90A0B1FFE71C98102811D0FFE7FF
:109350001C98202814D0FFE71C98302817D0FFE76E
:109360001C98402814D0FFE71C98502811D011E019
:1093700014E02B98083006F0A7FF8DF8A3000DE04D
:109380002B98303007F056F88DF8A30006E005E082
:1093900004E003E001208DF8A300FFE79DF8A3009F
:1093A00068B9FFE740F6DC41C4F20241086820F0EA
:1093B00070002B9AD2F888201043086004E09DF8D2
:1093C000A3008DF8A200FFE7FFE72B984078C006C6
:1093D00000284CD5FFE72B98D0F88C001B90C8B123
:1093E000FFE71B98B0F1807F15D0FFE71B98B0F125
:1093F000007F17D0FFE71B98B0F1407F19D0FFE73F
:109400001B98B0F1806F15D0FFE71B98B0F1A06FEB
:1094100011D011E014E02B98083006F055FF8DF8BC
:10942000A3000DE02B98303007F004F88DF8A3006E
:1094300006E005E004E003E001208DF8A300FFE76B
:109440009DF8A30068B9FFE740F6E041C4F202418D
:10945000086820F0E0602B9AD2F88C201043086056
:1094600004E09DF8A3008DF8A200FFE7FFE72B982A
:109470004078800600283AD5FFE72B98D0F8900076
:109480001A9078B1FFE71A98B0F5803F0BD0FFE74C
:109490001A98B0F5003F0DD0FFE71A98B0F5403F9D
:1094A00009D009E00CE02B98303006F0C3FF8DF8AE
:1094B000A30005E004E003E001208DF8A300FFE72E
:1094C0009DF8A30068B9FFE740F6E441C4F2024109
:1094D000086820F440302B9AD2F89020104308609E
:1094E00004E09DF8A3008DF8A200FFE7FFE72B98AA
:1094F0004078400600283AD5FFE72B98D0F8940032
:10950000199078B1FFE71998B0F5802F0BD0FFE7DD
:109510001998B0F5002F0DD0FFE71998B0F5402F3E
:1095200009D009E00CE02B98303006F083FF8DF86D
:10953000A30005E004E003E001208DF8A300FFE7AD
:109540009DF8A30068B9FFE740F6E441C4F2024188
:10955000086820F440202B9AD2F894201043086029
:1095600004E09DF8A3008DF8A200FFE7FFE72B9829
:109570004078000600283AD5FFE72B98D0F89800ED
:10958000189078B1FFE71898B0F5801F0BD0FFE76F
:109590001898B0F5001F0DD0FFE71898B0F5401FE0
:1095A00009D009E00CE02B98303006F043FF8DF82D
:1095B000A30005E004E003E001208DF8A300FFE72D
:1095C0009DF8A30068B9FFE740F6E441C4F2024108
:1095D000086820F440102B9AD2F8982010430860B5
:1095E00004E09DF8A3008DF8A200FFE7FFE72B98A9
:1095F0004079400700283AD5FFE72B98D0F89C0027
:10960000179078B1FFE71798B0F5800F0BD0FFE700
:109610001798B0F5000F0DD0FFE71798B0F5400F81
:1096200009D009E00CE02B98303006F003FF8DF8EC
:10963000A30005E004E003E001208DF8A300FFE7AC
:109640009DF8A30068B9FFE740F6E441C4F2024187
:10965000086820F440002B9AD2F89C201043086040
:1096600004E09DF8A3008DF8A200FFE7FFE72B9828
:109670008078C007A0B3FFE72B98D0F8A000169021
:1096800050B1FFE71698B0F1807F06D0FFE716983B
:10969000B0F1007F08D008E00BE02B98303006F0E6
:1096A000C9FE8DF8A30004E003E001208DF8A300BB
:1096B000FFE79DF8A30068B9FFE740F6E441C4F274
:1096C0000241086820F040702B9AD2F8A020104385
:1096D000086004E09DF8A3008DF8A200FFE7FFE713
:1096E0002B9840790007002811D5FFE7FFE740F6E7
:1096F0001C41C4F20241086820F4004008602B9825
:10970000D0F80421086810430860FFE7FFE72B98B2
:109710008078800700284CD5FFE72B98D0F8A4006C
:109720001590C8B1FFE71598B0F5807F15D0FFE719
:109730001598B0F5007F17D0FFE71598B0F5407F7A
:1097400019D0FFE71598B0F5806F15D0FFE7159891
:10975000B0F5A06F11D011E014E02B98083006F09E
:10976000B3FD8DF8A3000DE02B98303006F062FEBB
:109770008DF8A30006E005E004E003E001208DF889
:10978000A300FFE79DF8A30068B9FFE740F6DC41BE
:10979000C4F20241086820F4E0602B9AD2F8A420B9
:1097A0001043086004E09DF8A3008DF8A200FFE7D5
:1097B000FFE72B988078400700284CD5FFE72B98CF
:1097C000D0F8A8001490C8B1FFE71498B0F5805FF6
:1097D00015D0FFE71498B0F5005F17D0FFE7149895
:1097E000B0F5405F19D0FFE71498B0F5804F15D061
:1097F000FFE71498B0F5A04F11D011E014E02B98BA
:10980000083006F061FD8DF8A3000DE02B98303094
:1098100006F010FE8DF8A30006E005E004E003E08A
:1098200001208DF8A300FFE79DF8A30068B9FFE7CA
:1098300040F6DC41C4F20241086820F4E0402B9A73
:10984000D2F8A8201043086004E09DF8A3008DF82A
:10985000A200FFE7FFE72B980079800600284CD58F
:10986000FFE72B98D0F8AC001390C8B1FFE713982E
:10987000B0F5803F15D0FFE71398B0F5003F17D043
:10988000FFE71398B0F5403F19D0FFE71398B0F504
:10989000802F15D0FFE71398B0F5A02F11D011E05D
:1098A00014E02B98083006F00FFD8DF8A3000DE0B2
:1098B0002B98303006F0BEFD8DF8A30006E005E0E1
:1098C00004E003E001208DF8A300FFE79DF8A3006A
:1098D00068B9FFE740F6DC41C4F20241086820F4B1
:1098E000E0202B9AD2F8AC201043086004E09DF8E9
:1098F000A3008DF8A200FFE7FFE72B980079400650
:1099000000284CD5FFE72B98D0F8B0001290C8B1D2
:10991000FFE71298B0F5801F15D0FFE71298B0F559
:10992000001F17D0FFE71298B0F5401F19D0FFE7CE
:109930001298B0F5800F15D0FFE71298B0F5A00F80
:1099400011D011E014E02B98083006F0BDFC8DF822
:10995000A3000DE02B98303006F06CFD8DF8A300CD
:1099600006E005E004E003E001208DF8A300FFE736
:109970009DF8A30068B9FFE740F6DC41C4F202415C
:10998000086820F4E0002B9AD2F8B0201043086059
:1099900004E09DF8A3008DF8A200FFE7FFE72B98F5
:1099A0000079000600284CD5FFE72B98D0F8B400CA
:1099B0001190C8B1FFE71198B0F1807F15D0FFE793
:1099C0001198B0F1007F17D0FFE71198B0F1407FF8
:1099D00019D0FFE71198B0F1806F15D0FFE711980B
:1099E000B0F1A06F11D011E014E02B98083006F010
:1099F0006BFC8DF8A3000DE02B98303006F01AFDBB
:109A00008DF8A30006E005E004E003E001208DF8F6
:109A1000A300FFE79DF8A30068B9FFE740F6DC412B
:109A2000C4F20241086820F0E0602B9AD2F8B4201A
:109A30001043086004E09DF8A3008DF8A200FFE742
:109A4000FFE72B984079C00700284CD0FFE72B9800
:109A5000D0F8B8001090C8B1FFE71098B0F1805F5F
:109A600015D0FFE71098B0F1005F17D0FFE710980E
:109A7000B0F1405F19D0FFE71098B0F1804F15D0DA
:109A8000FFE71098B0F1A04F11D011E014E02B982F
:109A9000083006F019FC8DF8A3000DE02B9830304B
:109AA00006F0C8FC8DF8A30006E005E004E003E042
:109AB00001208DF8A300FFE79DF8A30068B9FFE738
:109AC00040F6DC41C4F20241086820F0E0402B9AE5
:109AD000D2F8B8201043086004E09DF8A3008DF888
:109AE000A200FFE7FFE72B988078000700284ED5FB
:109AF000FFE72B98D0F8C0000F90A0B1FFE70F98B8
:109B0000B0F5803F18D0FFE70F98B0F5003F1AD0AE
:109B1000FFE70F98B0F5403F1CD0FFE70F98B0F576
:109B2000802F18D018E040F62841C4F2024108689E
:109B300040F40030086013E02B98083006F0C4FBB6
:109B40008DF8A3000CE02B98303006F073FC8DF8F4
:109B5000A30005E004E003E001208DF8A300FFE787
:109B60009DF8A30068B9FFE740F6E841C4F202415E
:109B7000086820F4E0202B9AD2F8C0201043086037
:109B800004E09DF8A3008DF8A200FFE7FFE72B9803
:109B90008078C00600284DD5FFE72B98D0F8C40088
:109BA0000E90A0B1FFE70E98B0F5002F18D0FFE798
:109BB0000E98B0F5801F1AD0FFE70E98B0F5C01FC1
:109BC0001CD0FFE70E98B0F5001F17D017E040F645
:109BD0002841C4F20241086840F40030086012E0F5
:109BE0002B98083006F070FB8DF8A3000BE02B9843
:109BF000303006F01FFC8DF8A30004E003E00120E4
:109C00008DF8A300FFE79DF8A30068B9FFE740F6D1
:109C1000E841C4F20241086820F460102B9AD2F89F
:109C2000C4201043086004E09DF8A3008DF8A20052
:109C3000FFE7FFE72B9880788006002834D5FFE700
:109C40002B98D0F8D4000D90022809D3FFE70D9887
:109C5000022806D0FFE70D980338032808D308E050
:109C60000BE02B98083006F02FFB8DF8A30004E0E2
:109C700003E001208DF8A300FFE79DF8A30068B979
:109C8000FFE740F6E841C4F20241086820F007000F
:109C90002B9AD2F8D4201043086004E09DF8A3006A
:109CA0008DF8A200FFE7FFE72B9840798007002896
:109CB00027D5FFE72B98D0F8D8000C9020B1FFE70C
:109CC0000C98082801D001E004E003E001208DF8A1
:109CD000A300FFE79DF8A30068B9FFE740F6E8415D
:109CE000C4F20241086820F008002B9AD2F8D8206C
:109CF0001043086004E09DF8A3008DF8A200FFE780
:109D0000FFE72B98C0788007002840F1B580FFE777
:109D100040F62401C4F20241086840F001000860E6
:109D2000FBF7DAFC2990FFE740F62400C4F202407A
:109D30000068C00760B9FFE7FBF7CEFC2999401A1D
:109D4000032804D3FFE703208DF8A30000E0EBE72E
:109D50009DF8A300002840F08980FFE740F6F0401E
:109D6000C4F20240006800F440702A902A98D0B1F2
:109D7000FFE72A982B99D1F8F810884213D0FFE713
:109D800040F6F041C4F20241086820F440702A9085
:109D9000086840F480300860086820F4803008606B
:109DA0002A980860FFE79DF8A800C007E0B1FFE728
:109DB000FBF792FC2990FFE740F6F040C4F2024026
:109DC0000068800700280ED4FFE7FBF785FC29997F
:109DD000401A41F28931884204D3FFE703208DF80D
:109DE000A30000E0E8E7FFE79DF8A300C0BBFFE7A2
:109DF000FFE72B98D0F8F80000F44070B0F5407FF2
:109E000013D1FFE740F61C41C4F20241086820F478
:109E10007C502B9AD2F8F8204FF6F043C0F6FF732F
:109E20001A4040EA1210086008E040F61C41C4F2F3
:109E30000241086820F47C500860FFE740F6F041DA
:109E4000C4F20241086820F4407008602B98D0F8F2
:109E5000F8206FF31F32086810430860FFE704E042
:109E60009DF8A3008DF8A200FFE704E09DF8A30091
:109E70008DF8A200FFE7FFE72B98C0784007002885
:109E800039D5FFE72B98D0F8C8000B9060B1FFE7F9
:109E90000B98102809D0FFE70B9820280ED0FFE779
:109EA0000B9830280BD00BE00EE040F62841C4F2AE
:109EB0000241086840F40030086005E004E003E077
:109EC00001208DF8A300FFE79DF8A30068B9FFE724
:109ED00040F6E841C4F20241086820F030002B9AB5
:109EE000D2F8C8201043086004E09DF8A3008DF864
:109EF000A200FFE7FFE72B9880784006002835D5C1
:109F0000FFE72B98D0F8CC000A9020B1FFE70A9821
:109F1000402809D00FE040F62841C4F20241086809
:109F200040F4003008600AE02B98083006F0CCF9C5
:109F30008DF8A30003E001208DF8A300FFE79DF852
:109F4000A30068B9FFE740F6E441C4F202410868A3
:109F500020F040002B9AD2F8CC201043086004E097
:109F60009DF8A3008DF8A200FFE7FFE72B9880780B
:109F70000006002835D5FFE72B98D0F8D0000990CF
:109F800020B1FFE70998802809D00FE040F628416A
:109F9000C4F20241086840F4003008600AE02B98DF
:109FA000083006F091F98DF8A30003E001208DF848
:109FB000A300FFE79DF8A30068B9FFE740F6E4417E
:109FC000C4F20241086820F080002B9AD2F8D02019
:109FD0001043086004E09DF8A3008DF8A200FFE79D
:109FE000FFE72B98C0780007002840D5FFE72B98A3
:109FF000D0F8E000089004281ED80899DFE801F0A6
:10A00000030C131A1B0040F62841C4F202410868F1
:10A0100040F40030086013E02B98083006F054F943
:10A020008DF8A3000CE02B98303006F003FA8DF881
:10A03000A30005E004E003E001208DF8A300FFE7A2
:10A040009DF8A30068B9FFE740F6E041C4F2024181
:10A05000086820F007002B9AD2F8E020104308602F
:10A0600004E09DF8A3008DF8A200FFE7FFE72B981E
:10A07000C078C006002840F14F80FFE72B98D0F849
:10A08000E400079020282CD80799DFE801F0112A76
:10A090002A2A2A2A2A2A1A2A2A2A2A2A2A2A212A39
:10A0A0002A2A2A2A2A2A282A2A2A2A2A2A2A29003D
:10A0B00040F62841C4F20241086840F400300860CC
:10A0C00013E02B98083006F0FFF88DF8A3000CE0A1
:10A0D0002B98303006F0AEF98DF8A30005E004E0CF
:10A0E00003E001208DF8A300FFE79DF8A30068B905
:10A0F000FFE740F6E041C4F20241086820F0380072
:10A100002B9AD2F8E4201043086004E09DF8A300E5
:10A110008DF8A200FFE7FFE72B98C07880060028A3
:10A120004BD5FFE72B98D0F8E800069088B1FFE701
:10A130000698402816D0FFE70698802819D0FFE738
:10A140000698C0281CD0FFE70698B0F5807F18D08D
:10A1500018E040F62841C4F20241086840F400309B
:10A16000086013E02B98083006F0AEF88DF8A300D5
:10A170000CE02B98303006F05DF98DF8A30005E077
:10A1800004E003E001208DF8A300FFE79DF8A300A1
:10A1900068B9FFE740F6E041C4F20241086820F4E4
:10A1A000E0702B9AD2F8E8201043086004E09DF894
:10A1B000A3008DF8A200FFE7FFE72B98C0784006C8
:10A1C00000284CD5FFE72B98D0F8EC000590C8B1DB
:10A1D000FFE70598B0F5007F15D0FFE70598B0F5CB
:10A1E000806F17D0FFE70598B0F5C06F19D0FFE773
:10A1F0000598B0F5006F15D0FFE70598B0F5206F12
:10A2000011D011E014E02B98083006F05DF88DF8BD
:10A21000A3000DE02B98303006F00CF98DF8A30068
:10A2200006E005E004E003E001208DF8A300FFE76D
:10A230009DF8A30068B9FFE740F6E041C4F202418F
:10A24000086820F460602B9AD2F8EC201043086074
:10A2500004E09DF8A3008DF8A200FFE7FFE72B982C
:10A26000C078000600284CD5FFE72B98D0F8F00006
:10A270000490C8B1FFE70498B0F5805F15D0FFE700
:10A280000498B0F5005F17D0FFE70498B0F5405F81
:10A2900019D0FFE70498B0F5804F15D0FFE7049878
:10A2A000B0F5A04F11D011E014E02B98083006F063
:10A2B0000BF88DF8A3000DE02B98303006F0BAF8BB
:10A2C0008DF8A30006E005E004E003E001208DF82E
:10A2D000A300FFE79DF8A30068B9FFE740F6E0415F
:10A2E000C4F20241086820F4E0402B9AD2F8F02032
:10A2F0001043086004E09DF8A3008DF8A200FFE77A
:10A30000FFE72B980079C00700284CD0FFE72B9877
:10A31000D0F8F4000390C8B1FFE70398B0F5004F00
:10A3200015D0FFE70398B0F5803F17D0FFE70398FB
:10A33000B0F5C03F19D0FFE70398B0F5003F15D046
:10A34000FFE70398B0F5203F11D011E014E02B98FF
:10A35000083005F0B9FF8DF8A3000DE02B983030E0
:10A3600006F068F88DF8A30006E005E004E003E0DD
:10A3700001208DF8A300FFE79DF8A30068B9FFE76F
:10A3800040F6E041C4F20241086820F460302B9AA4
:10A39000D2F8F4201043086004E09DF8A3008DF883
:10A3A000A200FFE7FFE72B9800798007002838D547
:10A3B000FFE72B98D0F8DC000290032816D802990A
:10A3C000DFE801F002030C1314E040F62841C4F268
:10A3D0000241086840F4003008600BE02B98083018
:10A3E00005F072FF8DF8A30004E003E001208DF872
:10A3F000A300FFE79DF8A30068B9FFE740F6E4413A
:10A40000C4F20241086820F003002B9AD2F8DC2045
:10A410001043086004E09DF8A3008DF8A200FFE758
:10A42000FFE72B980079400700283CD5FFE72B98E1
:10A43000D0F8BC00019050B1FFE70198B0F5807FE3
:10A4400006D0FFE70198B0F5007F0AD010E013E0D6
:10A4500040F62841C4F20241086840F40030086028
:10A460000AE02B98083005F02FFF8DF8A30003E0D9
:10A4700001208DF8A300FFE79DF8A30068B9FFE76E
:10A4800040F6E841C4F20241086820F440702B9A7B
:10A49000D2F8BC201043086004E09DF8A3008DF8BA
:10A4A000A200FFE7FFE72B980079C00600283BD504
:10A4B000FFE72B98D0F800010090102808D0FFE7A4
:10A4C000009820280DD0FFE70098302810D010E029
:10A4D00040F62841C4F20241086840F400300860A8
:10A4E0000BE02B98303005F0A5FF8DF8A30004E0B9
:10A4F00003E001208DF8A300FFE79DF8A30068B9F1
:10A50000FFE740F6E441C4F20241086820F0300061
:10A510002B9AD2F800211043086004E09DF8A300B4
:10A520008DF8A200FFE7FFE72B98007900070028CD
:10A530000DD5FFE740F6E841C4F20241086820F07B
:10A54000C0002B9AD2F8FC2010430860FFE79DF86A
:10A55000A2002CB080BD000080B586B004900391AD
:10A56000049820B9FFE701208DF817003AE203981C
:10A5700042F20001C4F20201096801F00F018842B1
:10A5800016D9FFE742F20000C4F20200016821F090
:10A590000F01039A11430160006800F00F00039956
:10A5A000884204D0FFE701208DF817001AE2FFE788
:10A5B00004980078C00600281BD5FFE7049840697E
:10A5C00040F62041C4F20241096801F4E041B0EBD9
:10A5D000112F0DD9FFE740F62041C4F2024108686F
:10A5E00020F4E040049A526940EA02200860FFE744
:10A5F000FFE704980078000700281BD5FFE70498C0
:10A60000006940F62041C4F20241096801F4E061AA
:10A61000B0EB111F0DD9FFE740F62041C4F2024113
:10A62000086820F4E060049A126940EA02100860A9
:10A63000FFE7FFE7049800784007002819D5FFE7F7
:10A640000498C06840F62041C4F20241096801F054
:10A65000700188420CD9FFE740F62041C4F2024164
:10A66000086820F07000049AD26810430860FFE781
:10A67000FFE7049800788007002819D5FFE70498C1
:10A68000806840F62041C4F20241096801F00F01E0
:10A6900088420CD9FFE740F62041C4F20241086825
:10A6A00020F00F00049A926810430860FFE7FFE76C
:10A6B00004980078C007002800F0D180FFE70498D4
:10A6C000406803280ED1FFE740F60040C4F2024084
:10A6D00000688001002804D4FFE701208DF81700EE
:10A6E00080E135E00498406802280ED1FFE740F68B
:10A6F0000040C4F2024000688003002804D4FFE751
:10A7000001208DF817006DE121E0049840680128D0
:10A710000ED1FFE740F60040C4F202400068800519
:10A72000002804D4FFE701208DF817005AE10DE05E
:10A7300040F60040C4F2024000688007002804D4BC
:10A74000FFE701208DF817004CE1FFE7FFE7FFE787
:10A7500040F61C41C4F20241086820F00300049A4C
:10A76000526810430860FAF7B7FF019004984068F8
:10A7700003281AD1FFE7FFE740F61C40C4F202406D
:10A78000006800F0180018280ED0FFE7FAF7A4FFC1
:10A790000199401A41F28931884204D3FFE703202E
:10A7A0008DF817001EE1E7E758E00498406802289A
:10A7B0001AD1FFE7FFE740F61C40C4F202400068F0
:10A7C00000F0180010280ED0FFE7FAF785FF019976
:10A7D000401A41F28931884204D3FFE703208DF803
:10A7E0001700FFE0E7E738E00498406801281AD135
:10A7F000FFE7FFE740F61C40C4F20240006800F0AB
:10A80000180008280ED0FFE7FAF766FF0199401AF2
:10A8100041F28931884204D3FFE703208DF8170005
:10A82000E0E0E7E718E0FFE740F61C40C4F2024032
:10A83000006810F0180F0ED0FFE7FAF74DFF0199EE
:10A84000401A41F28931884204D3FFE703208DF892
:10A850001700C7E0E8E7FFE7FFE7FFE7FFE7049837
:10A8600000788007002819D5FFE70498806840F633
:10A870002041C4F20241096801F00F0188420CD264
:10A88000FFE740F62041C4F20241086820F00F00C3
:10A89000049A926810430860FFE7FFE7039842F2CA
:10A8A0000001C4F20201096801F00F01884216D2CA
:10A8B000FFE742F20000C4F20200016821F00F013C
:10A8C000039A11430160006800F00F000399884269
:10A8D00004D0FFE701208DF8170083E0FFE704981C
:10A8E00000784007002819D5FFE70498C06840F6B3
:10A8F0002041C4F20241096801F0700188420CD283
:10A90000FFE740F62041C4F20241086820F07000E1
:10A91000049AD26810430860FFE7FFE704980078C4
:10A92000000700281BD5FFE70498006940F6204186
:10A93000C4F20241096801F4E061B0EB111F0DD2CD
:10A94000FFE740F62041C4F20241086820F4E060CD
:10A95000049A126940EA02100860FFE7FFE70498D2
:10A960000078C00600281BD5FFE70498406940F630
:10A970002041C4F20241096801F4E041B0EB112F1B
:10A980000DD2FFE740F62041C4F20241086820F4EE
:10A99000E040049A526940EA02200860FFE7FFE7BE
:10A9A00000F07AF840F62041C4F20241096801F053
:10A9B0000F0246F24821C0F60101895CC84040F20E
:10A9C0001C01C2F20001086040F20840C2F200001F
:10A9D0000068FAF7EFFE8DF80B009DF80B008DF87C
:10A9E0001700FFE79DF8170006B080BD80B500F0A6
:10A9F00053F840F62041C4F20241096801F00F0209
:10AA000046F24821C0F60101895C01F01F0120FADD
:10AA100001F140F21C00C2F200000160006880BD3C
:10AA200080B5FFF7E3FF40F62041C4F20241096818
:10AA3000C1F3021246F25821C0F60101895C01F00F
:10AA40001F01C84080BD000080B5FFF7CFFF40F672
:10AA50002041C4F202410968C1F3022246F25821A2
:10AA6000C0F60101895C01F01F01C84080BD0000F3
:10AA700080B5FFF7BBFF40F62041C4F202410968F0
:10AA8000C1F3023246F25821C0F60101895C01F09F
:10AA90001F01C84080BD000089B040F61C40C4F2D0
:10AAA0000240006800F01800082806D1FFE740F6D1
:10AAB0000010C0F23D00049048E140F61C40C4F292
:10AAC0000240006810F0180F21D1FFE740F6004067
:10AAD000C4F20240006800F020010020B0EB511FDA
:10AAE0000ED0FFE740F60040C4F202400068C0F319
:10AAF000C10149F20000C0F2D030C840049005E026
:10AB000049F20000C0F2D0300490FFE71DE140F6AA
:10AB10001C40C4F20240006800F01800102806D162
:10AB2000FFE747F64000C0F27D1004900CE140F6CC
:10AB30001C40C4F20240006800F01800182840F0E1
:10AB4000FC80FFE740F62840C4F20240016801F0B3
:10AB5000030108910168C1F3052106910068C0F363
:10AB600000100590059840F63841C4F2024109688A
:10AB700089B2C90800FB01F000EE100AB8EE400AE5
:10AB80008DED020A0698002800F0D380FFE70898B0
:10AB90000090012809D0FFE70098022800F08D807E
:10ABA000FFE70098032864D088E040F60040C4F234
:10ABB0000240006800F020010020B0EB511F33D0AC
:10ABC000FFE740F60040C4F202400068C0F3C10154
:10ABD00049F20000C0F2D030C84003909DED030A56
:10ABE000B8EE400A9DED061AB8EE411A80EE010A51
:10ABF00040F63440C4F2024000686FF35F2001EE7B
:10AC0000100AB8EE411A9DED022A9FED533A22EE4A
:10AC1000032A31EE021AB7EE002A31EE021A20EEB4
:10AC2000010A8DED010A23E09DED060AB8EE401AF7
:10AC30009FED4A0A80EE010A40F63440C4F2024019
:10AC400000686FF35F2001EE100AB8EE411A9DED27
:10AC5000022A9FED413A22EE032A31EE021AB7EEA4
:10AC6000002A31EE021A20EE010A8DED010AFFE7FB
:10AC700048E09DED060AB8EE401A9FED360A80EED8
:10AC8000010A40F63440C4F2024000686FF35F20CE
:10AC900001EE100AB8EE411A9DED022A9FED2E3A00
:10ACA00022EE032A31EE021AB7EE002A31EE021A22
:10ACB00020EE010A8DED010A24E0FFE79DED060A72
:10ACC000B8EE401A9FED260A80EE010A40F63440A5
:10ACD000C4F2024000686FF35F2001EE100AB8EE84
:10ACE000411A9DED022A9FED1C3A22EE032A31EE15
:10ACF000021AB7EE002A31EE021A20EE010A8DED9B
:10AD0000010AFFE740F63440C4F20240006881B215
:10AD1000012000EB512007909DED010A9DED071ADF
:10AD2000B8EE411A80EE010ABCEEC00A8DED040AAD
:10AD300002E000200490FFE705E049F20000C0F2C5
:10AD4000D0300490FFE7FFE7FFE7FFE7049809B082
:10AD5000704700BF20BCBE4B000000390024744C7B
:10AD60000024744A80B588B00690069828B9FFE799
:10AD700001208DF81F0000F0EFBC40F61C40C4F22B
:10AD80000240006800F01800049040F62840C4F229
:10AD90000240006800F00300039006980078C006A7
:10ADA000002840F18080FFE70498082808D0FFE7DA
:10ADB000049818281DD1FFE70398022819D1FFE74E
:10ADC0000698C06928B9FFE701208DF81F0000F040
:10ADD000C3BCFFE740F61841C4F20241086820F402
:10ADE0007C10069A126A40EA02400860FFE7FFE71B
:10ADF00058E00698C06988B3FFE740F60041C4F206
:10AE00000241086840F480700860FAF765FC05901C
:10AE1000FFE740F60040C4F20240006880050028C9
:10AE20000DD4FFE7FAF758FC0599401A032805D31B
:10AE3000FFE703208DF81F0000F08EBCE9E7FFE775
:10AE400040F61841C4F20241086820F47C10069ACA
:10AE5000126A40EA02400860FFE722E040F6004143
:10AE6000C4F20241086820F480700860FAF734FCEC
:10AE70000590FFE740F60040C4F2024000688005FC
:10AE800000280DD5FFE7FAF727FC0599401A03289B
:10AE900005D3FFE703208DF81F0000F05DBCE9E754
:10AEA000FFE7FFE7FFE706980078C007002800F0FB
:10AEB000B980FFE70498102808D0FFE70498182805
:10AEC0000ED1FFE7039803280AD1FFE706984068F0
:10AED00028B9FFE701208DF81F0000F03DBCA0E07D
:10AEE000FFE706984068B0F5803F09D1FFE740F6DC
:10AEF0000041C4F20241086840F48030086056E026
:10AF00000698406888B9FFE740F60041C4F2024164
:10AF1000086820F480300860086820F48010086019
:10AF2000086820F48020086040E006984068B0F58A
:10AF3000A02F11D1FFE740F60041C4F2024108689A
:10AF400040F480200860086820F4801008600868D9
:10AF500040F48030086028E006984068B0F5A81FEB
:10AF600011D1FFE740F60041C4F20241086840F405
:10AF700080200860086840F480100860086840F489
:10AF80008030086010E040F60041C4F202410868D9
:10AF900020F480300860086820F480200860086889
:10AFA00020F480100860FFE7FFE7FFE7FFE7FFE717
:10AFB00006984068D0B1FFE7FAF78EFB0590FFE7EF
:10AFC00040F60040C4F202400068800300280CD420
:10AFD000FFE7FAF781FB0599401A652804D3FFE7DC
:10AFE00003208DF81F00B7E3EAE719E0FAF774FBD6
:10AFF0000590FFE740F60040C4F20240006880037D
:10B0000000280CD5FFE7FAF767FB0599401A652879
:10B0100004D3FFE703208DF81F009DE3EAE7FFE775
:10B02000FFE7FFE7069800788007002840F1C3801B
:10B03000FFE7049840B1FFE7049818285ED1FFE7C6
:10B04000039801285AD1FFE70698C06820B9FFE7A6
:10B0500001208DF81F007FE3049840BBFFE740F616
:10B060000040C4F20240006800F018000699096927
:10B0700088421BD0FFE740F60041C4F20241086855
:10B0800020F01800069A126910430860FFF7AEFC22
:10B0900040F20840C2F200000068FAF78BFB20B1D2
:10B0A000FFE701208DF81F0056E3FFE7FFE7FAF7FF
:10B0B00013FB0590FFE740F60040C4F20240006831
:10B0C000800700280CD4FFE7FAF706FB0599401A21
:10B0D000032804D3FFE703208DF81F003CE3EAE7D1
:10B0E00040F61041C4F20241086820F4FE00069ABE
:10B0F000526940EA02400860FFE75BE00698C068DA
:10B10000A8B3FFE740F60041C4F20241086820F00E
:10B110001800069A126910430860086840F00100A0
:10B120000860FAF7D9FA0590FFE740F60040C4F24C
:10B1300002400068800700280CD4FFE7FAF7CCFA39
:10B140000599401A032804D3FFE703208DF81F0058
:10B1500002E3EAE740F61041C4F20241086820F435
:10B16000FE00069A526940EA0240086021E040F67B
:10B170000041C4F20241086820F001000860FAF7BB
:10B18000ABFA0590FFE740F60040C4F202400068C9
:10B19000800700280CD5FFE7FAF79EFA0599401AB8
:10B1A000032804D3FFE703208DF81F00D4E2EAE769
:10B1B000FFE7FFE7FFE7069800780007002849D57A
:10B1C000FFE70698806910B3FFE740F6F041C4F24C
:10B1D0000241086840F080600860FAF77DFA059047
:10B1E000FFE740F6F040C4F202400068000100288A
:10B1F0000CD4FFE7FAF770FA0599401A032804D334
:10B20000FFE703208DF81F00A6E2EAE721E040F601
:10B21000F041C4F20241086820F080600860FAF74B
:10B220005BFA0590FFE740F6F040C4F20240006888
:10B23000000100280CD5FFE7FAF74EFA0599401AED
:10B24000032804D3FFE703208DF81F0084E2EAE718
:10B25000FFE7FFE7069800784007002840F1CC8020
:10B26000FFE740F62400C4F202400068C00708BBB4
:10B27000FFE740F62401C4F20241086840F00100F3
:10B280000860FAF729FA0590FFE740F62400C4F2B7
:10B2900002400068C00760B9FFE7FAF71DFA059998
:10B2A000401A032804D3FFE703208DF81F0053E260
:10B2B000EBE7FFE7FFE706988068012809D1FFE781
:10B2C00040F6F041C4F20241086840F00100086015
:10B2D00054E00698806888B9FFE740F6F041C4F270
:10B2E0000241086820F001000860086820F0800032
:10B2F0000860086820F0040008603EE00698806856
:10B30000052811D1FFE740F6F041C4F20241086878
:10B3100040F004000860086820F0800008600868B9
:10B3200040F00100086027E006988068852811D168
:10B33000FFE740F6F041C4F20241086840F0040023
:10B340000860086840F080000860086840F001006C
:10B35000086010E040F6F041C4F20241086820F0B5
:10B3600001000860086820F004000860086820F008
:10B3700080000860FFE7FFE7FFE7FFE7FFE70698C9
:10B380008068E0B1FFE7FAF7A7F90590FFE740F61C
:10B39000F040C4F202400068800700280ED4FFE7A6
:10B3A000FAF79AF90599401A41F28931884204D393
:10B3B000FFE703208DF81F00CEE1E8E71BE0FAF776
:10B3C0008BF90590FFE740F6F040C4F202400068B8
:10B3D000800700280ED5FFE7FAF77EF90599401A95
:10B3E00041F28931884204D3FFE703208DF81F0022
:10B3F000B2E1E8E7FFE7FFE706980078800600285B
:10B4000049D5FFE70698406A10B3FFE740F60041D0
:10B41000C4F20241086840F480500860FAF75CF911
:10B420000590FFE740F60040C4F202400068800447
:10B4300000280CD4FFE7FAF74FF90599401A0328C2
:10B4400004D3FFE703208DF81F0085E1EAE721E040
:10B4500040F60041C4F20241086820F480500860C0
:10B46000FAF73AF90590FFE740F60040C4F20240CF
:10B470000068800400280CD5FFE7FAF72DF905993C
:10B48000401A032804D3FFE703208DF81F0063E16F
:10B49000EAE7FFE7FFE70698806A002800F0588196
:10B4A000FFE70498182800F0D580FFE70698806A27
:10B4B000022840F0A180FFE740F60041C4F20241BB
:10B4C000086820F080700860FAF706F90590FFE739
:10B4D00040F60040C4F202400068800100280CD50C
:10B4E000FFE7FAF7F9F80599401A032804D3FFE7B4
:10B4F00003208DF81F002FE1EAE7FFE740F628411F
:10B50000C4F20241086843F603729043069BDA6A6C
:10B510001B6B42EA0322104308600699486BD1F87E
:10B5200038C0CB6B0A6C01386FF35F204FF60061B7
:10B53000CFF6FF7101EB4C2189B208440021CFF610
:10B54000FF7101EB034101F4FE0108444FF07F411C
:10B5500001EB026101F0FE41084440F63441C4F2BF
:10B5600002410860FFE740F62841C4F20241009121
:10B57000086820F0100008600698C06CC00040F613
:10B580003842C4F202421060086840F010000860BF
:10B59000086820F00C00069A526C10430860086896
:10B5A00020F02000069A926C10430860086840F46E
:10B5B0008030086040F60041C4F20241086840F063
:10B5C00080700860FAF788F80590FFE740F60040C1
:10B5D000C4F202400068800100280CD4FFE7FAF7AB
:10B5E0007BF80599401A032804D3FFE703208DF860
:10B5F0001F00B1E0EAE72CE040F60041C4F202414E
:10B60000086820F080700860FAF766F80590FFE798
:10B6100040F60040C4F202400068800100280CD5CA
:10B62000FFE7FAF759F80599401A032804D3FFE712
:10B6300003208DF81F008FE0EAE740F62841C4F2AE
:10B64000024108684FF6FC72CFF6F87210400860AD
:10B65000FFE77CE040F62840C4F202400068029018
:10B6600040F63440C4F20240006801900698806AB7
:10B67000012837D0FFE7029800F003000699C96A55
:10B6800088422FD1FFE7029800F47C510698006BA6
:10B69000B0EB112F26D1FFE701986FF35F200699D9
:10B6A000496B013988421DD1FFE7BDF804100698A7
:10B6B000806B0138B0EB512F14D1FFE7019800F4F3
:10B6C000FE010698C06B0138B0EB114F0AD1FFE7BD
:10B6D000019800F0FE410698006C0138B0EB116F44
:10B6E00004D0FFE701208DF81F0035E040F6384018
:10B6F000C4F20240006881B20698C06CB0EBD10F72
:10B7000024D0FFE740F62841C4F20241086820F047
:10B7100010000860F9F7E0FF0590FFE7F9F7DCFF9C
:10B720000599401A08B9FFE7F8E70698C06CC00011
:10B7300040F63841C4F20241086040F62841C4F2A4
:10B740000241086840F010000860FFE7FFE7FFE7EC
:10B7500000208DF81F00FFE79DF81F0008B080BD96
:10B7600080B586B00490049820B9FFE701208DF8D9
:10B770001700B5E10498006844F60041C4F20101E5
:10B7800088422DD0FFE70498006844F60041C5F2D6
:10B790000101884224D0FFE70498006842F20001CA
:10B7A000C4F2004188421BD0FFE70498006842F2CF
:10B7B0000001C5F20041884212D0FFE704980068FA
:10B7C00045F20001C4F20101884209D0FFE7049864
:10B7D000006845F20001C5F20101884201D1FFE78E
:10B7E00000E0FFE70498406A08B9FFE7FFE7049923
:10B7F000002088620498006844F60041C4F2010108
:10B8000088422DD0FFE70498006844F60041C5F255
:10B810000101884224D0FFE70498006842F2000149
:10B82000C4F2004188421BD0FFE70498006842F24E
:10B830000001C5F20041884212D0FFE70498006879
:10B8400045F20001C4F20101884209D0FFE70498E3
:10B85000006845F20001C5F20101884209D1FFE705
:10B860000498C068102804D3FFE701208DF8170062
:10B8700036E1049805F0B2F802900498006844F6A6
:10B880000041C4F2010188422DD0FFE7049800680E
:10B8900044F60041C5F20101884224D0FFE7049834
:10B8A000006842F20001C4F2004188421BD0FFE769
:10B8B0000498006842F20001C5F20041884212D0AB
:10B8C000FFE70498006845F20001C4F201018842D4
:10B8D00009D0FFE70498006845F20001C5F20101B4
:10B8E000884204D1FFE7029808283AD8FFE7049875
:10B8F000006843F20001C4F2010188422DD0FFE745
:10B900000498006843F20001C5F20101884224D086
:10B91000FFE70498006843F60001C4F20001884282
:10B920001BD0FFE70498006843F60001C5F2000150
:10B93000884212D0FFE70498006843F60041C4F241
:10B940000001884209D0FFE70498006843F60041EF
:10B95000C5F20001884208D1FFE70298112804D3FC
:10B96000FFE701208DF81700BAE0049890F88900ED
:10B9700040B9FFE70499002081F88800049800F09E
:10B98000B3F8FFE70499022081F889000498016860
:10B99000086820F00100086004980068806800F4DE
:10B9A000F810039004988069B0F1806F1BD1FFE715
:10B9B00004984068B0F5800F04D1FFE70498806BCD
:10B9C00050B1FFE70498406868B9FFE70498806BBE
:10B9D000B0F1805F07D1FFE704980168086840F480
:10B9E00080500860FFE7049880794006002810D551
:10B9F000FFE70498C06807280BD3FFE704980068A6
:10BA0000006820F48070049A1168126D1043086079
:10BA100006E004980168086820F480700860FFE779
:10BA2000049B1968DA68D869D3F828C040EA0C008A
:10BA3000DDF80CC040EA0C00DB6B18431043886053
:10BA4000049A0192506B516A0843916B08439169C3
:10BA500008431168D2F804C09368D2F810E040EAB5
:10BA60000E00D2F814E040EA0E00D2F820E040EADE
:10BA70000E0040EA0C00D2F84CC040EA0C0018431B
:10BA8000936C1843936D1843D36D1843126E104393
:10BA9000C8600498406808B9FFE7FFE704980168A8
:10BAA000086D20F0010008650498807940060028A0
:10BAB0000BD5FFE704980068C06820F00040049AA6
:10BAC0001168526D1043C860FFE704990020C1F867
:10BAD0008C00049A012182F889108DF81700FFE785
:10BAE0009DF8170006B080BD80B5D4B053900020FB
:10BAF0005290519050904F904E900CA84FF48471FA
:10BB0000F4F70CFC5398006843F20001C4F2010101
:10BB100088423CD1FFE700200D904FF000610C916E
:10BB200044900CA8FDF7A0F818B1FFE7F6F73EFF28
:10BB3000FFE7FFE740F6A440C4F20240016841F489
:10BB400080510160006800F480500B900B98FFE773
:10BB5000FFE740F68C40C4F20240016841F0010169
:10BB60000160006800F001000A900A98FFE7E020F9
:10BB70004E9002204F9000205090519005205290FE
:10BB80000020C4F202204EA9F9F702FCDCE0539831
:10BB9000006843F60001C4F2000188423ED1FFE78D
:10BBA00000200D904FF080510C9145900CA8FDF7AE
:10BBB0005BF818B1FFE7F6F7F9FEFFE7FFE740F69D
:10BBC0009C40C4F20240016841F480410160006879
:10BBD00000F4804009900998FFE7FFE740F68C40A9
:10BBE000C4F20240016841F002010160006800F007
:10BBF000020008900898FFE74FF460404E90022042
:10BC00004F900120509051900520529040F20040FA
:10BC1000C4F202204EA9F9F7BBFB94E053980068E8
:10BC200043F60041C4F20001884252D1FFE70020F0
:10BC30000D904FF000510C9146900CA8FDF714F8B0
:10BC400018B1FFE7F6F7B2FEFFE7FFE740F69C40CA
:10BC5000C4F20240016841F400410160006800F450
:10BC6000004007900798FFE7FFE740F68C40C4F2DA
:10BC70000240016841F004010160006800F0040026
:10BC800006900698FFE74FF440604E900220009027
:10BC90004F90012050900320519006200190529027
:10BCA00040F60000C4F2022002904EA90391F9F779
:10BCB0006FFB009B019A029803994FF4805CCDF8CA
:10BCC00038C14F930023509351935292F9F760FB80
:10BCD00038E05398006844F60041C4F201018842FC
:10BCE0002FD1FFE7FFE740F6A440C4F2024001680D
:10BCF00041F400210160006800F4002005900598DF
:10BD0000FFE7FFE740F68C40C4F20240016841F0D3
:10BD100010010160006800F0100004900498FFE733
:10BD200064204E9002204F900020509051900520AA
:10BD3000529041F20000C4F202204EA9F9F728FB0C
:10BD4000FFE7FFE7FFE7FFE754B080BD80B58AB0AB
:10BD500008900791ADF81A2005930898C16B01204F
:10BD600000EB5110ADF80A000898006830300190DF
:10BD70000898006844F60041C4F2010188422DD0C1
:10BD8000FFE70898006844F60041C5F201018842C7
:10BD900024D0FFE70898006842F20001C4F2004195
:10BDA00088421BD0FFE70898006842F20001C5F204
:10BDB0000041884212D0FFE70898006845F2000170
:10BDC000C4F20101884209D0FFE70898006845F2F3
:10BDD0000001C5F20101884201D1FFE700E0FFE761
:10BDE000F9F77AFC0490089890F88900012804D0AB
:10BDF000FFE702208DF827007BE2079820B1FFE7DC
:10BE0000BDF81A0020B9FFE701208DF8270070E285
:10BE1000FFE7089890F88800012804D1FFE7022086
:10BE20008DF8270065E20899012081F88800FFE776
:10BE3000FFE70899042081F8890008990020C1F8DB
:10BE40008C000799089AD166BDF81A10089AA2F8D2
:10BE50007010BDF81A10089AA2F872100899486676
:10BE60000899A1F868000899A1F86A0008998867FC
:10BE70000899C86708988068B0F5C02F07D1FFE718
:10BE800008980168086820F40060086009E00898D4
:10BE90000068C068022161F3524008990968C860CF
:10BEA000FFE70898006840684FF6FF718843BDF8C7
:10BEB0001A100844089909684860089801680868D9
:10BEC00040F00100086008984068B0F5800F07D185
:10BED000FFE708980168086840F400700860FFE711
:10BEE0000898C0681028C0F0A380FFE70898006891
:10BEF00043F20001C4F2010188422DD0FFE7089807
:10BF0000006843F20001C5F20101884224D0FFE736
:10BF10000898006843F60001C4F2000188421BD073
:10BF2000FFE70898006843F60001C5F20001884267
:10BF300012D0FFE70898006843F60041C4F2000100
:10BF4000884209D0FFE70898006843F60041C5F22F
:10BF5000000188426CD1FFE7FFE70898B0F8720053
:10BF6000002864D0FFE708980068406903900898AB
:10BF700000684069C00788B1FFE708980068006B57
:10BF80000899C96E08600899C86E0430C866089997
:10BF9000B1F872000138A1F8720047E00898B0F8D3
:10BFA0007200BDF80A10884217DAFFE79DF80D000D
:10BFB0000006002811D5FFE708980068006B089973
:10BFC000C96E08600899C86E0430C8660899B1F84F
:10BFD00072000138A1F8720027E0F9F77DFB04999F
:10BFE000401A0599884204D3FFE70598013018B933
:10BFF000FFE70598C0B9FFE7089804F063FC0899CB
:10C00000D1F88C0040F48070C1F88C0008990120B0
:10C0100081F88900FFE70899002081F88800FFE790
:10C0200003208DF8270064E1FFE7FFE795E746E18D
:10C030000898C0680828C0F09280FFE7FFE70898DA
:10C04000B0F87200002800F08980FFE708980068C7
:10C0500040690390089800684069C00780B1FFE715
:10C06000019800880899C96E08800899C86E023046
:10C07000C8660899B1F872000138A1F872006CE046
:10C080000898B0F87200BDF80A1088421FDAFFE77E
:10C090009DF80D000006002819D5FFE701980088DB
:10C0A0000899C96E08800899C86E0230C866019860
:10C0B00000880899C96E08800899C86E0230C86661
:10C0C0000899B1F872000238A1F8720044E00898AB
:10C0D000B0F87200012816D1FFE79DF80D00800628
:10C0E000002810D5FFE7019800880899C96E0880DC
:10C0F0000899C86E0230C8660899B1F87200013814
:10C10000A1F8720027E0F9F7E7FA0499401A0599B7
:10C11000884204D3FFE70598013018B9FFE7059876
:10C12000C0B9FFE7089804F0CDFB0899D1F88C005E
:10C1300040F48070C1F88C000899012081F88900D2
:10C14000FFE70899002081F88800FFE703208DF8B9
:10C150002700CEE0FFE7FFE7FFE770E7AEE0FFE78D
:10C160000898B0F87200002800F0A780FFE7089850
:10C17000006840690390089800684069C00790B162
:10C18000FFE70898006890F830000899C96E0870B9
:10C190000899C86E0130C8660899B1F87200013874
:10C1A000A1F8720088E00898B0F87200BDF80A1093
:10C1B000884239DAFFE79DF80D000006002833D5E4
:10C1C000FFE70898006890F830000899C96E087079
:10C1D0000899C86E0130C8660898006890F8300069
:10C1E0000899C96E08700899C86E0130C866089829
:10C1F000006890F830000899C96E08700899C86EF8
:10C200000130C8660898006890F830000899C96E37
:10C2100008700899C86E0130C8660899B1F87200B4
:10C220000438A1F8720046E00898B0F872000328BC
:10C2300018D8FFE79DF80D0010F0600F12D0FFE74F
:10C240000898006890F830000899C96E087008993D
:10C25000C86E0130C8660899B1F872000138A1F8BB
:10C26000720027E0F9F738FA0499401A05998842D4
:10C2700004D3FFE70598013018B9FFE70598C0B966
:10C28000FFE7089804F01EFB0899D1F88C0040F4F1
:10C290008070C1F88C000899012081F88900FFE7BF
:10C2A0000899002081F88800FFE703208DF8270017
:10C2B0001FE0FFE7FFE7FFE752E7FFE7FFE7089828
:10C2C00004F000FB0899012081F88900FFE7089934
:10C2D000002081F88800FFE70898D0F88C0020B192
:10C2E000FFE701208DF8270003E000208DF82700EC
:10C2F000FFE79DF827000AB080BD000080B588B038
:10C3000006900591ADF8122003930698006820303E
:10C3100002900698006844F60041C4F20101884288
:10C320002DD0FFE70698006844F60041C5F20101F0
:10C33000884224D0FFE70698006842F20001C4F268
:10C34000004188421BD0FFE70698006842F20001D6
:10C35000C5F20041884212D0FFE70698006845F216
:10C360000001C4F20101884209D0FFE70698006885
:10C3700045F20001C5F20101884201D1FFE700E06A
:10C38000FFE7F9F7A9F90190069890F889000128CC
:10C3900004D0FFE702208DF81F000BE2059820B1C2
:10C3A000FFE7BDF8120020B9FFE701208DF81F005C
:10C3B00000E2FFE7069890F88800012804D1FFE723
:10C3C00002208DF81F00F5E10699012081F8880010
:10C3D000FFE7FFE70699032081F88900069900200E
:10C3E000C1F88C000599069A5166BDF81210069A9C
:10C3F000A2F86810BDF81210069AA2F86A10069901
:10C40000C8660699A1F870000699A1F8720006990D
:10C41000C8670699886706988068B0F5C02F07D16D
:10C42000FFE706980168086840F40060086009E0CA
:10C4300006980068C068012161F3524006990968B6
:10C44000C860FFE70698006840684FF6FF718843B0
:10C45000BDF81210084406990968486006980168FA
:10C46000086840F00100086006984068B0F5800F49
:10C4700007D1FFE706980168086840F4007008607B
:10C48000FFE70698C06810287ED3FFE7069800688B
:10C4900043F20001C4F2010188422DD0FFE7069863
:10C4A000006843F20001C5F20101884224D0FFE791
:10C4B0000698006843F60001C4F2000188421BD0D0
:10C4C000FFE70698006843F60001C5F200018842C4
:10C4D00012D0FFE70698006843F60041C4F200015D
:10C4E000884209D0FFE70698006843F60041C5F28C
:10C4F0000001884248D1FFE7FFE70698B0F86A00DC
:10C50000002840D0FFE706980068406980070028AF
:10C5100010D5FFE706980168406E0068086206992A
:10C52000486E043048660699B1F86A000138A1F8EF
:10C530006A0027E0F9F7D0F80199401A0399884278
:10C5400004D3FFE70398013018B9FFE70398C0B997
:10C55000FFE7069804F0B6F90699D1F88C0040F48C
:10C560008070C1F88C000699012081F88900FFE7EE
:10C570000699002081F88800FFE703208DF81F004E
:10C5800018E1FFE7B9E7E8E00698C068082863D338
:10C59000FFE7FFE70698B0F86A0000285BD0FFE7E6
:10C5A000069800684069800700282BD5FFE70698A9
:10C5B000B0F86A00022814D3FFE70698C06B80B178
:10C5C000FFE706980168406E006808620699486EA9
:10C5D000043048660699B1F86A000238A1F86A008A
:10C5E0000FE00698406E0088029908800699486E10
:10C5F000023048660699B1F86A000138A1F86A006D
:10C60000FFE727E0F9F768F80199401A0399884293
:10C6100004D3FFE70398013018B9FFE70398C0B9C6
:10C62000FFE7069804F04EF90699D1F88C0040F423
:10C630008070C1F88C000699012081F88900FFE71D
:10C640000699002081F88800FFE703208DF81F007D
:10C65000B0E0FFE79EE77FE0FFE70698B0F86A00EA
:10C66000002878D0FFE70698006840698007002816
:10C6700048D5FFE70698B0F86A00042815D3FFE70D
:10C680000698C06B412810D3FFE706980168406EFA
:10C69000006808620699486E043048660699B1F849
:10C6A0006A000438A1F86A002BE00698B0F86A0026
:10C6B000022814D3FFE70698C06B80B1FFE7069805
:10C6C000406E0088029908800699486E02304866DC
:10C6D0000699B1F86A000238A1F86A0010E00698DD
:10C6E0000168406E007881F820000699486E01309C
:10C6F00048660699B1F86A000138A1F86A00FFE7B8
:10C70000FFE727E0F8F7E8FF0199401A039988420C
:10C7100004D3FFE70398013018B9FFE70398C0B9C5
:10C72000FFE7069804F0CEF80699D1F88C0040F4A3
:10C730008070C1F88C000699012081F88900FFE71C
:10C740000699002081F88800FFE703208DF81F007C
:10C7500030E0FFE781E7FFE7FFE70698039B0199D9
:10C760006A4611600821002204F04EF940B1FFE74B
:10C770000699D1F88C0040F02000C1F88C00FFE74A
:10C78000069804F09FF80699012081F88900FFE7D8
:10C790000699002081F88800FFE70698D0F88C0001
:10C7A00020B1FFE701208DF81F0003E000208DF885
:10C7B0001F00FFE79DF81F0008B080BD80B590B056
:10C7C000DDF848C00E900D910C92ADF82E300E9809
:10C7D000006820300A900E980068303009900E985A
:10C7E000C16B012000EB5110ADF812000E980068EB
:10C7F00044F60041C4F2010188422DD0FFE70E98B3
:10C80000006844F60041C5F20101884224D0FFE7E8
:10C810000E98006842F20001C4F2004188421BD029
:10C82000FFE70E98006842F20001C5F2004188421D
:10C8300012D0FFE70E98006845F20001C4F2010132
:10C84000884209D0FFE70E98006845F20001C5F262
:10C850000101884201D1FFE700E0FFE7F8F73CFF64
:10C860000890BDF82E00ADF81600BDF82E00ADF80A
:10C8700014000E9890F88900012804D0FFE70220E8
:10C880008DF83F00A2E30D9838B1FFE70C9820B176
:10C89000FFE7BDF82E0020B9FFE701208DF83F002B
:10C8A00094E3FFE70E9890F88800012804D1FFE791
:10C8B00002208DF83F0089E30E99012081F888005D
:10C8C000FFE7FFE70E99052081F889000E99002007
:10C8D000C1F88C000C990E9AD166BDF82E100E9AF4
:10C8E000A2F87210BDF82E100E9AA2F870100D99D1
:10C8F0000E9A5166BDF82E100E9AA2F86A10BDF875
:10C900002E100E9AA2F868100E9988670E99C867C3
:10C910000E980068C06820F4C0200E990968C860AD
:10C920000E98006843F20001C4F2010188422DD044
:10C93000FFE70E98006843F20001C5F2010188424A
:10C9400024D0FFE70E98006843F60001C4F200010E
:10C9500088421BD0FFE70E98006843F60001C5F23D
:10C960000001884212D0FFE70E98006843F60041AC
:10C97000C4F20001884209D0FFE70E98006843F630
:10C980000041C5F20001884203D1FFE71020079063
:10C9900002E008200790FFE70E98006840684FF615
:10C9A000FF718843BDF82E1008440E99096848604D
:10C9B0000E980168086840F0010008600E98406811
:10C9C000B0F5800F07D1FFE70E980168086840F4C2
:10C9D00000700860FFE70E98C0681028C0F0EC8077
:10C9E000FFE70E98006843F20001C4F2010188429B
:10C9F0002ED0FFE70E98006843F20001C5F2010156
:10CA0000884225D0FFE70E98006843F60001C4F283
:10CA1000000188421CD0FFE70E98006843F6000131
:10CA2000C5F20001884213D0FFE70E98006843F674
:10CA30000041C4F2000188420AD0FFE70E98006866
:10CA400043F60041C5F20001884240F0B580FFE79F
:10CA5000079880080790FFE7BDF8161001200390A3
:10CA600039B9FFE7BDF81400002818BF0120039072
:10CA7000FFE70398C007002800F09D80FFE70E98AD
:10CA8000006840698007002822D5FFE7BDF816003E
:10CA9000F0B1FFE7BDF81400BDF81610079A114475
:10CAA000884215D2FFE70E980168406E0068086260
:10CAB0000E99486E043048660E99B1F86A00013844
:10CAC000A1F86A000E98B0F86A00ADF81600FFE70A
:10CAD0000E98006840690690BDF81400002869D0DF
:10CAE000FFE70E9800684069C007B0B1FFE70E98F5
:10CAF0000068006B0E99C96E08600E99C86E04300C
:10CB0000C8660E99B1F872000138A1F872000E984B
:10CB1000B0F87200ADF814004BE0BDF81400BDF899
:10CB2000121088421CDAFFE79DF819000006002861
:10CB300016D5FFE70E980068006B0E99C96E086065
:10CB40000E99C86E0430C8660E99B1F872000138AB
:10CB5000A1F872000E98B0F87200ADF8140027E04A
:10CB6000F8F7BAFD0899401A1299884204D3FFE7F2
:10CB70001298013018B9FFE71298C0B9FFE70E9874
:10CB800003F0A0FE0E99D1F88C0040F48070C1F83B
:10CB90008C000E99012081F88900FFE70E99002092
:10CBA00081F88800FFE703208DF83F000EE2FFE7E1
:10CBB000FFE7FFE750E7DCE10E98C0680828C0F007
:10CBC000DE80FFE7079840080790FFE7BDF81610E2
:10CBD0000120029039B9FFE7BDF81400002818BF02
:10CBE00001200290FFE70298C007002800F0C680ED
:10CBF000FFE70E98006840698007002822D5FFE70C
:10CC0000BDF81600F0B1FFE7BDF81400BDF816102E
:10CC1000079A1144884215D2FFE70E98406E0088AB
:10CC20000A9908800E99486E023048660E99B1F84C
:10CC30006A000138A1F86A000E98B0F86A00ADF8F1
:10CC40001600FFE70E98006840690690BDF81400D2
:10CC5000002800F09280FFE70E9800684069C00746
:10CC6000A8B1FFE7099800880E99C96E08800E994F
:10CC7000C86E0230C8660E99B1F872000138A1F88A
:10CC800072000E98B0F87200ADF8140074E0BDF8B0
:10CC90001400BDF81210884224DAFFE79DF819004D
:10CCA000000600281ED5FFE7099800880E99C96E76
:10CCB00008800E99C86E0230C866099800880E99DF
:10CCC000C96E08800E99C86E0230C8660E99B1F818
:10CCD00072000238A1F872000E98B0F87200ADF838
:10CCE000140048E0BDF8140001281BD1FFE79DF8AF
:10CCF00019008006002815D5FFE7099800880E99CD
:10CD0000C96E08800E99C86E0230C8660E99B1F8D7
:10CD100072000138A1F872000E98B0F87200ADF8F8
:10CD2000140027E0F8F7D8FC0899401A12998842B5
:10CD300004D3FFE71298013018B9FFE71298C0B981
:10CD4000FFE70E9803F0BEFD0E99D1F88C0040F479
:10CD50008070C1F88C000E99012081F88900FFE7EE
:10CD60000E99002081F88800FFE703208DF83F002E
:10CD70002CE1FFE7FFE7FFE7FFE727E7F8E0FFE742
:10CD8000BDF816100120019039B9FFE7BDF8140075
:10CD9000002818BF01200190FFE70198C007002874
:10CDA00000F0E580FFE70E980068406980070028E2
:10CDB00023D5FFE7BDF81600F8B1FFE7BDF8140072
:10CDC000BDF81610079A1144884216D2FFE70E9854
:10CDD0000168406E007881F820000E99486E01309D
:10CDE00048660E99B1F86A000138A1F86A000E98F9
:10CDF000B0F86A00ADF81600FFE70E9800684069C9
:10CE00000690BDF81400002800F0B080FFE70E98EF
:10CE100000684069C007B8B1FFE70E98006890F855
:10CE200030000E99C96E08700E99C86E0130C86640
:10CE30000E99B1F872000138A1F872000E98B0F89E
:10CE40007200ADF8140090E0BDF81400BDF81210A7
:10CE500088423EDAFFE79DF819000006002838D521
:10CE6000FFE70E98006890F830000E99C96E0870C0
:10CE70000E99C86E0130C8660E98006890F83000B0
:10CE80000E99C96E08700E99C86E0130C8660E986A
:10CE9000006890F830000E99C96E08700E99C86E3F
:10CEA0000130C8660E98006890F830000E99C96E7F
:10CEB00008700E99C86E0130C8660E99B1F87200FC
:10CEC0000438A1F872000E98B0F87200ADF81400A2
:10CED0004AE0BDF8140003281DD8FFE79DF81900AB
:10CEE00010F0600F17D0FFE70E98006890F8300040
:10CEF0000E99C96E08700E99C86E0130C8660E99F9
:10CF0000B1F872000138A1F872000E98B0F8720002
:10CF1000ADF8140027E0F8F7DFFB0899401A1299E2
:10CF2000884204D3FFE71298013018B9FFE712983E
:10CF3000C0B9FFE70E9803F0C5FC0E99D1F88C003C
:10CF400040F48070C1F88C000E99012081F88900AE
:10CF5000FFE70E99002081F88800FFE703208DF895
:10CF60003F0033E0FFE7FFE7FFE7FFE708E7FFE702
:10CF7000FFE70E98129B08996A461160082100226B
:10CF800003F042FD40B1FFE70E99D1F88C0040F06C
:10CF90002000C1F88C00FFE70E9803F093FC0E9977
:10CFA000012081F88900FFE70E99002081F88800B0
:10CFB000FFE70E98D0F88C0020B1FFE701208DF834
:10CFC0003F0003E000208DF83F00FFE79DF83F00A1
:10CFD00010B080BD82B0019001980090042843D821
:10CFE0000099DFE801F00C1D2F4103004EF2100103
:10CFF000CEF20001086840F00400086035E04EF20F
:10D000001001CEF20001086820F00400086040F62C
:10D01000E441C4F20241086820F00C00086024E0FA
:10D020004EF21001CEF20001086820F00400086002
:10D0300040F6E441C4F202410868012262F3830031
:10D04000086012E04EF21001CEF20001086820F0F4
:10D050000400086040F6E441C4F20241086802227C
:10D0600062F38300086000E0FFE702B07047000051
:10D0700082B0009000980138B0F1807F03D3FFE7C1
:10D080000120019016E0009801384EF21401CEF212
:10D09000000108604EF21801CEF200010020086085
:10D0A0004EF21002CEF20002116841F0030111604D
:10D0B0000190FFE7019802B07047000083B04EF284
:10D0C0001000CEF2000000684007002803D5FFE7FB
:10D0D0000420029020E040F6E440C4F202400068E0
:10D0E00000F00C0001900198009040B1FFE700981B
:10D0F000042807D0FFE70098082806D008E00020A1
:10D10000029008E00120029005E00220029002E077
:10D1100000200290FFE7FFE7029803B0704700008D
:10D1200081B0009001B0704781B0009001B07047AD
:10D1300081B0009001B0704781B0009001B070479D
:10D1400081B0009001B0704781B0009001B070478D
:10D1500085B003900291FFE7039890F83C00012806
:10D1600004D1FFE702208DF81300F6E003990120B7
:10D1700081F83C00FFE7FFE70399022081F83D00BA
:10D1800003980068406801900398006880680090E8
:10D190000398006842F60041C4F2010188421BD0A6
:10D1A000FFE70398006842F60041C5F2010188429A
:10D1B00012D0FFE70398006843F20041C4F2010176
:10D1C000884209D0FFE70398006843F20041C5F2A6
:10D1D000010188420AD1FFE7019820F47000019014
:10D1E00002984168019808430190FFE701984FF6C3
:10D1F0008F71CFF6FF5108400190029801680198A5
:10D2000008430190019803990968486003980068F1
:10D2100042F60041C4F20101884200F08280FFE73B
:10D220000398006842F60041C5F20101884278D0B7
:10D23000FFE703980068B0F1804F72D0FFE70398D2
:10D240000068B0F1A04F6CD0FFE70398006840F28F
:10D250000041C4F20001884263D0FFE703980068F0
:10D2600040F20041C5F2000188425AD0FFE703981E
:10D27000006840F60001C4F20001884251D0FFE787
:10D280000398006840F60001C5F20001884248D0CA
:10D29000FFE70398006840F60041C4F200018842AD
:10D2A0003FD0FFE70398006840F60041C5F2000157
:10D2B000884236D0FFE70398006843F20041C4F289
:10D2C000010188422DD0FFE70398006843F2004136
:10D2D000C5F20101884224D0FFE70398006841F6B7
:10D2E0000001C4F2000188421BD0FFE703980068E8
:10D2F00041F60001C5F20001884212D0FFE7039811
:10D30000006844F20001C4F20101884209D0FFE73D
:10D310000398006844F20001C5F2010188420ED171
:10D32000FFE7009820F08000009002988168009844
:10D33000084300900098039909688860FFE7039903
:10D34000012081F83D00FFE70399002081F83C00AF
:10D35000FFE700208DF81300FFE79DF8130005B0EC
:10D360007047000081B0009001B0704780B582B076
:10D370000090009820B9FFE701208DF8070045E0F4
:10D38000009890F83D0040B9FFE70099002081F82F
:10D390003C00009800F03EF8FFE70099022081F879
:10D3A0003D00009951F8040B03F040FF0099012063
:10D3B00081F84800FFE70099012081F83E000099BC
:10D3C00081F83F00009981F84000009981F8410000
:10D3D000009981F84200009981F84300FFE7FFE7D8
:10D3E0000099012081F84400009981F845000099D6
:10D3F00081F84600009981F84700FFE70099012075
:10D4000081F83D0000208DF80700FFE79DF8070038
:10D4100002B080BD80B584B003900398006841F2EB
:10D420000041C4F20001884219D1FFE7FFE740F64E
:10D430009C40C4F20240016841F020010160006894
:10D4400000F0200002900298FFE7322001900322B2
:10D450001146F8F749FA0198F8F73CFAFFE704B0EB
:10D4600080BD000083B00190019890F83D00012834
:10D4700004D0FFE701208DF80B00B8E001990220ED
:10D4800081F83D0001980168C86840F00100C8605B
:10D490000198006842F60041C4F20101884200F0A0
:10D4A0008280FFE70198006842F60041C5F2010161
:10D4B000884278D0FFE701980068B0F1804F72D0C1
:10D4C000FFE701980068B0F1A04F6CD0FFE701982A
:10D4D000006840F20041C4F20001884263D0FFE7D7
:10D4E0000198006840F20041C5F2000188425AD01C
:10D4F000FFE70198006840F60001C4F2000188428D
:10D5000051D0FFE70198006840F60001C5F2000124
:10D51000884248D0FFE70198006840F60041C4F215
:10D52000000188423FD0FFE70198006840F60041C3
:10D53000C5F20001884236D0FFE70198006843F247
:10D540000041C4F2010188422DD0FFE70198006834
:10D5500043F20041C5F20101884224D0FFE701985F
:10D56000006841F60001C4F2000188421BD0FFE7C9
:10D570000198006841F60001C5F20001884212D00E
:10D58000FFE70198006844F20001C4F201018842FB
:10D5900009D0FFE70198006844F20001C5F20101DB
:10D5A000884219D1FFE70198006880680721C0F21E
:10D5B000010108400090009806280CD0FFE7009871
:10D5C000B0F5803F07D0FFE701980168086840F098
:10D5D00001000860FFE706E001980168086840F074
:10D5E00001000860FFE700208DF80B00FFE79DF8C1
:10D5F0000B0003B07047000081B0009001B070478D
:10D6000080B584B0039003980068C06802900398C6
:10D610000068006901909DF804008007002824D567
:10D62000FFE79DF80800800700281DD5FFE7039855
:10D6300001686FF0020008610399012008770398E0
:10D6400000688069800720B1FFE70398FFF7D4FFE7
:10D6500006E0039800F054F9039800F055F9FFE74D
:10D66000039900200877FFE7FFE79DF804004007D3
:10D67000002825D5FFE79DF80800400700281ED5A3
:10D68000FFE7039801686FF0040008610399022026
:10D69000087703980068806910F4407F04D0FFE7A2
:10D6A0000398FFF7A9FF06E0039800F029F9039813
:10D6B00000F02AF9FFE7039900200877FFE7FFE76A
:10D6C0009DF804000007002824D5FFE79DF8080016
:10D6D000000700281DD5FFE7039801686FF00800D8
:10D6E000086103990420087703980068C0698007DF
:10D6F00020B1FFE70398FFF77FFF06E0039800F0F3
:10D70000FFF8039800F000F9FFE70399002008777D
:10D71000FFE7FFE79DF80400C006002825D5FFE7D6
:10D720009DF80800C00600281ED5FFE70398016891
:10D730006FF01000086103990820087703980068CB
:10D74000C06910F4407F04D0FFE70398FFF754FF4F
:10D7500006E0039800F0D4F8039800F0D5F8FFE74E
:10D76000039900200877FFE7FFE79DF80400C00752
:10D7700078B1FFE79DF80800C00748B1FFE70398BC
:10D7800001686FF001000861039800F0C1F8FFE73D
:10D79000FFE7019800F08000802806D0FFE79DF8A1
:10D7A00005008006002810D5FFE79DF80800000658
:10D7B000002809D5FFE7039801686FF4025008615B
:10D7C0000398FFF7B1FCFFE7FFE79DF80500C007EE
:10D7D00080B1FFE79DF808000006002809D5FFE7A3
:10D7E000039801686FF4807008610398FFF798FC54
:10D7F000FFE7FFE79DF804004006002810D5FFE78B
:10D800009DF808004006002809D5FFE70398016845
:10D810006FF040000861039800F092F8FFE7FFE71F
:10D820009DF804008006002810D5FFE79DF8080049
:10D830008006002809D5FFE7039801686FF02000F3
:10D8400008610398FFF774FCFFE7FFE79DF8060007
:10D85000C006002810D5FFE79DF80A00C006002882
:10D8600009D5FFE7039801686FF4801008610398F9
:10D87000FFF766FCFFE7FFE79DF80600800600283B
:10D8800010D5FFE79DF80A008006002809D5FFE7BC
:10D89000039801686FF4001008610398FFF74CFCCF
:10D8A000FFE7FFE79DF806004006002810D5FFE7D8
:10D8B0009DF80A004006002809D5FFE70398016893
:10D8C0006FF4800008610398FFF73EFCFFE7FFE775
:10D8D0009DF806000006002810D5FFE79DF80A0015
:10D8E0000006002809D5FFE7039801686FF40000DF
:10D8F00008610398FFF736FDFFE7FFE704B080BD3E
:10D9000081B0009001B0704781B0009001B07047C5
:10D9100080B582B001900198006841F20041C4F2E4
:10D92000000188420AD1FFE740F21071C2F2000103
:10D9300008680130086003F0D3F9FFE702B080BD4A
:10D9400081B0009001B0704783B00190FFE701986B
:10D9500090F88400012804D1FFE702208DF80B0025
:10D960002CE00199012081F88400FFE7FFE701998D
:10D970002420C1F888000198006800680090019890
:10D980000168086820F001000860009820F000504D
:10D990000090019900204866009801990968086084
:10D9A00001992020C1F88800FFE70199002081F843
:10D9B0008400FFE700208DF80B00FFE79DF80B00C7
:10D9C00003B0704782B00190ADF8021002B070470A
:10D9D00081B0009001B0704780B584B00290019191
:10D9E000FFE7029890F88400012804D1FFE70220A5
:10D9F0008DF80F0032E00299012081F88400FFE7E2
:10DA0000FFE702992420C1F88800029800680068A6
:10DA1000009002980168086820F0010008600298F0
:10DA20000068806820F060600199084302990968E5
:10DA30008860029803F0A8FD0098029909680860C0
:10DA400002992020C1F88800FFE70299002081F8A0
:10DA50008400FFE700208DF80F00FFE79DF80F001E
:10DA600004B080BD80B584B002900191FFE70298B8
:10DA700090F88400012804D1FFE702208DF80F0000
:10DA800032E00299012081F88400FFE7FFE7029964
:10DA90002420C1F88800029800680068009002986D
:10DAA0000168086820F0010008600298006880683A
:10DAB00020F0604001990843029909688860029843
:10DAC00003F062FD0098029909680860029920201D
:10DAD000C1F88800FFE70299002081F88400FFE781
:10DAE00000208DF80F00FFE79DF80F0004B080BD07
:10DAF00081B0009001B0704781B0009001B07047D4
:10DB000081B0009001B0704780B58EB00D900D9837
:10DB10000068C0690C900D98006800680B900D9823
:10DB2000006880680A900C9840F60F010840099040
:10DB30000998E0B9FFE79DF830008006002815D568
:10DB4000FFE79DF82C008006002806D4FFE79DF82B
:10DB50002B00C006002809D5FFE70D98406F20B1C3
:10DB6000FFE70D98416F8847FFE76CE2FFE70998F0
:10DB7000002800F0F980FFE70A980121C1F20001B6
:10DB8000084209D1FFE70B9840F22011C0F2004192
:10DB9000084200F0E980FFE79DF83000C00788B137
:10DBA000FFE79DF82D00C00760B1FFE70D98016801
:10DBB000012008620D99D1F8900040F00100C1F8F1
:10DBC0009000FFE79DF830008007002811D5FFE79F
:10DBD0009DF82800C00760B1FFE70D98016802209A
:10DBE00008620D99D1F8900040F00400C1F890004F
:10DBF000FFE79DF830004007002811D5FFE79DF8AA
:10DC00002800C00760B1FFE70D9801680420086292
:10DC10000D99D1F8900040F00200C1F89000FFE7A4
:10DC20009DF830000007002819D5FFE79DF82C006B
:10DC30008006002807D4FFE70A980121C1F20001FD
:10DC400008420CD0FFE70D980168082008620D9982
:10DC5000D1F8900040F00800C1F89000FFE79DF86F
:10DC600031000007002813D5FFE79DF82F0040077B
:10DC700000280DD5FFE70D9801684FF40060086299
:10DC80000D99D1F8900040F02000C1F89000FFE716
:10DC90000D98D0F89000002865D0FFE79DF830007F
:10DCA0008006002815D5FFE79DF82C008006002887
:10DCB00006D4FFE79DF82B00C006002809D5FFE732
:10DCC0000D98406F20B1FFE70D98416F8847FFE73F
:10DCD000FFE70D98D0F8900008900D9800688068D4
:10DCE00000F04000402806D0FFE79DF8200010F02B
:10DCF000280F2FD0FFE70D9803F0E4FD0D98006882
:10DD000080684006002820D5FFE70D98D0F88000F5
:10DD1000B0B1FFE70D98D0F8801041F6A500C0F62D
:10DD20000100C8660D98D0F88000F5F733FF30B1D8
:10DD3000FFE70D98D0F88000C16E8847FFE703E049
:10DD40000D98FFF7DDFEFFE703E00D98FFF7D8FE23
:10DD5000FFE707E00D98FFF7D3FE0D990020C1F80B
:10DD60009000FFE7FFE76EE10D98C06E012840F0DC
:10DD70000B81FFE79DF83000C006002840F10481C8
:10DD8000FFE79DF82C00C006002840F1FD80FFE76A
:10DD90000D980168102008620D98006880684006A0
:10DDA000002840F18F80FFE70D98D0F880000068D0
:10DDB000806CADF81E00BDF81E00002867D0FFE79C
:10DDC000BDF81E000D99B1F85C1088425FDAFFE7DC
:10DDD000BDF81E000D99A1F85E000D98D0F88000E6
:10DDE000006D812846D0FFE7FFE7FFE70D98006848
:10DDF00050E8000F20F480700690FFE706990D9818
:10DE0000026842E800100028F0D1FFE7FFE7FFE7D3
:10DE1000FFE70D98006850E8020F20F00100059020
:10DE2000FFE705990D98026842E802100028F0D13A
:10DE3000FFE7FFE70D992020C1F88C000D99002025
:10DE4000C866FFE7FFE70D98006850E8000F20F074
:10DE500010000490FFE704990D98026842E8001052
:10DE60000028F0D1FFE7FFE70D98D0F88000F5F724
:10DE700005FEFFE70D99022008670D98B0F85C10C9
:10DE8000B0F85E20891A89B2FFF79CFD19E0BDF851
:10DE90001E000D99B1F85C10884211D1FFE70D9872
:10DEA000D0F88000006D812809D1FFE70D9902208C
:10DEB00008670D98B0F85C10FFF784FDFFE7FFE7F7
:10DEC000FFE7C0E00D99B1F85C00B1F85E10401AB0
:10DED000ADF80E000D98B0F85E00002853D0FFE7B3
:10DEE000BDF80E0000284ED0FFE7FFE7FFE70D98D2
:10DEF000006850E8000F20F490700290FFE702994C
:10DF00000D98026842E800100028F0D1FFE7FFE713
:10DF1000FFE7FFE70D98006850E8020F4FF6FE712B
:10DF2000CEF6FF7108400190FFE701990D98026855
:10DF300042E802100028EDD1FFE7FFE70D9920200D
:10DF4000C1F88C000D990020C8660D994867FFE75D
:10DF5000FFE70D98006850E8000F20F010000090D7
:10DF6000FFE700990D98026842E800100028F0D100
:10DF7000FFE7FFE70D99022008670D98BDF80E1026
:10DF8000FFF720FDFFE75EE09DF83200C0060028A5
:10DF90000FD5FFE79DF82A004006002809D5FFE7C6
:10DFA0000D9801684FF4801008620D98FFF7A4FDEA
:10DFB00049E09DF830000006002815D5FFE79DF8E0
:10DFC0002C000006002806D4FFE79DF82A00000672
:10DFD000002809D5FFE70D98806F20B1FFE70D9865
:10DFE000816F8847FFE72EE09DF83000400600284B
:10DFF0000AD5FFE79DF82C004006002804D5FFE76E
:10E000000D9803F0AFFC1EE09DF8320000060028DA
:10E010000AD5FFE79DF82F004006002804D5FFE74A
:10E020000D98FFF765FD0EE09DF83300C00750B175
:10E03000FFE79DF82F000006002804D5FFE70D98A4
:10E04000FFF7C6FCFFE70EB080BD000080B582B0D0
:10E050000090009820B9FFE701208DF8070046E006
:10E060000098806908B1FFE700E0FFE70098D0F86A
:10E07000880040B9FFE70099002081F884000098EB
:10E0800000F03AF8FFE700992420C1F888000098D2
:10E090000168086820F0010008600098806A20B1DB
:10E0A000FFE7009803F0B6FAFFE7009803F07CFC66
:10E0B000012804D1FFE701208DF8070017E0009840
:10E0C0000168486820F490404860009801688868BA
:10E0D00020F02A00886000980168086840F001007C
:10E0E0000860009803F03AFB8DF80700FFE79DF801
:10E0F000070002B080BD000080B5D0B04F90002076
:10E100004E904D904C904B904A9008A84FF48471DB
:10E11000F2F704F94F98006843F60001C4F20101D8
:10E12000884240F08380FFE7002009900121089198
:10E130001F9008A8FAF798FD18B1FFE7F4F736FC2E
:10E14000FFE7FFE740F6A440C4F20240016841F453
:10E1500080410160006800F4804007900798FFE765
:10E16000FFE740F68C40C4F20240016841F0010133
:10E170000160006800F0010006900698FFE74FF488
:10E18000C0604A9002204B90012001904C900020EA
:10E1900002904D9007204E900020C4F202204AA920
:10E1A000F7F7F6F8019A029940F65400C2F200001F
:10E1B000039040F25013C4F202030360162343603D
:10E1C00081604FF48063C360082303614161816112
:10E1D000C161016242628262C16201634163F5F71B
:10E1E000A7FE18B1FFE7F4F7E1FBFFE7FFE74F9861
:10E1F00040F65401C2F20001C1674F98C865FFE7BD
:10E2000040F65400C2F200001021F5F7EDFC18B101
:10E21000FFE7F4F7CBFBFFE73A200090002211461E
:10E22000F7F762FB0098F7F755FB46E04F98006858
:10E2300046F20041C4F2000188423DD1FFE70020D0
:10E24000099020210891249008A8FAF70DFD18B133
:10E25000FFE7F4F7ABFBFFE7FFE740F69C40C4F2B3
:10E260000240016841F000710160006800F0007038
:10E2700005900598FFE7FFE740F68C40C4F20240A6
:10E28000016841F004010160006800F0040004909E
:10E290000498FFE7C0204A9002204B9001204C9048
:10E2A00000204D9007204E9040F60000C4F202205E
:10E2B0004AA9F7F76DF8FFE7FFE750B080BD00000F
:10E2C00080B58AB008900791ADF81A200593089898
:10E2D000D0F88800202840F09580FFE7079820B10B
:10E2E000FFE7BDF81A0020B9FFE701208DF82700ED
:10E2F0008CE00898006880680006002807D5FFE7D2
:10E3000008980168886820F080008860FFE7089915
:10E310000020C1F8900008992120C1F88800F7F783
:10E32000DBF90290BDF81A000899A1F85400BDF875
:10E330001A000899A1F8560008988068B0F5805F27
:10E3400009D1FFE70898006928B9FFE70020049089
:10E350000798039004E00798049000200390FFE7DB
:10E36000FFE70898B0F8560088B3FFE70898029BCB
:10E3700005996A4611608021002203F021FD40B119
:10E38000FFE708992020C1F8880003208DF82700B6
:10E390003CE0049858B9FFE7039800886FF35F20CA
:10E3A00008990968886203980230039008E004988D
:10E3B0000078089909688862049801300490FFE7A2
:10E3C0000899B1F856000138A1F85600C9E7089835
:10E3D000029B05996A4611604021002203F0F0FC7F
:10E3E00040B1FFE708992020C1F8880003208DF88C
:10E3F00027000BE008992020C1F8880000208DF844
:10E40000270003E002208DF82700FFE79DF8270092
:10E410000AB080BD81B0009001B0704785B0019016
:10E420000198007801460091022804D3FFE7009884
:10E43000022834D06BE0019890ED061A90ED070A9F
:10E4400090ED083A90ED092A21EE031A20EE020A17
:10E4500030EE410A8DED020A019890ED061A90ED1A
:10E46000073A90ED080A90ED092A21EE031A20EEF2
:10E47000020A30EE010A8DED030A019890ED061AAA
:10E4800090ED090A21EE011ABEEE002A31EE021AC1
:10E4900020EE000A30EE010A8DED040A3CE00198FE
:10E4A00090ED060A90ED071A90ED082A90ED093AD2
:10E4B00021EE031A20EE020A30EE410A8DED020A27
:10E4C000019890ED061A90ED073A90ED080A90ED4C
:10E4D000092A21EE031A20EE020A30EE011A9FEDFE
:10E4E000120A30EE410A8DED030A019890ED060AFA
:10E4F00090ED091A20EE002AB6EE000A30EE420A2C
:10E5000021EE011A30EE410A8DED040A04E00020EC
:10E51000029003900490FFE79DED020ADDED030AEF
:10E520009DED041A05B070470000008085B0019091
:10E53000019800780146009140B1FFE7009801285A
:10E5400038D0FFE7009802286CD0A3E0019890ED46
:10E55000061A90ED070A90ED082A90ED093A21EE8F
:10E56000031A20EE020A30EE010A8DED020A01982C
:10E5700090ED061A90ED080A21EE011ABEEE002A6F
:10E5800031EE021A20EE000A30EE010A8DED030A88
:10E59000019890ED061A90ED073A90ED080A90ED7B
:10E5A000092A21EE031A20EE020A30EE410A8DED0F
:10E5B000040A74E0019890ED060A90ED071A20EE27
:10E5C000002AB6EE000A30EE420A21EE011A30EEC1
:10E5D000410A8DED020A019890ED060A90ED071AA6
:10E5E00090ED083A90ED092A21EE031A20EE020A76
:10E5F00030EE410A8DED030A019890ED061A90ED78
:10E60000070A90ED083A90ED092A21EE031A20EE50
:10E61000020A30EE011A9FED260A30EE410A8DED16
:10E62000040A3CE0019890ED061A90ED070A90ED7F
:10E63000082A90ED093A21EE031A20EE020A30EE84
:10E64000011A9FED1B0A30EE410A8DED020A019876
:10E6500090ED060A90ED081A20EE002AB6EE000AA8
:10E6600030EE420A21EE011A30EE410A8DED030A26
:10E67000019890ED060A90ED072A90ED081A90EDAA
:10E68000093A21EE031A20EE020A30EE410A8DED1E
:10E69000040A04E00020029003900490FFE79DED3F
:10E6A000020ADDED030A9DED041A05B0704700BFB4
:10E6B00000000080FFE7FEE784B0039002918DED3B
:10E6C000010ACDED000A039908684A688B6840F298
:10E6D0008841C2F200018B604A600860029B1868A2
:10E6E0005A689B684B610A61C8600198886100980C
:10E6F000C86104B07047000083B0029001918DEDB5
:10E70000000A029908684A688B6840F28841C2F2A0
:10E7100000018B624A620862019B18685A689B6814
:10E720004B630A63C8620098C86303B07047000077
:10E7300080B584B040F2DC60C2F200000190642138
:10E740000291F3F771F9019802991830F3F76CF917
:10E7500040F2C850C2F200000390F2F7D5FC0398D3
:10E7600046F2F821C0F60101F2F7B0FD04B080BD19
:10E7700080B588B0ADF81E0040F21030C2F2000043
:10E780000DF11D0105F090FD9DF81D0080B3FFE720
:10E790000020ADF81800059040F21030C2F20000E1
:10E7A00005A905F0B9F8BDF9140000EE100AB8EE9D
:10E7B000C00A9FED4E1A20EE010A40F21C40C2F240
:10E7C000000080ED000ABDF9161000EE101AB8EE38
:10E7D000C00A20EE010A80ED010ABDF9181000EE12
:10E7E000101AB8EEC00A20EE010A80ED020AFFE717
:10E7F00040F21030C2F200000DF11D0105F096FA52
:10E800009DF81D0080B3FFE70020ADF810000390D5
:10E8100040F21030C2F2000003A905F0ADF8BDF9D6
:10E820000C0000EE100AB8EEC00A9FED311A20EE7F
:10E83000010A40F26840C2F2000080ED000ABDF912
:10E840000E1000EE101AB8EEC00A20EE010A80ED9C
:10E85000010ABDF9101000EE101AB8EEC00A20EE41
:10E86000010A80ED020AFFE70020019040F210301B
:10E87000C2F2000001A905F08DFB40F26F00C2F268
:10E8800000000078B0B1FFE7019840F25071C2F289
:10E890000001086040F26F01C2F200010020087020
:10E8A00040F23071C2F2000141F26F20C3F6033032
:10E8B000086018E0019840F25071C2F200010A6845
:10E8C000801A0090019808609DED000AB8EE400A99
:10E8D0009FED081A20EE010A40F23070C2F20000EB
:10E8E00080ED000AFFE708B080BD00BFD5FF7F388C
:10E8F000295C8F3D17B7D13780B588B0ADF81E00C1
:10E9000040F2D420C2F200000DF11D0105F0CCFC54
:10E910009DF81D0080B3FFE70020ADF818000590BA
:10E9200040F2D420C2F2000005A904F0F5FFBDF9C1
:10E93000140000EE100AB8EEC00A9FED5F1A20EE38
:10E94000010A40F21040C2F2000080ED000ABDF959
:10E95000161000EE101AB8EEC00A20EE010A80ED83
:10E96000010ABDF9181000EE101AB8EEC00A20EE28
:10E97000010A80ED020AFFE740F2D420C2F2000053
:10E980000DF11D0105F0D2F99DF81D0080B3FFE7E0
:10E990000020ADF81000039040F2D420C2F2000035
:10E9A00003A904F0E9FFBDF90C0000EE100AB8EE6F
:10E9B000C00A9FED421A20EE010A40F25C40C2F20A
:10E9C000000080ED000ABDF90E1000EE101AB8EE3E
:10E9D000C00A20EE010A80ED010ABDF9101000EE18
:10E9E000101AB8EEC00A20EE010A80ED020AFFE715
:10E9F00040F2D420C2F200000DF11D0105F09AFA98
:10EA00009DF81D00B0B1FFE70020ADF80A0040F20C
:10EA1000D420C2F200000DF10A0105F0A1FABDF9FF
:10EA20000A0005F00FF840F25450C2F2000080EDE9
:10EA3000000AFFE70020019040F2D420C2F200005B
:10EA400001A905F0A7FA40F26E00C2F200000078BA
:10EA5000B0B1FFE7019840F24C71C2F200010860CA
:10EA600040F26E01C2F200010020087040F22C71E9
:10EA7000C2F2000141F26F20C3F60330086018E0D3
:10EA8000019840F24C71C2F200010A68801A0090AD
:10EA9000019808609DED000AB8EE400A9FED081A43
:10EAA00020EE010A40F22C70C2F2000080ED000A54
:10EAB000FFE708B080BD00BFD5FF7F38295C8F3DE0
:10EAC00017B7D137F0B5A3B08DF88B0040F288406E
:10EAD000C2F20000099090ED070A0C30002101F00D
:10EAE0005FFD0998C1681F910169209141692191D9
:10EAF00001681C9141681D9180681E909DED1F0A60
:10EB0000DDED200A9DED211A46F2882EC0F6010E99
:10EB1000CDF820E0DEF80000DEF80410DEF8082072
:10EB2000DEF80C30DEF810C0DEF81440DEF81850C5
:10EB3000DEF81C60DEF8207040F2700EC2F2000EAB
:10EB4000DEED001A9EED012ADEED022A40F26C7E17
:10EB5000C2F2000E9EED003ADEED013A9EED024A51
:10EB6000EE46CEF81070CEF80C60CEF80850CEF815
:10EB70000440CEF800C0F3F7BBF8DDF820E08DEDDF
:10EB80001B1ACDED1A0A8DED190A19981A991B9ABC
:10EB9000219220911F909DED1C0ADDED1D0A9DED37
:10EBA0001E1ADEF80000DEF80410DEF80820DEF899
:10EBB0000C30DEF810C0DEF81440DEF81850DEF835
:10EBC0001C60DEF8207040F2600EC2F2000EDEED36
:10EBD000001A9EED012ADEED022A40F2540EC2F226
:10EBE000000E9EED003ADEED013A9EED024AEE4641
:10EBF000CEF81070CEF80C60CEF80850CEF8044075
:10EC0000CEF800C0F3F774F88DED181ACDED170AA1
:10EC10008DED160A16981799189A1E921D911C9040
:10EC20009DED1F0ADDED200A9DED211A40F2DC600A
:10EC3000C2F20000F2F71EFF09988DED151ACDED16
:10EC4000140A8DED130A1399149A159B219320929F
:10EC50001F911F9A40F2C841C2F20001CA60209A77
:10EC60000A61219A4A611C9A0A601D9A4A601E9A9A
:10EC70008A60C069C8619DF88B00012840F09380CC
:10EC8000FFE740F28840C2F20000059090ED0F0AC5
:10EC90002C30012101F084FC0598C16A1F91016BA1
:10ECA0002091406B21909DED1F0ADDED200A9DED26
:10ECB000211A46F2AC2EC0F6010ECDF818E0DEF8AF
:10ECC0000000DEF80410DEF80820DEF80C30DEF874
:10ECD00010C0DEF81440DEF81850DEF81C60DEF8D4
:10ECE000207040F2700EC2F2000EDEED001A9EEDB2
:10ECF000012ADEED022A40F26C7EC2F2000E9EED89
:10ED0000033ADEED043A9EED054AEE46CEF8107069
:10ED1000CEF80C60CEF80850CEF80440CEF800C013
:10ED2000F2F7E6FF8DED121ACDED110A8DED100A06
:10ED300010981199129A219220911F909DED1F0A0F
:10ED4000DDED200A9DED211A40F2DC60C2F20000E8
:10ED50001830F2F78FFE8DED0F1ACDED0E0A8DED06
:10ED60000D0A0D980E990F9A219220911F901F98CD
:10ED700040F2C841C2F2000141F82C0F07912098DF
:10ED8000486021988860A1F120000AAAF3F7AEFD3F
:10ED900007990A9841F8200C0B9841F81C0C0C9824
:10EDA00041F8180CFFE723B0F0BD000080B582B039
:10EDB000ADF8060040F25450C2F2000090ED000A97
:10EDC00040F22C70C2F20000D0ED000A40F2104078
:10EDD000C2F2000040F25C41C2F20001FFF76CFC9D
:10EDE00040F25250C2F20000007888B1FFE740F2D2
:10EDF0003070C2F2000090ED000A40F21C40C2F2F6
:10EE0000000040F26841C2F20001FFF775FCFFE725
:10EE100040F25250C2F200000078FFF753FE40F279
:10EE2000C840C2F2000000F005F803F0C9F802B0D3
:10EE300080BD000080B590B00F900F98C0680C9016
:10EE40000F9800690D900F9840690E900F98006818
:10EE500009900F9840680A900F9880680B900F985F
:10EE600090ED073A9DED0C0ADDED0D0A9DED0E1AB1
:10EE7000DDED091A9DED0A2ADDED0B2A40F2C8509E
:10EE8000C2F200000190F2F763FD0198F2F726F953
:10EE9000CDED051A8DED041ACDED030A8DED020AB4
:10EEA0009DED020ADDED030A9DED041ADDED051A64
:10EEB000F3F760F98DED081ACDED070A8DED060A1E
:10EEC00040F23C71C2F200010698079A089B8B60E1
:10EED0004A60086010B080BD80B58AB003F010FCB5
:10EEE00040F2D420C2F2000040F20A51C2F2000106
:10EEF000089104F099FD089800786C2805D0FFE788
:10EF00004FF6FF70ADF82600A1E040F2D420C2F227
:10EF10000000012104F0E6FFFFE740F2D420C2F236
:10EF2000000040F20851C2F2000104F0C5FFFFE703
:10EF300040F20850C2F2000000780028EDD1FFE74F
:10EF400040F2D420C2F200000690802104F02CFF91
:10EF500006980121059104F03FFD069804210491D3
:10EF600005F07EF80499069804F0E4FD0698002167
:10EF700005F0B0F90698062104F0EEFE0499069813
:10EF800005F0D0F90599069805F066F905990698F7
:10EF900005F028F840F21030C2F2000040F20B51A8
:10EFA000C2F20001079104F03FFD079800786C2839
:10EFB00004D0FFE70020ADF8260048E040F2103012
:10EFC000C2F20000012104F08DFFFFE740F2103093
:10EFD000C2F2000040F20951C2F2000104F06CFFDD
:10EFE000FFE740F20950C2F2000000780028EDD19E
:10EFF000FFE740F21030C2F200000290802104F0DE
:10F00000D3FE02980121039104F0E6FC029804214A
:10F01000019105F025F80199029804F08BFD029802
:10F02000002105F057F90298062104F095FE019998
:10F03000029805F077F90399029805F00DF9039904
:10F04000029804F0CFFF0398ADF82600FFE7BDF962
:10F0500026000AB080BD000081B000900099886849
:10F060004FF6C072C5F6FF721040886001B070475D
:10F0700081B0009048F2C801C4F20221086840F053
:10F080000100086001B0704781B000900099D1F88C
:10F09000C80040F00100C1F8C80001B0704700008E
:10F0A00081B000900098806840F080504FF6C071A9
:10F0B000C7F6FF7108400099886001B070470000F2
:10F0C00081B000900098806800F0E07001B0704757
:10F0D00083B0029001910298019900EB81006030A9
:10F0E00000900098006800F0F84003B070470000FE
:10F0F00081B0009000988068C0F3C00001B07047F4
:10F1000081B0009000988068C0F3407001B07047F3
:10F1100081B000900098806800F0010001B0704755
:10F1200081B0009000988068C0F3007001B0704713
:10F1300081B0009000988068C0F3800001B07047F3
:10F1400084B00390029101920398029901F44071F6
:10F1500000EB91103030009000980068029901F0A7
:10F160001F021F21914088430199C1F3846191409E
:10F1700008430099086004B07047000084B0039011
:10F18000029101920398029901F0007100EBD150B5
:10F1900014300090009800680299C1F304520721CE
:10F1A000914088430199914008430099086004B058
:10F1B0007047000083B00290019100920298D0F84D
:10F1C000B00001996FF31F518843009A02F01803B1
:10F1D0004FF6FF72C0F20F02DA4011400844029964
:10F1E000C1F8B00003B0704782B00190009101985F
:10F1F000806820F47C10009908430199886002B06F
:10F200007047000082B0019000910198806820F062
:10F21000E070009908430199886002B070470000CF
:10F2200085B004900391029201930498039900EB36
:10F23000810060300090009800684FF20001C0F239
:10F24000FF310140029800F0F840019A1043084352
:10F2500040F000400099086005B0704784B003900A
:10F26000029101920398029900EB810060300090B6
:10F270000098006820F00070019908430099086028
:10F2800004B0704784B003900291019203980299F0
:10F2900000EB8100603000900098006820F08070E2
:10F2A000019908430099086004B0704784B0039046
:10F2B000029101920398029900EB81006030009066
:10F2C0000098006820F00040019908430099086008
:10F2D00004B0704782B0019000910198406920F01D
:10F2E0000040009908430199486102B0704700004E
:10F2F00080B586B0ADF8160000208DF8150004909A
:10F3000003900290019040F24A70C2F2000000782F
:10F3100008B9FFE721E140F24A71C2F20001002082
:10F32000087040F24C30C2F200000DF1150103F0FC
:10F33000F7FC08B1FFE710E19DF81500C00738B9E8
:10F34000FFE79DF815004008C00708B9FFE704E192
:10F3500040F24C30C2F2000001A903F0D3FD08B125
:10F36000FFE7FAE09DF81500C007002800F0DE80F6
:10F37000FFE7029840F23471C2F200010860019880
:10F3800040F66061C2F20001086040F66E50C2F2C1
:10F390000000007800284BD1FFE740F23C61C2F248
:10F3A00000010020086040F2D161C2F20001087043
:10F3B000F6F792F940F20C71C2F200010968401AA6
:10F3C000B0F57A7F33D3FFE740F66060C2F2000009
:10F3D00090ED001A40F66460C2F2000090ED000A61
:10F3E00030EE010A80ED000A40F66C50C2F20000D7
:10F3F0000188013101800088282817D3FFE740F6F3
:10F400006460C2F2000090ED000A9FED581A80EE91
:10F41000010A40F20040C2F2000080ED000A40F60E
:10F420006E51C2F2000101200870FFE7FFE77CE0A7
:10F4300040F2D960C2F20000007858B3FFE740F212
:10F44000D860C2F20000007820B3FFE7F6F744F975
:10F4500040F2D461C2F200010968401A40F6B831A6
:10F46000884217D3FFE740F66060C2F2000090EDDB
:10F47000000A40F20040C2F2000090ED001A30EEA7
:10F48000410A9FED372A20EE020A30EE010A80ED94
:10F49000000AFFE740F20040C2F2000090ED000ACF
:10F4A000B5EE400AF1EE10FA2BDDFFE740F66060A2
:10F4B000C2F2000090ED000AB5EE400AF1EE10FA3B
:10F4C0001FDDFFE740F66060C2F2000090ED000A29
:10F4D00040F20040C2F2000090ED001A80EE010AF6
:10F4E000DFED200A06F0E0F8B0EE401AB7EE000AB1
:10F4F00030EE410A9FED1C1A20EE010A8DED000A44
:10F5000002E000200090FFE79DED000A03F026F8DE
:10F5100040F23C60C2F2000080ED000A40F2D1618E
:10F52000C2F2000101200870FFE7FFE79DF8150017
:10F530004008C00770B1FFE7BDF8100040F2387115
:10F54000C2F200010880039840F6E861C2F20001AF
:10F550000860FFE702F00AFDFFE706B080BD00BFCC
:10F560003D7FDA3AB1DC423E002A2D4700002042BE
:10F5700080B588B0002002908DF81D008DF81C0029
:10F58000ADF81A008DF81800ADF816008DF81500CA
:10F590008DF814008DF8130004F05CF940F24C3043
:10F5A000C2F200000DF11D0103F014FD03909DF85F
:10F5B0001D0040F6F061C2F200010870039840B9E6
:10F5C000FFE740F6F060C2F200000078B42805D0F2
:10F5D000FFE74FF6FF70ADF81E00F0E040F24C3050
:10F5E000C2F20000012103F009FD0390039828B145
:10F5F000FFE74FF6FF70ADF81E00E0E040F24C3040
:10F60000C2F20000022103F0F9FC0390039828B134
:10F61000FFE74FF6FF70ADF81E00D0E040F24C302F
:10F62000C2F20000002103F0E9FC0390039828B126
:10F63000FFE74FF6FF70ADF81E00C0E000208DF828
:10F640001A008DF81B008DF81C0040F24C30C2F2FD
:10F6500000000DF11A0103F0E7FB0390039828B1B5
:10F66000FFE74FF6FF70ADF81E00A8E003208DF80D
:10F67000160002208DF8170001208DF8180040F2C6
:10F680004C30C2F200000DF1160103F061FE039050
:10F69000039828B1FFE74FF6FF70ADF81E008EE02B
:10F6A00040F24C30C2F200000DF1150103F0AAFE49
:10F6B0000390039828B1FFE74FF6FF70ADF81E00E6
:10F6C0007DE09DF8150040F001008DF8150040F236
:10F6D0004C30C2F200000DF1150103F0EFFE039073
:10F6E000039828B1FFE74FF6FF70ADF81E0066E003
:10F6F00040F24C30C2F2000005A903F067FD039010
:10F70000039828B1FFE74FF6FF70ADF81E0056E0F2
:10F710009DF8140040F002008DF814009DF81400CC
:10F7200000F0FB008DF8140040F24C30C2F20000F3
:10F7300005A903F09DFD0390039828B1FFE74FF65C
:10F74000FF70ADF81E003AE040F24C30C2F200000B
:10F750000DF1130103F022FF0390039828B1FFE796
:10F760004FF6FF70ADF81E0029E09DF8130040F041
:10F7700001008DF8130040F24C30C2F200000DF190
:10F78000130103F04DFF0390039828B1FFE74FF6F4
:10F79000FF70ADF81E0012E040F24A71C2F20001A3
:10F7A000002001900870F5F797FF0146019840F29C
:10F7B0000C72C2F200021160ADF81E00FFE7BDF945
:10F7C0001E0008B080BD000080B58AB00021009105
:10F7D0000991089107910691059104910391029175
:10F7E00040F28470C2F20000019048F20002C4F2BC
:10F7F000022202604FF4002242608160C160016118
:10F8000004224261017641760122C26180F8201013
:10F810008162C16280F834100163816380F83C101A
:10F82000F3F722FE18B1FFE7F3F7C0F8FFE7022075
:10F83000C0F23040029006200390002004907F2107
:10F84000059104210691079040F28470C2F20000F5
:10F8500002A9F3F7E9F918B1FFE7F3F7A7F8FFE713
:10F860000AB080BD80B58AB000210091099108914D
:10F8700007910691059104910391029140F2EC7079
:10F88000C2F20000019048F20012C4F202220260AB
:10F890004FF4002242608160C16001610422426134
:10F8A000017641760122C26180F820108162C16236
:10F8B00080F834100163816380F83C10F3F7D4FDC5
:10F8C00018B1FFE7F3F772F8FFE748F20000C3F65C
:10F8D000F060029006200390002004907F210591A3
:10F8E00004210691079040F2EC70C2F2000002A9D8
:10F8F000F3F79AF918B1FFE7F3F758F8FFE70AB002
:10F9000080BD000080B540F6CC00C2F2000043F29A
:10F910000001C4F2020101600021017141714161E5
:10F92000816101210162F4F725F818B1FFE7F3F7CF
:10F930003DF8FFE780BD000080B582B040F6F000E2
:10F94000C2F2000001904AF20041C4F200010160DD
:10F95000002141604FF440728260C16001744174C3
:10F96000817405234361062282614FF00E0CC0F8BA
:10F970001CC003620123436282621223C3620263DA
:10F980000A2242638163C163F5F7E0F918B1FFE72A
:10F99000F3F70CF8FFE702B080BD000080B582B03D
:10F9A00040F65410C2F2000000904AF60001C4F282
:10F9B000000101600021019141608160C16001741A
:10F9C000417481741022426101228261C26102622B
:10F9D00042628262C262026341638163C163F5F77E
:10F9E000B5F918B1FFE7F2F7E1FFFFE702B080BD1C
:10F9F00080B582B0FFE740F68840C4F2024001685B
:10FA000041F001010160006800F0010001900198DF
:10FA1000FFE71D20009000221146F5F765FF0098D2
:10FA2000F5F758FF02B080BD80B59CB000201B9058
:10FA30001A90199018901790FFE740F68C40C4F286
:10FA40000240016841F010010160006800F0100000
:10FA500016901698FFE7FFE740F68C40C4F202408C
:10FA6000016841F004010160006800F00400159095
:10FA70001598FFE7FFE740F68C40C4F202400168AA
:10FA800041F080010160006800F08000149014983B
:10FA9000FFE7FFE740F68C40C4F20240016841F006
:10FAA00001010160006800F0010013901398FFE766
:10FAB000FFE740F68C40C4F20240016841F00201C9
:10FAC0000160006800F0020012901298FFE7FFE763
:10FAD00040F68C40C4F20240016841F00801016028
:10FAE000006800F0080011901198FFE741F2000053
:10FAF000C4F2022002904CF20801019100220F9200
:10FB0000F5F7D4FD0F9A40F60000C4F202200A90E7
:10FB100030210391F5F7CAFD0F9A40F20040C4F27C
:10FB20000220069095210491F5F7C0FD06984FF448
:10FB30008051059101220B92F5F7B8FD0F9A40F61E
:10FB40000040C4F2022008904FF400410791F5F7FD
:10FB5000ADFD0F9A0020C4F202200C904FF480718A
:10FB60000991F5F7A3FD07990B9A0C98F5F79EFDFF
:10FB7000019B02980B9A0F991793189219911A9159
:10FB800017A90D91F5F704FC02980D990F9A10230F
:10FB900017930023C1F2210318931992F5F7F8FB8C
:10FBA000DDF80CC00A980B9B0D990F9ACDF85CC03C
:10FBB000189319921A92F5F7EBFBDDF810C006982E
:10FBC0000B9B0D990F9ACDF85CC0189319921A925D
:10FBD000F5F7DEFBDDF814C006980B9B0D990F9A24
:10FBE000CDF85CC01893199202220E921A92F5F782
:10FBF000CFFBDDF81CC008980B9B0D990F9ACDF830
:10FC00005CC0189319921A92F5F7C2FB099B0A98E7
:10FC10000D990F9A179318921992F5F7B9FB0B9B50
:10FC20000C980D990F9A4FF4014CCDF85CC01893C5
:10FC300019921A92F5F7ACFB0E990F9A0F201090BB
:10FC4000F5F752FE1098F5F745FE1CB080BD000098
:10FC500080B50020F5F746FD18B1FFE7F2F7A6FEE4
:10FC6000FFE7F5F75FFD18B1FFE7F2F79FFEFFE74B
:10FC700080BD000080B582B040F6B810C2F200002E
:10FC8000009043F20001C4F2010101604FF48001D1
:10FC900041600021019181600722C2604FF0007332
:10FCA00003614FF0807343614FF0806383614FF0D5
:10FCB0004053C361016241628162C26241638163F8
:10FCC000C1638164C164016541658165C165016687
:10FCD000FBF746FD18B1FFE7F2F768FEFFE702B059
:10FCE00080BD000080B582B040F64820C2F200001E
:10FCF000009043F60001C4F2000101604FF480015E
:10FD000041600021019181600722C2604FF00073C1
:10FD100003614FF0807343614FF0806383614FF064
:10FD20004053C361016241628162C2624163816387
:10FD3000C1638164C164016541658165C165016616
:10FD4000FBF70EFD18B1FFE7F2F730FEFFE702B058
:10FD500080BD000080B582B040F6D820C2F200001D
:10FD6000009043F60041C4F2000101604FF48001AD
:10FD700041600021019181600722C2604FF0007351
:10FD800003614FF0807343614FF0806383614FF0F4
:10FD90004053C361016241628162C2624163816317
:10FDA000C1638164C164016541658165C1650166A6
:10FDB000FBF7D6FC18B1FFE7F2F7F8FDFFE702B05A
:10FDC00080BD000080B582B040F66830C2F200000D
:10FDD000009044F60041C4F2010101604FF480013B
:10FDE00041600021019181600722C2604FF00073E1
:10FDF00003614FF0807343614FF0806383614FF084
:10FE00004053C361016241628162C26241638163A6
:10FE1000C1638164C164016541658165C165016635
:10FE2000FBF79EFC18B1FFE7F2F7C0FDFFE702B059
:10FE300080BD000080B584B0002103910291019142
:10FE400040F6F830C2F2000041F20042C4F2000273
:10FE50000260F9224260816040F2E732C260816153
:10FE6000FDF784FA18B1FFE7F2F7A0FDFFE70020E5
:10FE70000190039040F6F830C2F2000001A9FDF7AE
:10FE800067F918B1FFE7F2F791FDFFE704B080BD15
:10FE900080B582B040F64440C2F20000009043F6C4
:10FEA0000001C4F2010101604FF4613141600021A1
:10FEB00001918160C16001610C2242618161C16177
:10FEC000016241628162FEF7C1F818B1FFE7F2F703
:10FED0006DFDFFE740F64440C2F200000021FDF74F
:10FEE000C1FD18B1FFE7F2F761FDFFE740F64440BE
:10FEF000C2F200000021FDF76FFD18B1FFE7F2F735
:10FF000055FDFFE740F64440C2F20000FDF71CFD3E
:10FF100018B1FFE7F2F74AFDFFE702B080BD00002D
:10FF200080B582B040F6D840C2F20000009046F2A0
:10FF30000041C4F2000101604FF4165141600021FC
:10FF400001918160C16001610C2242618161C161E6
:10FF5000016241628162FEF779F818B1FFE7F2F7BA
:10FF600025FDFFE740F6D840C2F200000021FDF772
:10FF700079FD18B1FFE7F2F719FDFFE740F6D84029
:10FF8000C2F200000021FDF727FD18B1FFE7F2F7EC
:10FF90000DFDFFE740F6D840C2F20000FDF7D4FCAB
:10FFA00018B1FFE7F2F702FDFFE702B080BD0000E5
:10FFB000FFE7FEE7FFE7FEE788B0079006910592AE
:10FFC000079800F0070004900498C0F10700052886
:10FFD00003D3FFE70420019004E00498C0F1070078
:10FFE0000190FFE70198039004980430062803D895
:10FFF000FFE70020009003E0049803380090FFE73B
:020000040801F1
:100000000098029006980399012202FA01F1013941
:100010000840029B984005999A40013A11400843D4
:1000200008B0704787B08DED060ACDED050A8DED5D
:10003000041ACDED031A9DED050A9DED031A30EE6D
:10004000010A8DED020A9DED030A9DED021A80EE74
:10005000010A8DED010A9DED050A9DED021A80EE63
:10006000010A8DED000A9DED010A9DED062A9DED28
:10007000001A9DED043A21EE031A20EE020A30EE3A
:10008000010A07B0704700007047000080B5C4B097
:1000900002A801904FF48471F0F740F9019804210F
:1000A00003910021C4F22001029103210491022155
:1000B0000591102206920791089109910C210A914D
:1000C00000210B910C914FF400310D914FF4007110
:1000D00031913D91F8F7C8FD18B1FFE7F2F766FCE2
:1000E000FFE744B080BD000080B58EB002A801904B
:1000F0002C21F0F713F9019940F6F000C2F200004C
:10010000F4F750FB20B1FFE76FF005000D904BE0D6
:1001100040F61460C2F20000007830B9FFE707989B
:1001200018B9FFE700200D903EE040F61461C2F2DE
:1001300000010020087040F6F000C2F20000F5F760
:1001400051F850B1FFE740F61461C2F200010120FE
:1001500008706FF005000D9026E040F6F000C2F246
:100160000000F5F719F850B1FFE740F61461C2F24C
:100170000001012008706FF005000D9014E040F6BA
:10018000F000C2F2000004F04DF950B1FFE740F674
:100190001461C2F20001012008706FF005000D909B
:1001A00002E000200D90FFE70D980EB080BD00002A
:1001B00080B58AB0002004900990089007900690BE
:1001C0000590069002210091079108904FF400508D
:1001D000059040F60000C4F20220019005A90391A9
:1001E000F5F7D6F8009A019803990592F5F7D0F83B
:1001F0000399012005900020C4F202200290F5F737
:10020000C7F80298039904220592F5F7C1F80498FB
:100210000AB080BD80B584B0029000208DF8070040
:10022000029820B9FFE76FF00100039049E040F623
:100230000000C4F202204FF40051F5F71FFA012824
:1002400007D1FFE79DF8070040F001008DF8070097
:10025000FFE740F60000C4F202200221F5F70EFA93
:10026000012807D1FFE79DF8070040F002008DF854
:100270000700FFE70020C4F202200121F5F7FEF994
:10028000012807D1FFE79DF8070040F004008DF832
:100290000700FFE70020C4F202200421F5F7EEF981
:1002A000012807D1FFE79DF8070040F008008DF80E
:1002B0000700FFE79DF807000299087000200390EF
:1002C000FFE7039804B080BD80B584B0029040F68B
:1002D0000041C4F20241086820F080600860F5F730
:1002E000FBF90190FFE740F60040C4F202400068CD
:1002F00000F000610020B0EBD16F0CD0FFE7F5F704
:10030000EBF90199401A032804D3FFE703208DF885
:100310000F008BE0E7E7FFE740F62C41C4F2024113
:10032000086843F603729043029B1A685B6842EACE
:1003300003221043086002998868D1F80CC00B6949
:100340004A6901386FF35F204FF60061CFF6FF7105
:1003500001EB4C2189B208440021CFF6FF7101EB7B
:10036000034101F4FE0108444FF07F4101EB0261BB
:1003700001F0FE41084440F63C41C4F202410860ED
:10038000FFE740F62C41C4F202410091086820F0DA
:100390000C00029A926910430860086820F020005F
:1003A000029AD269104308600298426A08681043B2
:1003B0000860086820F01000086040F64042C4F26F
:1003C000024210684FF6F8739843029B1B6A40EA9A
:1003D000C3001060086840F01000086040F600415B
:1003E000C4F20241086840F080600860F5F774F9D3
:1003F0000190FFE740F60040C4F20240006800F0C0
:1004000000610020B0EBD16F0CD1FFE7F5F764F984
:100410000199401A032804D3FFE703208DF80F0049
:1004200004E0E7E700208DF80F00FFE79DF80F00DC
:1004300004B080BD80B584B0029040F60041C4F2A3
:100440000241086820F080500860F5F745F90190F6
:10045000FFE740F60040C4F20240006800F000519F
:100460000020B0EB517F0CD0FFE7F5F735F901998B
:10047000401A032804D3FFE703208DF80F008BE018
:10048000E7E7FFE740F63041C4F20241086843F66F
:1004900003729043029B1A685B6842EA032210438E
:1004A000086002998868D1F80CC00B694A69013864
:1004B0006FF35F204FF60061CFF6FF7101EB4C2127
:1004C00089B208440021CFF6FF7101EB034101F42A
:1004D000FE0108444FF07F4101EB026101F0FE4153
:1004E000084440F64441C4F202410860FFE740F688
:1004F0003041C4F202410091086820F00C00029AD9
:10050000926910430860086820F02000029AD269BE
:10051000104308600298426A08681043086008683F
:1005200020F01000086040F64842C4F20242106811
:100530004FF6F8739843029B1B6A40EAC3001060B1
:10054000086840F01000086040F60041C4F2024123
:10055000086840F080500860F5F7BEF80190FFE7AA
:1005600040F60040C4F20240006800F00051002054
:10057000B0EB517F0CD1FFE7F5F7AEF80199401AC7
:10058000032804D3FFE703208DF80F0004E0E7E71A
:1005900000208DF80F00FFE79DF80F0004B080BD2C
:1005A00080B588B007908DED060A8DF817109DF87C
:1005B000171040F24870C2F20000405C08B1FFE73B
:1005C00077E19DED060A9FEDBC1A20EE010A8DED44
:1005D000040A9DED040AB7EE001AB4EE410AF1EEEA
:1005E00010FA04DDFFE74FF07E500490FFE7002093
:1005F00003900290FFE7029802285BDCFFE79DF87A
:10060000171040F24C50C2F20000405C88B9FFE77E
:100610000798029A50F822009DF8171001EB410349
:1006200040F21451C2F2000101EB830141F82200B3
:10063000FFE79DED040A0798029A00EB820090ED17
:10064000002A9DF8170000EB400140F21450C2F25E
:10065000000000EB810101EB820191ED001A32EE06
:10066000412A20EE020A30EE010A81ED000A079AC3
:10067000029902EB810292ED000A9DF8172002EB2D
:10068000420200EB820000EB810090ED001A30EE98
:10069000410A8DED010A9DED010A9DED031A20EE40
:1006A000000A30EE010A8DED030AFFE702980130DF
:1006B0000290A0E79DF8172040F24C51C2F20001D1
:1006C000012088549DED030A05F0E8FB8DED000A3A
:1006D0009DED000AB6EE001AB4EE410AF1EE10FAF2
:1006E0002ADDFFE79DF8172040F24451C2F20001D5
:1006F000002041F822009DF8172040F24E51C2F22E
:10070000000121F812009DF8171001EB410240F2A0
:100710002C51C2F2000101EB820290609DF817207B
:1007200002EB420201EB820250609DF8172002EBBF
:10073000420241F8220014E09DED060A9DF81710D0
:1007400040F24450C2F2000000EB810090ED001A2C
:100750009FED5A2A20EE020A30EE010A80ED000ACF
:10076000FFE79DF8171040F24450C2F2000000EB82
:10077000810090ED000A9FED521AB4EE410AF1EEAD
:1007800010FAC0F29680FFE7079890ED001A9DF8E6
:10079000170000EB400140F22C50C2F2000000EBC9
:1007A000810191ED000A30EE010A81ED000A0799FE
:1007B00091ED011A9DF8171001EB410100EB810149
:1007C00091ED010A30EE010A81ED010A079991EDE0
:1007D000021A9DF8171001EB410100EB810090ED2A
:1007E000020A30EE010A80ED020A9DF8172040F25D
:1007F0004E50C2F2000030F81210013120F81210F1
:100800009DF8171030F81100642851DBFFE79DF8C0
:10081000170000EB400140F22C5CC2F2000C0CEB24
:10082000810292ED000A40F24E52C2F2000232F80A
:10083000100001EE100AB8EEC11A80EE010A40F273
:100840006C70C2F2000000EB810181ED000A9DF89E
:10085000173003EB43010CEB810E9EED010A32F8D9
:10086000133001EE103AB8EEC11A80EE010A00EB27
:10087000810181ED010A9DF8173003EB43010CEB78
:10088000810C9CED020A32F8132001EE102AB8EE1A
:10089000C11A80EE010A00EB810080ED020A9DF88A
:1008A000172040F24871C2F2000101208854FFE78E
:1008B000FFE708B080BD00BFDA0F494100007A446D
:1008C0000000484382B001900198006840690090A0
:1008D00001980168886940F0080088610198016802
:1008E000886940F01000886101980168086820F06C
:1008F0000100086001980168086940F26F32904376
:10090000086101980168886820F440408860019877
:1009100090F88900042815D0FFE79DF800008006B4
:1009200000280ED5FFE70199D1F88C0040F0800037
:10093000C1F88C0001980168886940F02000886146
:10094000FFE7FFE7019890F88900032815D0FFE73B
:100950009DF80000400600280ED5FFE70199D1F868
:100960008C0040F00400C1F88C000198016888698F
:1009700040F040008861FFE7FFE79DF80100800735
:1009800000280ED5FFE70199D1F88C0040F0010056
:10099000C1F88C0001980168886940F40070886192
:1009A000FFE79DF80100C00770B1FFE70199D1F89A
:1009B0008C0040F00800C1F88C000198016888693B
:1009C00040F480708861FFE701990020A1F86A0077
:1009D0000199A1F8720002B07047000083B0029044
:1009E0000298C16B012000EB511001900298C06881
:1009F0000130009000980730C008009000980199DD
:100A000000FB01F003B0704780B586B0DDF820C070
:100A1000049003918DF80B200193FFE70498006880
:100A2000406903990840401AB0FA80F040099DF8E7
:100A30000B10884214D1FFE7F4F74EFE0899401AD4
:100A40000199884204D3FFE70198013018B9FFE704
:100A5000019820B9FFE703208DF8170004E0DDE7D7
:100A600000208DF81700FFE79DF8170006B080BD45
:100A70007047000010B588B0DDF828C006900591D9
:100A8000ADF812208DF81130069848B1FFE7BDF897
:100A9000120028B1FFE79DF81100202804D3FFE7DA
:100AA00000208DF81F0030E004F07CF903900398DB
:100AB00020B9FFE700208DF81F0026E00398069973
:100AC000059ABDF812309DF811C0EE460224CEF80A
:100AD0000440CEF800C004F097F9039804F0F8F849
:100AE000012807D0FFE70399002081F821008DF845
:100AF0001F000AE00A9820B1FFE703980A990860EE
:100B0000FFE701208DF81F00FFE79DF81F0008B0E8
:100B100010BD000080B584B000F0AAF840F280401B
:100B2000C2F20000694608604EF6F900C0F6000007
:100B300046F21931C0F601010A220323FFF79AFF9A
:100B400040F25250C2F20000007898B1FFE740F244
:100B50007C40C2F20000694608604EF27170C0F637
:100B6000000046F21031C0F601010A220323FFF70C
:100B700081FFFFE740F28440C2F20000694608604E
:100B80004EF6AD50C0F6000046F22B31C0F6010122
:100B90000A2203920423FFF76DFF40F23440C2F2B1
:100BA0000000694608604FF2F120C0F6000046F2EE
:100BB0004731C0F60101012201920523FFF75AFFD8
:100BC000019A40F25040C2F200006946086040F2CB
:100BD000E140C0F6000046F22531C0F601011523C0
:100BE0000293FFF747FF019A029B40F2C450C2F202
:100BF00000006946086040F6A500C0F6000046F215
:100C00003531C0F60101FFF735FF029B40F20C5071
:100C1000C2F200006946086040F28D60C0F6000034
:100C200046F22131C0F601014FF47A72FFF722FF3C
:100C3000039A40F21050C2F200006946086040F288
:100C4000D970C0F6000046F25131C0F601011623FA
:100C5000FFF710FF012808D0FFE740F68861C2F2D5
:100C60000001886A01308862FFE704B080BD00009F
:100C700080B582B040F66861C2F2000100200860D1
:100C80008DF80700FFE79DF80700132826D8FFE737
:100C90009DF8070000EB400140F6F860C2F200004A
:100CA000009000EB01103021EFF738FB00999DF820
:100CB000070000EB400001EB0012002082F8210049
:100CC0009DF8072002EB420201EB02114862FFE7A8
:100CD0009DF8070001308DF80700D4E702B080BD11
:100CE00080B586B040F66860C2F2000000680590EA
:100CF000F1F794FF0490FFE70598002845D0FFE73F
:100D0000049805998969401A039003980599898A7E
:100D1000884236D3FFE7049805990022CA618861AA
:100D20000598006860B3FFE74EF21800CEF20000AD
:100D300000900068029005980168808A88470098B2
:100D40000068019001980299884208D3FFE7029851
:100D50004DF29001C0F2030108440290FFE70298AF
:100D60000199401A00EE100AB8EE400A9FED081AE9
:100D700020EE010A0598BCEEC00A80ED0A0AFFE7E2
:100D8000FFE70598406A0590B6E706B080BD00BF52
:100D90006F12833B80B5F4F7CFFC80BD80B58CB07B
:100DA000FF208DF82A0000200990EFF78FFC58B142
:100DB000FFE740F68861C2F20001486A01304862EC
:100DC0004FF0FF300B9028E140F25441C2F2000195
:100DD000049100200390C1F80300086001210691EE
:100DE0000722059204F05AF8039B049A0599844659
:100DF0000698C2F800C0137150719171F1F722FD8D
:100E000040B1FFE740F68861C2F20001C86A0130D4
:100E1000C862FFE70120F1F707FD40B1FFE740F6A8
:100E20008861C2F20001C86A0130C862FFE7012090
:100E3000F1F716FD40B1FFE740F68861C2F200010C
:100E4000C86A0130C862FFE76420F3F751FA002056
:100E50008DF81F00FDF76CFCFEF73EF88DF81F00C3
:100E60009DF91F0068B9FFE740F25251C2F200013C
:100E70000020087040F6E061C2F200010120087015
:100E800019E09DF91F0001280CD1FFE740F25251F3
:100E9000C2F200010120087040F6E061C2F20001D8
:100EA000087007E040F68861C2F2000188680130EE
:100EB0008860FFE7FFE7FEF75BFB40B1FFE740F626
:100EC0008861C2F20001C8680130C86006E040F6DF
:100ED000E061C2F2000101204870FFE740F6000027
:100EE000C4F20220202101220292F4F7DFFB029AD1
:100EF00040F20040C4F202201146F4F7D7FB01F0A3
:100F000053FA40B1FFE740F68861C2F20001086978
:100F10000130086106E040F6E061C2F20001012004
:100F20008870FFE7EFF7AEFA40B1FFE740F688615F
:100F3000C2F20001486801304860FFE7EFF742FC69
:100F400058B1FFE740F68861C2F20001486A0130FB
:100F500048624FF0FF300B905FE0FFF7DBFD40F69B
:100F6000B830F3F7C5F940F6F830C2F20000FCF7EC
:100F700079FA6420EFF758FA40B1FFE740F688614C
:100F8000C2F20001886C01308864FFE7F4F7A4FB2B
:100F90000890FFE740F6E060C2F2000041790020CF
:100FA000019059B9FFE7F4F797FB0899411A00201F
:100FB000B1F57A7F38BF01200190FFE70198C007A3
:100FC00020B1FFE70120F3F793F9E3E740F6E06093
:100FD000C2F200004079B8B1FFE70220F3F788F9C8
:100FE00000F0E2FF40F26850C2F200000078EFF734
:100FF00033FC40B1FFE740F68861C2F20001486B64
:1010000001304863FFE7FFE740F6E061C2F200010C
:101010000120887100200B90FFE70B980CB080BD79
:1010200080B59CB008A85021EFF778F90020079010
:1010300006900590049003900290FFE740F61000A0
:10104000C4F20240016841F030010160006800F024
:10105000300001900198FFE7FFE740F61400C4F26A
:101060000240006800F00800082801D0FFE7F4E71C
:10107000012008904FF48030099002201290032143
:10108000139114902821159116900421179118900E
:101090000C20199000201A901B9008A8F9F762FE06
:1010A00018B1FFE7F1F782FCFFE71F200290032051
:1010B00003900020049005900690079002A8052157
:1010C000F9F74AFA18B1FFE7F1F770FCFFE742F2CF
:1010D0000001C4F202010868022262F305100860F0
:1010E0001CB080BD82B04EF68851CEF20001086877
:1010F00040F47000086040F60042C4F20242012051
:10110000106040F61C41C4F20241002000900860CB
:1011100040F62041C4F20241086011684EF6E32314
:10112000CEF6E2231940116040F62841C4F2024194
:10113000086040F62C41C4F20241086040F630419C
:10114000C4F20241086040F63443C4F2024340F264
:101150008021C0F20111196040F63843C4F2024305
:10116000186040F63C43C4F20243196040F6404325
:10117000C4F20243186040F64443C4F202431960CB
:1011800040F64841C4F202410860116821F4802110
:10119000116040F65041C4F2024108604EF6085119
:1011A000CEF200014FF00060086042F21800C4F275
:1011B0000200006800F0604001900198B0F1604FBB
:1011C00005D0FFE70198B0F1404F24D1FFE742F28C
:1011D0001C00C4F202000068C00778B1FFE742F2C9
:1011E0000C01C4F2020142F63B20C0F6190008606F
:1011F00046F67F60C4F65D400860FFE742F21C01DE
:10120000C4F20201086840F002000860086840F07B
:1012100001000860FFE702B07047000080B540F6AB
:10122000F830C2F20000FCF7EBF980BD83B0029009
:101230000191029800680090029842F60041C4F2C1
:101240000101884252D0FFE7029842F60041C5F200
:10125000010188424AD0FFE70298B0F1804F45D0A3
:10126000FFE70298B0F1A04F40D0FFE7029840F2AC
:101270000041C4F20001884238D0FFE7029840F2F2
:101280000041C5F20001884230D0FFE7029840F6E5
:101290000001C4F20001884228D0FFE7029840F61E
:1012A0000001C5F20001884220D0FFE7029840F615
:1012B0000041C4F20001884218D0FFE7029840F6CE
:1012C0000041C5F20001884210D0FFE7029843F2C6
:1012D0000041C4F20101884208D0FFE7029843F2BE
:1012E0000041C5F2010188420AD1FFE7009820F0D1
:1012F0007000009001984168009808430090FFE753
:10130000029842F60041C4F20101884200F0BA801E
:10131000FFE7029842F60041C5F20101884200F061
:10132000B180FFE70298B0F1804F00F0AB80FFE79B
:101330000298B0F1A04F00F0A580FFE7029840F2BC
:101340000041C4F20001884200F09C80FFE702984F
:1013500040F20041C5F20001884200F09380FFE7AF
:10136000029840F60001C4F20001884200F08A8031
:10137000FFE7029840F60001C5F20001884200F044
:101380008180FFE7029840F60041C4F200018842E4
:1013900078D0FFE7029840F60041C5F2000188428C
:1013A00070D0FFE7029843F20041C4F20101884285
:1013B00068D0FFE7029843F20041C5F2010188427C
:1013C00060D0FFE7029841F60001C4F200018842B4
:1013D00058D0FFE7029841F60001C5F200018842AB
:1013E00050D0FFE7029841F60041C4F20001884264
:1013F00048D0FFE7029841F60041C5F2000188425B
:1014000040D0FFE7029842F20001C4F20001884296
:1014100038D0FFE7029842F20001C5F2000188428D
:1014200030D0FFE7029844F20001C4F20101884283
:1014300028D0FFE7029844F20001C5F2010188427A
:1014400020D0FFE7029844F20041C4F20101884233
:1014500018D0FFE7029844F20041C5F2010188422A
:1014600010D0FFE7029844F60001C4F2010188425F
:1014700008D0FFE7029844F60001C5F20101884256
:101480000AD1FFE7009820F4407000900198C168ED
:10149000009808430090FFE7009820F08000019931
:1014A0004969084300900098029908600198806893
:1014B0000299C8620198006802998862029842F60F
:1014C0000041C4F20101884248D0FFE7029842F689
:1014D0000041C5F20101884240D0FFE7029843F283
:1014E0000041C4F20101884238D0FFE7029843F27C
:1014F0000041C5F20101884230D0FFE7029844F272
:101500000001C4F20101884228D0FFE7029844F2AA
:101510000001C5F20101884220D0FFE7029844F2A1
:101520000041C4F20101884218D0FFE7029844F25A
:101530000041C5F20101884210D0FFE7029844F64D
:101540000001C4F20101884208D0FFE7029844F686
:101550000001C5F20101884205D1FFE70198006949
:1015600002990863FFE70299012048610298006927
:10157000C00730B1FFE70299086920F00100086157
:10158000FFE703B07047000082B001900198406E01
:1015900040B9FFE701990120A1F86A000199A1F87B
:1015A000680034E008208DF803008DF802000198EF
:1015B00000688068C0F342608DF8010001980068FF
:1015C0008068400F8DF800009DF802009DF8002013
:1015D00046F2D823C0F60103995C00FB01F046F205
:1015E000D021C0F601018A5CB0FBF2F0019AA2F8AA
:1015F0006A009DF803009DF801209B5C00FB03F04E
:10160000895CB0FBF1F00199A1F86800FFE702B036
:101610007047000081B00090009890F82800000703
:1016200000280BD5FFE700980068406820F40040D0
:10163000009A1168926B10434860FFE7009890F899
:101640002800C00758B1FFE700980068406820F400
:101650000030009A1168D26A10434860FFE7009892
:1016600090F82800800700280BD5FFE70098006855
:10167000406820F48030009A1168126B1043486073
:10168000FFE7009890F82800400700280BD5FFE7F7
:1016900000980068406820F48020009A1168526B1E
:1016A00010434860FFE7009890F82800C006002823
:1016B0000BD5FFE700980068806820F48050009AFE
:1016C0001168D26B10438860FFE7009890F82800FB
:1016D000800600280BD5FFE700980068806820F49A
:1016E0000050009A1168126C10438860FFE7009860
:1016F00090F82800400600281CD5FFE700980068F5
:10170000406820F48010009A1168526C10434860C1
:101710000098406CB0F5801F0BD1FFE7009800687F
:10172000406820F4C000009A1168926C1043486031
:10173000FFE7FFE7009890F82800000600280BD587
:10174000FFE700980068406820F40020009A1168C4
:10175000D26C10434860FFE701B0704780B588B095
:10176000069006990020C1F89000F3F7B5FF0590A8
:10177000069800680068000700282FD5FFE7069844
:10178000059B6A466FF07E4111604FF40011002204
:1017900000F016FB08B3FFE7FFE7FFE706980068D5
:1017A00050E8000F20F080000490FFE704990698AD
:1017B000026842E800100028F0D1FFE7FFE7069931
:1017C0002020C1F88800FFE70699002081F88400F6
:1017D000FFE703208DF81F005FE0FFE70698006831
:1017E00000684007002842D5FFE70698059B6A4637
:1017F0006FF07E4111604FF48001002200F0E0FAAA
:10180000A0B3FFE7FFE7FFE70698006850E8000F86
:1018100020F490700390FFE703990698026842E86D
:1018200000100028F0D1FFE7FFE7FFE7FFE7069889
:10183000006850E8020F20F001000290FFE70299D3
:101840000698026842E802100028F0D1FFE7FFE79F
:1018500006992020C1F88C00FFE70699002081F846
:101860008400FFE703208DF81F0016E0FFE70699CC
:101870002020C1F888000699C1F88C000699002044
:10188000C86606990867FFE70699002081F884007A
:10189000FFE700208DF81F00FFE79DF81F0008B04C
:1018A00080BD000080B582B001900198C06D0090AD
:1018B00000990020A1F85E000098FCF721F902B021
:1018C00080BD000084B00390FFE7FFE70398006845
:1018D00050E8000F20F490700290FFE702990398FF
:1018E000026842E800100028F0D1FFE7FFE7FFE7B9
:1018F000FFE70398006850E8020F4FF6FE71CEF63E
:10190000FF7108400190FFE701990398026842E8DF
:1019100002100028EDD1FFE7FFE70398C06E012811
:1019200014D1FFE7FFE7FFE70398006850E8000FD6
:1019300020F010000090FFE700990398026842E849
:1019400000100028F0D1FFE7FFE7FFE70399202010
:10195000C1F88C0003990020C8660399486704B059
:101960007047000080B582B00190FFE7FFE7019863
:10197000006850E8000F20F040000090FFE7009959
:101980000198026842E800100028F0D1FFE7FFE765
:1019900001992020C1F888000199002088670198EA
:1019A000FCF738FD02B080BD80B58AB009900020F8
:1019B0008DF813000998006842F20041C4F200411A
:1019C000884209D0FFE70998006842F20041C5F259
:1019D0000041884201D1FFE700E0FFE709998868EC
:1019E0000B694A69C969184310430843089009986C
:1019F0000068006846F6F311CCF6FF7108400899BC
:101A0000084309990968086009980068406820F44B
:101A10004050099A1168D26810434860099880695B
:101A200008900998006842F20041C4F200418842DF
:101A30000FD0FFE70998006842F20041C5F200416B
:101A4000884206D0FFE70998016A08980843089081
:101A5000FFE70998006880684FF2FF41C1F2FF116B
:101A6000084008990843099909688860099800683E
:101A7000C06A20F00F00099A1168526A1043C862C8
:101A8000FFE70998006843F60001C4F201018842AB
:101A900003D1FFE701200690A3E00998006844F213
:101AA0000041C4F20001884203D1FFE70220069002
:101AB00096E00998006844F60001C4F200018842EB
:101AC00003D1FFE70420069089E00998006844F6F6
:101AD0000041C4F20001884203D1FFE708200690CC
:101AE0007CE00998006845F20001C4F200018842D8
:101AF00003D1FFE7102006906FE00998006846F2D6
:101B00000041C4F20001884203D1FFE72020069083
:101B100062E00998006847F60001C4F200018842BB
:101B200003D1FFE74020069055E00998006847F68A
:101B30000041C4F20001884203D1FFE780200690F3
:101B400048E00998006848F20001C4F200018842A8
:101B500004D1FFE74FF4807006903AE009980068DE
:101B600046F60001C4F20001884204D1FFE74FF4B9
:101B7000007006902CE00998006846F60041C4F217
:101B80000001884204D1FFE74FF4806006901EE018
:101B90000998006848F20041C4F20001884204D16B
:101BA000FFE74FF40060069010E00998006842F2E9
:101BB0000041C4F20041884204D1FFE74FF4805055
:101BC000069002E000200690FFE7FFE7FFE7FFE74F
:101BD000FFE7FFE7FFE7FFE7FFE7FFE7FFE7FFE7D5
:101BE000FFE7FFE70998006842F20041C4F20041B4
:101BF000884209D0FFE70998006842F20041C5F227
:101C0000004188425CD1FFE706980021F4F7B0FB61
:101C100002900298002852D0FFE7029809994A6A78
:101C200046F2E021C0F6010131F81210B0FBF1F0EC
:101C3000039003980999496801EB4101884207D351
:101C4000FFE7039809994968B0EB013F04D9FFE722
:101C500001208DF8130031E0029809994A6800923A
:101C60004A6A46F2E021C0F6010131F81220002351
:101C700001931946EEF708FB009A019B090241EA1D
:101C80001061000210EB520041F10001EEF7FCFA86
:101C900005900598B0F5407F0BD3FFE7059900202C
:101CA000B0EB115F05D1FFE7059809990968C86095
:101CB00003E001208DF81300FFE7FFE7FFE76FE087
:101CC0000998C069B0F5004F3CD1FFE706980021A4
:101CD000F4F74EFB0290029898B3FFE70298099A36
:101CE0005168536A46F2E022C0F6010232F813202E
:101CF000B0FBF2F0400000EB5100B0FBF1F00590BA
:101D00000598102818D3FFE7BDF81600A0B9FFE723
:101D1000059820F00F00ADF81E00059800F00E01A8
:101D2000BDF81E0040EA5100ADF81E00BDF81E00CF
:101D300009990968C86003E001208DF81300FFE7E6
:101D4000FFE72CE006980021F4F712FB02900298BE
:101D500020B3FFE70298099A5168536A46F2E022DD
:101D6000C0F6010232F81320B0FBF2F000EB510094
:101D7000B0FBF1F00590059810280AD3FFE7BDF8F5
:101D8000160030B9FFE7BDF8140009990968C8606A
:101D900003E001208DF81300FFE7FFE7FFE7FFE70F
:101DA00009990120A1F86A000999A1F86800099928
:101DB00000204867099988679DF813000AB080BD24
:101DC00080B586B0DDF820C0049003918DF80B201B
:101DD0000193FFE704980068C06903990840401A1E
:101DE000B0FA80F040099DF80B10884266D1FFE7F9
:101DF00008980130002860D0FFE7F3F76DFC0199E7
:101E0000401A0899884203D8FFE7089820B9FFE7ED
:101E100003208DF8170055E004980068006840071B
:101E2000002849D5FFE70398802845D0FFE70398AD
:101E3000402841D0FFE704980068C06900F008011D
:101E40000120B0EBD10F16D1FFE7049801680820FC
:101E5000009008620498FFF735FD00980499C1F8D6
:101E60009000FFE70499002081F88400FFE701203B
:101E70008DF8170026E004980068C06900F400613E
:101E80000120B0EBD12F16D1FFE7049801684FF481
:101E9000006008620498FFF715FD04992020C1F83E
:101EA0009000FFE70499002081F88400FFE70320F9
:101EB0008DF8170006E0FFE7FFE78BE700208DF8BD
:101EC0001700FFE79DF8170006B080BD80B540F60B
:101ED0004440C2F20000FBF717FE80BD84B08DEDD8
:101EE000030A029001919DED030A029890ED001AF9
:101EF00030EE410A8DED000A9DED001A029890ED3A
:101F0000002A9FED160A21EE001A31EE021A80ED2A
:101F1000001A019890ED001A9DED002A22EE000AA9
:101F200020EE020A30EE010A9FED0D1A20EE010AA2
:101F300080ED000A019890ED000A9FED0A1AB4EEB8
:101F4000410AF1EE10FA07DAFFE7019941F26F203A
:101F5000C3F683200860FFE704B07047CDCC4C3D4A
:101F60003333733F6F12833AFFE7FEE740F660605A
:101F7000C2F20000006840F25851C2F2000108604D
:101F800040F23C60C2F200000068486040F6E86041
:101F9000C2F200000068886040F2D160C2F2000026
:101FA000007808737047000040F24060C2F2000001
:101FB000007C40F26851C2F20001087070470000D6
:101FC00080B584B040F2C850C2F20000EFF786F846
:101FD000CDED031A8DED021ACDED010A8DED000A4B
:101FE00040F2C840C2F20000C26840F22001C2F2D2
:101FF00000010A6002694A6042698A600268CA6038
:1020000042680A618068486140F23C70C2F2000098
:1020100002688A614268CA61806808620098486202
:10202000019888620298C8620398086304B080BD72
:1020300080B582B040F20C50C2F20000006858B97E
:10204000FFE740F68861C2F20001086D01300865C3
:102050006FF0060001901FE00220EEF7DDFA00901D
:102060000098B0F1FF3F0ADCFFE740F68861C2F25A
:102070000001086D01300865009801900CE0F0F750
:10208000CDFD014640F20C50C2F200000268002073
:10209000D06191610190FFE7019802B080BD00001E
:1020A00080B584B0ADF80A00BDF80A0058B9FFE762
:1020B00040F68861C2F20001086D013008656FF0DA
:1020C0000100039024E040F20C50C2F200000068CE
:1020D00058B9FFE740F68861C2F20001086D01308F
:1020E00008656FF00600039012E0BDF80A0040F2A8
:1020F0000C51C2F20001019109688882F0F78EFD4F
:102100000146019802680020D06191610390FFE7C9
:10211000039804B080BD000080B582B00020EEF7C7
:102120007BFA01900198B0F1FF3F08DCFFE740F631
:102130008861C2F20001086D01300865FFE701986F
:1021400002B080BD80B582B00120EEF765FA019043
:102150000198B0F1FF3F08DCFFE740F68861C2F26A
:102160000001086D01300865FFE7019802B080BDED
:1021700080B584B040F27060C2F20000008840F286
:102180006C51C2F200010391088000F0C5FC039974
:10219000887040F6E060C2F20000C07850B1FFE7FE
:1021A00000F096FC00F078F840F26C51C2F20001A9
:1021B000C870FFE700F02EFC00F096F840F26C517A
:1021C000C2F200010291087140F27060C2F2000098
:1021D0000190D0F805208A60D0F80920CA60D0F8B4
:1021E0000D200A61D0F811204A61D0F815208A61CB
:1021F000D0F81920CA61D0F81D200A62D0F8212039
:102200004A62D0F82500886240F2A060C2F2000065
:102210000088888500F092FC029981F82E0040F633
:10222000E060C2F20000007958B1FFE700F062FC04
:1022300000F032F840F26C51C2F2000181F82F0038
:10224000FFE700F035FC00F04FF840F26C51C2F2AD
:10225000000181F8300040F2A060C2F20000D0F826
:1022600005204A63D0F809208A63D0F80D20CA639C
:10227000D0F811200A64D0F815204A64D0F819204B
:102280008A64D0F81D20CA64D0F821200A65D0F8ED
:102290002500486504B080BD82B08DF806009DF829
:1022A000060001460091052815D80099DFE801F0E5
:1022B000031307130B0F02208DF807000FE0032014
:1022C0008DF807000BE004208DF8070007E00120DF
:1022D0008DF8070003E000208DF80700FFE79DF868
:1022E000070002B07047000082B0ADF80400BDF8EE
:1022F00004000146009119280CD0FFE7009832280D
:102300000CD0FFE700984B280CD0FFE7009864281A
:102310000CD00FE001208DF807000FE002208DF8AF
:1023200007000BE003208DF8070007E004208DF87C
:10233000070003E000208DF80700FFE79DF8070085
:1023400002B0704780B582B0FFF7FCFE4FF4FA6030
:102350000190F1F7CDFFFFF7DFFE0198F1F7C8FF1D
:102360004FF4FA70FFF79CFEFFF762FEFFE7FEE70F
:1023700080B582B002F082FE20B1FFE74FF0FF305F
:1023800001900EE0A020002102F0C0FE20B1FFE786
:102390004FF0FF30019004E0002002F033FE019086
:1023A000FFE7019802B080BD80B584B0FF208DF8B2
:1023B0000B0040F28830C2F20000D0F814C0694629
:1023C00000230B600DF10B010122E04720B1FFE774
:1023D0004FF0FF30039036E040F28830C2F2000048
:1023E000816A0120884702A800F030F820B1FFE799
:1023F0004FF0FF30039026E0BDF8090040BA01908D
:102400009DF80800EF2806D1FFE701984AF6216100
:10241000884204D0FFE74FF0FF30039013E0002024
:1024200002F0F0FD20B1FFE74FF0FF3003900AE02B
:10243000FFF79EFF20B1FFE74FF0FF30039002E06F
:1024400000200390FFE7039804B080BD80B584B0FE
:1024500002909F20ADF80600029820B9FFE74FF0E8
:10246000FF30039016E040F28830C2F20000D0F84E
:1024700018C0029B6A46032111600DF10601022279
:10248000E04720B1FFE74FF0FF30039002E000206B
:102490000390FFE7039804B080BD000081B0ADF861
:1024A0000200BDF9020000280ED4FFE7BDF90210BA
:1024B00001F01F02012090404A094EF20011CEF2B5
:1024C000000141F82200FFE701B070474EF60C50C2
:1024D000CEF200000068C0F30220704782B0ADF871
:1024E00006000091BDF9060000280AD4FFE7009815
:1024F0000001BDF906104EF20042CEF200028854EF
:102500000BE000980001BDF8061001F00F014EF637
:102510001452CEF200028854FFE702B07047000068
:1025200083B00290029800F0070000904EF60C5124
:10253000CEF200010868019001984FF6FF021040AA
:1025400001900198009A40EA02200022C0F2FA525B
:10255000104301900198086003B0704782B08DED80
:10256000010A40F66C60C2F2000000900098407EC4
:10257000042813D8FFE7019800990A7E41F8220049
:102580009DED011A009890ED050A30EE010A80EDEC
:10259000050A0099487E013048761AE00098017ECD
:1025A00000EB810191ED001A90ED050A30EE410A31
:1025B00080ED050A019800990A7E41F822009DED00
:1025C000011A009890ED050A30EE010A80ED050A27
:1025D000FFE70099087E013008760098007E052804
:1025E00004D3FFE7009900200876FFE7009890EDFC
:1025F000050A407E01EE100AB8EE411A80EE010A8B
:1026000002B0704780B584B08DF80B008DF80A10C9
:1026100001929DF80B0048B1FFE79DF80B000128DF
:1026200004D0FFE76FF00100039037E09DF80B0046
:10263000012100F053FB9DF80B009DF80A1000F0FB
:1026400031F848B1FFE79DF80B00002100F046FB90
:102650004FF0FF30039021E0F3F73EF80090FFE7E2
:102660009DF80B0000F0E6F9012814D1FFE7F3F71D
:1026700033F80099401A0199884204D3FFE7019882
:10268000013018B9FFE7019820B9FFE76FF00200A9
:10269000039003E0E4E700200390FFE7039804B011
:1026A00080BD000080B582B08DF803008DF8021067
:1026B0009DF8030028B9FFE74FF44470ADF800001F
:1026C0000EE09DF80300012805D1FFE740F211302C
:1026D000ADF8000003E06FF0010001900CE0FFE7AF
:1026E000BDF800009DF8022040F21471C2F2000112
:1026F000EDF7D0FE0190FFE7019802B080BD000029
:1027000040F24C71C2F200010020086040F25071AA
:10271000C2F20001086040F26E01C2F20001012025
:10272000087040F26F01C2F20001087070470000AB
:1027300080B58AB00020089007900690F0F7CAF89C
:1027400058B1FFE740F68861C2F20001C86A013063
:10275000C8624FF0FF30099077E001200090F3F756
:10276000E3F802200190F3F7DFF808200290F3F776
:10277000DBF820200390F3F7D7F80098019940F692
:102780004003C4F202431A6842F0FF021A6040F6A6
:102790000003C4F202431A6842F080021A60002269
:1027A000059207920891069006A80490F3F7CCF8DA
:1027B000019904980691F3F7C7F8029904980691D5
:1027C000F3F7C2F8039904980691F3F7BDF805985A
:1027D000F0F746F840B1FFE740F68861C2F2000129
:1027E000C86A0130C862FFE70020F0F72BF840B15B
:1027F000FFE740F68861C2F20001C86A0130C86292
:10280000FFE70020F0F710F840B1FFE740F68861DD
:10281000C2F20001C86A0130C862FFE740F6400119
:10282000C4F20241086840F0FF00086072B6F3F796
:1028300015F962B640F68861C2F20001086B0130FA
:1028400008634FF0FF300990FFE709980AB080BD98
:1028500080B502F03BFB08B9FFE734E040F263705B
:10286000C2F20000007840F26471C2F200010978FF
:10287000884228D0FFE740F26370C2F2000001787E
:1028800040F25470C2F20000415C002002F034FBC0
:1028900040B1FFE740F68861C2F20001486B0130A9
:1028A000486310E040F26371C2F200010878013021
:1028B00041F21212C1F21112A0FB0232C2EB02125B
:1028C000801A0870FFE780BD82B0019000910198E6
:1028D00040B1FFE7009828B1FFE700980078019920
:1028E0000870FFE702B0704783B001900198009034
:1028F0000F284AD80099DFE801F0080C1014181CC2
:102900002024282C3034383C404400208DF80B0023
:102910003FE001208DF80B003BE002208DF80B001A
:1029200037E003208DF80B0033E004208DF80B0016
:102930002FE005208DF80B002BE006208DF80B0012
:1029400027E007208DF80B0023E008208DF80B000E
:102950001FE00C208DF80B001BE010208DF80B0001
:1029600017E014208DF80B0013E018208DF80B00F1
:102970000FE020208DF80B000BE030208DF80B00CD
:1029800007E040208DF80B0003E000208DF80B00DD
:10299000FFE79DF80B0003B07047000080B582B0E0
:1029A0000090009820B9FFE76FF00100019014E05B
:1029B00040F6E060C2F20000407918B9FFE7052058
:1029C00001900AE0009840F67051C2F200013022F6
:1029D000EDF78BFC00200190FFE7019802B080BD6D
:1029E00080B582B00090009820B9FFE76FF0010039
:1029F00001900BE0009840F67051C2F200013031B6
:102A00003022EDF772FC00200190FFE7019802B040
:102A100080BD000080B58CB040F67050C2F200005E
:102A200000F1300168463022EDF75FFCBDF803008D
:102A30000CB080BD82B08DF803009DF8030040B952
:102A4000FFE740F67050C2F2000090F8A20001903B
:102A500011E09DF80300012808D1FFE740F670500F
:102A6000C2F2000090F8A300019004E0FFE76FF0CD
:102A700001000190FFE7019802B0704780B582B075
:102A80000090009820B9FFE76FF0010001900BE083
:102A9000009840F67051C2F2000160313022EDF72B
:102AA00024FC00200190FFE7019802B080BD0000E7
:102AB00080B58CB040F67050C2F2000000F16001A9
:102AC00068463022EDF711FCBDF803000CB080BD64
:102AD00080B58CB040F67050C2F2000000F13001B9
:102AE00068463022EDF701FC9DF8020000F00F006F
:102AF0000CB080BD80B58CB040F67050C2F20000C2
:102B000000F1600168463022EDF7EFFB9DF802000E
:102B100000F00F000CB080BD80B58CB040F6705056
:102B2000C2F2000000F1300168463022EDF7DDFB13
:102B30009DF8020000090CB080BD000080B58CB08B
:102B400040F67050C2F2000000F160016846302289
:102B5000EDF7CBFB9DF8020000090CB080BD000032
:102B600080B582B040F27C00C2F20000006820B95B
:102B7000FFE74FF0FF30019007E040F27C00C2F227
:102B80000000016888470190FFE7019802B080BD0E
:102B900080B582B040F27C00C2F20000406820B9EB
:102BA000FFE74FF0FF30019007E040F27C00C2F2F7
:102BB0000000416888470190FFE7019802B080BD9E
:102BC00083B08DF807009DF807000146009140286A
:102BD00000F254800099DFE801F02124272A2D30EB
:102BE0003336395151513C5151513F51515142515C
:102BF00051514551515151515151485151515151DA
:102C0000515151515151515151514B5151515151BA
:102C1000515151515151515151514E00002002908A
:102C200030E0012002902DE0022002902AE00320F3
:102C3000029027E00420029024E00520029021E089
:102C4000062002901EE0072002901BE00820029060
:102C500018E00920029015E00A20029012E00B20F3
:102C600002900FE00C2002900CE00D20029009E091
:102C70000E20029006E00F20029003E04FF0FF309C
:102C80000290FFE7029803B07047000080B5FDF79F
:102C90002BFA80BD80B584B0ADF80A0001918DF8A3
:102CA000032040F27C00C2F20000C06820B9FFE7B8
:102CB0004FF0FF3003900DE040F27C00C2F20000C4
:102CC000D0F80CC0BDF80A10019A9DF80330E04717
:102CD0000390FFE7039804B080BD000081B08DF839
:102CE00003008DF802109DF8030048B9FFE79DF836
:102CF000020040F67051C2F2000181F8A200FFE725
:102D00009DF80300012809D1FFE79DF8020040F675
:102D10007051C2F2000181F8A300FFE701B07047D3
:102D200080B586B004900391049827210DF1090223
:102D3000012300F0BFFC0190019848B9FFE7049817
:102D400024210DF10A02012300F0B4FC0190FFE7F9
:102D5000019848B9FFE7049826210DF10B020123E1
:102D600000F0A8FC0190FFE7019818B1FFE7019877
:102D7000059055E09DF8090000F0010203990878DC
:102D800000F0FE00104408709DF8092003990878AF
:102D900002F0020200F0FD00104408709DF80A00E5
:102DA00000F001020399087800F0FB0040EA82007D
:102DB00008709DF80A200399087802F0020200F0DA
:102DC000F70040EA820008709DF80A20039908780D
:102DD00002F0040200F0EF0040EA820008709DF863
:102DE0000B200399087802F0200200F0DF00104465
:102DF00008709DF80B200399087802F0400200F05B
:102E0000BF00104408709DF80B200399087802F069
:102E1000800200F07F001044087001980590FFE7E1
:102E2000059806B080BD000080B584B00390029183
:102E300003980E210DF10602012300F03BFC0090E7
:102E4000009868BBFFE70298007800F002019DF847
:102E5000060000F0BF0040EA41108DF8060002981D
:102E600001789DF8060001F0040100F07F0040EABF
:102E700041108DF806000298007800F001019DF8DD
:102E8000060000F0DF0040EA41108DF806000398CC
:102E90000E210DF10602012300F0BCFC0090FFE7BB
:102EA000009848B9FFE7039819210DF107020123A3
:102EB00000F000FC0090FFE7009800BBFFE70298DD
:102EC000407800F001019DF8070000F0DF0040EAC3
:102ED00041108DF807000298807800F003019DF8FA
:102EE000070000F0FC0008448DF807000398192142
:102EF0000DF10702012300F08DFC0090FFE7009820
:102F000004B080BD80B586B0049003910498282158
:102F10000DF10702052300F0CDFB0090009818B1D9
:102F2000FFE70098059032E09DF80900039948609A
:102F300003994A689DF8080040EA02204860039916
:102F40004A689DF8070040EA0220486003994868F3
:102F5000000248600398406800F02EF8039880ED66
:102F6000000A9DF80B000399888103998A899DF8CE
:102F70000A0040EA022088810398B0F90C0000F0B2
:102F800009F8039880ED020A00980590FFE705987C
:102F900006B080BD81B0ADF80200BDF9020000EEC0
:102FA000100AB8EEC00A9FED031A80EE010A01B0C4
:102FB000704700BF0000C84281B000909DED000A3C
:102FC000B8EEC00A9FED021A20EE010A01B0704768
:102FD0000000803580B584B00390029103980F21E2
:102FE0000DF10702012300F065FB00909DF807003A
:102FF00002990870009804B080BD000080B588B0C8
:1030000007908DF81B1000208DF8140007981121EF
:103010000DF11502022300F04DFB049004980028E6
:1030200040F0D080FFE70DF11A000DF1150102917B
:10303000FFF74AFC0298411C0DF11900FFF744FC10
:103040009DF81B0001460391002800F08A80FFE7ED
:103050000398012804D0FFE70398022842D0A1E09A
:103060009DF81A0040F080008DF81A000798112191
:103070000DF11A02012300F0CDFB0490049808B171
:10308000FFE79EE0FFE70798242106AA012300F04E
:1030900011FB0490049808B1FFE719E09DF818109F
:1030A0000020B0EBD11F01D1FFE711E00798806A43
:1030B00028B1FFE70798816A0A208847FFE7FFE702
:1030C0009DF81400411C8DF814100528DBD3FFE790
:1030D0009DF81400052804D3FFE74FF0FF3004905B
:1030E000FFE76EE09DF81A0040F004008DF81A002A
:1030F000079811210DF11A02012300F08BFB0490B7
:10310000049808B1FFE75CE0FFE707980DF11701AD
:1031100000F0F0FA0490049808B1FFE717E09DF87A
:103120001700C00708B9FFE711E00798806A28B1C7
:10313000FFE70798816A01208847FFE7FFE79DF8CE
:103140001400411C8DF814100528DED3FFE79DF80C
:103150001400052804D3FFE74FF0FF300490FFE789
:103160002FE09DF81A0040F008008DF81A009DF835
:10317000190040F001008DF819000DF115000190C3
:103180000DF11A01FFF7A0FB019801300DF11901B3
:10319000FFF79AFB019A07981121022300F03AFBEE
:1031A00004900EE09DF81A0040F004008DF81A001B
:1031B000079811210DF11A02012300F02BFB049056
:1031C000FFE7FFE7049808B080BD000080B588B035
:1031D00006900591069812210DF10F02022300F0CE
:1031E00069FA029006980B210DF11302012300F0F9
:1031F00061FA0146029808440290029818B1FFE76C
:103200000298079030E00DF112000DF10F010191CD
:10321000FFF75AFB0198411C0DF11100FFF754FB19
:103220009DF8123005990878022202EA930200F014
:10323000FD00104408709DF81130059908780122AE
:1032400022EA931200F0FB0040EA820008709DF829
:103250001300C0F380020599087800F0FE001044C6
:10326000087002980790FFE7079808B080BD00003B
:1032700080B58AB009900891099812210DF11B02BE
:10328000022300F017FA05900598D0BBFFE70DF177
:103290001E0001900DF11B010491FFF715FB04982E
:1032A000411C02910DF11D000390FFF70DFB0199E8
:1032B0000498089A13789DF81E2003F0020302F088
:1032C000F70242EA83028DF81E20089A92F800C0A5
:1032D0009DF81D20012323EA9C0302F0BF0242EA6D
:1032E00083128DF81D20FFF7EFFA02980399FFF77C
:1032F000EBFA049A09981221022300F08BFA059048
:10330000FFE709980B210DF11F02012300F0D2F90C
:1033100001460598084405900598A8B9FFE7089864
:10332000007800F001019DF81F0000F0FB0040EA6A
:1033300081008DF81F0009980B210DF11F02012358
:1033400000F068FA0590FFE705980AB080BD00001C
:1033500080B588B0079006910798102105AA02232E
:1033600000F0A8F904900498002848D1FFE70DF177
:103370001700009005A90391FFF7A6FA0398411CD6
:1033800001910DF116000290FFF79EFA0099039843
:10339000069A13789DF8172003F00F0302F08702B6
:1033A00042EAC3028DF81720069A53789DF8172039
:1033B00003F0070302F0F8021A448DF81720069A6A
:1033C000927802F001039DF8162002F0EF0242EA23
:1033D00003128DF816209DF8162002F0DF028DF8FA
:1033E0001620FFF771FA01980299FFF76DFA039A18
:1033F00007981021022300F00DFA0490FFE70498CB
:1034000008B080BD80B586B00490039104980E2169
:103410000DF10A02012300F04DF90190019848B91D
:10342000FFE7049812210DF10B02012300F042F98D
:103430000190FFE7019818B1FFE70198059039E086
:103440009DF80A3003990878082202EA530200F036
:10345000F700104408709DF80A300399087801229B
:1034600022EA530300F0EF0040EA031008709DF8D1
:103470000A300399087822EA930300F0FD0040EA3D
:10348000430008709DF80AC003990878042303EAF2
:103490005C0300F0FB00184408709DF80B300399A2
:1034A000087822EA530200F0FE00104408700198E8
:1034B0000590FFE7059806B080BD000080B584B098
:1034C0000390029103980E210DF10602012300F0F2
:1034D000F1F800900098C8BBFFE7029801789DF8CA
:1034E0000600012323EA510100F0FB0040EA8100BD
:1034F0008DF80600029801789DF8060001F004019D
:1035000000F0F70040EA41008DF8060002980178CB
:103510009DF8060001F0080100F0EF0040EA4100CC
:103520008DF80600029801789DF8060023EA111133
:1035300000F0FD0040EA41008DF8060003980E21DE
:103540000DF1060200F066F90090FFE7009848B917
:10355000FFE7039812210DF10702012300F0AAF8FA
:103560000090FFE70098A8B9FFE7029801789DF85E
:103570000700012323EA010100F0FD0040EA4100B9
:103580008DF80700039812210DF1070200F042F9AF
:103590000090FFE7009804B080BD000080B586B0C1
:1035A00004900391049813210DF10B02012300F004
:1035B00081F80190019818B1FFE7019805902CE07F
:1035C0009DF80B00C0F340120399087800F0FE004C
:1035D000104408709DF80B200399087802F002024D
:1035E00000F0FD00104408709DF80B0000F001028F
:1035F0000399087800F0FB0040EA820008709DF80B
:103600000B200399087802F0040200F0F70040EA6A
:103610004200087001980590FFE7059806B080BD4C
:1036200080B584B003900291039813210DF1070235
:10363000012300F03FF800900098B8BBFFE7029824
:10364000007800F001019DF8070000F0DF0040EA7B
:1036500041108DF80700029801789DF8070001F0ED
:10366000020100F0FD0008448DF807000298007880
:10367000C0F380019DF8070000F0FE0008448DF8BB
:103680000700029802789DF80700042101EA520120
:1036900000F0FB0008448DF80700039813210DF19A
:1036A0000702012300F0B6F80090FFE7009804B08D
:1036B00080BD000080B586B004908DF80F10029296
:1036C000ADF80630049820B9FFE74FF0FF300590C1
:1036D0000CE00498D0F810C09DF80F10029ABDF8C5
:1036E0000630E047009000980590FFE7059806B087
:1036F00080BD000080B586B004900391049811212C
:103700000DF109020123FFF7D5FF0190019848B997
:10371000FFE7049824210DF10A020123FFF7CAFFF5
:103720000190FFE7019840B9FFE70498272102AA1A
:103730000123FFF7BFFF0190FFE7019848B9FFE7BA
:1037400004980B210DF10B020123FFF7B3FF019049
:10375000FFE7019818B1FFE70198059057E09DF841
:103760000900C0F380020399087800F0FE001044BD
:1037700008709DF80A3003990878022202EA931231
:1037800000F0FD00104408709DF8080000F00102F0
:103790000399087800F0FB0040EA820008709DF869
:1037A00008200399087802F0020200F0F70040EACE
:1037B000820008709DF808200399087802F0100232
:1037C00000F0EF00104408709DF808200399087875
:1037D00002F0200200F0DF00104408709DF809306C
:1037E0000399087801229A4300F0BF0040EA821052
:1037F00008709DF80B006FEA50120399087800F0EA
:103800007F0040EAC210087001980590FFE7059814
:1038100006B080BD80B586B004908DF80F1002927E
:10382000ADF80630049820B9FFE74FF0FF3005905F
:103830000CE00498D0F80CC09DF80F10029ABDF867
:103840000630E047009000980590FFE7059806B025
:1038500080BD000040F23471C2F200010020086017
:1038600040F23871C2F20001088040F66061C2F295
:103870000001086040F6E861C2F20001086040F211
:103880003C61C2F20001086040F2D161C2F2000165
:10389000087040F6F061C2F20001087040F24A710F
:1038A000C2F20001087040F66C51C2F200010880BB
:1038B00040F66461C2F20001086040F20042C2F2C8
:1038C000000245F20001C4F27D41116040F66E51E4
:1038D000C2F20001087040F20C71C2F200010860EF
:1038E00040F2D961C2F20001087040F2D861C2F220
:1038F0000001087040F2D461C2F20001086040F695
:103900006C61C2F20001886148610861C86088602A
:10391000486008607047000080B586B0059004914B
:10392000059828210DF10A02062300F0AFFA019054
:103930009DF80B000499088004990A889DF80A00F4
:1039400040EA022008809DF80D00049948800499FF
:103950004A889DF80C0040EA022048809DF80F003C
:103960000499888004998A889DF80E0040EA022014
:103970008880019806B080BD80B586B0059004911E
:10398000059822210DF10A02062300F07FFA01902A
:103990009DF80B000499088004990A889DF80A0094
:1039A00040EA022008809DF80D000499488004999F
:1039B0004A889DF80C0040EA022048809DF80F00DC
:1039C0000499888004998A889DF80E0040EA0220B4
:1039D0008880019806B080BD80B584B003908DF8D2
:1039E0000B10039812210DF10A02012300F04EFA88
:1039F00001900198A8B9FFE79DF80B109DF80A0007
:103A000001F0010100F0BF0040EA81108DF80A00CA
:103A1000039812210DF10A02012300F00BFB019023
:103A2000FFE7019804B080BD80B584B00390029197
:103A30000398029A0F21012300F028FA01900198BF
:103A400004B080BD81B0ADF80200BDF9020000EE07
:103A5000100AB8EEC00A9FED051A20EE010AB3EE77
:103A6000091A30EE010A01B0704700BF0000803B28
:103A700080B586B0059004910598022100F0E0F928
:103A80000290029848B9FFE705985F210DF10F02F7
:103A9000012300F0FBF90290FFE7029838BBFFE733
:103AA0009DF80F00C0F3C10001460191032814D80E
:103AB0000199DFE801F002060A0E0499002008705F
:103AC0000FE00499012008700BE0049902200870AF
:103AD00007E004990320087003E0049900200870AF
:103AE000FFE70598002100F0ABF90290FFE702988C
:103AF00006B080BD80B584B0039002910398022186
:103B000000F09EF90190019840B9FFE70398029AEE
:103B10004621022300F0BAF90190FFE7019830B97D
:103B2000FFE70398002100F08BF90190FFE701986F
:103B300004B080BD80B586B005908DF813109DF857
:103B400013008DF81200059804A9FFF7D3FF029027
:103B50000298002840F0C580FFE79DF810209DF8EE
:103B60001110019142EA520040EA920040EAD2006C
:103B700040EA121040EA521040EA921000F00100B0
:103B800040EAD21001F001021043C1F34002104399
:103B9000C1F380021043C1F3C0021043C1F300120D
:103BA0001043C1F340121043C1F38012104340EAA6
:103BB000D110C0B2012840F09380FFE705980DF1C5
:103BC0000F01FFF755FF02900298002840F0878010
:103BD000FFE79DF80F0001460091032800F279806D
:103BE0000099DFE801F00210284A9DF8130020B97F
:103BF000FFE701208DF8120004E09DF813008DF816
:103C00001200FFE76AE09DF8130020B9FFE70220E9
:103C10008DF812000EE09DF81300012804D1FFE793
:103C200002208DF8120004E09DF813008DF81200B8
:103C3000FFE7FFE752E09DF8130020B9FFE70320FC
:103C40008DF8120018E09DF81300012804D1FFE759
:103C500003208DF812000EE09DF81300022804D115
:103C6000FFE703208DF8120004E09DF813008DF8A3
:103C70001200FFE7FFE7FFE730E09DF8130020B9EF
:103C8000FFE704208DF8120022E09DF813000128C0
:103C900004D1FFE704208DF8120018E09DF813000E
:103CA000022804D1FFE704208DF812000EE09DF8F1
:103CB0001300032804D1FFE704208DF8120004E06C
:103CC0009DF813008DF81200FFE7FFE7FFE7FFE71D
:103CD00004E09DF813008DF81200FFE7FFE7FFE70F
:103CE000FFE7029848B9FFE7059811210DF10E0290
:103CF000012300F0CBF80290FFE7029898B9FFE7A4
:103D00009DF812109DF80E0000F00F0040EA01101F
:103D10008DF80E00059811210DF10E02012300F01F
:103D200089F90290FFE7029806B080BD80B584B0A3
:103D30000390029103981E210DF10702012300F068
:103D4000A5F800909DF80700C0F3400002990870A4
:103D5000009804B080BD000080B584B003908DF859
:103D60000B10039811210DF10A02012300F08EF8C7
:103D700001900198A8B9FFE79DF80B109DF80A0083
:103D800001F0070100F0F10040EA41008DF80A005F
:103D9000039811210DF10A02012300F04BF9019063
:103DA000FFE7019804B080BD80B584B003908DF822
:103DB0000B10039818210DF10902012300F066F899
:103DC00001900198A8B9FFE79DF80B209DF8090024
:103DD000022101EA921100F0FD0008448DF809006B
:103DE000039818210DF10902012300F023F9019035
:103DF000FFE7019848B9FFE7039862210DF10A0235
:103E0000012300F043F80190FFE70198A8B9FFE70C
:103E10009DF80B0000F003019DF80A0000F0E70098
:103E200040EAC1008DF80A00039862210DF10A02F0
:103E3000012300F0FFF80190FFE7019804B080BD76
:103E400080B584B003908DF80B1003980DF10A0231
:103E50000123194600F01AF80190019898B9FFE77C
:103E60009DF80B109DF80A0000F03F0040EA811019
:103E70008DF80A0003980DF10A020123194600F09B
:103E8000D9F80190FFE7019804B080BD80B586B0F5
:103E900005908DF813100392ADF80A300598D0F80C
:103EA00010C09DF81310039ABDF80A30E047019046
:103EB000019806B080BD000080B584B003900291E7
:103EC000039812210DF107020123FFF7DFFF009095
:103ED0009DF8070000F0010002990870009804B0F6
:103EE00080BD000080B584B003908DF80B1003985E
:103EF00012210DF10A020123FFF7C8FF019001987A
:103F0000A0B9FFE79DF80B109DF80A0001F0010130
:103F100000F0FE0008448DF80A00039812210DF10C
:103F20000A02012300F086F80190FFE7019804B02F
:103F300080BD000080B584B00390029103981E21DB
:103F40000DF107020123FFF7A1FF00909DF8070084
:103F5000C0F3800002990870009804B080BD000092
:103F600080B584B003900291039820210DF10602E0
:103F70000223FFF78BFF00909DF80700029908804D
:103F800002990A889DF8060040EA022008800098FD
:103F900004B080BD80B584B00390029103984021A5
:103FA00001AA0423FFF772FF00909DF80700029911
:103FB000086002990A689DF8060040EA022008603D
:103FC00002990A689DF8050040EA022008600299FB
:103FD0000A689DF8040040EA02200860009804B0D6
:103FE00080BD000080B584B003908DF80B1003985D
:103FF00019210DF10A020123FFF748FF01900198F2
:10400000A8B9FFE79DF80B109DF80A0001F0010127
:1040100000F0DF0040EA41108DF80A0003981921F2
:104020000DF10A02012300F005F80190FFE7019865
:1040300004B080BD80B586B005908DF81310039252
:10404000ADF80A300598D0F80CC09DF81310039A0B
:10405000BDF80A30E0470190019806B080BD00002D
:1040600080B586B005908DF813109DF813008DF87B
:104070001200059804A9FFF73DFD02900298002860
:1040800040F0C580FFE79DF810209DF811100191C8
:1040900042EA520040EA920040EAD20040EA12109E
:1040A00040EA521040EA921000F0010040EAD210BB
:1040B00001F001021043C1F340021043C1F380023A
:1040C0001043C1F3C0021043C1F300121043C1F307
:1040D00040121043C1F38012104340EAD110C0B225
:1040E000012840F09380FFE705980DF10F01FFF7DD
:1040F000BFFC02900298002840F08780FFE79DF8FF
:104100000F0001460091032800F279800099DFE852
:1041100001F00210284A9DF8130020B9FFE70120A2
:104120008DF8120004E09DF813008DF81200FFE7EF
:104130006AE09DF8130020B9FFE702208DF8120015
:104140000EE09DF81300012804D1FFE702208DF84E
:10415000120004E09DF813008DF81200FFE7FFE75E
:1041600052E09DF8130020B9FFE703208DF81200FC
:1041700018E09DF81300012804D1FFE703208DF813
:1041800012000EE09DF81300022804D1FFE703207F
:104190008DF8120004E09DF813008DF81200FFE77F
:1041A000FFE7FFE730E09DF8130020B9FFE70420A8
:1041B0008DF8120022E09DF81300012804D1FFE7DA
:1041C00004208DF8120018E09DF81300022804D195
:1041D000FFE704208DF812000EE09DF8130003287D
:1041E00004D1FFE704208DF8120004E09DF81300CD
:1041F0008DF81200FFE7FFE7FFE7FFE704E09DF817
:1042000013008DF81200FFE7FFE7FFE7FFE70298D2
:1042100048B9FFE7059810210DF10E020123FFF7C1
:1042200035FE0290FFE7029898B9FFE79DF812105B
:104230009DF80E0000F00F0040EA01108DF80E000E
:10424000059810210DF10E020123FFF7F3FE0290F5
:10425000FFE7029806B080BD80B584B003908DF86A
:104260000B10039810210DF10A020123FFF70EFE37
:1042700001900198A8B9FFE79DF80B109DF80A007E
:1042800001F0010100F0FD0040EA41008DF80A0054
:10429000039810210DF10A020123FFF7CBFE0190D4
:1042A000FFE7019804B080BD80B584B0039002910F
:1042B00003981E210DF107020123FFF7E7FD00908F
:1042C0009DF8070000F0010002990870009804B002
:1042D00080BD000080B584B003908DF80B1003986A
:1042E00010210DF10A020123FFF7D0FD0190019882
:1042F000A8B9FFE79DF80B109DF80A0001F0030133
:1043000000F0F30040EA81008DF80A0003981021C4
:104310000DF10A020123FFF78DFE0190FFE70198DE
:1043200004B080BD80B584B003908DF80B10039865
:1043300017210DF10A020123FFF7A8FD0190019852
:1043400058BBFFE79DF80B0000F010019DF80A0034
:1043500000F0FB0040EA91008DF80A009DF80B0088
:1043600000F020019DF80A0000F0EF0040EA510043
:104370008DF80A009DF80B109DF80A0000F01F0050
:1043800040EA41108DF80A00039817210DF10A0246
:104390000123FFF74FFE0190FFE7019804B080BDB5
:1043A00080B582B000200190F1F7D4F9FCF738FE17
:1043B000FBF76CFEFBF738FBFBF71AFBFBF7CAFCBD
:1043C000FBF7A0FAFBF78EFCFBF742FCFBF7B4FA15
:1043D000FBF730FDFBF75CFDFBF7A2FDFBF74AFCAA
:1043E000FBF7F2F9FBF7DAFAFBF7ECFCFBF73AFA2A
:1043F000FCF7D4FC40B1FFE740F68861C2F200014F
:1044000008680130086002E0FDF79CFFFFE7FFE766
:10441000FEE7000080B582B001900198EFF768FFD9
:1044200002B080BD80B582B00090009820B9FFE74F
:104430006FF00100019019E0009801210022EFF7D0
:1044400079FF20B1FFE76FF0050001900EE00098C2
:104450004FF400210022EFF76DFF20B1FFE76FF06E
:104460000500019002E000200190FFE7019802B0F2
:1044700080BD0000B0B58EB00C900C980B900B98DE
:1044800020B9FFE76FF001000D9044E10B98406BFD
:104490000A900B98806B0990FFE70B98C06A402147
:1044A000F0F7C2F9002800F03381FFE70A984021B5
:1044B000EBF734FF0B98D0F81CC00A9A02F14401C4
:1044C00002F14003E04720B1FFE76FF005000D90D7
:1044D00021E10A98406C0790002845D0FFE7079833
:1044E000012800F09180FFE70798022800F0DE80A5
:1044F000FFE70798032800F0F180FFE7079840F2F4
:104500000331884240F00281FFE709983021EBF740
:1045100005FF099905910A9C069420686268A368C2
:10452000D4F80CC0D4F810E065694D61C1F810E012
:10453000C1F80CC08B604A600860A069E269236A18
:10454000D4F824C0D4F828E0E46ACC62C1F828E0AA
:10455000C1F824C00B62CA61886140F6E061C2F212
:10456000000101204871D2E00A98B0F840003028DC
:1045700049D1FFE7F1F7B0F808900998D0F890001A
:1045800040B1FFE708980999D1F89020801AC1F846
:10459000980004E009990020C1F89800FFE7089806
:1045A0000999C1F89000099830303021EBF7B6FE38
:1045B000099903910A9C049420686268A368D4F85E
:1045C0000CC0D4F810E065694D64C1F840E0C1F852
:1045D0003CC08B634A630863A069E269236AD4F82C
:1045E00024C0D4F828E0E46ACC65C1F858E0C1F8EA
:1045F00054C00B65CA64886440F6E061C2F20001F1
:104600000120C870FFE782E00A98B0F84000302827
:104610004BD1FFE7F1F760F808900998D0F89400C3
:1046200040B1FFE708980999D1F89420801AC1F8A1
:104630009C0004E009990020C1F89C00FFE708985D
:104640000999C1F89400099860303021EBF766FEB3
:10465000099901910A9C029420686268A368D4F8C1
:104660000CC0D4F810E065694D67C1F870E0C1F87E
:104670006CC08B664A660866A069E269236AD4F852
:1046800024C0D4F828E0E46AC1F88C40C1F888E07E
:10469000C1F884C0C1F88030CA67886740F6E0611D
:1046A000C2F2000101200871FFE730E00A98B0F87B
:1046B000400050B1FFE70A980078099981F8A000FE
:1046C0000999002081F8A20007E00999002081F8EB
:1046D000A000099981F8A200FFE718E00A98B0F855
:1046E000400050B1FFE70A980078099981F8A100CD
:1046F0000999002081F8A30007E00999002081F8BA
:10470000A100099981F8A300FFE700E0FFE7C4E6F4
:1047100000200D90FFE70D980EB0B0BD80B582B0BF
:104720000090009820B9FFE76FF00100019018E0B9
:10473000009801221146EFF7E1FF20B1FFE76FF08B
:10474000050001900DE0009840210222EFF7D6FF0E
:1047500020B1FFE76FF00500019002E0002001901A
:10476000FFE7019802B080BD80B58AB00890089834
:10477000079000200690059004900390029001900D
:10478000079820B9FFE76FF00100099076E00798DD
:10479000406B4821EBF7C2FD0798806BA421EBF733
:1047A000BDFD0020019002900220039001200490A2
:1047B00040F20330059040F6FF7006900798C06AFB
:1047C00001A9EFF70BFF20B1FFE76FF0050009909B
:1047D00054E001200290002005904FF47060069094
:1047E0000798C06A01A9EFF7F9FE20B1FFE76FF063
:1047F0000500099042E0022002904FF4806005908D
:104800004FF4706006900798C06A01A9EFF7E6FEC2
:1048100020B1FFE76FF0050009902FE00798C06A0C
:10482000694601230B6002221146EFF733FF20B1E6
:10483000FFE76FF00500099020E00798C06AFFF7D6
:104840006DFF20B1FFE76FF00500099016E00798B3
:10485000C06AF0F7A1FC20B1FFE76FF005000990F6
:104860000CE00798C06AFFF7DDFD20B1FFE76FF0AD
:104870000500099002E000200990FFE709980AB0BE
:1048800080BD000080B592B010900F910E920D93F4
:1048900003A82821EBF742FD109802900E98019092
:1048A000029848B1FFE70F9830B1FFE70E9818B1B2
:1048B000FFE70D9820B9FFE76FF0010011901CE0B1
:1048C000019840210091EBF729FD00990298C06AF8
:1048D000019B03AAEFF7C2FF20B1FFE76FF00500CD
:1048E00011900AE00698FDF7FFFF0D9908800398E4
:1048F0000F99086000201190FFE7119812B080BD59
:1049000080B592B010900F910E92ADF8363004A899
:104910002421EBF703FD109803900E980290039862
:1049200090B1FFE70E9820B9FFE7BDF8360058B9FF
:10493000FFE70F990020B0EBD12F05D1FFE7BDF8BD
:104940003600412804D3FFE76FF0010011902BE0FF
:104950009DF83600FEF734F901900198013020B936
:10496000FFE76FF0010011901EE00F980490002007
:10497000059006900199079108904FF480110991D4
:104980004FF400110A910B900C900398C06A029AA0
:1049900004A9EFF7D5FD20B1FFE76FF005001190F6
:1049A00002E000201190FFE7119812B080BD0000D6
:1049B00080B584B00390039802900298406B0190F8
:1049C0000198426A694690479DF8000004B080BD96
:1049D00080B586B004900391049802900298C06A52
:1049E0000190019818B1FFE7039820B9FFE76FF035
:1049F0000100059009E001980299098EF0F73EFE4A
:104A00000399086000200590FFE7059806B080BD77
:104A100080B58AB0099008910792ADF81A300898CD
:104A20008DF81900079805909DF8190040F0800056
:104A30008DF81900099804900498406B039003982E
:104A4000026A0021029190470498C06A0DF1190191
:104A5000012201924FF47A730093F7F74FFC009B09
:104A60000498C06A0599BDF81A20F7F76FF9019903
:104A70000398026A904702980AB080BD80B58AB058
:104A800084460C98CDF824C00891ADF81E200693FA
:104A9000ADF8160000210491099803900398406B2B
:104AA00002900298026A9047BDF81E0078B1FFE7B5
:104AB0000398C06A0899BDF81E204FF47A73F7F77F
:104AC0001DFC20B1FFE76FF005000490FFE704989C
:104AD00078BBFFE7BDF8160058B3FFE7FF208DF85D
:104AE00007000020ADF80400FFE7BDF80400BDF8A2
:104AF000161088421CDAFFE70398C06A0699BDF8D1
:104B000004200A446B464FF47A7119600DF10701D5
:104B10000123F7F753FE20B1FFE76FF00500049083
:104B200006E0FFE7BDF804000130ADF80400DCE763
:104B3000FFE70298026A0121904704980AB080BDFD
:104B400080B586B004900391049802900298C06AE0
:104B50000190019820B9FFE76FF0010005900FE088
:104B60000398002818BF01208DF8030001980299CE
:104B7000098E9DF80320F0F799FD00200590FFE7CE
:104B8000059806B080BD000080B58AB009900891F4
:104B90000792ADF81A3008988DF81900079805901B
:104BA000099804900498406B03900398026A0021CE
:104BB000029190470498C06A0DF1190101220192F7
:104BC0004FF47A730093F7F799FB009B0498C06A3F
:104BD0000599BDF81A20F7F791FB01990398026A2D
:104BE000904702980AB080BD80B588B006900591C4
:104BF0000492ADF80E300698029004980190029845
:104C000038B1FFE7049820B1FFE7BDF80E0020B9E6
:104C1000FFE76FF00100079011E00298C06A019968
:104C2000BDF80E204FF0FF33F9F74AFB20B1FFE744
:104C30006FF00500079002E000200790FFE707985B
:104C400008B080BD80B588B084460A98CDF81CC0F5
:104C50000691ADF816200493ADF80E0000210291E4
:104C6000079801900198406B00900098026A904765
:104C7000BDF8160078B1FFE70198C06A0699BDF843
:104C800016204FF47A73F7F739FB20B1FFE76FF086
:104C900005000290FFE7029898B9FFE7BDF80E0003
:104CA00078B1FFE70198C06A0499BDF80E204FF46F
:104CB0007A73F7F723FB20B1FFE76FF0050002904E
:104CC000FFE70098026A01219047029808B080BD72
:104CD00083B00190019820B9FFE700208DF80B0008
:104CE0005BE040F66860C2F20000006868B9FFE768
:104CF000019840F66861C2F2000108600199002045
:104D0000486201208DF80B0047E0019890F82000E0
:104D100040F66861C2F20001096891F820108842EB
:104D20000DDAFFE740F66861C2F200010868019AF7
:104D300050620198086001208DF80B002DE040F6CC
:104D40006860C2F2000000680090FFE70098406AC7
:104D5000C8B1FFE7019890F820000099496A91F8DE
:104D6000201088420BDAFFE70098406A01994862F8
:104D700001980099486201208DF80B000DE0009821
:104D8000406A0090E2E7019800994862019900208A
:104D9000486201208DF80B00FFE79DF80B0003B07F
:104DA0007047000082B000208DF80300FFE79DF8F7
:104DB0000300132821D8FFE79DF8030000EB400112
:104DC00040F6F860C2F2000000EB011090F82100FC
:104DD00060B9FFE79DF8030000EB400140F6F86082
:104DE000C2F2000000EB0110019009E0FFE79DF81E
:104DF000030001308DF80300D9E700200190FFE7A0
:104E0000019802B07047000010B584B08C46864609
:104E100007980699CDF80CE0CDF808C00192ADF8DE
:104E200002308DF801108DF8000002980399086097
:104E3000BDF80200039988829DF80100039981F86A
:104E40002000EDF7EBFE0146039A0020D06191614E
:104E5000039988629DF80000039981F82100019868
:104E600070B1FFE70198007850B1FFE70398043074
:104E700001990F22EBF75DFA03990020C87408E04E
:104E80000398043046F23B31C0F60101EBF75DFABE
:104E9000FFE703990020486204B010BD82B0ADF86E
:104EA0000600ADF80410ADF80220BDF8060080053C
:104EB000BDF804106FF39F2140EA0130BDF80210E5
:104EC0006FF31F31084402B07047000080B582B014
:104ED00040F2C430C2F20000FFF76AFD20B1FFE7E4
:104EE00000208DF8070003E001208DF80700FFE7A0
:104EF0009DF8070002B080BD80B584B08DF80B002E
:104F00008DF80A109DF80A0020B9FFE76FF0010044
:104F1000039021E040F26570C2F2000001907E2112
:104F2000017005214170412181709DF80B10C17005
:104F30009DF80A100171417890F802C0C378027997
:104F400081EA0C01594051404171EF2181710721E3
:104F500000F006F80390FFE7039804B080BD00005E
:104F600080B584B00290ADF8061040F2C430C2F2B1
:104F70000000C06818B1FFE7029820B9FFE76FF0A2
:104F8000010003900CE040F2C430C2F20000D0F8FF
:104F90000CC0029ABDF806300021E0470390FFE7FD
:104FA000039804B080BD000080B586B08DF8130072
:104FB00003910F208DF80A009DF813008DF80B0067
:104FC000039820B9FFE74FF0FF30059016E040F25C
:104FD0008830C2F20000D0F818C0039B6A46012155
:104FE00011600DF10A010222E04720B1FFE74FF006
:104FF000FF30059002E000200590FFE7059806B01D
:1050000080BD000080B584B0029000208DF80700BC
:105010000090FFE70098C0087C2827D8FFE7C02051
:105020000DF10701FFF7C0FF20B1FFE74FF0FF30A0
:1050300003901FE09DF80700C00758B9FFE70298EA
:1050400028B1FFE79DF8070002990870FFE70020EC
:1050500003900FE040F28830C2F20000816A012024
:105060008847FFE7009801300090D3E74FF0FF300A
:105070000390FFE7039804B080BD000080B584B0C2
:1050800006208DF80B0000238DF80A3040F288309E
:10509000C2F20000D0F814C069460B600DF10B019C
:1050A0000122E04720B1FFE74FF0FF3003902AE0F4
:1050B00000208DF80900FFE79DF8090002281ED89E
:1050C000FFE740F28830C2F20000816A0120884781
:1050D000C0200DF10A01FFF767FF48B9FFE79DF80F
:1050E0000A008007002803D5FFE7002003900AE0AC
:1050F000FFE79DF8090001308DF80900DCE74FF06B
:10510000FF300390FFE7039804B080BD80B584B002
:105110008DF80B008DF80A101F208DF808009DF8FF
:105120000B008DF8090040F28830C2F20000D0F880
:1051300014C06A460121116002A902220DF10A037E
:10514000E04720B1FFE74FF0FF30039002E000207E
:105150000390FFE7039804B080BD4100080218BF28
:1051600004200A0E18BF40F001004FF07F4232EADF
:10517000010108BF40F00200012808BF0520704768
:1051800010B54FF00E402DED028BB0EE408A18EEB8
:10519000104A00EB4400B0F1506F4AD84FF0FC4089
:1051A000B0EB440F22D2B0EEC80AF7EE000A30EEA0
:1051B000C00AF6EE000A60EE208A18EE900A00F0AF
:1051C00073FF01EE100A14F0004F1DBFDFED2D0A32
:1051D0009FED2D0AB1EE411ADFED2C0A08BF9FEDBD
:1051E0002C0AF8EE001A21EE218A05E0DFED290AEB
:1051F00068EE088AB0EE600A9FED271ADFED271AE5
:1052000030EE080A48EE811A9FED251A08EEA11A21
:10521000DFED241A48EE811A9FED231A08EEA11A39
:1052200068EE281ABDEC028B01EE810A30EE200AEE
:1052300010BD4FF0E440B0EB440F0CD918EE100A4B
:10524000FFF78BFF042808BF00F066FEB0EE480AA7
:10525000BDEC028B10BD4FF07F40B0EB440F07D286
:10526000B0EE480ABDEC028BBDE8104000F03EBE37
:10527000012000F013FFBDEC028BBDE8104000F0F0
:105280003BBE00000000C9BF22AAFDB90000C93F13
:1052900022AAFD390000000024FE1C3DC78AD83C2C
:1052A0001E67383D1B93993DAFAA2A3E70B54FF05B
:1052B00068422DED048BF0EE408A18EE900AB0EEB5
:1052C000608A18EE101A02EB4003B3F1654F3CBF41
:1052D00002EB4102B2F1654F7DD200BFC0F3C7536C
:1052E000C1F3C7529A1A1B2A09DD10F0004F14BFF0
:1052F0009FED830A9FED830ABDEC048B70BD12F114
:105300001A0F36DA11F0004F09D010F0004F0CBF21
:105310009FED7D0A9FED7D0ABDEC048B70BD88EE8C
:10532000889A19EE100AFFF718FF042808BF00F04A
:10533000F3FD18EE900AFFF710FF054618EE100A6D
:10534000FFF70BFF044619EE100AFFF706FF042DC6
:1053500018BF052D08D1042C18BF052C04D1002836
:1053600004BF022000F09AFEB0EE490ABDEC048BA7
:1053700070BD4200B2EB410F3AD910F0004F19BF97
:10538000DFED630A9FED630ADFED630A9FED630AB9
:10539000B0EE481A0A46B1EE688A80F00041F0EE9D
:1053A000418A10460A1A5200B2F1807F34D2484036
:1053B00010F0004FDFED5A1A9FED5A2A1DBFBEEEC6
:1053C000001A70EEE10A30EE420AB6EE001A08BF8B
:1053D00070EEA10A00E040E008BF30EE020AB0EE35
:1053E000682A01EE482A08EE818AC2EE081A15E002
:1053F00011F0004F04BF9FED4C0AF0EE400AD1D0EF
:1054000010F0004F19BFDFED490A9FED490ADFEDAB
:10541000490A9FED490AC5E7C8EE881A21EEA11A8C
:105420009FED462ADFED462A41EE022A9FED452AEE
:1054300001EE222ADFED442A41EE022A9FED432AA3
:10544000BDEC048B01EE222A21EE811A01EE020A44
:1054500030EE210A30EE200A70BD4FF07F42B2EBF1
:10546000400F28BFB2EB410F09D2F0EE480AB0EE70
:10547000680ABDEC048BBDE8704000F03ABD40EA1C
:1054800001035B0008BF41F0FF410BD0B2EB400FBE
:1054900008BFB2EB410F08D120F0804008EE900A1F
:1054A00021F0804108EE101A18E7B2EB400F12BF4E
:1054B0005FEA410340F0FF4001F000413FF40EAFCE
:1054C000B2EB410F12BF5FEA400200F0004041F032
:1054D000FF413FF403AF4A0092EA40033FF5FEAEBE
:1054E000002AACBF9FED1A0A9FED1A0A68EE808A67
:1054F00028EE008A18EE900A18EE101AEEE6000068
:10550000DB0FC9BFDB0FC93FDB0F4940DB0F49C0D1
:105510000000C9BF22AAFDB90000C93F22AAFD3977
:105520000060ED3EC30ACE3700000000000049C015
:1055300022AA7DBA0000494022AA7D3A2DAD65BD60
:105540008FB8D53D0FB511BE61C84C3EA8AAAABE02
:105550000000804F0000802F10EE101A08B5444A5A
:105560006846B2EB410F28D94FF0E640B0EB410F4F
:1055700094BF00204FF0FF3000900098002861DBBE
:1055800060EE000A10F0010F45D010F0020FDFEDC1
:10559000391A9FED391A00EEA11ADFED381A40EEE4
:1055A000811A21EEA01AF0EE400A40EE010A08BF6F
:1055B000F1EE600AB0EE600A08BD314B21F0004206
:1055C00093423CD911F0004FDFED2E0A20EE201A55
:1055D000DFED2D0A19BF31EE601A71EE200A31EEAF
:1055E000201A71EE600ABDEEE01A11EE100A9FED6E
:1055F000271A00F0030000EEC10A9FED251A009063
:1056000000EEC10A9FED231A00EEC10A9FED221A97
:1056100000EEC10AB1E79FED211A9FED210A10F0BB
:10562000020F00EE810A9FED1F1A00EE801AB7EEFE
:10563000000A00EE810A18BFB1EE400A08BD00F072
:1056400073FC9AE710EE100A4000B0F17F4F3CBFA8
:10565000B7EE000A08BD07D14FF0010000F01EFDB3
:10566000BDE8084000F048BCBDE8084000F03EBC82
:10567000B61F927E336D4CB9DA82083CA0AA2ABECE
:10568000490E494683F9223F0000004B0000C93F04
:1056900000A0FD390020A2331A61342CB93AB2BA05
:1056A000CA9F2A3DDDFFFFBE10B510EE100A2DED9A
:1056B000068BB7EE001A10EE901AB0EE418A002267
:1056C000A0F5000CDFEDFE9A4FF00073BCF1FE4F29
:1056D0004FF07F4403EB410C80F0B481BCF1804F6C
:1056E000C0F02082F74901449FEDF73AB1F5005F21
:1056F00040F2D48200F58021CB0C03F00F0101EEC3
:10570000901AC3F307137F3BA0EBC350B8EEE12A16
:1057100000EE100A1A44DFEDED2AF0EE411A42EED7
:10572000221AF0EE613A70EE232A30EE632A12EE6E
:10573000900A00F500606FF30B0001EE900A73EE23
:10574000E13A33EE804AC1EE223A22EE230A10EE0D
:10575000100A00F500606FF30B0000EE100A00EE77
:10576000612A00EE442A62EE232A70EE221A21EE0C
:10577000A12ADFEDD73A02EE233A23EE023A20EED9
:10578000012A22EE811A03EE211A32EE010A10EEEE
:10579000100A00F500606FF30B0000EE100A72EEC5
:1057A000401A31EE812A9FEDCB1A60EE011A9FED6F
:1057B000CA1A20EE011A9FEDC90A02EE001A31EE54
:1057C000810A10EE100A00F500606FF30B0000EE86
:1057D000100AC34871EEC01A31EE812A784400EBFA
:1057E000C10090ED003AD0ED011A100101EE100A4F
:1057F000F8EEC12A32EE211A31EE001A31EE031A08
:1058000031EE221A11EE100A00F500606FF30B0062
:1058100009EE100A39EE621A31EE431A31EE400AEF
:1058200030EE610A32EE40AA10EE900A002100F537
:1058300000606FF30B0008EE900A084670EEE8AACD
:10584000EAF7ABFD29EE280A00F00C01F0EEC00AE1
:1058500010EE900AB0F18B4F0DDD10EE900AB4EB14
:10586000400F08D310EE100A4FF08B4262F31E0077
:1058700008EE900A13E069EE2A0A38EEAA1A4AEEF8
:10588000010A30EE201A11EE100A00F500606FF3E5
:105890000B0008EE900A30EE680A70EE209A0C2099
:1058A000EAF77BFD38EEA90AB5EEC00AF1EE10FA70
:1058B00034BFFEEE000AF6EE000A30EE800ABDEEBE
:1058C000C00A10EE100A011100EE101AF8EEC00A1C
:1058D00000EE100AB8EEC00A38EEC00A30EE290A0F
:1058E000DFED801A9FED801A00EE211ADFED7F1A9E
:1058F0007F4900F00F0040EE011A21EE800A794442
:1059000001EB800191ED001A7A49794401EB8001A5
:10591000D1ED001A784901EE801A794401EB80003C
:10592000764990ED000A31EE001AB0EEE00A10EE72
:10593000100A884215DA10EE100AB4EB400F10D3AB
:105940009FED6F0A30EE800ADFED6E0A20EE200A2E
:1059500068EE010ABDEC068BBCEEC00A20EE200A00
:1059600010BD10EE100A6849884243DA10EE100AA2
:10597000B4EB400F3ED3BDEEE00A68EE010A10EE34
:10598000100A00EBD0725110C90501F17E5100EEF2
:10599000101AA0EB6200C00560EE200A00F17E50F4
:1059A00000EE100A60EE808A18EE900AB4EB400F09
:1059B0000FD1022000F072FB00F0A6FA10EE101AD0
:1059C00018EE100ABDEC068B61F31E0000EE100A03
:1059D00010BD18EE900A400011D018EE900AFFF7A3
:1059E000BCFB042808BF00F097FAB0EE680ABDECD3
:1059F000068B10BDF5EEC00AF1EE10FA0FD20220B0
:105A000000F04CFB00F088FA10EE101A18EE100AA5
:105A1000BDEC068B61F31E0000EE100A10BD0220E3
:105A200000F03CFB00F070FA10EE101AB0EE480ADD
:105A300010EE100ABDEC068B61F31E0000EE100A9A
:105A400010BD00BFBCF1804F6CD300BF00F1FF431D
:105A5000B3F1FE4F24D200BFB0EEC00A10EE100A20
:105A6000C1F3C7537F2B0DDB972BBFF63BAEC3F1C2
:105A700096034FF0010C0CFA03F3A3F1010C1CEA9E
:105A8000010F08D0012000F009FBBDEC068BBDE83A
:105A9000104000F031BA0B4218BFBFEE008A21E679
:105AA00043001CBF4FF08073B3EB400F34D96FF04D
:105AB0001A02DFED161A20EE210A10EE100A27E076
:105AC00000000000001080C0ABAAAA3E0000803D8C
:105AD0007EE24C3E00B03842D49AB8BB3BAA384272
:105AE00008090000FC596337C9FF753A1872313D47
:105AF000A6080000DA0800004A0800000000FC4286
:105B00000000FE420000004B000040430000004D3A
:105B100010F0004FA0D1E5E5A0F50003B3F1FE4F72
:105B200021D2DFE503EB4103B3F1007F11D3F5EEA2
:105B3000C00AF1EE10FA05D1430018BFB4EB400FD4
:105B400076D883E701F0004141F0FC5100EE901A55
:105B50007CE7B3F1807F06D210EE903AA3F5000304
:105B600000EE903A72E720F000426FF0FF4C604C7C
:105B700002EB0C03A34210D321F000439C44A44544
:105B80000BD3B0F17E5F18BF5FEA410C50D0B2F189
:105B9000FF4F98BFB3F1FF4F05D9BDEC068BBDE8B1
:105BA000104000F0A6B9B0F1FF4F0FD0C1F3C752BB
:105BB0007F2A09DB972A11DAC2F19602012303FA40
:105BC00002F2531E0B4205D0002208E011F0004FF4
:105BD00055D128E00A4218BF012200D1022210F557
:105BE000000F13D028B3B0F1004F26D010F1814F31
:105BF0004FD04FF0FE42B2EB400F94BF0120002087
:105C0000012202EBE171884239D10CE011F0004F22
:105C100002D0012A38D032E0012A02BF9FED350AB6
:105C2000BDEC068B10BD9FED340ABDEC068B10BD9C
:105C30002FE011F0004F0CD121E0B1F1FF4F1ED049
:105C400011F5000F05D011F0004F15D00AB1012A4F
:105C500008D0022000F022FABDEC068BBDE810400F
:105C600000F03AB9022000F019FA00F035F9BDEC65
:105C7000068BB1EE400A10BD0AB1012A04D0B0EE85
:105C8000690ABDEC068B10BDBDEC068B9FED1B0AAF
:105C900010BDBDEC068BB7EE000A10BD30EE410A18
:105CA000B5EE001A9FED172A00EE413AB6EE001A43
:105CB00060EE001A00EE431A61EEC11A9FED101A51
:105CC00020EE011A20EE020A9FED0F2A01EE820A51
:105CD00071EE001A11EE900A00F500606FF30B00F0
:105CE00009EE100A31EE491A31EE00AA9CE50000D7
:105CF000FFFF3F00000080FF0000807F0000008069
:105D000000B0B841D49A38BB3BAAB84100B510EEF8
:105D1000101A2DED028B81B0524A6846B2EB410F4A
:105D20002ED94FF0E640B0EB410F94BF00204FF06A
:105D3000FF3000900098B0EE408A00286ADB10F037
:105D4000010F4BD068EE080A9FED471A9FED470AF6
:105D500000EE810A9FED461A10F0020F00EE801A45
:105D6000B7EE000A00EE810A02BF01B0BDEC028B63
:105D700000BD00BF01B0B1EE400ABDEC028B00BD1A
:105D80003C4B21F00042934241D911F0004FDFED2E
:105D90003A0A20EE201ADFED390A19BF31EE601AF7
:105DA00071EE200A31EE201A71EE600ABDEEE01AA3
:105DB00011EE100A9FED321A00F0030000EEC10A46
:105DC0009FED301A009000EEC10A9FED2F1A00EEF1
:105DD000C10A9FED2E1A00EEC10AABE728EE080AB1
:105DE0009FED2B1ADFED2B0A10F0020F40EE010A97
:105DF0009FED291A00EE201A61EE000AB0EE480A63
:105E000008EE200AB6D101B0BDEC028B00BD00F057
:105E10008BF88FE718EE100A4000B0F17F4F0DD2DB
:105E200018EE100AFFF799F9042808BF00F074F87B
:105E3000B0EE480A01B0BDEC028B00BD09D10120D3
:105E400000F02CF901B0BDEC028B5DF804EB00F022
:105E500053B801B0B0EE480ABDEC028B5DF804EB1C
:105E600000F044B8B61F927EB93AB2BACA9F2A3D32
:105E7000DDFFFFBE490E494683F9223F0000004B7B
:105E80000000C93F00A0FD390020A2331A61342C64
:105E9000336D4CB9DA82083CA0AA2ABE10B52DEDAC
:105EA000028BB1EEC08A18EE100A20F00040C0F15B
:105EB000FF40C00F0AD010EE100A20F00040C0F1E1
:105EC000FF40C00F04BF012000F0E8F8B0EE480A20
:105ED000BDEC028B10BD0000DFED030AB7EE001A27
:105EE00081EE200A704700000000000030EE000A3A
:105EF000704730EE200A7047DFED020A80EEA00AFC
:105F000070470000000000009FED020A20EE000A2A
:105F100070470000000000709FED020A20EE000AAA
:105F200070470000000000102DE9F0014FF07F42A3
:105F3000B2EB410F9FBF4FF0FF310160BDE8F001B0
:105F400070474FF0004242EA0123C1F3C752783A4A
:105F5000551112F01F0C434CCCF120067C44C1F3C8
:105F6000C752A2F178024FEA621204EB820254F89F
:105F7000254008BFD2E9015612D0556804FA0CF446
:105F800025FA06F73C43976805FA0CF527FA06F858
:105F9000D26807FA0CFCF24045EA08054CEA020612
:105FA000A4FB034CA5FB0352A6FB03631D449D42C7
:105FB00034BF012600261319334416B1934202D987
:105FC00003E0934201D2012200E00022624402F188
:105FD000200C9206DC0C42EA443200EE102A5B03ED
:105FE000DFED210AF8EEC01A00EE103A4FEA9C1CD1
:105FF00011F0004FB8EE400AC0F800C020EE201AA1
:1060000000EE105ADFED190AB8EE400A20EE200A21
:1060100071EE810A70EE800A10EE902A02F500629D
:106020006FF30B0200EE902A70EEE11A31EEC11A06
:10603000DFED101A30EE411A9FED0D0A20EE800AB6
:1060400001EE210A9FED0C1A00EE810A04BFBDE8A3
:10605000F0017047CCF180510160BDE8F001B1EE74
:10606000400A7047C8020000000000360000802C83
:1060700022AAFD29DB0FC92F0000C92F02E008C8A2
:10608000121F08C1002AFAD170477047002001E0B2
:1060900001C1121F002AFBD17047000001490860AE
:1060A000704700000000002010B500EE100A2DED32
:1060B000028BB1EEC08A18EE100A20F00040C0F149
:1060C000FF40C00F0AD010EE100A20F00040C0F1CF
:1060D000FF40C00F04BF0120FFF7E0FF18EE100AD9
:1060E000BDEC028B10BD00000000000000000000AD
:1060F0000000B33FB2BE7D3A00002E40DFCF5138E2
:1061000000007E40BF51FABA00E0A44019DAC3BAD9
:1061100000E0C840C2ED8AB90040EB40CD1F2CBA68
:10612000001006412AFFFABA00C01541DFCFD1376F
:1061300000D024419A97703A0050334189478E36F7
:1061400000404141E75B9D3800B04E41C00A98B91C
:1061500000A05B41558F943A00306841DA92C0BA92
:106160000040744162B3C63A0000803F00A0853F02
:1061700000908B3F00C0913F0030983F00F09E3F61
:1061800000F0A53F0050AD3F0000B53F0000BD3F0F
:106190000060C53F0020CE3F0040D73F00C0E03F39
:1061A00000C0EA3F0020F53F000000007D36AC391A
:1061B0007D3C3839EBDCF438320A7E39124C263912
:1061C0009B6AED39A4EE83397F661E39F6398A3928
:1061D0002B426539A48211395B991F39C3EECD3941
:1061E000DDE7C637A5A22F390000803FC3AA853F4F
:1061F000C2958B3FD3C3913FF037983F32F59E3F16
:10620000D7FEA53F3F58AD3FF304B53FA408BD3FBF
:106210002A67C53F8C24CE3FFD44D73FDFCCE03F0B
:10622000C7C0EA3F7D25F53F000000006E83F9A25C
:106230002915444ED15727FCC0DD34F5999562DB12
:106240004190433CAB6351FE0000000000000000A1
:10625000010203040607080900000000010203040C
:106260000001020304050607080C10141820304032
:10627000000000000000003F000000000000B442E9
:106280000000B442000000000000803F0000000059
:106290000000000000000000000080BF00000000BF
:1062A0000000000000000000000080BF00000000AF
:1062B000000080BF0000000000000000000000009F
:1062C000000080BF0000803F0000000000000000D0
:1062D0000804020408010101010101030701000093
:1062E000010002000400060008000A000C00100073
:1062F0002000400080000001000000000000003F7E
:106300000000FA440000204100000000F4010000F9
:10631000494D55444154413200494D554441544141
:10632000004C454400464443414E00494D5555708C
:106330006461746100566F69636500556E6E616DCE
:1063400065645461736B004261726F6D6574657250
:10635000004C6F77506F7765720000008063010812
:106360000000002010040000D00300086064010851
:1063700010040020A84E00008C60010800000000FE
:10638000410D126F12833A0411042690D003C3808A
:106390003F28090AD723BDCDCC4CBD441808A245DF
:1063A000763F85EB81204F803F010201012C49049B
:1063B000400969470108754401084B01490881CB30
:1063C00085481013F008422013180E4C20700D0C55
:1063D000011C6E414B0108D15414100242022A40A4
:1063E000F93C0A35803C052B04024204B93C0D36C9
:1063F000080242103C19781109293DB93C110939AC
:10640000F05C100242450933B40937F01A08B402AF
:1064100016011A89286B114ADCE117154401084856
:106420000A42204BA80108092A3C5AD83C0A31E408
:106430003C4B680B340B1020023C81DE454C0108BC
:106440007D44293C4BB809340A116C781AE978016B
:106450001C4BD80C346A987835507D44017210007A
:040000050800024DA0
:00000001FF
